transaction_id,bank_account,date,amount_minor,amount,currency,counterparty,reference,description,period
TXN-HIST-2025-10-0001,BANK-OPERATING,2025-10-01,94100,941.0,USD,Acme Supplies LLC,HIST-0001,IN Acme Supplies LLC,2025-10
TXN-HIST-2025-10-0002,BANK-OPERATING,2025-10-01,-98200,-982.0,USD,Amazon Web Services,HIST-0002,OUT Amazon Web Services,2025-10
TXN-HIST-2025-10-0003,BANK-OPERATING,2025-10-01,-102300,-1023.0,USD,Office Depot,HIST-0003,OUT Office Depot,2025-10
TXN-HIST-2025-10-0004,BANK-PAYROLL,2025-10-01,-106400,-1064.0,USD,Datadog,HIST-0004,OUT Datadog,2025-10
TXN-HIST-2025-10-0005,BANK-OPERATING,2025-10-01,-110500,-1105.0,USD,Figma,HIST-0005,OUT Figma,2025-10
TXN-HIST-2025-10-0006,BANK-OPERATING,2025-10-01,-114600,-1146.0,USD,Hartford Insurance,HIST-0006,OUT Hartford Insurance,2025-10
TXN-HIST-2025-10-0007,BANK-OPERATING,2025-10-01,-118700,-1187.0,USD,Cambridge Properties,HIST-0007,OUT Cambridge Properties,2025-10
TXN-HIST-2025-10-0008,BANK-OPERATING,2025-10-02,122800,1228.0,USD,Slack Technologies,HIST-0008,IN Slack Technologies,2025-10
TXN-HIST-2025-10-0009,BANK-OPERATING,2025-10-02,-126900,-1269.0,USD,Google Cloud,HIST-0009,OUT Google Cloud,2025-10
TXN-HIST-2025-10-0010,BANK-OPERATING,2025-10-02,-131000,-1310.0,USD,Orbit Analytics,HIST-0010,OUT Orbit Analytics,2025-10
TXN-HIST-2025-10-0011,BANK-PAYROLL,2025-10-02,-135100,-1351.0,USD,Dell Technologies,HIST-0011,OUT Dell Technologies,2025-10
TXN-HIST-2025-10-0012,BANK-OPERATING,2025-10-02,-139200,-1392.0,USD,Lindholm & Ruiz LLP,HIST-0012,OUT Lindholm & Ruiz LLP,2025-10
TXN-HIST-2025-10-0013,BANK-OPERATING,2025-10-02,-143300,-1433.0,USD,Shadow Vendor LLC,HIST-0013,OUT Shadow Vendor LLC,2025-10
TXN-HIST-2025-10-0014,BANK-OPERATING,2025-10-02,-147400,-1474.0,USD,Lenovo,HIST-0014,OUT Lenovo,2025-10
TXN-HIST-2025-10-0015,BANK-OPERATING,2025-10-03,151500,1515.0,USD,Harbor Electric,HIST-0015,IN Harbor Electric,2025-10
TXN-HIST-2025-10-0016,BANK-OPERATING,2025-10-03,-155600,-1556.0,USD,GitHub,HIST-0016,OUT GitHub,2025-10
TXN-HIST-2025-10-0017,BANK-OPERATING,2025-10-03,-159700,-1597.0,USD,Freightline Logistics,HIST-0017,OUT Freightline Logistics,2025-10
TXN-HIST-2025-10-0018,BANK-PAYROLL,2025-10-03,-163800,-1638.0,USD,Misc Supplies,HIST-0018,OUT Misc Supplies,2025-10
TXN-HIST-2025-10-0019,BANK-OPERATING,2025-10-03,-167900,-1679.0,USD,Notion Labs,HIST-0019,OUT Notion Labs,2025-10
TXN-HIST-2025-10-0020,BANK-OPERATING,2025-10-03,-172000,-1720.0,USD,Okta,HIST-0020,OUT Okta,2025-10
TXN-HIST-2025-10-0021,BANK-OPERATING,2025-10-03,-176100,-1761.0,USD,Zoom Video,HIST-0021,OUT Zoom Video,2025-10
TXN-HIST-2025-10-0022,BANK-OPERATING,2025-10-04,180200,1802.0,USD,Twilio,HIST-0022,IN Twilio,2025-10
TXN-HIST-2025-10-0023,BANK-OPERATING,2025-10-04,-184300,-1843.0,USD,Snowflake,HIST-0023,OUT Snowflake,2025-10
TXN-HIST-2025-10-0024,BANK-OPERATING,2025-10-04,-188400,-1884.0,USD,CrowdStrike,HIST-0024,OUT CrowdStrike,2025-10
TXN-HIST-2025-10-0025,BANK-PAYROLL,2025-10-04,-192500,-1925.0,USD,Atlassian,HIST-0025,OUT Atlassian,2025-10
TXN-HIST-2025-10-0026,BANK-OPERATING,2025-10-04,-196600,-1966.0,USD,Northline Fab Group,HIST-0026,OUT Northline Fab Group,2025-10
TXN-HIST-2025-10-0027,BANK-OPERATING,2025-10-04,-200700,-2007.0,USD,Harbor Power & Light,HIST-0027,OUT Harbor Power & Light,2025-10
TXN-HIST-2025-10-0028,BANK-OPERATING,2025-10-04,-204800,-2048.0,USD,FedEx,HIST-0028,OUT FedEx,2025-10
TXN-HIST-2025-10-0029,BANK-OPERATING,2025-10-05,208900,2089.0,USD,Cloudflare,HIST-0029,IN Cloudflare,2025-10
TXN-HIST-2025-10-0030,BANK-OPERATING,2025-10-05,-213000,-2130.0,USD,Helios Hardware Supply,HIST-0030,OUT Helios Hardware Supply,2025-10
TXN-HIST-2025-10-0031,BANK-OPERATING,2025-10-05,-217100,-2171.0,USD,Staples Business Advantage,HIST-0031,OUT Staples Business Advantage,2025-10
TXN-HIST-2025-10-0032,BANK-PAYROLL,2025-10-05,-221200,-2212.0,USD,ADP,HIST-0032,OUT ADP,2025-10
TXN-HIST-2025-10-0033,BANK-OPERATING,2025-10-05,-225300,-2253.0,USD,Comcast Business,HIST-0033,OUT Comcast Business,2025-10
TXN-HIST-2025-10-0034,BANK-OPERATING,2025-10-05,-229400,-2294.0,USD,CleanRoom Janitorial,HIST-0034,OUT CleanRoom Janitorial,2025-10
TXN-HIST-2025-10-0035,BANK-OPERATING,2025-10-05,-233500,-2335.0,USD,HubSpot,HIST-0035,OUT HubSpot,2025-10
TXN-HIST-2025-10-0036,BANK-OPERATING,2025-10-06,237600,2376.0,USD,WeWork Cambridge,HIST-0036,IN WeWork Cambridge,2025-10
TXN-HIST-2025-10-0037,BANK-OPERATING,2025-10-06,-241700,-2417.0,USD,Pagaya Coffee Service,HIST-0037,OUT Pagaya Coffee Service,2025-10
TXN-HIST-2025-10-0038,BANK-OPERATING,2025-10-06,-245800,-2458.0,USD,Kendall Square Parking,HIST-0038,OUT Kendall Square Parking,2025-10
TXN-HIST-2025-10-0039,BANK-PAYROLL,2025-10-06,-249900,-2499.0,USD,Stripe Processing,HIST-0039,OUT Stripe Processing,2025-10
TXN-HIST-2025-10-0040,BANK-OPERATING,2025-10-06,-254000,-2540.0,USD,DocuSign,HIST-0040,OUT DocuSign,2025-10
TXN-HIST-2025-10-0041,BANK-OPERATING,2025-10-06,-258100,-2581.0,USD,Boston Edison Steam,HIST-0041,OUT Boston Edison Steam,2025-10
TXN-HIST-2025-10-0042,BANK-OPERATING,2025-10-06,-262200,-2622.0,USD,Gusto Payroll,HIST-0042,OUT Gusto Payroll,2025-10
TXN-HIST-2025-10-0043,BANK-OPERATING,2025-10-07,266300,2663.0,USD,Adyen NV,HIST-0043,IN Adyen NV,2025-10
TXN-HIST-2025-10-0044,BANK-OPERATING,2025-10-07,-270400,-2704.0,USD,Palo Alto Networks,HIST-0044,OUT Palo Alto Networks,2025-10
TXN-HIST-2025-10-0045,BANK-OPERATING,2025-10-07,-274500,-2745.0,USD,Carta,HIST-0045,OUT Carta,2025-10
TXN-HIST-2025-10-0046,BANK-PAYROLL,2025-10-07,-278600,-2786.0,USD,Vanta,HIST-0046,OUT Vanta,2025-10
TXN-HIST-2025-10-0047,BANK-OPERATING,2025-10-07,-282700,-2827.0,USD,Northwood Supply,HIST-0047,OUT Northwood Supply,2025-10
TXN-HIST-2025-10-0048,BANK-OPERATING,2025-10-07,-286800,-2868.0,USD,Teak Partners,HIST-0048,OUT Teak Partners,2025-10
TXN-HIST-2025-10-0049,BANK-OPERATING,2025-10-07,-290900,-2909.0,USD,Beacon Components,HIST-0049,OUT Beacon Components,2025-10
TXN-HIST-2025-10-0050,BANK-OPERATING,2025-10-08,295000,2950.0,USD,Linear App,HIST-0050,IN Linear App,2025-10
TXN-HIST-2025-10-0051,BANK-OPERATING,2025-10-08,-299100,-2991.0,USD,Quince Labs,HIST-0051,OUT Quince Labs,2025-10
TXN-HIST-2025-10-0052,BANK-OPERATING,2025-10-08,-303200,-3032.0,USD,Walnut Works,HIST-0052,OUT Walnut Works,2025-10
TXN-HIST-2025-10-0053,BANK-PAYROLL,2025-10-08,-307300,-3073.0,USD,Echo Network,HIST-0053,OUT Echo Network,2025-10
TXN-HIST-2025-10-0054,BANK-OPERATING,2025-10-08,-311400,-3114.0,USD,Keel Group,HIST-0054,OUT Keel Group,2025-10
TXN-HIST-2025-10-0055,BANK-OPERATING,2025-10-08,-315500,-3155.0,USD,Quarry Services,HIST-0055,OUT Quarry Services,2025-10
TXN-HIST-2025-10-0056,BANK-OPERATING,2025-10-08,-319600,-3196.0,USD,Wharf Labs,HIST-0056,OUT Wharf Labs,2025-10
TXN-HIST-2025-10-0057,BANK-OPERATING,2025-10-09,323700,3237.0,USD,Harbor Studio,HIST-0057,IN Harbor Studio,2025-10
TXN-HIST-2025-10-0058,BANK-OPERATING,2025-10-09,-327800,-3278.0,USD,Nimbus Systems,HIST-0058,OUT Nimbus Systems,2025-10
TXN-HIST-2025-10-0059,BANK-OPERATING,2025-10-09,-331900,-3319.0,USD,Timber Supply,HIST-0059,OUT Timber Supply,2025-10
TXN-HIST-2025-10-0060,BANK-PAYROLL,2025-10-09,-336000,-3360.0,USD,Alder Partners,HIST-0060,OUT Alder Partners,2025-10
TXN-HIST-2025-10-0061,BANK-OPERATING,2025-10-09,-340100,-3401.0,USD,Ginkgo Components,HIST-0061,OUT Ginkgo Components,2025-10
TXN-HIST-2025-10-0062,BANK-OPERATING,2025-10-09,-344200,-3442.0,USD,Northwood Studio,HIST-0062,OUT Northwood Studio,2025-10
TXN-HIST-2025-10-0063,BANK-OPERATING,2025-10-09,-348300,-3483.0,USD,Teak Systems,HIST-0063,OUT Teak Systems,2025-10
TXN-HIST-2025-10-0064,BANK-OPERATING,2025-10-10,352400,3524.0,USD,Driftwood Works,HIST-0064,IN Driftwood Works,2025-10
TXN-HIST-2025-10-0065,BANK-OPERATING,2025-10-10,-356500,-3565.0,USD,Juniper Network,HIST-0065,OUT Juniper Network,2025-10
TXN-HIST-2025-10-0066,BANK-OPERATING,2025-10-10,-360600,-3606.0,USD,Quince Group,HIST-0066,OUT Quince Group,2025-10
TXN-HIST-2025-10-0067,BANK-PAYROLL,2025-10-10,-364700,-3647.0,USD,Walnut Services,HIST-0067,OUT Walnut Services,2025-10
TXN-HIST-2025-10-0068,BANK-OPERATING,2025-10-10,-368800,-3688.0,USD,Echo Labs,HIST-0068,OUT Echo Labs,2025-10
TXN-HIST-2025-10-0069,BANK-OPERATING,2025-10-10,-372900,-3729.0,USD,Keel Works,HIST-0069,OUT Keel Works,2025-10
TXN-HIST-2025-10-0070,BANK-OPERATING,2025-10-10,-377000,-3770.0,USD,Quarry Network,HIST-0070,OUT Quarry Network,2025-10
TXN-HIST-2025-10-0071,BANK-OPERATING,2025-10-11,381100,3811.0,USD,Beacon Supply,HIST-0071,IN Beacon Supply,2025-10
TXN-HIST-2025-10-0072,BANK-OPERATING,2025-10-11,-385200,-3852.0,USD,Harbor Partners,HIST-0072,OUT Harbor Partners,2025-10
TXN-HIST-2025-10-0073,BANK-OPERATING,2025-10-11,-389300,-3893.0,USD,Nimbus Components,HIST-0073,OUT Nimbus Components,2025-10
TXN-HIST-2025-10-0074,BANK-PAYROLL,2025-10-11,-393400,-3934.0,USD,Timber Studio,HIST-0074,OUT Timber Studio,2025-10
TXN-HIST-2025-10-0075,BANK-OPERATING,2025-10-11,-397500,-3975.0,USD,Alder Systems,HIST-0075,OUT Alder Systems,2025-10
TXN-HIST-2025-10-0076,BANK-OPERATING,2025-10-11,-401600,-4016.0,USD,Ginkgo Supply,HIST-0076,OUT Ginkgo Supply,2025-10
TXN-HIST-2025-10-0077,BANK-OPERATING,2025-10-11,-405700,-4057.0,USD,Northwood Partners,HIST-0077,OUT Northwood Partners,2025-10
TXN-HIST-2025-10-0078,BANK-OPERATING,2025-10-12,409800,4098.0,USD,Wharf Group,HIST-0078,IN Wharf Group,2025-10
TXN-HIST-2025-10-0079,BANK-OPERATING,2025-10-12,-413900,-4139.0,USD,Driftwood Services,HIST-0079,OUT Driftwood Services,2025-10
TXN-HIST-2025-10-0080,BANK-OPERATING,2025-10-12,-418000,-4180.0,USD,Juniper Labs,HIST-0080,OUT Juniper Labs,2025-10
TXN-HIST-2025-10-0081,BANK-PAYROLL,2025-10-12,-422100,-4221.0,USD,Quince Works,HIST-0081,OUT Quince Works,2025-10
TXN-HIST-2025-10-0082,BANK-OPERATING,2025-10-12,-426200,-4262.0,USD,Walnut Network,HIST-0082,OUT Walnut Network,2025-10
TXN-HIST-2025-10-0083,BANK-OPERATING,2025-10-12,-430300,-4303.0,USD,Echo Group,HIST-0083,OUT Echo Group,2025-10
TXN-HIST-2025-10-0084,BANK-OPERATING,2025-10-12,-434400,-4344.0,USD,Keel Services,HIST-0084,OUT Keel Services,2025-10
TXN-HIST-2025-10-0085,BANK-OPERATING,2025-10-13,438500,4385.0,USD,Teak Components,HIST-0085,IN Teak Components,2025-10
TXN-HIST-2025-10-0086,BANK-OPERATING,2025-10-13,-442600,-4426.0,USD,Beacon Studio,HIST-0086,OUT Beacon Studio,2025-10
TXN-HIST-2025-10-0087,BANK-OPERATING,2025-10-13,-446700,-4467.0,USD,Harbor Systems,HIST-0087,OUT Harbor Systems,2025-10
TXN-HIST-2025-10-0088,BANK-PAYROLL,2025-10-13,-450800,-4508.0,USD,Nimbus Supply,HIST-0088,OUT Nimbus Supply,2025-10
TXN-HIST-2025-10-0089,BANK-OPERATING,2025-10-13,-454900,-4549.0,USD,Timber Partners,HIST-0089,OUT Timber Partners,2025-10
TXN-HIST-2025-10-0090,BANK-OPERATING,2025-10-13,-459000,-4590.0,USD,Alder Components,HIST-0090,OUT Alder Components,2025-10
TXN-HIST-2025-10-0091,BANK-OPERATING,2025-10-13,-463100,-4631.0,USD,Ginkgo Studio,HIST-0091,OUT Ginkgo Studio,2025-10
TXN-HIST-2025-10-0092,BANK-OPERATING,2025-10-14,467200,4672.0,USD,Quarry Labs,HIST-0092,IN Quarry Labs,2025-10
TXN-HIST-2025-10-0093,BANK-OPERATING,2025-10-14,-471300,-4713.0,USD,Wharf Works,HIST-0093,OUT Wharf Works,2025-10
TXN-HIST-2025-10-0094,BANK-OPERATING,2025-10-14,-475400,-4754.0,USD,Driftwood Network,HIST-0094,OUT Driftwood Network,2025-10
TXN-HIST-2025-10-0095,BANK-PAYROLL,2025-10-14,-479500,-4795.0,USD,Juniper Group,HIST-0095,OUT Juniper Group,2025-10
TXN-HIST-2025-10-0096,BANK-OPERATING,2025-10-14,-483600,-4836.0,USD,Quince Services,HIST-0096,OUT Quince Services,2025-10
TXN-HIST-2025-10-0097,BANK-OPERATING,2025-10-14,-487700,-4877.0,USD,Walnut Labs,HIST-0097,OUT Walnut Labs,2025-10
TXN-HIST-2025-10-0098,BANK-OPERATING,2025-10-14,-491800,-4918.0,USD,Echo Works,HIST-0098,OUT Echo Works,2025-10
TXN-HIST-2025-10-0099,BANK-OPERATING,2025-10-15,495900,4959.0,USD,Northwood Systems,HIST-0099,IN Northwood Systems,2025-10
TXN-HIST-2025-10-0100,BANK-OPERATING,2025-10-15,-500000,-5000.0,USD,Teak Supply,HIST-0100,OUT Teak Supply,2025-10
TXN-HIST-2025-10-0101,BANK-OPERATING,2025-10-15,-504100,-5041.0,USD,Beacon Partners,HIST-0101,OUT Beacon Partners,2025-10
TXN-HIST-2025-10-0102,BANK-PAYROLL,2025-10-15,-508200,-5082.0,USD,Harbor Components,HIST-0102,OUT Harbor Components,2025-10
TXN-HIST-2025-10-0103,BANK-OPERATING,2025-10-15,-512300,-5123.0,USD,Nimbus Studio,HIST-0103,OUT Nimbus Studio,2025-10
TXN-HIST-2025-10-0104,BANK-OPERATING,2025-10-15,-516400,-5164.0,USD,Timber Systems,HIST-0104,OUT Timber Systems,2025-10
TXN-HIST-2025-10-0105,BANK-OPERATING,2025-10-15,-520500,-5205.0,USD,Alder Supply,HIST-0105,OUT Alder Supply,2025-10
TXN-HIST-2025-10-0106,BANK-OPERATING,2025-10-16,524600,5246.0,USD,Keel Network,HIST-0106,IN Keel Network,2025-10
TXN-HIST-2025-10-0107,BANK-OPERATING,2025-10-16,-528700,-5287.0,USD,Quarry Group,HIST-0107,OUT Quarry Group,2025-10
TXN-HIST-2025-10-0108,BANK-OPERATING,2025-10-16,-532800,-5328.0,USD,Wharf Services,HIST-0108,OUT Wharf Services,2025-10
TXN-HIST-2025-10-0109,BANK-PAYROLL,2025-10-16,-536900,-5369.0,USD,Driftwood Labs,HIST-0109,OUT Driftwood Labs,2025-10
TXN-HIST-2025-10-0110,BANK-OPERATING,2025-10-16,-541000,-5410.0,USD,Juniper Works,HIST-0110,OUT Juniper Works,2025-10
TXN-HIST-2025-10-0111,BANK-OPERATING,2025-10-16,-545100,-5451.0,USD,Quince Network,HIST-0111,OUT Quince Network,2025-10
TXN-HIST-2025-10-0112,BANK-OPERATING,2025-10-16,-549200,-5492.0,USD,Walnut Group,HIST-0112,OUT Walnut Group,2025-10
TXN-HIST-2025-10-0113,BANK-OPERATING,2025-10-17,553300,5533.0,USD,Ginkgo Partners,HIST-0113,IN Ginkgo Partners,2025-10
TXN-HIST-2025-10-0114,BANK-OPERATING,2025-10-17,-557400,-5574.0,USD,Northwood Components,HIST-0114,OUT Northwood Components,2025-10
TXN-HIST-2025-10-0115,BANK-OPERATING,2025-10-17,-561500,-5615.0,USD,Teak Studio,HIST-0115,OUT Teak Studio,2025-10
TXN-HIST-2025-10-0116,BANK-PAYROLL,2025-10-17,-565600,-5656.0,USD,Beacon Systems,HIST-0116,OUT Beacon Systems,2025-10
TXN-HIST-2025-10-0117,BANK-OPERATING,2025-10-17,-569700,-5697.0,USD,Harbor Supply,HIST-0117,OUT Harbor Supply,2025-10
TXN-HIST-2025-10-0118,BANK-OPERATING,2025-10-17,-573800,-5738.0,USD,Nimbus Partners,HIST-0118,OUT Nimbus Partners,2025-10
TXN-HIST-2025-10-0119,BANK-OPERATING,2025-10-17,-577900,-5779.0,USD,Timber Components,HIST-0119,OUT Timber Components,2025-10
TXN-HIST-2025-10-0120,BANK-OPERATING,2025-10-18,582000,5820.0,USD,Echo Services,HIST-0120,IN Echo Services,2025-10
TXN-HIST-2025-10-0121,BANK-OPERATING,2025-10-18,-586100,-5861.0,USD,Keel Labs,HIST-0121,OUT Keel Labs,2025-10
TXN-HIST-2025-10-0122,BANK-OPERATING,2025-10-18,-590200,-5902.0,USD,Quarry Works,HIST-0122,OUT Quarry Works,2025-10
TXN-HIST-2025-10-0123,BANK-PAYROLL,2025-10-18,-594300,-5943.0,USD,Wharf Network,HIST-0123,OUT Wharf Network,2025-10
TXN-HIST-2025-10-0124,BANK-OPERATING,2025-10-18,-598400,-5984.0,USD,Driftwood Group,HIST-0124,OUT Driftwood Group,2025-10
TXN-HIST-2025-10-0125,BANK-OPERATING,2025-10-18,-602500,-6025.0,USD,Juniper Services,HIST-0125,OUT Juniper Services,2025-10
TXN-HIST-2025-10-0126,BANK-OPERATING,2025-10-18,-606600,-6066.0,USD,Quince Labs,HIST-0126,OUT Quince Labs,2025-10
TXN-HIST-2025-10-0127,BANK-OPERATING,2025-10-19,610700,6107.0,USD,Alder Studio,HIST-0127,IN Alder Studio,2025-10
TXN-HIST-2025-10-0128,BANK-OPERATING,2025-10-19,-614800,-6148.0,USD,Ginkgo Systems,HIST-0128,OUT Ginkgo Systems,2025-10
TXN-HIST-2025-10-0129,BANK-OPERATING,2025-10-19,-618900,-6189.0,USD,Northwood Supply,HIST-0129,OUT Northwood Supply,2025-10
TXN-HIST-2025-10-0130,BANK-PAYROLL,2025-10-19,-623000,-6230.0,USD,Teak Partners,HIST-0130,OUT Teak Partners,2025-10
TXN-HIST-2025-10-0131,BANK-OPERATING,2025-10-19,-627100,-6271.0,USD,Beacon Components,HIST-0131,OUT Beacon Components,2025-10
TXN-HIST-2025-10-0132,BANK-OPERATING,2025-10-19,-631200,-6312.0,USD,Harbor Studio,HIST-0132,OUT Harbor Studio,2025-10
TXN-HIST-2025-10-0133,BANK-OPERATING,2025-10-19,-635300,-6353.0,USD,Nimbus Systems,HIST-0133,OUT Nimbus Systems,2025-10
TXN-HIST-2025-10-0134,BANK-OPERATING,2025-10-20,639400,6394.0,USD,Walnut Works,HIST-0134,IN Walnut Works,2025-10
TXN-HIST-2025-10-0135,BANK-OPERATING,2025-10-20,-643500,-6435.0,USD,Echo Network,HIST-0135,OUT Echo Network,2025-10
TXN-HIST-2025-10-0136,BANK-OPERATING,2025-10-20,-647600,-6476.0,USD,Keel Group,HIST-0136,OUT Keel Group,2025-10
TXN-HIST-2025-10-0137,BANK-PAYROLL,2025-10-20,-651700,-6517.0,USD,Quarry Services,HIST-0137,OUT Quarry Services,2025-10
TXN-HIST-2025-10-0138,BANK-OPERATING,2025-10-20,-655800,-6558.0,USD,Wharf Labs,HIST-0138,OUT Wharf Labs,2025-10
TXN-HIST-2025-10-0139,BANK-OPERATING,2025-10-20,-659900,-6599.0,USD,Driftwood Works,HIST-0139,OUT Driftwood Works,2025-10
TXN-HIST-2025-10-0140,BANK-OPERATING,2025-10-20,-664000,-6640.0,USD,Juniper Network,HIST-0140,OUT Juniper Network,2025-10
TXN-HIST-2025-10-0141,BANK-OPERATING,2025-10-21,668100,6681.0,USD,Timber Supply,HIST-0141,IN Timber Supply,2025-10
TXN-HIST-2025-10-0142,BANK-OPERATING,2025-10-21,-672200,-6722.0,USD,Alder Partners,HIST-0142,OUT Alder Partners,2025-10
TXN-HIST-2025-10-0143,BANK-OPERATING,2025-10-21,-676300,-6763.0,USD,Ginkgo Components,HIST-0143,OUT Ginkgo Components,2025-10
TXN-HIST-2025-10-0144,BANK-PAYROLL,2025-10-21,-680400,-6804.0,USD,Northwood Studio,HIST-0144,OUT Northwood Studio,2025-10
TXN-HIST-2025-10-0145,BANK-OPERATING,2025-10-21,-684500,-6845.0,USD,Teak Systems,HIST-0145,OUT Teak Systems,2025-10
TXN-HIST-2025-10-0146,BANK-OPERATING,2025-10-21,-688600,-6886.0,USD,Beacon Supply,HIST-0146,OUT Beacon Supply,2025-10
TXN-HIST-2025-10-0147,BANK-OPERATING,2025-10-21,-692700,-6927.0,USD,Harbor Partners,HIST-0147,OUT Harbor Partners,2025-10
TXN-HIST-2025-10-0148,BANK-OPERATING,2025-10-22,696800,6968.0,USD,Quince Group,HIST-0148,IN Quince Group,2025-10
TXN-HIST-2025-10-0149,BANK-OPERATING,2025-10-22,-700900,-7009.0,USD,Walnut Services,HIST-0149,OUT Walnut Services,2025-10
TXN-HIST-2025-10-0150,BANK-OPERATING,2025-10-22,-705000,-7050.0,USD,Echo Labs,HIST-0150,OUT Echo Labs,2025-10
TXN-HIST-2025-10-0151,BANK-PAYROLL,2025-10-22,-709100,-7091.0,USD,Keel Works,HIST-0151,OUT Keel Works,2025-10
TXN-HIST-2025-10-0152,BANK-OPERATING,2025-10-22,-93200,-932.0,USD,Quarry Network,HIST-0152,OUT Quarry Network,2025-10
TXN-HIST-2025-10-0153,BANK-OPERATING,2025-10-22,-97300,-973.0,USD,Wharf Group,HIST-0153,OUT Wharf Group,2025-10
TXN-HIST-2025-10-0154,BANK-OPERATING,2025-10-22,-101400,-1014.0,USD,Driftwood Services,HIST-0154,OUT Driftwood Services,2025-10
TXN-HIST-2025-10-0155,BANK-OPERATING,2025-10-23,105500,1055.0,USD,Nimbus Components,HIST-0155,IN Nimbus Components,2025-10
TXN-HIST-2025-10-0156,BANK-OPERATING,2025-10-23,-109600,-1096.0,USD,Timber Studio,HIST-0156,OUT Timber Studio,2025-10
TXN-HIST-2025-10-0157,BANK-OPERATING,2025-10-23,-113700,-1137.0,USD,Alder Systems,HIST-0157,OUT Alder Systems,2025-10
TXN-HIST-2025-10-0158,BANK-PAYROLL,2025-10-23,-117800,-1178.0,USD,Ginkgo Supply,HIST-0158,OUT Ginkgo Supply,2025-10
TXN-HIST-2025-10-0159,BANK-OPERATING,2025-10-23,-121900,-1219.0,USD,Northwood Partners,HIST-0159,OUT Northwood Partners,2025-10
TXN-HIST-2025-10-0160,BANK-OPERATING,2025-10-23,-126000,-1260.0,USD,Teak Components,HIST-0160,OUT Teak Components,2025-10
TXN-HIST-2025-10-0161,BANK-OPERATING,2025-10-23,-130100,-1301.0,USD,Beacon Studio,HIST-0161,OUT Beacon Studio,2025-10
TXN-HIST-2025-10-0162,BANK-OPERATING,2025-10-24,134200,1342.0,USD,Juniper Labs,HIST-0162,IN Juniper Labs,2025-10
TXN-HIST-2025-10-0163,BANK-OPERATING,2025-10-24,-138300,-1383.0,USD,Quince Works,HIST-0163,OUT Quince Works,2025-10
TXN-HIST-2025-10-0164,BANK-OPERATING,2025-10-24,-142400,-1424.0,USD,Walnut Network,HIST-0164,OUT Walnut Network,2025-10
TXN-HIST-2025-10-0165,BANK-PAYROLL,2025-10-24,-146500,-1465.0,USD,Echo Group,HIST-0165,OUT Echo Group,2025-10
TXN-HIST-2025-10-0166,BANK-OPERATING,2025-10-24,-150600,-1506.0,USD,Keel Services,HIST-0166,OUT Keel Services,2025-10
TXN-HIST-2025-10-0167,BANK-OPERATING,2025-10-24,-154700,-1547.0,USD,Quarry Labs,HIST-0167,OUT Quarry Labs,2025-10
TXN-HIST-2025-10-0168,BANK-OPERATING,2025-10-24,-158800,-1588.0,USD,Wharf Works,HIST-0168,OUT Wharf Works,2025-10
TXN-HIST-2025-10-0169,BANK-OPERATING,2025-10-25,162900,1629.0,USD,Harbor Systems,HIST-0169,IN Harbor Systems,2025-10
TXN-HIST-2025-10-0170,BANK-OPERATING,2025-10-25,-167000,-1670.0,USD,Nimbus Supply,HIST-0170,OUT Nimbus Supply,2025-10
TXN-HIST-2025-10-0171,BANK-OPERATING,2025-10-25,-171100,-1711.0,USD,Timber Partners,HIST-0171,OUT Timber Partners,2025-10
TXN-HIST-2025-10-0172,BANK-PAYROLL,2025-10-25,-175200,-1752.0,USD,Alder Components,HIST-0172,OUT Alder Components,2025-10
TXN-HIST-2025-10-0173,BANK-OPERATING,2025-10-25,-179300,-1793.0,USD,Ginkgo Studio,HIST-0173,OUT Ginkgo Studio,2025-10
TXN-HIST-2025-10-0174,BANK-OPERATING,2025-10-25,-183400,-1834.0,USD,Northwood Systems,HIST-0174,OUT Northwood Systems,2025-10
TXN-HIST-2025-10-0175,BANK-OPERATING,2025-10-25,-187500,-1875.0,USD,Teak Supply,HIST-0175,OUT Teak Supply,2025-10
TXN-HIST-2025-10-0176,BANK-OPERATING,2025-10-26,191600,1916.0,USD,Driftwood Network,HIST-0176,IN Driftwood Network,2025-10
TXN-HIST-2025-10-0177,BANK-OPERATING,2025-10-26,-195700,-1957.0,USD,Juniper Group,HIST-0177,OUT Juniper Group,2025-10
TXN-HIST-2025-10-0178,BANK-OPERATING,2025-10-26,-199800,-1998.0,USD,Quince Services,HIST-0178,OUT Quince Services,2025-10
TXN-HIST-2025-10-0179,BANK-PAYROLL,2025-10-26,-203900,-2039.0,USD,Walnut Labs,HIST-0179,OUT Walnut Labs,2025-10
TXN-HIST-2025-10-0180,BANK-OPERATING,2025-10-26,-208000,-2080.0,USD,Echo Works,HIST-0180,OUT Echo Works,2025-10
TXN-HIST-2025-10-0181,BANK-OPERATING,2025-10-26,-212100,-2121.0,USD,Keel Network,HIST-0181,OUT Keel Network,2025-10
TXN-HIST-2025-10-0182,BANK-OPERATING,2025-10-26,-216200,-2162.0,USD,Quarry Group,HIST-0182,OUT Quarry Group,2025-10
TXN-HIST-2025-10-0183,BANK-OPERATING,2025-10-27,220300,2203.0,USD,Beacon Partners,HIST-0183,IN Beacon Partners,2025-10
TXN-HIST-2025-10-0184,BANK-OPERATING,2025-10-27,-224400,-2244.0,USD,Harbor Components,HIST-0184,OUT Harbor Components,2025-10
TXN-HIST-2025-10-0185,BANK-OPERATING,2025-10-27,-228500,-2285.0,USD,Nimbus Studio,HIST-0185,OUT Nimbus Studio,2025-10
TXN-HIST-2025-10-0186,BANK-PAYROLL,2025-10-27,-232600,-2326.0,USD,Timber Systems,HIST-0186,OUT Timber Systems,2025-10
TXN-HIST-2025-10-0187,BANK-OPERATING,2025-10-27,-236700,-2367.0,USD,Alder Supply,HIST-0187,OUT Alder Supply,2025-10
TXN-HIST-2025-10-0188,BANK-OPERATING,2025-10-27,-240800,-2408.0,USD,Ginkgo Partners,HIST-0188,OUT Ginkgo Partners,2025-10
TXN-HIST-2025-10-0189,BANK-OPERATING,2025-10-27,-244900,-2449.0,USD,Northwood Components,HIST-0189,OUT Northwood Components,2025-10
TXN-HIST-2025-10-0190,BANK-OPERATING,2025-10-28,249000,2490.0,USD,Wharf Services,HIST-0190,IN Wharf Services,2025-10
TXN-HIST-2025-10-0191,BANK-OPERATING,2025-10-28,-253100,-2531.0,USD,Driftwood Labs,HIST-0191,OUT Driftwood Labs,2025-10
TXN-HIST-2025-10-0192,BANK-OPERATING,2025-10-28,-257200,-2572.0,USD,Juniper Works,HIST-0192,OUT Juniper Works,2025-10
TXN-HIST-2025-10-0193,BANK-PAYROLL,2025-10-28,-261300,-2613.0,USD,Quince Network,HIST-0193,OUT Quince Network,2025-10
TXN-HIST-2025-10-0194,BANK-OPERATING,2025-10-28,-265400,-2654.0,USD,Walnut Group,HIST-0194,OUT Walnut Group,2025-10
TXN-HIST-2025-10-0195,BANK-OPERATING,2025-10-28,-269500,-2695.0,USD,Echo Services,HIST-0195,OUT Echo Services,2025-10
TXN-HIST-2025-10-0196,BANK-OPERATING,2025-10-28,-273600,-2736.0,USD,Keel Labs,HIST-0196,OUT Keel Labs,2025-10
TXN-HIST-2025-10-0197,BANK-OPERATING,2025-10-29,277700,2777.0,USD,Teak Studio,HIST-0197,IN Teak Studio,2025-10
TXN-HIST-2025-10-0198,BANK-OPERATING,2025-10-29,-281800,-2818.0,USD,Beacon Systems,HIST-0198,OUT Beacon Systems,2025-10
TXN-HIST-2025-10-0199,BANK-OPERATING,2025-10-29,-285900,-2859.0,USD,Harbor Supply,HIST-0199,OUT Harbor Supply,2025-10
TXN-HIST-2025-10-0200,BANK-PAYROLL,2025-10-29,-290000,-2900.0,USD,Nimbus Partners,HIST-0200,OUT Nimbus Partners,2025-10
TXN-HIST-2025-10-0201,BANK-OPERATING,2025-10-29,-294100,-2941.0,USD,Timber Components,HIST-0201,OUT Timber Components,2025-10
TXN-HIST-2025-10-0202,BANK-OPERATING,2025-10-29,-298200,-2982.0,USD,Alder Studio,HIST-0202,OUT Alder Studio,2025-10
TXN-HIST-2025-10-0203,BANK-OPERATING,2025-10-29,-302300,-3023.0,USD,Ginkgo Systems,HIST-0203,OUT Ginkgo Systems,2025-10
TXN-HIST-2025-10-0204,BANK-OPERATING,2025-10-30,306400,3064.0,USD,Quarry Works,HIST-0204,IN Quarry Works,2025-10
TXN-HIST-2025-10-0205,BANK-OPERATING,2025-10-30,-310500,-3105.0,USD,Wharf Network,HIST-0205,OUT Wharf Network,2025-10
TXN-HIST-2025-10-0206,BANK-OPERATING,2025-10-30,-314600,-3146.0,USD,Driftwood Group,HIST-0206,OUT Driftwood Group,2025-10
TXN-HIST-2025-10-0207,BANK-PAYROLL,2025-10-30,-318700,-3187.0,USD,Juniper Services,HIST-0207,OUT Juniper Services,2025-10
TXN-HIST-2025-10-0208,BANK-OPERATING,2025-10-30,-322800,-3228.0,USD,Quince Labs,HIST-0208,OUT Quince Labs,2025-10
TXN-HIST-2025-10-0209,BANK-OPERATING,2025-10-30,-326900,-3269.0,USD,Walnut Works,HIST-0209,OUT Walnut Works,2025-10
TXN-HIST-2025-10-0210,BANK-OPERATING,2025-10-30,-331000,-3310.0,USD,Echo Network,HIST-0210,OUT Echo Network,2025-10
TXN-HIST-2025-10-0211,BANK-OPERATING,2025-10-31,335100,3351.0,USD,Northwood Supply,HIST-0211,IN Northwood Supply,2025-10
TXN-HIST-2025-10-0212,BANK-OPERATING,2025-10-31,-339200,-3392.0,USD,Teak Partners,HIST-0212,OUT Teak Partners,2025-10
TXN-HIST-2025-10-0213,BANK-OPERATING,2025-10-31,-343300,-3433.0,USD,Beacon Components,HIST-0213,OUT Beacon Components,2025-10
TXN-HIST-2025-10-0214,BANK-PAYROLL,2025-10-31,-347400,-3474.0,USD,Harbor Studio,HIST-0214,OUT Harbor Studio,2025-10
TXN-HIST-2025-10-0215,BANK-OPERATING,2025-10-31,-351500,-3515.0,USD,Nimbus Systems,HIST-0215,OUT Nimbus Systems,2025-10
TXN-HIST-2025-10-0216,BANK-OPERATING,2025-10-31,-355600,-3556.0,USD,Timber Supply,HIST-0216,OUT Timber Supply,2025-10
TXN-HIST-2025-10-0217,BANK-OPERATING,2025-10-31,-359700,-3597.0,USD,Alder Partners,HIST-0217,OUT Alder Partners,2025-10
TXN-HIST-2025-11-0218,BANK-OPERATING,2025-11-01,363800,3638.0,USD,Keel Group,HIST-0218,IN Keel Group,2025-11
TXN-HIST-2025-11-0219,BANK-OPERATING,2025-11-01,-367900,-3679.0,USD,Quarry Services,HIST-0219,OUT Quarry Services,2025-11
TXN-HIST-2025-11-0220,BANK-OPERATING,2025-11-01,-372000,-3720.0,USD,Wharf Labs,HIST-0220,OUT Wharf Labs,2025-11
TXN-HIST-2025-11-0221,BANK-PAYROLL,2025-11-01,-376100,-3761.0,USD,Driftwood Works,HIST-0221,OUT Driftwood Works,2025-11
TXN-HIST-2025-11-0222,BANK-OPERATING,2025-11-01,-380200,-3802.0,USD,Juniper Network,HIST-0222,OUT Juniper Network,2025-11
TXN-HIST-2025-11-0223,BANK-OPERATING,2025-11-01,-384300,-3843.0,USD,Quince Group,HIST-0223,OUT Quince Group,2025-11
TXN-HIST-2025-11-0224,BANK-OPERATING,2025-11-01,-388400,-3884.0,USD,Walnut Services,HIST-0224,OUT Walnut Services,2025-11
TXN-HIST-2025-11-0225,BANK-OPERATING,2025-11-02,392500,3925.0,USD,Ginkgo Components,HIST-0225,IN Ginkgo Components,2025-11
TXN-HIST-2025-11-0226,BANK-OPERATING,2025-11-02,-396600,-3966.0,USD,Northwood Studio,HIST-0226,OUT Northwood Studio,2025-11
TXN-HIST-2025-11-0227,BANK-OPERATING,2025-11-02,-400700,-4007.0,USD,Teak Systems,HIST-0227,OUT Teak Systems,2025-11
TXN-HIST-2025-11-0228,BANK-PAYROLL,2025-11-02,-404800,-4048.0,USD,Beacon Supply,HIST-0228,OUT Beacon Supply,2025-11
TXN-HIST-2025-11-0229,BANK-OPERATING,2025-11-02,-408900,-4089.0,USD,Harbor Partners,HIST-0229,OUT Harbor Partners,2025-11
TXN-HIST-2025-11-0230,BANK-OPERATING,2025-11-02,-413000,-4130.0,USD,Nimbus Components,HIST-0230,OUT Nimbus Components,2025-11
TXN-HIST-2025-11-0231,BANK-OPERATING,2025-11-02,-417100,-4171.0,USD,Timber Studio,HIST-0231,OUT Timber Studio,2025-11
TXN-HIST-2025-11-0232,BANK-OPERATING,2025-11-03,421200,4212.0,USD,Echo Labs,HIST-0232,IN Echo Labs,2025-11
TXN-HIST-2025-11-0233,BANK-OPERATING,2025-11-03,-425300,-4253.0,USD,Keel Works,HIST-0233,OUT Keel Works,2025-11
TXN-HIST-2025-11-0234,BANK-OPERATING,2025-11-03,-429400,-4294.0,USD,Quarry Network,HIST-0234,OUT Quarry Network,2025-11
TXN-HIST-2025-11-0235,BANK-PAYROLL,2025-11-03,-433500,-4335.0,USD,Wharf Group,HIST-0235,OUT Wharf Group,2025-11
TXN-HIST-2025-11-0236,BANK-OPERATING,2025-11-03,-437600,-4376.0,USD,Driftwood Services,HIST-0236,OUT Driftwood Services,2025-11
TXN-HIST-2025-11-0237,BANK-OPERATING,2025-11-03,-441700,-4417.0,USD,Juniper Labs,HIST-0237,OUT Juniper Labs,2025-11
TXN-HIST-2025-11-0238,BANK-OPERATING,2025-11-03,-445800,-4458.0,USD,Quince Works,HIST-0238,OUT Quince Works,2025-11
TXN-HIST-2025-11-0239,BANK-OPERATING,2025-11-04,449900,4499.0,USD,Alder Systems,HIST-0239,IN Alder Systems,2025-11
TXN-HIST-2025-11-0240,BANK-OPERATING,2025-11-04,-454000,-4540.0,USD,Ginkgo Supply,HIST-0240,OUT Ginkgo Supply,2025-11
TXN-HIST-2025-11-0241,BANK-OPERATING,2025-11-04,-458100,-4581.0,USD,Northwood Partners,HIST-0241,OUT Northwood Partners,2025-11
TXN-HIST-2025-11-0242,BANK-PAYROLL,2025-11-04,-462200,-4622.0,USD,Teak Components,HIST-0242,OUT Teak Components,2025-11
TXN-HIST-2025-11-0243,BANK-OPERATING,2025-11-04,-466300,-4663.0,USD,Beacon Studio,HIST-0243,OUT Beacon Studio,2025-11
TXN-HIST-2025-11-0244,BANK-OPERATING,2025-11-04,-470400,-4704.0,USD,Harbor Systems,HIST-0244,OUT Harbor Systems,2025-11
TXN-HIST-2025-11-0245,BANK-OPERATING,2025-11-04,-474500,-4745.0,USD,Nimbus Supply,HIST-0245,OUT Nimbus Supply,2025-11
TXN-HIST-2025-11-0246,BANK-OPERATING,2025-11-05,478600,4786.0,USD,Walnut Network,HIST-0246,IN Walnut Network,2025-11
TXN-HIST-2025-11-0247,BANK-OPERATING,2025-11-05,-482700,-4827.0,USD,Echo Group,HIST-0247,OUT Echo Group,2025-11
TXN-HIST-2025-11-0248,BANK-OPERATING,2025-11-05,-486800,-4868.0,USD,Keel Services,HIST-0248,OUT Keel Services,2025-11
TXN-HIST-2025-11-0249,BANK-PAYROLL,2025-11-05,-490900,-4909.0,USD,Quarry Labs,HIST-0249,OUT Quarry Labs,2025-11
TXN-HIST-2025-11-0250,BANK-OPERATING,2025-11-05,-495000,-4950.0,USD,Wharf Works,HIST-0250,OUT Wharf Works,2025-11
TXN-HIST-2025-11-0251,BANK-OPERATING,2025-11-05,-499100,-4991.0,USD,Driftwood Network,HIST-0251,OUT Driftwood Network,2025-11
TXN-HIST-2025-11-0252,BANK-OPERATING,2025-11-05,-503200,-5032.0,USD,Juniper Group,HIST-0252,OUT Juniper Group,2025-11
TXN-HIST-2025-11-0253,BANK-OPERATING,2025-11-06,507300,5073.0,USD,Timber Partners,HIST-0253,IN Timber Partners,2025-11
TXN-HIST-2025-11-0254,BANK-OPERATING,2025-11-06,-511400,-5114.0,USD,Alder Components,HIST-0254,OUT Alder Components,2025-11
TXN-HIST-2025-11-0255,BANK-OPERATING,2025-11-06,-515500,-5155.0,USD,Ginkgo Studio,HIST-0255,OUT Ginkgo Studio,2025-11
TXN-HIST-2025-11-0256,BANK-PAYROLL,2025-11-06,-519600,-5196.0,USD,Northwood Systems,HIST-0256,OUT Northwood Systems,2025-11
TXN-HIST-2025-11-0257,BANK-OPERATING,2025-11-06,-523700,-5237.0,USD,Teak Supply,HIST-0257,OUT Teak Supply,2025-11
TXN-HIST-2025-11-0258,BANK-OPERATING,2025-11-06,-527800,-5278.0,USD,Beacon Partners,HIST-0258,OUT Beacon Partners,2025-11
TXN-HIST-2025-11-0259,BANK-OPERATING,2025-11-06,-531900,-5319.0,USD,Harbor Components,HIST-0259,OUT Harbor Components,2025-11
TXN-HIST-2025-11-0260,BANK-OPERATING,2025-11-07,536000,5360.0,USD,Quince Services,HIST-0260,IN Quince Services,2025-11
TXN-HIST-2025-11-0261,BANK-OPERATING,2025-11-07,-540100,-5401.0,USD,Walnut Labs,HIST-0261,OUT Walnut Labs,2025-11
TXN-HIST-2025-11-0262,BANK-OPERATING,2025-11-07,-544200,-5442.0,USD,Echo Works,HIST-0262,OUT Echo Works,2025-11
TXN-HIST-2025-11-0263,BANK-PAYROLL,2025-11-07,-548300,-5483.0,USD,Keel Network,HIST-0263,OUT Keel Network,2025-11
TXN-HIST-2025-11-0264,BANK-OPERATING,2025-11-07,-552400,-5524.0,USD,Quarry Group,HIST-0264,OUT Quarry Group,2025-11
TXN-HIST-2025-11-0265,BANK-OPERATING,2025-11-07,-556500,-5565.0,USD,Wharf Services,HIST-0265,OUT Wharf Services,2025-11
TXN-HIST-2025-11-0266,BANK-OPERATING,2025-11-07,-560600,-5606.0,USD,Driftwood Labs,HIST-0266,OUT Driftwood Labs,2025-11
TXN-HIST-2025-11-0267,BANK-OPERATING,2025-11-08,564700,5647.0,USD,Nimbus Studio,HIST-0267,IN Nimbus Studio,2025-11
TXN-HIST-2025-11-0268,BANK-OPERATING,2025-11-08,-568800,-5688.0,USD,Timber Systems,HIST-0268,OUT Timber Systems,2025-11
TXN-HIST-2025-11-0269,BANK-OPERATING,2025-11-08,-572900,-5729.0,USD,Alder Supply,HIST-0269,OUT Alder Supply,2025-11
TXN-HIST-2025-11-0270,BANK-PAYROLL,2025-11-08,-577000,-5770.0,USD,Ginkgo Partners,HIST-0270,OUT Ginkgo Partners,2025-11
TXN-HIST-2025-11-0271,BANK-OPERATING,2025-11-08,-581100,-5811.0,USD,Northwood Components,HIST-0271,OUT Northwood Components,2025-11
TXN-HIST-2025-11-0272,BANK-OPERATING,2025-11-08,-585200,-5852.0,USD,Teak Studio,HIST-0272,OUT Teak Studio,2025-11
TXN-HIST-2025-11-0273,BANK-OPERATING,2025-11-08,-589300,-5893.0,USD,Beacon Systems,HIST-0273,OUT Beacon Systems,2025-11
TXN-HIST-2025-11-0274,BANK-OPERATING,2025-11-09,593400,5934.0,USD,Juniper Works,HIST-0274,IN Juniper Works,2025-11
TXN-HIST-2025-11-0275,BANK-OPERATING,2025-11-09,-597500,-5975.0,USD,Quince Network,HIST-0275,OUT Quince Network,2025-11
TXN-HIST-2025-11-0276,BANK-OPERATING,2025-11-09,-601600,-6016.0,USD,Walnut Group,HIST-0276,OUT Walnut Group,2025-11
TXN-HIST-2025-11-0277,BANK-PAYROLL,2025-11-09,-605700,-6057.0,USD,Echo Services,HIST-0277,OUT Echo Services,2025-11
TXN-HIST-2025-11-0278,BANK-OPERATING,2025-11-09,-609800,-6098.0,USD,Keel Labs,HIST-0278,OUT Keel Labs,2025-11
TXN-HIST-2025-11-0279,BANK-OPERATING,2025-11-09,-613900,-6139.0,USD,Quarry Works,HIST-0279,OUT Quarry Works,2025-11
TXN-HIST-2025-11-0280,BANK-OPERATING,2025-11-09,-618000,-6180.0,USD,Wharf Network,HIST-0280,OUT Wharf Network,2025-11
TXN-HIST-2025-11-0281,BANK-OPERATING,2025-11-10,622100,6221.0,USD,Harbor Supply,HIST-0281,IN Harbor Supply,2025-11
TXN-HIST-2025-11-0282,BANK-OPERATING,2025-11-10,-626200,-6262.0,USD,Nimbus Partners,HIST-0282,OUT Nimbus Partners,2025-11
TXN-HIST-2025-11-0283,BANK-OPERATING,2025-11-10,-630300,-6303.0,USD,Timber Components,HIST-0283,OUT Timber Components,2025-11
TXN-HIST-2025-11-0284,BANK-PAYROLL,2025-11-10,-634400,-6344.0,USD,Alder Studio,HIST-0284,OUT Alder Studio,2025-11
TXN-HIST-2025-11-0285,BANK-OPERATING,2025-11-10,-638500,-6385.0,USD,Ginkgo Systems,HIST-0285,OUT Ginkgo Systems,2025-11
TXN-HIST-2025-11-0286,BANK-OPERATING,2025-11-10,-642600,-6426.0,USD,Northwood Supply,HIST-0286,OUT Northwood Supply,2025-11
TXN-HIST-2025-11-0287,BANK-OPERATING,2025-11-10,-646700,-6467.0,USD,Teak Partners,HIST-0287,OUT Teak Partners,2025-11
TXN-HIST-2025-11-0288,BANK-OPERATING,2025-11-11,650800,6508.0,USD,Driftwood Group,HIST-0288,IN Driftwood Group,2025-11
TXN-HIST-2025-11-0289,BANK-OPERATING,2025-11-11,-654900,-6549.0,USD,Juniper Services,HIST-0289,OUT Juniper Services,2025-11
TXN-HIST-2025-11-0290,BANK-OPERATING,2025-11-11,-659000,-6590.0,USD,Quince Labs,HIST-0290,OUT Quince Labs,2025-11
TXN-HIST-2025-11-0291,BANK-PAYROLL,2025-11-11,-663100,-6631.0,USD,Walnut Works,HIST-0291,OUT Walnut Works,2025-11
TXN-HIST-2025-11-0292,BANK-OPERATING,2025-11-11,-667200,-6672.0,USD,Echo Network,HIST-0292,OUT Echo Network,2025-11
TXN-HIST-2025-11-0293,BANK-OPERATING,2025-11-11,-671300,-6713.0,USD,Keel Group,HIST-0293,OUT Keel Group,2025-11
TXN-HIST-2025-11-0294,BANK-OPERATING,2025-11-11,-675400,-6754.0,USD,Quarry Services,HIST-0294,OUT Quarry Services,2025-11
TXN-HIST-2025-11-0295,BANK-OPERATING,2025-11-12,679500,6795.0,USD,Beacon Components,HIST-0295,IN Beacon Components,2025-11
TXN-HIST-2025-11-0296,BANK-OPERATING,2025-11-12,-683600,-6836.0,USD,Harbor Studio,HIST-0296,OUT Harbor Studio,2025-11
TXN-HIST-2025-11-0297,BANK-OPERATING,2025-11-12,-687700,-6877.0,USD,Nimbus Systems,HIST-0297,OUT Nimbus Systems,2025-11
TXN-HIST-2025-11-0298,BANK-PAYROLL,2025-11-12,-691800,-6918.0,USD,Timber Supply,HIST-0298,OUT Timber Supply,2025-11
TXN-HIST-2025-11-0299,BANK-OPERATING,2025-11-12,-695900,-6959.0,USD,Alder Partners,HIST-0299,OUT Alder Partners,2025-11
TXN-HIST-2025-11-0300,BANK-OPERATING,2025-11-12,-700000,-7000.0,USD,Ginkgo Components,HIST-0300,OUT Ginkgo Components,2025-11
TXN-HIST-2025-11-0301,BANK-OPERATING,2025-11-12,-704100,-7041.0,USD,Northwood Studio,HIST-0301,OUT Northwood Studio,2025-11
TXN-HIST-2025-11-0302,BANK-OPERATING,2025-11-13,708200,7082.0,USD,Wharf Labs,HIST-0302,IN Wharf Labs,2025-11
TXN-HIST-2025-11-0303,BANK-OPERATING,2025-11-13,-92300,-923.0,USD,Driftwood Works,HIST-0303,OUT Driftwood Works,2025-11
TXN-HIST-2025-11-0304,BANK-OPERATING,2025-11-13,-96400,-964.0,USD,Juniper Network,HIST-0304,OUT Juniper Network,2025-11
TXN-HIST-2025-11-0305,BANK-PAYROLL,2025-11-13,-100500,-1005.0,USD,Quince Group,HIST-0305,OUT Quince Group,2025-11
TXN-HIST-2025-11-0306,BANK-OPERATING,2025-11-13,-104600,-1046.0,USD,Walnut Services,HIST-0306,OUT Walnut Services,2025-11
TXN-HIST-2025-11-0307,BANK-OPERATING,2025-11-13,-108700,-1087.0,USD,Echo Labs,HIST-0307,OUT Echo Labs,2025-11
TXN-HIST-2025-11-0308,BANK-OPERATING,2025-11-13,-112800,-1128.0,USD,Keel Works,HIST-0308,OUT Keel Works,2025-11
TXN-HIST-2025-11-0309,BANK-OPERATING,2025-11-14,116900,1169.0,USD,Teak Systems,HIST-0309,IN Teak Systems,2025-11
TXN-HIST-2025-11-0310,BANK-OPERATING,2025-11-14,-121000,-1210.0,USD,Beacon Supply,HIST-0310,OUT Beacon Supply,2025-11
TXN-HIST-2025-11-0311,BANK-OPERATING,2025-11-14,-125100,-1251.0,USD,Harbor Partners,HIST-0311,OUT Harbor Partners,2025-11
TXN-HIST-2025-11-0312,BANK-PAYROLL,2025-11-14,-129200,-1292.0,USD,Nimbus Components,HIST-0312,OUT Nimbus Components,2025-11
TXN-HIST-2025-11-0313,BANK-OPERATING,2025-11-14,-133300,-1333.0,USD,Timber Studio,HIST-0313,OUT Timber Studio,2025-11
TXN-HIST-2025-11-0314,BANK-OPERATING,2025-11-14,-137400,-1374.0,USD,Alder Systems,HIST-0314,OUT Alder Systems,2025-11
TXN-HIST-2025-11-0315,BANK-OPERATING,2025-11-14,-141500,-1415.0,USD,Ginkgo Supply,HIST-0315,OUT Ginkgo Supply,2025-11
TXN-HIST-2025-11-0316,BANK-OPERATING,2025-11-15,145600,1456.0,USD,Quarry Network,HIST-0316,IN Quarry Network,2025-11
TXN-HIST-2025-11-0317,BANK-OPERATING,2025-11-15,-149700,-1497.0,USD,Wharf Group,HIST-0317,OUT Wharf Group,2025-11
TXN-HIST-2025-11-0318,BANK-OPERATING,2025-11-15,-153800,-1538.0,USD,Driftwood Services,HIST-0318,OUT Driftwood Services,2025-11
TXN-HIST-2025-11-0319,BANK-PAYROLL,2025-11-15,-157900,-1579.0,USD,Juniper Labs,HIST-0319,OUT Juniper Labs,2025-11
TXN-HIST-2025-11-0320,BANK-OPERATING,2025-11-15,-162000,-1620.0,USD,Acme Supplies,HIST-0320,OUT Acme Supplies,2025-11
TXN-HIST-2025-11-0321,BANK-OPERATING,2025-11-15,-166100,-1661.0,USD,Acme Supply Co.,HIST-0321,OUT Acme Supply Co.,2025-11
TXN-HIST-2025-11-0322,BANK-OPERATING,2025-11-15,-170200,-1702.0,USD,Northline Fabrication,HIST-0322,OUT Northline Fabrication,2025-11
TXN-HIST-2025-11-0323,BANK-OPERATING,2025-11-16,174300,1743.0,USD,Northwood Partners,HIST-0323,IN Northwood Partners,2025-11
TXN-HIST-2025-11-0324,BANK-OPERATING,2025-11-16,-178400,-1784.0,USD,Acme Supplies LLC,HIST-0324,OUT Acme Supplies LLC,2025-11
TXN-HIST-2025-11-0325,BANK-OPERATING,2025-11-16,-182500,-1825.0,USD,Amazon Web Services,HIST-0325,OUT Amazon Web Services,2025-11
TXN-HIST-2025-11-0326,BANK-PAYROLL,2025-11-16,-186600,-1866.0,USD,Office Depot,HIST-0326,OUT Office Depot,2025-11
TXN-HIST-2025-11-0327,BANK-OPERATING,2025-11-16,-190700,-1907.0,USD,Datadog,HIST-0327,OUT Datadog,2025-11
TXN-HIST-2025-11-0328,BANK-OPERATING,2025-11-16,-194800,-1948.0,USD,Figma,HIST-0328,OUT Figma,2025-11
TXN-HIST-2025-11-0329,BANK-OPERATING,2025-11-16,-198900,-1989.0,USD,Hartford Insurance,HIST-0329,OUT Hartford Insurance,2025-11
TXN-HIST-2025-11-0330,BANK-OPERATING,2025-11-17,203000,2030.0,USD,Helios Hardware,HIST-0330,IN Helios Hardware,2025-11
TXN-HIST-2025-11-0331,BANK-OPERATING,2025-11-17,-207100,-2071.0,USD,Slack Technologies,HIST-0331,OUT Slack Technologies,2025-11
TXN-HIST-2025-11-0332,BANK-OPERATING,2025-11-17,-211200,-2112.0,USD,Google Cloud,HIST-0332,OUT Google Cloud,2025-11
TXN-HIST-2025-11-0333,BANK-PAYROLL,2025-11-17,-215300,-2153.0,USD,Orbit Analytics,HIST-0333,OUT Orbit Analytics,2025-11
TXN-HIST-2025-11-0334,BANK-OPERATING,2025-11-17,-219400,-2194.0,USD,Dell Technologies,HIST-0334,OUT Dell Technologies,2025-11
TXN-HIST-2025-11-0335,BANK-OPERATING,2025-11-17,-223500,-2235.0,USD,Lindholm & Ruiz LLP,HIST-0335,OUT Lindholm & Ruiz LLP,2025-11
TXN-HIST-2025-11-0336,BANK-OPERATING,2025-11-17,-227600,-2276.0,USD,Shadow Vendor LLC,HIST-0336,OUT Shadow Vendor LLC,2025-11
TXN-HIST-2025-11-0337,BANK-OPERATING,2025-11-18,231700,2317.0,USD,Cambridge Properties,HIST-0337,IN Cambridge Properties,2025-11
TXN-HIST-2025-11-0338,BANK-OPERATING,2025-11-18,-235800,-2358.0,USD,Harbor Electric,HIST-0338,OUT Harbor Electric,2025-11
TXN-HIST-2025-11-0339,BANK-OPERATING,2025-11-18,-239900,-2399.0,USD,GitHub,HIST-0339,OUT GitHub,2025-11
TXN-HIST-2025-11-0340,BANK-PAYROLL,2025-11-18,-244000,-2440.0,USD,Freightline Logistics,HIST-0340,OUT Freightline Logistics,2025-11
TXN-HIST-2025-11-0341,BANK-OPERATING,2025-11-18,-248100,-2481.0,USD,Misc Supplies,HIST-0341,OUT Misc Supplies,2025-11
TXN-HIST-2025-11-0342,BANK-OPERATING,2025-11-18,-252200,-2522.0,USD,Notion Labs,HIST-0342,OUT Notion Labs,2025-11
TXN-HIST-2025-11-0343,BANK-OPERATING,2025-11-18,-256300,-2563.0,USD,Okta,HIST-0343,OUT Okta,2025-11
TXN-HIST-2025-11-0344,BANK-OPERATING,2025-11-19,260400,2604.0,USD,Lenovo,HIST-0344,IN Lenovo,2025-11
TXN-HIST-2025-11-0345,BANK-OPERATING,2025-11-19,-264500,-2645.0,USD,Twilio,HIST-0345,OUT Twilio,2025-11
TXN-HIST-2025-11-0346,BANK-OPERATING,2025-11-19,-268600,-2686.0,USD,Snowflake,HIST-0346,OUT Snowflake,2025-11
TXN-HIST-2025-11-0347,BANK-PAYROLL,2025-11-19,-272700,-2727.0,USD,CrowdStrike,HIST-0347,OUT CrowdStrike,2025-11
TXN-HIST-2025-11-0348,BANK-OPERATING,2025-11-19,-276800,-2768.0,USD,Atlassian,HIST-0348,OUT Atlassian,2025-11
TXN-HIST-2025-11-0349,BANK-OPERATING,2025-11-19,-280900,-2809.0,USD,Northline Fab Group,HIST-0349,OUT Northline Fab Group,2025-11
TXN-HIST-2025-11-0350,BANK-OPERATING,2025-11-19,-285000,-2850.0,USD,Harbor Power & Light,HIST-0350,OUT Harbor Power & Light,2025-11
TXN-HIST-2025-11-0351,BANK-OPERATING,2025-11-20,289100,2891.0,USD,Zoom Video,HIST-0351,IN Zoom Video,2025-11
TXN-HIST-2025-11-0352,BANK-OPERATING,2025-11-20,-293200,-2932.0,USD,Cloudflare,HIST-0352,OUT Cloudflare,2025-11
TXN-HIST-2025-11-0353,BANK-OPERATING,2025-11-20,-297300,-2973.0,USD,Helios Hardware Supply,HIST-0353,OUT Helios Hardware Supply,2025-11
TXN-HIST-2025-11-0354,BANK-PAYROLL,2025-11-20,-301400,-3014.0,USD,Staples Business Advantage,HIST-0354,OUT Staples Business Advantage,2025-11
TXN-HIST-2025-11-0355,BANK-OPERATING,2025-11-20,-305500,-3055.0,USD,ADP,HIST-0355,OUT ADP,2025-11
TXN-HIST-2025-11-0356,BANK-OPERATING,2025-11-20,-309600,-3096.0,USD,Comcast Business,HIST-0356,OUT Comcast Business,2025-11
TXN-HIST-2025-11-0357,BANK-OPERATING,2025-11-20,-313700,-3137.0,USD,CleanRoom Janitorial,HIST-0357,OUT CleanRoom Janitorial,2025-11
TXN-HIST-2025-11-0358,BANK-OPERATING,2025-11-21,317800,3178.0,USD,FedEx,HIST-0358,IN FedEx,2025-11
TXN-HIST-2025-11-0359,BANK-OPERATING,2025-11-21,-321900,-3219.0,USD,WeWork Cambridge,HIST-0359,OUT WeWork Cambridge,2025-11
TXN-HIST-2025-11-0360,BANK-OPERATING,2025-11-21,-326000,-3260.0,USD,Pagaya Coffee Service,HIST-0360,OUT Pagaya Coffee Service,2025-11
TXN-HIST-2025-11-0361,BANK-PAYROLL,2025-11-21,-330100,-3301.0,USD,Kendall Square Parking,HIST-0361,OUT Kendall Square Parking,2025-11
TXN-HIST-2025-11-0362,BANK-OPERATING,2025-11-21,-334200,-3342.0,USD,Stripe Processing,HIST-0362,OUT Stripe Processing,2025-11
TXN-HIST-2025-11-0363,BANK-OPERATING,2025-11-21,-338300,-3383.0,USD,DocuSign,HIST-0363,OUT DocuSign,2025-11
TXN-HIST-2025-11-0364,BANK-OPERATING,2025-11-21,-342400,-3424.0,USD,Boston Edison Steam,HIST-0364,OUT Boston Edison Steam,2025-11
TXN-HIST-2025-11-0365,BANK-OPERATING,2025-11-22,346500,3465.0,USD,HubSpot,HIST-0365,IN HubSpot,2025-11
TXN-HIST-2025-11-0366,BANK-OPERATING,2025-11-22,-350600,-3506.0,USD,Adyen NV,HIST-0366,OUT Adyen NV,2025-11
TXN-HIST-2025-11-0367,BANK-OPERATING,2025-11-22,-354700,-3547.0,USD,Palo Alto Networks,HIST-0367,OUT Palo Alto Networks,2025-11
TXN-HIST-2025-11-0368,BANK-PAYROLL,2025-11-22,-358800,-3588.0,USD,Carta,HIST-0368,OUT Carta,2025-11
TXN-HIST-2025-11-0369,BANK-OPERATING,2025-11-22,-362900,-3629.0,USD,Vanta,HIST-0369,OUT Vanta,2025-11
TXN-HIST-2025-11-0370,BANK-OPERATING,2025-11-22,-367000,-3670.0,USD,Northwood Supply,HIST-0370,OUT Northwood Supply,2025-11
TXN-HIST-2025-11-0371,BANK-OPERATING,2025-11-22,-371100,-3711.0,USD,Teak Partners,HIST-0371,OUT Teak Partners,2025-11
TXN-HIST-2025-11-0372,BANK-OPERATING,2025-11-23,375200,3752.0,USD,Gusto Payroll,HIST-0372,IN Gusto Payroll,2025-11
TXN-HIST-2025-11-0373,BANK-OPERATING,2025-11-23,-379300,-3793.0,USD,Linear App,HIST-0373,OUT Linear App,2025-11
TXN-HIST-2025-11-0374,BANK-OPERATING,2025-11-23,-383400,-3834.0,USD,Quince Labs,HIST-0374,OUT Quince Labs,2025-11
TXN-HIST-2025-11-0375,BANK-PAYROLL,2025-11-23,-387500,-3875.0,USD,Walnut Works,HIST-0375,OUT Walnut Works,2025-11
TXN-HIST-2025-11-0376,BANK-OPERATING,2025-11-23,-391600,-3916.0,USD,Echo Network,HIST-0376,OUT Echo Network,2025-11
TXN-HIST-2025-11-0377,BANK-OPERATING,2025-11-23,-395700,-3957.0,USD,Keel Group,HIST-0377,OUT Keel Group,2025-11
TXN-HIST-2025-11-0378,BANK-OPERATING,2025-11-23,-399800,-3998.0,USD,Quarry Services,HIST-0378,OUT Quarry Services,2025-11
TXN-HIST-2025-11-0379,BANK-OPERATING,2025-11-24,403900,4039.0,USD,Beacon Components,HIST-0379,IN Beacon Components,2025-11
TXN-HIST-2025-11-0380,BANK-OPERATING,2025-11-24,-408000,-4080.0,USD,Harbor Studio,HIST-0380,OUT Harbor Studio,2025-11
TXN-HIST-2025-11-0381,BANK-OPERATING,2025-11-24,-412100,-4121.0,USD,Nimbus Systems,HIST-0381,OUT Nimbus Systems,2025-11
TXN-HIST-2025-11-0382,BANK-PAYROLL,2025-11-24,-416200,-4162.0,USD,Timber Supply,HIST-0382,OUT Timber Supply,2025-11
TXN-HIST-2025-11-0383,BANK-OPERATING,2025-11-24,-420300,-4203.0,USD,Alder Partners,HIST-0383,OUT Alder Partners,2025-11
TXN-HIST-2025-11-0384,BANK-OPERATING,2025-11-24,-424400,-4244.0,USD,Ginkgo Components,HIST-0384,OUT Ginkgo Components,2025-11
TXN-HIST-2025-11-0385,BANK-OPERATING,2025-11-24,-428500,-4285.0,USD,Northwood Studio,HIST-0385,OUT Northwood Studio,2025-11
TXN-HIST-2025-11-0386,BANK-OPERATING,2025-11-25,432600,4326.0,USD,Wharf Labs,HIST-0386,IN Wharf Labs,2025-11
TXN-HIST-2025-11-0387,BANK-OPERATING,2025-11-25,-436700,-4367.0,USD,Driftwood Works,HIST-0387,OUT Driftwood Works,2025-11
TXN-HIST-2025-11-0388,BANK-OPERATING,2025-11-25,-440800,-4408.0,USD,Juniper Network,HIST-0388,OUT Juniper Network,2025-11
TXN-HIST-2025-11-0389,BANK-PAYROLL,2025-11-25,-444900,-4449.0,USD,Quince Group,HIST-0389,OUT Quince Group,2025-11
TXN-HIST-2025-11-0390,BANK-OPERATING,2025-11-25,-449000,-4490.0,USD,Walnut Services,HIST-0390,OUT Walnut Services,2025-11
TXN-HIST-2025-11-0391,BANK-OPERATING,2025-11-25,-453100,-4531.0,USD,Echo Labs,HIST-0391,OUT Echo Labs,2025-11
TXN-HIST-2025-11-0392,BANK-OPERATING,2025-11-25,-457200,-4572.0,USD,Keel Works,HIST-0392,OUT Keel Works,2025-11
TXN-HIST-2025-11-0393,BANK-OPERATING,2025-11-26,461300,4613.0,USD,Teak Systems,HIST-0393,IN Teak Systems,2025-11
TXN-HIST-2025-11-0394,BANK-OPERATING,2025-11-26,-465400,-4654.0,USD,Beacon Supply,HIST-0394,OUT Beacon Supply,2025-11
TXN-HIST-2025-11-0395,BANK-OPERATING,2025-11-26,-469500,-4695.0,USD,Harbor Partners,HIST-0395,OUT Harbor Partners,2025-11
TXN-HIST-2025-11-0396,BANK-PAYROLL,2025-11-26,-473600,-4736.0,USD,Nimbus Components,HIST-0396,OUT Nimbus Components,2025-11
TXN-HIST-2025-11-0397,BANK-OPERATING,2025-11-26,-477700,-4777.0,USD,Timber Studio,HIST-0397,OUT Timber Studio,2025-11
TXN-HIST-2025-11-0398,BANK-OPERATING,2025-11-26,-481800,-4818.0,USD,Alder Systems,HIST-0398,OUT Alder Systems,2025-11
TXN-HIST-2025-11-0399,BANK-OPERATING,2025-11-26,-485900,-4859.0,USD,Ginkgo Supply,HIST-0399,OUT Ginkgo Supply,2025-11
TXN-HIST-2025-11-0400,BANK-OPERATING,2025-11-27,490000,4900.0,USD,Quarry Network,HIST-0400,IN Quarry Network,2025-11
TXN-HIST-2025-11-0401,BANK-OPERATING,2025-11-27,-494100,-4941.0,USD,Wharf Group,HIST-0401,OUT Wharf Group,2025-11
TXN-HIST-2025-11-0402,BANK-OPERATING,2025-11-27,-498200,-4982.0,USD,Driftwood Services,HIST-0402,OUT Driftwood Services,2025-11
TXN-HIST-2025-11-0403,BANK-PAYROLL,2025-11-27,-502300,-5023.0,USD,Juniper Labs,HIST-0403,OUT Juniper Labs,2025-11
TXN-HIST-2025-11-0404,BANK-OPERATING,2025-11-27,-506400,-5064.0,USD,Quince Works,HIST-0404,OUT Quince Works,2025-11
TXN-HIST-2025-11-0405,BANK-OPERATING,2025-11-27,-510500,-5105.0,USD,Walnut Network,HIST-0405,OUT Walnut Network,2025-11
TXN-HIST-2025-11-0406,BANK-OPERATING,2025-11-27,-514600,-5146.0,USD,Echo Group,HIST-0406,OUT Echo Group,2025-11
TXN-HIST-2025-11-0407,BANK-OPERATING,2025-11-28,518700,5187.0,USD,Northwood Partners,HIST-0407,IN Northwood Partners,2025-11
TXN-HIST-2025-11-0408,BANK-OPERATING,2025-11-28,-522800,-5228.0,USD,Teak Components,HIST-0408,OUT Teak Components,2025-11
TXN-HIST-2025-11-0409,BANK-OPERATING,2025-11-28,-526900,-5269.0,USD,Beacon Studio,HIST-0409,OUT Beacon Studio,2025-11
TXN-HIST-2025-11-0410,BANK-PAYROLL,2025-11-28,-531000,-5310.0,USD,Harbor Systems,HIST-0410,OUT Harbor Systems,2025-11
TXN-HIST-2025-11-0411,BANK-OPERATING,2025-11-28,-535100,-5351.0,USD,Nimbus Supply,HIST-0411,OUT Nimbus Supply,2025-11
TXN-HIST-2025-11-0412,BANK-OPERATING,2025-11-28,-539200,-5392.0,USD,Timber Partners,HIST-0412,OUT Timber Partners,2025-11
TXN-HIST-2025-11-0413,BANK-OPERATING,2025-11-28,-543300,-5433.0,USD,Alder Components,HIST-0413,OUT Alder Components,2025-11
TXN-HIST-2025-11-0414,BANK-OPERATING,2025-11-29,547400,5474.0,USD,Keel Services,HIST-0414,IN Keel Services,2025-11
TXN-HIST-2025-11-0415,BANK-OPERATING,2025-11-29,-551500,-5515.0,USD,Quarry Labs,HIST-0415,OUT Quarry Labs,2025-11
TXN-HIST-2025-11-0416,BANK-OPERATING,2025-11-29,-555600,-5556.0,USD,Wharf Works,HIST-0416,OUT Wharf Works,2025-11
TXN-HIST-2025-11-0417,BANK-PAYROLL,2025-11-29,-559700,-5597.0,USD,Driftwood Network,HIST-0417,OUT Driftwood Network,2025-11
TXN-HIST-2025-11-0418,BANK-OPERATING,2025-11-29,-563800,-5638.0,USD,Juniper Group,HIST-0418,OUT Juniper Group,2025-11
TXN-HIST-2025-11-0419,BANK-OPERATING,2025-11-29,-567900,-5679.0,USD,Quince Services,HIST-0419,OUT Quince Services,2025-11
TXN-HIST-2025-11-0420,BANK-OPERATING,2025-11-29,-572000,-5720.0,USD,Walnut Labs,HIST-0420,OUT Walnut Labs,2025-11
TXN-HIST-2025-11-0421,BANK-OPERATING,2025-11-30,576100,5761.0,USD,Ginkgo Studio,HIST-0421,IN Ginkgo Studio,2025-11
TXN-HIST-2025-11-0422,BANK-OPERATING,2025-11-30,-580200,-5802.0,USD,Northwood Systems,HIST-0422,OUT Northwood Systems,2025-11
TXN-HIST-2025-11-0423,BANK-OPERATING,2025-11-30,-584300,-5843.0,USD,Teak Supply,HIST-0423,OUT Teak Supply,2025-11
TXN-HIST-2025-11-0424,BANK-PAYROLL,2025-11-30,-588400,-5884.0,USD,Beacon Partners,HIST-0424,OUT Beacon Partners,2025-11
TXN-HIST-2025-11-0425,BANK-OPERATING,2025-11-30,-592500,-5925.0,USD,Harbor Components,HIST-0425,OUT Harbor Components,2025-11
TXN-HIST-2025-11-0426,BANK-OPERATING,2025-11-30,-596600,-5966.0,USD,Nimbus Studio,HIST-0426,OUT Nimbus Studio,2025-11
TXN-HIST-2025-11-0427,BANK-OPERATING,2025-11-30,-600700,-6007.0,USD,Timber Systems,HIST-0427,OUT Timber Systems,2025-11
TXN-HIST-2025-12-0428,BANK-OPERATING,2025-12-01,604800,6048.0,USD,Echo Works,HIST-0428,IN Echo Works,2025-12
TXN-HIST-2025-12-0429,BANK-OPERATING,2025-12-01,-608900,-6089.0,USD,Keel Network,HIST-0429,OUT Keel Network,2025-12
TXN-HIST-2025-12-0430,BANK-OPERATING,2025-12-01,-613000,-6130.0,USD,Quarry Group,HIST-0430,OUT Quarry Group,2025-12
TXN-HIST-2025-12-0431,BANK-PAYROLL,2025-12-01,-617100,-6171.0,USD,Wharf Services,HIST-0431,OUT Wharf Services,2025-12
TXN-HIST-2025-12-0432,BANK-OPERATING,2025-12-01,-621200,-6212.0,USD,Driftwood Labs,HIST-0432,OUT Driftwood Labs,2025-12
TXN-HIST-2025-12-0433,BANK-OPERATING,2025-12-01,-625300,-6253.0,USD,Juniper Works,HIST-0433,OUT Juniper Works,2025-12
TXN-HIST-2025-12-0434,BANK-OPERATING,2025-12-01,-629400,-6294.0,USD,Quince Network,HIST-0434,OUT Quince Network,2025-12
TXN-HIST-2025-12-0435,BANK-OPERATING,2025-12-02,633500,6335.0,USD,Alder Supply,HIST-0435,IN Alder Supply,2025-12
TXN-HIST-2025-12-0436,BANK-OPERATING,2025-12-02,-637600,-6376.0,USD,Ginkgo Partners,HIST-0436,OUT Ginkgo Partners,2025-12
TXN-HIST-2025-12-0437,BANK-OPERATING,2025-12-02,-641700,-6417.0,USD,Northwood Components,HIST-0437,OUT Northwood Components,2025-12
TXN-HIST-2025-12-0438,BANK-PAYROLL,2025-12-02,-645800,-6458.0,USD,Teak Studio,HIST-0438,OUT Teak Studio,2025-12
TXN-HIST-2025-12-0439,BANK-OPERATING,2025-12-02,-649900,-6499.0,USD,Beacon Systems,HIST-0439,OUT Beacon Systems,2025-12
TXN-HIST-2025-12-0440,BANK-OPERATING,2025-12-02,-654000,-6540.0,USD,Harbor Supply,HIST-0440,OUT Harbor Supply,2025-12
TXN-HIST-2025-12-0441,BANK-OPERATING,2025-12-02,-658100,-6581.0,USD,Nimbus Partners,HIST-0441,OUT Nimbus Partners,2025-12
TXN-HIST-2025-12-0442,BANK-OPERATING,2025-12-03,662200,6622.0,USD,Walnut Group,HIST-0442,IN Walnut Group,2025-12
TXN-HIST-2025-12-0443,BANK-OPERATING,2025-12-03,-666300,-6663.0,USD,Echo Services,HIST-0443,OUT Echo Services,2025-12
TXN-HIST-2025-12-0444,BANK-OPERATING,2025-12-03,-670400,-6704.0,USD,Keel Labs,HIST-0444,OUT Keel Labs,2025-12
TXN-HIST-2025-12-0445,BANK-PAYROLL,2025-12-03,-674500,-6745.0,USD,Quarry Works,HIST-0445,OUT Quarry Works,2025-12
TXN-HIST-2025-12-0446,BANK-OPERATING,2025-12-03,-678600,-6786.0,USD,Wharf Network,HIST-0446,OUT Wharf Network,2025-12
TXN-HIST-2025-12-0447,BANK-OPERATING,2025-12-03,-682700,-6827.0,USD,Driftwood Group,HIST-0447,OUT Driftwood Group,2025-12
TXN-HIST-2025-12-0448,BANK-OPERATING,2025-12-03,-686800,-6868.0,USD,Juniper Services,HIST-0448,OUT Juniper Services,2025-12
TXN-HIST-2025-12-0449,BANK-OPERATING,2025-12-04,690900,6909.0,USD,Timber Components,HIST-0449,IN Timber Components,2025-12
TXN-HIST-2025-12-0450,BANK-OPERATING,2025-12-04,-695000,-6950.0,USD,Alder Studio,HIST-0450,OUT Alder Studio,2025-12
TXN-HIST-2025-12-0451,BANK-OPERATING,2025-12-04,-699100,-6991.0,USD,Ginkgo Systems,HIST-0451,OUT Ginkgo Systems,2025-12
TXN-HIST-2025-12-0452,BANK-PAYROLL,2025-12-04,-703200,-7032.0,USD,Northwood Supply,HIST-0452,OUT Northwood Supply,2025-12
TXN-HIST-2025-12-0453,BANK-OPERATING,2025-12-04,-707300,-7073.0,USD,Teak Partners,HIST-0453,OUT Teak Partners,2025-12
TXN-HIST-2025-12-0454,BANK-OPERATING,2025-12-04,-91400,-914.0,USD,Beacon Components,HIST-0454,OUT Beacon Components,2025-12
TXN-HIST-2025-12-0455,BANK-OPERATING,2025-12-04,-95500,-955.0,USD,Harbor Studio,HIST-0455,OUT Harbor Studio,2025-12
TXN-HIST-2025-12-0456,BANK-OPERATING,2025-12-05,99600,996.0,USD,Quince Labs,HIST-0456,IN Quince Labs,2025-12
TXN-HIST-2025-12-0457,BANK-OPERATING,2025-12-05,-103700,-1037.0,USD,Walnut Works,HIST-0457,OUT Walnut Works,2025-12
TXN-HIST-2025-12-0458,BANK-OPERATING,2025-12-05,-107800,-1078.0,USD,Echo Network,HIST-0458,OUT Echo Network,2025-12
TXN-HIST-2025-12-0459,BANK-PAYROLL,2025-12-05,-111900,-1119.0,USD,Keel Group,HIST-0459,OUT Keel Group,2025-12
TXN-HIST-2025-12-0460,BANK-OPERATING,2025-12-05,-116000,-1160.0,USD,Quarry Services,HIST-0460,OUT Quarry Services,2025-12
TXN-HIST-2025-12-0461,BANK-OPERATING,2025-12-05,-120100,-1201.0,USD,Wharf Labs,HIST-0461,OUT Wharf Labs,2025-12
TXN-HIST-2025-12-0462,BANK-OPERATING,2025-12-05,-124200,-1242.0,USD,Driftwood Works,HIST-0462,OUT Driftwood Works,2025-12
TXN-HIST-2025-12-0463,BANK-OPERATING,2025-12-06,128300,1283.0,USD,Nimbus Systems,HIST-0463,IN Nimbus Systems,2025-12
TXN-HIST-2025-12-0464,BANK-OPERATING,2025-12-06,-132400,-1324.0,USD,Timber Supply,HIST-0464,OUT Timber Supply,2025-12
TXN-HIST-2025-12-0465,BANK-OPERATING,2025-12-06,-136500,-1365.0,USD,Alder Partners,HIST-0465,OUT Alder Partners,2025-12
TXN-HIST-2025-12-0466,BANK-PAYROLL,2025-12-06,-140600,-1406.0,USD,Ginkgo Components,HIST-0466,OUT Ginkgo Components,2025-12
TXN-HIST-2025-12-0467,BANK-OPERATING,2025-12-06,-144700,-1447.0,USD,Northwood Studio,HIST-0467,OUT Northwood Studio,2025-12
TXN-HIST-2025-12-0468,BANK-OPERATING,2025-12-06,-148800,-1488.0,USD,Teak Systems,HIST-0468,OUT Teak Systems,2025-12
TXN-HIST-2025-12-0469,BANK-OPERATING,2025-12-06,-152900,-1529.0,USD,Beacon Supply,HIST-0469,OUT Beacon Supply,2025-12
TXN-HIST-2025-12-0470,BANK-OPERATING,2025-12-07,157000,1570.0,USD,Juniper Network,HIST-0470,IN Juniper Network,2025-12
TXN-HIST-2025-12-0471,BANK-OPERATING,2025-12-07,-161100,-1611.0,USD,Quince Group,HIST-0471,OUT Quince Group,2025-12
TXN-HIST-2025-12-0472,BANK-OPERATING,2025-12-07,-165200,-1652.0,USD,Walnut Services,HIST-0472,OUT Walnut Services,2025-12
TXN-HIST-2025-12-0473,BANK-PAYROLL,2025-12-07,-169300,-1693.0,USD,Echo Labs,HIST-0473,OUT Echo Labs,2025-12
TXN-HIST-2025-12-0474,BANK-OPERATING,2025-12-07,-173400,-1734.0,USD,Keel Works,HIST-0474,OUT Keel Works,2025-12
TXN-HIST-2025-12-0475,BANK-OPERATING,2025-12-07,-177500,-1775.0,USD,Quarry Network,HIST-0475,OUT Quarry Network,2025-12
TXN-HIST-2025-12-0476,BANK-OPERATING,2025-12-07,-181600,-1816.0,USD,Wharf Group,HIST-0476,OUT Wharf Group,2025-12
TXN-HIST-2025-12-0477,BANK-OPERATING,2025-12-08,185700,1857.0,USD,Harbor Partners,HIST-0477,IN Harbor Partners,2025-12
TXN-HIST-2025-12-0478,BANK-OPERATING,2025-12-08,-189800,-1898.0,USD,Nimbus Components,HIST-0478,OUT Nimbus Components,2025-12
TXN-HIST-2025-12-0479,BANK-OPERATING,2025-12-08,-193900,-1939.0,USD,Timber Studio,HIST-0479,OUT Timber Studio,2025-12
TXN-HIST-2025-12-0480,BANK-PAYROLL,2025-12-08,-198000,-1980.0,USD,Alder Systems,HIST-0480,OUT Alder Systems,2025-12
TXN-HIST-2025-12-0481,BANK-OPERATING,2025-12-08,-202100,-2021.0,USD,Ginkgo Supply,HIST-0481,OUT Ginkgo Supply,2025-12
TXN-HIST-2025-12-0482,BANK-OPERATING,2025-12-08,-206200,-2062.0,USD,Northwood Partners,HIST-0482,OUT Northwood Partners,2025-12
TXN-HIST-2025-12-0483,BANK-OPERATING,2025-12-08,-210300,-2103.0,USD,Teak Components,HIST-0483,OUT Teak Components,2025-12
TXN-HIST-2025-12-0484,BANK-OPERATING,2025-12-09,214400,2144.0,USD,Driftwood Services,HIST-0484,IN Driftwood Services,2025-12
TXN-HIST-2025-12-0485,BANK-OPERATING,2025-12-09,-218500,-2185.0,USD,Juniper Labs,HIST-0485,OUT Juniper Labs,2025-12
TXN-HIST-2025-12-0486,BANK-OPERATING,2025-12-09,-222600,-2226.0,USD,Quince Works,HIST-0486,OUT Quince Works,2025-12
TXN-HIST-2025-12-0487,BANK-PAYROLL,2025-12-09,-226700,-2267.0,USD,Walnut Network,HIST-0487,OUT Walnut Network,2025-12
TXN-HIST-2025-12-0488,BANK-OPERATING,2025-12-09,-230800,-2308.0,USD,Echo Group,HIST-0488,OUT Echo Group,2025-12
TXN-HIST-2025-12-0489,BANK-OPERATING,2025-12-09,-234900,-2349.0,USD,Keel Services,HIST-0489,OUT Keel Services,2025-12
TXN-HIST-2025-12-0490,BANK-OPERATING,2025-12-09,-239000,-2390.0,USD,Quarry Labs,HIST-0490,OUT Quarry Labs,2025-12
TXN-HIST-2025-12-0491,BANK-OPERATING,2025-12-10,243100,2431.0,USD,Beacon Studio,HIST-0491,IN Beacon Studio,2025-12
TXN-HIST-2025-12-0492,BANK-OPERATING,2025-12-10,-247200,-2472.0,USD,Harbor Systems,HIST-0492,OUT Harbor Systems,2025-12
TXN-HIST-2025-12-0493,BANK-OPERATING,2025-12-10,-251300,-2513.0,USD,Nimbus Supply,HIST-0493,OUT Nimbus Supply,2025-12
TXN-HIST-2025-12-0494,BANK-PAYROLL,2025-12-10,-255400,-2554.0,USD,Timber Partners,HIST-0494,OUT Timber Partners,2025-12
TXN-HIST-2025-12-0495,BANK-OPERATING,2025-12-10,-259500,-2595.0,USD,Alder Components,HIST-0495,OUT Alder Components,2025-12
TXN-HIST-2025-12-0496,BANK-OPERATING,2025-12-10,-263600,-2636.0,USD,Ginkgo Studio,HIST-0496,OUT Ginkgo Studio,2025-12
TXN-HIST-2025-12-0497,BANK-OPERATING,2025-12-10,-267700,-2677.0,USD,Northwood Systems,HIST-0497,OUT Northwood Systems,2025-12
TXN-HIST-2025-12-0498,BANK-OPERATING,2025-12-11,271800,2718.0,USD,Wharf Works,HIST-0498,IN Wharf Works,2025-12
TXN-HIST-2025-12-0499,BANK-OPERATING,2025-12-11,-275900,-2759.0,USD,Driftwood Network,HIST-0499,OUT Driftwood Network,2025-12
TXN-HIST-2025-12-0500,BANK-OPERATING,2025-12-11,-280000,-2800.0,USD,Juniper Group,HIST-0500,OUT Juniper Group,2025-12
TXN-HIST-2025-12-0501,BANK-PAYROLL,2025-12-11,-284100,-2841.0,USD,Quince Services,HIST-0501,OUT Quince Services,2025-12
TXN-HIST-2025-12-0502,BANK-OPERATING,2025-12-11,-288200,-2882.0,USD,Walnut Labs,HIST-0502,OUT Walnut Labs,2025-12
TXN-HIST-2025-12-0503,BANK-OPERATING,2025-12-11,-292300,-2923.0,USD,Echo Works,HIST-0503,OUT Echo Works,2025-12
TXN-HIST-2025-12-0504,BANK-OPERATING,2025-12-11,-296400,-2964.0,USD,Keel Network,HIST-0504,OUT Keel Network,2025-12
TXN-HIST-2025-12-0505,BANK-OPERATING,2025-12-12,300500,3005.0,USD,Teak Supply,HIST-0505,IN Teak Supply,2025-12
TXN-HIST-2025-12-0506,BANK-OPERATING,2025-12-12,-304600,-3046.0,USD,Beacon Partners,HIST-0506,OUT Beacon Partners,2025-12
TXN-HIST-2025-12-0507,BANK-OPERATING,2025-12-12,-308700,-3087.0,USD,Harbor Components,HIST-0507,OUT Harbor Components,2025-12
TXN-HIST-2025-12-0508,BANK-PAYROLL,2025-12-12,-312800,-3128.0,USD,Nimbus Studio,HIST-0508,OUT Nimbus Studio,2025-12
TXN-HIST-2025-12-0509,BANK-OPERATING,2025-12-12,-316900,-3169.0,USD,Timber Systems,HIST-0509,OUT Timber Systems,2025-12
TXN-HIST-2025-12-0510,BANK-OPERATING,2025-12-12,-321000,-3210.0,USD,Alder Supply,HIST-0510,OUT Alder Supply,2025-12
TXN-HIST-2025-12-0511,BANK-OPERATING,2025-12-12,-325100,-3251.0,USD,Ginkgo Partners,HIST-0511,OUT Ginkgo Partners,2025-12
TXN-HIST-2025-12-0512,BANK-OPERATING,2025-12-13,329200,3292.0,USD,Quarry Group,HIST-0512,IN Quarry Group,2025-12
TXN-HIST-2025-12-0513,BANK-OPERATING,2025-12-13,-333300,-3333.0,USD,Wharf Services,HIST-0513,OUT Wharf Services,2025-12
TXN-HIST-2025-12-0514,BANK-OPERATING,2025-12-13,-337400,-3374.0,USD,Driftwood Labs,HIST-0514,OUT Driftwood Labs,2025-12
TXN-HIST-2025-12-0515,BANK-PAYROLL,2025-12-13,-341500,-3415.0,USD,Juniper Works,HIST-0515,OUT Juniper Works,2025-12
TXN-HIST-2025-12-0516,BANK-OPERATING,2025-12-13,-345600,-3456.0,USD,Quince Network,HIST-0516,OUT Quince Network,2025-12
TXN-HIST-2025-12-0517,BANK-OPERATING,2025-12-13,-349700,-3497.0,USD,Walnut Group,HIST-0517,OUT Walnut Group,2025-12
TXN-HIST-2025-12-0518,BANK-OPERATING,2025-12-13,-353800,-3538.0,USD,Echo Services,HIST-0518,OUT Echo Services,2025-12
TXN-HIST-2025-12-0519,BANK-OPERATING,2025-12-14,357900,3579.0,USD,Northwood Components,HIST-0519,IN Northwood Components,2025-12
TXN-HIST-2025-12-0520,BANK-OPERATING,2025-12-14,-362000,-3620.0,USD,Teak Studio,HIST-0520,OUT Teak Studio,2025-12
TXN-HIST-2025-12-0521,BANK-OPERATING,2025-12-14,-366100,-3661.0,USD,Beacon Systems,HIST-0521,OUT Beacon Systems,2025-12
TXN-HIST-2025-12-0522,BANK-PAYROLL,2025-12-14,-370200,-3702.0,USD,Harbor Supply,HIST-0522,OUT Harbor Supply,2025-12
TXN-HIST-2025-12-0523,BANK-OPERATING,2025-12-14,-374300,-3743.0,USD,Nimbus Partners,HIST-0523,OUT Nimbus Partners,2025-12
TXN-HIST-2025-12-0524,BANK-OPERATING,2025-12-14,-378400,-3784.0,USD,Timber Components,HIST-0524,OUT Timber Components,2025-12
TXN-HIST-2025-12-0525,BANK-OPERATING,2025-12-14,-382500,-3825.0,USD,Alder Studio,HIST-0525,OUT Alder Studio,2025-12
TXN-HIST-2025-12-0526,BANK-OPERATING,2025-12-15,386600,3866.0,USD,Keel Labs,HIST-0526,IN Keel Labs,2025-12
TXN-HIST-2025-12-0527,BANK-OPERATING,2025-12-15,-390700,-3907.0,USD,Quarry Works,HIST-0527,OUT Quarry Works,2025-12
TXN-HIST-2025-12-0528,BANK-OPERATING,2025-12-15,-394800,-3948.0,USD,Wharf Network,HIST-0528,OUT Wharf Network,2025-12
TXN-HIST-2025-12-0529,BANK-PAYROLL,2025-12-15,-398900,-3989.0,USD,Driftwood Group,HIST-0529,OUT Driftwood Group,2025-12
TXN-HIST-2025-12-0530,BANK-OPERATING,2025-12-15,-403000,-4030.0,USD,Juniper Services,HIST-0530,OUT Juniper Services,2025-12
TXN-HIST-2025-12-0531,BANK-OPERATING,2025-12-15,-407100,-4071.0,USD,Quince Labs,HIST-0531,OUT Quince Labs,2025-12
TXN-HIST-2025-12-0532,BANK-OPERATING,2025-12-15,-411200,-4112.0,USD,Walnut Works,HIST-0532,OUT Walnut Works,2025-12
TXN-HIST-2025-12-0533,BANK-OPERATING,2025-12-16,415300,4153.0,USD,Ginkgo Systems,HIST-0533,IN Ginkgo Systems,2025-12
TXN-HIST-2025-12-0534,BANK-OPERATING,2025-12-16,-419400,-4194.0,USD,Northwood Supply,HIST-0534,OUT Northwood Supply,2025-12
TXN-HIST-2025-12-0535,BANK-OPERATING,2025-12-16,-423500,-4235.0,USD,Teak Partners,HIST-0535,OUT Teak Partners,2025-12
TXN-HIST-2025-12-0536,BANK-PAYROLL,2025-12-16,-427600,-4276.0,USD,Beacon Components,HIST-0536,OUT Beacon Components,2025-12
TXN-HIST-2025-12-0537,BANK-OPERATING,2025-12-16,-431700,-4317.0,USD,Harbor Studio,HIST-0537,OUT Harbor Studio,2025-12
TXN-HIST-2025-12-0538,BANK-OPERATING,2025-12-16,-435800,-4358.0,USD,Nimbus Systems,HIST-0538,OUT Nimbus Systems,2025-12
TXN-HIST-2025-12-0539,BANK-OPERATING,2025-12-16,-439900,-4399.0,USD,Timber Supply,HIST-0539,OUT Timber Supply,2025-12
TXN-HIST-2025-12-0540,BANK-OPERATING,2025-12-17,444000,4440.0,USD,Echo Network,HIST-0540,IN Echo Network,2025-12
TXN-HIST-2025-12-0541,BANK-OPERATING,2025-12-17,-448100,-4481.0,USD,Keel Group,HIST-0541,OUT Keel Group,2025-12
TXN-HIST-2025-12-0542,BANK-OPERATING,2025-12-17,-452200,-4522.0,USD,Quarry Services,HIST-0542,OUT Quarry Services,2025-12
TXN-HIST-2025-12-0543,BANK-PAYROLL,2025-12-17,-456300,-4563.0,USD,Wharf Labs,HIST-0543,OUT Wharf Labs,2025-12
TXN-HIST-2025-12-0544,BANK-OPERATING,2025-12-17,-460400,-4604.0,USD,Driftwood Works,HIST-0544,OUT Driftwood Works,2025-12
TXN-HIST-2025-12-0545,BANK-OPERATING,2025-12-17,-464500,-4645.0,USD,Juniper Network,HIST-0545,OUT Juniper Network,2025-12
TXN-HIST-2025-12-0546,BANK-OPERATING,2025-12-17,-468600,-4686.0,USD,Quince Group,HIST-0546,OUT Quince Group,2025-12
TXN-HIST-2025-12-0547,BANK-OPERATING,2025-12-18,472700,4727.0,USD,Alder Partners,HIST-0547,IN Alder Partners,2025-12
TXN-HIST-2025-12-0548,BANK-OPERATING,2025-12-18,-476800,-4768.0,USD,Ginkgo Components,HIST-0548,OUT Ginkgo Components,2025-12
TXN-HIST-2025-12-0549,BANK-OPERATING,2025-12-18,-480900,-4809.0,USD,Northwood Studio,HIST-0549,OUT Northwood Studio,2025-12
TXN-HIST-2025-12-0550,BANK-PAYROLL,2025-12-18,-485000,-4850.0,USD,Teak Systems,HIST-0550,OUT Teak Systems,2025-12
TXN-HIST-2025-12-0551,BANK-OPERATING,2025-12-18,-489100,-4891.0,USD,Beacon Supply,HIST-0551,OUT Beacon Supply,2025-12
TXN-HIST-2025-12-0552,BANK-OPERATING,2025-12-18,-493200,-4932.0,USD,Harbor Partners,HIST-0552,OUT Harbor Partners,2025-12
TXN-HIST-2025-12-0553,BANK-OPERATING,2025-12-18,-497300,-4973.0,USD,Nimbus Components,HIST-0553,OUT Nimbus Components,2025-12
TXN-HIST-2025-12-0554,BANK-OPERATING,2025-12-19,501400,5014.0,USD,Walnut Services,HIST-0554,IN Walnut Services,2025-12
TXN-HIST-2025-12-0555,BANK-OPERATING,2025-12-19,-505500,-5055.0,USD,Echo Labs,HIST-0555,OUT Echo Labs,2025-12
TXN-HIST-2025-12-0556,BANK-OPERATING,2025-12-19,-509600,-5096.0,USD,Keel Works,HIST-0556,OUT Keel Works,2025-12
TXN-HIST-2025-12-0557,BANK-PAYROLL,2025-12-19,-513700,-5137.0,USD,Quarry Network,HIST-0557,OUT Quarry Network,2025-12
TXN-HIST-2025-12-0558,BANK-OPERATING,2025-12-19,-517800,-5178.0,USD,Wharf Group,HIST-0558,OUT Wharf Group,2025-12
TXN-HIST-2025-12-0559,BANK-OPERATING,2025-12-19,-521900,-5219.0,USD,Driftwood Services,HIST-0559,OUT Driftwood Services,2025-12
TXN-HIST-2025-12-0560,BANK-OPERATING,2025-12-19,-526000,-5260.0,USD,Juniper Labs,HIST-0560,OUT Juniper Labs,2025-12
TXN-HIST-2025-12-0561,BANK-OPERATING,2025-12-20,530100,5301.0,USD,Timber Studio,HIST-0561,IN Timber Studio,2025-12
TXN-HIST-2025-12-0562,BANK-OPERATING,2025-12-20,-534200,-5342.0,USD,Alder Systems,HIST-0562,OUT Alder Systems,2025-12
TXN-HIST-2025-12-0563,BANK-OPERATING,2025-12-20,-538300,-5383.0,USD,Ginkgo Supply,HIST-0563,OUT Ginkgo Supply,2025-12
TXN-HIST-2025-12-0564,BANK-PAYROLL,2025-12-20,-542400,-5424.0,USD,Northwood Partners,HIST-0564,OUT Northwood Partners,2025-12
TXN-HIST-2025-12-0565,BANK-OPERATING,2025-12-20,-546500,-5465.0,USD,Teak Components,HIST-0565,OUT Teak Components,2025-12
TXN-HIST-2025-12-0566,BANK-OPERATING,2025-12-20,-550600,-5506.0,USD,Beacon Studio,HIST-0566,OUT Beacon Studio,2025-12
TXN-HIST-2025-12-0567,BANK-OPERATING,2025-12-20,-554700,-5547.0,USD,Harbor Systems,HIST-0567,OUT Harbor Systems,2025-12
TXN-HIST-2025-12-0568,BANK-OPERATING,2025-12-21,558800,5588.0,USD,Quince Works,HIST-0568,IN Quince Works,2025-12
TXN-HIST-2025-12-0569,BANK-OPERATING,2025-12-21,-562900,-5629.0,USD,Walnut Network,HIST-0569,OUT Walnut Network,2025-12
TXN-HIST-2025-12-0570,BANK-OPERATING,2025-12-21,-567000,-5670.0,USD,Echo Group,HIST-0570,OUT Echo Group,2025-12
TXN-HIST-2025-12-0571,BANK-PAYROLL,2025-12-21,-571100,-5711.0,USD,Keel Services,HIST-0571,OUT Keel Services,2025-12
TXN-HIST-2025-12-0572,BANK-OPERATING,2025-12-21,-575200,-5752.0,USD,Quarry Labs,HIST-0572,OUT Quarry Labs,2025-12
TXN-HIST-2025-12-0573,BANK-OPERATING,2025-12-21,-579300,-5793.0,USD,Wharf Works,HIST-0573,OUT Wharf Works,2025-12
TXN-HIST-2025-12-0574,BANK-OPERATING,2025-12-21,-583400,-5834.0,USD,Driftwood Network,HIST-0574,OUT Driftwood Network,2025-12
TXN-HIST-2025-12-0575,BANK-OPERATING,2025-12-22,587500,5875.0,USD,Nimbus Supply,HIST-0575,IN Nimbus Supply,2025-12
TXN-HIST-2025-12-0576,BANK-OPERATING,2025-12-22,-591600,-5916.0,USD,Timber Partners,HIST-0576,OUT Timber Partners,2025-12
TXN-HIST-2025-12-0577,BANK-OPERATING,2025-12-22,-595700,-5957.0,USD,Alder Components,HIST-0577,OUT Alder Components,2025-12
TXN-HIST-2025-12-0578,BANK-PAYROLL,2025-12-22,-599800,-5998.0,USD,Ginkgo Studio,HIST-0578,OUT Ginkgo Studio,2025-12
TXN-HIST-2025-12-0579,BANK-OPERATING,2025-12-22,-603900,-6039.0,USD,Northwood Systems,HIST-0579,OUT Northwood Systems,2025-12
TXN-HIST-2025-12-0580,BANK-OPERATING,2025-12-22,-608000,-6080.0,USD,Teak Supply,HIST-0580,OUT Teak Supply,2025-12
TXN-HIST-2025-12-0581,BANK-OPERATING,2025-12-22,-612100,-6121.0,USD,Beacon Partners,HIST-0581,OUT Beacon Partners,2025-12
TXN-HIST-2025-12-0582,BANK-OPERATING,2025-12-23,616200,6162.0,USD,Juniper Group,HIST-0582,IN Juniper Group,2025-12
TXN-HIST-2025-12-0583,BANK-OPERATING,2025-12-23,-620300,-6203.0,USD,Quince Services,HIST-0583,OUT Quince Services,2025-12
TXN-HIST-2025-12-0584,BANK-OPERATING,2025-12-23,-624400,-6244.0,USD,Walnut Labs,HIST-0584,OUT Walnut Labs,2025-12
TXN-HIST-2025-12-0585,BANK-PAYROLL,2025-12-23,-628500,-6285.0,USD,Echo Works,HIST-0585,OUT Echo Works,2025-12
TXN-HIST-2025-12-0586,BANK-OPERATING,2025-12-23,-632600,-6326.0,USD,Keel Network,HIST-0586,OUT Keel Network,2025-12
TXN-HIST-2025-12-0587,BANK-OPERATING,2025-12-23,-636700,-6367.0,USD,Quarry Group,HIST-0587,OUT Quarry Group,2025-12
TXN-HIST-2025-12-0588,BANK-OPERATING,2025-12-23,-640800,-6408.0,USD,Wharf Services,HIST-0588,OUT Wharf Services,2025-12
TXN-HIST-2025-12-0589,BANK-OPERATING,2025-12-24,644900,6449.0,USD,Harbor Components,HIST-0589,IN Harbor Components,2025-12
TXN-HIST-2025-12-0590,BANK-OPERATING,2025-12-24,-649000,-6490.0,USD,Nimbus Studio,HIST-0590,OUT Nimbus Studio,2025-12
TXN-HIST-2025-12-0591,BANK-OPERATING,2025-12-24,-653100,-6531.0,USD,Timber Systems,HIST-0591,OUT Timber Systems,2025-12
TXN-HIST-2025-12-0592,BANK-PAYROLL,2025-12-24,-657200,-6572.0,USD,Alder Supply,HIST-0592,OUT Alder Supply,2025-12
TXN-HIST-2025-12-0593,BANK-OPERATING,2025-12-24,-661300,-6613.0,USD,Ginkgo Partners,HIST-0593,OUT Ginkgo Partners,2025-12
TXN-HIST-2025-12-0594,BANK-OPERATING,2025-12-24,-665400,-6654.0,USD,Northwood Components,HIST-0594,OUT Northwood Components,2025-12
TXN-HIST-2025-12-0595,BANK-OPERATING,2025-12-24,-669500,-6695.0,USD,Teak Studio,HIST-0595,OUT Teak Studio,2025-12
TXN-HIST-2025-12-0596,BANK-OPERATING,2025-12-25,673600,6736.0,USD,Driftwood Labs,HIST-0596,IN Driftwood Labs,2025-12
TXN-HIST-2025-12-0597,BANK-OPERATING,2025-12-25,-677700,-6777.0,USD,Juniper Works,HIST-0597,OUT Juniper Works,2025-12
TXN-HIST-2025-12-0598,BANK-OPERATING,2025-12-25,-681800,-6818.0,USD,Quince Network,HIST-0598,OUT Quince Network,2025-12
TXN-HIST-2025-12-0599,BANK-PAYROLL,2025-12-25,-685900,-6859.0,USD,Walnut Group,HIST-0599,OUT Walnut Group,2025-12
TXN-HIST-2025-12-0600,BANK-OPERATING,2025-12-25,-690000,-6900.0,USD,Echo Services,HIST-0600,OUT Echo Services,2025-12
TXN-HIST-2025-12-0601,BANK-OPERATING,2025-12-25,-694100,-6941.0,USD,Keel Labs,HIST-0601,OUT Keel Labs,2025-12
TXN-HIST-2025-12-0602,BANK-OPERATING,2025-12-25,-698200,-6982.0,USD,Quarry Works,HIST-0602,OUT Quarry Works,2025-12
TXN-HIST-2025-12-0603,BANK-OPERATING,2025-12-26,702300,7023.0,USD,Beacon Systems,HIST-0603,IN Beacon Systems,2025-12
TXN-HIST-2025-12-0604,BANK-OPERATING,2025-12-26,-706400,-7064.0,USD,Harbor Supply,HIST-0604,OUT Harbor Supply,2025-12
TXN-HIST-2025-12-0605,BANK-OPERATING,2025-12-26,-90500,-905.0,USD,Nimbus Partners,HIST-0605,OUT Nimbus Partners,2025-12
TXN-HIST-2025-12-0606,BANK-PAYROLL,2025-12-26,-94600,-946.0,USD,Timber Components,HIST-0606,OUT Timber Components,2025-12
TXN-HIST-2025-12-0607,BANK-OPERATING,2025-12-26,-98700,-987.0,USD,Alder Studio,HIST-0607,OUT Alder Studio,2025-12
TXN-HIST-2025-12-0608,BANK-OPERATING,2025-12-26,-102800,-1028.0,USD,Ginkgo Systems,HIST-0608,OUT Ginkgo Systems,2025-12
TXN-HIST-2025-12-0609,BANK-OPERATING,2025-12-26,-106900,-1069.0,USD,Northwood Supply,HIST-0609,OUT Northwood Supply,2025-12
TXN-HIST-2025-12-0610,BANK-OPERATING,2025-12-27,111000,1110.0,USD,Wharf Network,HIST-0610,IN Wharf Network,2025-12
TXN-HIST-2025-12-0611,BANK-OPERATING,2025-12-27,-115100,-1151.0,USD,Driftwood Group,HIST-0611,OUT Driftwood Group,2025-12
TXN-HIST-2025-12-0612,BANK-OPERATING,2025-12-27,-119200,-1192.0,USD,Juniper Services,HIST-0612,OUT Juniper Services,2025-12
TXN-HIST-2025-12-0613,BANK-PAYROLL,2025-12-27,-123300,-1233.0,USD,Quince Labs,HIST-0613,OUT Quince Labs,2025-12
TXN-HIST-2025-12-0614,BANK-OPERATING,2025-12-27,-127400,-1274.0,USD,Walnut Works,HIST-0614,OUT Walnut Works,2025-12
TXN-HIST-2025-12-0615,BANK-OPERATING,2025-12-27,-131500,-1315.0,USD,Echo Network,HIST-0615,OUT Echo Network,2025-12
TXN-HIST-2025-12-0616,BANK-OPERATING,2025-12-27,-135600,-1356.0,USD,Keel Group,HIST-0616,OUT Keel Group,2025-12
TXN-HIST-2025-12-0617,BANK-OPERATING,2025-12-28,139700,1397.0,USD,Teak Partners,HIST-0617,IN Teak Partners,2025-12
TXN-HIST-2025-12-0618,BANK-OPERATING,2025-12-28,-143800,-1438.0,USD,Beacon Components,HIST-0618,OUT Beacon Components,2025-12
TXN-HIST-2025-12-0619,BANK-OPERATING,2025-12-28,-147900,-1479.0,USD,Harbor Studio,HIST-0619,OUT Harbor Studio,2025-12
TXN-HIST-2025-12-0620,BANK-PAYROLL,2025-12-28,-152000,-1520.0,USD,Nimbus Systems,HIST-0620,OUT Nimbus Systems,2025-12
TXN-HIST-2025-12-0621,BANK-OPERATING,2025-12-28,-156100,-1561.0,USD,Timber Supply,HIST-0621,OUT Timber Supply,2025-12
TXN-HIST-2025-12-0622,BANK-OPERATING,2025-12-28,-160200,-1602.0,USD,Alder Partners,HIST-0622,OUT Alder Partners,2025-12
TXN-HIST-2025-12-0623,BANK-OPERATING,2025-12-28,-164300,-1643.0,USD,Ginkgo Components,HIST-0623,OUT Ginkgo Components,2025-12
TXN-HIST-2025-12-0624,BANK-OPERATING,2025-12-29,168400,1684.0,USD,Quarry Services,HIST-0624,IN Quarry Services,2025-12
TXN-HIST-2025-12-0625,BANK-OPERATING,2025-12-29,-172500,-1725.0,USD,Wharf Labs,HIST-0625,OUT Wharf Labs,2025-12
TXN-HIST-2025-12-0626,BANK-OPERATING,2025-12-29,-176600,-1766.0,USD,Driftwood Works,HIST-0626,OUT Driftwood Works,2025-12
TXN-HIST-2025-12-0627,BANK-PAYROLL,2025-12-29,-180700,-1807.0,USD,Juniper Network,HIST-0627,OUT Juniper Network,2025-12
TXN-HIST-2025-12-0628,BANK-OPERATING,2025-12-29,-184800,-1848.0,USD,Quince Group,HIST-0628,OUT Quince Group,2025-12
TXN-HIST-2025-12-0629,BANK-OPERATING,2025-12-29,-188900,-1889.0,USD,Walnut Services,HIST-0629,OUT Walnut Services,2025-12
TXN-HIST-2025-12-0630,BANK-OPERATING,2025-12-29,-193000,-1930.0,USD,Echo Labs,HIST-0630,OUT Echo Labs,2025-12
TXN-HIST-2025-12-0631,BANK-OPERATING,2025-12-30,197100,1971.0,USD,Northwood Studio,HIST-0631,IN Northwood Studio,2025-12
TXN-HIST-2025-12-0632,BANK-OPERATING,2025-12-30,-201200,-2012.0,USD,Teak Systems,HIST-0632,OUT Teak Systems,2025-12
TXN-HIST-2025-12-0633,BANK-OPERATING,2025-12-30,-205300,-2053.0,USD,Beacon Supply,HIST-0633,OUT Beacon Supply,2025-12
TXN-HIST-2025-12-0634,BANK-PAYROLL,2025-12-30,-209400,-2094.0,USD,Harbor Partners,HIST-0634,OUT Harbor Partners,2025-12
TXN-HIST-2025-12-0635,BANK-OPERATING,2025-12-30,-213500,-2135.0,USD,Nimbus Components,HIST-0635,OUT Nimbus Components,2025-12
TXN-HIST-2025-12-0636,BANK-OPERATING,2025-12-30,-217600,-2176.0,USD,Timber Studio,HIST-0636,OUT Timber Studio,2025-12
TXN-HIST-2025-12-0637,BANK-OPERATING,2025-12-30,-221700,-2217.0,USD,Alder Systems,HIST-0637,OUT Alder Systems,2025-12
TXN-HIST-2025-12-0638,BANK-OPERATING,2025-12-31,225800,2258.0,USD,Keel Works,HIST-0638,IN Keel Works,2025-12
TXN-HIST-2025-12-0639,BANK-OPERATING,2025-12-31,-229900,-2299.0,USD,Quarry Network,HIST-0639,OUT Quarry Network,2025-12
TXN-HIST-2025-12-0640,BANK-OPERATING,2025-12-31,-234000,-2340.0,USD,Wharf Group,HIST-0640,OUT Wharf Group,2025-12
TXN-HIST-2025-12-0641,BANK-PAYROLL,2025-12-31,-238100,-2381.0,USD,Driftwood Services,HIST-0641,OUT Driftwood Services,2025-12
TXN-HIST-2025-12-0642,BANK-OPERATING,2025-12-31,-242200,-2422.0,USD,Juniper Labs,HIST-0642,OUT Juniper Labs,2025-12
TXN-HIST-2025-12-0643,BANK-OPERATING,2025-12-31,-246300,-2463.0,USD,Acme Supplies,HIST-0643,OUT Acme Supplies,2025-12
TXN-HIST-2025-12-0644,BANK-OPERATING,2025-12-31,-250400,-2504.0,USD,Acme Supply Co.,HIST-0644,OUT Acme Supply Co.,2025-12
TXN-HIST-2026-01-0645,BANK-OPERATING,2026-01-01,254500,2545.0,USD,Ginkgo Supply,HIST-0645,IN Ginkgo Supply,2026-01
TXN-HIST-2026-01-0646,BANK-OPERATING,2026-01-01,-258600,-2586.0,USD,Northwood Partners,HIST-0646,OUT Northwood Partners,2026-01
TXN-HIST-2026-01-0647,BANK-OPERATING,2026-01-01,-262700,-2627.0,USD,Acme Supplies LLC,HIST-0647,OUT Acme Supplies LLC,2026-01
TXN-HIST-2026-01-0648,BANK-PAYROLL,2026-01-01,-266800,-2668.0,USD,Amazon Web Services,HIST-0648,OUT Amazon Web Services,2026-01
TXN-HIST-2026-01-0649,BANK-OPERATING,2026-01-01,-270900,-2709.0,USD,Office Depot,HIST-0649,OUT Office Depot,2026-01
TXN-HIST-2026-01-0650,BANK-OPERATING,2026-01-01,-275000,-2750.0,USD,Datadog,HIST-0650,OUT Datadog,2026-01
TXN-HIST-2026-01-0651,BANK-OPERATING,2026-01-01,-279100,-2791.0,USD,Figma,HIST-0651,OUT Figma,2026-01
TXN-HIST-2026-01-0652,BANK-OPERATING,2026-01-02,283200,2832.0,USD,Northline Fabrication,HIST-0652,IN Northline Fabrication,2026-01
TXN-HIST-2026-01-0653,BANK-OPERATING,2026-01-02,-287300,-2873.0,USD,Helios Hardware,HIST-0653,OUT Helios Hardware,2026-01
TXN-HIST-2026-01-0654,BANK-OPERATING,2026-01-02,-291400,-2914.0,USD,Slack Technologies,HIST-0654,OUT Slack Technologies,2026-01
TXN-HIST-2026-01-0655,BANK-PAYROLL,2026-01-02,-295500,-2955.0,USD,Google Cloud,HIST-0655,OUT Google Cloud,2026-01
TXN-HIST-2026-01-0656,BANK-OPERATING,2026-01-02,-299600,-2996.0,USD,Orbit Analytics,HIST-0656,OUT Orbit Analytics,2026-01
TXN-HIST-2026-01-0657,BANK-OPERATING,2026-01-02,-303700,-3037.0,USD,Dell Technologies,HIST-0657,OUT Dell Technologies,2026-01
TXN-HIST-2026-01-0658,BANK-OPERATING,2026-01-02,-307800,-3078.0,USD,Lindholm & Ruiz LLP,HIST-0658,OUT Lindholm & Ruiz LLP,2026-01
TXN-HIST-2026-01-0659,BANK-OPERATING,2026-01-03,311900,3119.0,USD,Hartford Insurance,HIST-0659,IN Hartford Insurance,2026-01
TXN-HIST-2026-01-0660,BANK-OPERATING,2026-01-03,-316000,-3160.0,USD,Cambridge Properties,HIST-0660,OUT Cambridge Properties,2026-01
TXN-HIST-2026-01-0661,BANK-OPERATING,2026-01-03,-320100,-3201.0,USD,Harbor Electric,HIST-0661,OUT Harbor Electric,2026-01
TXN-HIST-2026-01-0662,BANK-PAYROLL,2026-01-03,-324200,-3242.0,USD,GitHub,HIST-0662,OUT GitHub,2026-01
TXN-HIST-2026-01-0663,BANK-OPERATING,2026-01-03,-328300,-3283.0,USD,Freightline Logistics,HIST-0663,OUT Freightline Logistics,2026-01
TXN-HIST-2026-01-0664,BANK-OPERATING,2026-01-03,-332400,-3324.0,USD,Misc Supplies,HIST-0664,OUT Misc Supplies,2026-01
TXN-HIST-2026-01-0665,BANK-OPERATING,2026-01-03,-336500,-3365.0,USD,Notion Labs,HIST-0665,OUT Notion Labs,2026-01
TXN-HIST-2026-01-0666,BANK-OPERATING,2026-01-04,340600,3406.0,USD,Shadow Vendor LLC,HIST-0666,IN Shadow Vendor LLC,2026-01
TXN-HIST-2026-01-0667,BANK-OPERATING,2026-01-04,-344700,-3447.0,USD,Lenovo,HIST-0667,OUT Lenovo,2026-01
TXN-HIST-2026-01-0668,BANK-OPERATING,2026-01-04,-348800,-3488.0,USD,Twilio,HIST-0668,OUT Twilio,2026-01
TXN-HIST-2026-01-0669,BANK-PAYROLL,2026-01-04,-352900,-3529.0,USD,Snowflake,HIST-0669,OUT Snowflake,2026-01
TXN-HIST-2026-01-0670,BANK-OPERATING,2026-01-04,-357000,-3570.0,USD,CrowdStrike,HIST-0670,OUT CrowdStrike,2026-01
TXN-HIST-2026-01-0671,BANK-OPERATING,2026-01-04,-361100,-3611.0,USD,Atlassian,HIST-0671,OUT Atlassian,2026-01
TXN-HIST-2026-01-0672,BANK-OPERATING,2026-01-04,-365200,-3652.0,USD,Northline Fab Group,HIST-0672,OUT Northline Fab Group,2026-01
TXN-HIST-2026-01-0673,BANK-OPERATING,2026-01-05,369300,3693.0,USD,Okta,HIST-0673,IN Okta,2026-01
TXN-HIST-2026-01-0674,BANK-OPERATING,2026-01-05,-373400,-3734.0,USD,Zoom Video,HIST-0674,OUT Zoom Video,2026-01
TXN-HIST-2026-01-0675,BANK-OPERATING,2026-01-05,-377500,-3775.0,USD,Cloudflare,HIST-0675,OUT Cloudflare,2026-01
TXN-HIST-2026-01-0676,BANK-PAYROLL,2026-01-05,-381600,-3816.0,USD,Helios Hardware Supply,HIST-0676,OUT Helios Hardware Supply,2026-01
TXN-HIST-2026-01-0677,BANK-OPERATING,2026-01-05,-385700,-3857.0,USD,Staples Business Advantage,HIST-0677,OUT Staples Business Advantage,2026-01
TXN-HIST-2026-01-0678,BANK-OPERATING,2026-01-05,-389800,-3898.0,USD,ADP,HIST-0678,OUT ADP,2026-01
TXN-HIST-2026-01-0679,BANK-OPERATING,2026-01-05,-393900,-3939.0,USD,Comcast Business,HIST-0679,OUT Comcast Business,2026-01
TXN-HIST-2026-01-0680,BANK-OPERATING,2026-01-06,398000,3980.0,USD,Harbor Power & Light,HIST-0680,IN Harbor Power & Light,2026-01
TXN-HIST-2026-01-0681,BANK-OPERATING,2026-01-06,-402100,-4021.0,USD,FedEx,HIST-0681,OUT FedEx,2026-01
TXN-HIST-2026-01-0682,BANK-OPERATING,2026-01-06,-406200,-4062.0,USD,WeWork Cambridge,HIST-0682,OUT WeWork Cambridge,2026-01
TXN-HIST-2026-01-0683,BANK-PAYROLL,2026-01-06,-410300,-4103.0,USD,Pagaya Coffee Service,HIST-0683,OUT Pagaya Coffee Service,2026-01
TXN-HIST-2026-01-0684,BANK-OPERATING,2026-01-06,-414400,-4144.0,USD,Kendall Square Parking,HIST-0684,OUT Kendall Square Parking,2026-01
TXN-HIST-2026-01-0685,BANK-OPERATING,2026-01-06,-418500,-4185.0,USD,Stripe Processing,HIST-0685,OUT Stripe Processing,2026-01
TXN-HIST-2026-01-0686,BANK-OPERATING,2026-01-06,-422600,-4226.0,USD,DocuSign,HIST-0686,OUT DocuSign,2026-01
TXN-HIST-2026-01-0687,BANK-OPERATING,2026-01-07,426700,4267.0,USD,CleanRoom Janitorial,HIST-0687,IN CleanRoom Janitorial,2026-01
TXN-HIST-2026-01-0688,BANK-OPERATING,2026-01-07,-430800,-4308.0,USD,HubSpot,HIST-0688,OUT HubSpot,2026-01
TXN-HIST-2026-01-0689,BANK-OPERATING,2026-01-07,-434900,-4349.0,USD,Adyen NV,HIST-0689,OUT Adyen NV,2026-01
TXN-HIST-2026-01-0690,BANK-PAYROLL,2026-01-07,-439000,-4390.0,USD,Palo Alto Networks,HIST-0690,OUT Palo Alto Networks,2026-01
TXN-HIST-2026-01-0691,BANK-OPERATING,2026-01-07,-443100,-4431.0,USD,Carta,HIST-0691,OUT Carta,2026-01
TXN-HIST-2026-01-0692,BANK-OPERATING,2026-01-07,-447200,-4472.0,USD,Vanta,HIST-0692,OUT Vanta,2026-01
TXN-HIST-2026-01-0693,BANK-OPERATING,2026-01-07,-451300,-4513.0,USD,Northwood Supply,HIST-0693,OUT Northwood Supply,2026-01
TXN-HIST-2026-01-0694,BANK-OPERATING,2026-01-08,455400,4554.0,USD,Boston Edison Steam,HIST-0694,IN Boston Edison Steam,2026-01
TXN-HIST-2026-01-0695,BANK-OPERATING,2026-01-08,-459500,-4595.0,USD,Gusto Payroll,HIST-0695,OUT Gusto Payroll,2026-01
TXN-HIST-2026-01-0696,BANK-OPERATING,2026-01-08,-463600,-4636.0,USD,Linear App,HIST-0696,OUT Linear App,2026-01
TXN-HIST-2026-01-0697,BANK-PAYROLL,2026-01-08,-467700,-4677.0,USD,Quince Labs,HIST-0697,OUT Quince Labs,2026-01
TXN-HIST-2026-01-0698,BANK-OPERATING,2026-01-08,-471800,-4718.0,USD,Walnut Works,HIST-0698,OUT Walnut Works,2026-01
TXN-HIST-2026-01-0699,BANK-OPERATING,2026-01-08,-475900,-4759.0,USD,Echo Network,HIST-0699,OUT Echo Network,2026-01
TXN-HIST-2026-01-0700,BANK-OPERATING,2026-01-08,-480000,-4800.0,USD,Keel Group,HIST-0700,OUT Keel Group,2026-01
TXN-HIST-2026-01-0701,BANK-OPERATING,2026-01-09,484100,4841.0,USD,Teak Partners,HIST-0701,IN Teak Partners,2026-01
TXN-HIST-2026-01-0702,BANK-OPERATING,2026-01-09,-488200,-4882.0,USD,Beacon Components,HIST-0702,OUT Beacon Components,2026-01
TXN-HIST-2026-01-0703,BANK-OPERATING,2026-01-09,-492300,-4923.0,USD,Harbor Studio,HIST-0703,OUT Harbor Studio,2026-01
TXN-HIST-2026-01-0704,BANK-PAYROLL,2026-01-09,-496400,-4964.0,USD,Nimbus Systems,HIST-0704,OUT Nimbus Systems,2026-01
TXN-HIST-2026-01-0705,BANK-OPERATING,2026-01-09,-500500,-5005.0,USD,Timber Supply,HIST-0705,OUT Timber Supply,2026-01
TXN-HIST-2026-01-0706,BANK-OPERATING,2026-01-09,-504600,-5046.0,USD,Alder Partners,HIST-0706,OUT Alder Partners,2026-01
TXN-HIST-2026-01-0707,BANK-OPERATING,2026-01-09,-508700,-5087.0,USD,Ginkgo Components,HIST-0707,OUT Ginkgo Components,2026-01
TXN-HIST-2026-01-0708,BANK-OPERATING,2026-01-10,512800,5128.0,USD,Quarry Services,HIST-0708,IN Quarry Services,2026-01
TXN-HIST-2026-01-0709,BANK-OPERATING,2026-01-10,-516900,-5169.0,USD,Wharf Labs,HIST-0709,OUT Wharf Labs,2026-01
TXN-HIST-2026-01-0710,BANK-OPERATING,2026-01-10,-521000,-5210.0,USD,Driftwood Works,HIST-0710,OUT Driftwood Works,2026-01
TXN-HIST-2026-01-0711,BANK-PAYROLL,2026-01-10,-525100,-5251.0,USD,Juniper Network,HIST-0711,OUT Juniper Network,2026-01
TXN-HIST-2026-01-0712,BANK-OPERATING,2026-01-10,-529200,-5292.0,USD,Quince Group,HIST-0712,OUT Quince Group,2026-01
TXN-HIST-2026-01-0713,BANK-OPERATING,2026-01-10,-533300,-5333.0,USD,Walnut Services,HIST-0713,OUT Walnut Services,2026-01
TXN-HIST-2026-01-0714,BANK-OPERATING,2026-01-10,-537400,-5374.0,USD,Echo Labs,HIST-0714,OUT Echo Labs,2026-01
TXN-HIST-2026-01-0715,BANK-OPERATING,2026-01-11,541500,5415.0,USD,Northwood Studio,HIST-0715,IN Northwood Studio,2026-01
TXN-HIST-2026-01-0716,BANK-OPERATING,2026-01-11,-545600,-5456.0,USD,Teak Systems,HIST-0716,OUT Teak Systems,2026-01
TXN-HIST-2026-01-0717,BANK-OPERATING,2026-01-11,-549700,-5497.0,USD,Beacon Supply,HIST-0717,OUT Beacon Supply,2026-01
TXN-HIST-2026-01-0718,BANK-PAYROLL,2026-01-11,-553800,-5538.0,USD,Harbor Partners,HIST-0718,OUT Harbor Partners,2026-01
TXN-HIST-2026-01-0719,BANK-OPERATING,2026-01-11,-557900,-5579.0,USD,Nimbus Components,HIST-0719,OUT Nimbus Components,2026-01
TXN-HIST-2026-01-0720,BANK-OPERATING,2026-01-11,-562000,-5620.0,USD,Timber Studio,HIST-0720,OUT Timber Studio,2026-01
TXN-HIST-2026-01-0721,BANK-OPERATING,2026-01-11,-566100,-5661.0,USD,Alder Systems,HIST-0721,OUT Alder Systems,2026-01
TXN-HIST-2026-01-0722,BANK-OPERATING,2026-01-12,570200,5702.0,USD,Keel Works,HIST-0722,IN Keel Works,2026-01
TXN-HIST-2026-01-0723,BANK-OPERATING,2026-01-12,-574300,-5743.0,USD,Quarry Network,HIST-0723,OUT Quarry Network,2026-01
TXN-HIST-2026-01-0724,BANK-OPERATING,2026-01-12,-578400,-5784.0,USD,Wharf Group,HIST-0724,OUT Wharf Group,2026-01
TXN-HIST-2026-01-0725,BANK-PAYROLL,2026-01-12,-582500,-5825.0,USD,Driftwood Services,HIST-0725,OUT Driftwood Services,2026-01
TXN-HIST-2026-01-0726,BANK-OPERATING,2026-01-12,-586600,-5866.0,USD,Juniper Labs,HIST-0726,OUT Juniper Labs,2026-01
TXN-HIST-2026-01-0727,BANK-OPERATING,2026-01-12,-590700,-5907.0,USD,Quince Works,HIST-0727,OUT Quince Works,2026-01
TXN-HIST-2026-01-0728,BANK-OPERATING,2026-01-12,-594800,-5948.0,USD,Walnut Network,HIST-0728,OUT Walnut Network,2026-01
TXN-HIST-2026-01-0729,BANK-OPERATING,2026-01-13,598900,5989.0,USD,Ginkgo Supply,HIST-0729,IN Ginkgo Supply,2026-01
TXN-HIST-2026-01-0730,BANK-OPERATING,2026-01-13,-603000,-6030.0,USD,Northwood Partners,HIST-0730,OUT Northwood Partners,2026-01
TXN-HIST-2026-01-0731,BANK-OPERATING,2026-01-13,-607100,-6071.0,USD,Teak Components,HIST-0731,OUT Teak Components,2026-01
TXN-HIST-2026-01-0732,BANK-PAYROLL,2026-01-13,-611200,-6112.0,USD,Beacon Studio,HIST-0732,OUT Beacon Studio,2026-01
TXN-HIST-2026-01-0733,BANK-OPERATING,2026-01-13,-615300,-6153.0,USD,Harbor Systems,HIST-0733,OUT Harbor Systems,2026-01
TXN-HIST-2026-01-0734,BANK-OPERATING,2026-01-13,-619400,-6194.0,USD,Nimbus Supply,HIST-0734,OUT Nimbus Supply,2026-01
TXN-HIST-2026-01-0735,BANK-OPERATING,2026-01-13,-623500,-6235.0,USD,Timber Partners,HIST-0735,OUT Timber Partners,2026-01
TXN-HIST-2026-01-0736,BANK-OPERATING,2026-01-14,627600,6276.0,USD,Echo Group,HIST-0736,IN Echo Group,2026-01
TXN-HIST-2026-01-0737,BANK-OPERATING,2026-01-14,-631700,-6317.0,USD,Keel Services,HIST-0737,OUT Keel Services,2026-01
TXN-HIST-2026-01-0738,BANK-OPERATING,2026-01-14,-635800,-6358.0,USD,Quarry Labs,HIST-0738,OUT Quarry Labs,2026-01
TXN-HIST-2026-01-0739,BANK-PAYROLL,2026-01-14,-639900,-6399.0,USD,Wharf Works,HIST-0739,OUT Wharf Works,2026-01
TXN-HIST-2026-01-0740,BANK-OPERATING,2026-01-14,-644000,-6440.0,USD,Driftwood Network,HIST-0740,OUT Driftwood Network,2026-01
TXN-HIST-2026-01-0741,BANK-OPERATING,2026-01-14,-648100,-6481.0,USD,Juniper Group,HIST-0741,OUT Juniper Group,2026-01
TXN-HIST-2026-01-0742,BANK-OPERATING,2026-01-14,-652200,-6522.0,USD,Quince Services,HIST-0742,OUT Quince Services,2026-01
TXN-HIST-2026-01-0743,BANK-OPERATING,2026-01-15,656300,6563.0,USD,Alder Components,HIST-0743,IN Alder Components,2026-01
TXN-HIST-2026-01-0744,BANK-OPERATING,2026-01-15,-660400,-6604.0,USD,Ginkgo Studio,HIST-0744,OUT Ginkgo Studio,2026-01
TXN-HIST-2026-01-0745,BANK-OPERATING,2026-01-15,-664500,-6645.0,USD,Northwood Systems,HIST-0745,OUT Northwood Systems,2026-01
TXN-HIST-2026-01-0746,BANK-PAYROLL,2026-01-15,-668600,-6686.0,USD,Teak Supply,HIST-0746,OUT Teak Supply,2026-01
TXN-HIST-2026-01-0747,BANK-OPERATING,2026-01-15,-672700,-6727.0,USD,Beacon Partners,HIST-0747,OUT Beacon Partners,2026-01
TXN-HIST-2026-01-0748,BANK-OPERATING,2026-01-15,-676800,-6768.0,USD,Harbor Components,HIST-0748,OUT Harbor Components,2026-01
TXN-HIST-2026-01-0749,BANK-OPERATING,2026-01-15,-680900,-6809.0,USD,Nimbus Studio,HIST-0749,OUT Nimbus Studio,2026-01
TXN-HIST-2026-01-0750,BANK-OPERATING,2026-01-16,685000,6850.0,USD,Walnut Labs,HIST-0750,IN Walnut Labs,2026-01
TXN-HIST-2026-01-0751,BANK-OPERATING,2026-01-16,-689100,-6891.0,USD,Echo Works,HIST-0751,OUT Echo Works,2026-01
TXN-HIST-2026-01-0752,BANK-OPERATING,2026-01-16,-693200,-6932.0,USD,Keel Network,HIST-0752,OUT Keel Network,2026-01
TXN-HIST-2026-01-0753,BANK-PAYROLL,2026-01-16,-697300,-6973.0,USD,Quarry Group,HIST-0753,OUT Quarry Group,2026-01
TXN-HIST-2026-01-0754,BANK-OPERATING,2026-01-16,-701400,-7014.0,USD,Wharf Services,HIST-0754,OUT Wharf Services,2026-01
TXN-HIST-2026-01-0755,BANK-OPERATING,2026-01-16,-705500,-7055.0,USD,Driftwood Labs,HIST-0755,OUT Driftwood Labs,2026-01
TXN-HIST-2026-01-0756,BANK-OPERATING,2026-01-16,-709600,-7096.0,USD,Juniper Works,HIST-0756,OUT Juniper Works,2026-01
TXN-HIST-2026-01-0757,BANK-OPERATING,2026-01-17,93700,937.0,USD,Timber Systems,HIST-0757,IN Timber Systems,2026-01
TXN-HIST-2026-01-0758,BANK-OPERATING,2026-01-17,-97800,-978.0,USD,Alder Supply,HIST-0758,OUT Alder Supply,2026-01
TXN-HIST-2026-01-0759,BANK-OPERATING,2026-01-17,-101900,-1019.0,USD,Ginkgo Partners,HIST-0759,OUT Ginkgo Partners,2026-01
TXN-HIST-2026-01-0760,BANK-PAYROLL,2026-01-17,-106000,-1060.0,USD,Northwood Components,HIST-0760,OUT Northwood Components,2026-01
TXN-HIST-2026-01-0761,BANK-OPERATING,2026-01-17,-110100,-1101.0,USD,Teak Studio,HIST-0761,OUT Teak Studio,2026-01
TXN-HIST-2026-01-0762,BANK-OPERATING,2026-01-17,-114200,-1142.0,USD,Beacon Systems,HIST-0762,OUT Beacon Systems,2026-01
TXN-HIST-2026-01-0763,BANK-OPERATING,2026-01-17,-118300,-1183.0,USD,Harbor Supply,HIST-0763,OUT Harbor Supply,2026-01
TXN-HIST-2026-01-0764,BANK-OPERATING,2026-01-18,122400,1224.0,USD,Quince Network,HIST-0764,IN Quince Network,2026-01
TXN-HIST-2026-01-0765,BANK-OPERATING,2026-01-18,-126500,-1265.0,USD,Walnut Group,HIST-0765,OUT Walnut Group,2026-01
TXN-HIST-2026-01-0766,BANK-OPERATING,2026-01-18,-130600,-1306.0,USD,Echo Services,HIST-0766,OUT Echo Services,2026-01
TXN-HIST-2026-01-0767,BANK-PAYROLL,2026-01-18,-134700,-1347.0,USD,Keel Labs,HIST-0767,OUT Keel Labs,2026-01
TXN-HIST-2026-01-0768,BANK-OPERATING,2026-01-18,-138800,-1388.0,USD,Quarry Works,HIST-0768,OUT Quarry Works,2026-01
TXN-HIST-2026-01-0769,BANK-OPERATING,2026-01-18,-142900,-1429.0,USD,Wharf Network,HIST-0769,OUT Wharf Network,2026-01
TXN-HIST-2026-01-0770,BANK-OPERATING,2026-01-18,-147000,-1470.0,USD,Driftwood Group,HIST-0770,OUT Driftwood Group,2026-01
TXN-HIST-2026-01-0771,BANK-OPERATING,2026-01-19,151100,1511.0,USD,Nimbus Partners,HIST-0771,IN Nimbus Partners,2026-01
TXN-HIST-2026-01-0772,BANK-OPERATING,2026-01-19,-155200,-1552.0,USD,Timber Components,HIST-0772,OUT Timber Components,2026-01
TXN-HIST-2026-01-0773,BANK-OPERATING,2026-01-19,-159300,-1593.0,USD,Alder Studio,HIST-0773,OUT Alder Studio,2026-01
TXN-HIST-2026-01-0774,BANK-PAYROLL,2026-01-19,-163400,-1634.0,USD,Ginkgo Systems,HIST-0774,OUT Ginkgo Systems,2026-01
TXN-HIST-2026-01-0775,BANK-OPERATING,2026-01-19,-167500,-1675.0,USD,Northwood Supply,HIST-0775,OUT Northwood Supply,2026-01
TXN-HIST-2026-01-0776,BANK-OPERATING,2026-01-19,-171600,-1716.0,USD,Teak Partners,HIST-0776,OUT Teak Partners,2026-01
TXN-HIST-2026-01-0777,BANK-OPERATING,2026-01-19,-175700,-1757.0,USD,Beacon Components,HIST-0777,OUT Beacon Components,2026-01
TXN-HIST-2026-01-0778,BANK-OPERATING,2026-01-20,179800,1798.0,USD,Juniper Services,HIST-0778,IN Juniper Services,2026-01
TXN-HIST-2026-01-0779,BANK-OPERATING,2026-01-20,-183900,-1839.0,USD,Quince Labs,HIST-0779,OUT Quince Labs,2026-01
TXN-HIST-2026-01-0780,BANK-OPERATING,2026-01-20,-188000,-1880.0,USD,Walnut Works,HIST-0780,OUT Walnut Works,2026-01
TXN-HIST-2026-01-0781,BANK-PAYROLL,2026-01-20,-192100,-1921.0,USD,Echo Network,HIST-0781,OUT Echo Network,2026-01
TXN-HIST-2026-01-0782,BANK-OPERATING,2026-01-20,-196200,-1962.0,USD,Keel Group,HIST-0782,OUT Keel Group,2026-01
TXN-HIST-2026-01-0783,BANK-OPERATING,2026-01-20,-200300,-2003.0,USD,Quarry Services,HIST-0783,OUT Quarry Services,2026-01
TXN-HIST-2026-01-0784,BANK-OPERATING,2026-01-20,-204400,-2044.0,USD,Wharf Labs,HIST-0784,OUT Wharf Labs,2026-01
TXN-HIST-2026-01-0785,BANK-OPERATING,2026-01-21,208500,2085.0,USD,Harbor Studio,HIST-0785,IN Harbor Studio,2026-01
TXN-HIST-2026-01-0786,BANK-OPERATING,2026-01-21,-212600,-2126.0,USD,Nimbus Systems,HIST-0786,OUT Nimbus Systems,2026-01
TXN-HIST-2026-01-0787,BANK-OPERATING,2026-01-21,-216700,-2167.0,USD,Timber Supply,HIST-0787,OUT Timber Supply,2026-01
TXN-HIST-2026-01-0788,BANK-PAYROLL,2026-01-21,-220800,-2208.0,USD,Alder Partners,HIST-0788,OUT Alder Partners,2026-01
TXN-HIST-2026-01-0789,BANK-OPERATING,2026-01-21,-224900,-2249.0,USD,Ginkgo Components,HIST-0789,OUT Ginkgo Components,2026-01
TXN-HIST-2026-01-0790,BANK-OPERATING,2026-01-21,-229000,-2290.0,USD,Northwood Studio,HIST-0790,OUT Northwood Studio,2026-01
TXN-HIST-2026-01-0791,BANK-OPERATING,2026-01-21,-233100,-2331.0,USD,Teak Systems,HIST-0791,OUT Teak Systems,2026-01
TXN-HIST-2026-01-0792,BANK-OPERATING,2026-01-22,237200,2372.0,USD,Driftwood Works,HIST-0792,IN Driftwood Works,2026-01
TXN-HIST-2026-01-0793,BANK-OPERATING,2026-01-22,-241300,-2413.0,USD,Juniper Network,HIST-0793,OUT Juniper Network,2026-01
TXN-HIST-2026-01-0794,BANK-OPERATING,2026-01-22,-245400,-2454.0,USD,Quince Group,HIST-0794,OUT Quince Group,2026-01
TXN-HIST-2026-01-0795,BANK-PAYROLL,2026-01-22,-249500,-2495.0,USD,Walnut Services,HIST-0795,OUT Walnut Services,2026-01
TXN-HIST-2026-01-0796,BANK-OPERATING,2026-01-22,-253600,-2536.0,USD,Echo Labs,HIST-0796,OUT Echo Labs,2026-01
TXN-HIST-2026-01-0797,BANK-OPERATING,2026-01-22,-257700,-2577.0,USD,Keel Works,HIST-0797,OUT Keel Works,2026-01
TXN-HIST-2026-01-0798,BANK-OPERATING,2026-01-22,-261800,-2618.0,USD,Quarry Network,HIST-0798,OUT Quarry Network,2026-01
TXN-HIST-2026-01-0799,BANK-OPERATING,2026-01-23,265900,2659.0,USD,Beacon Supply,HIST-0799,IN Beacon Supply,2026-01
TXN-HIST-2026-01-0800,BANK-OPERATING,2026-01-23,-270000,-2700.0,USD,Harbor Partners,HIST-0800,OUT Harbor Partners,2026-01
TXN-HIST-2026-01-0801,BANK-OPERATING,2026-01-23,-274100,-2741.0,USD,Nimbus Components,HIST-0801,OUT Nimbus Components,2026-01
TXN-HIST-2026-01-0802,BANK-PAYROLL,2026-01-23,-278200,-2782.0,USD,Timber Studio,HIST-0802,OUT Timber Studio,2026-01
TXN-HIST-2026-01-0803,BANK-OPERATING,2026-01-23,-282300,-2823.0,USD,Alder Systems,HIST-0803,OUT Alder Systems,2026-01
TXN-HIST-2026-01-0804,BANK-OPERATING,2026-01-23,-286400,-2864.0,USD,Ginkgo Supply,HIST-0804,OUT Ginkgo Supply,2026-01
TXN-HIST-2026-01-0805,BANK-OPERATING,2026-01-23,-290500,-2905.0,USD,Northwood Partners,HIST-0805,OUT Northwood Partners,2026-01
TXN-HIST-2026-01-0806,BANK-OPERATING,2026-01-24,294600,2946.0,USD,Wharf Group,HIST-0806,IN Wharf Group,2026-01
TXN-HIST-2026-01-0807,BANK-OPERATING,2026-01-24,-298700,-2987.0,USD,Driftwood Services,HIST-0807,OUT Driftwood Services,2026-01
TXN-HIST-2026-01-0808,BANK-OPERATING,2026-01-24,-302800,-3028.0,USD,Juniper Labs,HIST-0808,OUT Juniper Labs,2026-01
TXN-HIST-2026-01-0809,BANK-PAYROLL,2026-01-24,-306900,-3069.0,USD,Quince Works,HIST-0809,OUT Quince Works,2026-01
TXN-HIST-2026-01-0810,BANK-OPERATING,2026-01-24,-311000,-3110.0,USD,Walnut Network,HIST-0810,OUT Walnut Network,2026-01
TXN-HIST-2026-01-0811,BANK-OPERATING,2026-01-24,-315100,-3151.0,USD,Echo Group,HIST-0811,OUT Echo Group,2026-01
TXN-HIST-2026-01-0812,BANK-OPERATING,2026-01-24,-319200,-3192.0,USD,Keel Services,HIST-0812,OUT Keel Services,2026-01
TXN-HIST-2026-01-0813,BANK-OPERATING,2026-01-25,323300,3233.0,USD,Teak Components,HIST-0813,IN Teak Components,2026-01
TXN-HIST-2026-01-0814,BANK-OPERATING,2026-01-25,-327400,-3274.0,USD,Beacon Studio,HIST-0814,OUT Beacon Studio,2026-01
TXN-HIST-2026-01-0815,BANK-OPERATING,2026-01-25,-331500,-3315.0,USD,Harbor Systems,HIST-0815,OUT Harbor Systems,2026-01
TXN-HIST-2026-01-0816,BANK-PAYROLL,2026-01-25,-335600,-3356.0,USD,Nimbus Supply,HIST-0816,OUT Nimbus Supply,2026-01
TXN-HIST-2026-01-0817,BANK-OPERATING,2026-01-25,-339700,-3397.0,USD,Timber Partners,HIST-0817,OUT Timber Partners,2026-01
TXN-HIST-2026-01-0818,BANK-OPERATING,2026-01-25,-343800,-3438.0,USD,Alder Components,HIST-0818,OUT Alder Components,2026-01
TXN-HIST-2026-01-0819,BANK-OPERATING,2026-01-25,-347900,-3479.0,USD,Ginkgo Studio,HIST-0819,OUT Ginkgo Studio,2026-01
TXN-HIST-2026-01-0820,BANK-OPERATING,2026-01-26,352000,3520.0,USD,Quarry Labs,HIST-0820,IN Quarry Labs,2026-01
TXN-HIST-2026-01-0821,BANK-OPERATING,2026-01-26,-356100,-3561.0,USD,Wharf Works,HIST-0821,OUT Wharf Works,2026-01
TXN-HIST-2026-01-0822,BANK-OPERATING,2026-01-26,-360200,-3602.0,USD,Driftwood Network,HIST-0822,OUT Driftwood Network,2026-01
TXN-HIST-2026-01-0823,BANK-PAYROLL,2026-01-26,-364300,-3643.0,USD,Juniper Group,HIST-0823,OUT Juniper Group,2026-01
TXN-HIST-2026-01-0824,BANK-OPERATING,2026-01-26,-368400,-3684.0,USD,Quince Services,HIST-0824,OUT Quince Services,2026-01
TXN-HIST-2026-01-0825,BANK-OPERATING,2026-01-26,-372500,-3725.0,USD,Walnut Labs,HIST-0825,OUT Walnut Labs,2026-01
TXN-HIST-2026-01-0826,BANK-OPERATING,2026-01-26,-376600,-3766.0,USD,Echo Works,HIST-0826,OUT Echo Works,2026-01
TXN-HIST-2026-01-0827,BANK-OPERATING,2026-01-27,380700,3807.0,USD,Northwood Systems,HIST-0827,IN Northwood Systems,2026-01
TXN-HIST-2026-01-0828,BANK-OPERATING,2026-01-27,-384800,-3848.0,USD,Teak Supply,HIST-0828,OUT Teak Supply,2026-01
TXN-HIST-2026-01-0829,BANK-OPERATING,2026-01-27,-388900,-3889.0,USD,Beacon Partners,HIST-0829,OUT Beacon Partners,2026-01
TXN-HIST-2026-01-0830,BANK-PAYROLL,2026-01-27,-393000,-3930.0,USD,Harbor Components,HIST-0830,OUT Harbor Components,2026-01
TXN-HIST-2026-01-0831,BANK-OPERATING,2026-01-27,-397100,-3971.0,USD,Nimbus Studio,HIST-0831,OUT Nimbus Studio,2026-01
TXN-HIST-2026-01-0832,BANK-OPERATING,2026-01-27,-401200,-4012.0,USD,Timber Systems,HIST-0832,OUT Timber Systems,2026-01
TXN-HIST-2026-01-0833,BANK-OPERATING,2026-01-27,-405300,-4053.0,USD,Alder Supply,HIST-0833,OUT Alder Supply,2026-01
TXN-HIST-2026-01-0834,BANK-OPERATING,2026-01-28,409400,4094.0,USD,Keel Network,HIST-0834,IN Keel Network,2026-01
TXN-HIST-2026-01-0835,BANK-OPERATING,2026-01-28,-413500,-4135.0,USD,Quarry Group,HIST-0835,OUT Quarry Group,2026-01
TXN-HIST-2026-01-0836,BANK-OPERATING,2026-01-28,-417600,-4176.0,USD,Wharf Services,HIST-0836,OUT Wharf Services,2026-01
TXN-HIST-2026-01-0837,BANK-PAYROLL,2026-01-28,-421700,-4217.0,USD,Driftwood Labs,HIST-0837,OUT Driftwood Labs,2026-01
TXN-HIST-2026-01-0838,BANK-OPERATING,2026-01-28,-425800,-4258.0,USD,Juniper Works,HIST-0838,OUT Juniper Works,2026-01
TXN-HIST-2026-01-0839,BANK-OPERATING,2026-01-28,-429900,-4299.0,USD,Quince Network,HIST-0839,OUT Quince Network,2026-01
TXN-HIST-2026-01-0840,BANK-OPERATING,2026-01-28,-434000,-4340.0,USD,Walnut Group,HIST-0840,OUT Walnut Group,2026-01
TXN-HIST-2026-01-0841,BANK-OPERATING,2026-01-29,438100,4381.0,USD,Ginkgo Partners,HIST-0841,IN Ginkgo Partners,2026-01
TXN-HIST-2026-01-0842,BANK-OPERATING,2026-01-29,-442200,-4422.0,USD,Northwood Components,HIST-0842,OUT Northwood Components,2026-01
TXN-HIST-2026-01-0843,BANK-OPERATING,2026-01-29,-446300,-4463.0,USD,Teak Studio,HIST-0843,OUT Teak Studio,2026-01
TXN-HIST-2026-01-0844,BANK-PAYROLL,2026-01-29,-450400,-4504.0,USD,Beacon Systems,HIST-0844,OUT Beacon Systems,2026-01
TXN-HIST-2026-01-0845,BANK-OPERATING,2026-01-29,-454500,-4545.0,USD,Harbor Supply,HIST-0845,OUT Harbor Supply,2026-01
TXN-HIST-2026-01-0846,BANK-OPERATING,2026-01-29,-458600,-4586.0,USD,Nimbus Partners,HIST-0846,OUT Nimbus Partners,2026-01
TXN-HIST-2026-01-0847,BANK-OPERATING,2026-01-29,-462700,-4627.0,USD,Timber Components,HIST-0847,OUT Timber Components,2026-01
TXN-HIST-2026-01-0848,BANK-OPERATING,2026-01-30,466800,4668.0,USD,Echo Services,HIST-0848,IN Echo Services,2026-01
TXN-HIST-2026-01-0849,BANK-OPERATING,2026-01-30,-470900,-4709.0,USD,Keel Labs,HIST-0849,OUT Keel Labs,2026-01
TXN-HIST-2026-01-0850,BANK-OPERATING,2026-01-30,-475000,-4750.0,USD,Quarry Works,HIST-0850,OUT Quarry Works,2026-01
TXN-HIST-2026-01-0851,BANK-PAYROLL,2026-01-30,-479100,-4791.0,USD,Wharf Network,HIST-0851,OUT Wharf Network,2026-01
TXN-HIST-2026-01-0852,BANK-OPERATING,2026-01-30,-483200,-4832.0,USD,Driftwood Group,HIST-0852,OUT Driftwood Group,2026-01
TXN-HIST-2026-01-0853,BANK-OPERATING,2026-01-30,-487300,-4873.0,USD,Juniper Services,HIST-0853,OUT Juniper Services,2026-01
TXN-HIST-2026-01-0854,BANK-OPERATING,2026-01-30,-491400,-4914.0,USD,Quince Labs,HIST-0854,OUT Quince Labs,2026-01
TXN-HIST-2026-01-0855,BANK-OPERATING,2026-01-31,495500,4955.0,USD,Alder Studio,HIST-0855,IN Alder Studio,2026-01
TXN-HIST-2026-01-0856,BANK-OPERATING,2026-01-31,-499600,-4996.0,USD,Ginkgo Systems,HIST-0856,OUT Ginkgo Systems,2026-01
TXN-HIST-2026-01-0857,BANK-OPERATING,2026-01-31,-503700,-5037.0,USD,Northwood Supply,HIST-0857,OUT Northwood Supply,2026-01
TXN-HIST-2026-01-0858,BANK-PAYROLL,2026-01-31,-507800,-5078.0,USD,Teak Partners,HIST-0858,OUT Teak Partners,2026-01
TXN-HIST-2026-01-0859,BANK-OPERATING,2026-01-31,-511900,-5119.0,USD,Beacon Components,HIST-0859,OUT Beacon Components,2026-01
TXN-HIST-2026-01-0860,BANK-OPERATING,2026-01-31,-516000,-5160.0,USD,Harbor Studio,HIST-0860,OUT Harbor Studio,2026-01
TXN-HIST-2026-01-0861,BANK-OPERATING,2026-01-31,-520100,-5201.0,USD,Nimbus Systems,HIST-0861,OUT Nimbus Systems,2026-01
TXN-HIST-2026-02-0862,BANK-OPERATING,2026-02-01,524200,5242.0,USD,Walnut Works,HIST-0862,IN Walnut Works,2026-02
TXN-HIST-2026-02-0863,BANK-OPERATING,2026-02-01,-528300,-5283.0,USD,Echo Network,HIST-0863,OUT Echo Network,2026-02
TXN-HIST-2026-02-0864,BANK-OPERATING,2026-02-01,-532400,-5324.0,USD,Keel Group,HIST-0864,OUT Keel Group,2026-02
TXN-HIST-2026-02-0865,BANK-PAYROLL,2026-02-01,-536500,-5365.0,USD,Quarry Services,HIST-0865,OUT Quarry Services,2026-02
TXN-HIST-2026-02-0866,BANK-OPERATING,2026-02-01,-540600,-5406.0,USD,Wharf Labs,HIST-0866,OUT Wharf Labs,2026-02
TXN-HIST-2026-02-0867,BANK-OPERATING,2026-02-01,-544700,-5447.0,USD,Driftwood Works,HIST-0867,OUT Driftwood Works,2026-02
TXN-HIST-2026-02-0868,BANK-OPERATING,2026-02-01,-548800,-5488.0,USD,Juniper Network,HIST-0868,OUT Juniper Network,2026-02
TXN-HIST-2026-02-0869,BANK-OPERATING,2026-02-02,552900,5529.0,USD,Timber Supply,HIST-0869,IN Timber Supply,2026-02
TXN-HIST-2026-02-0870,BANK-OPERATING,2026-02-02,-557000,-5570.0,USD,Alder Partners,HIST-0870,OUT Alder Partners,2026-02
TXN-HIST-2026-02-0871,BANK-OPERATING,2026-02-02,-561100,-5611.0,USD,Ginkgo Components,HIST-0871,OUT Ginkgo Components,2026-02
TXN-HIST-2026-02-0872,BANK-PAYROLL,2026-02-02,-565200,-5652.0,USD,Northwood Studio,HIST-0872,OUT Northwood Studio,2026-02
TXN-HIST-2026-02-0873,BANK-OPERATING,2026-02-02,-569300,-5693.0,USD,Teak Systems,HIST-0873,OUT Teak Systems,2026-02
TXN-HIST-2026-02-0874,BANK-OPERATING,2026-02-02,-573400,-5734.0,USD,Beacon Supply,HIST-0874,OUT Beacon Supply,2026-02
TXN-HIST-2026-02-0875,BANK-OPERATING,2026-02-02,-577500,-5775.0,USD,Harbor Partners,HIST-0875,OUT Harbor Partners,2026-02
TXN-HIST-2026-02-0876,BANK-OPERATING,2026-02-03,581600,5816.0,USD,Quince Group,HIST-0876,IN Quince Group,2026-02
TXN-HIST-2026-02-0877,BANK-OPERATING,2026-02-03,-585700,-5857.0,USD,Walnut Services,HIST-0877,OUT Walnut Services,2026-02
TXN-HIST-2026-02-0878,BANK-OPERATING,2026-02-03,-589800,-5898.0,USD,Echo Labs,HIST-0878,OUT Echo Labs,2026-02
TXN-HIST-2026-02-0879,BANK-PAYROLL,2026-02-03,-593900,-5939.0,USD,Keel Works,HIST-0879,OUT Keel Works,2026-02
TXN-HIST-2026-02-0880,BANK-OPERATING,2026-02-03,-598000,-5980.0,USD,Quarry Network,HIST-0880,OUT Quarry Network,2026-02
TXN-HIST-2026-02-0881,BANK-OPERATING,2026-02-03,-602100,-6021.0,USD,Wharf Group,HIST-0881,OUT Wharf Group,2026-02
TXN-HIST-2026-02-0882,BANK-OPERATING,2026-02-03,-606200,-6062.0,USD,Driftwood Services,HIST-0882,OUT Driftwood Services,2026-02
TXN-HIST-2026-02-0883,BANK-OPERATING,2026-02-04,610300,6103.0,USD,Nimbus Components,HIST-0883,IN Nimbus Components,2026-02
TXN-HIST-2026-02-0884,BANK-OPERATING,2026-02-04,-614400,-6144.0,USD,Timber Studio,HIST-0884,OUT Timber Studio,2026-02
TXN-HIST-2026-02-0885,BANK-OPERATING,2026-02-04,-618500,-6185.0,USD,Alder Systems,HIST-0885,OUT Alder Systems,2026-02
TXN-HIST-2026-02-0886,BANK-PAYROLL,2026-02-04,-622600,-6226.0,USD,Ginkgo Supply,HIST-0886,OUT Ginkgo Supply,2026-02
TXN-HIST-2026-02-0887,BANK-OPERATING,2026-02-04,-626700,-6267.0,USD,Northwood Partners,HIST-0887,OUT Northwood Partners,2026-02
TXN-HIST-2026-02-0888,BANK-OPERATING,2026-02-04,-630800,-6308.0,USD,Teak Components,HIST-0888,OUT Teak Components,2026-02
TXN-HIST-2026-02-0889,BANK-OPERATING,2026-02-04,-634900,-6349.0,USD,Beacon Studio,HIST-0889,OUT Beacon Studio,2026-02
TXN-HIST-2026-02-0890,BANK-OPERATING,2026-02-05,639000,6390.0,USD,Juniper Labs,HIST-0890,IN Juniper Labs,2026-02
TXN-HIST-2026-02-0891,BANK-OPERATING,2026-02-05,-643100,-6431.0,USD,Quince Works,HIST-0891,OUT Quince Works,2026-02
TXN-HIST-2026-02-0892,BANK-OPERATING,2026-02-05,-647200,-6472.0,USD,Walnut Network,HIST-0892,OUT Walnut Network,2026-02
TXN-HIST-2026-02-0893,BANK-PAYROLL,2026-02-05,-651300,-6513.0,USD,Echo Group,HIST-0893,OUT Echo Group,2026-02
TXN-HIST-2026-02-0894,BANK-OPERATING,2026-02-05,-655400,-6554.0,USD,Keel Services,HIST-0894,OUT Keel Services,2026-02
TXN-HIST-2026-02-0895,BANK-OPERATING,2026-02-05,-659500,-6595.0,USD,Quarry Labs,HIST-0895,OUT Quarry Labs,2026-02
TXN-HIST-2026-02-0896,BANK-OPERATING,2026-02-05,-663600,-6636.0,USD,Wharf Works,HIST-0896,OUT Wharf Works,2026-02
TXN-HIST-2026-02-0897,BANK-OPERATING,2026-02-06,667700,6677.0,USD,Harbor Systems,HIST-0897,IN Harbor Systems,2026-02
TXN-HIST-2026-02-0898,BANK-OPERATING,2026-02-06,-671800,-6718.0,USD,Nimbus Supply,HIST-0898,OUT Nimbus Supply,2026-02
TXN-HIST-2026-02-0899,BANK-OPERATING,2026-02-06,-675900,-6759.0,USD,Timber Partners,HIST-0899,OUT Timber Partners,2026-02
TXN-HIST-2026-02-0900,BANK-PAYROLL,2026-02-06,-680000,-6800.0,USD,Alder Components,HIST-0900,OUT Alder Components,2026-02
TXN-HIST-2026-02-0901,BANK-OPERATING,2026-02-06,-684100,-6841.0,USD,Ginkgo Studio,HIST-0901,OUT Ginkgo Studio,2026-02
TXN-HIST-2026-02-0902,BANK-OPERATING,2026-02-06,-688200,-6882.0,USD,Northwood Systems,HIST-0902,OUT Northwood Systems,2026-02
TXN-HIST-2026-02-0903,BANK-OPERATING,2026-02-06,-692300,-6923.0,USD,Teak Supply,HIST-0903,OUT Teak Supply,2026-02
TXN-HIST-2026-02-0904,BANK-OPERATING,2026-02-07,696400,6964.0,USD,Driftwood Network,HIST-0904,IN Driftwood Network,2026-02
TXN-HIST-2026-02-0905,BANK-OPERATING,2026-02-07,-700500,-7005.0,USD,Juniper Group,HIST-0905,OUT Juniper Group,2026-02
TXN-HIST-2026-02-0906,BANK-OPERATING,2026-02-07,-704600,-7046.0,USD,Quince Services,HIST-0906,OUT Quince Services,2026-02
TXN-HIST-2026-02-0907,BANK-PAYROLL,2026-02-07,-708700,-7087.0,USD,Walnut Labs,HIST-0907,OUT Walnut Labs,2026-02
TXN-HIST-2026-02-0908,BANK-OPERATING,2026-02-07,-92800,-928.0,USD,Echo Works,HIST-0908,OUT Echo Works,2026-02
TXN-HIST-2026-02-0909,BANK-OPERATING,2026-02-07,-96900,-969.0,USD,Keel Network,HIST-0909,OUT Keel Network,2026-02
TXN-HIST-2026-02-0910,BANK-OPERATING,2026-02-07,-101000,-1010.0,USD,Quarry Group,HIST-0910,OUT Quarry Group,2026-02
TXN-HIST-2026-02-0911,BANK-OPERATING,2026-02-08,105100,1051.0,USD,Beacon Partners,HIST-0911,IN Beacon Partners,2026-02
TXN-HIST-2026-02-0912,BANK-OPERATING,2026-02-08,-109200,-1092.0,USD,Harbor Components,HIST-0912,OUT Harbor Components,2026-02
TXN-HIST-2026-02-0913,BANK-OPERATING,2026-02-08,-113300,-1133.0,USD,Nimbus Studio,HIST-0913,OUT Nimbus Studio,2026-02
TXN-HIST-2026-02-0914,BANK-PAYROLL,2026-02-08,-117400,-1174.0,USD,Timber Systems,HIST-0914,OUT Timber Systems,2026-02
TXN-HIST-2026-02-0915,BANK-OPERATING,2026-02-08,-121500,-1215.0,USD,Alder Supply,HIST-0915,OUT Alder Supply,2026-02
TXN-HIST-2026-02-0916,BANK-OPERATING,2026-02-08,-125600,-1256.0,USD,Ginkgo Partners,HIST-0916,OUT Ginkgo Partners,2026-02
TXN-HIST-2026-02-0917,BANK-OPERATING,2026-02-08,-129700,-1297.0,USD,Northwood Components,HIST-0917,OUT Northwood Components,2026-02
TXN-HIST-2026-02-0918,BANK-OPERATING,2026-02-09,133800,1338.0,USD,Wharf Services,HIST-0918,IN Wharf Services,2026-02
TXN-HIST-2026-02-0919,BANK-OPERATING,2026-02-09,-137900,-1379.0,USD,Driftwood Labs,HIST-0919,OUT Driftwood Labs,2026-02
TXN-HIST-2026-02-0920,BANK-OPERATING,2026-02-09,-142000,-1420.0,USD,Juniper Works,HIST-0920,OUT Juniper Works,2026-02
TXN-HIST-2026-02-0921,BANK-PAYROLL,2026-02-09,-146100,-1461.0,USD,Quince Network,HIST-0921,OUT Quince Network,2026-02
TXN-HIST-2026-02-0922,BANK-OPERATING,2026-02-09,-150200,-1502.0,USD,Walnut Group,HIST-0922,OUT Walnut Group,2026-02
TXN-HIST-2026-02-0923,BANK-OPERATING,2026-02-09,-154300,-1543.0,USD,Echo Services,HIST-0923,OUT Echo Services,2026-02
TXN-HIST-2026-02-0924,BANK-OPERATING,2026-02-09,-158400,-1584.0,USD,Keel Labs,HIST-0924,OUT Keel Labs,2026-02
TXN-HIST-2026-02-0925,BANK-OPERATING,2026-02-10,162500,1625.0,USD,Teak Studio,HIST-0925,IN Teak Studio,2026-02
TXN-HIST-2026-02-0926,BANK-OPERATING,2026-02-10,-166600,-1666.0,USD,Beacon Systems,HIST-0926,OUT Beacon Systems,2026-02
TXN-HIST-2026-02-0927,BANK-OPERATING,2026-02-10,-170700,-1707.0,USD,Harbor Supply,HIST-0927,OUT Harbor Supply,2026-02
TXN-HIST-2026-02-0928,BANK-PAYROLL,2026-02-10,-174800,-1748.0,USD,Nimbus Partners,HIST-0928,OUT Nimbus Partners,2026-02
TXN-HIST-2026-02-0929,BANK-OPERATING,2026-02-10,-178900,-1789.0,USD,Timber Components,HIST-0929,OUT Timber Components,2026-02
TXN-HIST-2026-02-0930,BANK-OPERATING,2026-02-10,-183000,-1830.0,USD,Alder Studio,HIST-0930,OUT Alder Studio,2026-02
TXN-HIST-2026-02-0931,BANK-OPERATING,2026-02-10,-187100,-1871.0,USD,Ginkgo Systems,HIST-0931,OUT Ginkgo Systems,2026-02
TXN-HIST-2026-02-0932,BANK-OPERATING,2026-02-11,191200,1912.0,USD,Quarry Works,HIST-0932,IN Quarry Works,2026-02
TXN-HIST-2026-02-0933,BANK-OPERATING,2026-02-11,-195300,-1953.0,USD,Wharf Network,HIST-0933,OUT Wharf Network,2026-02
TXN-HIST-2026-02-0934,BANK-OPERATING,2026-02-11,-199400,-1994.0,USD,Driftwood Group,HIST-0934,OUT Driftwood Group,2026-02
TXN-HIST-2026-02-0935,BANK-PAYROLL,2026-02-11,-203500,-2035.0,USD,Juniper Services,HIST-0935,OUT Juniper Services,2026-02
TXN-HIST-2026-02-0936,BANK-OPERATING,2026-02-11,-207600,-2076.0,USD,Quince Labs,HIST-0936,OUT Quince Labs,2026-02
TXN-HIST-2026-02-0937,BANK-OPERATING,2026-02-11,-211700,-2117.0,USD,Walnut Works,HIST-0937,OUT Walnut Works,2026-02
TXN-HIST-2026-02-0938,BANK-OPERATING,2026-02-11,-215800,-2158.0,USD,Echo Network,HIST-0938,OUT Echo Network,2026-02
TXN-HIST-2026-02-0939,BANK-OPERATING,2026-02-12,219900,2199.0,USD,Northwood Supply,HIST-0939,IN Northwood Supply,2026-02
TXN-HIST-2026-02-0940,BANK-OPERATING,2026-02-12,-224000,-2240.0,USD,Teak Partners,HIST-0940,OUT Teak Partners,2026-02
TXN-HIST-2026-02-0941,BANK-OPERATING,2026-02-12,-228100,-2281.0,USD,Beacon Components,HIST-0941,OUT Beacon Components,2026-02
TXN-HIST-2026-02-0942,BANK-PAYROLL,2026-02-12,-232200,-2322.0,USD,Harbor Studio,HIST-0942,OUT Harbor Studio,2026-02
TXN-HIST-2026-02-0943,BANK-OPERATING,2026-02-12,-236300,-2363.0,USD,Nimbus Systems,HIST-0943,OUT Nimbus Systems,2026-02
TXN-HIST-2026-02-0944,BANK-OPERATING,2026-02-12,-240400,-2404.0,USD,Timber Supply,HIST-0944,OUT Timber Supply,2026-02
TXN-HIST-2026-02-0945,BANK-OPERATING,2026-02-12,-244500,-2445.0,USD,Alder Partners,HIST-0945,OUT Alder Partners,2026-02
TXN-HIST-2026-02-0946,BANK-OPERATING,2026-02-13,248600,2486.0,USD,Keel Group,HIST-0946,IN Keel Group,2026-02
TXN-HIST-2026-02-0947,BANK-OPERATING,2026-02-13,-252700,-2527.0,USD,Quarry Services,HIST-0947,OUT Quarry Services,2026-02
TXN-HIST-2026-02-0948,BANK-OPERATING,2026-02-13,-256800,-2568.0,USD,Wharf Labs,HIST-0948,OUT Wharf Labs,2026-02
TXN-HIST-2026-02-0949,BANK-PAYROLL,2026-02-13,-260900,-2609.0,USD,Driftwood Works,HIST-0949,OUT Driftwood Works,2026-02
TXN-HIST-2026-02-0950,BANK-OPERATING,2026-02-13,-265000,-2650.0,USD,Juniper Network,HIST-0950,OUT Juniper Network,2026-02
TXN-HIST-2026-02-0951,BANK-OPERATING,2026-02-13,-269100,-2691.0,USD,Quince Group,HIST-0951,OUT Quince Group,2026-02
TXN-HIST-2026-02-0952,BANK-OPERATING,2026-02-13,-273200,-2732.0,USD,Walnut Services,HIST-0952,OUT Walnut Services,2026-02
TXN-HIST-2026-02-0953,BANK-OPERATING,2026-02-14,277300,2773.0,USD,Ginkgo Components,HIST-0953,IN Ginkgo Components,2026-02
TXN-HIST-2026-02-0954,BANK-OPERATING,2026-02-14,-281400,-2814.0,USD,Northwood Studio,HIST-0954,OUT Northwood Studio,2026-02
TXN-HIST-2026-02-0955,BANK-OPERATING,2026-02-14,-285500,-2855.0,USD,Teak Systems,HIST-0955,OUT Teak Systems,2026-02
TXN-HIST-2026-02-0956,BANK-PAYROLL,2026-02-14,-289600,-2896.0,USD,Beacon Supply,HIST-0956,OUT Beacon Supply,2026-02
TXN-HIST-2026-02-0957,BANK-OPERATING,2026-02-14,-293700,-2937.0,USD,Harbor Partners,HIST-0957,OUT Harbor Partners,2026-02
TXN-HIST-2026-02-0958,BANK-OPERATING,2026-02-14,-297800,-2978.0,USD,Nimbus Components,HIST-0958,OUT Nimbus Components,2026-02
TXN-HIST-2026-02-0959,BANK-OPERATING,2026-02-14,-301900,-3019.0,USD,Timber Studio,HIST-0959,OUT Timber Studio,2026-02
TXN-HIST-2026-02-0960,BANK-OPERATING,2026-02-15,306000,3060.0,USD,Echo Labs,HIST-0960,IN Echo Labs,2026-02
TXN-HIST-2026-02-0961,BANK-OPERATING,2026-02-15,-310100,-3101.0,USD,Keel Works,HIST-0961,OUT Keel Works,2026-02
TXN-HIST-2026-02-0962,BANK-OPERATING,2026-02-15,-314200,-3142.0,USD,Quarry Network,HIST-0962,OUT Quarry Network,2026-02
TXN-HIST-2026-02-0963,BANK-PAYROLL,2026-02-15,-318300,-3183.0,USD,Wharf Group,HIST-0963,OUT Wharf Group,2026-02
TXN-HIST-2026-02-0964,BANK-OPERATING,2026-02-15,-322400,-3224.0,USD,Driftwood Services,HIST-0964,OUT Driftwood Services,2026-02
TXN-HIST-2026-02-0965,BANK-OPERATING,2026-02-15,-326500,-3265.0,USD,Juniper Labs,HIST-0965,OUT Juniper Labs,2026-02
TXN-HIST-2026-02-0966,BANK-OPERATING,2026-02-15,-330600,-3306.0,USD,Acme Supplies,HIST-0966,OUT Acme Supplies,2026-02
TXN-HIST-2026-02-0967,BANK-OPERATING,2026-02-16,334700,3347.0,USD,Alder Systems,HIST-0967,IN Alder Systems,2026-02
TXN-HIST-2026-02-0968,BANK-OPERATING,2026-02-16,-338800,-3388.0,USD,Ginkgo Supply,HIST-0968,OUT Ginkgo Supply,2026-02
TXN-HIST-2026-02-0969,BANK-OPERATING,2026-02-16,-342900,-3429.0,USD,Northwood Partners,HIST-0969,OUT Northwood Partners,2026-02
TXN-HIST-2026-02-0970,BANK-PAYROLL,2026-02-16,-347000,-3470.0,USD,Acme Supplies LLC,HIST-0970,OUT Acme Supplies LLC,2026-02
TXN-HIST-2026-02-0971,BANK-OPERATING,2026-02-16,-351100,-3511.0,USD,Amazon Web Services,HIST-0971,OUT Amazon Web Services,2026-02
TXN-HIST-2026-02-0972,BANK-OPERATING,2026-02-16,-355200,-3552.0,USD,Office Depot,HIST-0972,OUT Office Depot,2026-02
TXN-HIST-2026-02-0973,BANK-OPERATING,2026-02-16,-359300,-3593.0,USD,Datadog,HIST-0973,OUT Datadog,2026-02
TXN-HIST-2026-02-0974,BANK-OPERATING,2026-02-17,363400,3634.0,USD,Acme Supply Co.,HIST-0974,IN Acme Supply Co.,2026-02
TXN-HIST-2026-02-0975,BANK-OPERATING,2026-02-17,-367500,-3675.0,USD,Northline Fabrication,HIST-0975,OUT Northline Fabrication,2026-02
TXN-HIST-2026-02-0976,BANK-OPERATING,2026-02-17,-371600,-3716.0,USD,Helios Hardware,HIST-0976,OUT Helios Hardware,2026-02
TXN-HIST-2026-02-0977,BANK-PAYROLL,2026-02-17,-375700,-3757.0,USD,Slack Technologies,HIST-0977,OUT Slack Technologies,2026-02
TXN-HIST-2026-02-0978,BANK-OPERATING,2026-02-17,-379800,-3798.0,USD,Google Cloud,HIST-0978,OUT Google Cloud,2026-02
TXN-HIST-2026-02-0979,BANK-OPERATING,2026-02-17,-383900,-3839.0,USD,Orbit Analytics,HIST-0979,OUT Orbit Analytics,2026-02
TXN-HIST-2026-02-0980,BANK-OPERATING,2026-02-17,-388000,-3880.0,USD,Dell Technologies,HIST-0980,OUT Dell Technologies,2026-02
TXN-HIST-2026-02-0981,BANK-OPERATING,2026-02-18,392100,3921.0,USD,Figma,HIST-0981,IN Figma,2026-02
TXN-HIST-2026-02-0982,BANK-OPERATING,2026-02-18,-396200,-3962.0,USD,Hartford Insurance,HIST-0982,OUT Hartford Insurance,2026-02
TXN-HIST-2026-02-0983,BANK-OPERATING,2026-02-18,-400300,-4003.0,USD,Cambridge Properties,HIST-0983,OUT Cambridge Properties,2026-02
TXN-HIST-2026-02-0984,BANK-PAYROLL,2026-02-18,-404400,-4044.0,USD,Harbor Electric,HIST-0984,OUT Harbor Electric,2026-02
TXN-HIST-2026-02-0985,BANK-OPERATING,2026-02-18,-408500,-4085.0,USD,GitHub,HIST-0985,OUT GitHub,2026-02
TXN-HIST-2026-02-0986,BANK-OPERATING,2026-02-18,-412600,-4126.0,USD,Freightline Logistics,HIST-0986,OUT Freightline Logistics,2026-02
TXN-HIST-2026-02-0987,BANK-OPERATING,2026-02-18,-416700,-4167.0,USD,Misc Supplies,HIST-0987,OUT Misc Supplies,2026-02
TXN-HIST-2026-02-0988,BANK-OPERATING,2026-02-19,420800,4208.0,USD,Lindholm & Ruiz LLP,HIST-0988,IN Lindholm & Ruiz LLP,2026-02
TXN-HIST-2026-02-0989,BANK-OPERATING,2026-02-19,-424900,-4249.0,USD,Shadow Vendor LLC,HIST-0989,OUT Shadow Vendor LLC,2026-02
TXN-HIST-2026-02-0990,BANK-OPERATING,2026-02-19,-429000,-4290.0,USD,Lenovo,HIST-0990,OUT Lenovo,2026-02
TXN-HIST-2026-02-0991,BANK-PAYROLL,2026-02-19,-433100,-4331.0,USD,Twilio,HIST-0991,OUT Twilio,2026-02
TXN-HIST-2026-02-0992,BANK-OPERATING,2026-02-19,-437200,-4372.0,USD,Snowflake,HIST-0992,OUT Snowflake,2026-02
TXN-HIST-2026-02-0993,BANK-OPERATING,2026-02-19,-441300,-4413.0,USD,CrowdStrike,HIST-0993,OUT CrowdStrike,2026-02
TXN-HIST-2026-02-0994,BANK-OPERATING,2026-02-19,-445400,-4454.0,USD,Atlassian,HIST-0994,OUT Atlassian,2026-02
TXN-HIST-2026-02-0995,BANK-OPERATING,2026-02-20,449500,4495.0,USD,Notion Labs,HIST-0995,IN Notion Labs,2026-02
TXN-HIST-2026-02-0996,BANK-OPERATING,2026-02-20,-453600,-4536.0,USD,Okta,HIST-0996,OUT Okta,2026-02
TXN-HIST-2026-02-0997,BANK-OPERATING,2026-02-20,-457700,-4577.0,USD,Zoom Video,HIST-0997,OUT Zoom Video,2026-02
TXN-HIST-2026-02-0998,BANK-PAYROLL,2026-02-20,-461800,-4618.0,USD,Cloudflare,HIST-0998,OUT Cloudflare,2026-02
TXN-HIST-2026-02-0999,BANK-OPERATING,2026-02-20,-465900,-4659.0,USD,Helios Hardware Supply,HIST-0999,OUT Helios Hardware Supply,2026-02
TXN-HIST-2026-02-1000,BANK-OPERATING,2026-02-20,-470000,-4700.0,USD,Staples Business Advantage,HIST-1000,OUT Staples Business Advantage,2026-02
TXN-HIST-2026-02-1001,BANK-OPERATING,2026-02-20,-474100,-4741.0,USD,ADP,HIST-1001,OUT ADP,2026-02
TXN-HIST-2026-02-1002,BANK-OPERATING,2026-02-21,478200,4782.0,USD,Northline Fab Group,HIST-1002,IN Northline Fab Group,2026-02
TXN-HIST-2026-02-1003,BANK-OPERATING,2026-02-21,-482300,-4823.0,USD,Harbor Power & Light,HIST-1003,OUT Harbor Power & Light,2026-02
TXN-HIST-2026-02-1004,BANK-OPERATING,2026-02-21,-486400,-4864.0,USD,FedEx,HIST-1004,OUT FedEx,2026-02
TXN-HIST-2026-02-1005,BANK-PAYROLL,2026-02-21,-490500,-4905.0,USD,WeWork Cambridge,HIST-1005,OUT WeWork Cambridge,2026-02
TXN-HIST-2026-02-1006,BANK-OPERATING,2026-02-21,-494600,-4946.0,USD,Pagaya Coffee Service,HIST-1006,OUT Pagaya Coffee Service,2026-02
TXN-HIST-2026-02-1007,BANK-OPERATING,2026-02-21,-498700,-4987.0,USD,Kendall Square Parking,HIST-1007,OUT Kendall Square Parking,2026-02
TXN-HIST-2026-02-1008,BANK-OPERATING,2026-02-21,-502800,-5028.0,USD,Stripe Processing,HIST-1008,OUT Stripe Processing,2026-02
TXN-HIST-2026-02-1009,BANK-OPERATING,2026-02-22,506900,5069.0,USD,Comcast Business,HIST-1009,IN Comcast Business,2026-02
TXN-HIST-2026-02-1010,BANK-OPERATING,2026-02-22,-511000,-5110.0,USD,CleanRoom Janitorial,HIST-1010,OUT CleanRoom Janitorial,2026-02
TXN-HIST-2026-02-1011,BANK-OPERATING,2026-02-22,-515100,-5151.0,USD,HubSpot,HIST-1011,OUT HubSpot,2026-02
TXN-HIST-2026-02-1012,BANK-PAYROLL,2026-02-22,-519200,-5192.0,USD,Adyen NV,HIST-1012,OUT Adyen NV,2026-02
TXN-HIST-2026-02-1013,BANK-OPERATING,2026-02-22,-523300,-5233.0,USD,Palo Alto Networks,HIST-1013,OUT Palo Alto Networks,2026-02
TXN-HIST-2026-02-1014,BANK-OPERATING,2026-02-22,-527400,-5274.0,USD,Carta,HIST-1014,OUT Carta,2026-02
TXN-HIST-2026-02-1015,BANK-OPERATING,2026-02-22,-531500,-5315.0,USD,Vanta,HIST-1015,OUT Vanta,2026-02
TXN-HIST-2026-02-1016,BANK-OPERATING,2026-02-23,535600,5356.0,USD,DocuSign,HIST-1016,IN DocuSign,2026-02
TXN-HIST-2026-02-1017,BANK-OPERATING,2026-02-23,-539700,-5397.0,USD,Boston Edison Steam,HIST-1017,OUT Boston Edison Steam,2026-02
TXN-HIST-2026-02-1018,BANK-OPERATING,2026-02-23,-543800,-5438.0,USD,Gusto Payroll,HIST-1018,OUT Gusto Payroll,2026-02
TXN-HIST-2026-02-1019,BANK-PAYROLL,2026-02-23,-547900,-5479.0,USD,Linear App,HIST-1019,OUT Linear App,2026-02
TXN-HIST-2026-02-1020,BANK-OPERATING,2026-02-23,-552000,-5520.0,USD,Quince Labs,HIST-1020,OUT Quince Labs,2026-02
TXN-HIST-2026-02-1021,BANK-OPERATING,2026-02-23,-556100,-5561.0,USD,Walnut Works,HIST-1021,OUT Walnut Works,2026-02
TXN-HIST-2026-02-1022,BANK-OPERATING,2026-02-23,-560200,-5602.0,USD,Echo Network,HIST-1022,OUT Echo Network,2026-02
TXN-HIST-2026-02-1023,BANK-OPERATING,2026-02-24,564300,5643.0,USD,Northwood Supply,HIST-1023,IN Northwood Supply,2026-02
TXN-HIST-2026-02-1024,BANK-OPERATING,2026-02-24,-568400,-5684.0,USD,Teak Partners,HIST-1024,OUT Teak Partners,2026-02
TXN-HIST-2026-02-1025,BANK-OPERATING,2026-02-24,-572500,-5725.0,USD,Beacon Components,HIST-1025,OUT Beacon Components,2026-02
TXN-HIST-2026-02-1026,BANK-PAYROLL,2026-02-24,-576600,-5766.0,USD,Harbor Studio,HIST-1026,OUT Harbor Studio,2026-02
TXN-HIST-2026-02-1027,BANK-OPERATING,2026-02-24,-580700,-5807.0,USD,Nimbus Systems,HIST-1027,OUT Nimbus Systems,2026-02
TXN-HIST-2026-02-1028,BANK-OPERATING,2026-02-24,-584800,-5848.0,USD,Timber Supply,HIST-1028,OUT Timber Supply,2026-02
TXN-HIST-2026-02-1029,BANK-OPERATING,2026-02-24,-588900,-5889.0,USD,Alder Partners,HIST-1029,OUT Alder Partners,2026-02
TXN-HIST-2026-02-1030,BANK-OPERATING,2026-02-25,593000,5930.0,USD,Keel Group,HIST-1030,IN Keel Group,2026-02
TXN-HIST-2026-02-1031,BANK-OPERATING,2026-02-25,-597100,-5971.0,USD,Quarry Services,HIST-1031,OUT Quarry Services,2026-02
TXN-HIST-2026-02-1032,BANK-OPERATING,2026-02-25,-601200,-6012.0,USD,Wharf Labs,HIST-1032,OUT Wharf Labs,2026-02
TXN-HIST-2026-02-1033,BANK-PAYROLL,2026-02-25,-605300,-6053.0,USD,Driftwood Works,HIST-1033,OUT Driftwood Works,2026-02
TXN-HIST-2026-02-1034,BANK-OPERATING,2026-02-25,-609400,-6094.0,USD,Juniper Network,HIST-1034,OUT Juniper Network,2026-02
TXN-HIST-2026-02-1035,BANK-OPERATING,2026-02-25,-613500,-6135.0,USD,Quince Group,HIST-1035,OUT Quince Group,2026-02
TXN-HIST-2026-02-1036,BANK-OPERATING,2026-02-25,-617600,-6176.0,USD,Walnut Services,HIST-1036,OUT Walnut Services,2026-02
TXN-HIST-2026-02-1037,BANK-OPERATING,2026-02-26,621700,6217.0,USD,Ginkgo Components,HIST-1037,IN Ginkgo Components,2026-02
TXN-HIST-2026-02-1038,BANK-OPERATING,2026-02-26,-625800,-6258.0,USD,Northwood Studio,HIST-1038,OUT Northwood Studio,2026-02
TXN-HIST-2026-02-1039,BANK-OPERATING,2026-02-26,-629900,-6299.0,USD,Teak Systems,HIST-1039,OUT Teak Systems,2026-02
TXN-HIST-2026-02-1040,BANK-PAYROLL,2026-02-26,-634000,-6340.0,USD,Beacon Supply,HIST-1040,OUT Beacon Supply,2026-02
TXN-HIST-2026-02-1041,BANK-OPERATING,2026-02-26,-638100,-6381.0,USD,Harbor Partners,HIST-1041,OUT Harbor Partners,2026-02
TXN-HIST-2026-02-1042,BANK-OPERATING,2026-02-26,-642200,-6422.0,USD,Nimbus Components,HIST-1042,OUT Nimbus Components,2026-02
TXN-HIST-2026-02-1043,BANK-OPERATING,2026-02-26,-646300,-6463.0,USD,Timber Studio,HIST-1043,OUT Timber Studio,2026-02
TXN-HIST-2026-02-1044,BANK-OPERATING,2026-02-27,650400,6504.0,USD,Echo Labs,HIST-1044,IN Echo Labs,2026-02
TXN-HIST-2026-02-1045,BANK-OPERATING,2026-02-27,-654500,-6545.0,USD,Keel Works,HIST-1045,OUT Keel Works,2026-02
TXN-HIST-2026-02-1046,BANK-OPERATING,2026-02-27,-658600,-6586.0,USD,Quarry Network,HIST-1046,OUT Quarry Network,2026-02
TXN-HIST-2026-02-1047,BANK-PAYROLL,2026-02-27,-662700,-6627.0,USD,Wharf Group,HIST-1047,OUT Wharf Group,2026-02
TXN-HIST-2026-02-1048,BANK-OPERATING,2026-02-27,-666800,-6668.0,USD,Driftwood Services,HIST-1048,OUT Driftwood Services,2026-02
TXN-HIST-2026-02-1049,BANK-OPERATING,2026-02-27,-670900,-6709.0,USD,Juniper Labs,HIST-1049,OUT Juniper Labs,2026-02
TXN-HIST-2026-02-1050,BANK-OPERATING,2026-02-27,-675000,-6750.0,USD,Quince Works,HIST-1050,OUT Quince Works,2026-02
TXN-HIST-2026-02-1051,BANK-OPERATING,2026-02-28,679100,6791.0,USD,Alder Systems,HIST-1051,IN Alder Systems,2026-02
TXN-HIST-2026-02-1052,BANK-OPERATING,2026-02-28,-683200,-6832.0,USD,Ginkgo Supply,HIST-1052,OUT Ginkgo Supply,2026-02
TXN-HIST-2026-02-1053,BANK-OPERATING,2026-02-28,-687300,-6873.0,USD,Northwood Partners,HIST-1053,OUT Northwood Partners,2026-02
TXN-HIST-2026-02-1054,BANK-PAYROLL,2026-02-28,-691400,-6914.0,USD,Teak Components,HIST-1054,OUT Teak Components,2026-02
TXN-HIST-2026-02-1055,BANK-OPERATING,2026-02-28,-695500,-6955.0,USD,Beacon Studio,HIST-1055,OUT Beacon Studio,2026-02
TXN-HIST-2026-02-1056,BANK-OPERATING,2026-02-28,-699600,-6996.0,USD,Harbor Systems,HIST-1056,OUT Harbor Systems,2026-02
TXN-HIST-2026-02-1057,BANK-OPERATING,2026-02-28,-703700,-7037.0,USD,Nimbus Supply,HIST-1057,OUT Nimbus Supply,2026-02
TXN-HIST-2026-03-1058,BANK-OPERATING,2026-03-01,707800,7078.0,USD,Walnut Network,HIST-1058,IN Walnut Network,2026-03
TXN-HIST-2026-03-1059,BANK-OPERATING,2026-03-01,-91900,-919.0,USD,Echo Group,HIST-1059,OUT Echo Group,2026-03
TXN-HIST-2026-03-1060,BANK-OPERATING,2026-03-01,-96000,-960.0,USD,Keel Services,HIST-1060,OUT Keel Services,2026-03
TXN-HIST-2026-03-1061,BANK-PAYROLL,2026-03-01,-100100,-1001.0,USD,Quarry Labs,HIST-1061,OUT Quarry Labs,2026-03
TXN-HIST-2026-03-1062,BANK-OPERATING,2026-03-01,-104200,-1042.0,USD,Wharf Works,HIST-1062,OUT Wharf Works,2026-03
TXN-HIST-2026-03-1063,BANK-OPERATING,2026-03-01,-108300,-1083.0,USD,Driftwood Network,HIST-1063,OUT Driftwood Network,2026-03
TXN-HIST-2026-03-1064,BANK-OPERATING,2026-03-01,-112400,-1124.0,USD,Juniper Group,HIST-1064,OUT Juniper Group,2026-03
TXN-HIST-2026-03-1065,BANK-OPERATING,2026-03-02,116500,1165.0,USD,Timber Partners,HIST-1065,IN Timber Partners,2026-03
TXN-HIST-2026-03-1066,BANK-OPERATING,2026-03-02,-120600,-1206.0,USD,Alder Components,HIST-1066,OUT Alder Components,2026-03
TXN-HIST-2026-03-1067,BANK-OPERATING,2026-03-02,-124700,-1247.0,USD,Ginkgo Studio,HIST-1067,OUT Ginkgo Studio,2026-03
TXN-HIST-2026-03-1068,BANK-PAYROLL,2026-03-02,-128800,-1288.0,USD,Northwood Systems,HIST-1068,OUT Northwood Systems,2026-03
TXN-HIST-2026-03-1069,BANK-OPERATING,2026-03-02,-132900,-1329.0,USD,Teak Supply,HIST-1069,OUT Teak Supply,2026-03
TXN-HIST-2026-03-1070,BANK-OPERATING,2026-03-02,-137000,-1370.0,USD,Beacon Partners,HIST-1070,OUT Beacon Partners,2026-03
TXN-HIST-2026-03-1071,BANK-OPERATING,2026-03-02,-141100,-1411.0,USD,Harbor Components,HIST-1071,OUT Harbor Components,2026-03
TXN-HIST-2026-03-1072,BANK-OPERATING,2026-03-03,145200,1452.0,USD,Quince Services,HIST-1072,IN Quince Services,2026-03
TXN-HIST-2026-03-1073,BANK-OPERATING,2026-03-03,-149300,-1493.0,USD,Walnut Labs,HIST-1073,OUT Walnut Labs,2026-03
TXN-HIST-2026-03-1074,BANK-OPERATING,2026-03-03,-153400,-1534.0,USD,Echo Works,HIST-1074,OUT Echo Works,2026-03
TXN-HIST-2026-03-1075,BANK-PAYROLL,2026-03-03,-157500,-1575.0,USD,Keel Network,HIST-1075,OUT Keel Network,2026-03
TXN-HIST-2026-03-1076,BANK-OPERATING,2026-03-03,-161600,-1616.0,USD,Quarry Group,HIST-1076,OUT Quarry Group,2026-03
TXN-HIST-2026-03-1077,BANK-OPERATING,2026-03-03,-165700,-1657.0,USD,Wharf Services,HIST-1077,OUT Wharf Services,2026-03
TXN-HIST-2026-03-1078,BANK-OPERATING,2026-03-03,-169800,-1698.0,USD,Driftwood Labs,HIST-1078,OUT Driftwood Labs,2026-03
TXN-HIST-2026-03-1079,BANK-OPERATING,2026-03-04,173900,1739.0,USD,Nimbus Studio,HIST-1079,IN Nimbus Studio,2026-03
TXN-HIST-2026-03-1080,BANK-OPERATING,2026-03-04,-178000,-1780.0,USD,Timber Systems,HIST-1080,OUT Timber Systems,2026-03
TXN-HIST-2026-03-1081,BANK-OPERATING,2026-03-04,-182100,-1821.0,USD,Alder Supply,HIST-1081,OUT Alder Supply,2026-03
TXN-HIST-2026-03-1082,BANK-PAYROLL,2026-03-04,-186200,-1862.0,USD,Ginkgo Partners,HIST-1082,OUT Ginkgo Partners,2026-03
TXN-HIST-2026-03-1083,BANK-OPERATING,2026-03-04,-190300,-1903.0,USD,Northwood Components,HIST-1083,OUT Northwood Components,2026-03
TXN-HIST-2026-03-1084,BANK-OPERATING,2026-03-04,-194400,-1944.0,USD,Teak Studio,HIST-1084,OUT Teak Studio,2026-03
TXN-HIST-2026-03-1085,BANK-OPERATING,2026-03-04,-198500,-1985.0,USD,Beacon Systems,HIST-1085,OUT Beacon Systems,2026-03
TXN-HIST-2026-03-1086,BANK-OPERATING,2026-03-05,202600,2026.0,USD,Juniper Works,HIST-1086,IN Juniper Works,2026-03
TXN-HIST-2026-03-1087,BANK-OPERATING,2026-03-05,-206700,-2067.0,USD,Quince Network,HIST-1087,OUT Quince Network,2026-03
TXN-HIST-2026-03-1088,BANK-OPERATING,2026-03-05,-210800,-2108.0,USD,Walnut Group,HIST-1088,OUT Walnut Group,2026-03
TXN-HIST-2026-03-1089,BANK-PAYROLL,2026-03-05,-214900,-2149.0,USD,Echo Services,HIST-1089,OUT Echo Services,2026-03
TXN-HIST-2026-03-1090,BANK-OPERATING,2026-03-05,-219000,-2190.0,USD,Keel Labs,HIST-1090,OUT Keel Labs,2026-03
TXN-HIST-2026-03-1091,BANK-OPERATING,2026-03-05,-223100,-2231.0,USD,Quarry Works,HIST-1091,OUT Quarry Works,2026-03
TXN-HIST-2026-03-1092,BANK-OPERATING,2026-03-05,-227200,-2272.0,USD,Wharf Network,HIST-1092,OUT Wharf Network,2026-03
TXN-HIST-2026-03-1093,BANK-OPERATING,2026-03-06,231300,2313.0,USD,Harbor Supply,HIST-1093,IN Harbor Supply,2026-03
TXN-HIST-2026-03-1094,BANK-OPERATING,2026-03-06,-235400,-2354.0,USD,Nimbus Partners,HIST-1094,OUT Nimbus Partners,2026-03
TXN-HIST-2026-03-1095,BANK-OPERATING,2026-03-06,-239500,-2395.0,USD,Timber Components,HIST-1095,OUT Timber Components,2026-03
TXN-HIST-2026-03-1096,BANK-PAYROLL,2026-03-06,-243600,-2436.0,USD,Alder Studio,HIST-1096,OUT Alder Studio,2026-03
TXN-HIST-2026-03-1097,BANK-OPERATING,2026-03-06,-247700,-2477.0,USD,Ginkgo Systems,HIST-1097,OUT Ginkgo Systems,2026-03
TXN-HIST-2026-03-1098,BANK-OPERATING,2026-03-06,-251800,-2518.0,USD,Northwood Supply,HIST-1098,OUT Northwood Supply,2026-03
TXN-HIST-2026-03-1099,BANK-OPERATING,2026-03-06,-255900,-2559.0,USD,Teak Partners,HIST-1099,OUT Teak Partners,2026-03
TXN-HIST-2026-03-1100,BANK-OPERATING,2026-03-07,260000,2600.0,USD,Driftwood Group,HIST-1100,IN Driftwood Group,2026-03
TXN-HIST-2026-03-1101,BANK-OPERATING,2026-03-07,-264100,-2641.0,USD,Juniper Services,HIST-1101,OUT Juniper Services,2026-03
TXN-HIST-2026-03-1102,BANK-OPERATING,2026-03-07,-268200,-2682.0,USD,Quince Labs,HIST-1102,OUT Quince Labs,2026-03
TXN-HIST-2026-03-1103,BANK-PAYROLL,2026-03-07,-272300,-2723.0,USD,Walnut Works,HIST-1103,OUT Walnut Works,2026-03
TXN-HIST-2026-03-1104,BANK-OPERATING,2026-03-07,-276400,-2764.0,USD,Echo Network,HIST-1104,OUT Echo Network,2026-03
TXN-HIST-2026-03-1105,BANK-OPERATING,2026-03-07,-280500,-2805.0,USD,Keel Group,HIST-1105,OUT Keel Group,2026-03
TXN-HIST-2026-03-1106,BANK-OPERATING,2026-03-07,-284600,-2846.0,USD,Quarry Services,HIST-1106,OUT Quarry Services,2026-03
TXN-HIST-2026-03-1107,BANK-OPERATING,2026-03-08,288700,2887.0,USD,Beacon Components,HIST-1107,IN Beacon Components,2026-03
TXN-HIST-2026-03-1108,BANK-OPERATING,2026-03-08,-292800,-2928.0,USD,Harbor Studio,HIST-1108,OUT Harbor Studio,2026-03
TXN-HIST-2026-03-1109,BANK-OPERATING,2026-03-08,-296900,-2969.0,USD,Nimbus Systems,HIST-1109,OUT Nimbus Systems,2026-03
TXN-HIST-2026-03-1110,BANK-PAYROLL,2026-03-08,-301000,-3010.0,USD,Timber Supply,HIST-1110,OUT Timber Supply,2026-03
TXN-HIST-2026-03-1111,BANK-OPERATING,2026-03-08,-305100,-3051.0,USD,Alder Partners,HIST-1111,OUT Alder Partners,2026-03
TXN-HIST-2026-03-1112,BANK-OPERATING,2026-03-08,-309200,-3092.0,USD,Ginkgo Components,HIST-1112,OUT Ginkgo Components,2026-03
TXN-HIST-2026-03-1113,BANK-OPERATING,2026-03-08,-313300,-3133.0,USD,Northwood Studio,HIST-1113,OUT Northwood Studio,2026-03
TXN-HIST-2026-03-1114,BANK-OPERATING,2026-03-09,317400,3174.0,USD,Wharf Labs,HIST-1114,IN Wharf Labs,2026-03
TXN-HIST-2026-03-1115,BANK-OPERATING,2026-03-09,-321500,-3215.0,USD,Driftwood Works,HIST-1115,OUT Driftwood Works,2026-03
TXN-HIST-2026-03-1116,BANK-OPERATING,2026-03-09,-325600,-3256.0,USD,Juniper Network,HIST-1116,OUT Juniper Network,2026-03
TXN-HIST-2026-03-1117,BANK-PAYROLL,2026-03-09,-329700,-3297.0,USD,Quince Group,HIST-1117,OUT Quince Group,2026-03
TXN-HIST-2026-03-1118,BANK-OPERATING,2026-03-09,-333800,-3338.0,USD,Walnut Services,HIST-1118,OUT Walnut Services,2026-03
TXN-HIST-2026-03-1119,BANK-OPERATING,2026-03-09,-337900,-3379.0,USD,Echo Labs,HIST-1119,OUT Echo Labs,2026-03
TXN-HIST-2026-03-1120,BANK-OPERATING,2026-03-09,-342000,-3420.0,USD,Keel Works,HIST-1120,OUT Keel Works,2026-03
TXN-HIST-2026-03-1121,BANK-OPERATING,2026-03-10,346100,3461.0,USD,Teak Systems,HIST-1121,IN Teak Systems,2026-03
TXN-HIST-2026-03-1122,BANK-OPERATING,2026-03-10,-350200,-3502.0,USD,Beacon Supply,HIST-1122,OUT Beacon Supply,2026-03
TXN-HIST-2026-03-1123,BANK-OPERATING,2026-03-10,-354300,-3543.0,USD,Harbor Partners,HIST-1123,OUT Harbor Partners,2026-03
TXN-HIST-2026-03-1124,BANK-PAYROLL,2026-03-10,-358400,-3584.0,USD,Nimbus Components,HIST-1124,OUT Nimbus Components,2026-03
TXN-HIST-2026-03-1125,BANK-OPERATING,2026-03-10,-362500,-3625.0,USD,Timber Studio,HIST-1125,OUT Timber Studio,2026-03
TXN-HIST-2026-03-1126,BANK-OPERATING,2026-03-10,-366600,-3666.0,USD,Alder Systems,HIST-1126,OUT Alder Systems,2026-03
TXN-HIST-2026-03-1127,BANK-OPERATING,2026-03-10,-370700,-3707.0,USD,Ginkgo Supply,HIST-1127,OUT Ginkgo Supply,2026-03
TXN-HIST-2026-03-1128,BANK-OPERATING,2026-03-11,374800,3748.0,USD,Quarry Network,HIST-1128,IN Quarry Network,2026-03
TXN-HIST-2026-03-1129,BANK-OPERATING,2026-03-11,-378900,-3789.0,USD,Wharf Group,HIST-1129,OUT Wharf Group,2026-03
TXN-HIST-2026-03-1130,BANK-OPERATING,2026-03-11,-383000,-3830.0,USD,Driftwood Services,HIST-1130,OUT Driftwood Services,2026-03
TXN-HIST-2026-03-1131,BANK-PAYROLL,2026-03-11,-387100,-3871.0,USD,Juniper Labs,HIST-1131,OUT Juniper Labs,2026-03
TXN-HIST-2026-03-1132,BANK-OPERATING,2026-03-11,-391200,-3912.0,USD,Quince Works,HIST-1132,OUT Quince Works,2026-03
TXN-HIST-2026-03-1133,BANK-OPERATING,2026-03-11,-395300,-3953.0,USD,Walnut Network,HIST-1133,OUT Walnut Network,2026-03
TXN-HIST-2026-03-1134,BANK-OPERATING,2026-03-11,-399400,-3994.0,USD,Echo Group,HIST-1134,OUT Echo Group,2026-03
TXN-HIST-2026-03-1135,BANK-OPERATING,2026-03-12,403500,4035.0,USD,Northwood Partners,HIST-1135,IN Northwood Partners,2026-03
TXN-HIST-2026-03-1136,BANK-OPERATING,2026-03-12,-407600,-4076.0,USD,Teak Components,HIST-1136,OUT Teak Components,2026-03
TXN-HIST-2026-03-1137,BANK-OPERATING,2026-03-12,-411700,-4117.0,USD,Beacon Studio,HIST-1137,OUT Beacon Studio,2026-03
TXN-HIST-2026-03-1138,BANK-PAYROLL,2026-03-12,-415800,-4158.0,USD,Harbor Systems,HIST-1138,OUT Harbor Systems,2026-03
TXN-HIST-2026-03-1139,BANK-OPERATING,2026-03-12,-419900,-4199.0,USD,Nimbus Supply,HIST-1139,OUT Nimbus Supply,2026-03
TXN-HIST-2026-03-1140,BANK-OPERATING,2026-03-12,-424000,-4240.0,USD,Timber Partners,HIST-1140,OUT Timber Partners,2026-03
TXN-HIST-2026-03-1141,BANK-OPERATING,2026-03-12,-428100,-4281.0,USD,Alder Components,HIST-1141,OUT Alder Components,2026-03
TXN-HIST-2026-03-1142,BANK-OPERATING,2026-03-13,432200,4322.0,USD,Keel Services,HIST-1142,IN Keel Services,2026-03
TXN-HIST-2026-03-1143,BANK-OPERATING,2026-03-13,-436300,-4363.0,USD,Quarry Labs,HIST-1143,OUT Quarry Labs,2026-03
TXN-HIST-2026-03-1144,BANK-OPERATING,2026-03-13,-440400,-4404.0,USD,Wharf Works,HIST-1144,OUT Wharf Works,2026-03
TXN-HIST-2026-03-1145,BANK-PAYROLL,2026-03-13,-444500,-4445.0,USD,Driftwood Network,HIST-1145,OUT Driftwood Network,2026-03
TXN-HIST-2026-03-1146,BANK-OPERATING,2026-03-13,-448600,-4486.0,USD,Juniper Group,HIST-1146,OUT Juniper Group,2026-03
TXN-HIST-2026-03-1147,BANK-OPERATING,2026-03-13,-452700,-4527.0,USD,Quince Services,HIST-1147,OUT Quince Services,2026-03
TXN-HIST-2026-03-1148,BANK-OPERATING,2026-03-13,-456800,-4568.0,USD,Walnut Labs,HIST-1148,OUT Walnut Labs,2026-03
TXN-HIST-2026-03-1149,BANK-OPERATING,2026-03-14,460900,4609.0,USD,Ginkgo Studio,HIST-1149,IN Ginkgo Studio,2026-03
TXN-HIST-2026-03-1150,BANK-OPERATING,2026-03-14,-465000,-4650.0,USD,Northwood Systems,HIST-1150,OUT Northwood Systems,2026-03
TXN-HIST-2026-03-1151,BANK-OPERATING,2026-03-14,-469100,-4691.0,USD,Teak Supply,HIST-1151,OUT Teak Supply,2026-03
TXN-HIST-2026-03-1152,BANK-PAYROLL,2026-03-14,-473200,-4732.0,USD,Beacon Partners,HIST-1152,OUT Beacon Partners,2026-03
TXN-HIST-2026-03-1153,BANK-OPERATING,2026-03-14,-477300,-4773.0,USD,Harbor Components,HIST-1153,OUT Harbor Components,2026-03
TXN-HIST-2026-03-1154,BANK-OPERATING,2026-03-14,-481400,-4814.0,USD,Nimbus Studio,HIST-1154,OUT Nimbus Studio,2026-03
TXN-HIST-2026-03-1155,BANK-OPERATING,2026-03-14,-485500,-4855.0,USD,Timber Systems,HIST-1155,OUT Timber Systems,2026-03
TXN-HIST-2026-03-1156,BANK-OPERATING,2026-03-15,489600,4896.0,USD,Echo Works,HIST-1156,IN Echo Works,2026-03
TXN-HIST-2026-03-1157,BANK-OPERATING,2026-03-15,-493700,-4937.0,USD,Keel Network,HIST-1157,OUT Keel Network,2026-03
TXN-HIST-2026-03-1158,BANK-OPERATING,2026-03-15,-497800,-4978.0,USD,Quarry Group,HIST-1158,OUT Quarry Group,2026-03
TXN-HIST-2026-03-1159,BANK-PAYROLL,2026-03-15,-501900,-5019.0,USD,Wharf Services,HIST-1159,OUT Wharf Services,2026-03
TXN-HIST-2026-03-1160,BANK-OPERATING,2026-03-15,-506000,-5060.0,USD,Driftwood Labs,HIST-1160,OUT Driftwood Labs,2026-03
TXN-HIST-2026-03-1161,BANK-OPERATING,2026-03-15,-510100,-5101.0,USD,Juniper Works,HIST-1161,OUT Juniper Works,2026-03
TXN-HIST-2026-03-1162,BANK-OPERATING,2026-03-15,-514200,-5142.0,USD,Quince Network,HIST-1162,OUT Quince Network,2026-03
TXN-HIST-2026-03-1163,BANK-OPERATING,2026-03-16,518300,5183.0,USD,Alder Supply,HIST-1163,IN Alder Supply,2026-03
TXN-HIST-2026-03-1164,BANK-OPERATING,2026-03-16,-522400,-5224.0,USD,Ginkgo Partners,HIST-1164,OUT Ginkgo Partners,2026-03
TXN-HIST-2026-03-1165,BANK-OPERATING,2026-03-16,-526500,-5265.0,USD,Northwood Components,HIST-1165,OUT Northwood Components,2026-03
TXN-HIST-2026-03-1166,BANK-PAYROLL,2026-03-16,-530600,-5306.0,USD,Teak Studio,HIST-1166,OUT Teak Studio,2026-03
TXN-HIST-2026-03-1167,BANK-OPERATING,2026-03-16,-534700,-5347.0,USD,Beacon Systems,HIST-1167,OUT Beacon Systems,2026-03
TXN-HIST-2026-03-1168,BANK-OPERATING,2026-03-16,-538800,-5388.0,USD,Harbor Supply,HIST-1168,OUT Harbor Supply,2026-03
TXN-HIST-2026-03-1169,BANK-OPERATING,2026-03-16,-542900,-5429.0,USD,Nimbus Partners,HIST-1169,OUT Nimbus Partners,2026-03
TXN-HIST-2026-03-1170,BANK-OPERATING,2026-03-17,547000,5470.0,USD,Walnut Group,HIST-1170,IN Walnut Group,2026-03
TXN-HIST-2026-03-1171,BANK-OPERATING,2026-03-17,-551100,-5511.0,USD,Echo Services,HIST-1171,OUT Echo Services,2026-03
TXN-HIST-2026-03-1172,BANK-OPERATING,2026-03-17,-555200,-5552.0,USD,Keel Labs,HIST-1172,OUT Keel Labs,2026-03
TXN-HIST-2026-03-1173,BANK-PAYROLL,2026-03-17,-559300,-5593.0,USD,Quarry Works,HIST-1173,OUT Quarry Works,2026-03
TXN-HIST-2026-03-1174,BANK-OPERATING,2026-03-17,-563400,-5634.0,USD,Wharf Network,HIST-1174,OUT Wharf Network,2026-03
TXN-HIST-2026-03-1175,BANK-OPERATING,2026-03-17,-567500,-5675.0,USD,Driftwood Group,HIST-1175,OUT Driftwood Group,2026-03
TXN-HIST-2026-03-1176,BANK-OPERATING,2026-03-17,-571600,-5716.0,USD,Juniper Services,HIST-1176,OUT Juniper Services,2026-03
TXN-HIST-2026-03-1177,BANK-OPERATING,2026-03-18,575700,5757.0,USD,Timber Components,HIST-1177,IN Timber Components,2026-03
TXN-HIST-2026-03-1178,BANK-OPERATING,2026-03-18,-579800,-5798.0,USD,Alder Studio,HIST-1178,OUT Alder Studio,2026-03
TXN-HIST-2026-03-1179,BANK-OPERATING,2026-03-18,-583900,-5839.0,USD,Ginkgo Systems,HIST-1179,OUT Ginkgo Systems,2026-03
TXN-HIST-2026-03-1180,BANK-PAYROLL,2026-03-18,-588000,-5880.0,USD,Northwood Supply,HIST-1180,OUT Northwood Supply,2026-03
TXN-HIST-2026-03-1181,BANK-OPERATING,2026-03-18,-592100,-5921.0,USD,Teak Partners,HIST-1181,OUT Teak Partners,2026-03
TXN-HIST-2026-03-1182,BANK-OPERATING,2026-03-18,-596200,-5962.0,USD,Beacon Components,HIST-1182,OUT Beacon Components,2026-03
TXN-HIST-2026-03-1183,BANK-OPERATING,2026-03-18,-600300,-6003.0,USD,Harbor Studio,HIST-1183,OUT Harbor Studio,2026-03
TXN-HIST-2026-03-1184,BANK-OPERATING,2026-03-19,604400,6044.0,USD,Quince Labs,HIST-1184,IN Quince Labs,2026-03
TXN-HIST-2026-03-1185,BANK-OPERATING,2026-03-19,-608500,-6085.0,USD,Walnut Works,HIST-1185,OUT Walnut Works,2026-03
TXN-HIST-2026-03-1186,BANK-OPERATING,2026-03-19,-612600,-6126.0,USD,Echo Network,HIST-1186,OUT Echo Network,2026-03
TXN-HIST-2026-03-1187,BANK-PAYROLL,2026-03-19,-616700,-6167.0,USD,Keel Group,HIST-1187,OUT Keel Group,2026-03
TXN-HIST-2026-03-1188,BANK-OPERATING,2026-03-19,-620800,-6208.0,USD,Quarry Services,HIST-1188,OUT Quarry Services,2026-03
TXN-HIST-2026-03-1189,BANK-OPERATING,2026-03-19,-624900,-6249.0,USD,Wharf Labs,HIST-1189,OUT Wharf Labs,2026-03
TXN-HIST-2026-03-1190,BANK-OPERATING,2026-03-19,-629000,-6290.0,USD,Driftwood Works,HIST-1190,OUT Driftwood Works,2026-03
TXN-HIST-2026-03-1191,BANK-OPERATING,2026-03-20,633100,6331.0,USD,Nimbus Systems,HIST-1191,IN Nimbus Systems,2026-03
TXN-HIST-2026-03-1192,BANK-OPERATING,2026-03-20,-637200,-6372.0,USD,Timber Supply,HIST-1192,OUT Timber Supply,2026-03
TXN-HIST-2026-03-1193,BANK-OPERATING,2026-03-20,-641300,-6413.0,USD,Alder Partners,HIST-1193,OUT Alder Partners,2026-03
TXN-HIST-2026-03-1194,BANK-PAYROLL,2026-03-20,-645400,-6454.0,USD,Ginkgo Components,HIST-1194,OUT Ginkgo Components,2026-03
TXN-HIST-2026-03-1195,BANK-OPERATING,2026-03-20,-649500,-6495.0,USD,Northwood Studio,HIST-1195,OUT Northwood Studio,2026-03
TXN-HIST-2026-03-1196,BANK-OPERATING,2026-03-20,-653600,-6536.0,USD,Teak Systems,HIST-1196,OUT Teak Systems,2026-03
TXN-HIST-2026-03-1197,BANK-OPERATING,2026-03-20,-657700,-6577.0,USD,Beacon Supply,HIST-1197,OUT Beacon Supply,2026-03
TXN-HIST-2026-03-1198,BANK-OPERATING,2026-03-21,661800,6618.0,USD,Juniper Network,HIST-1198,IN Juniper Network,2026-03
TXN-HIST-2026-03-1199,BANK-OPERATING,2026-03-21,-665900,-6659.0,USD,Quince Group,HIST-1199,OUT Quince Group,2026-03
TXN-HIST-2026-03-1200,BANK-OPERATING,2026-03-21,-670000,-6700.0,USD,Walnut Services,HIST-1200,OUT Walnut Services,2026-03
TXN-HIST-2026-03-1201,BANK-PAYROLL,2026-03-21,-674100,-6741.0,USD,Echo Labs,HIST-1201,OUT Echo Labs,2026-03
TXN-HIST-2026-03-1202,BANK-OPERATING,2026-03-21,-678200,-6782.0,USD,Keel Works,HIST-1202,OUT Keel Works,2026-03
TXN-HIST-2026-03-1203,BANK-OPERATING,2026-03-21,-682300,-6823.0,USD,Quarry Network,HIST-1203,OUT Quarry Network,2026-03
TXN-HIST-2026-03-1204,BANK-OPERATING,2026-03-21,-686400,-6864.0,USD,Wharf Group,HIST-1204,OUT Wharf Group,2026-03
TXN-HIST-2026-03-1205,BANK-OPERATING,2026-03-22,690500,6905.0,USD,Harbor Partners,HIST-1205,IN Harbor Partners,2026-03
TXN-HIST-2026-03-1206,BANK-OPERATING,2026-03-22,-694600,-6946.0,USD,Nimbus Components,HIST-1206,OUT Nimbus Components,2026-03
TXN-HIST-2026-03-1207,BANK-OPERATING,2026-03-22,-698700,-6987.0,USD,Timber Studio,HIST-1207,OUT Timber Studio,2026-03
TXN-HIST-2026-03-1208,BANK-PAYROLL,2026-03-22,-702800,-7028.0,USD,Alder Systems,HIST-1208,OUT Alder Systems,2026-03
TXN-HIST-2026-03-1209,BANK-OPERATING,2026-03-22,-706900,-7069.0,USD,Ginkgo Supply,HIST-1209,OUT Ginkgo Supply,2026-03
TXN-HIST-2026-03-1210,BANK-OPERATING,2026-03-22,-91000,-910.0,USD,Northwood Partners,HIST-1210,OUT Northwood Partners,2026-03
TXN-HIST-2026-03-1211,BANK-OPERATING,2026-03-22,-95100,-951.0,USD,Teak Components,HIST-1211,OUT Teak Components,2026-03
TXN-HIST-2026-03-1212,BANK-OPERATING,2026-03-23,99200,992.0,USD,Driftwood Services,HIST-1212,IN Driftwood Services,2026-03
TXN-HIST-2026-03-1213,BANK-OPERATING,2026-03-23,-103300,-1033.0,USD,Juniper Labs,HIST-1213,OUT Juniper Labs,2026-03
TXN-HIST-2026-03-1214,BANK-OPERATING,2026-03-23,-107400,-1074.0,USD,Quince Works,HIST-1214,OUT Quince Works,2026-03
TXN-HIST-2026-03-1215,BANK-PAYROLL,2026-03-23,-111500,-1115.0,USD,Walnut Network,HIST-1215,OUT Walnut Network,2026-03
TXN-HIST-2026-03-1216,BANK-OPERATING,2026-03-23,-115600,-1156.0,USD,Echo Group,HIST-1216,OUT Echo Group,2026-03
TXN-HIST-2026-03-1217,BANK-OPERATING,2026-03-23,-119700,-1197.0,USD,Keel Services,HIST-1217,OUT Keel Services,2026-03
TXN-HIST-2026-03-1218,BANK-OPERATING,2026-03-23,-123800,-1238.0,USD,Quarry Labs,HIST-1218,OUT Quarry Labs,2026-03
TXN-HIST-2026-03-1219,BANK-OPERATING,2026-03-24,127900,1279.0,USD,Beacon Studio,HIST-1219,IN Beacon Studio,2026-03
TXN-HIST-2026-03-1220,BANK-OPERATING,2026-03-24,-132000,-1320.0,USD,Harbor Systems,HIST-1220,OUT Harbor Systems,2026-03
TXN-HIST-2026-03-1221,BANK-OPERATING,2026-03-24,-136100,-1361.0,USD,Nimbus Supply,HIST-1221,OUT Nimbus Supply,2026-03
TXN-HIST-2026-03-1222,BANK-PAYROLL,2026-03-24,-140200,-1402.0,USD,Timber Partners,HIST-1222,OUT Timber Partners,2026-03
TXN-HIST-2026-03-1223,BANK-OPERATING,2026-03-24,-144300,-1443.0,USD,Alder Components,HIST-1223,OUT Alder Components,2026-03
TXN-HIST-2026-03-1224,BANK-OPERATING,2026-03-24,-148400,-1484.0,USD,Ginkgo Studio,HIST-1224,OUT Ginkgo Studio,2026-03
TXN-HIST-2026-03-1225,BANK-OPERATING,2026-03-24,-152500,-1525.0,USD,Northwood Systems,HIST-1225,OUT Northwood Systems,2026-03
TXN-HIST-2026-03-1226,BANK-OPERATING,2026-03-25,156600,1566.0,USD,Wharf Works,HIST-1226,IN Wharf Works,2026-03
TXN-HIST-2026-03-1227,BANK-OPERATING,2026-03-25,-160700,-1607.0,USD,Driftwood Network,HIST-1227,OUT Driftwood Network,2026-03
TXN-HIST-2026-03-1228,BANK-OPERATING,2026-03-25,-164800,-1648.0,USD,Juniper Group,HIST-1228,OUT Juniper Group,2026-03
TXN-HIST-2026-03-1229,BANK-PAYROLL,2026-03-25,-168900,-1689.0,USD,Quince Services,HIST-1229,OUT Quince Services,2026-03
TXN-HIST-2026-03-1230,BANK-OPERATING,2026-03-25,-173000,-1730.0,USD,Walnut Labs,HIST-1230,OUT Walnut Labs,2026-03
TXN-HIST-2026-03-1231,BANK-OPERATING,2026-03-25,-177100,-1771.0,USD,Echo Works,HIST-1231,OUT Echo Works,2026-03
TXN-HIST-2026-03-1232,BANK-OPERATING,2026-03-25,-181200,-1812.0,USD,Keel Network,HIST-1232,OUT Keel Network,2026-03
TXN-HIST-2026-03-1233,BANK-OPERATING,2026-03-26,185300,1853.0,USD,Teak Supply,HIST-1233,IN Teak Supply,2026-03
TXN-HIST-2026-03-1234,BANK-OPERATING,2026-03-26,-189400,-1894.0,USD,Beacon Partners,HIST-1234,OUT Beacon Partners,2026-03
TXN-HIST-2026-03-1235,BANK-OPERATING,2026-03-26,-193500,-1935.0,USD,Harbor Components,HIST-1235,OUT Harbor Components,2026-03
TXN-HIST-2026-03-1236,BANK-PAYROLL,2026-03-26,-197600,-1976.0,USD,Nimbus Studio,HIST-1236,OUT Nimbus Studio,2026-03
TXN-HIST-2026-03-1237,BANK-OPERATING,2026-03-26,-201700,-2017.0,USD,Timber Systems,HIST-1237,OUT Timber Systems,2026-03
TXN-HIST-2026-03-1238,BANK-OPERATING,2026-03-26,-205800,-2058.0,USD,Alder Supply,HIST-1238,OUT Alder Supply,2026-03
TXN-HIST-2026-03-1239,BANK-OPERATING,2026-03-26,-209900,-2099.0,USD,Ginkgo Partners,HIST-1239,OUT Ginkgo Partners,2026-03
TXN-HIST-2026-03-1240,BANK-OPERATING,2026-03-27,214000,2140.0,USD,Quarry Group,HIST-1240,IN Quarry Group,2026-03
TXN-HIST-2026-03-1241,BANK-OPERATING,2026-03-27,-218100,-2181.0,USD,Wharf Services,HIST-1241,OUT Wharf Services,2026-03
TXN-HIST-2026-03-1242,BANK-OPERATING,2026-03-27,-222200,-2222.0,USD,Driftwood Labs,HIST-1242,OUT Driftwood Labs,2026-03
TXN-HIST-2026-03-1243,BANK-PAYROLL,2026-03-27,-226300,-2263.0,USD,Juniper Works,HIST-1243,OUT Juniper Works,2026-03
TXN-HIST-2026-03-1244,BANK-OPERATING,2026-03-27,-230400,-2304.0,USD,Quince Network,HIST-1244,OUT Quince Network,2026-03
TXN-HIST-2026-03-1245,BANK-OPERATING,2026-03-27,-234500,-2345.0,USD,Walnut Group,HIST-1245,OUT Walnut Group,2026-03
TXN-HIST-2026-03-1246,BANK-OPERATING,2026-03-27,-238600,-2386.0,USD,Echo Services,HIST-1246,OUT Echo Services,2026-03
TXN-HIST-2026-03-1247,BANK-OPERATING,2026-03-28,242700,2427.0,USD,Northwood Components,HIST-1247,IN Northwood Components,2026-03
TXN-HIST-2026-03-1248,BANK-OPERATING,2026-03-28,-246800,-2468.0,USD,Teak Studio,HIST-1248,OUT Teak Studio,2026-03
TXN-HIST-2026-03-1249,BANK-OPERATING,2026-03-28,-250900,-2509.0,USD,Beacon Systems,HIST-1249,OUT Beacon Systems,2026-03
TXN-HIST-2026-03-1250,BANK-PAYROLL,2026-03-28,-255000,-2550.0,USD,Harbor Supply,HIST-1250,OUT Harbor Supply,2026-03
TXN-HIST-2026-03-1251,BANK-OPERATING,2026-03-28,-259100,-2591.0,USD,Nimbus Partners,HIST-1251,OUT Nimbus Partners,2026-03
TXN-HIST-2026-03-1252,BANK-OPERATING,2026-03-28,-263200,-2632.0,USD,Timber Components,HIST-1252,OUT Timber Components,2026-03
TXN-HIST-2026-03-1253,BANK-OPERATING,2026-03-28,-267300,-2673.0,USD,Alder Studio,HIST-1253,OUT Alder Studio,2026-03
TXN-HIST-2026-03-1254,BANK-OPERATING,2026-03-29,271400,2714.0,USD,Keel Labs,HIST-1254,IN Keel Labs,2026-03
TXN-HIST-2026-03-1255,BANK-OPERATING,2026-03-29,-275500,-2755.0,USD,Quarry Works,HIST-1255,OUT Quarry Works,2026-03
TXN-HIST-2026-03-1256,BANK-OPERATING,2026-03-29,-279600,-2796.0,USD,Wharf Network,HIST-1256,OUT Wharf Network,2026-03
TXN-HIST-2026-03-1257,BANK-PAYROLL,2026-03-29,-283700,-2837.0,USD,Driftwood Group,HIST-1257,OUT Driftwood Group,2026-03
TXN-HIST-2026-03-1258,BANK-OPERATING,2026-03-29,-287800,-2878.0,USD,Juniper Services,HIST-1258,OUT Juniper Services,2026-03
TXN-HIST-2026-03-1259,BANK-OPERATING,2026-03-29,-291900,-2919.0,USD,Quince Labs,HIST-1259,OUT Quince Labs,2026-03
TXN-HIST-2026-03-1260,BANK-OPERATING,2026-03-29,-296000,-2960.0,USD,Walnut Works,HIST-1260,OUT Walnut Works,2026-03
TXN-HIST-2026-03-1261,BANK-OPERATING,2026-03-30,300100,3001.0,USD,Ginkgo Systems,HIST-1261,IN Ginkgo Systems,2026-03
TXN-HIST-2026-03-1262,BANK-OPERATING,2026-03-30,-304200,-3042.0,USD,Northwood Supply,HIST-1262,OUT Northwood Supply,2026-03
TXN-HIST-2026-03-1263,BANK-OPERATING,2026-03-30,-308300,-3083.0,USD,Teak Partners,HIST-1263,OUT Teak Partners,2026-03
TXN-HIST-2026-03-1264,BANK-PAYROLL,2026-03-30,-312400,-3124.0,USD,Beacon Components,HIST-1264,OUT Beacon Components,2026-03
TXN-HIST-2026-03-1265,BANK-OPERATING,2026-03-30,-316500,-3165.0,USD,Harbor Studio,HIST-1265,OUT Harbor Studio,2026-03
TXN-HIST-2026-03-1266,BANK-OPERATING,2026-03-30,-320600,-3206.0,USD,Nimbus Systems,HIST-1266,OUT Nimbus Systems,2026-03
TXN-HIST-2026-03-1267,BANK-OPERATING,2026-03-30,-324700,-3247.0,USD,Timber Supply,HIST-1267,OUT Timber Supply,2026-03
TXN-HIST-2026-03-1268,BANK-OPERATING,2026-03-31,328800,3288.0,USD,Echo Network,HIST-1268,IN Echo Network,2026-03
TXN-HIST-2026-03-1269,BANK-OPERATING,2026-03-31,-332900,-3329.0,USD,Keel Group,HIST-1269,OUT Keel Group,2026-03
TXN-HIST-2026-03-1270,BANK-OPERATING,2026-03-31,-337000,-3370.0,USD,Quarry Services,HIST-1270,OUT Quarry Services,2026-03
TXN-HIST-2026-03-1271,BANK-PAYROLL,2026-03-31,-341100,-3411.0,USD,Wharf Labs,HIST-1271,OUT Wharf Labs,2026-03
TXN-HIST-2026-03-1272,BANK-OPERATING,2026-03-31,-345200,-3452.0,USD,Driftwood Works,HIST-1272,OUT Driftwood Works,2026-03
TXN-HIST-2026-03-1273,BANK-OPERATING,2026-03-31,-349300,-3493.0,USD,Juniper Network,HIST-1273,OUT Juniper Network,2026-03
TXN-HIST-2026-03-1274,BANK-OPERATING,2026-03-31,-353400,-3534.0,USD,Quince Group,HIST-1274,OUT Quince Group,2026-03
TXN-HIST-2026-04-1275,BANK-OPERATING,2026-04-01,357500,3575.0,USD,Alder Partners,HIST-1275,IN Alder Partners,2026-04
TXN-HIST-2026-04-1276,BANK-OPERATING,2026-04-01,-361600,-3616.0,USD,Ginkgo Components,HIST-1276,OUT Ginkgo Components,2026-04
TXN-HIST-2026-04-1277,BANK-OPERATING,2026-04-01,-365700,-3657.0,USD,Northwood Studio,HIST-1277,OUT Northwood Studio,2026-04
TXN-HIST-2026-04-1278,BANK-PAYROLL,2026-04-01,-369800,-3698.0,USD,Teak Systems,HIST-1278,OUT Teak Systems,2026-04
TXN-HIST-2026-04-1279,BANK-OPERATING,2026-04-01,-373900,-3739.0,USD,Beacon Supply,HIST-1279,OUT Beacon Supply,2026-04
TXN-HIST-2026-04-1280,BANK-OPERATING,2026-04-01,-378000,-3780.0,USD,Harbor Partners,HIST-1280,OUT Harbor Partners,2026-04
TXN-HIST-2026-04-1281,BANK-OPERATING,2026-04-01,-382100,-3821.0,USD,Nimbus Components,HIST-1281,OUT Nimbus Components,2026-04
TXN-HIST-2026-04-1282,BANK-OPERATING,2026-04-02,386200,3862.0,USD,Walnut Services,HIST-1282,IN Walnut Services,2026-04
TXN-HIST-2026-04-1283,BANK-OPERATING,2026-04-02,-390300,-3903.0,USD,Echo Labs,HIST-1283,OUT Echo Labs,2026-04
TXN-HIST-2026-04-1284,BANK-OPERATING,2026-04-02,-394400,-3944.0,USD,Keel Works,HIST-1284,OUT Keel Works,2026-04
TXN-HIST-2026-04-1285,BANK-PAYROLL,2026-04-02,-398500,-3985.0,USD,Quarry Network,HIST-1285,OUT Quarry Network,2026-04
TXN-HIST-2026-04-1286,BANK-OPERATING,2026-04-02,-402600,-4026.0,USD,Wharf Group,HIST-1286,OUT Wharf Group,2026-04
TXN-HIST-2026-04-1287,BANK-OPERATING,2026-04-02,-406700,-4067.0,USD,Driftwood Services,HIST-1287,OUT Driftwood Services,2026-04
TXN-HIST-2026-04-1288,BANK-OPERATING,2026-04-02,-410800,-4108.0,USD,Juniper Labs,HIST-1288,OUT Juniper Labs,2026-04
TXN-HIST-2026-04-1289,BANK-OPERATING,2026-04-03,414900,4149.0,USD,Timber Studio,HIST-1289,IN Timber Studio,2026-04
TXN-HIST-2026-04-1290,BANK-OPERATING,2026-04-03,-419000,-4190.0,USD,Alder Systems,HIST-1290,OUT Alder Systems,2026-04
TXN-HIST-2026-04-1291,BANK-OPERATING,2026-04-03,-423100,-4231.0,USD,Ginkgo Supply,HIST-1291,OUT Ginkgo Supply,2026-04
TXN-HIST-2026-04-1292,BANK-PAYROLL,2026-04-03,-427200,-4272.0,USD,Northwood Partners,HIST-1292,OUT Northwood Partners,2026-04
TXN-HIST-2026-04-1293,BANK-OPERATING,2026-04-03,-431300,-4313.0,USD,Acme Supplies LLC,HIST-1293,OUT Acme Supplies LLC,2026-04
TXN-HIST-2026-04-1294,BANK-OPERATING,2026-04-03,-435400,-4354.0,USD,Amazon Web Services,HIST-1294,OUT Amazon Web Services,2026-04
TXN-HIST-2026-04-1295,BANK-OPERATING,2026-04-03,-439500,-4395.0,USD,Office Depot,HIST-1295,OUT Office Depot,2026-04
TXN-HIST-2026-04-1296,BANK-OPERATING,2026-04-04,443600,4436.0,USD,Acme Supplies,HIST-1296,IN Acme Supplies,2026-04
TXN-HIST-2026-04-1297,BANK-OPERATING,2026-04-04,-447700,-4477.0,USD,Acme Supply Co.,HIST-1297,OUT Acme Supply Co.,2026-04
TXN-HIST-2026-04-1298,BANK-OPERATING,2026-04-04,-451800,-4518.0,USD,Northline Fabrication,HIST-1298,OUT Northline Fabrication,2026-04
TXN-HIST-2026-04-1299,BANK-PAYROLL,2026-04-04,-455900,-4559.0,USD,Helios Hardware,HIST-1299,OUT Helios Hardware,2026-04
TXN-HIST-2026-04-1300,BANK-OPERATING,2026-04-04,-460000,-4600.0,USD,Slack Technologies,HIST-1300,OUT Slack Technologies,2026-04
TXN-HIST-2026-04-1301,BANK-OPERATING,2026-04-04,-464100,-4641.0,USD,Google Cloud,HIST-1301,OUT Google Cloud,2026-04
TXN-HIST-2026-04-1302,BANK-OPERATING,2026-04-04,-468200,-4682.0,USD,Orbit Analytics,HIST-1302,OUT Orbit Analytics,2026-04
TXN-HIST-2026-04-1303,BANK-OPERATING,2026-04-05,472300,4723.0,USD,Datadog,HIST-1303,IN Datadog,2026-04
TXN-HIST-2026-04-1304,BANK-OPERATING,2026-04-05,-476400,-4764.0,USD,Figma,HIST-1304,OUT Figma,2026-04
TXN-HIST-2026-04-1305,BANK-OPERATING,2026-04-05,-480500,-4805.0,USD,Hartford Insurance,HIST-1305,OUT Hartford Insurance,2026-04
TXN-HIST-2026-04-1306,BANK-PAYROLL,2026-04-05,-484600,-4846.0,USD,Cambridge Properties,HIST-1306,OUT Cambridge Properties,2026-04
TXN-HIST-2026-04-1307,BANK-OPERATING,2026-04-05,-488700,-4887.0,USD,Harbor Electric,HIST-1307,OUT Harbor Electric,2026-04
TXN-HIST-2026-04-1308,BANK-OPERATING,2026-04-05,-492800,-4928.0,USD,GitHub,HIST-1308,OUT GitHub,2026-04
TXN-HIST-2026-04-1309,BANK-OPERATING,2026-04-05,-496900,-4969.0,USD,Freightline Logistics,HIST-1309,OUT Freightline Logistics,2026-04
TXN-HIST-2026-04-1310,BANK-OPERATING,2026-04-06,501000,5010.0,USD,Dell Technologies,HIST-1310,IN Dell Technologies,2026-04
TXN-HIST-2026-04-1311,BANK-OPERATING,2026-04-06,-505100,-5051.0,USD,Lindholm & Ruiz LLP,HIST-1311,OUT Lindholm & Ruiz LLP,2026-04
TXN-HIST-2026-04-1312,BANK-OPERATING,2026-04-06,-509200,-5092.0,USD,Shadow Vendor LLC,HIST-1312,OUT Shadow Vendor LLC,2026-04
TXN-HIST-2026-04-1313,BANK-PAYROLL,2026-04-06,-513300,-5133.0,USD,Lenovo,HIST-1313,OUT Lenovo,2026-04
TXN-HIST-2026-04-1314,BANK-OPERATING,2026-04-06,-517400,-5174.0,USD,Twilio,HIST-1314,OUT Twilio,2026-04
TXN-HIST-2026-04-1315,BANK-OPERATING,2026-04-06,-521500,-5215.0,USD,Snowflake,HIST-1315,OUT Snowflake,2026-04
TXN-HIST-2026-04-1316,BANK-OPERATING,2026-04-06,-525600,-5256.0,USD,CrowdStrike,HIST-1316,OUT CrowdStrike,2026-04
TXN-HIST-2026-04-1317,BANK-OPERATING,2026-04-07,529700,5297.0,USD,Misc Supplies,HIST-1317,IN Misc Supplies,2026-04
TXN-HIST-2026-04-1318,BANK-OPERATING,2026-04-07,-533800,-5338.0,USD,Notion Labs,HIST-1318,OUT Notion Labs,2026-04
TXN-HIST-2026-04-1319,BANK-OPERATING,2026-04-07,-537900,-5379.0,USD,Okta,HIST-1319,OUT Okta,2026-04
TXN-HIST-2026-04-1320,BANK-PAYROLL,2026-04-07,-542000,-5420.0,USD,Zoom Video,HIST-1320,OUT Zoom Video,2026-04
TXN-HIST-2026-04-1321,BANK-OPERATING,2026-04-07,-546100,-5461.0,USD,Cloudflare,HIST-1321,OUT Cloudflare,2026-04
TXN-HIST-2026-04-1322,BANK-OPERATING,2026-04-07,-550200,-5502.0,USD,Helios Hardware Supply,HIST-1322,OUT Helios Hardware Supply,2026-04
TXN-HIST-2026-04-1323,BANK-OPERATING,2026-04-07,-554300,-5543.0,USD,Staples Business Advantage,HIST-1323,OUT Staples Business Advantage,2026-04
TXN-HIST-2026-04-1324,BANK-OPERATING,2026-04-08,558400,5584.0,USD,Atlassian,HIST-1324,IN Atlassian,2026-04
TXN-HIST-2026-04-1325,BANK-OPERATING,2026-04-08,-562500,-5625.0,USD,Northline Fab Group,HIST-1325,OUT Northline Fab Group,2026-04
TXN-HIST-2026-04-1326,BANK-OPERATING,2026-04-08,-566600,-5666.0,USD,Harbor Power & Light,HIST-1326,OUT Harbor Power & Light,2026-04
TXN-HIST-2026-04-1327,BANK-PAYROLL,2026-04-08,-570700,-5707.0,USD,FedEx,HIST-1327,OUT FedEx,2026-04
TXN-HIST-2026-04-1328,BANK-OPERATING,2026-04-08,-574800,-5748.0,USD,WeWork Cambridge,HIST-1328,OUT WeWork Cambridge,2026-04
TXN-HIST-2026-04-1329,BANK-OPERATING,2026-04-08,-578900,-5789.0,USD,Pagaya Coffee Service,HIST-1329,OUT Pagaya Coffee Service,2026-04
TXN-HIST-2026-04-1330,BANK-OPERATING,2026-04-08,-583000,-5830.0,USD,Kendall Square Parking,HIST-1330,OUT Kendall Square Parking,2026-04
TXN-HIST-2026-04-1331,BANK-OPERATING,2026-04-09,587100,5871.0,USD,ADP,HIST-1331,IN ADP,2026-04
TXN-HIST-2026-04-1332,BANK-OPERATING,2026-04-09,-591200,-5912.0,USD,Comcast Business,HIST-1332,OUT Comcast Business,2026-04
TXN-HIST-2026-04-1333,BANK-OPERATING,2026-04-09,-595300,-5953.0,USD,CleanRoom Janitorial,HIST-1333,OUT CleanRoom Janitorial,2026-04
TXN-HIST-2026-04-1334,BANK-PAYROLL,2026-04-09,-599400,-5994.0,USD,HubSpot,HIST-1334,OUT HubSpot,2026-04
TXN-HIST-2026-04-1335,BANK-OPERATING,2026-04-09,-603500,-6035.0,USD,Adyen NV,HIST-1335,OUT Adyen NV,2026-04
TXN-HIST-2026-04-1336,BANK-OPERATING,2026-04-09,-607600,-6076.0,USD,Palo Alto Networks,HIST-1336,OUT Palo Alto Networks,2026-04
TXN-HIST-2026-04-1337,BANK-OPERATING,2026-04-09,-611700,-6117.0,USD,Carta,HIST-1337,OUT Carta,2026-04
TXN-HIST-2026-04-1338,BANK-OPERATING,2026-04-10,615800,6158.0,USD,Stripe Processing,HIST-1338,IN Stripe Processing,2026-04
TXN-HIST-2026-04-1339,BANK-OPERATING,2026-04-10,-619900,-6199.0,USD,DocuSign,HIST-1339,OUT DocuSign,2026-04
TXN-HIST-2026-04-1340,BANK-OPERATING,2026-04-10,-624000,-6240.0,USD,Boston Edison Steam,HIST-1340,OUT Boston Edison Steam,2026-04
TXN-HIST-2026-04-1341,BANK-PAYROLL,2026-04-10,-628100,-6281.0,USD,Gusto Payroll,HIST-1341,OUT Gusto Payroll,2026-04
TXN-HIST-2026-04-1342,BANK-OPERATING,2026-04-10,-632200,-6322.0,USD,Linear App,HIST-1342,OUT Linear App,2026-04
TXN-HIST-2026-04-1343,BANK-OPERATING,2026-04-10,-636300,-6363.0,USD,Quince Labs,HIST-1343,OUT Quince Labs,2026-04
TXN-HIST-2026-04-1344,BANK-OPERATING,2026-04-10,-640400,-6404.0,USD,Walnut Works,HIST-1344,OUT Walnut Works,2026-04
TXN-HIST-2026-04-1345,BANK-OPERATING,2026-04-11,644500,6445.0,USD,Vanta,HIST-1345,IN Vanta,2026-04
TXN-HIST-2026-04-1346,BANK-OPERATING,2026-04-11,-648600,-6486.0,USD,Northwood Supply,HIST-1346,OUT Northwood Supply,2026-04
TXN-HIST-2026-04-1347,BANK-OPERATING,2026-04-11,-652700,-6527.0,USD,Teak Partners,HIST-1347,OUT Teak Partners,2026-04
TXN-HIST-2026-04-1348,BANK-PAYROLL,2026-04-11,-656800,-6568.0,USD,Beacon Components,HIST-1348,OUT Beacon Components,2026-04
TXN-HIST-2026-04-1349,BANK-OPERATING,2026-04-11,-660900,-6609.0,USD,Harbor Studio,HIST-1349,OUT Harbor Studio,2026-04
TXN-HIST-2026-04-1350,BANK-OPERATING,2026-04-11,-665000,-6650.0,USD,Nimbus Systems,HIST-1350,OUT Nimbus Systems,2026-04
TXN-HIST-2026-04-1351,BANK-OPERATING,2026-04-11,-669100,-6691.0,USD,Timber Supply,HIST-1351,OUT Timber Supply,2026-04
TXN-HIST-2026-04-1352,BANK-OPERATING,2026-04-12,673200,6732.0,USD,Echo Network,HIST-1352,IN Echo Network,2026-04
TXN-HIST-2026-04-1353,BANK-OPERATING,2026-04-12,-677300,-6773.0,USD,Keel Group,HIST-1353,OUT Keel Group,2026-04
TXN-HIST-2026-04-1354,BANK-OPERATING,2026-04-12,-681400,-6814.0,USD,Quarry Services,HIST-1354,OUT Quarry Services,2026-04
TXN-HIST-2026-04-1355,BANK-PAYROLL,2026-04-12,-685500,-6855.0,USD,Wharf Labs,HIST-1355,OUT Wharf Labs,2026-04
TXN-HIST-2026-04-1356,BANK-OPERATING,2026-04-12,-689600,-6896.0,USD,Driftwood Works,HIST-1356,OUT Driftwood Works,2026-04
TXN-HIST-2026-04-1357,BANK-OPERATING,2026-04-12,-693700,-6937.0,USD,Juniper Network,HIST-1357,OUT Juniper Network,2026-04
TXN-HIST-2026-04-1358,BANK-OPERATING,2026-04-12,-697800,-6978.0,USD,Quince Group,HIST-1358,OUT Quince Group,2026-04
TXN-HIST-2026-04-1359,BANK-OPERATING,2026-04-13,701900,7019.0,USD,Alder Partners,HIST-1359,IN Alder Partners,2026-04
TXN-HIST-2026-04-1360,BANK-OPERATING,2026-04-13,-706000,-7060.0,USD,Ginkgo Components,HIST-1360,OUT Ginkgo Components,2026-04
TXN-HIST-2026-04-1361,BANK-OPERATING,2026-04-13,-90100,-901.0,USD,Northwood Studio,HIST-1361,OUT Northwood Studio,2026-04
TXN-HIST-2026-04-1362,BANK-PAYROLL,2026-04-13,-94200,-942.0,USD,Teak Systems,HIST-1362,OUT Teak Systems,2026-04
TXN-HIST-2026-04-1363,BANK-OPERATING,2026-04-13,-98300,-983.0,USD,Beacon Supply,HIST-1363,OUT Beacon Supply,2026-04
TXN-HIST-2026-04-1364,BANK-OPERATING,2026-04-13,-102400,-1024.0,USD,Harbor Partners,HIST-1364,OUT Harbor Partners,2026-04
TXN-HIST-2026-04-1365,BANK-OPERATING,2026-04-13,-106500,-1065.0,USD,Nimbus Components,HIST-1365,OUT Nimbus Components,2026-04
TXN-HIST-2026-04-1366,BANK-OPERATING,2026-04-14,110600,1106.0,USD,Walnut Services,HIST-1366,IN Walnut Services,2026-04
TXN-HIST-2026-04-1367,BANK-OPERATING,2026-04-14,-114700,-1147.0,USD,Echo Labs,HIST-1367,OUT Echo Labs,2026-04
TXN-HIST-2026-04-1368,BANK-OPERATING,2026-04-14,-118800,-1188.0,USD,Keel Works,HIST-1368,OUT Keel Works,2026-04
TXN-HIST-2026-04-1369,BANK-PAYROLL,2026-04-14,-122900,-1229.0,USD,Quarry Network,HIST-1369,OUT Quarry Network,2026-04
TXN-HIST-2026-04-1370,BANK-OPERATING,2026-04-14,-127000,-1270.0,USD,Wharf Group,HIST-1370,OUT Wharf Group,2026-04
TXN-HIST-2026-04-1371,BANK-OPERATING,2026-04-14,-131100,-1311.0,USD,Driftwood Services,HIST-1371,OUT Driftwood Services,2026-04
TXN-HIST-2026-04-1372,BANK-OPERATING,2026-04-14,-135200,-1352.0,USD,Juniper Labs,HIST-1372,OUT Juniper Labs,2026-04
TXN-HIST-2026-04-1373,BANK-OPERATING,2026-04-15,139300,1393.0,USD,Timber Studio,HIST-1373,IN Timber Studio,2026-04
TXN-HIST-2026-04-1374,BANK-OPERATING,2026-04-15,-143400,-1434.0,USD,Alder Systems,HIST-1374,OUT Alder Systems,2026-04
TXN-HIST-2026-04-1375,BANK-OPERATING,2026-04-15,-147500,-1475.0,USD,Ginkgo Supply,HIST-1375,OUT Ginkgo Supply,2026-04
TXN-HIST-2026-04-1376,BANK-PAYROLL,2026-04-15,-151600,-1516.0,USD,Northwood Partners,HIST-1376,OUT Northwood Partners,2026-04
TXN-HIST-2026-04-1377,BANK-OPERATING,2026-04-15,-155700,-1557.0,USD,Teak Components,HIST-1377,OUT Teak Components,2026-04
TXN-HIST-2026-04-1378,BANK-OPERATING,2026-04-15,-159800,-1598.0,USD,Beacon Studio,HIST-1378,OUT Beacon Studio,2026-04
TXN-HIST-2026-04-1379,BANK-OPERATING,2026-04-15,-163900,-1639.0,USD,Harbor Systems,HIST-1379,OUT Harbor Systems,2026-04
TXN-HIST-2026-04-1380,BANK-OPERATING,2026-04-16,168000,1680.0,USD,Quince Works,HIST-1380,IN Quince Works,2026-04
TXN-HIST-2026-04-1381,BANK-OPERATING,2026-04-16,-172100,-1721.0,USD,Walnut Network,HIST-1381,OUT Walnut Network,2026-04
TXN-HIST-2026-04-1382,BANK-OPERATING,2026-04-16,-176200,-1762.0,USD,Echo Group,HIST-1382,OUT Echo Group,2026-04
TXN-HIST-2026-04-1383,BANK-PAYROLL,2026-04-16,-180300,-1803.0,USD,Keel Services,HIST-1383,OUT Keel Services,2026-04
TXN-HIST-2026-04-1384,BANK-OPERATING,2026-04-16,-184400,-1844.0,USD,Quarry Labs,HIST-1384,OUT Quarry Labs,2026-04
TXN-HIST-2026-04-1385,BANK-OPERATING,2026-04-16,-188500,-1885.0,USD,Wharf Works,HIST-1385,OUT Wharf Works,2026-04
TXN-HIST-2026-04-1386,BANK-OPERATING,2026-04-16,-192600,-1926.0,USD,Driftwood Network,HIST-1386,OUT Driftwood Network,2026-04
TXN-HIST-2026-04-1387,BANK-OPERATING,2026-04-17,196700,1967.0,USD,Nimbus Supply,HIST-1387,IN Nimbus Supply,2026-04
TXN-HIST-2026-04-1388,BANK-OPERATING,2026-04-17,-200800,-2008.0,USD,Timber Partners,HIST-1388,OUT Timber Partners,2026-04
TXN-HIST-2026-04-1389,BANK-OPERATING,2026-04-17,-204900,-2049.0,USD,Alder Components,HIST-1389,OUT Alder Components,2026-04
TXN-HIST-2026-04-1390,BANK-PAYROLL,2026-04-17,-209000,-2090.0,USD,Ginkgo Studio,HIST-1390,OUT Ginkgo Studio,2026-04
TXN-HIST-2026-04-1391,BANK-OPERATING,2026-04-17,-213100,-2131.0,USD,Northwood Systems,HIST-1391,OUT Northwood Systems,2026-04
TXN-HIST-2026-04-1392,BANK-OPERATING,2026-04-17,-217200,-2172.0,USD,Teak Supply,HIST-1392,OUT Teak Supply,2026-04
TXN-HIST-2026-04-1393,BANK-OPERATING,2026-04-17,-221300,-2213.0,USD,Beacon Partners,HIST-1393,OUT Beacon Partners,2026-04
TXN-HIST-2026-04-1394,BANK-OPERATING,2026-04-18,225400,2254.0,USD,Juniper Group,HIST-1394,IN Juniper Group,2026-04
TXN-HIST-2026-04-1395,BANK-OPERATING,2026-04-18,-229500,-2295.0,USD,Quince Services,HIST-1395,OUT Quince Services,2026-04
TXN-HIST-2026-04-1396,BANK-OPERATING,2026-04-18,-233600,-2336.0,USD,Walnut Labs,HIST-1396,OUT Walnut Labs,2026-04
TXN-HIST-2026-04-1397,BANK-PAYROLL,2026-04-18,-237700,-2377.0,USD,Echo Works,HIST-1397,OUT Echo Works,2026-04
TXN-HIST-2026-04-1398,BANK-OPERATING,2026-04-18,-241800,-2418.0,USD,Keel Network,HIST-1398,OUT Keel Network,2026-04
TXN-HIST-2026-04-1399,BANK-OPERATING,2026-04-18,-245900,-2459.0,USD,Quarry Group,HIST-1399,OUT Quarry Group,2026-04
TXN-HIST-2026-04-1400,BANK-OPERATING,2026-04-18,-250000,-2500.0,USD,Wharf Services,HIST-1400,OUT Wharf Services,2026-04
TXN-HIST-2026-04-1401,BANK-OPERATING,2026-04-19,254100,2541.0,USD,Harbor Components,HIST-1401,IN Harbor Components,2026-04
TXN-HIST-2026-04-1402,BANK-OPERATING,2026-04-19,-258200,-2582.0,USD,Nimbus Studio,HIST-1402,OUT Nimbus Studio,2026-04
TXN-HIST-2026-04-1403,BANK-OPERATING,2026-04-19,-262300,-2623.0,USD,Timber Systems,HIST-1403,OUT Timber Systems,2026-04
TXN-HIST-2026-04-1404,BANK-PAYROLL,2026-04-19,-266400,-2664.0,USD,Alder Supply,HIST-1404,OUT Alder Supply,2026-04
TXN-HIST-2026-04-1405,BANK-OPERATING,2026-04-19,-270500,-2705.0,USD,Ginkgo Partners,HIST-1405,OUT Ginkgo Partners,2026-04
TXN-HIST-2026-04-1406,BANK-OPERATING,2026-04-19,-274600,-2746.0,USD,Northwood Components,HIST-1406,OUT Northwood Components,2026-04
TXN-HIST-2026-04-1407,BANK-OPERATING,2026-04-19,-278700,-2787.0,USD,Teak Studio,HIST-1407,OUT Teak Studio,2026-04
TXN-HIST-2026-04-1408,BANK-OPERATING,2026-04-20,282800,2828.0,USD,Driftwood Labs,HIST-1408,IN Driftwood Labs,2026-04
TXN-HIST-2026-04-1409,BANK-OPERATING,2026-04-20,-286900,-2869.0,USD,Juniper Works,HIST-1409,OUT Juniper Works,2026-04
TXN-HIST-2026-04-1410,BANK-OPERATING,2026-04-20,-291000,-2910.0,USD,Quince Network,HIST-1410,OUT Quince Network,2026-04
TXN-HIST-2026-04-1411,BANK-PAYROLL,2026-04-20,-295100,-2951.0,USD,Walnut Group,HIST-1411,OUT Walnut Group,2026-04
TXN-HIST-2026-04-1412,BANK-OPERATING,2026-04-20,-299200,-2992.0,USD,Echo Services,HIST-1412,OUT Echo Services,2026-04
TXN-HIST-2026-04-1413,BANK-OPERATING,2026-04-20,-303300,-3033.0,USD,Keel Labs,HIST-1413,OUT Keel Labs,2026-04
TXN-HIST-2026-04-1414,BANK-OPERATING,2026-04-20,-307400,-3074.0,USD,Quarry Works,HIST-1414,OUT Quarry Works,2026-04
TXN-HIST-2026-04-1415,BANK-OPERATING,2026-04-21,311500,3115.0,USD,Beacon Systems,HIST-1415,IN Beacon Systems,2026-04
TXN-HIST-2026-04-1416,BANK-OPERATING,2026-04-21,-315600,-3156.0,USD,Harbor Supply,HIST-1416,OUT Harbor Supply,2026-04
TXN-HIST-2026-04-1417,BANK-OPERATING,2026-04-21,-319700,-3197.0,USD,Nimbus Partners,HIST-1417,OUT Nimbus Partners,2026-04
TXN-HIST-2026-04-1418,BANK-PAYROLL,2026-04-21,-323800,-3238.0,USD,Timber Components,HIST-1418,OUT Timber Components,2026-04
TXN-HIST-2026-04-1419,BANK-OPERATING,2026-04-21,-327900,-3279.0,USD,Alder Studio,HIST-1419,OUT Alder Studio,2026-04
TXN-HIST-2026-04-1420,BANK-OPERATING,2026-04-21,-332000,-3320.0,USD,Ginkgo Systems,HIST-1420,OUT Ginkgo Systems,2026-04
TXN-HIST-2026-04-1421,BANK-OPERATING,2026-04-21,-336100,-3361.0,USD,Northwood Supply,HIST-1421,OUT Northwood Supply,2026-04
TXN-HIST-2026-04-1422,BANK-OPERATING,2026-04-22,340200,3402.0,USD,Wharf Network,HIST-1422,IN Wharf Network,2026-04
TXN-HIST-2026-04-1423,BANK-OPERATING,2026-04-22,-344300,-3443.0,USD,Driftwood Group,HIST-1423,OUT Driftwood Group,2026-04
TXN-HIST-2026-04-1424,BANK-OPERATING,2026-04-22,-348400,-3484.0,USD,Juniper Services,HIST-1424,OUT Juniper Services,2026-04
TXN-HIST-2026-04-1425,BANK-PAYROLL,2026-04-22,-352500,-3525.0,USD,Quince Labs,HIST-1425,OUT Quince Labs,2026-04
TXN-HIST-2026-04-1426,BANK-OPERATING,2026-04-22,-356600,-3566.0,USD,Walnut Works,HIST-1426,OUT Walnut Works,2026-04
TXN-HIST-2026-04-1427,BANK-OPERATING,2026-04-22,-360700,-3607.0,USD,Echo Network,HIST-1427,OUT Echo Network,2026-04
TXN-HIST-2026-04-1428,BANK-OPERATING,2026-04-22,-364800,-3648.0,USD,Keel Group,HIST-1428,OUT Keel Group,2026-04
TXN-HIST-2026-04-1429,BANK-OPERATING,2026-04-23,368900,3689.0,USD,Teak Partners,HIST-1429,IN Teak Partners,2026-04
TXN-HIST-2026-04-1430,BANK-OPERATING,2026-04-23,-373000,-3730.0,USD,Beacon Components,HIST-1430,OUT Beacon Components,2026-04
TXN-HIST-2026-04-1431,BANK-OPERATING,2026-04-23,-377100,-3771.0,USD,Harbor Studio,HIST-1431,OUT Harbor Studio,2026-04
TXN-HIST-2026-04-1432,BANK-PAYROLL,2026-04-23,-381200,-3812.0,USD,Nimbus Systems,HIST-1432,OUT Nimbus Systems,2026-04
TXN-HIST-2026-04-1433,BANK-OPERATING,2026-04-23,-385300,-3853.0,USD,Timber Supply,HIST-1433,OUT Timber Supply,2026-04
TXN-HIST-2026-04-1434,BANK-OPERATING,2026-04-23,-389400,-3894.0,USD,Alder Partners,HIST-1434,OUT Alder Partners,2026-04
TXN-HIST-2026-04-1435,BANK-OPERATING,2026-04-23,-393500,-3935.0,USD,Ginkgo Components,HIST-1435,OUT Ginkgo Components,2026-04
TXN-HIST-2026-04-1436,BANK-OPERATING,2026-04-24,397600,3976.0,USD,Quarry Services,HIST-1436,IN Quarry Services,2026-04
TXN-HIST-2026-04-1437,BANK-OPERATING,2026-04-24,-401700,-4017.0,USD,Wharf Labs,HIST-1437,OUT Wharf Labs,2026-04
TXN-HIST-2026-04-1438,BANK-OPERATING,2026-04-24,-405800,-4058.0,USD,Driftwood Works,HIST-1438,OUT Driftwood Works,2026-04
TXN-HIST-2026-04-1439,BANK-PAYROLL,2026-04-24,-409900,-4099.0,USD,Juniper Network,HIST-1439,OUT Juniper Network,2026-04
TXN-HIST-2026-04-1440,BANK-OPERATING,2026-04-24,-414000,-4140.0,USD,Quince Group,HIST-1440,OUT Quince Group,2026-04
TXN-HIST-2026-04-1441,BANK-OPERATING,2026-04-24,-418100,-4181.0,USD,Walnut Services,HIST-1441,OUT Walnut Services,2026-04
TXN-HIST-2026-04-1442,BANK-OPERATING,2026-04-24,-422200,-4222.0,USD,Echo Labs,HIST-1442,OUT Echo Labs,2026-04
TXN-HIST-2026-04-1443,BANK-OPERATING,2026-04-25,426300,4263.0,USD,Northwood Studio,HIST-1443,IN Northwood Studio,2026-04
TXN-HIST-2026-04-1444,BANK-OPERATING,2026-04-25,-430400,-4304.0,USD,Teak Systems,HIST-1444,OUT Teak Systems,2026-04
TXN-HIST-2026-04-1445,BANK-OPERATING,2026-04-25,-434500,-4345.0,USD,Beacon Supply,HIST-1445,OUT Beacon Supply,2026-04
TXN-HIST-2026-04-1446,BANK-PAYROLL,2026-04-25,-438600,-4386.0,USD,Harbor Partners,HIST-1446,OUT Harbor Partners,2026-04
TXN-HIST-2026-04-1447,BANK-OPERATING,2026-04-25,-442700,-4427.0,USD,Nimbus Components,HIST-1447,OUT Nimbus Components,2026-04
TXN-HIST-2026-04-1448,BANK-OPERATING,2026-04-25,-446800,-4468.0,USD,Timber Studio,HIST-1448,OUT Timber Studio,2026-04
TXN-HIST-2026-04-1449,BANK-OPERATING,2026-04-25,-450900,-4509.0,USD,Alder Systems,HIST-1449,OUT Alder Systems,2026-04
TXN-HIST-2026-04-1450,BANK-OPERATING,2026-04-26,455000,4550.0,USD,Keel Works,HIST-1450,IN Keel Works,2026-04
TXN-HIST-2026-04-1451,BANK-OPERATING,2026-04-26,-459100,-4591.0,USD,Quarry Network,HIST-1451,OUT Quarry Network,2026-04
TXN-HIST-2026-04-1452,BANK-OPERATING,2026-04-26,-463200,-4632.0,USD,Wharf Group,HIST-1452,OUT Wharf Group,2026-04
TXN-HIST-2026-04-1453,BANK-PAYROLL,2026-04-26,-467300,-4673.0,USD,Driftwood Services,HIST-1453,OUT Driftwood Services,2026-04
TXN-HIST-2026-04-1454,BANK-OPERATING,2026-04-26,-471400,-4714.0,USD,Juniper Labs,HIST-1454,OUT Juniper Labs,2026-04
TXN-HIST-2026-04-1455,BANK-OPERATING,2026-04-26,-475500,-4755.0,USD,Quince Works,HIST-1455,OUT Quince Works,2026-04
TXN-HIST-2026-04-1456,BANK-OPERATING,2026-04-26,-479600,-4796.0,USD,Walnut Network,HIST-1456,OUT Walnut Network,2026-04
TXN-HIST-2026-04-1457,BANK-OPERATING,2026-04-27,483700,4837.0,USD,Ginkgo Supply,HIST-1457,IN Ginkgo Supply,2026-04
TXN-HIST-2026-04-1458,BANK-OPERATING,2026-04-27,-487800,-4878.0,USD,Northwood Partners,HIST-1458,OUT Northwood Partners,2026-04
TXN-HIST-2026-04-1459,BANK-OPERATING,2026-04-27,-491900,-4919.0,USD,Teak Components,HIST-1459,OUT Teak Components,2026-04
TXN-HIST-2026-04-1460,BANK-PAYROLL,2026-04-27,-496000,-4960.0,USD,Beacon Studio,HIST-1460,OUT Beacon Studio,2026-04
TXN-HIST-2026-04-1461,BANK-OPERATING,2026-04-27,-500100,-5001.0,USD,Harbor Systems,HIST-1461,OUT Harbor Systems,2026-04
TXN-HIST-2026-04-1462,BANK-OPERATING,2026-04-27,-504200,-5042.0,USD,Nimbus Supply,HIST-1462,OUT Nimbus Supply,2026-04
TXN-HIST-2026-04-1463,BANK-OPERATING,2026-04-27,-508300,-5083.0,USD,Timber Partners,HIST-1463,OUT Timber Partners,2026-04
TXN-HIST-2026-04-1464,BANK-OPERATING,2026-04-28,512400,5124.0,USD,Echo Group,HIST-1464,IN Echo Group,2026-04
TXN-HIST-2026-04-1465,BANK-OPERATING,2026-04-28,-516500,-5165.0,USD,Keel Services,HIST-1465,OUT Keel Services,2026-04
TXN-HIST-2026-04-1466,BANK-OPERATING,2026-04-28,-520600,-5206.0,USD,Quarry Labs,HIST-1466,OUT Quarry Labs,2026-04
TXN-HIST-2026-04-1467,BANK-PAYROLL,2026-04-28,-524700,-5247.0,USD,Wharf Works,HIST-1467,OUT Wharf Works,2026-04
TXN-HIST-2026-04-1468,BANK-OPERATING,2026-04-28,-528800,-5288.0,USD,Driftwood Network,HIST-1468,OUT Driftwood Network,2026-04
TXN-HIST-2026-04-1469,BANK-OPERATING,2026-04-28,-532900,-5329.0,USD,Juniper Group,HIST-1469,OUT Juniper Group,2026-04
TXN-HIST-2026-04-1470,BANK-OPERATING,2026-04-28,-537000,-5370.0,USD,Quince Services,HIST-1470,OUT Quince Services,2026-04
TXN-HIST-2026-04-1471,BANK-OPERATING,2026-04-29,541100,5411.0,USD,Alder Components,HIST-1471,IN Alder Components,2026-04
TXN-HIST-2026-04-1472,BANK-OPERATING,2026-04-29,-545200,-5452.0,USD,Ginkgo Studio,HIST-1472,OUT Ginkgo Studio,2026-04
TXN-HIST-2026-04-1473,BANK-OPERATING,2026-04-29,-549300,-5493.0,USD,Northwood Systems,HIST-1473,OUT Northwood Systems,2026-04
TXN-HIST-2026-04-1474,BANK-PAYROLL,2026-04-29,-553400,-5534.0,USD,Teak Supply,HIST-1474,OUT Teak Supply,2026-04
TXN-HIST-2026-04-1475,BANK-OPERATING,2026-04-29,-557500,-5575.0,USD,Beacon Partners,HIST-1475,OUT Beacon Partners,2026-04
TXN-HIST-2026-04-1476,BANK-OPERATING,2026-04-29,-561600,-5616.0,USD,Harbor Components,HIST-1476,OUT Harbor Components,2026-04
TXN-HIST-2026-04-1477,BANK-OPERATING,2026-04-29,-565700,-5657.0,USD,Nimbus Studio,HIST-1477,OUT Nimbus Studio,2026-04
TXN-HIST-2026-04-1478,BANK-OPERATING,2026-04-30,569800,5698.0,USD,Walnut Labs,HIST-1478,IN Walnut Labs,2026-04
TXN-HIST-2026-04-1479,BANK-OPERATING,2026-04-30,-573900,-5739.0,USD,Echo Works,HIST-1479,OUT Echo Works,2026-04
TXN-HIST-2026-04-1480,BANK-OPERATING,2026-04-30,-578000,-5780.0,USD,Keel Network,HIST-1480,OUT Keel Network,2026-04
TXN-HIST-2026-04-1481,BANK-PAYROLL,2026-04-30,-582100,-5821.0,USD,Quarry Group,HIST-1481,OUT Quarry Group,2026-04
TXN-HIST-2026-04-1482,BANK-OPERATING,2026-04-30,-586200,-5862.0,USD,Wharf Services,HIST-1482,OUT Wharf Services,2026-04
TXN-HIST-2026-04-1483,BANK-OPERATING,2026-04-30,-590300,-5903.0,USD,Driftwood Labs,HIST-1483,OUT Driftwood Labs,2026-04
TXN-HIST-2026-04-1484,BANK-OPERATING,2026-04-30,-594400,-5944.0,USD,Juniper Works,HIST-1484,OUT Juniper Works,2026-04
TXN-HIST-2026-05-1485,BANK-OPERATING,2026-05-01,598500,5985.0,USD,Timber Systems,HIST-1485,IN Timber Systems,2026-05
TXN-HIST-2026-05-1486,BANK-OPERATING,2026-05-01,-602600,-6026.0,USD,Alder Supply,HIST-1486,OUT Alder Supply,2026-05
TXN-HIST-2026-05-1487,BANK-OPERATING,2026-05-01,-606700,-6067.0,USD,Ginkgo Partners,HIST-1487,OUT Ginkgo Partners,2026-05
TXN-HIST-2026-05-1488,BANK-PAYROLL,2026-05-01,-610800,-6108.0,USD,Northwood Components,HIST-1488,OUT Northwood Components,2026-05
TXN-HIST-2026-05-1489,BANK-OPERATING,2026-05-01,-614900,-6149.0,USD,Teak Studio,HIST-1489,OUT Teak Studio,2026-05
TXN-HIST-2026-05-1490,BANK-OPERATING,2026-05-01,-619000,-6190.0,USD,Beacon Systems,HIST-1490,OUT Beacon Systems,2026-05
TXN-HIST-2026-05-1491,BANK-OPERATING,2026-05-01,-623100,-6231.0,USD,Harbor Supply,HIST-1491,OUT Harbor Supply,2026-05
TXN-HIST-2026-05-1492,BANK-OPERATING,2026-05-02,627200,6272.0,USD,Quince Network,HIST-1492,IN Quince Network,2026-05
TXN-HIST-2026-05-1493,BANK-OPERATING,2026-05-02,-631300,-6313.0,USD,Walnut Group,HIST-1493,OUT Walnut Group,2026-05
TXN-HIST-2026-05-1494,BANK-OPERATING,2026-05-02,-635400,-6354.0,USD,Echo Services,HIST-1494,OUT Echo Services,2026-05
TXN-HIST-2026-05-1495,BANK-PAYROLL,2026-05-02,-639500,-6395.0,USD,Keel Labs,HIST-1495,OUT Keel Labs,2026-05
TXN-HIST-2026-05-1496,BANK-OPERATING,2026-05-02,-643600,-6436.0,USD,Quarry Works,HIST-1496,OUT Quarry Works,2026-05
TXN-HIST-2026-05-1497,BANK-OPERATING,2026-05-02,-647700,-6477.0,USD,Wharf Network,HIST-1497,OUT Wharf Network,2026-05
TXN-HIST-2026-05-1498,BANK-OPERATING,2026-05-02,-651800,-6518.0,USD,Driftwood Group,HIST-1498,OUT Driftwood Group,2026-05
TXN-HIST-2026-05-1499,BANK-OPERATING,2026-05-03,655900,6559.0,USD,Nimbus Partners,HIST-1499,IN Nimbus Partners,2026-05
TXN-HIST-2026-05-1500,BANK-OPERATING,2026-05-03,-660000,-6600.0,USD,Timber Components,HIST-1500,OUT Timber Components,2026-05
TXN-HIST-2026-05-1501,BANK-OPERATING,2026-05-03,-664100,-6641.0,USD,Alder Studio,HIST-1501,OUT Alder Studio,2026-05
TXN-HIST-2026-05-1502,BANK-PAYROLL,2026-05-03,-668200,-6682.0,USD,Ginkgo Systems,HIST-1502,OUT Ginkgo Systems,2026-05
TXN-HIST-2026-05-1503,BANK-OPERATING,2026-05-03,-672300,-6723.0,USD,Northwood Supply,HIST-1503,OUT Northwood Supply,2026-05
TXN-HIST-2026-05-1504,BANK-OPERATING,2026-05-03,-676400,-6764.0,USD,Teak Partners,HIST-1504,OUT Teak Partners,2026-05
TXN-HIST-2026-05-1505,BANK-OPERATING,2026-05-03,-680500,-6805.0,USD,Beacon Components,HIST-1505,OUT Beacon Components,2026-05
TXN-HIST-2026-05-1506,BANK-OPERATING,2026-05-04,684600,6846.0,USD,Juniper Services,HIST-1506,IN Juniper Services,2026-05
TXN-HIST-2026-05-1507,BANK-OPERATING,2026-05-04,-688700,-6887.0,USD,Quince Labs,HIST-1507,OUT Quince Labs,2026-05
TXN-HIST-2026-05-1508,BANK-OPERATING,2026-05-04,-692800,-6928.0,USD,Walnut Works,HIST-1508,OUT Walnut Works,2026-05
TXN-HIST-2026-05-1509,BANK-PAYROLL,2026-05-04,-696900,-6969.0,USD,Echo Network,HIST-1509,OUT Echo Network,2026-05
TXN-HIST-2026-05-1510,BANK-OPERATING,2026-05-04,-701000,-7010.0,USD,Keel Group,HIST-1510,OUT Keel Group,2026-05
TXN-HIST-2026-05-1511,BANK-OPERATING,2026-05-04,-705100,-7051.0,USD,Quarry Services,HIST-1511,OUT Quarry Services,2026-05
TXN-HIST-2026-05-1512,BANK-OPERATING,2026-05-04,-709200,-7092.0,USD,Wharf Labs,HIST-1512,OUT Wharf Labs,2026-05
TXN-HIST-2026-05-1513,BANK-OPERATING,2026-05-05,93300,933.0,USD,Harbor Studio,HIST-1513,IN Harbor Studio,2026-05
TXN-HIST-2026-05-1514,BANK-OPERATING,2026-05-05,-97400,-974.0,USD,Nimbus Systems,HIST-1514,OUT Nimbus Systems,2026-05
TXN-HIST-2026-05-1515,BANK-OPERATING,2026-05-05,-101500,-1015.0,USD,Timber Supply,HIST-1515,OUT Timber Supply,2026-05
TXN-HIST-2026-05-1516,BANK-PAYROLL,2026-05-05,-105600,-1056.0,USD,Alder Partners,HIST-1516,OUT Alder Partners,2026-05
TXN-HIST-2026-05-1517,BANK-OPERATING,2026-05-05,-109700,-1097.0,USD,Ginkgo Components,HIST-1517,OUT Ginkgo Components,2026-05
TXN-HIST-2026-05-1518,BANK-OPERATING,2026-05-05,-113800,-1138.0,USD,Northwood Studio,HIST-1518,OUT Northwood Studio,2026-05
TXN-HIST-2026-05-1519,BANK-OPERATING,2026-05-05,-117900,-1179.0,USD,Teak Systems,HIST-1519,OUT Teak Systems,2026-05
TXN-HIST-2026-05-1520,BANK-OPERATING,2026-05-06,122000,1220.0,USD,Driftwood Works,HIST-1520,IN Driftwood Works,2026-05
TXN-HIST-2026-05-1521,BANK-OPERATING,2026-05-06,-126100,-1261.0,USD,Juniper Network,HIST-1521,OUT Juniper Network,2026-05
TXN-HIST-2026-05-1522,BANK-OPERATING,2026-05-06,-130200,-1302.0,USD,Quince Group,HIST-1522,OUT Quince Group,2026-05
TXN-HIST-2026-05-1523,BANK-PAYROLL,2026-05-06,-134300,-1343.0,USD,Walnut Services,HIST-1523,OUT Walnut Services,2026-05
TXN-HIST-2026-05-1524,BANK-OPERATING,2026-05-06,-138400,-1384.0,USD,Echo Labs,HIST-1524,OUT Echo Labs,2026-05
TXN-HIST-2026-05-1525,BANK-OPERATING,2026-05-06,-142500,-1425.0,USD,Keel Works,HIST-1525,OUT Keel Works,2026-05
TXN-HIST-2026-05-1526,BANK-OPERATING,2026-05-06,-146600,-1466.0,USD,Quarry Network,HIST-1526,OUT Quarry Network,2026-05
TXN-HIST-2026-05-1527,BANK-OPERATING,2026-05-07,150700,1507.0,USD,Beacon Supply,HIST-1527,IN Beacon Supply,2026-05
TXN-HIST-2026-05-1528,BANK-OPERATING,2026-05-07,-154800,-1548.0,USD,Harbor Partners,HIST-1528,OUT Harbor Partners,2026-05
TXN-HIST-2026-05-1529,BANK-OPERATING,2026-05-07,-158900,-1589.0,USD,Nimbus Components,HIST-1529,OUT Nimbus Components,2026-05
TXN-HIST-2026-05-1530,BANK-PAYROLL,2026-05-07,-163000,-1630.0,USD,Timber Studio,HIST-1530,OUT Timber Studio,2026-05
TXN-HIST-2026-05-1531,BANK-OPERATING,2026-05-07,-167100,-1671.0,USD,Alder Systems,HIST-1531,OUT Alder Systems,2026-05
TXN-HIST-2026-05-1532,BANK-OPERATING,2026-05-07,-171200,-1712.0,USD,Ginkgo Supply,HIST-1532,OUT Ginkgo Supply,2026-05
TXN-HIST-2026-05-1533,BANK-OPERATING,2026-05-07,-175300,-1753.0,USD,Northwood Partners,HIST-1533,OUT Northwood Partners,2026-05
TXN-HIST-2026-05-1534,BANK-OPERATING,2026-05-08,179400,1794.0,USD,Wharf Group,HIST-1534,IN Wharf Group,2026-05
TXN-HIST-2026-05-1535,BANK-OPERATING,2026-05-08,-183500,-1835.0,USD,Driftwood Services,HIST-1535,OUT Driftwood Services,2026-05
TXN-HIST-2026-05-1536,BANK-OPERATING,2026-05-08,-187600,-1876.0,USD,Juniper Labs,HIST-1536,OUT Juniper Labs,2026-05
TXN-HIST-2026-05-1537,BANK-PAYROLL,2026-05-08,-191700,-1917.0,USD,Quince Works,HIST-1537,OUT Quince Works,2026-05
TXN-HIST-2026-05-1538,BANK-OPERATING,2026-05-08,-195800,-1958.0,USD,Walnut Network,HIST-1538,OUT Walnut Network,2026-05
TXN-HIST-2026-05-1539,BANK-OPERATING,2026-05-08,-199900,-1999.0,USD,Echo Group,HIST-1539,OUT Echo Group,2026-05
TXN-HIST-2026-05-1540,BANK-OPERATING,2026-05-08,-204000,-2040.0,USD,Keel Services,HIST-1540,OUT Keel Services,2026-05
TXN-HIST-2026-05-1541,BANK-OPERATING,2026-05-09,208100,2081.0,USD,Teak Components,HIST-1541,IN Teak Components,2026-05
TXN-HIST-2026-05-1542,BANK-OPERATING,2026-05-09,-212200,-2122.0,USD,Beacon Studio,HIST-1542,OUT Beacon Studio,2026-05
TXN-HIST-2026-05-1543,BANK-OPERATING,2026-05-09,-216300,-2163.0,USD,Harbor Systems,HIST-1543,OUT Harbor Systems,2026-05
TXN-HIST-2026-05-1544,BANK-PAYROLL,2026-05-09,-220400,-2204.0,USD,Nimbus Supply,HIST-1544,OUT Nimbus Supply,2026-05
TXN-HIST-2026-05-1545,BANK-OPERATING,2026-05-09,-224500,-2245.0,USD,Timber Partners,HIST-1545,OUT Timber Partners,2026-05
TXN-HIST-2026-05-1546,BANK-OPERATING,2026-05-09,-228600,-2286.0,USD,Alder Components,HIST-1546,OUT Alder Components,2026-05
TXN-HIST-2026-05-1547,BANK-OPERATING,2026-05-09,-232700,-2327.0,USD,Ginkgo Studio,HIST-1547,OUT Ginkgo Studio,2026-05
TXN-HIST-2026-05-1548,BANK-OPERATING,2026-05-10,236800,2368.0,USD,Quarry Labs,HIST-1548,IN Quarry Labs,2026-05
TXN-HIST-2026-05-1549,BANK-OPERATING,2026-05-10,-240900,-2409.0,USD,Wharf Works,HIST-1549,OUT Wharf Works,2026-05
TXN-HIST-2026-05-1550,BANK-OPERATING,2026-05-10,-245000,-2450.0,USD,Driftwood Network,HIST-1550,OUT Driftwood Network,2026-05
TXN-HIST-2026-05-1551,BANK-PAYROLL,2026-05-10,-249100,-2491.0,USD,Juniper Group,HIST-1551,OUT Juniper Group,2026-05
TXN-HIST-2026-05-1552,BANK-OPERATING,2026-05-10,-253200,-2532.0,USD,Quince Services,HIST-1552,OUT Quince Services,2026-05
TXN-HIST-2026-05-1553,BANK-OPERATING,2026-05-10,-257300,-2573.0,USD,Walnut Labs,HIST-1553,OUT Walnut Labs,2026-05
TXN-HIST-2026-05-1554,BANK-OPERATING,2026-05-10,-261400,-2614.0,USD,Echo Works,HIST-1554,OUT Echo Works,2026-05
TXN-HIST-2026-05-1555,BANK-OPERATING,2026-05-11,265500,2655.0,USD,Northwood Systems,HIST-1555,IN Northwood Systems,2026-05
TXN-HIST-2026-05-1556,BANK-OPERATING,2026-05-11,-269600,-2696.0,USD,Teak Supply,HIST-1556,OUT Teak Supply,2026-05
TXN-HIST-2026-05-1557,BANK-OPERATING,2026-05-11,-273700,-2737.0,USD,Beacon Partners,HIST-1557,OUT Beacon Partners,2026-05
TXN-HIST-2026-05-1558,BANK-PAYROLL,2026-05-11,-277800,-2778.0,USD,Harbor Components,HIST-1558,OUT Harbor Components,2026-05
TXN-HIST-2026-05-1559,BANK-OPERATING,2026-05-11,-281900,-2819.0,USD,Nimbus Studio,HIST-1559,OUT Nimbus Studio,2026-05
TXN-HIST-2026-05-1560,BANK-OPERATING,2026-05-11,-286000,-2860.0,USD,Timber Systems,HIST-1560,OUT Timber Systems,2026-05
TXN-HIST-2026-05-1561,BANK-OPERATING,2026-05-11,-290100,-2901.0,USD,Alder Supply,HIST-1561,OUT Alder Supply,2026-05
TXN-HIST-2026-05-1562,BANK-OPERATING,2026-05-12,294200,2942.0,USD,Keel Network,HIST-1562,IN Keel Network,2026-05
TXN-HIST-2026-05-1563,BANK-OPERATING,2026-05-12,-298300,-2983.0,USD,Quarry Group,HIST-1563,OUT Quarry Group,2026-05
TXN-HIST-2026-05-1564,BANK-OPERATING,2026-05-12,-302400,-3024.0,USD,Wharf Services,HIST-1564,OUT Wharf Services,2026-05
TXN-HIST-2026-05-1565,BANK-PAYROLL,2026-05-12,-306500,-3065.0,USD,Driftwood Labs,HIST-1565,OUT Driftwood Labs,2026-05
TXN-HIST-2026-05-1566,BANK-OPERATING,2026-05-12,-310600,-3106.0,USD,Juniper Works,HIST-1566,OUT Juniper Works,2026-05
TXN-HIST-2026-05-1567,BANK-OPERATING,2026-05-12,-314700,-3147.0,USD,Quince Network,HIST-1567,OUT Quince Network,2026-05
TXN-HIST-2026-05-1568,BANK-OPERATING,2026-05-12,-318800,-3188.0,USD,Walnut Group,HIST-1568,OUT Walnut Group,2026-05
TXN-HIST-2026-05-1569,BANK-OPERATING,2026-05-13,322900,3229.0,USD,Ginkgo Partners,HIST-1569,IN Ginkgo Partners,2026-05
TXN-HIST-2026-05-1570,BANK-OPERATING,2026-05-13,-327000,-3270.0,USD,Northwood Components,HIST-1570,OUT Northwood Components,2026-05
TXN-HIST-2026-05-1571,BANK-OPERATING,2026-05-13,-331100,-3311.0,USD,Teak Studio,HIST-1571,OUT Teak Studio,2026-05
TXN-HIST-2026-05-1572,BANK-PAYROLL,2026-05-13,-335200,-3352.0,USD,Beacon Systems,HIST-1572,OUT Beacon Systems,2026-05
TXN-HIST-2026-05-1573,BANK-OPERATING,2026-05-13,-339300,-3393.0,USD,Harbor Supply,HIST-1573,OUT Harbor Supply,2026-05
TXN-HIST-2026-05-1574,BANK-OPERATING,2026-05-13,-343400,-3434.0,USD,Nimbus Partners,HIST-1574,OUT Nimbus Partners,2026-05
TXN-HIST-2026-05-1575,BANK-OPERATING,2026-05-13,-347500,-3475.0,USD,Timber Components,HIST-1575,OUT Timber Components,2026-05
TXN-HIST-2026-05-1576,BANK-OPERATING,2026-05-14,351600,3516.0,USD,Echo Services,HIST-1576,IN Echo Services,2026-05
TXN-HIST-2026-05-1577,BANK-OPERATING,2026-05-14,-355700,-3557.0,USD,Keel Labs,HIST-1577,OUT Keel Labs,2026-05
TXN-HIST-2026-05-1578,BANK-OPERATING,2026-05-14,-359800,-3598.0,USD,Quarry Works,HIST-1578,OUT Quarry Works,2026-05
TXN-HIST-2026-05-1579,BANK-PAYROLL,2026-05-14,-363900,-3639.0,USD,Wharf Network,HIST-1579,OUT Wharf Network,2026-05
TXN-HIST-2026-05-1580,BANK-OPERATING,2026-05-14,-368000,-3680.0,USD,Driftwood Group,HIST-1580,OUT Driftwood Group,2026-05
TXN-HIST-2026-05-1581,BANK-OPERATING,2026-05-14,-372100,-3721.0,USD,Juniper Services,HIST-1581,OUT Juniper Services,2026-05
TXN-HIST-2026-05-1582,BANK-OPERATING,2026-05-14,-376200,-3762.0,USD,Quince Labs,HIST-1582,OUT Quince Labs,2026-05
TXN-HIST-2026-05-1583,BANK-OPERATING,2026-05-15,380300,3803.0,USD,Alder Studio,HIST-1583,IN Alder Studio,2026-05
TXN-HIST-2026-05-1584,BANK-OPERATING,2026-05-15,-384400,-3844.0,USD,Ginkgo Systems,HIST-1584,OUT Ginkgo Systems,2026-05
TXN-HIST-2026-05-1585,BANK-OPERATING,2026-05-15,-388500,-3885.0,USD,Northwood Supply,HIST-1585,OUT Northwood Supply,2026-05
TXN-HIST-2026-05-1586,BANK-PAYROLL,2026-05-15,-392600,-3926.0,USD,Teak Partners,HIST-1586,OUT Teak Partners,2026-05
TXN-HIST-2026-05-1587,BANK-OPERATING,2026-05-15,-396700,-3967.0,USD,Beacon Components,HIST-1587,OUT Beacon Components,2026-05
TXN-HIST-2026-05-1588,BANK-OPERATING,2026-05-15,-400800,-4008.0,USD,Harbor Studio,HIST-1588,OUT Harbor Studio,2026-05
TXN-HIST-2026-05-1589,BANK-OPERATING,2026-05-15,-404900,-4049.0,USD,Nimbus Systems,HIST-1589,OUT Nimbus Systems,2026-05
TXN-HIST-2026-05-1590,BANK-OPERATING,2026-05-16,409000,4090.0,USD,Walnut Works,HIST-1590,IN Walnut Works,2026-05
TXN-HIST-2026-05-1591,BANK-OPERATING,2026-05-16,-413100,-4131.0,USD,Echo Network,HIST-1591,OUT Echo Network,2026-05
TXN-HIST-2026-05-1592,BANK-OPERATING,2026-05-16,-417200,-4172.0,USD,Keel Group,HIST-1592,OUT Keel Group,2026-05
TXN-HIST-2026-05-1593,BANK-PAYROLL,2026-05-16,-421300,-4213.0,USD,Quarry Services,HIST-1593,OUT Quarry Services,2026-05
TXN-HIST-2026-05-1594,BANK-OPERATING,2026-05-16,-425400,-4254.0,USD,Wharf Labs,HIST-1594,OUT Wharf Labs,2026-05
TXN-HIST-2026-05-1595,BANK-OPERATING,2026-05-16,-429500,-4295.0,USD,Driftwood Works,HIST-1595,OUT Driftwood Works,2026-05
TXN-HIST-2026-05-1596,BANK-OPERATING,2026-05-16,-433600,-4336.0,USD,Juniper Network,HIST-1596,OUT Juniper Network,2026-05
TXN-HIST-2026-05-1597,BANK-OPERATING,2026-05-17,437700,4377.0,USD,Timber Supply,HIST-1597,IN Timber Supply,2026-05
TXN-HIST-2026-05-1598,BANK-OPERATING,2026-05-17,-441800,-4418.0,USD,Alder Partners,HIST-1598,OUT Alder Partners,2026-05
TXN-HIST-2026-05-1599,BANK-OPERATING,2026-05-17,-445900,-4459.0,USD,Ginkgo Components,HIST-1599,OUT Ginkgo Components,2026-05
TXN-HIST-2026-05-1600,BANK-PAYROLL,2026-05-17,-450000,-4500.0,USD,Northwood Studio,HIST-1600,OUT Northwood Studio,2026-05
TXN-HIST-2026-05-1601,BANK-OPERATING,2026-05-17,-454100,-4541.0,USD,Teak Systems,HIST-1601,OUT Teak Systems,2026-05
TXN-HIST-2026-05-1602,BANK-OPERATING,2026-05-17,-458200,-4582.0,USD,Beacon Supply,HIST-1602,OUT Beacon Supply,2026-05
TXN-HIST-2026-05-1603,BANK-OPERATING,2026-05-17,-462300,-4623.0,USD,Harbor Partners,HIST-1603,OUT Harbor Partners,2026-05
TXN-HIST-2026-05-1604,BANK-OPERATING,2026-05-18,466400,4664.0,USD,Quince Group,HIST-1604,IN Quince Group,2026-05
TXN-HIST-2026-05-1605,BANK-OPERATING,2026-05-18,-470500,-4705.0,USD,Walnut Services,HIST-1605,OUT Walnut Services,2026-05
TXN-HIST-2026-05-1606,BANK-OPERATING,2026-05-18,-474600,-4746.0,USD,Echo Labs,HIST-1606,OUT Echo Labs,2026-05
TXN-HIST-2026-05-1607,BANK-PAYROLL,2026-05-18,-478700,-4787.0,USD,Keel Works,HIST-1607,OUT Keel Works,2026-05
TXN-HIST-2026-05-1608,BANK-OPERATING,2026-05-18,-482800,-4828.0,USD,Quarry Network,HIST-1608,OUT Quarry Network,2026-05
TXN-HIST-2026-05-1609,BANK-OPERATING,2026-05-18,-486900,-4869.0,USD,Wharf Group,HIST-1609,OUT Wharf Group,2026-05
TXN-HIST-2026-05-1610,BANK-OPERATING,2026-05-18,-491000,-4910.0,USD,Driftwood Services,HIST-1610,OUT Driftwood Services,2026-05
TXN-HIST-2026-05-1611,BANK-OPERATING,2026-05-19,495100,4951.0,USD,Nimbus Components,HIST-1611,IN Nimbus Components,2026-05
TXN-HIST-2026-05-1612,BANK-OPERATING,2026-05-19,-499200,-4992.0,USD,Timber Studio,HIST-1612,OUT Timber Studio,2026-05
TXN-HIST-2026-05-1613,BANK-OPERATING,2026-05-19,-503300,-5033.0,USD,Alder Systems,HIST-1613,OUT Alder Systems,2026-05
TXN-HIST-2026-05-1614,BANK-PAYROLL,2026-05-19,-507400,-5074.0,USD,Ginkgo Supply,HIST-1614,OUT Ginkgo Supply,2026-05
TXN-HIST-2026-05-1615,BANK-OPERATING,2026-05-19,-511500,-5115.0,USD,Northwood Partners,HIST-1615,OUT Northwood Partners,2026-05
TXN-HIST-2026-05-1616,BANK-OPERATING,2026-05-19,-515600,-5156.0,USD,Acme Supplies LLC,HIST-1616,OUT Acme Supplies LLC,2026-05
TXN-HIST-2026-05-1617,BANK-OPERATING,2026-05-19,-519700,-5197.0,USD,Amazon Web Services,HIST-1617,OUT Amazon Web Services,2026-05
TXN-HIST-2026-05-1618,BANK-OPERATING,2026-05-20,523800,5238.0,USD,Juniper Labs,HIST-1618,IN Juniper Labs,2026-05
TXN-HIST-2026-05-1619,BANK-OPERATING,2026-05-20,-527900,-5279.0,USD,Acme Supplies,HIST-1619,OUT Acme Supplies,2026-05
TXN-HIST-2026-05-1620,BANK-OPERATING,2026-05-20,-532000,-5320.0,USD,Acme Supply Co.,HIST-1620,OUT Acme Supply Co.,2026-05
TXN-HIST-2026-05-1621,BANK-PAYROLL,2026-05-20,-536100,-5361.0,USD,Northline Fabrication,HIST-1621,OUT Northline Fabrication,2026-05
TXN-HIST-2026-05-1622,BANK-OPERATING,2026-05-20,-540200,-5402.0,USD,Helios Hardware,HIST-1622,OUT Helios Hardware,2026-05
TXN-HIST-2026-05-1623,BANK-OPERATING,2026-05-20,-544300,-5443.0,USD,Slack Technologies,HIST-1623,OUT Slack Technologies,2026-05
TXN-HIST-2026-05-1624,BANK-OPERATING,2026-05-20,-548400,-5484.0,USD,Google Cloud,HIST-1624,OUT Google Cloud,2026-05
TXN-HIST-2026-05-1625,BANK-OPERATING,2026-05-21,552500,5525.0,USD,Office Depot,HIST-1625,IN Office Depot,2026-05
TXN-HIST-2026-05-1626,BANK-OPERATING,2026-05-21,-556600,-5566.0,USD,Datadog,HIST-1626,OUT Datadog,2026-05
TXN-HIST-2026-05-1627,BANK-OPERATING,2026-05-21,-560700,-5607.0,USD,Figma,HIST-1627,OUT Figma,2026-05
TXN-HIST-2026-05-1628,BANK-PAYROLL,2026-05-21,-564800,-5648.0,USD,Hartford Insurance,HIST-1628,OUT Hartford Insurance,2026-05
TXN-HIST-2026-05-1629,BANK-OPERATING,2026-05-21,-568900,-5689.0,USD,Cambridge Properties,HIST-1629,OUT Cambridge Properties,2026-05
TXN-HIST-2026-05-1630,BANK-OPERATING,2026-05-21,-573000,-5730.0,USD,Harbor Electric,HIST-1630,OUT Harbor Electric,2026-05
TXN-HIST-2026-05-1631,BANK-OPERATING,2026-05-21,-577100,-5771.0,USD,GitHub,HIST-1631,OUT GitHub,2026-05
TXN-HIST-2026-05-1632,BANK-OPERATING,2026-05-22,581200,5812.0,USD,Orbit Analytics,HIST-1632,IN Orbit Analytics,2026-05
TXN-HIST-2026-05-1633,BANK-OPERATING,2026-05-22,-585300,-5853.0,USD,Dell Technologies,HIST-1633,OUT Dell Technologies,2026-05
TXN-HIST-2026-05-1634,BANK-OPERATING,2026-05-22,-589400,-5894.0,USD,Lindholm & Ruiz LLP,HIST-1634,OUT Lindholm & Ruiz LLP,2026-05
TXN-HIST-2026-05-1635,BANK-PAYROLL,2026-05-22,-593500,-5935.0,USD,Shadow Vendor LLC,HIST-1635,OUT Shadow Vendor LLC,2026-05
TXN-HIST-2026-05-1636,BANK-OPERATING,2026-05-22,-597600,-5976.0,USD,Lenovo,HIST-1636,OUT Lenovo,2026-05
TXN-HIST-2026-05-1637,BANK-OPERATING,2026-05-22,-601700,-6017.0,USD,Twilio,HIST-1637,OUT Twilio,2026-05
TXN-HIST-2026-05-1638,BANK-OPERATING,2026-05-22,-605800,-6058.0,USD,Snowflake,HIST-1638,OUT Snowflake,2026-05
TXN-HIST-2026-05-1639,BANK-OPERATING,2026-05-23,609900,6099.0,USD,Freightline Logistics,HIST-1639,IN Freightline Logistics,2026-05
TXN-HIST-2026-05-1640,BANK-OPERATING,2026-05-23,-614000,-6140.0,USD,Misc Supplies,HIST-1640,OUT Misc Supplies,2026-05
TXN-HIST-2026-05-1641,BANK-OPERATING,2026-05-23,-618100,-6181.0,USD,Notion Labs,HIST-1641,OUT Notion Labs,2026-05
TXN-HIST-2026-05-1642,BANK-PAYROLL,2026-05-23,-622200,-6222.0,USD,Okta,HIST-1642,OUT Okta,2026-05
TXN-HIST-2026-05-1643,BANK-OPERATING,2026-05-23,-626300,-6263.0,USD,Zoom Video,HIST-1643,OUT Zoom Video,2026-05
TXN-HIST-2026-05-1644,BANK-OPERATING,2026-05-23,-630400,-6304.0,USD,Cloudflare,HIST-1644,OUT Cloudflare,2026-05
TXN-HIST-2026-05-1645,BANK-OPERATING,2026-05-23,-634500,-6345.0,USD,Helios Hardware Supply,HIST-1645,OUT Helios Hardware Supply,2026-05
TXN-HIST-2026-05-1646,BANK-OPERATING,2026-05-24,638600,6386.0,USD,CrowdStrike,HIST-1646,IN CrowdStrike,2026-05
TXN-HIST-2026-05-1647,BANK-OPERATING,2026-05-24,-642700,-6427.0,USD,Atlassian,HIST-1647,OUT Atlassian,2026-05
TXN-HIST-2026-05-1648,BANK-OPERATING,2026-05-24,-646800,-6468.0,USD,Northline Fab Group,HIST-1648,OUT Northline Fab Group,2026-05
TXN-HIST-2026-05-1649,BANK-PAYROLL,2026-05-24,-650900,-6509.0,USD,Harbor Power & Light,HIST-1649,OUT Harbor Power & Light,2026-05
TXN-HIST-2026-05-1650,BANK-OPERATING,2026-05-24,-655000,-6550.0,USD,FedEx,HIST-1650,OUT FedEx,2026-05
TXN-HIST-2026-05-1651,BANK-OPERATING,2026-05-24,-659100,-6591.0,USD,WeWork Cambridge,HIST-1651,OUT WeWork Cambridge,2026-05
TXN-HIST-2026-05-1652,BANK-OPERATING,2026-05-24,-663200,-6632.0,USD,Pagaya Coffee Service,HIST-1652,OUT Pagaya Coffee Service,2026-05
TXN-HIST-2026-05-1653,BANK-OPERATING,2026-05-25,667300,6673.0,USD,Staples Business Advantage,HIST-1653,IN Staples Business Advantage,2026-05
TXN-HIST-2026-05-1654,BANK-OPERATING,2026-05-25,-671400,-6714.0,USD,ADP,HIST-1654,OUT ADP,2026-05
TXN-HIST-2026-05-1655,BANK-OPERATING,2026-05-25,-675500,-6755.0,USD,Comcast Business,HIST-1655,OUT Comcast Business,2026-05
TXN-HIST-2026-05-1656,BANK-PAYROLL,2026-05-25,-679600,-6796.0,USD,CleanRoom Janitorial,HIST-1656,OUT CleanRoom Janitorial,2026-05
TXN-HIST-2026-05-1657,BANK-OPERATING,2026-05-25,-683700,-6837.0,USD,HubSpot,HIST-1657,OUT HubSpot,2026-05
TXN-HIST-2026-05-1658,BANK-OPERATING,2026-05-25,-687800,-6878.0,USD,Adyen NV,HIST-1658,OUT Adyen NV,2026-05
TXN-HIST-2026-05-1659,BANK-OPERATING,2026-05-25,-691900,-6919.0,USD,Palo Alto Networks,HIST-1659,OUT Palo Alto Networks,2026-05
TXN-HIST-2026-05-1660,BANK-OPERATING,2026-05-26,696000,6960.0,USD,Kendall Square Parking,HIST-1660,IN Kendall Square Parking,2026-05
TXN-HIST-2026-05-1661,BANK-OPERATING,2026-05-26,-700100,-7001.0,USD,Stripe Processing,HIST-1661,OUT Stripe Processing,2026-05
TXN-HIST-2026-05-1662,BANK-OPERATING,2026-05-26,-704200,-7042.0,USD,DocuSign,HIST-1662,OUT DocuSign,2026-05
TXN-HIST-2026-05-1663,BANK-PAYROLL,2026-05-26,-708300,-7083.0,USD,Boston Edison Steam,HIST-1663,OUT Boston Edison Steam,2026-05
TXN-HIST-2026-05-1664,BANK-OPERATING,2026-05-26,-92400,-924.0,USD,Gusto Payroll,HIST-1664,OUT Gusto Payroll,2026-05
TXN-HIST-2026-05-1665,BANK-OPERATING,2026-05-26,-96500,-965.0,USD,Linear App,HIST-1665,OUT Linear App,2026-05
TXN-HIST-2026-05-1666,BANK-OPERATING,2026-05-26,-100600,-1006.0,USD,Quince Labs,HIST-1666,OUT Quince Labs,2026-05
TXN-HIST-2026-05-1667,BANK-OPERATING,2026-05-27,104700,1047.0,USD,Carta,HIST-1667,IN Carta,2026-05
TXN-HIST-2026-05-1668,BANK-OPERATING,2026-05-27,-108800,-1088.0,USD,Vanta,HIST-1668,OUT Vanta,2026-05
TXN-HIST-2026-05-1669,BANK-OPERATING,2026-05-27,-112900,-1129.0,USD,Northwood Supply,HIST-1669,OUT Northwood Supply,2026-05
TXN-HIST-2026-05-1670,BANK-PAYROLL,2026-05-27,-117000,-1170.0,USD,Teak Partners,HIST-1670,OUT Teak Partners,2026-05
TXN-HIST-2026-05-1671,BANK-OPERATING,2026-05-27,-121100,-1211.0,USD,Beacon Components,HIST-1671,OUT Beacon Components,2026-05
TXN-HIST-2026-05-1672,BANK-OPERATING,2026-05-27,-125200,-1252.0,USD,Harbor Studio,HIST-1672,OUT Harbor Studio,2026-05
TXN-HIST-2026-05-1673,BANK-OPERATING,2026-05-27,-129300,-1293.0,USD,Nimbus Systems,HIST-1673,OUT Nimbus Systems,2026-05
TXN-HIST-2026-05-1674,BANK-OPERATING,2026-05-28,133400,1334.0,USD,Walnut Works,HIST-1674,IN Walnut Works,2026-05
TXN-HIST-2026-05-1675,BANK-OPERATING,2026-05-28,-137500,-1375.0,USD,Echo Network,HIST-1675,OUT Echo Network,2026-05
TXN-HIST-2026-05-1676,BANK-OPERATING,2026-05-28,-141600,-1416.0,USD,Keel Group,HIST-1676,OUT Keel Group,2026-05
TXN-HIST-2026-05-1677,BANK-PAYROLL,2026-05-28,-145700,-1457.0,USD,Quarry Services,HIST-1677,OUT Quarry Services,2026-05
TXN-HIST-2026-05-1678,BANK-OPERATING,2026-05-28,-149800,-1498.0,USD,Wharf Labs,HIST-1678,OUT Wharf Labs,2026-05
TXN-HIST-2026-05-1679,BANK-OPERATING,2026-05-28,-153900,-1539.0,USD,Driftwood Works,HIST-1679,OUT Driftwood Works,2026-05
TXN-HIST-2026-05-1680,BANK-OPERATING,2026-05-28,-158000,-1580.0,USD,Juniper Network,HIST-1680,OUT Juniper Network,2026-05
TXN-HIST-2026-05-1681,BANK-OPERATING,2026-05-29,162100,1621.0,USD,Timber Supply,HIST-1681,IN Timber Supply,2026-05
TXN-HIST-2026-05-1682,BANK-OPERATING,2026-05-29,-166200,-1662.0,USD,Alder Partners,HIST-1682,OUT Alder Partners,2026-05
TXN-HIST-2026-05-1683,BANK-OPERATING,2026-05-29,-170300,-1703.0,USD,Ginkgo Components,HIST-1683,OUT Ginkgo Components,2026-05
TXN-HIST-2026-05-1684,BANK-PAYROLL,2026-05-29,-174400,-1744.0,USD,Northwood Studio,HIST-1684,OUT Northwood Studio,2026-05
TXN-HIST-2026-05-1685,BANK-OPERATING,2026-05-29,-178500,-1785.0,USD,Teak Systems,HIST-1685,OUT Teak Systems,2026-05
TXN-HIST-2026-05-1686,BANK-OPERATING,2026-05-29,-182600,-1826.0,USD,Beacon Supply,HIST-1686,OUT Beacon Supply,2026-05
TXN-HIST-2026-05-1687,BANK-OPERATING,2026-05-29,-186700,-1867.0,USD,Harbor Partners,HIST-1687,OUT Harbor Partners,2026-05
TXN-HIST-2026-05-1688,BANK-OPERATING,2026-05-30,190800,1908.0,USD,Quince Group,HIST-1688,IN Quince Group,2026-05
TXN-HIST-2026-05-1689,BANK-OPERATING,2026-05-30,-194900,-1949.0,USD,Walnut Services,HIST-1689,OUT Walnut Services,2026-05
TXN-HIST-2026-05-1690,BANK-OPERATING,2026-05-30,-199000,-1990.0,USD,Echo Labs,HIST-1690,OUT Echo Labs,2026-05
TXN-HIST-2026-05-1691,BANK-PAYROLL,2026-05-30,-203100,-2031.0,USD,Keel Works,HIST-1691,OUT Keel Works,2026-05
TXN-HIST-2026-05-1692,BANK-OPERATING,2026-05-30,-207200,-2072.0,USD,Quarry Network,HIST-1692,OUT Quarry Network,2026-05
TXN-HIST-2026-05-1693,BANK-OPERATING,2026-05-30,-211300,-2113.0,USD,Wharf Group,HIST-1693,OUT Wharf Group,2026-05
TXN-HIST-2026-05-1694,BANK-OPERATING,2026-05-30,-215400,-2154.0,USD,Driftwood Services,HIST-1694,OUT Driftwood Services,2026-05
TXN-HIST-2026-05-1695,BANK-OPERATING,2026-05-31,219500,2195.0,USD,Nimbus Components,HIST-1695,IN Nimbus Components,2026-05
TXN-HIST-2026-05-1696,BANK-OPERATING,2026-05-31,-223600,-2236.0,USD,Timber Studio,HIST-1696,OUT Timber Studio,2026-05
TXN-HIST-2026-05-1697,BANK-OPERATING,2026-05-31,-227700,-2277.0,USD,Alder Systems,HIST-1697,OUT Alder Systems,2026-05
TXN-HIST-2026-05-1698,BANK-PAYROLL,2026-05-31,-231800,-2318.0,USD,Ginkgo Supply,HIST-1698,OUT Ginkgo Supply,2026-05
TXN-HIST-2026-05-1699,BANK-OPERATING,2026-05-31,-235900,-2359.0,USD,Northwood Partners,HIST-1699,OUT Northwood Partners,2026-05
TXN-HIST-2026-05-1700,BANK-OPERATING,2026-05-31,-240000,-2400.0,USD,Teak Components,HIST-1700,OUT Teak Components,2026-05
TXN-HIST-2026-05-1701,BANK-OPERATING,2026-05-31,-244100,-2441.0,USD,Beacon Studio,HIST-1701,OUT Beacon Studio,2026-05
TXN-HIST-2026-06-1702,BANK-OPERATING,2026-06-01,248200,2482.0,USD,Juniper Labs,HIST-1702,IN Juniper Labs,2026-06
TXN-HIST-2026-06-1703,BANK-OPERATING,2026-06-01,-252300,-2523.0,USD,Quince Works,HIST-1703,OUT Quince Works,2026-06
TXN-HIST-2026-06-1704,BANK-OPERATING,2026-06-01,-256400,-2564.0,USD,Walnut Network,HIST-1704,OUT Walnut Network,2026-06
TXN-HIST-2026-06-1705,BANK-PAYROLL,2026-06-01,-260500,-2605.0,USD,Echo Group,HIST-1705,OUT Echo Group,2026-06
TXN-HIST-2026-06-1706,BANK-OPERATING,2026-06-01,-264600,-2646.0,USD,Keel Services,HIST-1706,OUT Keel Services,2026-06
TXN-HIST-2026-06-1707,BANK-OPERATING,2026-06-01,-268700,-2687.0,USD,Quarry Labs,HIST-1707,OUT Quarry Labs,2026-06
TXN-HIST-2026-06-1708,BANK-OPERATING,2026-06-01,-272800,-2728.0,USD,Wharf Works,HIST-1708,OUT Wharf Works,2026-06
TXN-HIST-2026-06-1709,BANK-OPERATING,2026-06-02,276900,2769.0,USD,Harbor Systems,HIST-1709,IN Harbor Systems,2026-06
TXN-HIST-2026-06-1710,BANK-OPERATING,2026-06-02,-281000,-2810.0,USD,Nimbus Supply,HIST-1710,OUT Nimbus Supply,2026-06
TXN-HIST-2026-06-1711,BANK-OPERATING,2026-06-02,-285100,-2851.0,USD,Timber Partners,HIST-1711,OUT Timber Partners,2026-06
TXN-HIST-2026-06-1712,BANK-PAYROLL,2026-06-02,-289200,-2892.0,USD,Alder Components,HIST-1712,OUT Alder Components,2026-06
TXN-HIST-2026-06-1713,BANK-OPERATING,2026-06-02,-293300,-2933.0,USD,Ginkgo Studio,HIST-1713,OUT Ginkgo Studio,2026-06
TXN-HIST-2026-06-1714,BANK-OPERATING,2026-06-02,-297400,-2974.0,USD,Northwood Systems,HIST-1714,OUT Northwood Systems,2026-06
TXN-HIST-2026-06-1715,BANK-OPERATING,2026-06-02,-301500,-3015.0,USD,Teak Supply,HIST-1715,OUT Teak Supply,2026-06
TXN-HIST-2026-06-1716,BANK-OPERATING,2026-06-03,305600,3056.0,USD,Driftwood Network,HIST-1716,IN Driftwood Network,2026-06
TXN-HIST-2026-06-1717,BANK-OPERATING,2026-06-03,-309700,-3097.0,USD,Juniper Group,HIST-1717,OUT Juniper Group,2026-06
TXN-HIST-2026-06-1718,BANK-OPERATING,2026-06-03,-313800,-3138.0,USD,Quince Services,HIST-1718,OUT Quince Services,2026-06
TXN-HIST-2026-06-1719,BANK-PAYROLL,2026-06-03,-317900,-3179.0,USD,Walnut Labs,HIST-1719,OUT Walnut Labs,2026-06
TXN-HIST-2026-06-1720,BANK-OPERATING,2026-06-03,-322000,-3220.0,USD,Echo Works,HIST-1720,OUT Echo Works,2026-06
TXN-HIST-2026-06-1721,BANK-OPERATING,2026-06-03,-326100,-3261.0,USD,Keel Network,HIST-1721,OUT Keel Network,2026-06
TXN-HIST-2026-06-1722,BANK-OPERATING,2026-06-03,-330200,-3302.0,USD,Quarry Group,HIST-1722,OUT Quarry Group,2026-06
TXN-HIST-2026-06-1723,BANK-OPERATING,2026-06-04,334300,3343.0,USD,Beacon Partners,HIST-1723,IN Beacon Partners,2026-06
TXN-HIST-2026-06-1724,BANK-OPERATING,2026-06-04,-338400,-3384.0,USD,Harbor Components,HIST-1724,OUT Harbor Components,2026-06
TXN-HIST-2026-06-1725,BANK-OPERATING,2026-06-04,-342500,-3425.0,USD,Nimbus Studio,HIST-1725,OUT Nimbus Studio,2026-06
TXN-HIST-2026-06-1726,BANK-PAYROLL,2026-06-04,-346600,-3466.0,USD,Timber Systems,HIST-1726,OUT Timber Systems,2026-06
TXN-HIST-2026-06-1727,BANK-OPERATING,2026-06-04,-350700,-3507.0,USD,Alder Supply,HIST-1727,OUT Alder Supply,2026-06
TXN-HIST-2026-06-1728,BANK-OPERATING,2026-06-04,-354800,-3548.0,USD,Ginkgo Partners,HIST-1728,OUT Ginkgo Partners,2026-06
TXN-HIST-2026-06-1729,BANK-OPERATING,2026-06-04,-358900,-3589.0,USD,Northwood Components,HIST-1729,OUT Northwood Components,2026-06
TXN-HIST-2026-06-1730,BANK-OPERATING,2026-06-05,363000,3630.0,USD,Wharf Services,HIST-1730,IN Wharf Services,2026-06
TXN-HIST-2026-06-1731,BANK-OPERATING,2026-06-05,-367100,-3671.0,USD,Driftwood Labs,HIST-1731,OUT Driftwood Labs,2026-06
TXN-HIST-2026-06-1732,BANK-OPERATING,2026-06-05,-371200,-3712.0,USD,Juniper Works,HIST-1732,OUT Juniper Works,2026-06
TXN-HIST-2026-06-1733,BANK-PAYROLL,2026-06-05,-375300,-3753.0,USD,Quince Network,HIST-1733,OUT Quince Network,2026-06
TXN-HIST-2026-06-1734,BANK-OPERATING,2026-06-05,-379400,-3794.0,USD,Walnut Group,HIST-1734,OUT Walnut Group,2026-06
TXN-HIST-2026-06-1735,BANK-OPERATING,2026-06-05,-383500,-3835.0,USD,Echo Services,HIST-1735,OUT Echo Services,2026-06
TXN-HIST-2026-06-1736,BANK-OPERATING,2026-06-05,-387600,-3876.0,USD,Keel Labs,HIST-1736,OUT Keel Labs,2026-06
TXN-HIST-2026-06-1737,BANK-OPERATING,2026-06-06,391700,3917.0,USD,Teak Studio,HIST-1737,IN Teak Studio,2026-06
TXN-HIST-2026-06-1738,BANK-OPERATING,2026-06-06,-395800,-3958.0,USD,Beacon Systems,HIST-1738,OUT Beacon Systems,2026-06
TXN-HIST-2026-06-1739,BANK-OPERATING,2026-06-06,-399900,-3999.0,USD,Harbor Supply,HIST-1739,OUT Harbor Supply,2026-06
TXN-HIST-2026-06-1740,BANK-PAYROLL,2026-06-06,-404000,-4040.0,USD,Nimbus Partners,HIST-1740,OUT Nimbus Partners,2026-06
TXN-HIST-2026-06-1741,BANK-OPERATING,2026-06-06,-408100,-4081.0,USD,Timber Components,HIST-1741,OUT Timber Components,2026-06
TXN-HIST-2026-06-1742,BANK-OPERATING,2026-06-06,-412200,-4122.0,USD,Alder Studio,HIST-1742,OUT Alder Studio,2026-06
TXN-HIST-2026-06-1743,BANK-OPERATING,2026-06-06,-416300,-4163.0,USD,Ginkgo Systems,HIST-1743,OUT Ginkgo Systems,2026-06
TXN-HIST-2026-06-1744,BANK-OPERATING,2026-06-07,420400,4204.0,USD,Quarry Works,HIST-1744,IN Quarry Works,2026-06
TXN-HIST-2026-06-1745,BANK-OPERATING,2026-06-07,-424500,-4245.0,USD,Wharf Network,HIST-1745,OUT Wharf Network,2026-06
TXN-HIST-2026-06-1746,BANK-OPERATING,2026-06-07,-428600,-4286.0,USD,Driftwood Group,HIST-1746,OUT Driftwood Group,2026-06
TXN-HIST-2026-06-1747,BANK-PAYROLL,2026-06-07,-432700,-4327.0,USD,Juniper Services,HIST-1747,OUT Juniper Services,2026-06
TXN-HIST-2026-06-1748,BANK-OPERATING,2026-06-07,-436800,-4368.0,USD,Quince Labs,HIST-1748,OUT Quince Labs,2026-06
TXN-HIST-2026-06-1749,BANK-OPERATING,2026-06-07,-440900,-4409.0,USD,Walnut Works,HIST-1749,OUT Walnut Works,2026-06
TXN-HIST-2026-06-1750,BANK-OPERATING,2026-06-07,-445000,-4450.0,USD,Echo Network,HIST-1750,OUT Echo Network,2026-06
TXN-HIST-2026-06-1751,BANK-OPERATING,2026-06-08,449100,4491.0,USD,Northwood Supply,HIST-1751,IN Northwood Supply,2026-06
TXN-HIST-2026-06-1752,BANK-OPERATING,2026-06-08,-453200,-4532.0,USD,Teak Partners,HIST-1752,OUT Teak Partners,2026-06
TXN-HIST-2026-06-1753,BANK-OPERATING,2026-06-08,-457300,-4573.0,USD,Beacon Components,HIST-1753,OUT Beacon Components,2026-06
TXN-HIST-2026-06-1754,BANK-PAYROLL,2026-06-08,-461400,-4614.0,USD,Harbor Studio,HIST-1754,OUT Harbor Studio,2026-06
TXN-HIST-2026-06-1755,BANK-OPERATING,2026-06-08,-465500,-4655.0,USD,Nimbus Systems,HIST-1755,OUT Nimbus Systems,2026-06
TXN-HIST-2026-06-1756,BANK-OPERATING,2026-06-08,-469600,-4696.0,USD,Timber Supply,HIST-1756,OUT Timber Supply,2026-06
TXN-HIST-2026-06-1757,BANK-OPERATING,2026-06-08,-473700,-4737.0,USD,Alder Partners,HIST-1757,OUT Alder Partners,2026-06
TXN-HIST-2026-06-1758,BANK-OPERATING,2026-06-09,477800,4778.0,USD,Keel Group,HIST-1758,IN Keel Group,2026-06
TXN-HIST-2026-06-1759,BANK-OPERATING,2026-06-09,-481900,-4819.0,USD,Quarry Services,HIST-1759,OUT Quarry Services,2026-06
TXN-HIST-2026-06-1760,BANK-OPERATING,2026-06-09,-486000,-4860.0,USD,Wharf Labs,HIST-1760,OUT Wharf Labs,2026-06
TXN-HIST-2026-06-1761,BANK-PAYROLL,2026-06-09,-490100,-4901.0,USD,Driftwood Works,HIST-1761,OUT Driftwood Works,2026-06
TXN-HIST-2026-06-1762,BANK-OPERATING,2026-06-09,-494200,-4942.0,USD,Juniper Network,HIST-1762,OUT Juniper Network,2026-06
TXN-HIST-2026-06-1763,BANK-OPERATING,2026-06-09,-498300,-4983.0,USD,Quince Group,HIST-1763,OUT Quince Group,2026-06
TXN-HIST-2026-06-1764,BANK-OPERATING,2026-06-09,-502400,-5024.0,USD,Walnut Services,HIST-1764,OUT Walnut Services,2026-06
TXN-HIST-2026-06-1765,BANK-OPERATING,2026-06-10,506500,5065.0,USD,Ginkgo Components,HIST-1765,IN Ginkgo Components,2026-06
TXN-HIST-2026-06-1766,BANK-OPERATING,2026-06-10,-510600,-5106.0,USD,Northwood Studio,HIST-1766,OUT Northwood Studio,2026-06
TXN-HIST-2026-06-1767,BANK-OPERATING,2026-06-10,-514700,-5147.0,USD,Teak Systems,HIST-1767,OUT Teak Systems,2026-06
TXN-HIST-2026-06-1768,BANK-PAYROLL,2026-06-10,-518800,-5188.0,USD,Beacon Supply,HIST-1768,OUT Beacon Supply,2026-06
TXN-HIST-2026-06-1769,BANK-OPERATING,2026-06-10,-522900,-5229.0,USD,Harbor Partners,HIST-1769,OUT Harbor Partners,2026-06
TXN-HIST-2026-06-1770,BANK-OPERATING,2026-06-10,-527000,-5270.0,USD,Nimbus Components,HIST-1770,OUT Nimbus Components,2026-06
TXN-HIST-2026-06-1771,BANK-OPERATING,2026-06-10,-531100,-5311.0,USD,Timber Studio,HIST-1771,OUT Timber Studio,2026-06
TXN-HIST-2026-06-1772,BANK-OPERATING,2026-06-11,535200,5352.0,USD,Echo Labs,HIST-1772,IN Echo Labs,2026-06
TXN-HIST-2026-06-1773,BANK-OPERATING,2026-06-11,-539300,-5393.0,USD,Keel Works,HIST-1773,OUT Keel Works,2026-06
TXN-HIST-2026-06-1774,BANK-OPERATING,2026-06-11,-543400,-5434.0,USD,Quarry Network,HIST-1774,OUT Quarry Network,2026-06
TXN-HIST-2026-06-1775,BANK-PAYROLL,2026-06-11,-547500,-5475.0,USD,Wharf Group,HIST-1775,OUT Wharf Group,2026-06
TXN-HIST-2026-06-1776,BANK-OPERATING,2026-06-11,-551600,-5516.0,USD,Driftwood Services,HIST-1776,OUT Driftwood Services,2026-06
TXN-HIST-2026-06-1777,BANK-OPERATING,2026-06-11,-555700,-5557.0,USD,Juniper Labs,HIST-1777,OUT Juniper Labs,2026-06
TXN-HIST-2026-06-1778,BANK-OPERATING,2026-06-11,-559800,-5598.0,USD,Quince Works,HIST-1778,OUT Quince Works,2026-06
TXN-HIST-2026-06-1779,BANK-OPERATING,2026-06-12,563900,5639.0,USD,Alder Systems,HIST-1779,IN Alder Systems,2026-06
TXN-HIST-2026-06-1780,BANK-OPERATING,2026-06-12,-568000,-5680.0,USD,Ginkgo Supply,HIST-1780,OUT Ginkgo Supply,2026-06
TXN-HIST-2026-06-1781,BANK-OPERATING,2026-06-12,-572100,-5721.0,USD,Northwood Partners,HIST-1781,OUT Northwood Partners,2026-06
TXN-HIST-2026-06-1782,BANK-PAYROLL,2026-06-12,-576200,-5762.0,USD,Teak Components,HIST-1782,OUT Teak Components,2026-06
TXN-HIST-2026-06-1783,BANK-OPERATING,2026-06-12,-580300,-5803.0,USD,Beacon Studio,HIST-1783,OUT Beacon Studio,2026-06
TXN-HIST-2026-06-1784,BANK-OPERATING,2026-06-12,-584400,-5844.0,USD,Harbor Systems,HIST-1784,OUT Harbor Systems,2026-06
TXN-HIST-2026-06-1785,BANK-OPERATING,2026-06-12,-588500,-5885.0,USD,Nimbus Supply,HIST-1785,OUT Nimbus Supply,2026-06
TXN-HIST-2026-06-1786,BANK-OPERATING,2026-06-13,592600,5926.0,USD,Walnut Network,HIST-1786,IN Walnut Network,2026-06
TXN-HIST-2026-06-1787,BANK-OPERATING,2026-06-13,-596700,-5967.0,USD,Echo Group,HIST-1787,OUT Echo Group,2026-06
TXN-HIST-2026-06-1788,BANK-OPERATING,2026-06-13,-600800,-6008.0,USD,Keel Services,HIST-1788,OUT Keel Services,2026-06
TXN-HIST-2026-06-1789,BANK-PAYROLL,2026-06-13,-604900,-6049.0,USD,Quarry Labs,HIST-1789,OUT Quarry Labs,2026-06
TXN-HIST-2026-06-1790,BANK-OPERATING,2026-06-13,-609000,-6090.0,USD,Wharf Works,HIST-1790,OUT Wharf Works,2026-06
TXN-HIST-2026-06-1791,BANK-OPERATING,2026-06-13,-613100,-6131.0,USD,Driftwood Network,HIST-1791,OUT Driftwood Network,2026-06
TXN-HIST-2026-06-1792,BANK-OPERATING,2026-06-13,-617200,-6172.0,USD,Juniper Group,HIST-1792,OUT Juniper Group,2026-06
TXN-HIST-2026-06-1793,BANK-OPERATING,2026-06-14,621300,6213.0,USD,Timber Partners,HIST-1793,IN Timber Partners,2026-06
TXN-HIST-2026-06-1794,BANK-OPERATING,2026-06-14,-625400,-6254.0,USD,Alder Components,HIST-1794,OUT Alder Components,2026-06
TXN-HIST-2026-06-1795,BANK-OPERATING,2026-06-14,-629500,-6295.0,USD,Ginkgo Studio,HIST-1795,OUT Ginkgo Studio,2026-06
TXN-HIST-2026-06-1796,BANK-PAYROLL,2026-06-14,-633600,-6336.0,USD,Northwood Systems,HIST-1796,OUT Northwood Systems,2026-06
TXN-HIST-2026-06-1797,BANK-OPERATING,2026-06-14,-637700,-6377.0,USD,Teak Supply,HIST-1797,OUT Teak Supply,2026-06
TXN-HIST-2026-06-1798,BANK-OPERATING,2026-06-14,-641800,-6418.0,USD,Beacon Partners,HIST-1798,OUT Beacon Partners,2026-06
TXN-HIST-2026-06-1799,BANK-OPERATING,2026-06-14,-645900,-6459.0,USD,Harbor Components,HIST-1799,OUT Harbor Components,2026-06
TXN-HIST-2026-06-1800,BANK-OPERATING,2026-06-15,650000,6500.0,USD,Quince Services,HIST-1800,IN Quince Services,2026-06
TXN-HIST-2026-06-1801,BANK-OPERATING,2026-06-15,-654100,-6541.0,USD,Walnut Labs,HIST-1801,OUT Walnut Labs,2026-06
TXN-HIST-2026-06-1802,BANK-OPERATING,2026-06-15,-658200,-6582.0,USD,Echo Works,HIST-1802,OUT Echo Works,2026-06
TXN-HIST-2026-06-1803,BANK-PAYROLL,2026-06-15,-662300,-6623.0,USD,Keel Network,HIST-1803,OUT Keel Network,2026-06
TXN-HIST-2026-06-1804,BANK-OPERATING,2026-06-15,-666400,-6664.0,USD,Quarry Group,HIST-1804,OUT Quarry Group,2026-06
TXN-HIST-2026-06-1805,BANK-OPERATING,2026-06-15,-670500,-6705.0,USD,Wharf Services,HIST-1805,OUT Wharf Services,2026-06
TXN-HIST-2026-06-1806,BANK-OPERATING,2026-06-15,-674600,-6746.0,USD,Driftwood Labs,HIST-1806,OUT Driftwood Labs,2026-06
TXN-HIST-2026-06-1807,BANK-OPERATING,2026-06-16,678700,6787.0,USD,Nimbus Studio,HIST-1807,IN Nimbus Studio,2026-06
TXN-HIST-2026-06-1808,BANK-OPERATING,2026-06-16,-682800,-6828.0,USD,Timber Systems,HIST-1808,OUT Timber Systems,2026-06
TXN-HIST-2026-06-1809,BANK-OPERATING,2026-06-16,-686900,-6869.0,USD,Alder Supply,HIST-1809,OUT Alder Supply,2026-06
TXN-HIST-2026-06-1810,BANK-PAYROLL,2026-06-16,-691000,-6910.0,USD,Ginkgo Partners,HIST-1810,OUT Ginkgo Partners,2026-06
TXN-HIST-2026-06-1811,BANK-OPERATING,2026-06-16,-695100,-6951.0,USD,Northwood Components,HIST-1811,OUT Northwood Components,2026-06
TXN-HIST-2026-06-1812,BANK-OPERATING,2026-06-16,-699200,-6992.0,USD,Teak Studio,HIST-1812,OUT Teak Studio,2026-06
TXN-HIST-2026-06-1813,BANK-OPERATING,2026-06-16,-703300,-7033.0,USD,Beacon Systems,HIST-1813,OUT Beacon Systems,2026-06
TXN-HIST-2026-06-1814,BANK-OPERATING,2026-06-17,707400,7074.0,USD,Juniper Works,HIST-1814,IN Juniper Works,2026-06
TXN-HIST-2026-06-1815,BANK-OPERATING,2026-06-17,-91500,-915.0,USD,Quince Network,HIST-1815,OUT Quince Network,2026-06
TXN-HIST-2026-06-1816,BANK-OPERATING,2026-06-17,-95600,-956.0,USD,Walnut Group,HIST-1816,OUT Walnut Group,2026-06
TXN-HIST-2026-06-1817,BANK-PAYROLL,2026-06-17,-99700,-997.0,USD,Echo Services,HIST-1817,OUT Echo Services,2026-06
TXN-HIST-2026-06-1818,BANK-OPERATING,2026-06-17,-103800,-1038.0,USD,Keel Labs,HIST-1818,OUT Keel Labs,2026-06
TXN-HIST-2026-06-1819,BANK-OPERATING,2026-06-17,-107900,-1079.0,USD,Quarry Works,HIST-1819,OUT Quarry Works,2026-06
TXN-HIST-2026-06-1820,BANK-OPERATING,2026-06-17,-112000,-1120.0,USD,Wharf Network,HIST-1820,OUT Wharf Network,2026-06
TXN-HIST-2026-06-1821,BANK-OPERATING,2026-06-18,116100,1161.0,USD,Harbor Supply,HIST-1821,IN Harbor Supply,2026-06
TXN-HIST-2026-06-1822,BANK-OPERATING,2026-06-18,-120200,-1202.0,USD,Nimbus Partners,HIST-1822,OUT Nimbus Partners,2026-06
TXN-HIST-2026-06-1823,BANK-OPERATING,2026-06-18,-124300,-1243.0,USD,Timber Components,HIST-1823,OUT Timber Components,2026-06
TXN-HIST-2026-06-1824,BANK-PAYROLL,2026-06-18,-128400,-1284.0,USD,Alder Studio,HIST-1824,OUT Alder Studio,2026-06
TXN-HIST-2026-06-1825,BANK-OPERATING,2026-06-18,-132500,-1325.0,USD,Ginkgo Systems,HIST-1825,OUT Ginkgo Systems,2026-06
TXN-HIST-2026-06-1826,BANK-OPERATING,2026-06-18,-136600,-1366.0,USD,Northwood Supply,HIST-1826,OUT Northwood Supply,2026-06
TXN-HIST-2026-06-1827,BANK-OPERATING,2026-06-18,-140700,-1407.0,USD,Teak Partners,HIST-1827,OUT Teak Partners,2026-06
TXN-HIST-2026-06-1828,BANK-OPERATING,2026-06-19,144800,1448.0,USD,Driftwood Group,HIST-1828,IN Driftwood Group,2026-06
TXN-HIST-2026-06-1829,BANK-OPERATING,2026-06-19,-148900,-1489.0,USD,Juniper Services,HIST-1829,OUT Juniper Services,2026-06
TXN-HIST-2026-06-1830,BANK-OPERATING,2026-06-19,-153000,-1530.0,USD,Quince Labs,HIST-1830,OUT Quince Labs,2026-06
TXN-HIST-2026-06-1831,BANK-PAYROLL,2026-06-19,-157100,-1571.0,USD,Walnut Works,HIST-1831,OUT Walnut Works,2026-06
TXN-HIST-2026-06-1832,BANK-OPERATING,2026-06-19,-161200,-1612.0,USD,Echo Network,HIST-1832,OUT Echo Network,2026-06
TXN-HIST-2026-06-1833,BANK-OPERATING,2026-06-19,-165300,-1653.0,USD,Keel Group,HIST-1833,OUT Keel Group,2026-06
TXN-HIST-2026-06-1834,BANK-OPERATING,2026-06-19,-169400,-1694.0,USD,Quarry Services,HIST-1834,OUT Quarry Services,2026-06
TXN-HIST-2026-06-1835,BANK-OPERATING,2026-06-20,173500,1735.0,USD,Beacon Components,HIST-1835,IN Beacon Components,2026-06
TXN-HIST-2026-06-1836,BANK-OPERATING,2026-06-20,-177600,-1776.0,USD,Harbor Studio,HIST-1836,OUT Harbor Studio,2026-06
TXN-HIST-2026-06-1837,BANK-OPERATING,2026-06-20,-181700,-1817.0,USD,Nimbus Systems,HIST-1837,OUT Nimbus Systems,2026-06
TXN-HIST-2026-06-1838,BANK-PAYROLL,2026-06-20,-185800,-1858.0,USD,Timber Supply,HIST-1838,OUT Timber Supply,2026-06
TXN-HIST-2026-06-1839,BANK-OPERATING,2026-06-20,-189900,-1899.0,USD,Alder Partners,HIST-1839,OUT Alder Partners,2026-06
TXN-HIST-2026-06-1840,BANK-OPERATING,2026-06-20,-194000,-1940.0,USD,Ginkgo Components,HIST-1840,OUT Ginkgo Components,2026-06
TXN-HIST-2026-06-1841,BANK-OPERATING,2026-06-20,-198100,-1981.0,USD,Northwood Studio,HIST-1841,OUT Northwood Studio,2026-06
TXN-HIST-2026-06-1842,BANK-OPERATING,2026-06-21,202200,2022.0,USD,Wharf Labs,HIST-1842,IN Wharf Labs,2026-06
TXN-HIST-2026-06-1843,BANK-OPERATING,2026-06-21,-206300,-2063.0,USD,Driftwood Works,HIST-1843,OUT Driftwood Works,2026-06
TXN-HIST-2026-06-1844,BANK-OPERATING,2026-06-21,-210400,-2104.0,USD,Juniper Network,HIST-1844,OUT Juniper Network,2026-06
TXN-HIST-2026-06-1845,BANK-PAYROLL,2026-06-21,-214500,-2145.0,USD,Quince Group,HIST-1845,OUT Quince Group,2026-06
TXN-HIST-2026-06-1846,BANK-OPERATING,2026-06-21,-218600,-2186.0,USD,Walnut Services,HIST-1846,OUT Walnut Services,2026-06
TXN-HIST-2026-06-1847,BANK-OPERATING,2026-06-21,-222700,-2227.0,USD,Echo Labs,HIST-1847,OUT Echo Labs,2026-06
TXN-HIST-2026-06-1848,BANK-OPERATING,2026-06-21,-226800,-2268.0,USD,Keel Works,HIST-1848,OUT Keel Works,2026-06
TXN-HIST-2026-06-1849,BANK-OPERATING,2026-06-22,230900,2309.0,USD,Teak Systems,HIST-1849,IN Teak Systems,2026-06
TXN-HIST-2026-06-1850,BANK-OPERATING,2026-06-22,-235000,-2350.0,USD,Beacon Supply,HIST-1850,OUT Beacon Supply,2026-06
TXN-HIST-2026-06-1851,BANK-OPERATING,2026-06-22,-239100,-2391.0,USD,Harbor Partners,HIST-1851,OUT Harbor Partners,2026-06
TXN-HIST-2026-06-1852,BANK-PAYROLL,2026-06-22,-243200,-2432.0,USD,Nimbus Components,HIST-1852,OUT Nimbus Components,2026-06
TXN-HIST-2026-06-1853,BANK-OPERATING,2026-06-22,-247300,-2473.0,USD,Timber Studio,HIST-1853,OUT Timber Studio,2026-06
TXN-HIST-2026-06-1854,BANK-OPERATING,2026-06-22,-251400,-2514.0,USD,Alder Systems,HIST-1854,OUT Alder Systems,2026-06
TXN-HIST-2026-06-1855,BANK-OPERATING,2026-06-22,-255500,-2555.0,USD,Ginkgo Supply,HIST-1855,OUT Ginkgo Supply,2026-06
TXN-HIST-2026-06-1856,BANK-OPERATING,2026-06-23,259600,2596.0,USD,Quarry Network,HIST-1856,IN Quarry Network,2026-06
TXN-HIST-2026-06-1857,BANK-OPERATING,2026-06-23,-263700,-2637.0,USD,Wharf Group,HIST-1857,OUT Wharf Group,2026-06
TXN-HIST-2026-06-1858,BANK-OPERATING,2026-06-23,-267800,-2678.0,USD,Driftwood Services,HIST-1858,OUT Driftwood Services,2026-06
TXN-HIST-2026-06-1859,BANK-PAYROLL,2026-06-23,-271900,-2719.0,USD,Juniper Labs,HIST-1859,OUT Juniper Labs,2026-06
TXN-HIST-2026-06-1860,BANK-OPERATING,2026-06-23,-276000,-2760.0,USD,Quince Works,HIST-1860,OUT Quince Works,2026-06
TXN-HIST-2026-06-1861,BANK-OPERATING,2026-06-23,-280100,-2801.0,USD,Walnut Network,HIST-1861,OUT Walnut Network,2026-06
TXN-HIST-2026-06-1862,BANK-OPERATING,2026-06-23,-284200,-2842.0,USD,Echo Group,HIST-1862,OUT Echo Group,2026-06
TXN-HIST-2026-06-1863,BANK-OPERATING,2026-06-24,288300,2883.0,USD,Northwood Partners,HIST-1863,IN Northwood Partners,2026-06
TXN-HIST-2026-06-1864,BANK-OPERATING,2026-06-24,-292400,-2924.0,USD,Teak Components,HIST-1864,OUT Teak Components,2026-06
TXN-HIST-2026-06-1865,BANK-OPERATING,2026-06-24,-296500,-2965.0,USD,Beacon Studio,HIST-1865,OUT Beacon Studio,2026-06
TXN-HIST-2026-06-1866,BANK-PAYROLL,2026-06-24,-300600,-3006.0,USD,Harbor Systems,HIST-1866,OUT Harbor Systems,2026-06
TXN-HIST-2026-06-1867,BANK-OPERATING,2026-06-24,-304700,-3047.0,USD,Nimbus Supply,HIST-1867,OUT Nimbus Supply,2026-06
TXN-HIST-2026-06-1868,BANK-OPERATING,2026-06-24,-308800,-3088.0,USD,Timber Partners,HIST-1868,OUT Timber Partners,2026-06
TXN-HIST-2026-06-1869,BANK-OPERATING,2026-06-24,-312900,-3129.0,USD,Alder Components,HIST-1869,OUT Alder Components,2026-06
TXN-HIST-2026-06-1870,BANK-OPERATING,2026-06-25,317000,3170.0,USD,Keel Services,HIST-1870,IN Keel Services,2026-06
TXN-HIST-2026-06-1871,BANK-OPERATING,2026-06-25,-321100,-3211.0,USD,Quarry Labs,HIST-1871,OUT Quarry Labs,2026-06
TXN-HIST-2026-06-1872,BANK-OPERATING,2026-06-25,-325200,-3252.0,USD,Wharf Works,HIST-1872,OUT Wharf Works,2026-06
TXN-HIST-2026-06-1873,BANK-PAYROLL,2026-06-25,-329300,-3293.0,USD,Driftwood Network,HIST-1873,OUT Driftwood Network,2026-06
TXN-HIST-2026-06-1874,BANK-OPERATING,2026-06-25,-333400,-3334.0,USD,Juniper Group,HIST-1874,OUT Juniper Group,2026-06
TXN-HIST-2026-06-1875,BANK-OPERATING,2026-06-25,-337500,-3375.0,USD,Quince Services,HIST-1875,OUT Quince Services,2026-06
TXN-HIST-2026-06-1876,BANK-OPERATING,2026-06-25,-341600,-3416.0,USD,Walnut Labs,HIST-1876,OUT Walnut Labs,2026-06
TXN-HIST-2026-06-1877,BANK-OPERATING,2026-06-26,345700,3457.0,USD,Ginkgo Studio,HIST-1877,IN Ginkgo Studio,2026-06
TXN-HIST-2026-06-1878,BANK-OPERATING,2026-06-26,-349800,-3498.0,USD,Northwood Systems,HIST-1878,OUT Northwood Systems,2026-06
TXN-HIST-2026-06-1879,BANK-OPERATING,2026-06-26,-353900,-3539.0,USD,Teak Supply,HIST-1879,OUT Teak Supply,2026-06
TXN-HIST-2026-06-1880,BANK-PAYROLL,2026-06-26,-358000,-3580.0,USD,Beacon Partners,HIST-1880,OUT Beacon Partners,2026-06
TXN-HIST-2026-06-1881,BANK-OPERATING,2026-06-26,-362100,-3621.0,USD,Harbor Components,HIST-1881,OUT Harbor Components,2026-06
TXN-HIST-2026-06-1882,BANK-OPERATING,2026-06-26,-366200,-3662.0,USD,Nimbus Studio,HIST-1882,OUT Nimbus Studio,2026-06
TXN-HIST-2026-06-1883,BANK-OPERATING,2026-06-26,-370300,-3703.0,USD,Timber Systems,HIST-1883,OUT Timber Systems,2026-06
TXN-HIST-2026-06-1884,BANK-OPERATING,2026-06-27,374400,3744.0,USD,Echo Works,HIST-1884,IN Echo Works,2026-06
TXN-HIST-2026-06-1885,BANK-OPERATING,2026-06-27,-378500,-3785.0,USD,Keel Network,HIST-1885,OUT Keel Network,2026-06
TXN-HIST-2026-06-1886,BANK-OPERATING,2026-06-27,-382600,-3826.0,USD,Quarry Group,HIST-1886,OUT Quarry Group,2026-06
TXN-HIST-2026-06-1887,BANK-PAYROLL,2026-06-27,-386700,-3867.0,USD,Wharf Services,HIST-1887,OUT Wharf Services,2026-06
TXN-HIST-2026-06-1888,BANK-OPERATING,2026-06-27,-390800,-3908.0,USD,Driftwood Labs,HIST-1888,OUT Driftwood Labs,2026-06
TXN-HIST-2026-06-1889,BANK-OPERATING,2026-06-27,-394900,-3949.0,USD,Juniper Works,HIST-1889,OUT Juniper Works,2026-06
TXN-HIST-2026-06-1890,BANK-OPERATING,2026-06-27,-399000,-3990.0,USD,Quince Network,HIST-1890,OUT Quince Network,2026-06
TXN-HIST-2026-06-1891,BANK-OPERATING,2026-06-28,403100,4031.0,USD,Alder Supply,HIST-1891,IN Alder Supply,2026-06
TXN-HIST-2026-06-1892,BANK-OPERATING,2026-06-28,-407200,-4072.0,USD,Ginkgo Partners,HIST-1892,OUT Ginkgo Partners,2026-06
TXN-HIST-2026-06-1893,BANK-OPERATING,2026-06-28,-411300,-4113.0,USD,Northwood Components,HIST-1893,OUT Northwood Components,2026-06
TXN-HIST-2026-06-1894,BANK-PAYROLL,2026-06-28,-415400,-4154.0,USD,Teak Studio,HIST-1894,OUT Teak Studio,2026-06
TXN-HIST-2026-06-1895,BANK-OPERATING,2026-06-28,-419500,-4195.0,USD,Beacon Systems,HIST-1895,OUT Beacon Systems,2026-06
TXN-HIST-2026-06-1896,BANK-OPERATING,2026-06-28,-423600,-4236.0,USD,Harbor Supply,HIST-1896,OUT Harbor Supply,2026-06
TXN-HIST-2026-06-1897,BANK-OPERATING,2026-06-28,-427700,-4277.0,USD,Nimbus Partners,HIST-1897,OUT Nimbus Partners,2026-06
TXN-HIST-2026-06-1898,BANK-OPERATING,2026-06-29,431800,4318.0,USD,Walnut Group,HIST-1898,IN Walnut Group,2026-06
TXN-HIST-2026-06-1899,BANK-OPERATING,2026-06-29,-435900,-4359.0,USD,Echo Services,HIST-1899,OUT Echo Services,2026-06
TXN-HIST-2026-06-1900,BANK-OPERATING,2026-06-29,-440000,-4400.0,USD,Keel Labs,HIST-1900,OUT Keel Labs,2026-06
TXN-HIST-2026-06-1901,BANK-PAYROLL,2026-06-29,-444100,-4441.0,USD,Quarry Works,HIST-1901,OUT Quarry Works,2026-06
TXN-HIST-2026-06-1902,BANK-OPERATING,2026-06-29,-448200,-4482.0,USD,Wharf Network,HIST-1902,OUT Wharf Network,2026-06
TXN-HIST-2026-06-1903,BANK-OPERATING,2026-06-29,-452300,-4523.0,USD,Driftwood Group,HIST-1903,OUT Driftwood Group,2026-06
TXN-HIST-2026-06-1904,BANK-OPERATING,2026-06-29,-456400,-4564.0,USD,Juniper Services,HIST-1904,OUT Juniper Services,2026-06
TXN-HIST-2026-06-1905,BANK-OPERATING,2026-06-30,460500,4605.0,USD,Timber Components,HIST-1905,IN Timber Components,2026-06
TXN-HIST-2026-06-1906,BANK-OPERATING,2026-06-30,-464600,-4646.0,USD,Alder Studio,HIST-1906,OUT Alder Studio,2026-06
TXN-HIST-2026-06-1907,BANK-OPERATING,2026-06-30,-468700,-4687.0,USD,Ginkgo Systems,HIST-1907,OUT Ginkgo Systems,2026-06
TXN-HIST-2026-06-1908,BANK-PAYROLL,2026-06-30,-472800,-4728.0,USD,Northwood Supply,HIST-1908,OUT Northwood Supply,2026-06
TXN-HIST-2026-06-1909,BANK-OPERATING,2026-06-30,-476900,-4769.0,USD,Teak Partners,HIST-1909,OUT Teak Partners,2026-06
TXN-HIST-2026-06-1910,BANK-OPERATING,2026-06-30,-481000,-4810.0,USD,Beacon Components,HIST-1910,OUT Beacon Components,2026-06
TXN-HIST-2026-06-1911,BANK-OPERATING,2026-06-30,-485100,-4851.0,USD,Harbor Studio,HIST-1911,OUT Harbor Studio,2026-06
TXN-HIST-2026-07-1912,BANK-OPERATING,2026-07-01,489200,4892.0,USD,Quince Labs,HIST-1912,IN Quince Labs,2026-07
TXN-HIST-2026-07-1913,BANK-OPERATING,2026-07-01,-493300,-4933.0,USD,Walnut Works,HIST-1913,OUT Walnut Works,2026-07
TXN-HIST-2026-07-1914,BANK-OPERATING,2026-07-01,-497400,-4974.0,USD,Echo Network,HIST-1914,OUT Echo Network,2026-07
TXN-HIST-2026-07-1915,BANK-PAYROLL,2026-07-01,-501500,-5015.0,USD,Keel Group,HIST-1915,OUT Keel Group,2026-07
TXN-HIST-2026-07-1916,BANK-OPERATING,2026-07-01,-505600,-5056.0,USD,Quarry Services,HIST-1916,OUT Quarry Services,2026-07
TXN-HIST-2026-07-1917,BANK-OPERATING,2026-07-01,-509700,-5097.0,USD,Wharf Labs,HIST-1917,OUT Wharf Labs,2026-07
TXN-HIST-2026-07-1918,BANK-OPERATING,2026-07-01,-513800,-5138.0,USD,Driftwood Works,HIST-1918,OUT Driftwood Works,2026-07
TXN-HIST-2026-07-1919,BANK-OPERATING,2026-07-02,517900,5179.0,USD,Nimbus Systems,HIST-1919,IN Nimbus Systems,2026-07
TXN-HIST-2026-07-1920,BANK-OPERATING,2026-07-02,-522000,-5220.0,USD,Timber Supply,HIST-1920,OUT Timber Supply,2026-07
TXN-HIST-2026-07-1921,BANK-OPERATING,2026-07-02,-526100,-5261.0,USD,Alder Partners,HIST-1921,OUT Alder Partners,2026-07
TXN-HIST-2026-07-1922,BANK-PAYROLL,2026-07-02,-530200,-5302.0,USD,Ginkgo Components,HIST-1922,OUT Ginkgo Components,2026-07
TXN-HIST-2026-07-1923,BANK-OPERATING,2026-07-02,-534300,-5343.0,USD,Northwood Studio,HIST-1923,OUT Northwood Studio,2026-07
TXN-HIST-2026-07-1924,BANK-OPERATING,2026-07-02,-538400,-5384.0,USD,Teak Systems,HIST-1924,OUT Teak Systems,2026-07
TXN-HIST-2026-07-1925,BANK-OPERATING,2026-07-02,-542500,-5425.0,USD,Beacon Supply,HIST-1925,OUT Beacon Supply,2026-07
TXN-HIST-2026-07-1926,BANK-OPERATING,2026-07-03,546600,5466.0,USD,Juniper Network,HIST-1926,IN Juniper Network,2026-07
TXN-HIST-2026-07-1927,BANK-OPERATING,2026-07-03,-550700,-5507.0,USD,Quince Group,HIST-1927,OUT Quince Group,2026-07
TXN-HIST-2026-07-1928,BANK-OPERATING,2026-07-03,-554800,-5548.0,USD,Walnut Services,HIST-1928,OUT Walnut Services,2026-07
TXN-HIST-2026-07-1929,BANK-PAYROLL,2026-07-03,-558900,-5589.0,USD,Echo Labs,HIST-1929,OUT Echo Labs,2026-07
TXN-HIST-2026-07-1930,BANK-OPERATING,2026-07-03,-563000,-5630.0,USD,Keel Works,HIST-1930,OUT Keel Works,2026-07
TXN-HIST-2026-07-1931,BANK-OPERATING,2026-07-03,-567100,-5671.0,USD,Quarry Network,HIST-1931,OUT Quarry Network,2026-07
TXN-HIST-2026-07-1932,BANK-OPERATING,2026-07-03,-571200,-5712.0,USD,Wharf Group,HIST-1932,OUT Wharf Group,2026-07
TXN-HIST-2026-07-1933,BANK-OPERATING,2026-07-04,575300,5753.0,USD,Harbor Partners,HIST-1933,IN Harbor Partners,2026-07
TXN-HIST-2026-07-1934,BANK-OPERATING,2026-07-04,-579400,-5794.0,USD,Nimbus Components,HIST-1934,OUT Nimbus Components,2026-07
TXN-HIST-2026-07-1935,BANK-OPERATING,2026-07-04,-583500,-5835.0,USD,Timber Studio,HIST-1935,OUT Timber Studio,2026-07
TXN-HIST-2026-07-1936,BANK-PAYROLL,2026-07-04,-587600,-5876.0,USD,Alder Systems,HIST-1936,OUT Alder Systems,2026-07
TXN-HIST-2026-07-1937,BANK-OPERATING,2026-07-04,-591700,-5917.0,USD,Ginkgo Supply,HIST-1937,OUT Ginkgo Supply,2026-07
TXN-HIST-2026-07-1938,BANK-OPERATING,2026-07-04,-595800,-5958.0,USD,Northwood Partners,HIST-1938,OUT Northwood Partners,2026-07
TXN-HIST-2026-07-1939,BANK-OPERATING,2026-07-04,-599900,-5999.0,USD,Acme Supplies LLC,HIST-1939,OUT Acme Supplies LLC,2026-07
TXN-HIST-2026-07-1940,BANK-OPERATING,2026-07-05,604000,6040.0,USD,Driftwood Services,HIST-1940,IN Driftwood Services,2026-07
TXN-HIST-2026-07-1941,BANK-OPERATING,2026-07-05,-608100,-6081.0,USD,Juniper Labs,HIST-1941,OUT Juniper Labs,2026-07
TXN-HIST-2026-07-1942,BANK-OPERATING,2026-07-05,-612200,-6122.0,USD,Acme Supplies,HIST-1942,OUT Acme Supplies,2026-07
TXN-HIST-2026-07-1943,BANK-PAYROLL,2026-07-05,-616300,-6163.0,USD,Acme Supply Co.,HIST-1943,OUT Acme Supply Co.,2026-07
TXN-HIST-2026-07-1944,BANK-OPERATING,2026-07-05,-620400,-6204.0,USD,Northline Fabrication,HIST-1944,OUT Northline Fabrication,2026-07
TXN-HIST-2026-07-1945,BANK-OPERATING,2026-07-05,-624500,-6245.0,USD,Helios Hardware,HIST-1945,OUT Helios Hardware,2026-07
TXN-HIST-2026-07-1946,BANK-OPERATING,2026-07-05,-628600,-6286.0,USD,Slack Technologies,HIST-1946,OUT Slack Technologies,2026-07
TXN-HIST-2026-07-1947,BANK-OPERATING,2026-07-06,632700,6327.0,USD,Amazon Web Services,HIST-1947,IN Amazon Web Services,2026-07
TXN-HIST-2026-07-1948,BANK-OPERATING,2026-07-06,-636800,-6368.0,USD,Office Depot,HIST-1948,OUT Office Depot,2026-07
TXN-HIST-2026-07-1949,BANK-OPERATING,2026-07-06,-640900,-6409.0,USD,Datadog,HIST-1949,OUT Datadog,2026-07
TXN-HIST-2026-07-1950,BANK-PAYROLL,2026-07-06,-645000,-6450.0,USD,Figma,HIST-1950,OUT Figma,2026-07
TXN-HIST-2026-07-1951,BANK-OPERATING,2026-07-06,-649100,-6491.0,USD,Hartford Insurance,HIST-1951,OUT Hartford Insurance,2026-07
TXN-HIST-2026-07-1952,BANK-OPERATING,2026-07-06,-653200,-6532.0,USD,Cambridge Properties,HIST-1952,OUT Cambridge Properties,2026-07
TXN-HIST-2026-07-1953,BANK-OPERATING,2026-07-06,-657300,-6573.0,USD,Harbor Electric,HIST-1953,OUT Harbor Electric,2026-07
TXN-HIST-2026-07-1954,BANK-OPERATING,2026-07-07,661400,6614.0,USD,Google Cloud,HIST-1954,IN Google Cloud,2026-07
TXN-HIST-2026-07-1955,BANK-OPERATING,2026-07-07,-665500,-6655.0,USD,Orbit Analytics,HIST-1955,OUT Orbit Analytics,2026-07
TXN-HIST-2026-07-1956,BANK-OPERATING,2026-07-07,-669600,-6696.0,USD,Dell Technologies,HIST-1956,OUT Dell Technologies,2026-07
TXN-HIST-2026-07-1957,BANK-PAYROLL,2026-07-07,-673700,-6737.0,USD,Lindholm & Ruiz LLP,HIST-1957,OUT Lindholm & Ruiz LLP,2026-07
TXN-HIST-2026-07-1958,BANK-OPERATING,2026-07-07,-677800,-6778.0,USD,Shadow Vendor LLC,HIST-1958,OUT Shadow Vendor LLC,2026-07
TXN-HIST-2026-07-1959,BANK-OPERATING,2026-07-07,-681900,-6819.0,USD,Lenovo,HIST-1959,OUT Lenovo,2026-07
TXN-HIST-2026-07-1960,BANK-OPERATING,2026-07-07,-686000,-6860.0,USD,Twilio,HIST-1960,OUT Twilio,2026-07
TXN-HIST-2026-07-1961,BANK-OPERATING,2026-07-08,690100,6901.0,USD,GitHub,HIST-1961,IN GitHub,2026-07
TXN-HIST-2026-07-1962,BANK-OPERATING,2026-07-08,-694200,-6942.0,USD,Freightline Logistics,HIST-1962,OUT Freightline Logistics,2026-07
TXN-HIST-2026-07-1963,BANK-OPERATING,2026-07-08,-698300,-6983.0,USD,Misc Supplies,HIST-1963,OUT Misc Supplies,2026-07
TXN-HIST-2026-07-1964,BANK-PAYROLL,2026-07-08,-702400,-7024.0,USD,Notion Labs,HIST-1964,OUT Notion Labs,2026-07
TXN-HIST-2026-07-1965,BANK-OPERATING,2026-07-08,-706500,-7065.0,USD,Okta,HIST-1965,OUT Okta,2026-07
TXN-HIST-2026-07-1966,BANK-OPERATING,2026-07-08,-90600,-906.0,USD,Zoom Video,HIST-1966,OUT Zoom Video,2026-07
TXN-HIST-2026-07-1967,BANK-OPERATING,2026-07-08,-94700,-947.0,USD,Cloudflare,HIST-1967,OUT Cloudflare,2026-07
TXN-HIST-2026-07-1968,BANK-OPERATING,2026-07-09,98800,988.0,USD,Snowflake,HIST-1968,IN Snowflake,2026-07
TXN-HIST-2026-07-1969,BANK-OPERATING,2026-07-09,-102900,-1029.0,USD,CrowdStrike,HIST-1969,OUT CrowdStrike,2026-07
TXN-HIST-2026-07-1970,BANK-OPERATING,2026-07-09,-107000,-1070.0,USD,Atlassian,HIST-1970,OUT Atlassian,2026-07
TXN-HIST-2026-07-1971,BANK-PAYROLL,2026-07-09,-111100,-1111.0,USD,Northline Fab Group,HIST-1971,OUT Northline Fab Group,2026-07
TXN-HIST-2026-07-1972,BANK-OPERATING,2026-07-09,-115200,-1152.0,USD,Harbor Power & Light,HIST-1972,OUT Harbor Power & Light,2026-07
TXN-HIST-2026-07-1973,BANK-OPERATING,2026-07-09,-119300,-1193.0,USD,FedEx,HIST-1973,OUT FedEx,2026-07
TXN-HIST-2026-07-1974,BANK-OPERATING,2026-07-09,-123400,-1234.0,USD,WeWork Cambridge,HIST-1974,OUT WeWork Cambridge,2026-07
TXN-HIST-2026-07-1975,BANK-OPERATING,2026-07-10,127500,1275.0,USD,Helios Hardware Supply,HIST-1975,IN Helios Hardware Supply,2026-07
TXN-HIST-2026-07-1976,BANK-OPERATING,2026-07-10,-131600,-1316.0,USD,Staples Business Advantage,HIST-1976,OUT Staples Business Advantage,2026-07
TXN-HIST-2026-07-1977,BANK-OPERATING,2026-07-10,-135700,-1357.0,USD,ADP,HIST-1977,OUT ADP,2026-07
TXN-HIST-2026-07-1978,BANK-PAYROLL,2026-07-10,-139800,-1398.0,USD,Comcast Business,HIST-1978,OUT Comcast Business,2026-07
TXN-HIST-2026-07-1979,BANK-OPERATING,2026-07-10,-143900,-1439.0,USD,CleanRoom Janitorial,HIST-1979,OUT CleanRoom Janitorial,2026-07
TXN-HIST-2026-07-1980,BANK-OPERATING,2026-07-10,-148000,-1480.0,USD,HubSpot,HIST-1980,OUT HubSpot,2026-07
TXN-HIST-2026-07-1981,BANK-OPERATING,2026-07-10,-152100,-1521.0,USD,Adyen NV,HIST-1981,OUT Adyen NV,2026-07
TXN-HIST-2026-07-1982,BANK-OPERATING,2026-07-11,156200,1562.0,USD,Pagaya Coffee Service,HIST-1982,IN Pagaya Coffee Service,2026-07
TXN-HIST-2026-07-1983,BANK-OPERATING,2026-07-11,-160300,-1603.0,USD,Kendall Square Parking,HIST-1983,OUT Kendall Square Parking,2026-07
TXN-HIST-2026-07-1984,BANK-OPERATING,2026-07-11,-164400,-1644.0,USD,Stripe Processing,HIST-1984,OUT Stripe Processing,2026-07
TXN-HIST-2026-07-1985,BANK-PAYROLL,2026-07-11,-168500,-1685.0,USD,DocuSign,HIST-1985,OUT DocuSign,2026-07
TXN-HIST-2026-07-1986,BANK-OPERATING,2026-07-11,-172600,-1726.0,USD,Boston Edison Steam,HIST-1986,OUT Boston Edison Steam,2026-07
TXN-HIST-2026-07-1987,BANK-OPERATING,2026-07-11,-176700,-1767.0,USD,Gusto Payroll,HIST-1987,OUT Gusto Payroll,2026-07
TXN-HIST-2026-07-1988,BANK-OPERATING,2026-07-11,-180800,-1808.0,USD,Linear App,HIST-1988,OUT Linear App,2026-07
TXN-HIST-2026-07-1989,BANK-OPERATING,2026-07-12,184900,1849.0,USD,Palo Alto Networks,HIST-1989,IN Palo Alto Networks,2026-07
TXN-HIST-2026-07-1990,BANK-OPERATING,2026-07-12,-189000,-1890.0,USD,Carta,HIST-1990,OUT Carta,2026-07
TXN-HIST-2026-07-1991,BANK-OPERATING,2026-07-12,-193100,-1931.0,USD,Vanta,HIST-1991,OUT Vanta,2026-07
TXN-HIST-2026-07-1992,BANK-PAYROLL,2026-07-12,-197200,-1972.0,USD,Northwood Supply,HIST-1992,OUT Northwood Supply,2026-07
TXN-HIST-2026-07-1993,BANK-OPERATING,2026-07-12,-201300,-2013.0,USD,Teak Partners,HIST-1993,OUT Teak Partners,2026-07
TXN-HIST-2026-07-1994,BANK-OPERATING,2026-07-12,-205400,-2054.0,USD,Beacon Components,HIST-1994,OUT Beacon Components,2026-07
TXN-HIST-2026-07-1995,BANK-OPERATING,2026-07-12,-209500,-2095.0,USD,Harbor Studio,HIST-1995,OUT Harbor Studio,2026-07
TXN-HIST-2026-07-1996,BANK-OPERATING,2026-07-13,213600,2136.0,USD,Quince Labs,HIST-1996,IN Quince Labs,2026-07
TXN-HIST-2026-07-1997,BANK-OPERATING,2026-07-13,-217700,-2177.0,USD,Walnut Works,HIST-1997,OUT Walnut Works,2026-07
TXN-HIST-2026-07-1998,BANK-OPERATING,2026-07-13,-221800,-2218.0,USD,Echo Network,HIST-1998,OUT Echo Network,2026-07
TXN-HIST-2026-07-1999,BANK-PAYROLL,2026-07-13,-225900,-2259.0,USD,Keel Group,HIST-1999,OUT Keel Group,2026-07
TXN-HIST-2026-07-2000,BANK-OPERATING,2026-07-13,-230000,-2300.0,USD,Quarry Services,HIST-2000,OUT Quarry Services,2026-07
TXN-HIST-2026-07-2001,BANK-OPERATING,2026-07-13,-234100,-2341.0,USD,Wharf Labs,HIST-2001,OUT Wharf Labs,2026-07
TXN-HIST-2026-07-2002,BANK-OPERATING,2026-07-13,-238200,-2382.0,USD,Driftwood Works,HIST-2002,OUT Driftwood Works,2026-07
TXN-HIST-2026-07-2003,BANK-OPERATING,2026-07-14,242300,2423.0,USD,Nimbus Systems,HIST-2003,IN Nimbus Systems,2026-07
TXN-HIST-2026-07-2004,BANK-OPERATING,2026-07-14,-246400,-2464.0,USD,Timber Supply,HIST-2004,OUT Timber Supply,2026-07
TXN-HIST-2026-07-2005,BANK-OPERATING,2026-07-14,-250500,-2505.0,USD,Alder Partners,HIST-2005,OUT Alder Partners,2026-07
TXN-HIST-2026-07-2006,BANK-PAYROLL,2026-07-14,-254600,-2546.0,USD,Ginkgo Components,HIST-2006,OUT Ginkgo Components,2026-07
TXN-HIST-2026-07-2007,BANK-OPERATING,2026-07-14,-258700,-2587.0,USD,Northwood Studio,HIST-2007,OUT Northwood Studio,2026-07
TXN-HIST-2026-07-2008,BANK-OPERATING,2026-07-14,-262800,-2628.0,USD,Teak Systems,HIST-2008,OUT Teak Systems,2026-07
TXN-HIST-2026-07-2009,BANK-OPERATING,2026-07-14,-266900,-2669.0,USD,Beacon Supply,HIST-2009,OUT Beacon Supply,2026-07
TXN-HIST-2026-07-2010,BANK-OPERATING,2026-07-15,271000,2710.0,USD,Juniper Network,HIST-2010,IN Juniper Network,2026-07
TXN-HIST-2026-07-2011,BANK-OPERATING,2026-07-15,-275100,-2751.0,USD,Quince Group,HIST-2011,OUT Quince Group,2026-07
TXN-HIST-2026-07-2012,BANK-OPERATING,2026-07-15,-279200,-2792.0,USD,Walnut Services,HIST-2012,OUT Walnut Services,2026-07
TXN-HIST-2026-07-2013,BANK-PAYROLL,2026-07-15,-283300,-2833.0,USD,Echo Labs,HIST-2013,OUT Echo Labs,2026-07
TXN-HIST-2026-07-2014,BANK-OPERATING,2026-07-15,-287400,-2874.0,USD,Keel Works,HIST-2014,OUT Keel Works,2026-07
TXN-HIST-2026-07-2015,BANK-OPERATING,2026-07-15,-291500,-2915.0,USD,Quarry Network,HIST-2015,OUT Quarry Network,2026-07
TXN-HIST-2026-07-2016,BANK-OPERATING,2026-07-15,-295600,-2956.0,USD,Wharf Group,HIST-2016,OUT Wharf Group,2026-07
TXN-HIST-2026-07-2017,BANK-OPERATING,2026-07-16,299700,2997.0,USD,Harbor Partners,HIST-2017,IN Harbor Partners,2026-07
TXN-HIST-2026-07-2018,BANK-OPERATING,2026-07-16,-303800,-3038.0,USD,Nimbus Components,HIST-2018,OUT Nimbus Components,2026-07
TXN-HIST-2026-07-2019,BANK-OPERATING,2026-07-16,-307900,-3079.0,USD,Timber Studio,HIST-2019,OUT Timber Studio,2026-07
TXN-HIST-2026-07-2020,BANK-PAYROLL,2026-07-16,-312000,-3120.0,USD,Alder Systems,HIST-2020,OUT Alder Systems,2026-07
TXN-HIST-2026-07-2021,BANK-OPERATING,2026-07-16,-316100,-3161.0,USD,Ginkgo Supply,HIST-2021,OUT Ginkgo Supply,2026-07
TXN-HIST-2026-07-2022,BANK-OPERATING,2026-07-16,-320200,-3202.0,USD,Northwood Partners,HIST-2022,OUT Northwood Partners,2026-07
TXN-HIST-2026-07-2023,BANK-OPERATING,2026-07-16,-324300,-3243.0,USD,Teak Components,HIST-2023,OUT Teak Components,2026-07
TXN-HIST-2026-07-2024,BANK-OPERATING,2026-07-17,328400,3284.0,USD,Driftwood Services,HIST-2024,IN Driftwood Services,2026-07
TXN-HIST-2026-07-2025,BANK-OPERATING,2026-07-17,-332500,-3325.0,USD,Juniper Labs,HIST-2025,OUT Juniper Labs,2026-07
TXN-HIST-2026-07-2026,BANK-OPERATING,2026-07-17,-336600,-3366.0,USD,Quince Works,HIST-2026,OUT Quince Works,2026-07
TXN-HIST-2026-07-2027,BANK-PAYROLL,2026-07-17,-340700,-3407.0,USD,Walnut Network,HIST-2027,OUT Walnut Network,2026-07
TXN-HIST-2026-07-2028,BANK-OPERATING,2026-07-17,-344800,-3448.0,USD,Echo Group,HIST-2028,OUT Echo Group,2026-07
TXN-HIST-2026-07-2029,BANK-OPERATING,2026-07-17,-348900,-3489.0,USD,Keel Services,HIST-2029,OUT Keel Services,2026-07
TXN-HIST-2026-07-2030,BANK-OPERATING,2026-07-17,-353000,-3530.0,USD,Quarry Labs,HIST-2030,OUT Quarry Labs,2026-07
TXN-HIST-2026-07-2031,BANK-OPERATING,2026-07-18,357100,3571.0,USD,Beacon Studio,HIST-2031,IN Beacon Studio,2026-07
TXN-HIST-2026-07-2032,BANK-OPERATING,2026-07-18,-361200,-3612.0,USD,Harbor Systems,HIST-2032,OUT Harbor Systems,2026-07
TXN-HIST-2026-07-2033,BANK-OPERATING,2026-07-18,-365300,-3653.0,USD,Nimbus Supply,HIST-2033,OUT Nimbus Supply,2026-07
TXN-HIST-2026-07-2034,BANK-PAYROLL,2026-07-18,-369400,-3694.0,USD,Timber Partners,HIST-2034,OUT Timber Partners,2026-07
TXN-HIST-2026-07-2035,BANK-OPERATING,2026-07-18,-373500,-3735.0,USD,Alder Components,HIST-2035,OUT Alder Components,2026-07
TXN-HIST-2026-07-2036,BANK-OPERATING,2026-07-18,-377600,-3776.0,USD,Ginkgo Studio,HIST-2036,OUT Ginkgo Studio,2026-07
TXN-HIST-2026-07-2037,BANK-OPERATING,2026-07-18,-381700,-3817.0,USD,Northwood Systems,HIST-2037,OUT Northwood Systems,2026-07
TXN-HIST-2026-07-2038,BANK-OPERATING,2026-07-19,385800,3858.0,USD,Wharf Works,HIST-2038,IN Wharf Works,2026-07
TXN-HIST-2026-07-2039,BANK-OPERATING,2026-07-19,-389900,-3899.0,USD,Driftwood Network,HIST-2039,OUT Driftwood Network,2026-07
TXN-HIST-2026-07-2040,BANK-OPERATING,2026-07-19,-394000,-3940.0,USD,Juniper Group,HIST-2040,OUT Juniper Group,2026-07
TXN-HIST-2026-07-2041,BANK-PAYROLL,2026-07-19,-398100,-3981.0,USD,Quince Services,HIST-2041,OUT Quince Services,2026-07
TXN-HIST-2026-07-2042,BANK-OPERATING,2026-07-19,-402200,-4022.0,USD,Walnut Labs,HIST-2042,OUT Walnut Labs,2026-07
TXN-HIST-2026-07-2043,BANK-OPERATING,2026-07-19,-406300,-4063.0,USD,Echo Works,HIST-2043,OUT Echo Works,2026-07
TXN-HIST-2026-07-2044,BANK-OPERATING,2026-07-19,-410400,-4104.0,USD,Keel Network,HIST-2044,OUT Keel Network,2026-07
TXN-HIST-2026-07-2045,BANK-OPERATING,2026-07-20,414500,4145.0,USD,Teak Supply,HIST-2045,IN Teak Supply,2026-07
TXN-HIST-2026-07-2046,BANK-OPERATING,2026-07-20,-418600,-4186.0,USD,Beacon Partners,HIST-2046,OUT Beacon Partners,2026-07
TXN-HIST-2026-07-2047,BANK-OPERATING,2026-07-20,-422700,-4227.0,USD,Harbor Components,HIST-2047,OUT Harbor Components,2026-07
TXN-HIST-2026-07-2048,BANK-PAYROLL,2026-07-20,-426800,-4268.0,USD,Nimbus Studio,HIST-2048,OUT Nimbus Studio,2026-07
TXN-HIST-2026-07-2049,BANK-OPERATING,2026-07-20,-430900,-4309.0,USD,Timber Systems,HIST-2049,OUT Timber Systems,2026-07
TXN-HIST-2026-07-2050,BANK-OPERATING,2026-07-20,-435000,-4350.0,USD,Alder Supply,HIST-2050,OUT Alder Supply,2026-07
TXN-HIST-2026-07-2051,BANK-OPERATING,2026-07-20,-439100,-4391.0,USD,Ginkgo Partners,HIST-2051,OUT Ginkgo Partners,2026-07
TXN-HIST-2026-07-2052,BANK-OPERATING,2026-07-21,443200,4432.0,USD,Quarry Group,HIST-2052,IN Quarry Group,2026-07
TXN-HIST-2026-07-2053,BANK-OPERATING,2026-07-21,-447300,-4473.0,USD,Wharf Services,HIST-2053,OUT Wharf Services,2026-07
TXN-HIST-2026-07-2054,BANK-OPERATING,2026-07-21,-451400,-4514.0,USD,Driftwood Labs,HIST-2054,OUT Driftwood Labs,2026-07
TXN-HIST-2026-07-2055,BANK-PAYROLL,2026-07-21,-455500,-4555.0,USD,Juniper Works,HIST-2055,OUT Juniper Works,2026-07
TXN-HIST-2026-07-2056,BANK-OPERATING,2026-07-21,-459600,-4596.0,USD,Quince Network,HIST-2056,OUT Quince Network,2026-07
TXN-HIST-2026-07-2057,BANK-OPERATING,2026-07-21,-463700,-4637.0,USD,Walnut Group,HIST-2057,OUT Walnut Group,2026-07
TXN-HIST-2026-07-2058,BANK-OPERATING,2026-07-21,-467800,-4678.0,USD,Echo Services,HIST-2058,OUT Echo Services,2026-07
TXN-HIST-2026-07-2059,BANK-OPERATING,2026-07-22,471900,4719.0,USD,Northwood Components,HIST-2059,IN Northwood Components,2026-07
TXN-HIST-2026-07-2060,BANK-OPERATING,2026-07-22,-476000,-4760.0,USD,Teak Studio,HIST-2060,OUT Teak Studio,2026-07
TXN-HIST-2026-07-2061,BANK-OPERATING,2026-07-22,-480100,-4801.0,USD,Beacon Systems,HIST-2061,OUT Beacon Systems,2026-07
TXN-HIST-2026-07-2062,BANK-PAYROLL,2026-07-22,-484200,-4842.0,USD,Harbor Supply,HIST-2062,OUT Harbor Supply,2026-07
TXN-HIST-2026-07-2063,BANK-OPERATING,2026-07-22,-488300,-4883.0,USD,Nimbus Partners,HIST-2063,OUT Nimbus Partners,2026-07
TXN-HIST-2026-07-2064,BANK-OPERATING,2026-07-22,-492400,-4924.0,USD,Timber Components,HIST-2064,OUT Timber Components,2026-07
TXN-HIST-2026-07-2065,BANK-OPERATING,2026-07-22,-496500,-4965.0,USD,Alder Studio,HIST-2065,OUT Alder Studio,2026-07
TXN-HIST-2026-07-2066,BANK-OPERATING,2026-07-23,500600,5006.0,USD,Keel Labs,HIST-2066,IN Keel Labs,2026-07
TXN-HIST-2026-07-2067,BANK-OPERATING,2026-07-23,-504700,-5047.0,USD,Quarry Works,HIST-2067,OUT Quarry Works,2026-07
TXN-HIST-2026-07-2068,BANK-OPERATING,2026-07-23,-508800,-5088.0,USD,Wharf Network,HIST-2068,OUT Wharf Network,2026-07
TXN-HIST-2026-07-2069,BANK-PAYROLL,2026-07-23,-512900,-5129.0,USD,Driftwood Group,HIST-2069,OUT Driftwood Group,2026-07
TXN-HIST-2026-07-2070,BANK-OPERATING,2026-07-23,-517000,-5170.0,USD,Juniper Services,HIST-2070,OUT Juniper Services,2026-07
TXN-HIST-2026-07-2071,BANK-OPERATING,2026-07-23,-521100,-5211.0,USD,Quince Labs,HIST-2071,OUT Quince Labs,2026-07
TXN-HIST-2026-07-2072,BANK-OPERATING,2026-07-23,-525200,-5252.0,USD,Walnut Works,HIST-2072,OUT Walnut Works,2026-07
TXN-HIST-2026-07-2073,BANK-OPERATING,2026-07-24,529300,5293.0,USD,Ginkgo Systems,HIST-2073,IN Ginkgo Systems,2026-07
TXN-HIST-2026-07-2074,BANK-OPERATING,2026-07-24,-533400,-5334.0,USD,Northwood Supply,HIST-2074,OUT Northwood Supply,2026-07
TXN-HIST-2026-07-2075,BANK-OPERATING,2026-07-24,-537500,-5375.0,USD,Teak Partners,HIST-2075,OUT Teak Partners,2026-07
TXN-HIST-2026-07-2076,BANK-PAYROLL,2026-07-24,-541600,-5416.0,USD,Beacon Components,HIST-2076,OUT Beacon Components,2026-07
TXN-HIST-2026-07-2077,BANK-OPERATING,2026-07-24,-545700,-5457.0,USD,Harbor Studio,HIST-2077,OUT Harbor Studio,2026-07
TXN-HIST-2026-07-2078,BANK-OPERATING,2026-07-24,-549800,-5498.0,USD,Nimbus Systems,HIST-2078,OUT Nimbus Systems,2026-07
TXN-HIST-2026-07-2079,BANK-OPERATING,2026-07-24,-553900,-5539.0,USD,Timber Supply,HIST-2079,OUT Timber Supply,2026-07
TXN-HIST-2026-07-2080,BANK-OPERATING,2026-07-25,558000,5580.0,USD,Echo Network,HIST-2080,IN Echo Network,2026-07
TXN-HIST-2026-07-2081,BANK-OPERATING,2026-07-25,-562100,-5621.0,USD,Keel Group,HIST-2081,OUT Keel Group,2026-07
TXN-HIST-2026-07-2082,BANK-OPERATING,2026-07-25,-566200,-5662.0,USD,Quarry Services,HIST-2082,OUT Quarry Services,2026-07
TXN-HIST-2026-07-2083,BANK-PAYROLL,2026-07-25,-570300,-5703.0,USD,Wharf Labs,HIST-2083,OUT Wharf Labs,2026-07
TXN-HIST-2026-07-2084,BANK-OPERATING,2026-07-25,-574400,-5744.0,USD,Driftwood Works,HIST-2084,OUT Driftwood Works,2026-07
TXN-HIST-2026-07-2085,BANK-OPERATING,2026-07-25,-578500,-5785.0,USD,Juniper Network,HIST-2085,OUT Juniper Network,2026-07
TXN-HIST-2026-07-2086,BANK-OPERATING,2026-07-25,-582600,-5826.0,USD,Quince Group,HIST-2086,OUT Quince Group,2026-07
TXN-HIST-2026-07-2087,BANK-OPERATING,2026-07-26,586700,5867.0,USD,Alder Partners,HIST-2087,IN Alder Partners,2026-07
TXN-HIST-2026-07-2088,BANK-OPERATING,2026-07-26,-590800,-5908.0,USD,Ginkgo Components,HIST-2088,OUT Ginkgo Components,2026-07
TXN-HIST-2026-07-2089,BANK-OPERATING,2026-07-26,-594900,-5949.0,USD,Northwood Studio,HIST-2089,OUT Northwood Studio,2026-07
TXN-HIST-2026-07-2090,BANK-PAYROLL,2026-07-26,-599000,-5990.0,USD,Teak Systems,HIST-2090,OUT Teak Systems,2026-07
TXN-HIST-2026-07-2091,BANK-OPERATING,2026-07-26,-603100,-6031.0,USD,Beacon Supply,HIST-2091,OUT Beacon Supply,2026-07
TXN-HIST-2026-07-2092,BANK-OPERATING,2026-07-26,-607200,-6072.0,USD,Harbor Partners,HIST-2092,OUT Harbor Partners,2026-07
TXN-HIST-2026-07-2093,BANK-OPERATING,2026-07-26,-611300,-6113.0,USD,Nimbus Components,HIST-2093,OUT Nimbus Components,2026-07
TXN-HIST-2026-07-2094,BANK-OPERATING,2026-07-27,615400,6154.0,USD,Walnut Services,HIST-2094,IN Walnut Services,2026-07
TXN-HIST-2026-07-2095,BANK-OPERATING,2026-07-27,-619500,-6195.0,USD,Echo Labs,HIST-2095,OUT Echo Labs,2026-07
TXN-HIST-2026-07-2096,BANK-OPERATING,2026-07-27,-623600,-6236.0,USD,Keel Works,HIST-2096,OUT Keel Works,2026-07
TXN-HIST-2026-07-2097,BANK-PAYROLL,2026-07-27,-627700,-6277.0,USD,Quarry Network,HIST-2097,OUT Quarry Network,2026-07
TXN-HIST-2026-07-2098,BANK-OPERATING,2026-07-27,-631800,-6318.0,USD,Wharf Group,HIST-2098,OUT Wharf Group,2026-07
TXN-HIST-2026-07-2099,BANK-OPERATING,2026-07-27,-635900,-6359.0,USD,Driftwood Services,HIST-2099,OUT Driftwood Services,2026-07
TXN-HIST-2026-07-2100,BANK-OPERATING,2026-07-27,-640000,-6400.0,USD,Juniper Labs,HIST-2100,OUT Juniper Labs,2026-07
TXN-HIST-2026-07-2101,BANK-OPERATING,2026-07-28,644100,6441.0,USD,Timber Studio,HIST-2101,IN Timber Studio,2026-07
TXN-HIST-2026-07-2102,BANK-OPERATING,2026-07-28,-648200,-6482.0,USD,Alder Systems,HIST-2102,OUT Alder Systems,2026-07
TXN-HIST-2026-07-2103,BANK-OPERATING,2026-07-28,-652300,-6523.0,USD,Ginkgo Supply,HIST-2103,OUT Ginkgo Supply,2026-07
TXN-HIST-2026-07-2104,BANK-PAYROLL,2026-07-28,-656400,-6564.0,USD,Northwood Partners,HIST-2104,OUT Northwood Partners,2026-07
TXN-HIST-2026-07-2105,BANK-OPERATING,2026-07-28,-660500,-6605.0,USD,Teak Components,HIST-2105,OUT Teak Components,2026-07
TXN-HIST-2026-07-2106,BANK-OPERATING,2026-07-28,-664600,-6646.0,USD,Beacon Studio,HIST-2106,OUT Beacon Studio,2026-07
TXN-HIST-2026-07-2107,BANK-OPERATING,2026-07-28,-668700,-6687.0,USD,Harbor Systems,HIST-2107,OUT Harbor Systems,2026-07
TXN-HIST-2026-07-2108,BANK-OPERATING,2026-07-29,672800,6728.0,USD,Quince Works,HIST-2108,IN Quince Works,2026-07
TXN-HIST-2026-07-2109,BANK-OPERATING,2026-07-29,-676900,-6769.0,USD,Walnut Network,HIST-2109,OUT Walnut Network,2026-07
TXN-HIST-2026-07-2110,BANK-OPERATING,2026-07-29,-681000,-6810.0,USD,Echo Group,HIST-2110,OUT Echo Group,2026-07
TXN-HIST-2026-07-2111,BANK-PAYROLL,2026-07-29,-685100,-6851.0,USD,Keel Services,HIST-2111,OUT Keel Services,2026-07
TXN-HIST-2026-07-2112,BANK-OPERATING,2026-07-29,-689200,-6892.0,USD,Quarry Labs,HIST-2112,OUT Quarry Labs,2026-07
TXN-HIST-2026-07-2113,BANK-OPERATING,2026-07-29,-693300,-6933.0,USD,Wharf Works,HIST-2113,OUT Wharf Works,2026-07
TXN-HIST-2026-07-2114,BANK-OPERATING,2026-07-29,-697400,-6974.0,USD,Driftwood Network,HIST-2114,OUT Driftwood Network,2026-07
TXN-HIST-2026-07-2115,BANK-OPERATING,2026-07-30,701500,7015.0,USD,Nimbus Supply,HIST-2115,IN Nimbus Supply,2026-07
TXN-HIST-2026-07-2116,BANK-OPERATING,2026-07-30,-705600,-7056.0,USD,Timber Partners,HIST-2116,OUT Timber Partners,2026-07
TXN-HIST-2026-07-2117,BANK-OPERATING,2026-07-30,-709700,-7097.0,USD,Alder Components,HIST-2117,OUT Alder Components,2026-07
TXN-HIST-2026-07-2118,BANK-PAYROLL,2026-07-30,-93800,-938.0,USD,Ginkgo Studio,HIST-2118,OUT Ginkgo Studio,2026-07
TXN-HIST-2026-07-2119,BANK-OPERATING,2026-07-30,-97900,-979.0,USD,Northwood Systems,HIST-2119,OUT Northwood Systems,2026-07
TXN-HIST-2026-07-2120,BANK-OPERATING,2026-07-30,-102000,-1020.0,USD,Teak Supply,HIST-2120,OUT Teak Supply,2026-07
TXN-HIST-2026-07-2121,BANK-OPERATING,2026-07-30,-106100,-1061.0,USD,Beacon Partners,HIST-2121,OUT Beacon Partners,2026-07
TXN-HIST-2026-07-2122,BANK-OPERATING,2026-07-31,110200,1102.0,USD,Juniper Group,HIST-2122,IN Juniper Group,2026-07
TXN-HIST-2026-07-2123,BANK-OPERATING,2026-07-31,-114300,-1143.0,USD,Quince Services,HIST-2123,OUT Quince Services,2026-07
TXN-HIST-2026-07-2124,BANK-OPERATING,2026-07-31,-118400,-1184.0,USD,Walnut Labs,HIST-2124,OUT Walnut Labs,2026-07
TXN-HIST-2026-07-2125,BANK-PAYROLL,2026-07-31,-122500,-1225.0,USD,Echo Works,HIST-2125,OUT Echo Works,2026-07
TXN-HIST-2026-07-2126,BANK-OPERATING,2026-07-31,-126600,-1266.0,USD,Keel Network,HIST-2126,OUT Keel Network,2026-07
TXN-HIST-2026-07-2127,BANK-OPERATING,2026-07-31,-130700,-1307.0,USD,Quarry Group,HIST-2127,OUT Quarry Group,2026-07
TXN-HIST-2026-07-2128,BANK-OPERATING,2026-07-31,-134800,-1348.0,USD,Wharf Services,HIST-2128,OUT Wharf Services,2026-07
TXN-HIST-2026-08-2129,BANK-OPERATING,2026-08-01,138900,1389.0,USD,Harbor Components,HIST-2129,IN Harbor Components,2026-08
TXN-HIST-2026-08-2130,BANK-OPERATING,2026-08-01,-143000,-1430.0,USD,Nimbus Studio,HIST-2130,OUT Nimbus Studio,2026-08
TXN-HIST-2026-08-2131,BANK-OPERATING,2026-08-01,-147100,-1471.0,USD,Timber Systems,HIST-2131,OUT Timber Systems,2026-08
TXN-HIST-2026-08-2132,BANK-PAYROLL,2026-08-01,-151200,-1512.0,USD,Alder Supply,HIST-2132,OUT Alder Supply,2026-08
TXN-HIST-2026-08-2133,BANK-OPERATING,2026-08-01,-155300,-1553.0,USD,Ginkgo Partners,HIST-2133,OUT Ginkgo Partners,2026-08
TXN-HIST-2026-08-2134,BANK-OPERATING,2026-08-01,-159400,-1594.0,USD,Northwood Components,HIST-2134,OUT Northwood Components,2026-08
TXN-HIST-2026-08-2135,BANK-OPERATING,2026-08-01,-163500,-1635.0,USD,Teak Studio,HIST-2135,OUT Teak Studio,2026-08
TXN-HIST-2026-08-2136,BANK-OPERATING,2026-08-02,167600,1676.0,USD,Driftwood Labs,HIST-2136,IN Driftwood Labs,2026-08
TXN-HIST-2026-08-2137,BANK-OPERATING,2026-08-02,-171700,-1717.0,USD,Juniper Works,HIST-2137,OUT Juniper Works,2026-08
TXN-HIST-2026-08-2138,BANK-OPERATING,2026-08-02,-175800,-1758.0,USD,Quince Network,HIST-2138,OUT Quince Network,2026-08
TXN-HIST-2026-08-2139,BANK-PAYROLL,2026-08-02,-179900,-1799.0,USD,Walnut Group,HIST-2139,OUT Walnut Group,2026-08
TXN-HIST-2026-08-2140,BANK-OPERATING,2026-08-02,-184000,-1840.0,USD,Echo Services,HIST-2140,OUT Echo Services,2026-08
TXN-HIST-2026-08-2141,BANK-OPERATING,2026-08-02,-188100,-1881.0,USD,Keel Labs,HIST-2141,OUT Keel Labs,2026-08
TXN-HIST-2026-08-2142,BANK-OPERATING,2026-08-02,-192200,-1922.0,USD,Quarry Works,HIST-2142,OUT Quarry Works,2026-08
TXN-HIST-2026-08-2143,BANK-OPERATING,2026-08-03,196300,1963.0,USD,Beacon Systems,HIST-2143,IN Beacon Systems,2026-08
TXN-HIST-2026-08-2144,BANK-OPERATING,2026-08-03,-200400,-2004.0,USD,Harbor Supply,HIST-2144,OUT Harbor Supply,2026-08
TXN-HIST-2026-08-2145,BANK-OPERATING,2026-08-03,-204500,-2045.0,USD,Nimbus Partners,HIST-2145,OUT Nimbus Partners,2026-08
TXN-HIST-2026-08-2146,BANK-PAYROLL,2026-08-03,-208600,-2086.0,USD,Timber Components,HIST-2146,OUT Timber Components,2026-08
TXN-HIST-2026-08-2147,BANK-OPERATING,2026-08-03,-212700,-2127.0,USD,Alder Studio,HIST-2147,OUT Alder Studio,2026-08
TXN-HIST-2026-08-2148,BANK-OPERATING,2026-08-03,-216800,-2168.0,USD,Ginkgo Systems,HIST-2148,OUT Ginkgo Systems,2026-08
TXN-HIST-2026-08-2149,BANK-OPERATING,2026-08-03,-220900,-2209.0,USD,Northwood Supply,HIST-2149,OUT Northwood Supply,2026-08
TXN-HIST-2026-08-2150,BANK-OPERATING,2026-08-04,225000,2250.0,USD,Wharf Network,HIST-2150,IN Wharf Network,2026-08
TXN-HIST-2026-08-2151,BANK-OPERATING,2026-08-04,-229100,-2291.0,USD,Driftwood Group,HIST-2151,OUT Driftwood Group,2026-08
TXN-HIST-2026-08-2152,BANK-OPERATING,2026-08-04,-233200,-2332.0,USD,Juniper Services,HIST-2152,OUT Juniper Services,2026-08
TXN-HIST-2026-08-2153,BANK-PAYROLL,2026-08-04,-237300,-2373.0,USD,Quince Labs,HIST-2153,OUT Quince Labs,2026-08
TXN-HIST-2026-08-2154,BANK-OPERATING,2026-08-04,-241400,-2414.0,USD,Walnut Works,HIST-2154,OUT Walnut Works,2026-08
TXN-HIST-2026-08-2155,BANK-OPERATING,2026-08-04,-245500,-2455.0,USD,Echo Network,HIST-2155,OUT Echo Network,2026-08
TXN-HIST-2026-08-2156,BANK-OPERATING,2026-08-04,-249600,-2496.0,USD,Keel Group,HIST-2156,OUT Keel Group,2026-08
TXN-HIST-2026-08-2157,BANK-OPERATING,2026-08-05,253700,2537.0,USD,Teak Partners,HIST-2157,IN Teak Partners,2026-08
TXN-HIST-2026-08-2158,BANK-OPERATING,2026-08-05,-257800,-2578.0,USD,Beacon Components,HIST-2158,OUT Beacon Components,2026-08
TXN-HIST-2026-08-2159,BANK-OPERATING,2026-08-05,-261900,-2619.0,USD,Harbor Studio,HIST-2159,OUT Harbor Studio,2026-08
TXN-HIST-2026-08-2160,BANK-PAYROLL,2026-08-05,-266000,-2660.0,USD,Nimbus Systems,HIST-2160,OUT Nimbus Systems,2026-08
TXN-HIST-2026-08-2161,BANK-OPERATING,2026-08-05,-270100,-2701.0,USD,Timber Supply,HIST-2161,OUT Timber Supply,2026-08
TXN-HIST-2026-08-2162,BANK-OPERATING,2026-08-05,-274200,-2742.0,USD,Alder Partners,HIST-2162,OUT Alder Partners,2026-08
TXN-HIST-2026-08-2163,BANK-OPERATING,2026-08-05,-278300,-2783.0,USD,Ginkgo Components,HIST-2163,OUT Ginkgo Components,2026-08
TXN-HIST-2026-08-2164,BANK-OPERATING,2026-08-06,282400,2824.0,USD,Quarry Services,HIST-2164,IN Quarry Services,2026-08
TXN-HIST-2026-08-2165,BANK-OPERATING,2026-08-06,-286500,-2865.0,USD,Wharf Labs,HIST-2165,OUT Wharf Labs,2026-08
TXN-HIST-2026-08-2166,BANK-OPERATING,2026-08-06,-290600,-2906.0,USD,Driftwood Works,HIST-2166,OUT Driftwood Works,2026-08
TXN-HIST-2026-08-2167,BANK-PAYROLL,2026-08-06,-294700,-2947.0,USD,Juniper Network,HIST-2167,OUT Juniper Network,2026-08
TXN-HIST-2026-08-2168,BANK-OPERATING,2026-08-06,-298800,-2988.0,USD,Quince Group,HIST-2168,OUT Quince Group,2026-08
TXN-HIST-2026-08-2169,BANK-OPERATING,2026-08-06,-302900,-3029.0,USD,Walnut Services,HIST-2169,OUT Walnut Services,2026-08
TXN-HIST-2026-08-2170,BANK-OPERATING,2026-08-06,-307000,-3070.0,USD,Echo Labs,HIST-2170,OUT Echo Labs,2026-08
TXN-HIST-2026-08-2171,BANK-OPERATING,2026-08-07,311100,3111.0,USD,Northwood Studio,HIST-2171,IN Northwood Studio,2026-08
TXN-HIST-2026-08-2172,BANK-OPERATING,2026-08-07,-315200,-3152.0,USD,Teak Systems,HIST-2172,OUT Teak Systems,2026-08
TXN-HIST-2026-08-2173,BANK-OPERATING,2026-08-07,-319300,-3193.0,USD,Beacon Supply,HIST-2173,OUT Beacon Supply,2026-08
TXN-HIST-2026-08-2174,BANK-PAYROLL,2026-08-07,-323400,-3234.0,USD,Harbor Partners,HIST-2174,OUT Harbor Partners,2026-08
TXN-HIST-2026-08-2175,BANK-OPERATING,2026-08-07,-327500,-3275.0,USD,Nimbus Components,HIST-2175,OUT Nimbus Components,2026-08
TXN-HIST-2026-08-2176,BANK-OPERATING,2026-08-07,-331600,-3316.0,USD,Timber Studio,HIST-2176,OUT Timber Studio,2026-08
TXN-HIST-2026-08-2177,BANK-OPERATING,2026-08-07,-335700,-3357.0,USD,Alder Systems,HIST-2177,OUT Alder Systems,2026-08
TXN-HIST-2026-08-2178,BANK-OPERATING,2026-08-08,339800,3398.0,USD,Keel Works,HIST-2178,IN Keel Works,2026-08
TXN-HIST-2026-08-2179,BANK-OPERATING,2026-08-08,-343900,-3439.0,USD,Quarry Network,HIST-2179,OUT Quarry Network,2026-08
TXN-HIST-2026-08-2180,BANK-OPERATING,2026-08-08,-348000,-3480.0,USD,Wharf Group,HIST-2180,OUT Wharf Group,2026-08
TXN-HIST-2026-08-2181,BANK-PAYROLL,2026-08-08,-352100,-3521.0,USD,Driftwood Services,HIST-2181,OUT Driftwood Services,2026-08
TXN-HIST-2026-08-2182,BANK-OPERATING,2026-08-08,-356200,-3562.0,USD,Juniper Labs,HIST-2182,OUT Juniper Labs,2026-08
TXN-HIST-2026-08-2183,BANK-OPERATING,2026-08-08,-360300,-3603.0,USD,Quince Works,HIST-2183,OUT Quince Works,2026-08
TXN-HIST-2026-08-2184,BANK-OPERATING,2026-08-08,-364400,-3644.0,USD,Walnut Network,HIST-2184,OUT Walnut Network,2026-08
TXN-HIST-2026-08-2185,BANK-OPERATING,2026-08-09,368500,3685.0,USD,Ginkgo Supply,HIST-2185,IN Ginkgo Supply,2026-08
TXN-HIST-2026-08-2186,BANK-OPERATING,2026-08-09,-372600,-3726.0,USD,Northwood Partners,HIST-2186,OUT Northwood Partners,2026-08
TXN-HIST-2026-08-2187,BANK-OPERATING,2026-08-09,-376700,-3767.0,USD,Teak Components,HIST-2187,OUT Teak Components,2026-08
TXN-HIST-2026-08-2188,BANK-PAYROLL,2026-08-09,-380800,-3808.0,USD,Beacon Studio,HIST-2188,OUT Beacon Studio,2026-08
TXN-HIST-2026-08-2189,BANK-OPERATING,2026-08-09,-384900,-3849.0,USD,Harbor Systems,HIST-2189,OUT Harbor Systems,2026-08
TXN-HIST-2026-08-2190,BANK-OPERATING,2026-08-09,-389000,-3890.0,USD,Nimbus Supply,HIST-2190,OUT Nimbus Supply,2026-08
TXN-HIST-2026-08-2191,BANK-OPERATING,2026-08-09,-393100,-3931.0,USD,Timber Partners,HIST-2191,OUT Timber Partners,2026-08
TXN-HIST-2026-08-2192,BANK-OPERATING,2026-08-10,397200,3972.0,USD,Echo Group,HIST-2192,IN Echo Group,2026-08
TXN-HIST-2026-08-2193,BANK-OPERATING,2026-08-10,-401300,-4013.0,USD,Keel Services,HIST-2193,OUT Keel Services,2026-08
TXN-HIST-2026-08-2194,BANK-OPERATING,2026-08-10,-405400,-4054.0,USD,Quarry Labs,HIST-2194,OUT Quarry Labs,2026-08
TXN-HIST-2026-08-2195,BANK-PAYROLL,2026-08-10,-409500,-4095.0,USD,Wharf Works,HIST-2195,OUT Wharf Works,2026-08
TXN-HIST-2026-08-2196,BANK-OPERATING,2026-08-10,-413600,-4136.0,USD,Driftwood Network,HIST-2196,OUT Driftwood Network,2026-08
TXN-HIST-2026-08-2197,BANK-OPERATING,2026-08-10,-417700,-4177.0,USD,Juniper Group,HIST-2197,OUT Juniper Group,2026-08
TXN-HIST-2026-08-2198,BANK-OPERATING,2026-08-10,-421800,-4218.0,USD,Quince Services,HIST-2198,OUT Quince Services,2026-08
TXN-HIST-2026-08-2199,BANK-OPERATING,2026-08-11,425900,4259.0,USD,Alder Components,HIST-2199,IN Alder Components,2026-08
TXN-HIST-2026-08-2200,BANK-OPERATING,2026-08-11,-430000,-4300.0,USD,Ginkgo Studio,HIST-2200,OUT Ginkgo Studio,2026-08
TXN-HIST-2026-08-2201,BANK-OPERATING,2026-08-11,-434100,-4341.0,USD,Northwood Systems,HIST-2201,OUT Northwood Systems,2026-08
TXN-HIST-2026-08-2202,BANK-PAYROLL,2026-08-11,-438200,-4382.0,USD,Teak Supply,HIST-2202,OUT Teak Supply,2026-08
TXN-HIST-2026-08-2203,BANK-OPERATING,2026-08-11,-442300,-4423.0,USD,Beacon Partners,HIST-2203,OUT Beacon Partners,2026-08
TXN-HIST-2026-08-2204,BANK-OPERATING,2026-08-11,-446400,-4464.0,USD,Harbor Components,HIST-2204,OUT Harbor Components,2026-08
TXN-HIST-2026-08-2205,BANK-OPERATING,2026-08-11,-450500,-4505.0,USD,Nimbus Studio,HIST-2205,OUT Nimbus Studio,2026-08
TXN-HIST-2026-08-2206,BANK-OPERATING,2026-08-12,454600,4546.0,USD,Walnut Labs,HIST-2206,IN Walnut Labs,2026-08
TXN-HIST-2026-08-2207,BANK-OPERATING,2026-08-12,-458700,-4587.0,USD,Echo Works,HIST-2207,OUT Echo Works,2026-08
TXN-HIST-2026-08-2208,BANK-OPERATING,2026-08-12,-462800,-4628.0,USD,Keel Network,HIST-2208,OUT Keel Network,2026-08
TXN-HIST-2026-08-2209,BANK-PAYROLL,2026-08-12,-466900,-4669.0,USD,Quarry Group,HIST-2209,OUT Quarry Group,2026-08
TXN-HIST-2026-08-2210,BANK-OPERATING,2026-08-12,-471000,-4710.0,USD,Wharf Services,HIST-2210,OUT Wharf Services,2026-08
TXN-HIST-2026-08-2211,BANK-OPERATING,2026-08-12,-475100,-4751.0,USD,Driftwood Labs,HIST-2211,OUT Driftwood Labs,2026-08
TXN-HIST-2026-08-2212,BANK-OPERATING,2026-08-12,-479200,-4792.0,USD,Juniper Works,HIST-2212,OUT Juniper Works,2026-08
TXN-HIST-2026-08-2213,BANK-OPERATING,2026-08-13,483300,4833.0,USD,Timber Systems,HIST-2213,IN Timber Systems,2026-08
TXN-HIST-2026-08-2214,BANK-OPERATING,2026-08-13,-487400,-4874.0,USD,Alder Supply,HIST-2214,OUT Alder Supply,2026-08
TXN-HIST-2026-08-2215,BANK-OPERATING,2026-08-13,-491500,-4915.0,USD,Ginkgo Partners,HIST-2215,OUT Ginkgo Partners,2026-08
TXN-HIST-2026-08-2216,BANK-PAYROLL,2026-08-13,-495600,-4956.0,USD,Northwood Components,HIST-2216,OUT Northwood Components,2026-08
TXN-HIST-2026-08-2217,BANK-OPERATING,2026-08-13,-499700,-4997.0,USD,Teak Studio,HIST-2217,OUT Teak Studio,2026-08
TXN-HIST-2026-08-2218,BANK-OPERATING,2026-08-13,-503800,-5038.0,USD,Beacon Systems,HIST-2218,OUT Beacon Systems,2026-08
TXN-HIST-2026-08-2219,BANK-OPERATING,2026-08-13,-507900,-5079.0,USD,Harbor Supply,HIST-2219,OUT Harbor Supply,2026-08
TXN-HIST-2026-08-2220,BANK-OPERATING,2026-08-14,512000,5120.0,USD,Quince Network,HIST-2220,IN Quince Network,2026-08
TXN-HIST-2026-08-2221,BANK-OPERATING,2026-08-14,-516100,-5161.0,USD,Walnut Group,HIST-2221,OUT Walnut Group,2026-08
TXN-HIST-2026-08-2222,BANK-OPERATING,2026-08-14,-520200,-5202.0,USD,Echo Services,HIST-2222,OUT Echo Services,2026-08
TXN-HIST-2026-08-2223,BANK-PAYROLL,2026-08-14,-524300,-5243.0,USD,Keel Labs,HIST-2223,OUT Keel Labs,2026-08
TXN-HIST-2026-08-2224,BANK-OPERATING,2026-08-14,-528400,-5284.0,USD,Quarry Works,HIST-2224,OUT Quarry Works,2026-08
TXN-HIST-2026-08-2225,BANK-OPERATING,2026-08-14,-532500,-5325.0,USD,Wharf Network,HIST-2225,OUT Wharf Network,2026-08
TXN-HIST-2026-08-2226,BANK-OPERATING,2026-08-14,-536600,-5366.0,USD,Driftwood Group,HIST-2226,OUT Driftwood Group,2026-08
TXN-HIST-2026-08-2227,BANK-OPERATING,2026-08-15,540700,5407.0,USD,Nimbus Partners,HIST-2227,IN Nimbus Partners,2026-08
TXN-HIST-2026-08-2228,BANK-OPERATING,2026-08-15,-544800,-5448.0,USD,Timber Components,HIST-2228,OUT Timber Components,2026-08
TXN-HIST-2026-08-2229,BANK-OPERATING,2026-08-15,-548900,-5489.0,USD,Alder Studio,HIST-2229,OUT Alder Studio,2026-08
TXN-HIST-2026-08-2230,BANK-PAYROLL,2026-08-15,-553000,-5530.0,USD,Ginkgo Systems,HIST-2230,OUT Ginkgo Systems,2026-08
TXN-HIST-2026-08-2231,BANK-OPERATING,2026-08-15,-557100,-5571.0,USD,Northwood Supply,HIST-2231,OUT Northwood Supply,2026-08
TXN-HIST-2026-08-2232,BANK-OPERATING,2026-08-15,-561200,-5612.0,USD,Teak Partners,HIST-2232,OUT Teak Partners,2026-08
TXN-HIST-2026-08-2233,BANK-OPERATING,2026-08-15,-565300,-5653.0,USD,Beacon Components,HIST-2233,OUT Beacon Components,2026-08
TXN-HIST-2026-08-2234,BANK-OPERATING,2026-08-16,569400,5694.0,USD,Juniper Services,HIST-2234,IN Juniper Services,2026-08
TXN-HIST-2026-08-2235,BANK-OPERATING,2026-08-16,-573500,-5735.0,USD,Quince Labs,HIST-2235,OUT Quince Labs,2026-08
TXN-HIST-2026-08-2236,BANK-OPERATING,2026-08-16,-577600,-5776.0,USD,Walnut Works,HIST-2236,OUT Walnut Works,2026-08
TXN-HIST-2026-08-2237,BANK-PAYROLL,2026-08-16,-581700,-5817.0,USD,Echo Network,HIST-2237,OUT Echo Network,2026-08
TXN-HIST-2026-08-2238,BANK-OPERATING,2026-08-16,-585800,-5858.0,USD,Keel Group,HIST-2238,OUT Keel Group,2026-08
TXN-HIST-2026-08-2239,BANK-OPERATING,2026-08-16,-589900,-5899.0,USD,Quarry Services,HIST-2239,OUT Quarry Services,2026-08
TXN-HIST-2026-08-2240,BANK-OPERATING,2026-08-16,-594000,-5940.0,USD,Wharf Labs,HIST-2240,OUT Wharf Labs,2026-08
TXN-HIST-2026-08-2241,BANK-OPERATING,2026-08-17,598100,5981.0,USD,Harbor Studio,HIST-2241,IN Harbor Studio,2026-08
TXN-HIST-2026-08-2242,BANK-OPERATING,2026-08-17,-602200,-6022.0,USD,Nimbus Systems,HIST-2242,OUT Nimbus Systems,2026-08
TXN-HIST-2026-08-2243,BANK-OPERATING,2026-08-17,-606300,-6063.0,USD,Timber Supply,HIST-2243,OUT Timber Supply,2026-08
TXN-HIST-2026-08-2244,BANK-PAYROLL,2026-08-17,-610400,-6104.0,USD,Alder Partners,HIST-2244,OUT Alder Partners,2026-08
TXN-HIST-2026-08-2245,BANK-OPERATING,2026-08-17,-614500,-6145.0,USD,Ginkgo Components,HIST-2245,OUT Ginkgo Components,2026-08
TXN-HIST-2026-08-2246,BANK-OPERATING,2026-08-17,-618600,-6186.0,USD,Northwood Studio,HIST-2246,OUT Northwood Studio,2026-08
TXN-HIST-2026-08-2247,BANK-OPERATING,2026-08-17,-622700,-6227.0,USD,Teak Systems,HIST-2247,OUT Teak Systems,2026-08
TXN-HIST-2026-08-2248,BANK-OPERATING,2026-08-18,626800,6268.0,USD,Driftwood Works,HIST-2248,IN Driftwood Works,2026-08
TXN-HIST-2026-08-2249,BANK-OPERATING,2026-08-18,-630900,-6309.0,USD,Juniper Network,HIST-2249,OUT Juniper Network,2026-08
TXN-HIST-2026-08-2250,BANK-OPERATING,2026-08-18,-635000,-6350.0,USD,Quince Group,HIST-2250,OUT Quince Group,2026-08
TXN-HIST-2026-08-2251,BANK-PAYROLL,2026-08-18,-639100,-6391.0,USD,Walnut Services,HIST-2251,OUT Walnut Services,2026-08
TXN-HIST-2026-08-2252,BANK-OPERATING,2026-08-18,-643200,-6432.0,USD,Echo Labs,HIST-2252,OUT Echo Labs,2026-08
TXN-HIST-2026-08-2253,BANK-OPERATING,2026-08-18,-647300,-6473.0,USD,Keel Works,HIST-2253,OUT Keel Works,2026-08
TXN-HIST-2026-08-2254,BANK-OPERATING,2026-08-18,-651400,-6514.0,USD,Quarry Network,HIST-2254,OUT Quarry Network,2026-08
TXN-HIST-2026-08-2255,BANK-OPERATING,2026-08-19,655500,6555.0,USD,Beacon Supply,HIST-2255,IN Beacon Supply,2026-08
TXN-HIST-2026-08-2256,BANK-OPERATING,2026-08-19,-659600,-6596.0,USD,Harbor Partners,HIST-2256,OUT Harbor Partners,2026-08
TXN-HIST-2026-08-2257,BANK-OPERATING,2026-08-19,-663700,-6637.0,USD,Nimbus Components,HIST-2257,OUT Nimbus Components,2026-08
TXN-HIST-2026-08-2258,BANK-PAYROLL,2026-08-19,-667800,-6678.0,USD,Timber Studio,HIST-2258,OUT Timber Studio,2026-08
TXN-HIST-2026-08-2259,BANK-OPERATING,2026-08-19,-671900,-6719.0,USD,Alder Systems,HIST-2259,OUT Alder Systems,2026-08
TXN-HIST-2026-08-2260,BANK-OPERATING,2026-08-19,-676000,-6760.0,USD,Ginkgo Supply,HIST-2260,OUT Ginkgo Supply,2026-08
TXN-HIST-2026-08-2261,BANK-OPERATING,2026-08-19,-680100,-6801.0,USD,Northwood Partners,HIST-2261,OUT Northwood Partners,2026-08
TXN-HIST-2026-08-2262,BANK-OPERATING,2026-08-20,684200,6842.0,USD,Wharf Group,HIST-2262,IN Wharf Group,2026-08
TXN-HIST-2026-08-2263,BANK-OPERATING,2026-08-20,-688300,-6883.0,USD,Driftwood Services,HIST-2263,OUT Driftwood Services,2026-08
TXN-HIST-2026-08-2264,BANK-OPERATING,2026-08-20,-692400,-6924.0,USD,Juniper Labs,HIST-2264,OUT Juniper Labs,2026-08
TXN-HIST-2026-08-2265,BANK-PAYROLL,2026-08-20,-696500,-6965.0,USD,Acme Supplies,HIST-2265,OUT Acme Supplies,2026-08
TXN-HIST-2026-08-2266,BANK-OPERATING,2026-08-20,-700600,-7006.0,USD,Acme Supply Co.,HIST-2266,OUT Acme Supply Co.,2026-08
TXN-HIST-2026-08-2267,BANK-OPERATING,2026-08-20,-704700,-7047.0,USD,Northline Fabrication,HIST-2267,OUT Northline Fabrication,2026-08
TXN-HIST-2026-08-2268,BANK-OPERATING,2026-08-20,-708800,-7088.0,USD,Helios Hardware,HIST-2268,OUT Helios Hardware,2026-08
TXN-HIST-2026-08-2269,BANK-OPERATING,2026-08-21,92900,929.0,USD,Acme Supplies LLC,HIST-2269,IN Acme Supplies LLC,2026-08
TXN-HIST-2026-08-2270,BANK-OPERATING,2026-08-21,-97000,-970.0,USD,Amazon Web Services,HIST-2270,OUT Amazon Web Services,2026-08
TXN-HIST-2026-08-2271,BANK-OPERATING,2026-08-21,-101100,-1011.0,USD,Office Depot,HIST-2271,OUT Office Depot,2026-08
TXN-HIST-2026-08-2272,BANK-PAYROLL,2026-08-21,-105200,-1052.0,USD,Datadog,HIST-2272,OUT Datadog,2026-08
TXN-HIST-2026-08-2273,BANK-OPERATING,2026-08-21,-109300,-1093.0,USD,Figma,HIST-2273,OUT Figma,2026-08
TXN-HIST-2026-08-2274,BANK-OPERATING,2026-08-21,-113400,-1134.0,USD,Hartford Insurance,HIST-2274,OUT Hartford Insurance,2026-08
TXN-HIST-2026-08-2275,BANK-OPERATING,2026-08-21,-117500,-1175.0,USD,Cambridge Properties,HIST-2275,OUT Cambridge Properties,2026-08
TXN-HIST-2026-08-2276,BANK-OPERATING,2026-08-22,121600,1216.0,USD,Slack Technologies,HIST-2276,IN Slack Technologies,2026-08
TXN-HIST-2026-08-2277,BANK-OPERATING,2026-08-22,-125700,-1257.0,USD,Google Cloud,HIST-2277,OUT Google Cloud,2026-08
TXN-HIST-2026-08-2278,BANK-OPERATING,2026-08-22,-129800,-1298.0,USD,Orbit Analytics,HIST-2278,OUT Orbit Analytics,2026-08
TXN-HIST-2026-08-2279,BANK-PAYROLL,2026-08-22,-133900,-1339.0,USD,Dell Technologies,HIST-2279,OUT Dell Technologies,2026-08
TXN-HIST-2026-08-2280,BANK-OPERATING,2026-08-22,-138000,-1380.0,USD,Lindholm & Ruiz LLP,HIST-2280,OUT Lindholm & Ruiz LLP,2026-08
TXN-HIST-2026-08-2281,BANK-OPERATING,2026-08-22,-142100,-1421.0,USD,Shadow Vendor LLC,HIST-2281,OUT Shadow Vendor LLC,2026-08
TXN-HIST-2026-08-2282,BANK-OPERATING,2026-08-22,-146200,-1462.0,USD,Lenovo,HIST-2282,OUT Lenovo,2026-08
TXN-HIST-2026-08-2283,BANK-OPERATING,2026-08-23,150300,1503.0,USD,Harbor Electric,HIST-2283,IN Harbor Electric,2026-08
TXN-HIST-2026-08-2284,BANK-OPERATING,2026-08-23,-154400,-1544.0,USD,GitHub,HIST-2284,OUT GitHub,2026-08
TXN-HIST-2026-08-2285,BANK-OPERATING,2026-08-23,-158500,-1585.0,USD,Freightline Logistics,HIST-2285,OUT Freightline Logistics,2026-08
TXN-HIST-2026-08-2286,BANK-PAYROLL,2026-08-23,-162600,-1626.0,USD,Misc Supplies,HIST-2286,OUT Misc Supplies,2026-08
TXN-HIST-2026-08-2287,BANK-OPERATING,2026-08-23,-166700,-1667.0,USD,Notion Labs,HIST-2287,OUT Notion Labs,2026-08
TXN-HIST-2026-08-2288,BANK-OPERATING,2026-08-23,-170800,-1708.0,USD,Okta,HIST-2288,OUT Okta,2026-08
TXN-HIST-2026-08-2289,BANK-OPERATING,2026-08-23,-174900,-1749.0,USD,Zoom Video,HIST-2289,OUT Zoom Video,2026-08
TXN-HIST-2026-08-2290,BANK-OPERATING,2026-08-24,179000,1790.0,USD,Twilio,HIST-2290,IN Twilio,2026-08
TXN-HIST-2026-08-2291,BANK-OPERATING,2026-08-24,-183100,-1831.0,USD,Snowflake,HIST-2291,OUT Snowflake,2026-08
TXN-HIST-2026-08-2292,BANK-OPERATING,2026-08-24,-187200,-1872.0,USD,CrowdStrike,HIST-2292,OUT CrowdStrike,2026-08
TXN-HIST-2026-08-2293,BANK-PAYROLL,2026-08-24,-191300,-1913.0,USD,Atlassian,HIST-2293,OUT Atlassian,2026-08
TXN-HIST-2026-08-2294,BANK-OPERATING,2026-08-24,-195400,-1954.0,USD,Northline Fab Group,HIST-2294,OUT Northline Fab Group,2026-08
TXN-HIST-2026-08-2295,BANK-OPERATING,2026-08-24,-199500,-1995.0,USD,Harbor Power & Light,HIST-2295,OUT Harbor Power & Light,2026-08
TXN-HIST-2026-08-2296,BANK-OPERATING,2026-08-24,-203600,-2036.0,USD,FedEx,HIST-2296,OUT FedEx,2026-08
TXN-HIST-2026-08-2297,BANK-OPERATING,2026-08-25,207700,2077.0,USD,Cloudflare,HIST-2297,IN Cloudflare,2026-08
TXN-HIST-2026-08-2298,BANK-OPERATING,2026-08-25,-211800,-2118.0,USD,Helios Hardware Supply,HIST-2298,OUT Helios Hardware Supply,2026-08
TXN-HIST-2026-08-2299,BANK-OPERATING,2026-08-25,-215900,-2159.0,USD,Staples Business Advantage,HIST-2299,OUT Staples Business Advantage,2026-08
TXN-HIST-2026-08-2300,BANK-PAYROLL,2026-08-25,-220000,-2200.0,USD,ADP,HIST-2300,OUT ADP,2026-08
TXN-HIST-2026-08-2301,BANK-OPERATING,2026-08-25,-224100,-2241.0,USD,Comcast Business,HIST-2301,OUT Comcast Business,2026-08
TXN-HIST-2026-08-2302,BANK-OPERATING,2026-08-25,-228200,-2282.0,USD,CleanRoom Janitorial,HIST-2302,OUT CleanRoom Janitorial,2026-08
TXN-HIST-2026-08-2303,BANK-OPERATING,2026-08-25,-232300,-2323.0,USD,HubSpot,HIST-2303,OUT HubSpot,2026-08
TXN-HIST-2026-08-2304,BANK-OPERATING,2026-08-26,236400,2364.0,USD,WeWork Cambridge,HIST-2304,IN WeWork Cambridge,2026-08
TXN-HIST-2026-08-2305,BANK-OPERATING,2026-08-26,-240500,-2405.0,USD,Pagaya Coffee Service,HIST-2305,OUT Pagaya Coffee Service,2026-08
TXN-HIST-2026-08-2306,BANK-OPERATING,2026-08-26,-244600,-2446.0,USD,Kendall Square Parking,HIST-2306,OUT Kendall Square Parking,2026-08
TXN-HIST-2026-08-2307,BANK-PAYROLL,2026-08-26,-248700,-2487.0,USD,Stripe Processing,HIST-2307,OUT Stripe Processing,2026-08
TXN-HIST-2026-08-2308,BANK-OPERATING,2026-08-26,-252800,-2528.0,USD,DocuSign,HIST-2308,OUT DocuSign,2026-08
TXN-HIST-2026-08-2309,BANK-OPERATING,2026-08-26,-256900,-2569.0,USD,Boston Edison Steam,HIST-2309,OUT Boston Edison Steam,2026-08
TXN-HIST-2026-08-2310,BANK-OPERATING,2026-08-26,-261000,-2610.0,USD,Gusto Payroll,HIST-2310,OUT Gusto Payroll,2026-08
TXN-HIST-2026-08-2311,BANK-OPERATING,2026-08-27,265100,2651.0,USD,Adyen NV,HIST-2311,IN Adyen NV,2026-08
TXN-HIST-2026-08-2312,BANK-OPERATING,2026-08-27,-269200,-2692.0,USD,Palo Alto Networks,HIST-2312,OUT Palo Alto Networks,2026-08
TXN-HIST-2026-08-2313,BANK-OPERATING,2026-08-27,-273300,-2733.0,USD,Carta,HIST-2313,OUT Carta,2026-08
TXN-HIST-2026-08-2314,BANK-PAYROLL,2026-08-27,-277400,-2774.0,USD,Vanta,HIST-2314,OUT Vanta,2026-08
TXN-HIST-2026-08-2315,BANK-OPERATING,2026-08-27,-281500,-2815.0,USD,Northwood Supply,HIST-2315,OUT Northwood Supply,2026-08
TXN-HIST-2026-08-2316,BANK-OPERATING,2026-08-27,-285600,-2856.0,USD,Teak Partners,HIST-2316,OUT Teak Partners,2026-08
TXN-HIST-2026-08-2317,BANK-OPERATING,2026-08-27,-289700,-2897.0,USD,Beacon Components,HIST-2317,OUT Beacon Components,2026-08
TXN-HIST-2026-08-2318,BANK-OPERATING,2026-08-28,293800,2938.0,USD,Linear App,HIST-2318,IN Linear App,2026-08
TXN-HIST-2026-08-2319,BANK-OPERATING,2026-08-28,-297900,-2979.0,USD,Quince Labs,HIST-2319,OUT Quince Labs,2026-08
TXN-HIST-2026-08-2320,BANK-OPERATING,2026-08-28,-302000,-3020.0,USD,Walnut Works,HIST-2320,OUT Walnut Works,2026-08
TXN-HIST-2026-08-2321,BANK-PAYROLL,2026-08-28,-306100,-3061.0,USD,Echo Network,HIST-2321,OUT Echo Network,2026-08
TXN-HIST-2026-08-2322,BANK-OPERATING,2026-08-28,-310200,-3102.0,USD,Keel Group,HIST-2322,OUT Keel Group,2026-08
TXN-HIST-2026-08-2323,BANK-OPERATING,2026-08-28,-314300,-3143.0,USD,Quarry Services,HIST-2323,OUT Quarry Services,2026-08
TXN-HIST-2026-08-2324,BANK-OPERATING,2026-08-28,-318400,-3184.0,USD,Wharf Labs,HIST-2324,OUT Wharf Labs,2026-08
TXN-HIST-2026-08-2325,BANK-OPERATING,2026-08-29,322500,3225.0,USD,Harbor Studio,HIST-2325,IN Harbor Studio,2026-08
TXN-HIST-2026-08-2326,BANK-OPERATING,2026-08-29,-326600,-3266.0,USD,Nimbus Systems,HIST-2326,OUT Nimbus Systems,2026-08
TXN-HIST-2026-08-2327,BANK-OPERATING,2026-08-29,-330700,-3307.0,USD,Timber Supply,HIST-2327,OUT Timber Supply,2026-08
TXN-HIST-2026-08-2328,BANK-PAYROLL,2026-08-29,-334800,-3348.0,USD,Alder Partners,HIST-2328,OUT Alder Partners,2026-08
TXN-HIST-2026-08-2329,BANK-OPERATING,2026-08-29,-338900,-3389.0,USD,Ginkgo Components,HIST-2329,OUT Ginkgo Components,2026-08
TXN-HIST-2026-08-2330,BANK-OPERATING,2026-08-29,-343000,-3430.0,USD,Northwood Studio,HIST-2330,OUT Northwood Studio,2026-08
TXN-HIST-2026-08-2331,BANK-OPERATING,2026-08-29,-347100,-3471.0,USD,Teak Systems,HIST-2331,OUT Teak Systems,2026-08
TXN-HIST-2026-08-2332,BANK-OPERATING,2026-08-30,351200,3512.0,USD,Driftwood Works,HIST-2332,IN Driftwood Works,2026-08
TXN-HIST-2026-08-2333,BANK-OPERATING,2026-08-30,-355300,-3553.0,USD,Juniper Network,HIST-2333,OUT Juniper Network,2026-08
TXN-HIST-2026-08-2334,BANK-OPERATING,2026-08-30,-359400,-3594.0,USD,Quince Group,HIST-2334,OUT Quince Group,2026-08
TXN-HIST-2026-08-2335,BANK-PAYROLL,2026-08-30,-363500,-3635.0,USD,Walnut Services,HIST-2335,OUT Walnut Services,2026-08
TXN-HIST-2026-08-2336,BANK-OPERATING,2026-08-30,-367600,-3676.0,USD,Echo Labs,HIST-2336,OUT Echo Labs,2026-08
TXN-HIST-2026-08-2337,BANK-OPERATING,2026-08-30,-371700,-3717.0,USD,Keel Works,HIST-2337,OUT Keel Works,2026-08
TXN-HIST-2026-08-2338,BANK-OPERATING,2026-08-30,-375800,-3758.0,USD,Quarry Network,HIST-2338,OUT Quarry Network,2026-08
TXN-HIST-2026-08-2339,BANK-OPERATING,2026-08-31,379900,3799.0,USD,Beacon Supply,HIST-2339,IN Beacon Supply,2026-08
TXN-HIST-2026-08-2340,BANK-OPERATING,2026-08-31,-384000,-3840.0,USD,Harbor Partners,HIST-2340,OUT Harbor Partners,2026-08
TXN-HIST-2026-08-2341,BANK-OPERATING,2026-08-31,-388100,-3881.0,USD,Nimbus Components,HIST-2341,OUT Nimbus Components,2026-08
TXN-HIST-2026-08-2342,BANK-PAYROLL,2026-08-31,-392200,-3922.0,USD,Timber Studio,HIST-2342,OUT Timber Studio,2026-08
TXN-HIST-2026-08-2343,BANK-OPERATING,2026-08-31,-396300,-3963.0,USD,Alder Systems,HIST-2343,OUT Alder Systems,2026-08
TXN-HIST-2026-08-2344,BANK-OPERATING,2026-08-31,-400400,-4004.0,USD,Ginkgo Supply,HIST-2344,OUT Ginkgo Supply,2026-08
TXN-HIST-2026-08-2345,BANK-OPERATING,2026-08-31,-404500,-4045.0,USD,Northwood Partners,HIST-2345,OUT Northwood Partners,2026-08
TXN-HIST-2026-10-2346,BANK-OPERATING,2026-10-01,408600,4086.0,USD,Wharf Group,HIST-2346,IN Wharf Group,2026-10
TXN-HIST-2026-10-2347,BANK-OPERATING,2026-10-01,-412700,-4127.0,USD,Driftwood Services,HIST-2347,OUT Driftwood Services,2026-10
TXN-HIST-2026-10-2348,BANK-OPERATING,2026-10-01,-416800,-4168.0,USD,Juniper Labs,HIST-2348,OUT Juniper Labs,2026-10
TXN-HIST-2026-10-2349,BANK-PAYROLL,2026-10-01,-420900,-4209.0,USD,Quince Works,HIST-2349,OUT Quince Works,2026-10
TXN-HIST-2026-10-2350,BANK-OPERATING,2026-10-01,-425000,-4250.0,USD,Walnut Network,HIST-2350,OUT Walnut Network,2026-10
TXN-HIST-2026-10-2351,BANK-OPERATING,2026-10-01,-429100,-4291.0,USD,Echo Group,HIST-2351,OUT Echo Group,2026-10
TXN-HIST-2026-10-2352,BANK-OPERATING,2026-10-01,-433200,-4332.0,USD,Keel Services,HIST-2352,OUT Keel Services,2026-10
TXN-HIST-2026-10-2353,BANK-OPERATING,2026-10-02,437300,4373.0,USD,Teak Components,HIST-2353,IN Teak Components,2026-10
TXN-HIST-2026-10-2354,BANK-OPERATING,2026-10-02,-441400,-4414.0,USD,Beacon Studio,HIST-2354,OUT Beacon Studio,2026-10
TXN-HIST-2026-10-2355,BANK-OPERATING,2026-10-02,-445500,-4455.0,USD,Harbor Systems,HIST-2355,OUT Harbor Systems,2026-10
TXN-HIST-2026-10-2356,BANK-PAYROLL,2026-10-02,-449600,-4496.0,USD,Nimbus Supply,HIST-2356,OUT Nimbus Supply,2026-10
TXN-HIST-2026-10-2357,BANK-OPERATING,2026-10-02,-453700,-4537.0,USD,Timber Partners,HIST-2357,OUT Timber Partners,2026-10
TXN-HIST-2026-10-2358,BANK-OPERATING,2026-10-02,-457800,-4578.0,USD,Alder Components,HIST-2358,OUT Alder Components,2026-10
TXN-HIST-2026-10-2359,BANK-OPERATING,2026-10-02,-461900,-4619.0,USD,Ginkgo Studio,HIST-2359,OUT Ginkgo Studio,2026-10
TXN-HIST-2026-10-2360,BANK-OPERATING,2026-10-03,466000,4660.0,USD,Quarry Labs,HIST-2360,IN Quarry Labs,2026-10
TXN-HIST-2026-10-2361,BANK-OPERATING,2026-10-03,-470100,-4701.0,USD,Wharf Works,HIST-2361,OUT Wharf Works,2026-10
TXN-HIST-2026-10-2362,BANK-OPERATING,2026-10-03,-474200,-4742.0,USD,Driftwood Network,HIST-2362,OUT Driftwood Network,2026-10
TXN-HIST-2026-10-2363,BANK-PAYROLL,2026-10-03,-478300,-4783.0,USD,Juniper Group,HIST-2363,OUT Juniper Group,2026-10
TXN-HIST-2026-10-2364,BANK-OPERATING,2026-10-03,-482400,-4824.0,USD,Quince Services,HIST-2364,OUT Quince Services,2026-10
TXN-HIST-2026-10-2365,BANK-OPERATING,2026-10-03,-486500,-4865.0,USD,Walnut Labs,HIST-2365,OUT Walnut Labs,2026-10
TXN-HIST-2026-10-2366,BANK-OPERATING,2026-10-03,-490600,-4906.0,USD,Echo Works,HIST-2366,OUT Echo Works,2026-10
TXN-HIST-2026-10-2367,BANK-OPERATING,2026-10-04,494700,4947.0,USD,Northwood Systems,HIST-2367,IN Northwood Systems,2026-10
TXN-HIST-2026-10-2368,BANK-OPERATING,2026-10-04,-498800,-4988.0,USD,Teak Supply,HIST-2368,OUT Teak Supply,2026-10
TXN-HIST-2026-10-2369,BANK-OPERATING,2026-10-04,-502900,-5029.0,USD,Beacon Partners,HIST-2369,OUT Beacon Partners,2026-10
TXN-HIST-2026-10-2370,BANK-PAYROLL,2026-10-04,-507000,-5070.0,USD,Harbor Components,HIST-2370,OUT Harbor Components,2026-10
TXN-HIST-2026-10-2371,BANK-OPERATING,2026-10-04,-511100,-5111.0,USD,Nimbus Studio,HIST-2371,OUT Nimbus Studio,2026-10
TXN-HIST-2026-10-2372,BANK-OPERATING,2026-10-04,-515200,-5152.0,USD,Timber Systems,HIST-2372,OUT Timber Systems,2026-10
TXN-HIST-2026-10-2373,BANK-OPERATING,2026-10-04,-519300,-5193.0,USD,Alder Supply,HIST-2373,OUT Alder Supply,2026-10
TXN-HIST-2026-10-2374,BANK-OPERATING,2026-10-05,523400,5234.0,USD,Keel Network,HIST-2374,IN Keel Network,2026-10
TXN-HIST-2026-10-2375,BANK-OPERATING,2026-10-05,-527500,-5275.0,USD,Quarry Group,HIST-2375,OUT Quarry Group,2026-10
TXN-HIST-2026-10-2376,BANK-OPERATING,2026-10-05,-531600,-5316.0,USD,Wharf Services,HIST-2376,OUT Wharf Services,2026-10
TXN-HIST-2026-10-2377,BANK-PAYROLL,2026-10-05,-535700,-5357.0,USD,Driftwood Labs,HIST-2377,OUT Driftwood Labs,2026-10
TXN-HIST-2026-10-2378,BANK-OPERATING,2026-10-05,-539800,-5398.0,USD,Juniper Works,HIST-2378,OUT Juniper Works,2026-10
TXN-HIST-2026-10-2379,BANK-OPERATING,2026-10-05,-543900,-5439.0,USD,Quince Network,HIST-2379,OUT Quince Network,2026-10
TXN-HIST-2026-10-2380,BANK-OPERATING,2026-10-05,-548000,-5480.0,USD,Walnut Group,HIST-2380,OUT Walnut Group,2026-10
TXN-HIST-2026-10-2381,BANK-OPERATING,2026-10-06,552100,5521.0,USD,Ginkgo Partners,HIST-2381,IN Ginkgo Partners,2026-10
TXN-HIST-2026-10-2382,BANK-OPERATING,2026-10-06,-556200,-5562.0,USD,Northwood Components,HIST-2382,OUT Northwood Components,2026-10
TXN-HIST-2026-10-2383,BANK-OPERATING,2026-10-06,-560300,-5603.0,USD,Teak Studio,HIST-2383,OUT Teak Studio,2026-10
TXN-HIST-2026-10-2384,BANK-PAYROLL,2026-10-06,-564400,-5644.0,USD,Beacon Systems,HIST-2384,OUT Beacon Systems,2026-10
TXN-HIST-2026-10-2385,BANK-OPERATING,2026-10-06,-568500,-5685.0,USD,Harbor Supply,HIST-2385,OUT Harbor Supply,2026-10
TXN-HIST-2026-10-2386,BANK-OPERATING,2026-10-06,-572600,-5726.0,USD,Nimbus Partners,HIST-2386,OUT Nimbus Partners,2026-10
TXN-HIST-2026-10-2387,BANK-OPERATING,2026-10-06,-576700,-5767.0,USD,Timber Components,HIST-2387,OUT Timber Components,2026-10
TXN-HIST-2026-10-2388,BANK-OPERATING,2026-10-07,580800,5808.0,USD,Echo Services,HIST-2388,IN Echo Services,2026-10
TXN-HIST-2026-10-2389,BANK-OPERATING,2026-10-07,-584900,-5849.0,USD,Keel Labs,HIST-2389,OUT Keel Labs,2026-10
TXN-HIST-2026-10-2390,BANK-OPERATING,2026-10-07,-589000,-5890.0,USD,Quarry Works,HIST-2390,OUT Quarry Works,2026-10
TXN-HIST-2026-10-2391,BANK-PAYROLL,2026-10-07,-593100,-5931.0,USD,Wharf Network,HIST-2391,OUT Wharf Network,2026-10
TXN-HIST-2026-10-2392,BANK-OPERATING,2026-10-07,-597200,-5972.0,USD,Driftwood Group,HIST-2392,OUT Driftwood Group,2026-10
TXN-HIST-2026-10-2393,BANK-OPERATING,2026-10-07,-601300,-6013.0,USD,Juniper Services,HIST-2393,OUT Juniper Services,2026-10
TXN-HIST-2026-10-2394,BANK-OPERATING,2026-10-07,-605400,-6054.0,USD,Quince Labs,HIST-2394,OUT Quince Labs,2026-10
TXN-HIST-2026-10-2395,BANK-OPERATING,2026-10-08,609500,6095.0,USD,Alder Studio,HIST-2395,IN Alder Studio,2026-10
TXN-HIST-2026-10-2396,BANK-OPERATING,2026-10-08,-613600,-6136.0,USD,Ginkgo Systems,HIST-2396,OUT Ginkgo Systems,2026-10
TXN-HIST-2026-10-2397,BANK-OPERATING,2026-10-08,-617700,-6177.0,USD,Northwood Supply,HIST-2397,OUT Northwood Supply,2026-10
TXN-HIST-2026-10-2398,BANK-PAYROLL,2026-10-08,-621800,-6218.0,USD,Teak Partners,HIST-2398,OUT Teak Partners,2026-10
TXN-HIST-2026-10-2399,BANK-OPERATING,2026-10-08,-625900,-6259.0,USD,Beacon Components,HIST-2399,OUT Beacon Components,2026-10
TXN-HIST-2026-10-2400,BANK-OPERATING,2026-10-08,-630000,-6300.0,USD,Harbor Studio,HIST-2400,OUT Harbor Studio,2026-10
TXN-HIST-2026-10-2401,BANK-OPERATING,2026-10-08,-634100,-6341.0,USD,Nimbus Systems,HIST-2401,OUT Nimbus Systems,2026-10
TXN-HIST-2026-10-2402,BANK-OPERATING,2026-10-09,638200,6382.0,USD,Walnut Works,HIST-2402,IN Walnut Works,2026-10
TXN-HIST-2026-10-2403,BANK-OPERATING,2026-10-09,-642300,-6423.0,USD,Echo Network,HIST-2403,OUT Echo Network,2026-10
TXN-HIST-2026-10-2404,BANK-OPERATING,2026-10-09,-646400,-6464.0,USD,Keel Group,HIST-2404,OUT Keel Group,2026-10
TXN-HIST-2026-10-2405,BANK-PAYROLL,2026-10-09,-650500,-6505.0,USD,Quarry Services,HIST-2405,OUT Quarry Services,2026-10
TXN-HIST-2026-10-2406,BANK-OPERATING,2026-10-09,-654600,-6546.0,USD,Wharf Labs,HIST-2406,OUT Wharf Labs,2026-10
TXN-HIST-2026-10-2407,BANK-OPERATING,2026-10-09,-658700,-6587.0,USD,Driftwood Works,HIST-2407,OUT Driftwood Works,2026-10
TXN-HIST-2026-10-2408,BANK-OPERATING,2026-10-09,-662800,-6628.0,USD,Juniper Network,HIST-2408,OUT Juniper Network,2026-10
TXN-HIST-2026-10-2409,BANK-OPERATING,2026-10-10,666900,6669.0,USD,Timber Supply,HIST-2409,IN Timber Supply,2026-10
TXN-HIST-2026-10-2410,BANK-OPERATING,2026-10-10,-671000,-6710.0,USD,Alder Partners,HIST-2410,OUT Alder Partners,2026-10
TXN-HIST-2026-10-2411,BANK-OPERATING,2026-10-10,-675100,-6751.0,USD,Ginkgo Components,HIST-2411,OUT Ginkgo Components,2026-10
TXN-HIST-2026-10-2412,BANK-PAYROLL,2026-10-10,-679200,-6792.0,USD,Northwood Studio,HIST-2412,OUT Northwood Studio,2026-10
TXN-HIST-2026-10-2413,BANK-OPERATING,2026-10-10,-683300,-6833.0,USD,Teak Systems,HIST-2413,OUT Teak Systems,2026-10
TXN-HIST-2026-10-2414,BANK-OPERATING,2026-10-10,-687400,-6874.0,USD,Beacon Supply,HIST-2414,OUT Beacon Supply,2026-10
TXN-HIST-2026-10-2415,BANK-OPERATING,2026-10-10,-691500,-6915.0,USD,Harbor Partners,HIST-2415,OUT Harbor Partners,2026-10
TXN-HIST-2026-10-2416,BANK-OPERATING,2026-10-11,695600,6956.0,USD,Quince Group,HIST-2416,IN Quince Group,2026-10
TXN-HIST-2026-10-2417,BANK-OPERATING,2026-10-11,-699700,-6997.0,USD,Walnut Services,HIST-2417,OUT Walnut Services,2026-10
TXN-HIST-2026-10-2418,BANK-OPERATING,2026-10-11,-703800,-7038.0,USD,Echo Labs,HIST-2418,OUT Echo Labs,2026-10
TXN-HIST-2026-10-2419,BANK-PAYROLL,2026-10-11,-707900,-7079.0,USD,Keel Works,HIST-2419,OUT Keel Works,2026-10
TXN-HIST-2026-10-2420,BANK-OPERATING,2026-10-11,-92000,-920.0,USD,Quarry Network,HIST-2420,OUT Quarry Network,2026-10
TXN-HIST-2026-10-2421,BANK-OPERATING,2026-10-11,-96100,-961.0,USD,Wharf Group,HIST-2421,OUT Wharf Group,2026-10
TXN-HIST-2026-10-2422,BANK-OPERATING,2026-10-11,-100200,-1002.0,USD,Driftwood Services,HIST-2422,OUT Driftwood Services,2026-10
TXN-HIST-2026-10-2423,BANK-OPERATING,2026-10-12,104300,1043.0,USD,Nimbus Components,HIST-2423,IN Nimbus Components,2026-10
TXN-HIST-2026-10-2424,BANK-OPERATING,2026-10-12,-108400,-1084.0,USD,Timber Studio,HIST-2424,OUT Timber Studio,2026-10
TXN-HIST-2026-10-2425,BANK-OPERATING,2026-10-12,-112500,-1125.0,USD,Alder Systems,HIST-2425,OUT Alder Systems,2026-10
TXN-HIST-2026-10-2426,BANK-PAYROLL,2026-10-12,-116600,-1166.0,USD,Ginkgo Supply,HIST-2426,OUT Ginkgo Supply,2026-10
TXN-HIST-2026-10-2427,BANK-OPERATING,2026-10-12,-120700,-1207.0,USD,Northwood Partners,HIST-2427,OUT Northwood Partners,2026-10
TXN-HIST-2026-10-2428,BANK-OPERATING,2026-10-12,-124800,-1248.0,USD,Teak Components,HIST-2428,OUT Teak Components,2026-10
TXN-HIST-2026-10-2429,BANK-OPERATING,2026-10-12,-128900,-1289.0,USD,Beacon Studio,HIST-2429,OUT Beacon Studio,2026-10
TXN-HIST-2026-10-2430,BANK-OPERATING,2026-10-13,133000,1330.0,USD,Juniper Labs,HIST-2430,IN Juniper Labs,2026-10
TXN-HIST-2026-10-2431,BANK-OPERATING,2026-10-13,-137100,-1371.0,USD,Quince Works,HIST-2431,OUT Quince Works,2026-10
TXN-HIST-2026-10-2432,BANK-OPERATING,2026-10-13,-141200,-1412.0,USD,Walnut Network,HIST-2432,OUT Walnut Network,2026-10
TXN-HIST-2026-10-2433,BANK-PAYROLL,2026-10-13,-145300,-1453.0,USD,Echo Group,HIST-2433,OUT Echo Group,2026-10
TXN-HIST-2026-10-2434,BANK-OPERATING,2026-10-13,-149400,-1494.0,USD,Keel Services,HIST-2434,OUT Keel Services,2026-10
TXN-HIST-2026-10-2435,BANK-OPERATING,2026-10-13,-153500,-1535.0,USD,Quarry Labs,HIST-2435,OUT Quarry Labs,2026-10
TXN-HIST-2026-10-2436,BANK-OPERATING,2026-10-13,-157600,-1576.0,USD,Wharf Works,HIST-2436,OUT Wharf Works,2026-10
TXN-HIST-2026-10-2437,BANK-OPERATING,2026-10-14,161700,1617.0,USD,Harbor Systems,HIST-2437,IN Harbor Systems,2026-10
TXN-HIST-2026-10-2438,BANK-OPERATING,2026-10-14,-165800,-1658.0,USD,Nimbus Supply,HIST-2438,OUT Nimbus Supply,2026-10
TXN-HIST-2026-10-2439,BANK-OPERATING,2026-10-14,-169900,-1699.0,USD,Timber Partners,HIST-2439,OUT Timber Partners,2026-10
TXN-HIST-2026-10-2440,BANK-PAYROLL,2026-10-14,-174000,-1740.0,USD,Alder Components,HIST-2440,OUT Alder Components,2026-10
TXN-HIST-2026-10-2441,BANK-OPERATING,2026-10-14,-178100,-1781.0,USD,Ginkgo Studio,HIST-2441,OUT Ginkgo Studio,2026-10
TXN-HIST-2026-10-2442,BANK-OPERATING,2026-10-14,-182200,-1822.0,USD,Northwood Systems,HIST-2442,OUT Northwood Systems,2026-10
TXN-HIST-2026-10-2443,BANK-OPERATING,2026-10-14,-186300,-1863.0,USD,Teak Supply,HIST-2443,OUT Teak Supply,2026-10
TXN-HIST-2026-10-2444,BANK-OPERATING,2026-10-15,190400,1904.0,USD,Driftwood Network,HIST-2444,IN Driftwood Network,2026-10
TXN-HIST-2026-10-2445,BANK-OPERATING,2026-10-15,-194500,-1945.0,USD,Juniper Group,HIST-2445,OUT Juniper Group,2026-10
TXN-HIST-2026-10-2446,BANK-OPERATING,2026-10-15,-198600,-1986.0,USD,Quince Services,HIST-2446,OUT Quince Services,2026-10
TXN-HIST-2026-10-2447,BANK-PAYROLL,2026-10-15,-202700,-2027.0,USD,Walnut Labs,HIST-2447,OUT Walnut Labs,2026-10
TXN-HIST-2026-10-2448,BANK-OPERATING,2026-10-15,-206800,-2068.0,USD,Echo Works,HIST-2448,OUT Echo Works,2026-10
TXN-HIST-2026-10-2449,BANK-OPERATING,2026-10-15,-210900,-2109.0,USD,Keel Network,HIST-2449,OUT Keel Network,2026-10
TXN-HIST-2026-10-2450,BANK-OPERATING,2026-10-15,-215000,-2150.0,USD,Quarry Group,HIST-2450,OUT Quarry Group,2026-10
TXN-HIST-2026-10-2451,BANK-OPERATING,2026-10-16,219100,2191.0,USD,Beacon Partners,HIST-2451,IN Beacon Partners,2026-10
TXN-HIST-2026-10-2452,BANK-OPERATING,2026-10-16,-223200,-2232.0,USD,Harbor Components,HIST-2452,OUT Harbor Components,2026-10
TXN-HIST-2026-10-2453,BANK-OPERATING,2026-10-16,-227300,-2273.0,USD,Nimbus Studio,HIST-2453,OUT Nimbus Studio,2026-10
TXN-HIST-2026-10-2454,BANK-PAYROLL,2026-10-16,-231400,-2314.0,USD,Timber Systems,HIST-2454,OUT Timber Systems,2026-10
TXN-HIST-2026-10-2455,BANK-OPERATING,2026-10-16,-235500,-2355.0,USD,Alder Supply,HIST-2455,OUT Alder Supply,2026-10
TXN-HIST-2026-10-2456,BANK-OPERATING,2026-10-16,-239600,-2396.0,USD,Ginkgo Partners,HIST-2456,OUT Ginkgo Partners,2026-10
TXN-HIST-2026-10-2457,BANK-OPERATING,2026-10-16,-243700,-2437.0,USD,Northwood Components,HIST-2457,OUT Northwood Components,2026-10
TXN-HIST-2026-10-2458,BANK-OPERATING,2026-10-17,247800,2478.0,USD,Wharf Services,HIST-2458,IN Wharf Services,2026-10
TXN-HIST-2026-10-2459,BANK-OPERATING,2026-10-17,-251900,-2519.0,USD,Driftwood Labs,HIST-2459,OUT Driftwood Labs,2026-10
TXN-HIST-2026-10-2460,BANK-OPERATING,2026-10-17,-256000,-2560.0,USD,Juniper Works,HIST-2460,OUT Juniper Works,2026-10
TXN-HIST-2026-10-2461,BANK-PAYROLL,2026-10-17,-260100,-2601.0,USD,Quince Network,HIST-2461,OUT Quince Network,2026-10
TXN-HIST-2026-10-2462,BANK-OPERATING,2026-10-17,-264200,-2642.0,USD,Walnut Group,HIST-2462,OUT Walnut Group,2026-10
TXN-HIST-2026-10-2463,BANK-OPERATING,2026-10-17,-268300,-2683.0,USD,Echo Services,HIST-2463,OUT Echo Services,2026-10
TXN-HIST-2026-10-2464,BANK-OPERATING,2026-10-17,-272400,-2724.0,USD,Keel Labs,HIST-2464,OUT Keel Labs,2026-10
TXN-HIST-2026-10-2465,BANK-OPERATING,2026-10-18,276500,2765.0,USD,Teak Studio,HIST-2465,IN Teak Studio,2026-10
TXN-HIST-2026-10-2466,BANK-OPERATING,2026-10-18,-280600,-2806.0,USD,Beacon Systems,HIST-2466,OUT Beacon Systems,2026-10
TXN-HIST-2026-10-2467,BANK-OPERATING,2026-10-18,-284700,-2847.0,USD,Harbor Supply,HIST-2467,OUT Harbor Supply,2026-10
TXN-HIST-2026-10-2468,BANK-PAYROLL,2026-10-18,-288800,-2888.0,USD,Nimbus Partners,HIST-2468,OUT Nimbus Partners,2026-10
TXN-HIST-2026-10-2469,BANK-OPERATING,2026-10-18,-292900,-2929.0,USD,Timber Components,HIST-2469,OUT Timber Components,2026-10
TXN-HIST-2026-10-2470,BANK-OPERATING,2026-10-18,-297000,-2970.0,USD,Alder Studio,HIST-2470,OUT Alder Studio,2026-10
TXN-HIST-2026-10-2471,BANK-OPERATING,2026-10-18,-301100,-3011.0,USD,Ginkgo Systems,HIST-2471,OUT Ginkgo Systems,2026-10
TXN-HIST-2026-10-2472,BANK-OPERATING,2026-10-19,305200,3052.0,USD,Quarry Works,HIST-2472,IN Quarry Works,2026-10
TXN-HIST-2026-10-2473,BANK-OPERATING,2026-10-19,-309300,-3093.0,USD,Wharf Network,HIST-2473,OUT Wharf Network,2026-10
TXN-HIST-2026-10-2474,BANK-OPERATING,2026-10-19,-313400,-3134.0,USD,Driftwood Group,HIST-2474,OUT Driftwood Group,2026-10
TXN-HIST-2026-10-2475,BANK-PAYROLL,2026-10-19,-317500,-3175.0,USD,Juniper Services,HIST-2475,OUT Juniper Services,2026-10
TXN-HIST-2026-10-2476,BANK-OPERATING,2026-10-19,-321600,-3216.0,USD,Quince Labs,HIST-2476,OUT Quince Labs,2026-10
TXN-HIST-2026-10-2477,BANK-OPERATING,2026-10-19,-325700,-3257.0,USD,Walnut Works,HIST-2477,OUT Walnut Works,2026-10
TXN-HIST-2026-10-2478,BANK-OPERATING,2026-10-19,-329800,-3298.0,USD,Echo Network,HIST-2478,OUT Echo Network,2026-10
TXN-HIST-2026-10-2479,BANK-OPERATING,2026-10-20,333900,3339.0,USD,Northwood Supply,HIST-2479,IN Northwood Supply,2026-10
TXN-HIST-2026-10-2480,BANK-OPERATING,2026-10-20,-338000,-3380.0,USD,Teak Partners,HIST-2480,OUT Teak Partners,2026-10
TXN-HIST-2026-10-2481,BANK-OPERATING,2026-10-20,-342100,-3421.0,USD,Beacon Components,HIST-2481,OUT Beacon Components,2026-10
TXN-HIST-2026-10-2482,BANK-PAYROLL,2026-10-20,-346200,-3462.0,USD,Harbor Studio,HIST-2482,OUT Harbor Studio,2026-10
TXN-HIST-2026-10-2483,BANK-OPERATING,2026-10-20,-350300,-3503.0,USD,Nimbus Systems,HIST-2483,OUT Nimbus Systems,2026-10
TXN-HIST-2026-10-2484,BANK-OPERATING,2026-10-20,-354400,-3544.0,USD,Timber Supply,HIST-2484,OUT Timber Supply,2026-10
TXN-HIST-2026-10-2485,BANK-OPERATING,2026-10-20,-358500,-3585.0,USD,Alder Partners,HIST-2485,OUT Alder Partners,2026-10
TXN-HIST-2026-10-2486,BANK-OPERATING,2026-10-21,362600,3626.0,USD,Keel Group,HIST-2486,IN Keel Group,2026-10
TXN-HIST-2026-10-2487,BANK-OPERATING,2026-10-21,-366700,-3667.0,USD,Quarry Services,HIST-2487,OUT Quarry Services,2026-10
TXN-HIST-2026-10-2488,BANK-OPERATING,2026-10-21,-370800,-3708.0,USD,Wharf Labs,HIST-2488,OUT Wharf Labs,2026-10
TXN-HIST-2026-10-2489,BANK-PAYROLL,2026-10-21,-374900,-3749.0,USD,Driftwood Works,HIST-2489,OUT Driftwood Works,2026-10
TXN-HIST-2026-10-2490,BANK-OPERATING,2026-10-21,-379000,-3790.0,USD,Juniper Network,HIST-2490,OUT Juniper Network,2026-10
TXN-HIST-2026-10-2491,BANK-OPERATING,2026-10-21,-383100,-3831.0,USD,Quince Group,HIST-2491,OUT Quince Group,2026-10
TXN-HIST-2026-10-2492,BANK-OPERATING,2026-10-21,-387200,-3872.0,USD,Walnut Services,HIST-2492,OUT Walnut Services,2026-10
TXN-HIST-2026-10-2493,BANK-OPERATING,2026-10-22,391300,3913.0,USD,Ginkgo Components,HIST-2493,IN Ginkgo Components,2026-10
TXN-HIST-2026-10-2494,BANK-OPERATING,2026-10-22,-395400,-3954.0,USD,Northwood Studio,HIST-2494,OUT Northwood Studio,2026-10
TXN-HIST-2026-10-2495,BANK-OPERATING,2026-10-22,-399500,-3995.0,USD,Teak Systems,HIST-2495,OUT Teak Systems,2026-10
TXN-HIST-2026-10-2496,BANK-PAYROLL,2026-10-22,-403600,-4036.0,USD,Beacon Supply,HIST-2496,OUT Beacon Supply,2026-10
TXN-HIST-2026-10-2497,BANK-OPERATING,2026-10-22,-407700,-4077.0,USD,Harbor Partners,HIST-2497,OUT Harbor Partners,2026-10
TXN-HIST-2026-10-2498,BANK-OPERATING,2026-10-22,-411800,-4118.0,USD,Nimbus Components,HIST-2498,OUT Nimbus Components,2026-10
TXN-HIST-2026-10-2499,BANK-OPERATING,2026-10-22,-415900,-4159.0,USD,Timber Studio,HIST-2499,OUT Timber Studio,2026-10
TXN-HIST-2026-10-2500,BANK-OPERATING,2026-10-23,420000,4200.0,USD,Echo Labs,HIST-2500,IN Echo Labs,2026-10
TXN-HIST-2026-10-2501,BANK-OPERATING,2026-10-23,-424100,-4241.0,USD,Keel Works,HIST-2501,OUT Keel Works,2026-10
TXN-HIST-2026-10-2502,BANK-OPERATING,2026-10-23,-428200,-4282.0,USD,Quarry Network,HIST-2502,OUT Quarry Network,2026-10
TXN-HIST-2026-10-2503,BANK-PAYROLL,2026-10-23,-432300,-4323.0,USD,Wharf Group,HIST-2503,OUT Wharf Group,2026-10
TXN-HIST-2026-10-2504,BANK-OPERATING,2026-10-23,-436400,-4364.0,USD,Driftwood Services,HIST-2504,OUT Driftwood Services,2026-10
TXN-HIST-2026-10-2505,BANK-OPERATING,2026-10-23,-440500,-4405.0,USD,Juniper Labs,HIST-2505,OUT Juniper Labs,2026-10
TXN-HIST-2026-10-2506,BANK-OPERATING,2026-10-23,-444600,-4446.0,USD,Quince Works,HIST-2506,OUT Quince Works,2026-10
TXN-HIST-2026-10-2507,BANK-OPERATING,2026-10-24,448700,4487.0,USD,Alder Systems,HIST-2507,IN Alder Systems,2026-10
TXN-HIST-2026-10-2508,BANK-OPERATING,2026-10-24,-452800,-4528.0,USD,Ginkgo Supply,HIST-2508,OUT Ginkgo Supply,2026-10
TXN-HIST-2026-10-2509,BANK-OPERATING,2026-10-24,-456900,-4569.0,USD,Northwood Partners,HIST-2509,OUT Northwood Partners,2026-10
TXN-HIST-2026-10-2510,BANK-PAYROLL,2026-10-24,-461000,-4610.0,USD,Teak Components,HIST-2510,OUT Teak Components,2026-10
TXN-HIST-2026-10-2511,BANK-OPERATING,2026-10-24,-465100,-4651.0,USD,Beacon Studio,HIST-2511,OUT Beacon Studio,2026-10
TXN-HIST-2026-10-2512,BANK-OPERATING,2026-10-24,-469200,-4692.0,USD,Harbor Systems,HIST-2512,OUT Harbor Systems,2026-10
TXN-HIST-2026-10-2513,BANK-OPERATING,2026-10-24,-473300,-4733.0,USD,Nimbus Supply,HIST-2513,OUT Nimbus Supply,2026-10
TXN-HIST-2026-10-2514,BANK-OPERATING,2026-10-25,477400,4774.0,USD,Walnut Network,HIST-2514,IN Walnut Network,2026-10
TXN-HIST-2026-10-2515,BANK-OPERATING,2026-10-25,-481500,-4815.0,USD,Echo Group,HIST-2515,OUT Echo Group,2026-10
TXN-HIST-2026-10-2516,BANK-OPERATING,2026-10-25,-485600,-4856.0,USD,Keel Services,HIST-2516,OUT Keel Services,2026-10
TXN-HIST-2026-10-2517,BANK-PAYROLL,2026-10-25,-489700,-4897.0,USD,Quarry Labs,HIST-2517,OUT Quarry Labs,2026-10
TXN-HIST-2026-10-2518,BANK-OPERATING,2026-10-25,-493800,-4938.0,USD,Wharf Works,HIST-2518,OUT Wharf Works,2026-10
TXN-HIST-2026-10-2519,BANK-OPERATING,2026-10-25,-497900,-4979.0,USD,Driftwood Network,HIST-2519,OUT Driftwood Network,2026-10
TXN-HIST-2026-10-2520,BANK-OPERATING,2026-10-25,-502000,-5020.0,USD,Juniper Group,HIST-2520,OUT Juniper Group,2026-10
TXN-HIST-2026-10-2521,BANK-OPERATING,2026-10-26,506100,5061.0,USD,Timber Partners,HIST-2521,IN Timber Partners,2026-10
TXN-HIST-2026-10-2522,BANK-OPERATING,2026-10-26,-510200,-5102.0,USD,Alder Components,HIST-2522,OUT Alder Components,2026-10
TXN-HIST-2026-10-2523,BANK-OPERATING,2026-10-26,-514300,-5143.0,USD,Ginkgo Studio,HIST-2523,OUT Ginkgo Studio,2026-10
TXN-HIST-2026-10-2524,BANK-PAYROLL,2026-10-26,-518400,-5184.0,USD,Northwood Systems,HIST-2524,OUT Northwood Systems,2026-10
TXN-HIST-2026-10-2525,BANK-OPERATING,2026-10-26,-522500,-5225.0,USD,Teak Supply,HIST-2525,OUT Teak Supply,2026-10
TXN-HIST-2026-10-2526,BANK-OPERATING,2026-10-26,-526600,-5266.0,USD,Beacon Partners,HIST-2526,OUT Beacon Partners,2026-10
TXN-HIST-2026-10-2527,BANK-OPERATING,2026-10-26,-530700,-5307.0,USD,Harbor Components,HIST-2527,OUT Harbor Components,2026-10
TXN-HIST-2026-10-2528,BANK-OPERATING,2026-10-27,534800,5348.0,USD,Quince Services,HIST-2528,IN Quince Services,2026-10
TXN-HIST-2026-10-2529,BANK-OPERATING,2026-10-27,-538900,-5389.0,USD,Walnut Labs,HIST-2529,OUT Walnut Labs,2026-10
TXN-HIST-2026-10-2530,BANK-OPERATING,2026-10-27,-543000,-5430.0,USD,Echo Works,HIST-2530,OUT Echo Works,2026-10
TXN-HIST-2026-10-2531,BANK-PAYROLL,2026-10-27,-547100,-5471.0,USD,Keel Network,HIST-2531,OUT Keel Network,2026-10
TXN-HIST-2026-10-2532,BANK-OPERATING,2026-10-27,-551200,-5512.0,USD,Quarry Group,HIST-2532,OUT Quarry Group,2026-10
TXN-HIST-2026-10-2533,BANK-OPERATING,2026-10-27,-555300,-5553.0,USD,Wharf Services,HIST-2533,OUT Wharf Services,2026-10
TXN-HIST-2026-10-2534,BANK-OPERATING,2026-10-27,-559400,-5594.0,USD,Driftwood Labs,HIST-2534,OUT Driftwood Labs,2026-10
TXN-HIST-2026-10-2535,BANK-OPERATING,2026-10-28,563500,5635.0,USD,Nimbus Studio,HIST-2535,IN Nimbus Studio,2026-10
TXN-HIST-2026-10-2536,BANK-OPERATING,2026-10-28,-567600,-5676.0,USD,Timber Systems,HIST-2536,OUT Timber Systems,2026-10
TXN-HIST-2026-10-2537,BANK-OPERATING,2026-10-28,-571700,-5717.0,USD,Alder Supply,HIST-2537,OUT Alder Supply,2026-10
TXN-HIST-2026-10-2538,BANK-PAYROLL,2026-10-28,-575800,-5758.0,USD,Ginkgo Partners,HIST-2538,OUT Ginkgo Partners,2026-10
TXN-HIST-2026-10-2539,BANK-OPERATING,2026-10-28,-579900,-5799.0,USD,Northwood Components,HIST-2539,OUT Northwood Components,2026-10
TXN-HIST-2026-10-2540,BANK-OPERATING,2026-10-28,-584000,-5840.0,USD,Teak Studio,HIST-2540,OUT Teak Studio,2026-10
TXN-HIST-2026-10-2541,BANK-OPERATING,2026-10-28,-588100,-5881.0,USD,Beacon Systems,HIST-2541,OUT Beacon Systems,2026-10
TXN-HIST-2026-10-2542,BANK-OPERATING,2026-10-29,592200,5922.0,USD,Juniper Works,HIST-2542,IN Juniper Works,2026-10
TXN-HIST-2026-10-2543,BANK-OPERATING,2026-10-29,-596300,-5963.0,USD,Quince Network,HIST-2543,OUT Quince Network,2026-10
TXN-HIST-2026-10-2544,BANK-OPERATING,2026-10-29,-600400,-6004.0,USD,Walnut Group,HIST-2544,OUT Walnut Group,2026-10
TXN-HIST-2026-10-2545,BANK-PAYROLL,2026-10-29,-604500,-6045.0,USD,Echo Services,HIST-2545,OUT Echo Services,2026-10
TXN-HIST-2026-10-2546,BANK-OPERATING,2026-10-29,-608600,-6086.0,USD,Keel Labs,HIST-2546,OUT Keel Labs,2026-10
TXN-HIST-2026-10-2547,BANK-OPERATING,2026-10-29,-612700,-6127.0,USD,Quarry Works,HIST-2547,OUT Quarry Works,2026-10
TXN-HIST-2026-10-2548,BANK-OPERATING,2026-10-29,-616800,-6168.0,USD,Wharf Network,HIST-2548,OUT Wharf Network,2026-10
TXN-HIST-2026-10-2549,BANK-OPERATING,2026-10-30,620900,6209.0,USD,Harbor Supply,HIST-2549,IN Harbor Supply,2026-10
TXN-HIST-2026-10-2550,BANK-OPERATING,2026-10-30,-625000,-6250.0,USD,Nimbus Partners,HIST-2550,OUT Nimbus Partners,2026-10
TXN-HIST-2026-10-2551,BANK-OPERATING,2026-10-30,-629100,-6291.0,USD,Timber Components,HIST-2551,OUT Timber Components,2026-10
TXN-HIST-2026-10-2552,BANK-PAYROLL,2026-10-30,-633200,-6332.0,USD,Alder Studio,HIST-2552,OUT Alder Studio,2026-10
TXN-HIST-2026-10-2553,BANK-OPERATING,2026-10-30,-637300,-6373.0,USD,Ginkgo Systems,HIST-2553,OUT Ginkgo Systems,2026-10
TXN-HIST-2026-10-2554,BANK-OPERATING,2026-10-30,-641400,-6414.0,USD,Northwood Supply,HIST-2554,OUT Northwood Supply,2026-10
TXN-HIST-2026-10-2555,BANK-OPERATING,2026-10-30,-645500,-6455.0,USD,Teak Partners,HIST-2555,OUT Teak Partners,2026-10
TXN-HIST-2026-10-2556,BANK-OPERATING,2026-10-31,649600,6496.0,USD,Driftwood Group,HIST-2556,IN Driftwood Group,2026-10
TXN-HIST-2026-10-2557,BANK-OPERATING,2026-10-31,-653700,-6537.0,USD,Juniper Services,HIST-2557,OUT Juniper Services,2026-10
TXN-HIST-2026-10-2558,BANK-OPERATING,2026-10-31,-657800,-6578.0,USD,Quince Labs,HIST-2558,OUT Quince Labs,2026-10
TXN-HIST-2026-10-2559,BANK-PAYROLL,2026-10-31,-661900,-6619.0,USD,Walnut Works,HIST-2559,OUT Walnut Works,2026-10
TXN-HIST-2026-10-2560,BANK-OPERATING,2026-10-31,-666000,-6660.0,USD,Echo Network,HIST-2560,OUT Echo Network,2026-10
TXN-HIST-2026-10-2561,BANK-OPERATING,2026-10-31,-670100,-6701.0,USD,Keel Group,HIST-2561,OUT Keel Group,2026-10
TXN-HIST-2026-10-2562,BANK-OPERATING,2026-10-31,-674200,-6742.0,USD,Quarry Services,HIST-2562,OUT Quarry Services,2026-10
