invoice_id,vendor_id,vendor,vendor_invoice_number,invoice_date,due_date,amount,currency,po_id,status,paid_date,period,description,journal_id
HAP-2025-10-0001,VEND-002,Amazon Web Services,AMA-2025-10-0001,2025-10-02,2025-11-01,30.11,USD,HPO-2025-10-0001,PAID,2025-10-20,2025-10,usage overage block 2025-10,JE-HAP-2025-10-0001
HAP-2025-10-0002,VEND-006,Datadog,DAT-2025-10-0002,2025-10-02,2025-11-01,7200.22,USD,HPO-2025-10-0002,PAID,2025-10-20,2025-10,premium support 2025-10,JE-HAP-2025-10-0002
HAP-2025-10-0003,VEND-011,Hartford Insurance,HAR-2025-10-0003,2025-10-02,2025-11-01,231.33,USD,HPO-2025-10-0003,PAID,2025-10-20,2025-10,warehouse consumables 2025-10,JE-HAP-2025-10-0003
HAP-2025-10-0004,VEND-015,Harbor Electric,HAR-2025-10-0004,2025-10-02,2025-11-01,96.44,USD,HPO-2025-10-0004,PAID,2025-10-20,2025-10,security monitoring hosts 2025-10,JE-HAP-2025-10-0004
HAP-2025-10-0005,VEND-019,Freightline Logistics,FRE-2025-10-0005,2025-10-02,2025-11-01,150.55,USD,HPO-2025-10-0005,PAID,2025-10-20,2025-10,usage overage block 2025-10,JE-HAP-2025-10-0005
HAP-2025-10-0006,VEND-023,Notion Labs,NOT-2025-10-0006,2025-10-02,2025-11-01,1800.66,USD,HPO-2025-10-0006,PAID,2025-10-20,2025-10,premium support 2025-10,JE-HAP-2025-10-0006
HAP-2025-10-0007,VEND-027,Zoom Video,ZOO-2025-10-0007,2025-10-02,2025-11-01,116.27,USD,HPO-2025-10-0007,PAID,2025-10-20,2025-10,warehouse consumables 2025-10,JE-HAP-2025-10-0007
HAP-2025-10-0008,VEND-031,Helios Hardware Supply,HEL-2025-10-0008,2025-10-02,2025-11-01,60.88,USD,HPO-2025-10-0008,PAID,2025-10-20,2025-10,security monitoring hosts 2025-10,JE-HAP-2025-10-0008
HAP-2025-10-0009,VEND-035,ADP,ADP-2025-10-0009,2025-10-02,2025-11-01,105.99,USD,HPO-2025-10-0009,PAID,2025-10-20,2025-10,usage overage block 2025-10,JE-HAP-2025-10-0009
HAP-2025-10-0010,VEND-039,CleanRoom Janitorial,CLE-2025-10-0010,2025-10-02,2025-11-01,16201.1,USD,HPO-2025-10-0010,PAID,2025-10-20,2025-10,premium support 2025-10,JE-HAP-2025-10-0010
HAP-2025-10-0011,VEND-043,Adyen NV,ADY-2025-10-0011,2025-10-02,2025-11-01,424.71,USD,HPO-2025-10-0011,PAID,2025-10-20,2025-10,warehouse consumables 2025-10,JE-HAP-2025-10-0011
HAP-2025-10-0012,VEND-047,Carta,CAR-2025-10-0012,2025-10-02,2025-11-01,25.32,USD,HPO-2025-10-0012,PAID,2025-10-20,2025-10,security monitoring hosts 2025-10,JE-HAP-2025-10-0012
HAP-2025-10-0013,VEND-051,Northwood Supply,NOR-2025-10-0013,2025-10-02,2025-11-01,61.43,USD,HPO-2025-10-0013,PAID,2025-10-20,2025-10,usage overage block 2025-10,JE-HAP-2025-10-0013
HAP-2025-10-0014,VEND-055,Beacon Components,BEA-2025-10-0014,2025-10-02,2025-11-01,10801.54,USD,HPO-2025-10-0014,PAID,2025-10-20,2025-10,premium support 2025-10,JE-HAP-2025-10-0014
HAP-2025-10-0015,VEND-059,Nimbus Systems,NIM-2025-10-0015,2025-10-02,2025-11-01,309.65,USD,HPO-2025-10-0015,PAID,2025-10-20,2025-10,warehouse consumables 2025-10,JE-HAP-2025-10-0015
HAP-2025-10-0016,VEND-063,Alder Partners,ALD-2025-10-0016,2025-10-02,2025-11-01,121.76,USD,HPO-2025-10-0016,PAID,2025-10-20,2025-10,security monitoring hosts 2025-10,JE-HAP-2025-10-0016
HAP-2025-10-0017,VEND-067,Northwood Studio,NOR-2025-10-0017,2025-10-02,2025-11-01,16.87,USD,HPO-2025-10-0017,PAID,2025-10-20,2025-10,usage overage block 2025-10,JE-HAP-2025-10-0017
HAP-2025-10-0018,VEND-071,Beacon Supply,BEA-2025-10-0018,2025-10-02,2025-11-01,5401.98,USD,HPO-2025-10-0018,PAID,2025-10-20,2025-10,premium support 2025-10,JE-HAP-2025-10-0018
HAP-2025-10-0019,VEND-075,Nimbus Components,NIM-2025-10-0019,2025-10-02,2025-11-01,194.59,USD,HPO-2025-10-0019,PAID,2025-10-20,2025-10,warehouse consumables 2025-10,JE-HAP-2025-10-0019
HAP-2025-10-0020,VEND-079,Alder Systems,ALD-2025-10-0020,2025-10-02,2025-11-01,86.2,USD,HPO-2025-10-0020,PAID,2025-10-20,2025-10,security monitoring hosts 2025-10,JE-HAP-2025-10-0020
HAP-2025-10-0021,VEND-083,Northwood Partners,NOR-2025-10-0021,2025-10-02,2025-11-01,137.31,USD,HPO-2025-10-0021,PAID,2025-10-20,2025-10,usage overage block 2025-10,JE-HAP-2025-10-0021
HAP-2025-10-0022,VEND-087,Beacon Studio,BEA-2025-10-0022,2025-10-02,2025-11-01,19802.42,USD,HPO-2025-10-0022,PAID,2025-10-20,2025-10,premium support 2025-10,JE-HAP-2025-10-0022
HAP-2025-10-0023,VEND-069,Teak Systems,TEA-2025-10-0023,2025-10-03,2025-11-02,24.0,USD,HPO-2025-10-0023,PAID,2025-10-21,2025-10,security monitoring hosts 2025-10,JE-HAP-2025-10-0023
HAP-2025-10-0024,VEND-073,Harbor Partners,HAR-2025-10-0024,2025-10-03,2025-11-02,60.11,USD,HPO-2025-10-0024,PAID,2025-10-21,2025-10,usage overage block 2025-10,JE-HAP-2025-10-0024
HAP-2025-10-0025,VEND-077,Timber Studio,TIM-2025-10-0025,2025-10-03,2025-11-02,10800.22,USD,HPO-2025-10-0025,PAID,2025-10-21,2025-10,premium support 2025-10,JE-HAP-2025-10-0025
HAP-2025-10-0026,VEND-081,Ginkgo Supply,GIN-2025-10-0026,2025-10-03,2025-11-02,308.33,USD,HPO-2025-10-0026,PAID,2025-10-21,2025-10,warehouse consumables 2025-10,JE-HAP-2025-10-0026
HAP-2025-10-0027,VEND-085,Teak Components,TEA-2025-10-0027,2025-10-03,2025-11-02,120.44,USD,HPO-2025-10-0027,PAID,2025-10-21,2025-10,security monitoring hosts 2025-10,JE-HAP-2025-10-0027
HAP-2025-10-0028,VEND-089,Harbor Systems,HAR-2025-10-0028,2025-10-03,2025-11-02,15.55,USD,HPO-2025-10-0028,PAID,2025-10-21,2025-10,usage overage block 2025-10,JE-HAP-2025-10-0028
HAP-2025-10-0029,VEND-093,Timber Partners,TIM-2025-10-0029,2025-10-03,2025-11-02,5400.66,USD,HPO-2025-10-0029,PAID,2025-10-21,2025-10,premium support 2025-10,JE-HAP-2025-10-0029
HAP-2025-10-0030,VEND-097,Ginkgo Studio,GIN-2025-10-0030,2025-10-03,2025-11-02,193.27,USD,HPO-2025-10-0030,PAID,2025-10-21,2025-10,warehouse consumables 2025-10,JE-HAP-2025-10-0030
HAP-2025-10-0031,VEND-101,Teak Supply,TEA-2025-10-0031,2025-10-03,2025-11-02,84.88,USD,HPO-2025-10-0031,PAID,2025-10-21,2025-10,security monitoring hosts 2025-10,JE-HAP-2025-10-0031
HAP-2025-10-0032,VEND-105,Harbor Components,HAR-2025-10-0032,2025-10-03,2025-11-02,135.99,USD,HPO-2025-10-0032,PAID,2025-10-21,2025-10,usage overage block 2025-10,JE-HAP-2025-10-0032
HAP-2025-10-0033,VEND-109,Timber Systems,TIM-2025-10-0033,2025-10-03,2025-11-02,19801.1,USD,HPO-2025-10-0033,PAID,2025-10-21,2025-10,premium support 2025-10,JE-HAP-2025-10-0033
HAP-2025-10-0034,VEND-113,Ginkgo Partners,GIN-2025-10-0034,2025-10-03,2025-11-02,78.21,USD,HPO-2025-10-0034,PAID,2025-10-21,2025-10,warehouse consumables 2025-10,JE-HAP-2025-10-0034
HAP-2025-10-0035,VEND-117,Teak Studio,TEA-2025-10-0035,2025-10-03,2025-11-02,49.32,USD,HPO-2025-10-0035,PAID,2025-10-21,2025-10,security monitoring hosts 2025-10,JE-HAP-2025-10-0035
HAP-2025-10-0036,VEND-121,Harbor Supply,HAR-2025-10-0036,2025-10-03,2025-11-02,91.43,USD,HPO-2025-10-0036,PAID,2025-10-21,2025-10,usage overage block 2025-10,JE-HAP-2025-10-0036
HAP-2025-10-0037,VEND-125,Timber Components,TIM-2025-10-0037,2025-10-03,2025-11-02,14401.54,USD,HPO-2025-10-0037,PAID,2025-10-21,2025-10,premium support 2025-10,JE-HAP-2025-10-0037
HAP-2025-10-0038,VEND-129,Ginkgo Systems,GIN-2025-10-0038,2025-10-03,2025-11-02,386.65,USD,HPO-2025-10-0038,PAID,2025-10-21,2025-10,warehouse consumables 2025-10,JE-HAP-2025-10-0038
HAP-2025-10-0039,VEND-133,Teak Partners,TEA-2025-10-0039,2025-10-03,2025-11-02,13.76,USD,HPO-2025-10-0039,PAID,2025-10-21,2025-10,security monitoring hosts 2025-10,JE-HAP-2025-10-0039
HAP-2025-10-0040,VEND-137,Harbor Studio,HAR-2025-10-0040,2025-10-03,2025-11-02,46.87,USD,HPO-2025-10-0040,PAID,2025-10-21,2025-10,usage overage block 2025-10,JE-HAP-2025-10-0040
HAP-2025-10-0041,VEND-141,Timber Supply,TIM-2025-10-0041,2025-10-03,2025-11-02,9001.98,USD,HPO-2025-10-0041,PAID,2025-10-21,2025-10,premium support 2025-10,JE-HAP-2025-10-0041
HAP-2025-10-0042,VEND-145,Ginkgo Components,GIN-2025-10-0042,2025-10-03,2025-11-02,271.59,USD,HPO-2025-10-0042,PAID,2025-10-21,2025-10,warehouse consumables 2025-10,JE-HAP-2025-10-0042
HAP-2025-10-0043,VEND-149,Teak Systems,TEA-2025-10-0043,2025-10-03,2025-11-02,110.2,USD,HPO-2025-10-0043,PAID,2025-10-21,2025-10,security monitoring hosts 2025-10,JE-HAP-2025-10-0043
HAP-2025-10-0044,VEND-153,Harbor Partners,HAR-2025-10-0044,2025-10-03,2025-11-02,167.31,USD,HPO-2025-10-0044,PAID,2025-10-21,2025-10,usage overage block 2025-10,JE-HAP-2025-10-0044
HAP-2025-10-0045,VEND-135,Beacon Components,BEA-2025-10-0045,2025-10-04,2025-11-03,79.42,USD,HPO-2025-10-0045,PAID,2025-10-22,2025-10,warehouse consumables 2025-10,JE-HAP-2025-10-0045
HAP-2025-10-0046,VEND-139,Nimbus Systems,NIM-2025-10-0046,2025-10-04,2025-11-03,48.0,USD,HPO-2025-10-0046,PAID,2025-10-22,2025-10,security monitoring hosts 2025-10,JE-HAP-2025-10-0046
HAP-2025-10-0047,VEND-143,Alder Partners,ALD-2025-10-0047,2025-10-04,2025-11-03,90.11,USD,HPO-2025-10-0047,PAID,2025-10-22,2025-10,usage overage block 2025-10,JE-HAP-2025-10-0047
HAP-2025-10-0048,VEND-147,Northwood Studio,NOR-2025-10-0048,2025-10-04,2025-11-03,14400.22,USD,HPO-2025-10-0048,PAID,2025-10-22,2025-10,premium support 2025-10,JE-HAP-2025-10-0048
HAP-2025-10-0049,VEND-151,Beacon Supply,BEA-2025-10-0049,2025-10-04,2025-11-03,385.33,USD,HPO-2025-10-0049,PAID,2025-10-22,2025-10,warehouse consumables 2025-10,JE-HAP-2025-10-0049
HAP-2025-10-0050,VEND-155,Nimbus Components,NIM-2025-10-0050,2025-10-04,2025-11-03,12.44,USD,HPO-2025-10-0050,PAID,2025-10-22,2025-10,security monitoring hosts 2025-10,JE-HAP-2025-10-0050
HAP-2025-10-0051,VEND-159,Alder Systems,ALD-2025-10-0051,2025-10-04,2025-11-03,45.55,USD,HPO-2025-10-0051,PAID,2025-10-22,2025-10,usage overage block 2025-10,JE-HAP-2025-10-0051
HAP-2025-10-0052,VEND-163,Northwood Partners,NOR-2025-10-0052,2025-10-04,2025-11-03,9000.66,USD,HPO-2025-10-0052,PAID,2025-10-22,2025-10,premium support 2025-10,JE-HAP-2025-10-0052
HAP-2025-10-0053,VEND-167,Beacon Studio,BEA-2025-10-0053,2025-10-04,2025-11-03,270.27,USD,HPO-2025-10-0053,PAID,2025-10-22,2025-10,warehouse consumables 2025-10,JE-HAP-2025-10-0053
HAP-2025-10-0054,VEND-171,Nimbus Supply,NIM-2025-10-0054,2025-10-04,2025-11-03,108.88,USD,HPO-2025-10-0054,PAID,2025-10-22,2025-10,security monitoring hosts 2025-10,JE-HAP-2025-10-0054
HAP-2025-10-0055,VEND-175,Alder Components,ALD-2025-10-0055,2025-10-04,2025-11-03,165.99,USD,HPO-2025-10-0055,PAID,2025-10-22,2025-10,usage overage block 2025-10,JE-HAP-2025-10-0055
HAP-2025-10-0056,VEND-179,Northwood Systems,NOR-2025-10-0056,2025-10-04,2025-11-03,3601.1,USD,HPO-2025-10-0056,PAID,2025-10-22,2025-10,premium support 2025-10,JE-HAP-2025-10-0056
HAP-2025-10-0057,VEND-183,Beacon Partners,BEA-2025-10-0057,2025-10-04,2025-11-03,155.21,USD,HPO-2025-10-0057,PAID,2025-10-22,2025-10,warehouse consumables 2025-10,JE-HAP-2025-10-0057
HAP-2025-10-0058,VEND-187,Nimbus Studio,NIM-2025-10-0058,2025-10-04,2025-11-03,73.32,USD,HPO-2025-10-0058,PAID,2025-10-22,2025-10,security monitoring hosts 2025-10,JE-HAP-2025-10-0058
HAP-2025-10-0059,VEND-191,Alder Supply,ALD-2025-10-0059,2025-10-04,2025-11-03,121.43,USD,HPO-2025-10-0059,PAID,2025-10-22,2025-10,usage overage block 2025-10,JE-HAP-2025-10-0059
HAP-2025-10-0060,VEND-195,Northwood Components,NOR-2025-10-0060,2025-10-04,2025-11-03,18001.54,USD,HPO-2025-10-0060,PAID,2025-10-22,2025-10,premium support 2025-10,JE-HAP-2025-10-0060
HAP-2025-10-0061,VEND-199,Beacon Systems,BEA-2025-10-0061,2025-10-04,2025-11-03,40.15,USD,HPO-2025-10-0061,PAID,2025-10-22,2025-10,warehouse consumables 2025-10,JE-HAP-2025-10-0061
HAP-2025-10-0062,VEND-203,Nimbus Partners,NIM-2025-10-0062,2025-10-04,2025-11-03,37.76,USD,HPO-2025-10-0062,PAID,2025-10-22,2025-10,security monitoring hosts 2025-10,JE-HAP-2025-10-0062
HAP-2025-10-0063,VEND-207,Alder Studio,ALD-2025-10-0063,2025-10-04,2025-11-03,76.87,USD,HPO-2025-10-0063,PAID,2025-10-22,2025-10,usage overage block 2025-10,JE-HAP-2025-10-0063
HAP-2025-10-0064,VEND-211,Northwood Supply,NOR-2025-10-0064,2025-10-04,2025-11-03,12601.98,USD,HPO-2025-10-0064,PAID,2025-10-22,2025-10,premium support 2025-10,JE-HAP-2025-10-0064
HAP-2025-10-0065,VEND-215,Beacon Components,BEA-2025-10-0065,2025-10-04,2025-11-03,348.59,USD,HPO-2025-10-0065,PAID,2025-10-22,2025-10,warehouse consumables 2025-10,JE-HAP-2025-10-0065
HAP-2025-10-0066,VEND-219,Nimbus Systems,NIM-2025-10-0066,2025-10-04,2025-11-03,134.2,USD,HPO-2025-10-0066,PAID,2025-10-22,2025-10,security monitoring hosts 2025-10,JE-HAP-2025-10-0066
HAP-2025-10-0067,VEND-201,Harbor Supply,HAR-2025-10-0067,2025-10-05,2025-11-04,3602.31,USD,HPO-2025-10-0067,PAID,2025-10-23,2025-10,premium support 2025-10,JE-HAP-2025-10-0067
HAP-2025-10-0068,VEND-205,Timber Components,TIM-2025-10-0068,2025-10-05,2025-11-04,156.42,USD,HPO-2025-10-0068,PAID,2025-10-23,2025-10,warehouse consumables 2025-10,JE-HAP-2025-10-0068
HAP-2025-10-0069,VEND-209,Ginkgo Systems,GIN-2025-10-0069,2025-10-05,2025-11-04,72.0,USD,HPO-2025-10-0069,PAID,2025-10-23,2025-10,security monitoring hosts 2025-10,JE-HAP-2025-10-0069
HAP-2025-10-0070,VEND-213,Teak Partners,TEA-2025-10-0070,2025-10-05,2025-11-04,120.11,USD,HPO-2025-10-0070,PAID,2025-10-23,2025-10,usage overage block 2025-10,JE-HAP-2025-10-0070
HAP-2025-10-0071,VEND-217,Harbor Studio,HAR-2025-10-0071,2025-10-05,2025-11-04,18000.22,USD,HPO-2025-10-0071,PAID,2025-10-23,2025-10,premium support 2025-10,JE-HAP-2025-10-0071
HAP-2025-10-0072,VEND-221,Timber Supply,TIM-2025-10-0072,2025-10-05,2025-11-04,38.83,USD,HPO-2025-10-0072,PAID,2025-10-23,2025-10,warehouse consumables 2025-10,JE-HAP-2025-10-0072
HAP-2025-10-0073,VEND-225,Ginkgo Components,GIN-2025-10-0073,2025-10-05,2025-11-04,36.44,USD,HPO-2025-10-0073,PAID,2025-10-23,2025-10,security monitoring hosts 2025-10,JE-HAP-2025-10-0073
HAP-2025-10-0074,VEND-229,Teak Systems,TEA-2025-10-0074,2025-10-05,2025-11-04,75.55,USD,HPO-2025-10-0074,PAID,2025-10-23,2025-10,usage overage block 2025-10,JE-HAP-2025-10-0074
HAP-2025-10-0075,VEND-233,Harbor Partners,HAR-2025-10-0075,2025-10-05,2025-11-04,12600.66,USD,HPO-2025-10-0075,PAID,2025-10-23,2025-10,premium support 2025-10,JE-HAP-2025-10-0075
HAP-2025-10-0076,VEND-237,Timber Studio,TIM-2025-10-0076,2025-10-05,2025-11-04,347.27,USD,HPO-2025-10-0076,PAID,2025-10-23,2025-10,warehouse consumables 2025-10,JE-HAP-2025-10-0076
HAP-2025-10-0077,VEND-241,Ginkgo Supply,GIN-2025-10-0077,2025-10-05,2025-11-04,132.88,USD,HPO-2025-10-0077,PAID,2025-10-23,2025-10,security monitoring hosts 2025-10,JE-HAP-2025-10-0077
HAP-2025-10-0078,VEND-245,Teak Components,TEA-2025-10-0078,2025-10-05,2025-11-04,30.99,USD,HPO-2025-10-0078,PAID,2025-10-23,2025-10,usage overage block 2025-10,JE-HAP-2025-10-0078
HAP-2025-10-0079,VEND-249,Harbor Systems,HAR-2025-10-0079,2025-10-05,2025-11-04,7201.1,USD,HPO-2025-10-0079,PAID,2025-10-23,2025-10,premium support 2025-10,JE-HAP-2025-10-0079
HAP-2025-10-0080,VEND-253,Timber Partners,TIM-2025-10-0080,2025-10-05,2025-11-04,232.21,USD,HPO-2025-10-0080,PAID,2025-10-23,2025-10,warehouse consumables 2025-10,JE-HAP-2025-10-0080
HAP-2025-10-0081,VEND-257,Ginkgo Studio,GIN-2025-10-0081,2025-10-05,2025-11-04,97.32,USD,HPO-2025-10-0081,PAID,2025-10-23,2025-10,security monitoring hosts 2025-10,JE-HAP-2025-10-0081
HAP-2025-10-0082,VEND-261,Teak Supply,TEA-2025-10-0082,2025-10-05,2025-11-04,151.43,USD,HPO-2025-10-0082,PAID,2025-10-23,2025-10,usage overage block 2025-10,JE-HAP-2025-10-0082
HAP-2025-10-0083,VEND-265,Harbor Components,HAR-2025-10-0083,2025-10-05,2025-11-04,1801.54,USD,HPO-2025-10-0083,PAID,2025-10-23,2025-10,premium support 2025-10,JE-HAP-2025-10-0083
HAP-2025-10-0084,VEND-269,Timber Systems,TIM-2025-10-0084,2025-10-05,2025-11-04,117.15,USD,HPO-2025-10-0084,PAID,2025-10-23,2025-10,warehouse consumables 2025-10,JE-HAP-2025-10-0084
HAP-2025-10-0085,VEND-273,Ginkgo Partners,GIN-2025-10-0085,2025-10-05,2025-11-04,61.76,USD,HPO-2025-10-0085,PAID,2025-10-23,2025-10,security monitoring hosts 2025-10,JE-HAP-2025-10-0085
HAP-2025-10-0086,VEND-277,Teak Studio,TEA-2025-10-0086,2025-10-05,2025-11-04,106.87,USD,HPO-2025-10-0086,PAID,2025-10-23,2025-10,usage overage block 2025-10,JE-HAP-2025-10-0086
HAP-2025-10-0087,VEND-281,Harbor Supply,HAR-2025-10-0087,2025-10-05,2025-11-04,16201.98,USD,HPO-2025-10-0087,PAID,2025-10-23,2025-10,premium support 2025-10,JE-HAP-2025-10-0087
HAP-2025-10-0088,VEND-285,Timber Components,TIM-2025-10-0088,2025-10-05,2025-11-04,425.59,USD,HPO-2025-10-0088,PAID,2025-10-23,2025-10,warehouse consumables 2025-10,JE-HAP-2025-10-0088
HAP-2025-10-0089,VEND-267,Nimbus Studio,NIM-2025-10-0089,2025-10-06,2025-11-05,32.2,USD,HPO-2025-10-0089,PAID,2025-10-24,2025-10,usage overage block 2025-10,JE-HAP-2025-10-0089
HAP-2025-10-0090,VEND-271,Alder Supply,ALD-2025-10-0090,2025-10-06,2025-11-05,7202.31,USD,HPO-2025-10-0090,PAID,2025-10-24,2025-10,premium support 2025-10,JE-HAP-2025-10-0090
HAP-2025-10-0091,VEND-275,Northwood Components,NOR-2025-10-0091,2025-10-06,2025-11-05,233.42,USD,HPO-2025-10-0091,PAID,2025-10-24,2025-10,warehouse consumables 2025-10,JE-HAP-2025-10-0091
HAP-2025-10-0092,VEND-279,Beacon Systems,BEA-2025-10-0092,2025-10-06,2025-11-05,96.0,USD,HPO-2025-10-0092,PAID,2025-10-24,2025-10,security monitoring hosts 2025-10,JE-HAP-2025-10-0092
HAP-2025-10-0093,VEND-283,Nimbus Partners,NIM-2025-10-0093,2025-10-06,2025-11-05,150.11,USD,HPO-2025-10-0093,PAID,2025-10-24,2025-10,usage overage block 2025-10,JE-HAP-2025-10-0093
HAP-2025-10-0094,VEND-287,Alder Studio,ALD-2025-10-0094,2025-10-06,2025-11-05,1800.22,USD,HPO-2025-10-0094,PAID,2025-10-24,2025-10,premium support 2025-10,JE-HAP-2025-10-0094
HAP-2025-10-0095,VEND-291,Northwood Supply,NOR-2025-10-0095,2025-10-06,2025-11-05,115.83,USD,HPO-2025-10-0095,PAID,2025-10-24,2025-10,warehouse consumables 2025-10,JE-HAP-2025-10-0095
HAP-2025-10-0096,VEND-295,Beacon Components,BEA-2025-10-0096,2025-10-06,2025-11-05,60.44,USD,HPO-2025-10-0096,PAID,2025-10-24,2025-10,security monitoring hosts 2025-10,JE-HAP-2025-10-0096
HAP-2025-10-0097,VEND-299,Nimbus Systems,NIM-2025-10-0097,2025-10-06,2025-11-05,105.55,USD,HPO-2025-10-0097,PAID,2025-10-24,2025-10,usage overage block 2025-10,JE-HAP-2025-10-0097
HAP-2025-10-0098,VEND-303,Alder Partners,ALD-2025-10-0098,2025-10-06,2025-11-05,16200.66,USD,HPO-2025-10-0098,PAID,2025-10-24,2025-10,premium support 2025-10,JE-HAP-2025-10-0098
HAP-2025-10-0099,VEND-307,Northwood Studio,NOR-2025-10-0099,2025-10-06,2025-11-05,424.27,USD,HPO-2025-10-0099,PAID,2025-10-24,2025-10,warehouse consumables 2025-10,JE-HAP-2025-10-0099
HAP-2025-10-0100,VEND-311,Beacon Supply,BEA-2025-10-0100,2025-10-06,2025-11-05,24.88,USD,HPO-2025-10-0100,PAID,2025-10-24,2025-10,security monitoring hosts 2025-10,JE-HAP-2025-10-0100
HAP-2025-10-0101,VEND-315,Nimbus Components,NIM-2025-10-0101,2025-10-06,2025-11-05,60.99,USD,HPO-2025-10-0101,PAID,2025-10-24,2025-10,usage overage block 2025-10,JE-HAP-2025-10-0101
HAP-2025-10-0102,VEND-319,Alder Systems,ALD-2025-10-0102,2025-10-06,2025-11-05,10801.1,USD,HPO-2025-10-0102,PAID,2025-10-24,2025-10,premium support 2025-10,JE-HAP-2025-10-0102
HAP-2025-10-0103,VEND-323,Northwood Partners,NOR-2025-10-0103,2025-10-06,2025-11-05,309.21,USD,HPO-2025-10-0103,PAID,2025-10-24,2025-10,warehouse consumables 2025-10,JE-HAP-2025-10-0103
HAP-2025-10-0104,VEND-002,Amazon Web Services,AMA-2025-10-0104,2025-10-06,2025-11-05,121.32,USD,HPO-2025-10-0104,PAID,2025-10-24,2025-10,security monitoring hosts 2025-10,JE-HAP-2025-10-0104
HAP-2025-10-0105,VEND-006,Datadog,DAT-2025-10-0105,2025-10-06,2025-11-05,16.43,USD,HPO-2025-10-0105,PAID,2025-10-24,2025-10,usage overage block 2025-10,JE-HAP-2025-10-0105
HAP-2025-10-0106,VEND-011,Hartford Insurance,HAR-2025-10-0106,2025-10-06,2025-11-05,5401.54,USD,HPO-2025-10-0106,PAID,2025-10-24,2025-10,premium support 2025-10,JE-HAP-2025-10-0106
HAP-2025-10-0107,VEND-015,Harbor Electric,HAR-2025-10-0107,2025-10-06,2025-11-05,194.15,USD,HPO-2025-10-0107,PAID,2025-10-24,2025-10,warehouse consumables 2025-10,JE-HAP-2025-10-0107
HAP-2025-10-0108,VEND-019,Freightline Logistics,FRE-2025-10-0108,2025-10-06,2025-11-05,85.76,USD,HPO-2025-10-0108,PAID,2025-10-24,2025-10,security monitoring hosts 2025-10,JE-HAP-2025-10-0108
HAP-2025-10-0109,VEND-023,Notion Labs,NOT-2025-10-0109,2025-10-06,2025-11-05,136.87,USD,HPO-2025-10-0109,PAID,2025-10-24,2025-10,usage overage block 2025-10,JE-HAP-2025-10-0109
HAP-2025-10-0110,VEND-027,Zoom Video,ZOO-2025-10-0110,2025-10-06,2025-11-05,19801.98,USD,HPO-2025-10-0110,PAID,2025-10-24,2025-10,premium support 2025-10,JE-HAP-2025-10-0110
HAP-2025-10-0111,VEND-008,Figma,FIG-2025-10-0111,2025-10-07,2025-11-06,26.09,USD,HPO-2025-10-0111,PAID,2025-10-25,2025-10,security monitoring hosts 2025-10,JE-HAP-2025-10-0111
HAP-2025-10-0112,VEND-013,Cambridge Properties,CAM-2025-10-0112,2025-10-07,2025-11-06,62.2,USD,HPO-2025-10-0112,PAID,2025-10-25,2025-10,usage overage block 2025-10,JE-HAP-2025-10-0112
HAP-2025-10-0113,VEND-017,GitHub,GIT-2025-10-0113,2025-10-07,2025-11-06,10802.31,USD,HPO-2025-10-0113,PAID,2025-10-25,2025-10,premium support 2025-10,JE-HAP-2025-10-0113
HAP-2025-10-0114,VEND-021,Misc Supplies,MIS-2025-10-0114,2025-10-07,2025-11-06,310.42,USD,HPO-2025-10-0114,PAID,2025-10-25,2025-10,warehouse consumables 2025-10,JE-HAP-2025-10-0114
HAP-2025-10-0115,VEND-025,Okta,OKT-2025-10-0115,2025-10-07,2025-11-06,120.0,USD,HPO-2025-10-0115,PAID,2025-10-25,2025-10,security monitoring hosts 2025-10,JE-HAP-2025-10-0115
HAP-2025-10-0116,VEND-029,Cloudflare,CLO-2025-10-0116,2025-10-07,2025-11-06,15.11,USD,HPO-2025-10-0116,PAID,2025-10-25,2025-10,usage overage block 2025-10,JE-HAP-2025-10-0116
HAP-2025-10-0117,VEND-033,Staples Business Advantage,STA-2025-10-0117,2025-10-07,2025-11-06,5400.22,USD,HPO-2025-10-0117,PAID,2025-10-25,2025-10,premium support 2025-10,JE-HAP-2025-10-0117
HAP-2025-10-0118,VEND-037,Comcast Business,COM-2025-10-0118,2025-10-07,2025-11-06,192.83,USD,HPO-2025-10-0118,PAID,2025-10-25,2025-10,warehouse consumables 2025-10,JE-HAP-2025-10-0118
HAP-2025-10-0119,VEND-041,HubSpot,HUB-2025-10-0119,2025-10-07,2025-11-06,84.44,USD,HPO-2025-10-0119,PAID,2025-10-25,2025-10,security monitoring hosts 2025-10,JE-HAP-2025-10-0119
HAP-2025-10-0120,VEND-045,Palo Alto Networks,PAL-2025-10-0120,2025-10-07,2025-11-06,135.55,USD,HPO-2025-10-0120,PAID,2025-10-25,2025-10,usage overage block 2025-10,JE-HAP-2025-10-0120
HAP-2025-10-0121,VEND-049,Vanta,VAN-2025-10-0121,2025-10-07,2025-11-06,19800.66,USD,HPO-2025-10-0121,PAID,2025-10-25,2025-10,premium support 2025-10,JE-HAP-2025-10-0121
HAP-2025-10-0122,VEND-053,Teak Partners,TEA-2025-10-0122,2025-10-07,2025-11-06,77.77,USD,HPO-2025-10-0122,PAID,2025-10-25,2025-10,warehouse consumables 2025-10,JE-HAP-2025-10-0122
HAP-2025-10-0123,VEND-057,Harbor Studio,HAR-2025-10-0123,2025-10-07,2025-11-06,48.88,USD,HPO-2025-10-0123,PAID,2025-10-25,2025-10,security monitoring hosts 2025-10,JE-HAP-2025-10-0123
HAP-2025-10-0124,VEND-061,Timber Supply,TIM-2025-10-0124,2025-10-07,2025-11-06,90.99,USD,HPO-2025-10-0124,PAID,2025-10-25,2025-10,usage overage block 2025-10,JE-HAP-2025-10-0124
HAP-2025-10-0125,VEND-065,Ginkgo Components,GIN-2025-10-0125,2025-10-07,2025-11-06,14401.1,USD,HPO-2025-10-0125,PAID,2025-10-25,2025-10,premium support 2025-10,JE-HAP-2025-10-0125
HAP-2025-10-0126,VEND-069,Teak Systems,TEA-2025-10-0126,2025-10-07,2025-11-06,386.21,USD,HPO-2025-10-0126,PAID,2025-10-25,2025-10,warehouse consumables 2025-10,JE-HAP-2025-10-0126
HAP-2025-10-0127,VEND-073,Harbor Partners,HAR-2025-10-0127,2025-10-07,2025-11-06,13.32,USD,HPO-2025-10-0127,PAID,2025-10-25,2025-10,security monitoring hosts 2025-10,JE-HAP-2025-10-0127
HAP-2025-10-0128,VEND-077,Timber Studio,TIM-2025-10-0128,2025-10-07,2025-11-06,46.43,USD,HPO-2025-10-0128,PAID,2025-10-25,2025-10,usage overage block 2025-10,JE-HAP-2025-10-0128
HAP-2025-10-0129,VEND-081,Ginkgo Supply,GIN-2025-10-0129,2025-10-07,2025-11-06,9001.54,USD,HPO-2025-10-0129,PAID,2025-10-25,2025-10,premium support 2025-10,JE-HAP-2025-10-0129
HAP-2025-10-0130,VEND-085,Teak Components,TEA-2025-10-0130,2025-10-07,2025-11-06,271.15,USD,HPO-2025-10-0130,PAID,2025-10-25,2025-10,warehouse consumables 2025-10,JE-HAP-2025-10-0130
HAP-2025-10-0131,VEND-089,Harbor Systems,HAR-2025-10-0131,2025-10-07,2025-11-06,109.76,USD,HPO-2025-10-0131,PAID,2025-10-25,2025-10,security monitoring hosts 2025-10,JE-HAP-2025-10-0131
HAP-2025-10-0132,VEND-093,Timber Partners,TIM-2025-10-0132,2025-10-07,2025-11-06,166.87,USD,HPO-2025-10-0132,PAID,2025-10-25,2025-10,usage overage block 2025-10,JE-HAP-2025-10-0132
HAP-2025-10-0133,VEND-075,Nimbus Components,NIM-2025-10-0133,2025-10-08,2025-11-07,78.98,USD,HPO-2025-10-0133,PAID,2025-10-26,2025-10,warehouse consumables 2025-10,JE-HAP-2025-10-0133
HAP-2025-10-0134,VEND-079,Alder Systems,ALD-2025-10-0134,2025-10-08,2025-11-07,50.09,USD,HPO-2025-10-0134,PAID,2025-10-26,2025-10,security monitoring hosts 2025-10,JE-HAP-2025-10-0134
HAP-2025-10-0135,VEND-083,Northwood Partners,NOR-2025-10-0135,2025-10-08,2025-11-07,92.2,USD,HPO-2025-10-0135,PAID,2025-10-26,2025-10,usage overage block 2025-10,JE-HAP-2025-10-0135
HAP-2025-10-0136,VEND-087,Beacon Studio,BEA-2025-10-0136,2025-10-08,2025-11-07,14402.31,USD,HPO-2025-10-0136,PAID,2025-10-26,2025-10,premium support 2025-10,JE-HAP-2025-10-0136
HAP-2025-10-0137,VEND-091,Nimbus Supply,NIM-2025-10-0137,2025-10-08,2025-11-07,387.42,USD,HPO-2025-10-0137,PAID,2025-10-26,2025-10,warehouse consumables 2025-10,JE-HAP-2025-10-0137
HAP-2025-10-0138,VEND-095,Alder Components,ALD-2025-10-0138,2025-10-08,2025-11-07,12.0,USD,HPO-2025-10-0138,PAID,2025-10-26,2025-10,security monitoring hosts 2025-10,JE-HAP-2025-10-0138
HAP-2025-10-0139,VEND-099,Northwood Systems,NOR-2025-10-0139,2025-10-08,2025-11-07,45.11,USD,HPO-2025-10-0139,PAID,2025-10-26,2025-10,usage overage block 2025-10,JE-HAP-2025-10-0139
HAP-2025-10-0140,VEND-103,Beacon Partners,BEA-2025-10-0140,2025-10-08,2025-11-07,9000.22,USD,HPO-2025-10-0140,PAID,2025-10-26,2025-10,premium support 2025-10,JE-HAP-2025-10-0140
HAP-2025-10-0141,VEND-107,Nimbus Studio,NIM-2025-10-0141,2025-10-08,2025-11-07,269.83,USD,HPO-2025-10-0141,PAID,2025-10-26,2025-10,warehouse consumables 2025-10,JE-HAP-2025-10-0141
HAP-2025-10-0142,VEND-111,Alder Supply,ALD-2025-10-0142,2025-10-08,2025-11-07,108.44,USD,HPO-2025-10-0142,PAID,2025-10-26,2025-10,security monitoring hosts 2025-10,JE-HAP-2025-10-0142
HAP-2025-10-0143,VEND-115,Northwood Components,NOR-2025-10-0143,2025-10-08,2025-11-07,165.55,USD,HPO-2025-10-0143,PAID,2025-10-26,2025-10,usage overage block 2025-10,JE-HAP-2025-10-0143
HAP-2025-10-0144,VEND-119,Beacon Systems,BEA-2025-10-0144,2025-10-08,2025-11-07,3600.66,USD,HPO-2025-10-0144,PAID,2025-10-26,2025-10,premium support 2025-10,JE-HAP-2025-10-0144
HAP-2025-10-0145,VEND-123,Nimbus Partners,NIM-2025-10-0145,2025-10-08,2025-11-07,154.77,USD,HPO-2025-10-0145,PAID,2025-10-26,2025-10,warehouse consumables 2025-10,JE-HAP-2025-10-0145
HAP-2025-10-0146,VEND-127,Alder Studio,ALD-2025-10-0146,2025-10-08,2025-11-07,72.88,USD,HPO-2025-10-0146,PAID,2025-10-26,2025-10,security monitoring hosts 2025-10,JE-HAP-2025-10-0146
HAP-2025-10-0147,VEND-131,Northwood Supply,NOR-2025-10-0147,2025-10-08,2025-11-07,120.99,USD,HPO-2025-10-0147,PAID,2025-10-26,2025-10,usage overage block 2025-10,JE-HAP-2025-10-0147
HAP-2025-10-0148,VEND-135,Beacon Components,BEA-2025-10-0148,2025-10-08,2025-11-07,18001.1,USD,HPO-2025-10-0148,PAID,2025-10-26,2025-10,premium support 2025-10,JE-HAP-2025-10-0148
HAP-2025-10-0149,VEND-139,Nimbus Systems,NIM-2025-10-0149,2025-10-08,2025-11-07,39.71,USD,HPO-2025-10-0149,PAID,2025-10-26,2025-10,warehouse consumables 2025-10,JE-HAP-2025-10-0149
HAP-2025-10-0150,VEND-143,Alder Partners,ALD-2025-10-0150,2025-10-08,2025-11-07,37.32,USD,HPO-2025-10-0150,PAID,2025-10-26,2025-10,security monitoring hosts 2025-10,JE-HAP-2025-10-0150
HAP-2025-10-0151,VEND-147,Northwood Studio,NOR-2025-10-0151,2025-10-08,2025-11-07,76.43,USD,HPO-2025-10-0151,PAID,2025-10-26,2025-10,usage overage block 2025-10,JE-HAP-2025-10-0151
HAP-2025-10-0152,VEND-151,Beacon Supply,BEA-2025-10-0152,2025-10-08,2025-11-07,12601.54,USD,HPO-2025-10-0152,PAID,2025-10-26,2025-10,premium support 2025-10,JE-HAP-2025-10-0152
HAP-2025-10-0153,VEND-155,Nimbus Components,NIM-2025-10-0153,2025-10-08,2025-11-07,348.15,USD,HPO-2025-10-0153,PAID,2025-10-26,2025-10,warehouse consumables 2025-10,JE-HAP-2025-10-0153
HAP-2025-10-0154,VEND-159,Alder Systems,ALD-2025-10-0154,2025-10-08,2025-11-07,133.76,USD,HPO-2025-10-0154,PAID,2025-10-26,2025-10,security monitoring hosts 2025-10,JE-HAP-2025-10-0154
HAP-2025-10-0155,VEND-141,Timber Supply,TIM-2025-10-0155,2025-10-09,2025-11-08,3601.87,USD,HPO-2025-10-0155,PAID,2025-10-27,2025-10,premium support 2025-10,JE-HAP-2025-10-0155
HAP-2025-10-0156,VEND-145,Ginkgo Components,GIN-2025-10-0156,2025-10-09,2025-11-08,155.98,USD,HPO-2025-10-0156,PAID,2025-10-27,2025-10,warehouse consumables 2025-10,JE-HAP-2025-10-0156
HAP-2025-10-0157,VEND-149,Teak Systems,TEA-2025-10-0157,2025-10-09,2025-11-08,74.09,USD,HPO-2025-10-0157,PAID,2025-10-27,2025-10,security monitoring hosts 2025-10,JE-HAP-2025-10-0157
HAP-2025-10-0158,VEND-153,Harbor Partners,HAR-2025-10-0158,2025-10-09,2025-11-08,122.2,USD,HPO-2025-10-0158,PAID,2025-10-27,2025-10,usage overage block 2025-10,JE-HAP-2025-10-0158
HAP-2025-10-0159,VEND-157,Timber Studio,TIM-2025-10-0159,2025-10-09,2025-11-08,18002.31,USD,HPO-2025-10-0159,PAID,2025-10-27,2025-10,premium support 2025-10,JE-HAP-2025-10-0159
HAP-2025-10-0160,VEND-161,Ginkgo Supply,GIN-2025-10-0160,2025-10-09,2025-11-08,40.92,USD,HPO-2025-10-0160,PAID,2025-10-27,2025-10,warehouse consumables 2025-10,JE-HAP-2025-10-0160
HAP-2025-10-0161,VEND-165,Teak Components,TEA-2025-10-0161,2025-10-09,2025-11-08,36.0,USD,HPO-2025-10-0161,PAID,2025-10-27,2025-10,security monitoring hosts 2025-10,JE-HAP-2025-10-0161
HAP-2025-10-0162,VEND-169,Harbor Systems,HAR-2025-10-0162,2025-10-09,2025-11-08,75.11,USD,HPO-2025-10-0162,PAID,2025-10-27,2025-10,usage overage block 2025-10,JE-HAP-2025-10-0162
HAP-2025-10-0163,VEND-173,Timber Partners,TIM-2025-10-0163,2025-10-09,2025-11-08,12600.22,USD,HPO-2025-10-0163,PAID,2025-10-27,2025-10,premium support 2025-10,JE-HAP-2025-10-0163
HAP-2025-10-0164,VEND-177,Ginkgo Studio,GIN-2025-10-0164,2025-10-09,2025-11-08,346.83,USD,HPO-2025-10-0164,PAID,2025-10-27,2025-10,warehouse consumables 2025-10,JE-HAP-2025-10-0164
HAP-2025-10-0165,VEND-181,Teak Supply,TEA-2025-10-0165,2025-10-09,2025-11-08,132.44,USD,HPO-2025-10-0165,PAID,2025-10-27,2025-10,security monitoring hosts 2025-10,JE-HAP-2025-10-0165
HAP-2025-10-0166,VEND-185,Harbor Components,HAR-2025-10-0166,2025-10-09,2025-11-08,30.55,USD,HPO-2025-10-0166,PAID,2025-10-27,2025-10,usage overage block 2025-10,JE-HAP-2025-10-0166
HAP-2025-10-0167,VEND-189,Timber Systems,TIM-2025-10-0167,2025-10-09,2025-11-08,7200.66,USD,HPO-2025-10-0167,PAID,2025-10-27,2025-10,premium support 2025-10,JE-HAP-2025-10-0167
HAP-2025-10-0168,VEND-193,Ginkgo Partners,GIN-2025-10-0168,2025-10-09,2025-11-08,231.77,USD,HPO-2025-10-0168,PAID,2025-10-27,2025-10,warehouse consumables 2025-10,JE-HAP-2025-10-0168
HAP-2025-10-0169,VEND-197,Teak Studio,TEA-2025-10-0169,2025-10-09,2025-11-08,96.88,USD,HPO-2025-10-0169,PAID,2025-10-27,2025-10,security monitoring hosts 2025-10,JE-HAP-2025-10-0169
HAP-2025-10-0170,VEND-201,Harbor Supply,HAR-2025-10-0170,2025-10-09,2025-11-08,150.99,USD,HPO-2025-10-0170,PAID,2025-10-27,2025-10,usage overage block 2025-10,JE-HAP-2025-10-0170
HAP-2025-10-0171,VEND-205,Timber Components,TIM-2025-10-0171,2025-10-09,2025-11-08,1801.1,USD,HPO-2025-10-0171,PAID,2025-10-27,2025-10,premium support 2025-10,JE-HAP-2025-10-0171
HAP-2025-10-0172,VEND-209,Ginkgo Systems,GIN-2025-10-0172,2025-10-09,2025-11-08,116.71,USD,HPO-2025-10-0172,PAID,2025-10-27,2025-10,warehouse consumables 2025-10,JE-HAP-2025-10-0172
HAP-2025-10-0173,VEND-213,Teak Partners,TEA-2025-10-0173,2025-10-09,2025-11-08,61.32,USD,HPO-2025-10-0173,PAID,2025-10-27,2025-10,security monitoring hosts 2025-10,JE-HAP-2025-10-0173
HAP-2025-10-0174,VEND-217,Harbor Studio,HAR-2025-10-0174,2025-10-09,2025-11-08,106.43,USD,HPO-2025-10-0174,PAID,2025-10-27,2025-10,usage overage block 2025-10,JE-HAP-2025-10-0174
HAP-2025-10-0175,VEND-221,Timber Supply,TIM-2025-10-0175,2025-10-09,2025-11-08,16201.54,USD,HPO-2025-10-0175,PAID,2025-10-27,2025-10,premium support 2025-10,JE-HAP-2025-10-0175
HAP-2025-10-0176,VEND-225,Ginkgo Components,GIN-2025-10-0176,2025-10-09,2025-11-08,425.15,USD,HPO-2025-10-0176,PAID,2025-10-27,2025-10,warehouse consumables 2025-10,JE-HAP-2025-10-0176
HAP-2025-10-0177,VEND-207,Alder Studio,ALD-2025-10-0177,2025-10-10,2025-11-09,31.76,USD,HPO-2025-10-0177,PAID,2025-10-28,2025-10,usage overage block 2025-10,JE-HAP-2025-10-0177
HAP-2025-10-0178,VEND-211,Northwood Supply,NOR-2025-10-0178,2025-10-10,2025-11-09,7201.87,USD,HPO-2025-10-0178,PAID,2025-10-28,2025-10,premium support 2025-10,JE-HAP-2025-10-0178
HAP-2025-10-0179,VEND-215,Beacon Components,BEA-2025-10-0179,2025-10-10,2025-11-09,232.98,USD,HPO-2025-10-0179,PAID,2025-10-28,2025-10,warehouse consumables 2025-10,JE-HAP-2025-10-0179
HAP-2025-10-0180,VEND-219,Nimbus Systems,NIM-2025-10-0180,2025-10-10,2025-11-09,98.09,USD,HPO-2025-10-0180,PAID,2025-10-28,2025-10,security monitoring hosts 2025-10,JE-HAP-2025-10-0180
HAP-2025-10-0181,VEND-223,Alder Partners,ALD-2025-10-0181,2025-10-10,2025-11-09,152.2,USD,HPO-2025-10-0181,PAID,2025-10-28,2025-10,usage overage block 2025-10,JE-HAP-2025-10-0181
HAP-2025-10-0182,VEND-227,Northwood Studio,NOR-2025-10-0182,2025-10-10,2025-11-09,1802.31,USD,HPO-2025-10-0182,PAID,2025-10-28,2025-10,premium support 2025-10,JE-HAP-2025-10-0182
HAP-2025-10-0183,VEND-231,Beacon Supply,BEA-2025-10-0183,2025-10-10,2025-11-09,117.92,USD,HPO-2025-10-0183,PAID,2025-10-28,2025-10,warehouse consumables 2025-10,JE-HAP-2025-10-0183
HAP-2025-10-0184,VEND-235,Nimbus Components,NIM-2025-10-0184,2025-10-10,2025-11-09,60.0,USD,HPO-2025-10-0184,PAID,2025-10-28,2025-10,security monitoring hosts 2025-10,JE-HAP-2025-10-0184
HAP-2025-10-0185,VEND-239,Alder Systems,ALD-2025-10-0185,2025-10-10,2025-11-09,105.11,USD,HPO-2025-10-0185,PAID,2025-10-28,2025-10,usage overage block 2025-10,JE-HAP-2025-10-0185
HAP-2025-10-0186,VEND-243,Northwood Partners,NOR-2025-10-0186,2025-10-10,2025-11-09,16200.22,USD,HPO-2025-10-0186,PAID,2025-10-28,2025-10,premium support 2025-10,JE-HAP-2025-10-0186
HAP-2025-10-0187,VEND-247,Beacon Studio,BEA-2025-10-0187,2025-10-10,2025-11-09,423.83,USD,HPO-2025-10-0187,PAID,2025-10-28,2025-10,warehouse consumables 2025-10,JE-HAP-2025-10-0187
HAP-2025-10-0188,VEND-251,Nimbus Supply,NIM-2025-10-0188,2025-10-10,2025-11-09,24.44,USD,HPO-2025-10-0188,PAID,2025-10-28,2025-10,security monitoring hosts 2025-10,JE-HAP-2025-10-0188
HAP-2025-10-0189,VEND-255,Alder Components,ALD-2025-10-0189,2025-10-10,2025-11-09,60.55,USD,HPO-2025-10-0189,PAID,2025-10-28,2025-10,usage overage block 2025-10,JE-HAP-2025-10-0189
HAP-2025-10-0190,VEND-259,Northwood Systems,NOR-2025-10-0190,2025-10-10,2025-11-09,10800.66,USD,HPO-2025-10-0190,PAID,2025-10-28,2025-10,premium support 2025-10,JE-HAP-2025-10-0190
HAP-2025-10-0191,VEND-263,Beacon Partners,BEA-2025-10-0191,2025-10-10,2025-11-09,308.77,USD,HPO-2025-10-0191,PAID,2025-10-28,2025-10,warehouse consumables 2025-10,JE-HAP-2025-10-0191
HAP-2025-10-0192,VEND-267,Nimbus Studio,NIM-2025-10-0192,2025-10-10,2025-11-09,120.88,USD,HPO-2025-10-0192,PAID,2025-10-28,2025-10,security monitoring hosts 2025-10,JE-HAP-2025-10-0192
HAP-2025-10-0193,VEND-271,Alder Supply,ALD-2025-10-0193,2025-10-10,2025-11-09,15.99,USD,HPO-2025-10-0193,PAID,2025-10-28,2025-10,usage overage block 2025-10,JE-HAP-2025-10-0193
HAP-2025-10-0194,VEND-275,Northwood Components,NOR-2025-10-0194,2025-10-10,2025-11-09,5401.1,USD,HPO-2025-10-0194,PAID,2025-10-28,2025-10,premium support 2025-10,JE-HAP-2025-10-0194
HAP-2025-10-0195,VEND-279,Beacon Systems,BEA-2025-10-0195,2025-10-10,2025-11-09,193.71,USD,HPO-2025-10-0195,PAID,2025-10-28,2025-10,warehouse consumables 2025-10,JE-HAP-2025-10-0195
HAP-2025-10-0196,VEND-283,Nimbus Partners,NIM-2025-10-0196,2025-10-10,2025-11-09,85.32,USD,HPO-2025-10-0196,PAID,2025-10-28,2025-10,security monitoring hosts 2025-10,JE-HAP-2025-10-0196
HAP-2025-10-0197,VEND-287,Alder Studio,ALD-2025-10-0197,2025-10-10,2025-11-09,136.43,USD,HPO-2025-10-0197,PAID,2025-10-28,2025-10,usage overage block 2025-10,JE-HAP-2025-10-0197
HAP-2025-10-0198,VEND-291,Northwood Supply,NOR-2025-10-0198,2025-10-10,2025-11-09,19801.54,USD,HPO-2025-10-0198,PAID,2025-10-28,2025-10,premium support 2025-10,JE-HAP-2025-10-0198
HAP-2025-10-0199,VEND-273,Ginkgo Partners,GIN-2025-10-0199,2025-10-11,2025-11-10,25.65,USD,HPO-2025-10-0199,PAID,2025-10-29,2025-10,security monitoring hosts 2025-10,JE-HAP-2025-10-0199
HAP-2025-10-0200,VEND-277,Teak Studio,TEA-2025-10-0200,2025-10-11,2025-11-10,61.76,USD,HPO-2025-10-0200,PAID,2025-10-29,2025-10,usage overage block 2025-10,JE-HAP-2025-10-0200
HAP-2025-10-0201,VEND-281,Harbor Supply,HAR-2025-10-0201,2025-10-11,2025-11-10,10801.87,USD,HPO-2025-10-0201,PAID,2025-10-29,2025-10,premium support 2025-10,JE-HAP-2025-10-0201
HAP-2025-10-0202,VEND-285,Timber Components,TIM-2025-10-0202,2025-10-11,2025-11-10,309.98,USD,HPO-2025-10-0202,PAID,2025-10-29,2025-10,warehouse consumables 2025-10,JE-HAP-2025-10-0202
HAP-2025-10-0203,VEND-289,Ginkgo Systems,GIN-2025-10-0203,2025-10-11,2025-11-10,122.09,USD,HPO-2025-10-0203,PAID,2025-10-29,2025-10,security monitoring hosts 2025-10,JE-HAP-2025-10-0203
HAP-2025-10-0204,VEND-293,Teak Partners,TEA-2025-10-0204,2025-10-11,2025-11-10,17.2,USD,HPO-2025-10-0204,PAID,2025-10-29,2025-10,usage overage block 2025-10,JE-HAP-2025-10-0204
HAP-2025-10-0205,VEND-297,Harbor Studio,HAR-2025-10-0205,2025-10-11,2025-11-10,5402.31,USD,HPO-2025-10-0205,PAID,2025-10-29,2025-10,premium support 2025-10,JE-HAP-2025-10-0205
HAP-2025-10-0206,VEND-301,Timber Supply,TIM-2025-10-0206,2025-10-11,2025-11-10,194.92,USD,HPO-2025-10-0206,PAID,2025-10-29,2025-10,warehouse consumables 2025-10,JE-HAP-2025-10-0206
HAP-2025-10-0207,VEND-305,Ginkgo Components,GIN-2025-10-0207,2025-10-11,2025-11-10,84.0,USD,HPO-2025-10-0207,PAID,2025-10-29,2025-10,security monitoring hosts 2025-10,JE-HAP-2025-10-0207
HAP-2025-10-0208,VEND-309,Teak Systems,TEA-2025-10-0208,2025-10-11,2025-11-10,135.11,USD,HPO-2025-10-0208,PAID,2025-10-29,2025-10,usage overage block 2025-10,JE-HAP-2025-10-0208
HAP-2025-10-0209,VEND-313,Harbor Partners,HAR-2025-10-0209,2025-10-11,2025-11-10,19800.22,USD,HPO-2025-10-0209,PAID,2025-10-29,2025-10,premium support 2025-10,JE-HAP-2025-10-0209
HAP-2025-10-0210,VEND-317,Timber Studio,TIM-2025-10-0210,2025-10-11,2025-11-10,77.33,USD,HPO-2025-10-0210,PAID,2025-10-29,2025-10,warehouse consumables 2025-10,JE-HAP-2025-10-0210
HAP-2025-10-0211,VEND-321,Ginkgo Supply,GIN-2025-10-0211,2025-10-11,2025-11-10,48.44,USD,HPO-2025-10-0211,PAID,2025-10-29,2025-10,security monitoring hosts 2025-10,JE-HAP-2025-10-0211
HAP-2025-10-0212,VEND-001-DUP,Acme Supplies LLC,ACM-2025-10-0212,2025-10-11,2025-11-10,90.55,USD,HPO-2025-10-0212,PAID,2025-10-29,2025-10,usage overage block 2025-10,JE-HAP-2025-10-0212
HAP-2025-10-0213,VEND-004,Office Depot,OFF-2025-10-0213,2025-10-11,2025-11-10,14400.66,USD,HPO-2025-10-0213,PAID,2025-10-29,2025-10,premium support 2025-10,JE-HAP-2025-10-0213
HAP-2025-10-0214,VEND-008,Figma,FIG-2025-10-0214,2025-10-11,2025-11-10,385.77,USD,HPO-2025-10-0214,PAID,2025-10-29,2025-10,warehouse consumables 2025-10,JE-HAP-2025-10-0214
HAP-2025-10-0215,VEND-013,Cambridge Properties,CAM-2025-10-0215,2025-10-11,2025-11-10,12.88,USD,HPO-2025-10-0215,PAID,2025-10-29,2025-10,security monitoring hosts 2025-10,JE-HAP-2025-10-0215
HAP-2025-10-0216,VEND-017,GitHub,GIT-2025-10-0216,2025-10-11,2025-11-10,45.99,USD,HPO-2025-10-0216,PAID,2025-10-29,2025-10,usage overage block 2025-10,JE-HAP-2025-10-0216
HAP-2025-10-0217,VEND-021,Misc Supplies,MIS-2025-10-0217,2025-10-11,2025-11-10,9001.1,USD,HPO-2025-10-0217,PAID,2025-10-29,2025-10,premium support 2025-10,JE-HAP-2025-10-0217
HAP-2025-10-0218,VEND-025,Okta,OKT-2025-10-0218,2025-10-11,2025-11-10,270.71,USD,HPO-2025-10-0218,PAID,2025-10-29,2025-10,warehouse consumables 2025-10,JE-HAP-2025-10-0218
HAP-2025-10-0219,VEND-029,Cloudflare,CLO-2025-10-0219,2025-10-11,2025-11-10,109.32,USD,HPO-2025-10-0219,PAID,2025-10-29,2025-10,security monitoring hosts 2025-10,JE-HAP-2025-10-0219
HAP-2025-10-0220,VEND-033,Staples Business Advantage,STA-2025-10-0220,2025-10-11,2025-11-10,166.43,USD,HPO-2025-10-0220,PAID,2025-10-29,2025-10,usage overage block 2025-10,JE-HAP-2025-10-0220
HAP-2025-10-0221,VEND-015,Harbor Electric,HAR-2025-10-0221,2025-10-12,2025-11-11,78.54,USD,HPO-2025-10-0221,PAID,2025-10-30,2025-10,warehouse consumables 2025-10,JE-HAP-2025-10-0221
HAP-2025-10-0222,VEND-019,Freightline Logistics,FRE-2025-10-0222,2025-10-12,2025-11-11,49.65,USD,HPO-2025-10-0222,PAID,2025-10-30,2025-10,security monitoring hosts 2025-10,JE-HAP-2025-10-0222
HAP-2025-10-0223,VEND-023,Notion Labs,NOT-2025-10-0223,2025-10-12,2025-11-11,91.76,USD,HPO-2025-10-0223,PAID,2025-10-30,2025-10,usage overage block 2025-10,JE-HAP-2025-10-0223
HAP-2025-10-0224,VEND-027,Zoom Video,ZOO-2025-10-0224,2025-10-12,2025-11-11,14401.87,USD,HPO-2025-10-0224,PAID,2025-10-30,2025-10,premium support 2025-10,JE-HAP-2025-10-0224
HAP-2025-10-0225,VEND-031,Helios Hardware Supply,HEL-2025-10-0225,2025-10-12,2025-11-11,386.98,USD,HPO-2025-10-0225,PAID,2025-10-30,2025-10,warehouse consumables 2025-10,JE-HAP-2025-10-0225
HAP-2025-10-0226,VEND-035,ADP,ADP-2025-10-0226,2025-10-12,2025-11-11,14.09,USD,HPO-2025-10-0226,PAID,2025-10-30,2025-10,security monitoring hosts 2025-10,JE-HAP-2025-10-0226
HAP-2025-10-0227,VEND-039,CleanRoom Janitorial,CLE-2025-10-0227,2025-10-12,2025-11-11,47.2,USD,HPO-2025-10-0227,PAID,2025-10-30,2025-10,usage overage block 2025-10,JE-HAP-2025-10-0227
HAP-2025-10-0228,VEND-043,Adyen NV,ADY-2025-10-0228,2025-10-12,2025-11-11,9002.31,USD,HPO-2025-10-0228,PAID,2025-10-30,2025-10,premium support 2025-10,JE-HAP-2025-10-0228
HAP-2025-10-0229,VEND-047,Carta,CAR-2025-10-0229,2025-10-12,2025-11-11,271.92,USD,HPO-2025-10-0229,PAID,2025-10-30,2025-10,warehouse consumables 2025-10,JE-HAP-2025-10-0229
HAP-2025-10-0230,VEND-051,Northwood Supply,NOR-2025-10-0230,2025-10-12,2025-11-11,108.0,USD,HPO-2025-10-0230,PAID,2025-10-30,2025-10,security monitoring hosts 2025-10,JE-HAP-2025-10-0230
HAP-2025-10-0231,VEND-055,Beacon Components,BEA-2025-10-0231,2025-10-12,2025-11-11,165.11,USD,HPO-2025-10-0231,PAID,2025-10-30,2025-10,usage overage block 2025-10,JE-HAP-2025-10-0231
HAP-2025-10-0232,VEND-059,Nimbus Systems,NIM-2025-10-0232,2025-10-12,2025-11-11,3600.22,USD,HPO-2025-10-0232,PAID,2025-10-30,2025-10,premium support 2025-10,JE-HAP-2025-10-0232
HAP-2025-10-0233,VEND-063,Alder Partners,ALD-2025-10-0233,2025-10-12,2025-11-11,154.33,USD,HPO-2025-10-0233,PAID,2025-10-30,2025-10,warehouse consumables 2025-10,JE-HAP-2025-10-0233
HAP-2025-10-0234,VEND-067,Northwood Studio,NOR-2025-10-0234,2025-10-12,2025-11-11,72.44,USD,HPO-2025-10-0234,PAID,2025-10-30,2025-10,security monitoring hosts 2025-10,JE-HAP-2025-10-0234
HAP-2025-10-0235,VEND-071,Beacon Supply,BEA-2025-10-0235,2025-10-12,2025-11-11,120.55,USD,HPO-2025-10-0235,PAID,2025-10-30,2025-10,usage overage block 2025-10,JE-HAP-2025-10-0235
HAP-2025-10-0236,VEND-075,Nimbus Components,NIM-2025-10-0236,2025-10-12,2025-11-11,18000.66,USD,HPO-2025-10-0236,PAID,2025-10-30,2025-10,premium support 2025-10,JE-HAP-2025-10-0236
HAP-2025-10-0237,VEND-079,Alder Systems,ALD-2025-10-0237,2025-10-12,2025-11-11,39.27,USD,HPO-2025-10-0237,PAID,2025-10-30,2025-10,warehouse consumables 2025-10,JE-HAP-2025-10-0237
HAP-2025-10-0238,VEND-083,Northwood Partners,NOR-2025-10-0238,2025-10-12,2025-11-11,36.88,USD,HPO-2025-10-0238,PAID,2025-10-30,2025-10,security monitoring hosts 2025-10,JE-HAP-2025-10-0238
HAP-2025-10-0239,VEND-087,Beacon Studio,BEA-2025-10-0239,2025-10-12,2025-11-11,75.99,USD,HPO-2025-10-0239,PAID,2025-10-30,2025-10,usage overage block 2025-10,JE-HAP-2025-10-0239
HAP-2025-10-0240,VEND-091,Nimbus Supply,NIM-2025-10-0240,2025-10-12,2025-11-11,12601.1,USD,HPO-2025-10-0240,PAID,2025-10-30,2025-10,premium support 2025-10,JE-HAP-2025-10-0240
HAP-2025-10-0241,VEND-095,Alder Components,ALD-2025-10-0241,2025-10-12,2025-11-11,347.71,USD,HPO-2025-10-0241,PAID,2025-10-30,2025-10,warehouse consumables 2025-10,JE-HAP-2025-10-0241
HAP-2025-10-0242,VEND-099,Northwood Systems,NOR-2025-10-0242,2025-10-12,2025-11-11,133.32,USD,HPO-2025-10-0242,PAID,2025-10-30,2025-10,security monitoring hosts 2025-10,JE-HAP-2025-10-0242
HAP-2025-10-0243,VEND-081,Ginkgo Supply,GIN-2025-10-0243,2025-10-13,2025-11-12,3601.43,USD,HPO-2025-10-0243,PAID,2025-10-31,2025-10,premium support 2025-10,JE-HAP-2025-10-0243
HAP-2025-10-0244,VEND-085,Teak Components,TEA-2025-10-0244,2025-10-13,2025-11-12,155.54,USD,HPO-2025-10-0244,PAID,2025-10-31,2025-10,warehouse consumables 2025-10,JE-HAP-2025-10-0244
HAP-2025-10-0245,VEND-089,Harbor Systems,HAR-2025-10-0245,2025-10-13,2025-11-12,73.65,USD,HPO-2025-10-0245,PAID,2025-10-31,2025-10,security monitoring hosts 2025-10,JE-HAP-2025-10-0245
HAP-2025-10-0246,VEND-093,Timber Partners,TIM-2025-10-0246,2025-10-13,2025-11-12,121.76,USD,HPO-2025-10-0246,PAID,2025-10-31,2025-10,usage overage block 2025-10,JE-HAP-2025-10-0246
HAP-2025-10-0247,VEND-097,Ginkgo Studio,GIN-2025-10-0247,2025-10-13,2025-11-12,18001.87,USD,HPO-2025-10-0247,PAID,2025-10-31,2025-10,premium support 2025-10,JE-HAP-2025-10-0247
HAP-2025-10-0248,VEND-101,Teak Supply,TEA-2025-10-0248,2025-10-13,2025-11-12,40.48,USD,HPO-2025-10-0248,PAID,2025-10-31,2025-10,warehouse consumables 2025-10,JE-HAP-2025-10-0248
HAP-2025-10-0249,VEND-105,Harbor Components,HAR-2025-10-0249,2025-10-13,2025-11-12,38.09,USD,HPO-2025-10-0249,PAID,2025-10-31,2025-10,security monitoring hosts 2025-10,JE-HAP-2025-10-0249
HAP-2025-10-0250,VEND-109,Timber Systems,TIM-2025-10-0250,2025-10-13,2025-11-12,77.2,USD,HPO-2025-10-0250,PAID,2025-10-31,2025-10,usage overage block 2025-10,JE-HAP-2025-10-0250
HAP-2025-10-0251,VEND-113,Ginkgo Partners,GIN-2025-10-0251,2025-10-13,2025-11-12,12602.31,USD,HPO-2025-10-0251,PAID,2025-10-31,2025-10,premium support 2025-10,JE-HAP-2025-10-0251
HAP-2025-10-0252,VEND-117,Teak Studio,TEA-2025-10-0252,2025-10-13,2025-11-12,348.92,USD,HPO-2025-10-0252,PAID,2025-10-31,2025-10,warehouse consumables 2025-10,JE-HAP-2025-10-0252
HAP-2025-10-0253,VEND-121,Harbor Supply,HAR-2025-10-0253,2025-10-13,2025-11-12,132.0,USD,HPO-2025-10-0253,PAID,2025-10-31,2025-10,security monitoring hosts 2025-10,JE-HAP-2025-10-0253
HAP-2025-10-0254,VEND-125,Timber Components,TIM-2025-10-0254,2025-10-13,2025-11-12,30.11,USD,HPO-2025-10-0254,PAID,2025-10-31,2025-10,usage overage block 2025-10,JE-HAP-2025-10-0254
HAP-2025-10-0255,VEND-129,Ginkgo Systems,GIN-2025-10-0255,2025-10-13,2025-11-12,7200.22,USD,HPO-2025-10-0255,PAID,2025-10-31,2025-10,premium support 2025-10,JE-HAP-2025-10-0255
HAP-2025-10-0256,VEND-133,Teak Partners,TEA-2025-10-0256,2025-10-13,2025-11-12,231.33,USD,HPO-2025-10-0256,PAID,2025-10-31,2025-10,warehouse consumables 2025-10,JE-HAP-2025-10-0256
HAP-2025-10-0257,VEND-137,Harbor Studio,HAR-2025-10-0257,2025-10-13,2025-11-12,96.44,USD,HPO-2025-10-0257,PAID,2025-10-31,2025-10,security monitoring hosts 2025-10,JE-HAP-2025-10-0257
HAP-2025-10-0258,VEND-141,Timber Supply,TIM-2025-10-0258,2025-10-13,2025-11-12,150.55,USD,HPO-2025-10-0258,PAID,2025-10-31,2025-10,usage overage block 2025-10,JE-HAP-2025-10-0258
HAP-2025-10-0259,VEND-145,Ginkgo Components,GIN-2025-10-0259,2025-10-13,2025-11-12,1800.66,USD,HPO-2025-10-0259,PAID,2025-10-31,2025-10,premium support 2025-10,JE-HAP-2025-10-0259
HAP-2025-10-0260,VEND-149,Teak Systems,TEA-2025-10-0260,2025-10-13,2025-11-12,116.27,USD,HPO-2025-10-0260,PAID,2025-10-31,2025-10,warehouse consumables 2025-10,JE-HAP-2025-10-0260
HAP-2025-10-0261,VEND-153,Harbor Partners,HAR-2025-10-0261,2025-10-13,2025-11-12,60.88,USD,HPO-2025-10-0261,PAID,2025-10-31,2025-10,security monitoring hosts 2025-10,JE-HAP-2025-10-0261
HAP-2025-10-0262,VEND-157,Timber Studio,TIM-2025-10-0262,2025-10-13,2025-11-12,105.99,USD,HPO-2025-10-0262,PAID,2025-10-31,2025-10,usage overage block 2025-10,JE-HAP-2025-10-0262
HAP-2025-10-0263,VEND-161,Ginkgo Supply,GIN-2025-10-0263,2025-10-13,2025-11-12,16201.1,USD,HPO-2025-10-0263,PAID,2025-10-31,2025-10,premium support 2025-10,JE-HAP-2025-10-0263
HAP-2025-10-0264,VEND-165,Teak Components,TEA-2025-10-0264,2025-10-13,2025-11-12,424.71,USD,HPO-2025-10-0264,PAID,2025-10-31,2025-10,warehouse consumables 2025-10,JE-HAP-2025-10-0264
HAP-2025-10-0265,VEND-147,Northwood Studio,NOR-2025-10-0265,2025-10-14,2025-11-13,31.32,USD,HPO-2025-10-0265,PAID,2025-10-31,2025-10,usage overage block 2025-10,JE-HAP-2025-10-0265
HAP-2025-10-0266,VEND-151,Beacon Supply,BEA-2025-10-0266,2025-10-14,2025-11-13,7201.43,USD,HPO-2025-10-0266,PAID,2025-10-31,2025-10,premium support 2025-10,JE-HAP-2025-10-0266
HAP-2025-10-0267,VEND-155,Nimbus Components,NIM-2025-10-0267,2025-10-14,2025-11-13,232.54,USD,HPO-2025-10-0267,PAID,2025-10-31,2025-10,warehouse consumables 2025-10,JE-HAP-2025-10-0267
HAP-2025-10-0268,VEND-159,Alder Systems,ALD-2025-10-0268,2025-10-14,2025-11-13,97.65,USD,HPO-2025-10-0268,PAID,2025-10-31,2025-10,security monitoring hosts 2025-10,JE-HAP-2025-10-0268
HAP-2025-10-0269,VEND-163,Northwood Partners,NOR-2025-10-0269,2025-10-14,2025-11-13,151.76,USD,HPO-2025-10-0269,PAID,2025-10-31,2025-10,usage overage block 2025-10,JE-HAP-2025-10-0269
HAP-2025-10-0270,VEND-167,Beacon Studio,BEA-2025-10-0270,2025-10-14,2025-11-13,1801.87,USD,HPO-2025-10-0270,PAID,2025-10-31,2025-10,premium support 2025-10,JE-HAP-2025-10-0270
HAP-2025-10-0271,VEND-171,Nimbus Supply,NIM-2025-10-0271,2025-10-14,2025-11-13,117.48,USD,HPO-2025-10-0271,PAID,2025-10-31,2025-10,warehouse consumables 2025-10,JE-HAP-2025-10-0271
HAP-2025-10-0272,VEND-175,Alder Components,ALD-2025-10-0272,2025-10-14,2025-11-13,62.09,USD,HPO-2025-10-0272,PAID,2025-10-31,2025-10,security monitoring hosts 2025-10,JE-HAP-2025-10-0272
HAP-2025-10-0273,VEND-179,Northwood Systems,NOR-2025-10-0273,2025-10-14,2025-11-13,107.2,USD,HPO-2025-10-0273,PAID,2025-10-31,2025-10,usage overage block 2025-10,JE-HAP-2025-10-0273
HAP-2025-10-0274,VEND-183,Beacon Partners,BEA-2025-10-0274,2025-10-14,2025-11-13,16202.31,USD,HPO-2025-10-0274,PAID,2025-10-31,2025-10,premium support 2025-10,JE-HAP-2025-10-0274
HAP-2025-10-0275,VEND-187,Nimbus Studio,NIM-2025-10-0275,2025-10-14,2025-11-13,425.92,USD,HPO-2025-10-0275,PAID,2025-10-31,2025-10,warehouse consumables 2025-10,JE-HAP-2025-10-0275
HAP-2025-10-0276,VEND-191,Alder Supply,ALD-2025-10-0276,2025-10-14,2025-11-13,24.0,USD,HPO-2025-10-0276,PAID,2025-10-31,2025-10,security monitoring hosts 2025-10,JE-HAP-2025-10-0276
HAP-2025-10-0277,VEND-195,Northwood Components,NOR-2025-10-0277,2025-10-14,2025-11-13,60.11,USD,HPO-2025-10-0277,PAID,2025-10-31,2025-10,usage overage block 2025-10,JE-HAP-2025-10-0277
HAP-2025-10-0278,VEND-199,Beacon Systems,BEA-2025-10-0278,2025-10-14,2025-11-13,10800.22,USD,HPO-2025-10-0278,PAID,2025-10-31,2025-10,premium support 2025-10,JE-HAP-2025-10-0278
HAP-2025-10-0279,VEND-203,Nimbus Partners,NIM-2025-10-0279,2025-10-14,2025-11-13,308.33,USD,HPO-2025-10-0279,PAID,2025-10-31,2025-10,warehouse consumables 2025-10,JE-HAP-2025-10-0279
HAP-2025-10-0280,VEND-207,Alder Studio,ALD-2025-10-0280,2025-10-14,2025-11-13,120.44,USD,HPO-2025-10-0280,PAID,2025-10-31,2025-10,security monitoring hosts 2025-10,JE-HAP-2025-10-0280
HAP-2025-10-0281,VEND-211,Northwood Supply,NOR-2025-10-0281,2025-10-14,2025-11-13,15.55,USD,HPO-2025-10-0281,PAID,2025-10-31,2025-10,usage overage block 2025-10,JE-HAP-2025-10-0281
HAP-2025-10-0282,VEND-215,Beacon Components,BEA-2025-10-0282,2025-10-14,2025-11-13,5400.66,USD,HPO-2025-10-0282,PAID,2025-10-31,2025-10,premium support 2025-10,JE-HAP-2025-10-0282
HAP-2025-10-0283,VEND-219,Nimbus Systems,NIM-2025-10-0283,2025-10-14,2025-11-13,193.27,USD,HPO-2025-10-0283,PAID,2025-10-31,2025-10,warehouse consumables 2025-10,JE-HAP-2025-10-0283
HAP-2025-10-0284,VEND-223,Alder Partners,ALD-2025-10-0284,2025-10-14,2025-11-13,84.88,USD,HPO-2025-10-0284,PAID,2025-10-31,2025-10,security monitoring hosts 2025-10,JE-HAP-2025-10-0284
HAP-2025-10-0285,VEND-227,Northwood Studio,NOR-2025-10-0285,2025-10-14,2025-11-13,135.99,USD,HPO-2025-10-0285,PAID,2025-10-31,2025-10,usage overage block 2025-10,JE-HAP-2025-10-0285
HAP-2025-10-0286,VEND-231,Beacon Supply,BEA-2025-10-0286,2025-10-14,2025-11-13,19801.1,USD,HPO-2025-10-0286,PAID,2025-10-31,2025-10,premium support 2025-10,JE-HAP-2025-10-0286
HAP-2025-10-0287,VEND-213,Teak Partners,TEA-2025-10-0287,2025-10-15,2025-11-14,25.21,USD,HPO-2025-10-0287,PAID,2025-10-31,2025-10,security monitoring hosts 2025-10,JE-HAP-2025-10-0287
HAP-2025-10-0288,VEND-217,Harbor Studio,HAR-2025-10-0288,2025-10-15,2025-11-14,61.32,USD,HPO-2025-10-0288,PAID,2025-10-31,2025-10,usage overage block 2025-10,JE-HAP-2025-10-0288
HAP-2025-10-0289,VEND-221,Timber Supply,TIM-2025-10-0289,2025-10-15,2025-11-14,10801.43,USD,HPO-2025-10-0289,PAID,2025-10-31,2025-10,premium support 2025-10,JE-HAP-2025-10-0289
HAP-2025-10-0290,VEND-225,Ginkgo Components,GIN-2025-10-0290,2025-10-15,2025-11-14,309.54,USD,HPO-2025-10-0290,PAID,2025-10-31,2025-10,warehouse consumables 2025-10,JE-HAP-2025-10-0290
HAP-2025-10-0291,VEND-229,Teak Systems,TEA-2025-10-0291,2025-10-15,2025-11-14,121.65,USD,HPO-2025-10-0291,PAID,2025-10-31,2025-10,security monitoring hosts 2025-10,JE-HAP-2025-10-0291
HAP-2025-10-0292,VEND-233,Harbor Partners,HAR-2025-10-0292,2025-10-15,2025-11-14,16.76,USD,HPO-2025-10-0292,PAID,2025-10-31,2025-10,usage overage block 2025-10,JE-HAP-2025-10-0292
HAP-2025-10-0293,VEND-237,Timber Studio,TIM-2025-10-0293,2025-10-15,2025-11-14,5401.87,USD,HPO-2025-10-0293,PAID,2025-10-31,2025-10,premium support 2025-10,JE-HAP-2025-10-0293
HAP-2025-10-0294,VEND-241,Ginkgo Supply,GIN-2025-10-0294,2025-10-15,2025-11-14,194.48,USD,HPO-2025-10-0294,PAID,2025-10-31,2025-10,warehouse consumables 2025-10,JE-HAP-2025-10-0294
HAP-2025-10-0295,VEND-245,Teak Components,TEA-2025-10-0295,2025-10-15,2025-11-14,86.09,USD,HPO-2025-10-0295,PAID,2025-10-31,2025-10,security monitoring hosts 2025-10,JE-HAP-2025-10-0295
HAP-2025-10-0296,VEND-249,Harbor Systems,HAR-2025-10-0296,2025-10-15,2025-11-14,137.2,USD,HPO-2025-10-0296,PAID,2025-10-31,2025-10,usage overage block 2025-10,JE-HAP-2025-10-0296
HAP-2025-10-0297,VEND-253,Timber Partners,TIM-2025-10-0297,2025-10-15,2025-11-14,19802.31,USD,HPO-2025-10-0297,PAID,2025-10-31,2025-10,premium support 2025-10,JE-HAP-2025-10-0297
HAP-2025-10-0298,VEND-257,Ginkgo Studio,GIN-2025-10-0298,2025-10-15,2025-11-14,79.42,USD,HPO-2025-10-0298,PAID,2025-10-31,2025-10,warehouse consumables 2025-10,JE-HAP-2025-10-0298
HAP-2025-10-0299,VEND-261,Teak Supply,TEA-2025-10-0299,2025-10-15,2025-11-14,48.0,USD,HPO-2025-10-0299,PAID,2025-10-31,2025-10,security monitoring hosts 2025-10,JE-HAP-2025-10-0299
HAP-2025-10-0300,VEND-265,Harbor Components,HAR-2025-10-0300,2025-10-15,2025-11-14,90.11,USD,HPO-2025-10-0300,PAID,2025-10-31,2025-10,usage overage block 2025-10,JE-HAP-2025-10-0300
HAP-2025-10-0301,VEND-269,Timber Systems,TIM-2025-10-0301,2025-10-15,2025-11-14,14400.22,USD,HPO-2025-10-0301,PAID,2025-10-31,2025-10,premium support 2025-10,JE-HAP-2025-10-0301
HAP-2025-10-0302,VEND-273,Ginkgo Partners,GIN-2025-10-0302,2025-10-15,2025-11-14,385.33,USD,HPO-2025-10-0302,PAID,2025-10-31,2025-10,warehouse consumables 2025-10,JE-HAP-2025-10-0302
HAP-2025-10-0303,VEND-277,Teak Studio,TEA-2025-10-0303,2025-10-15,2025-11-14,12.44,USD,HPO-2025-10-0303,PAID,2025-10-31,2025-10,security monitoring hosts 2025-10,JE-HAP-2025-10-0303
HAP-2025-10-0304,VEND-281,Harbor Supply,HAR-2025-10-0304,2025-10-15,2025-11-14,45.55,USD,HPO-2025-10-0304,PAID,2025-10-31,2025-10,usage overage block 2025-10,JE-HAP-2025-10-0304
HAP-2025-10-0305,VEND-285,Timber Components,TIM-2025-10-0305,2025-10-15,2025-11-14,9000.66,USD,HPO-2025-10-0305,PAID,2025-10-31,2025-10,premium support 2025-10,JE-HAP-2025-10-0305
HAP-2025-10-0306,VEND-289,Ginkgo Systems,GIN-2025-10-0306,2025-10-15,2025-11-14,270.27,USD,HPO-2025-10-0306,PAID,2025-10-31,2025-10,warehouse consumables 2025-10,JE-HAP-2025-10-0306
HAP-2025-10-0307,VEND-293,Teak Partners,TEA-2025-10-0307,2025-10-15,2025-11-14,108.88,USD,HPO-2025-10-0307,PAID,2025-10-31,2025-10,security monitoring hosts 2025-10,JE-HAP-2025-10-0307
HAP-2025-10-0308,VEND-297,Harbor Studio,HAR-2025-10-0308,2025-10-15,2025-11-14,165.99,USD,HPO-2025-10-0308,PAID,2025-10-31,2025-10,usage overage block 2025-10,JE-HAP-2025-10-0308
HAP-2025-10-0309,VEND-279,Beacon Systems,BEA-2025-10-0309,2025-10-16,2025-11-15,78.1,USD,HPO-2025-10-0309,PAID,2025-10-31,2025-10,warehouse consumables 2025-10,JE-HAP-2025-10-0309
HAP-2025-10-0310,VEND-283,Nimbus Partners,NIM-2025-10-0310,2025-10-16,2025-11-15,49.21,USD,HPO-2025-10-0310,PAID,2025-10-31,2025-10,security monitoring hosts 2025-10,JE-HAP-2025-10-0310
HAP-2025-10-0311,VEND-287,Alder Studio,ALD-2025-10-0311,2025-10-16,2025-11-15,91.32,USD,HPO-2025-10-0311,PAID,2025-10-31,2025-10,usage overage block 2025-10,JE-HAP-2025-10-0311
HAP-2025-10-0312,VEND-291,Northwood Supply,NOR-2025-10-0312,2025-10-16,2025-11-15,14401.43,USD,HPO-2025-10-0312,PAID,2025-10-31,2025-10,premium support 2025-10,JE-HAP-2025-10-0312
HAP-2025-10-0313,VEND-295,Beacon Components,BEA-2025-10-0313,2025-10-16,2025-11-15,386.54,USD,HPO-2025-10-0313,PAID,2025-10-31,2025-10,warehouse consumables 2025-10,JE-HAP-2025-10-0313
HAP-2025-10-0314,VEND-299,Nimbus Systems,NIM-2025-10-0314,2025-10-16,2025-11-15,13.65,USD,HPO-2025-10-0314,PAID,2025-10-31,2025-10,security monitoring hosts 2025-10,JE-HAP-2025-10-0314
HAP-2025-10-0315,VEND-303,Alder Partners,ALD-2025-10-0315,2025-10-16,2025-11-15,46.76,USD,HPO-2025-10-0315,PAID,2025-10-31,2025-10,usage overage block 2025-10,JE-HAP-2025-10-0315
HAP-2025-10-0316,VEND-307,Northwood Studio,NOR-2025-10-0316,2025-10-16,2025-11-15,9001.87,USD,HPO-2025-10-0316,PAID,2025-10-31,2025-10,premium support 2025-10,JE-HAP-2025-10-0316
HAP-2025-10-0317,VEND-311,Beacon Supply,BEA-2025-10-0317,2025-10-16,2025-11-15,271.48,USD,HPO-2025-10-0317,PAID,2025-10-31,2025-10,warehouse consumables 2025-10,JE-HAP-2025-10-0317
HAP-2025-10-0318,VEND-315,Nimbus Components,NIM-2025-10-0318,2025-10-16,2025-11-15,110.09,USD,HPO-2025-10-0318,PAID,2025-10-31,2025-10,security monitoring hosts 2025-10,JE-HAP-2025-10-0318
HAP-2025-10-0319,VEND-319,Alder Systems,ALD-2025-10-0319,2025-10-16,2025-11-15,167.2,USD,HPO-2025-10-0319,PAID,2025-10-31,2025-10,usage overage block 2025-10,JE-HAP-2025-10-0319
HAP-2025-10-0320,VEND-323,Northwood Partners,NOR-2025-10-0320,2025-10-16,2025-11-15,3602.31,USD,HPO-2025-10-0320,PAID,2025-10-31,2025-10,premium support 2025-10,JE-HAP-2025-10-0320
HAP-2025-10-0321,VEND-002,Amazon Web Services,AMA-2025-10-0321,2025-10-16,2025-11-15,156.42,USD,HPO-2025-10-0321,PAID,2025-10-31,2025-10,warehouse consumables 2025-10,JE-HAP-2025-10-0321
HAP-2025-10-0322,VEND-006,Datadog,DAT-2025-10-0322,2025-10-16,2025-11-15,72.0,USD,HPO-2025-10-0322,PAID,2025-10-31,2025-10,security monitoring hosts 2025-10,JE-HAP-2025-10-0322
HAP-2025-10-0323,VEND-011,Hartford Insurance,HAR-2025-10-0323,2025-10-16,2025-11-15,120.11,USD,HPO-2025-10-0323,PAID,2025-10-31,2025-10,usage overage block 2025-10,JE-HAP-2025-10-0323
HAP-2025-10-0324,VEND-015,Harbor Electric,HAR-2025-10-0324,2025-10-16,2025-11-15,18000.22,USD,HPO-2025-10-0324,PAID,2025-10-31,2025-10,premium support 2025-10,JE-HAP-2025-10-0324
HAP-2025-10-0325,VEND-019,Freightline Logistics,FRE-2025-10-0325,2025-10-16,2025-11-15,38.83,USD,HPO-2025-10-0325,PAID,2025-10-31,2025-10,warehouse consumables 2025-10,JE-HAP-2025-10-0325
HAP-2025-10-0326,VEND-023,Notion Labs,NOT-2025-10-0326,2025-10-16,2025-11-15,36.44,USD,HPO-2025-10-0326,PAID,2025-10-31,2025-10,security monitoring hosts 2025-10,JE-HAP-2025-10-0326
HAP-2025-10-0327,VEND-027,Zoom Video,ZOO-2025-10-0327,2025-10-16,2025-11-15,75.55,USD,HPO-2025-10-0327,PAID,2025-10-31,2025-10,usage overage block 2025-10,JE-HAP-2025-10-0327
HAP-2025-10-0328,VEND-031,Helios Hardware Supply,HEL-2025-10-0328,2025-10-16,2025-11-15,12600.66,USD,HPO-2025-10-0328,PAID,2025-10-31,2025-10,premium support 2025-10,JE-HAP-2025-10-0328
HAP-2025-10-0329,VEND-035,ADP,ADP-2025-10-0329,2025-10-16,2025-11-15,347.27,USD,HPO-2025-10-0329,PAID,2025-10-31,2025-10,warehouse consumables 2025-10,JE-HAP-2025-10-0329
HAP-2025-10-0330,VEND-039,CleanRoom Janitorial,CLE-2025-10-0330,2025-10-16,2025-11-15,132.88,USD,HPO-2025-10-0330,PAID,2025-10-31,2025-10,security monitoring hosts 2025-10,JE-HAP-2025-10-0330
HAP-2025-10-0331,VEND-021,Misc Supplies,MIS-2025-10-0331,2025-10-17,2025-11-16,3600.99,USD,HPO-2025-10-0331,PAID,2025-10-31,2025-10,premium support 2025-10,JE-HAP-2025-10-0331
HAP-2025-10-0332,VEND-025,Okta,OKT-2025-10-0332,2025-10-17,2025-11-16,155.1,USD,HPO-2025-10-0332,PAID,2025-10-31,2025-10,warehouse consumables 2025-10,JE-HAP-2025-10-0332
HAP-2025-10-0333,VEND-029,Cloudflare,CLO-2025-10-0333,2025-10-17,2025-11-16,73.21,USD,HPO-2025-10-0333,PAID,2025-10-31,2025-10,security monitoring hosts 2025-10,JE-HAP-2025-10-0333
HAP-2025-10-0334,VEND-033,Staples Business Advantage,STA-2025-10-0334,2025-10-17,2025-11-16,121.32,USD,HPO-2025-10-0334,PAID,2025-10-31,2025-10,usage overage block 2025-10,JE-HAP-2025-10-0334
HAP-2025-10-0335,VEND-037,Comcast Business,COM-2025-10-0335,2025-10-17,2025-11-16,18001.43,USD,HPO-2025-10-0335,PAID,2025-10-31,2025-10,premium support 2025-10,JE-HAP-2025-10-0335
HAP-2025-10-0336,VEND-041,HubSpot,HUB-2025-10-0336,2025-10-17,2025-11-16,40.04,USD,HPO-2025-10-0336,PAID,2025-10-31,2025-10,warehouse consumables 2025-10,JE-HAP-2025-10-0336
HAP-2025-10-0337,VEND-045,Palo Alto Networks,PAL-2025-10-0337,2025-10-17,2025-11-16,37.65,USD,HPO-2025-10-0337,PAID,2025-10-31,2025-10,security monitoring hosts 2025-10,JE-HAP-2025-10-0337
HAP-2025-10-0338,VEND-049,Vanta,VAN-2025-10-0338,2025-10-17,2025-11-16,76.76,USD,HPO-2025-10-0338,PAID,2025-10-31,2025-10,usage overage block 2025-10,JE-HAP-2025-10-0338
HAP-2025-10-0339,VEND-053,Teak Partners,TEA-2025-10-0339,2025-10-17,2025-11-16,12601.87,USD,HPO-2025-10-0339,PAID,2025-10-31,2025-10,premium support 2025-10,JE-HAP-2025-10-0339
HAP-2025-10-0340,VEND-057,Harbor Studio,HAR-2025-10-0340,2025-10-17,2025-11-16,348.48,USD,HPO-2025-10-0340,PAID,2025-10-31,2025-10,warehouse consumables 2025-10,JE-HAP-2025-10-0340
HAP-2025-10-0341,VEND-061,Timber Supply,TIM-2025-10-0341,2025-10-17,2025-11-16,134.09,USD,HPO-2025-10-0341,PAID,2025-10-31,2025-10,security monitoring hosts 2025-10,JE-HAP-2025-10-0341
HAP-2025-10-0342,VEND-065,Ginkgo Components,GIN-2025-10-0342,2025-10-17,2025-11-16,32.2,USD,HPO-2025-10-0342,PAID,2025-10-31,2025-10,usage overage block 2025-10,JE-HAP-2025-10-0342
HAP-2025-10-0343,VEND-069,Teak Systems,TEA-2025-10-0343,2025-10-17,2025-11-16,7202.31,USD,HPO-2025-10-0343,PAID,2025-10-31,2025-10,premium support 2025-10,JE-HAP-2025-10-0343
HAP-2025-10-0344,VEND-073,Harbor Partners,HAR-2025-10-0344,2025-10-17,2025-11-16,233.42,USD,HPO-2025-10-0344,PAID,2025-10-31,2025-10,warehouse consumables 2025-10,JE-HAP-2025-10-0344
HAP-2025-10-0345,VEND-077,Timber Studio,TIM-2025-10-0345,2025-10-17,2025-11-16,96.0,USD,HPO-2025-10-0345,PAID,2025-10-31,2025-10,security monitoring hosts 2025-10,JE-HAP-2025-10-0345
HAP-2025-10-0346,VEND-081,Ginkgo Supply,GIN-2025-10-0346,2025-10-17,2025-11-16,150.11,USD,HPO-2025-10-0346,PAID,2025-10-31,2025-10,usage overage block 2025-10,JE-HAP-2025-10-0346
HAP-2025-10-0347,VEND-085,Teak Components,TEA-2025-10-0347,2025-10-17,2025-11-16,1800.22,USD,HPO-2025-10-0347,PAID,2025-10-31,2025-10,premium support 2025-10,JE-HAP-2025-10-0347
HAP-2025-10-0348,VEND-089,Harbor Systems,HAR-2025-10-0348,2025-10-17,2025-11-16,115.83,USD,HPO-2025-10-0348,PAID,2025-10-31,2025-10,warehouse consumables 2025-10,JE-HAP-2025-10-0348
HAP-2025-10-0349,VEND-093,Timber Partners,TIM-2025-10-0349,2025-10-17,2025-11-16,60.44,USD,HPO-2025-10-0349,PAID,2025-10-31,2025-10,security monitoring hosts 2025-10,JE-HAP-2025-10-0349
HAP-2025-10-0350,VEND-097,Ginkgo Studio,GIN-2025-10-0350,2025-10-17,2025-11-16,105.55,USD,HPO-2025-10-0350,PAID,2025-10-31,2025-10,usage overage block 2025-10,JE-HAP-2025-10-0350
HAP-2025-10-0351,VEND-101,Teak Supply,TEA-2025-10-0351,2025-10-17,2025-11-16,16200.66,USD,HPO-2025-10-0351,PAID,2025-10-31,2025-10,premium support 2025-10,JE-HAP-2025-10-0351
HAP-2025-10-0352,VEND-105,Harbor Components,HAR-2025-10-0352,2025-10-17,2025-11-16,424.27,USD,HPO-2025-10-0352,PAID,2025-10-31,2025-10,warehouse consumables 2025-10,JE-HAP-2025-10-0352
HAP-2025-10-0353,VEND-087,Beacon Studio,BEA-2025-10-0353,2025-10-18,2025-11-17,30.88,USD,HPO-2025-10-0353,PAID,2025-10-31,2025-10,usage overage block 2025-10,JE-HAP-2025-10-0353
HAP-2025-10-0354,VEND-091,Nimbus Supply,NIM-2025-10-0354,2025-10-18,2025-11-17,7200.99,USD,HPO-2025-10-0354,PAID,2025-10-31,2025-10,premium support 2025-10,JE-HAP-2025-10-0354
HAP-2025-10-0355,VEND-095,Alder Components,ALD-2025-10-0355,2025-10-18,2025-11-17,232.1,USD,HPO-2025-10-0355,PAID,2025-10-31,2025-10,warehouse consumables 2025-10,JE-HAP-2025-10-0355
HAP-2025-10-0356,VEND-099,Northwood Systems,NOR-2025-10-0356,2025-10-18,2025-11-17,97.21,USD,HPO-2025-10-0356,PAID,2025-10-31,2025-10,security monitoring hosts 2025-10,JE-HAP-2025-10-0356
HAP-2025-10-0357,VEND-103,Beacon Partners,BEA-2025-10-0357,2025-10-18,2025-11-17,151.32,USD,HPO-2025-10-0357,PAID,2025-10-31,2025-10,usage overage block 2025-10,JE-HAP-2025-10-0357
HAP-2025-10-0358,VEND-107,Nimbus Studio,NIM-2025-10-0358,2025-10-18,2025-11-17,1801.43,USD,HPO-2025-10-0358,PAID,2025-10-31,2025-10,premium support 2025-10,JE-HAP-2025-10-0358
HAP-2025-10-0359,VEND-111,Alder Supply,ALD-2025-10-0359,2025-10-18,2025-11-17,117.04,USD,HPO-2025-10-0359,PAID,2025-10-31,2025-10,warehouse consumables 2025-10,JE-HAP-2025-10-0359
HAP-2025-10-0360,VEND-115,Northwood Components,NOR-2025-10-0360,2025-10-18,2025-11-17,61.65,USD,HPO-2025-10-0360,PAID,2025-10-31,2025-10,security monitoring hosts 2025-10,JE-HAP-2025-10-0360
HAP-2025-10-0361,VEND-119,Beacon Systems,BEA-2025-10-0361,2025-10-18,2025-11-17,106.76,USD,HPO-2025-10-0361,PAID,2025-10-31,2025-10,usage overage block 2025-10,JE-HAP-2025-10-0361
HAP-2025-10-0362,VEND-123,Nimbus Partners,NIM-2025-10-0362,2025-10-18,2025-11-17,16201.87,USD,HPO-2025-10-0362,PAID,2025-10-31,2025-10,premium support 2025-10,JE-HAP-2025-10-0362
HAP-2025-10-0363,VEND-127,Alder Studio,ALD-2025-10-0363,2025-10-18,2025-11-17,425.48,USD,HPO-2025-10-0363,PAID,2025-10-31,2025-10,warehouse consumables 2025-10,JE-HAP-2025-10-0363
HAP-2025-10-0364,VEND-131,Northwood Supply,NOR-2025-10-0364,2025-10-18,2025-11-17,26.09,USD,HPO-2025-10-0364,PAID,2025-10-31,2025-10,security monitoring hosts 2025-10,JE-HAP-2025-10-0364
HAP-2025-10-0365,VEND-135,Beacon Components,BEA-2025-10-0365,2025-10-18,2025-11-17,62.2,USD,HPO-2025-10-0365,PAID,2025-10-31,2025-10,usage overage block 2025-10,JE-HAP-2025-10-0365
HAP-2025-10-0366,VEND-139,Nimbus Systems,NIM-2025-10-0366,2025-10-18,2025-11-17,10802.31,USD,HPO-2025-10-0366,PAID,2025-10-31,2025-10,premium support 2025-10,JE-HAP-2025-10-0366
HAP-2025-10-0367,VEND-143,Alder Partners,ALD-2025-10-0367,2025-10-18,2025-11-17,310.42,USD,HPO-2025-10-0367,PAID,2025-10-31,2025-10,warehouse consumables 2025-10,JE-HAP-2025-10-0367
HAP-2025-10-0368,VEND-147,Northwood Studio,NOR-2025-10-0368,2025-10-18,2025-11-17,120.0,USD,HPO-2025-10-0368,PAID,2025-10-31,2025-10,security monitoring hosts 2025-10,JE-HAP-2025-10-0368
HAP-2025-10-0369,VEND-151,Beacon Supply,BEA-2025-10-0369,2025-10-18,2025-11-17,15.11,USD,HPO-2025-10-0369,PAID,2025-10-31,2025-10,usage overage block 2025-10,JE-HAP-2025-10-0369
HAP-2025-10-0370,VEND-155,Nimbus Components,NIM-2025-10-0370,2025-10-18,2025-11-17,5400.22,USD,HPO-2025-10-0370,PAID,2025-10-31,2025-10,premium support 2025-10,JE-HAP-2025-10-0370
HAP-2025-10-0371,VEND-159,Alder Systems,ALD-2025-10-0371,2025-10-18,2025-11-17,192.83,USD,HPO-2025-10-0371,PAID,2025-10-31,2025-10,warehouse consumables 2025-10,JE-HAP-2025-10-0371
HAP-2025-10-0372,VEND-163,Northwood Partners,NOR-2025-10-0372,2025-10-18,2025-11-17,84.44,USD,HPO-2025-10-0372,PAID,2025-10-31,2025-10,security monitoring hosts 2025-10,JE-HAP-2025-10-0372
HAP-2025-10-0373,VEND-167,Beacon Studio,BEA-2025-10-0373,2025-10-18,2025-11-17,135.55,USD,HPO-2025-10-0373,PAID,2025-10-31,2025-10,usage overage block 2025-10,JE-HAP-2025-10-0373
HAP-2025-10-0374,VEND-171,Nimbus Supply,NIM-2025-10-0374,2025-10-18,2025-11-17,19800.66,USD,HPO-2025-10-0374,PAID,2025-10-31,2025-10,premium support 2025-10,JE-HAP-2025-10-0374
HAP-2025-10-0375,VEND-153,Harbor Partners,HAR-2025-10-0375,2025-10-19,2025-11-18,24.77,USD,HPO-2025-10-0375,PAID,2025-10-31,2025-10,security monitoring hosts 2025-10,JE-HAP-2025-10-0375
HAP-2025-10-0376,VEND-157,Timber Studio,TIM-2025-10-0376,2025-10-19,2025-11-18,60.88,USD,HPO-2025-10-0376,PAID,2025-10-31,2025-10,usage overage block 2025-10,JE-HAP-2025-10-0376
HAP-2025-10-0377,VEND-161,Ginkgo Supply,GIN-2025-10-0377,2025-10-19,2025-11-18,10800.99,USD,HPO-2025-10-0377,PAID,2025-10-31,2025-10,premium support 2025-10,JE-HAP-2025-10-0377
HAP-2025-10-0378,VEND-165,Teak Components,TEA-2025-10-0378,2025-10-19,2025-11-18,309.1,USD,HPO-2025-10-0378,PAID,2025-10-31,2025-10,warehouse consumables 2025-10,JE-HAP-2025-10-0378
HAP-2025-10-0379,VEND-169,Harbor Systems,HAR-2025-10-0379,2025-10-19,2025-11-18,121.21,USD,HPO-2025-10-0379,PAID,2025-10-31,2025-10,security monitoring hosts 2025-10,JE-HAP-2025-10-0379
HAP-2025-10-0380,VEND-173,Timber Partners,TIM-2025-10-0380,2025-10-19,2025-11-18,16.32,USD,HPO-2025-10-0380,PAID,2025-10-31,2025-10,usage overage block 2025-10,JE-HAP-2025-10-0380
HAP-2025-10-0381,VEND-177,Ginkgo Studio,GIN-2025-10-0381,2025-10-19,2025-11-18,5401.43,USD,HPO-2025-10-0381,PAID,2025-10-31,2025-10,premium support 2025-10,JE-HAP-2025-10-0381
HAP-2025-10-0382,VEND-181,Teak Supply,TEA-2025-10-0382,2025-10-19,2025-11-18,194.04,USD,HPO-2025-10-0382,PAID,2025-10-31,2025-10,warehouse consumables 2025-10,JE-HAP-2025-10-0382
HAP-2025-10-0383,VEND-185,Harbor Components,HAR-2025-10-0383,2025-10-19,2025-11-18,85.65,USD,HPO-2025-10-0383,PAID,2025-10-31,2025-10,security monitoring hosts 2025-10,JE-HAP-2025-10-0383
HAP-2025-10-0384,VEND-189,Timber Systems,TIM-2025-10-0384,2025-10-19,2025-11-18,136.76,USD,HPO-2025-10-0384,PAID,2025-10-31,2025-10,usage overage block 2025-10,JE-HAP-2025-10-0384
HAP-2025-10-0385,VEND-193,Ginkgo Partners,GIN-2025-10-0385,2025-10-19,2025-11-18,19801.87,USD,HPO-2025-10-0385,PAID,2025-10-31,2025-10,premium support 2025-10,JE-HAP-2025-10-0385
HAP-2025-10-0386,VEND-197,Teak Studio,TEA-2025-10-0386,2025-10-19,2025-11-18,78.98,USD,HPO-2025-10-0386,PAID,2025-10-31,2025-10,warehouse consumables 2025-10,JE-HAP-2025-10-0386
HAP-2025-10-0387,VEND-201,Harbor Supply,HAR-2025-10-0387,2025-10-19,2025-11-18,50.09,USD,HPO-2025-10-0387,PAID,2025-10-31,2025-10,security monitoring hosts 2025-10,JE-HAP-2025-10-0387
HAP-2025-10-0388,VEND-205,Timber Components,TIM-2025-10-0388,2025-10-19,2025-11-18,92.2,USD,HPO-2025-10-0388,PAID,2025-10-31,2025-10,usage overage block 2025-10,JE-HAP-2025-10-0388
HAP-2025-10-0389,VEND-209,Ginkgo Systems,GIN-2025-10-0389,2025-10-19,2025-11-18,14402.31,USD,HPO-2025-10-0389,PAID,2025-10-31,2025-10,premium support 2025-10,JE-HAP-2025-10-0389
HAP-2025-10-0390,VEND-213,Teak Partners,TEA-2025-10-0390,2025-10-19,2025-11-18,387.42,USD,HPO-2025-10-0390,PAID,2025-10-31,2025-10,warehouse consumables 2025-10,JE-HAP-2025-10-0390
HAP-2025-10-0391,VEND-217,Harbor Studio,HAR-2025-10-0391,2025-10-19,2025-11-18,12.0,USD,HPO-2025-10-0391,PAID,2025-10-31,2025-10,security monitoring hosts 2025-10,JE-HAP-2025-10-0391
HAP-2025-10-0392,VEND-221,Timber Supply,TIM-2025-10-0392,2025-10-19,2025-11-18,45.11,USD,HPO-2025-10-0392,PAID,2025-10-31,2025-10,usage overage block 2025-10,JE-HAP-2025-10-0392
HAP-2025-10-0393,VEND-225,Ginkgo Components,GIN-2025-10-0393,2025-10-19,2025-11-18,9000.22,USD,HPO-2025-10-0393,PAID,2025-10-31,2025-10,premium support 2025-10,JE-HAP-2025-10-0393
HAP-2025-10-0394,VEND-229,Teak Systems,TEA-2025-10-0394,2025-10-19,2025-11-18,269.83,USD,HPO-2025-10-0394,PAID,2025-10-31,2025-10,warehouse consumables 2025-10,JE-HAP-2025-10-0394
HAP-2025-10-0395,VEND-233,Harbor Partners,HAR-2025-10-0395,2025-10-19,2025-11-18,108.44,USD,HPO-2025-10-0395,PAID,2025-10-31,2025-10,security monitoring hosts 2025-10,JE-HAP-2025-10-0395
HAP-2025-10-0396,VEND-237,Timber Studio,TIM-2025-10-0396,2025-10-19,2025-11-18,165.55,USD,HPO-2025-10-0396,PAID,2025-10-31,2025-10,usage overage block 2025-10,JE-HAP-2025-10-0396
HAP-2025-10-0397,VEND-219,Nimbus Systems,NIM-2025-10-0397,2025-10-20,2025-11-19,77.66,USD,HPO-2025-10-0397,PAID,2025-10-31,2025-10,warehouse consumables 2025-10,JE-HAP-2025-10-0397
HAP-2025-10-0398,VEND-223,Alder Partners,ALD-2025-10-0398,2025-10-20,2025-11-19,48.77,USD,HPO-2025-10-0398,PAID,2025-10-31,2025-10,security monitoring hosts 2025-10,JE-HAP-2025-10-0398
HAP-2025-10-0399,VEND-227,Northwood Studio,NOR-2025-10-0399,2025-10-20,2025-11-19,90.88,USD,HPO-2025-10-0399,PAID,2025-10-31,2025-10,usage overage block 2025-10,JE-HAP-2025-10-0399
HAP-2025-10-0400,VEND-231,Beacon Supply,BEA-2025-10-0400,2025-10-20,2025-11-19,14400.99,USD,HPO-2025-10-0400,PAID,2025-10-31,2025-10,premium support 2025-10,JE-HAP-2025-10-0400
HAP-2025-10-0401,VEND-235,Nimbus Components,NIM-2025-10-0401,2025-10-20,2025-11-19,386.1,USD,HPO-2025-10-0401,PAID,2025-10-31,2025-10,warehouse consumables 2025-10,JE-HAP-2025-10-0401
HAP-2025-10-0402,VEND-239,Alder Systems,ALD-2025-10-0402,2025-10-20,2025-11-19,13.21,USD,HPO-2025-10-0402,PAID,2025-10-31,2025-10,security monitoring hosts 2025-10,JE-HAP-2025-10-0402
HAP-2025-10-0403,VEND-243,Northwood Partners,NOR-2025-10-0403,2025-10-20,2025-11-19,46.32,USD,HPO-2025-10-0403,PAID,2025-10-31,2025-10,usage overage block 2025-10,JE-HAP-2025-10-0403
HAP-2025-10-0404,VEND-247,Beacon Studio,BEA-2025-10-0404,2025-10-20,2025-11-19,9001.43,USD,HPO-2025-10-0404,PAID,2025-10-31,2025-10,premium support 2025-10,JE-HAP-2025-10-0404
HAP-2025-10-0405,VEND-251,Nimbus Supply,NIM-2025-10-0405,2025-10-20,2025-11-19,271.04,USD,HPO-2025-10-0405,PAID,2025-10-31,2025-10,warehouse consumables 2025-10,JE-HAP-2025-10-0405
HAP-2025-10-0406,VEND-255,Alder Components,ALD-2025-10-0406,2025-10-20,2025-11-19,109.65,USD,HPO-2025-10-0406,PAID,2025-10-31,2025-10,security monitoring hosts 2025-10,JE-HAP-2025-10-0406
HAP-2025-10-0407,VEND-259,Northwood Systems,NOR-2025-10-0407,2025-10-20,2025-11-19,166.76,USD,HPO-2025-10-0407,PAID,2025-10-31,2025-10,usage overage block 2025-10,JE-HAP-2025-10-0407
HAP-2025-10-0408,VEND-263,Beacon Partners,BEA-2025-10-0408,2025-10-20,2025-11-19,3601.87,USD,HPO-2025-10-0408,PAID,2025-10-31,2025-10,premium support 2025-10,JE-HAP-2025-10-0408
HAP-2025-10-0409,VEND-267,Nimbus Studio,NIM-2025-10-0409,2025-10-20,2025-11-19,155.98,USD,HPO-2025-10-0409,PAID,2025-10-31,2025-10,warehouse consumables 2025-10,JE-HAP-2025-10-0409
HAP-2025-10-0410,VEND-271,Alder Supply,ALD-2025-10-0410,2025-10-20,2025-11-19,74.09,USD,HPO-2025-10-0410,PAID,2025-10-31,2025-10,security monitoring hosts 2025-10,JE-HAP-2025-10-0410
HAP-2025-10-0411,VEND-275,Northwood Components,NOR-2025-10-0411,2025-10-20,2025-11-19,122.2,USD,HPO-2025-10-0411,PAID,2025-10-31,2025-10,usage overage block 2025-10,JE-HAP-2025-10-0411
HAP-2025-10-0412,VEND-279,Beacon Systems,BEA-2025-10-0412,2025-10-20,2025-11-19,18002.31,USD,HPO-2025-10-0412,PAID,2025-10-31,2025-10,premium support 2025-10,JE-HAP-2025-10-0412
HAP-2025-10-0413,VEND-283,Nimbus Partners,NIM-2025-10-0413,2025-10-20,2025-11-19,40.92,USD,HPO-2025-10-0413,PAID,2025-10-31,2025-10,warehouse consumables 2025-10,JE-HAP-2025-10-0413
HAP-2025-10-0414,VEND-287,Alder Studio,ALD-2025-10-0414,2025-10-20,2025-11-19,36.0,USD,HPO-2025-10-0414,PAID,2025-10-31,2025-10,security monitoring hosts 2025-10,JE-HAP-2025-10-0414
HAP-2025-10-0415,VEND-291,Northwood Supply,NOR-2025-10-0415,2025-10-20,2025-11-19,75.11,USD,HPO-2025-10-0415,PAID,2025-10-31,2025-10,usage overage block 2025-10,JE-HAP-2025-10-0415
HAP-2025-10-0416,VEND-295,Beacon Components,BEA-2025-10-0416,2025-10-20,2025-11-19,12600.22,USD,HPO-2025-10-0416,PAID,2025-10-31,2025-10,premium support 2025-10,JE-HAP-2025-10-0416
HAP-2025-10-0417,VEND-299,Nimbus Systems,NIM-2025-10-0417,2025-10-20,2025-11-19,346.83,USD,HPO-2025-10-0417,PAID,2025-10-31,2025-10,warehouse consumables 2025-10,JE-HAP-2025-10-0417
HAP-2025-10-0418,VEND-303,Alder Partners,ALD-2025-10-0418,2025-10-20,2025-11-19,132.44,USD,HPO-2025-10-0418,PAID,2025-10-31,2025-10,security monitoring hosts 2025-10,JE-HAP-2025-10-0418
HAP-2025-10-0419,VEND-285,Timber Components,TIM-2025-10-0419,2025-10-21,2025-11-20,3600.55,USD,HPO-2025-10-0419,PAID,2025-10-31,2025-10,premium support 2025-10,JE-HAP-2025-10-0419
HAP-2025-10-0420,VEND-289,Ginkgo Systems,GIN-2025-10-0420,2025-10-21,2025-11-20,154.66,USD,HPO-2025-10-0420,PAID,2025-10-31,2025-10,warehouse consumables 2025-10,JE-HAP-2025-10-0420
HAP-2025-10-0421,VEND-293,Teak Partners,TEA-2025-10-0421,2025-10-21,2025-11-20,72.77,USD,HPO-2025-10-0421,PAID,2025-10-31,2025-10,security monitoring hosts 2025-10,JE-HAP-2025-10-0421
HAP-2025-10-0422,VEND-297,Harbor Studio,HAR-2025-10-0422,2025-10-21,2025-11-20,120.88,USD,HPO-2025-10-0422,PAID,2025-10-31,2025-10,usage overage block 2025-10,JE-HAP-2025-10-0422
HAP-2025-10-0423,VEND-301,Timber Supply,TIM-2025-10-0423,2025-10-21,2025-11-20,18000.99,USD,HPO-2025-10-0423,PAID,2025-10-31,2025-10,premium support 2025-10,JE-HAP-2025-10-0423
HAP-2025-10-0424,VEND-305,Ginkgo Components,GIN-2025-10-0424,2025-10-21,2025-11-20,39.6,USD,HPO-2025-10-0424,PAID,2025-10-31,2025-10,warehouse consumables 2025-10,JE-HAP-2025-10-0424
HAP-2025-10-0425,VEND-309,Teak Systems,TEA-2025-10-0425,2025-10-21,2025-11-20,37.21,USD,HPO-2025-10-0425,PAID,2025-10-31,2025-10,security monitoring hosts 2025-10,JE-HAP-2025-10-0425
HAP-2025-10-0426,VEND-313,Harbor Partners,HAR-2025-10-0426,2025-10-21,2025-11-20,76.32,USD,HPO-2025-10-0426,PAID,2025-10-31,2025-10,usage overage block 2025-10,JE-HAP-2025-10-0426
HAP-2025-10-0427,VEND-317,Timber Studio,TIM-2025-10-0427,2025-10-21,2025-11-20,12601.43,USD,HPO-2025-10-0427,PAID,2025-10-31,2025-10,premium support 2025-10,JE-HAP-2025-10-0427
HAP-2025-10-0428,VEND-321,Ginkgo Supply,GIN-2025-10-0428,2025-10-21,2025-11-20,348.04,USD,HPO-2025-10-0428,PAID,2025-10-31,2025-10,warehouse consumables 2025-10,JE-HAP-2025-10-0428
HAP-2025-10-0429,VEND-001-DUP,Acme Supplies LLC,ACM-2025-10-0429,2025-10-21,2025-11-20,133.65,USD,HPO-2025-10-0429,PAID,2025-10-31,2025-10,security monitoring hosts 2025-10,JE-HAP-2025-10-0429
HAP-2025-10-0430,VEND-004,Office Depot,OFF-2025-10-0430,2025-10-21,2025-11-20,31.76,USD,HPO-2025-10-0430,PAID,2025-10-31,2025-10,usage overage block 2025-10,JE-HAP-2025-10-0430
HAP-2025-10-0431,VEND-008,Figma,FIG-2025-10-0431,2025-10-21,2025-11-20,7201.87,USD,HPO-2025-10-0431,PAID,2025-10-31,2025-10,premium support 2025-10,JE-HAP-2025-10-0431
HAP-2025-10-0432,VEND-013,Cambridge Properties,CAM-2025-10-0432,2025-10-21,2025-11-20,232.98,USD,HPO-2025-10-0432,PAID,2025-10-31,2025-10,warehouse consumables 2025-10,JE-HAP-2025-10-0432
HAP-2025-10-0433,VEND-017,GitHub,GIT-2025-10-0433,2025-10-21,2025-11-20,98.09,USD,HPO-2025-10-0433,PAID,2025-10-31,2025-10,security monitoring hosts 2025-10,JE-HAP-2025-10-0433
HAP-2025-10-0434,VEND-021,Misc Supplies,MIS-2025-10-0434,2025-10-21,2025-11-20,152.2,USD,HPO-2025-10-0434,PAID,2025-10-31,2025-10,usage overage block 2025-10,JE-HAP-2025-10-0434
HAP-2025-10-0435,VEND-025,Okta,OKT-2025-10-0435,2025-10-21,2025-11-20,1802.31,USD,HPO-2025-10-0435,PAID,2025-10-31,2025-10,premium support 2025-10,JE-HAP-2025-10-0435
HAP-2025-10-0436,VEND-029,Cloudflare,CLO-2025-10-0436,2025-10-21,2025-11-20,117.92,USD,HPO-2025-10-0436,PAID,2025-10-31,2025-10,warehouse consumables 2025-10,JE-HAP-2025-10-0436
HAP-2025-10-0437,VEND-033,Staples Business Advantage,STA-2025-10-0437,2025-10-21,2025-11-20,60.0,USD,HPO-2025-10-0437,PAID,2025-10-31,2025-10,security monitoring hosts 2025-10,JE-HAP-2025-10-0437
HAP-2025-10-0438,VEND-037,Comcast Business,COM-2025-10-0438,2025-10-21,2025-11-20,105.11,USD,HPO-2025-10-0438,PAID,2025-10-31,2025-10,usage overage block 2025-10,JE-HAP-2025-10-0438
HAP-2025-10-0439,VEND-041,HubSpot,HUB-2025-10-0439,2025-10-21,2025-11-20,16200.22,USD,HPO-2025-10-0439,PAID,2025-10-31,2025-10,premium support 2025-10,JE-HAP-2025-10-0439
HAP-2025-10-0440,VEND-045,Palo Alto Networks,PAL-2025-10-0440,2025-10-21,2025-11-20,423.83,USD,HPO-2025-10-0440,PAID,2025-10-31,2025-10,warehouse consumables 2025-10,JE-HAP-2025-10-0440
HAP-2025-11-0441,VEND-027,Zoom Video,ZOO-2025-11-0441,2025-11-02,2025-12-02,30.44,USD,HPO-2025-11-0441,PAID,2025-11-20,2025-11,usage overage block 2025-11,JE-HAP-2025-11-0441
HAP-2025-11-0442,VEND-031,Helios Hardware Supply,HEL-2025-11-0442,2025-11-02,2025-12-02,7200.55,USD,HPO-2025-11-0442,PAID,2025-11-20,2025-11,premium support 2025-11,JE-HAP-2025-11-0442
HAP-2025-11-0443,VEND-035,ADP,ADP-2025-11-0443,2025-11-02,2025-12-02,231.66,USD,HPO-2025-11-0443,PAID,2025-11-20,2025-11,warehouse consumables 2025-11,JE-HAP-2025-11-0443
HAP-2025-11-0444,VEND-039,CleanRoom Janitorial,CLE-2025-11-0444,2025-11-02,2025-12-02,96.77,USD,HPO-2025-11-0444,PAID,2025-11-20,2025-11,security monitoring hosts 2025-11,JE-HAP-2025-11-0444
HAP-2025-11-0445,VEND-043,Adyen NV,ADY-2025-11-0445,2025-11-02,2025-12-02,150.88,USD,HPO-2025-11-0445,PAID,2025-11-20,2025-11,usage overage block 2025-11,JE-HAP-2025-11-0445
HAP-2025-11-0446,VEND-047,Carta,CAR-2025-11-0446,2025-11-02,2025-12-02,1800.99,USD,HPO-2025-11-0446,PAID,2025-11-20,2025-11,premium support 2025-11,JE-HAP-2025-11-0446
HAP-2025-11-0447,VEND-051,Northwood Supply,NOR-2025-11-0447,2025-11-02,2025-12-02,116.6,USD,HPO-2025-11-0447,PAID,2025-11-20,2025-11,warehouse consumables 2025-11,JE-HAP-2025-11-0447
HAP-2025-11-0448,VEND-055,Beacon Components,BEA-2025-11-0448,2025-11-02,2025-12-02,61.21,USD,HPO-2025-11-0448,PAID,2025-11-20,2025-11,security monitoring hosts 2025-11,JE-HAP-2025-11-0448
HAP-2025-11-0449,VEND-059,Nimbus Systems,NIM-2025-11-0449,2025-11-02,2025-12-02,106.32,USD,HPO-2025-11-0449,PAID,2025-11-20,2025-11,usage overage block 2025-11,JE-HAP-2025-11-0449
HAP-2025-11-0450,VEND-063,Alder Partners,ALD-2025-11-0450,2025-11-02,2025-12-02,16201.43,USD,HPO-2025-11-0450,PAID,2025-11-20,2025-11,premium support 2025-11,JE-HAP-2025-11-0450
HAP-2025-11-0451,VEND-067,Northwood Studio,NOR-2025-11-0451,2025-11-02,2025-12-02,425.04,USD,HPO-2025-11-0451,PAID,2025-11-20,2025-11,warehouse consumables 2025-11,JE-HAP-2025-11-0451
HAP-2025-11-0452,VEND-071,Beacon Supply,BEA-2025-11-0452,2025-11-02,2025-12-02,25.65,USD,HPO-2025-11-0452,PAID,2025-11-20,2025-11,security monitoring hosts 2025-11,JE-HAP-2025-11-0452
HAP-2025-11-0453,VEND-075,Nimbus Components,NIM-2025-11-0453,2025-11-02,2025-12-02,61.76,USD,HPO-2025-11-0453,PAID,2025-11-20,2025-11,usage overage block 2025-11,JE-HAP-2025-11-0453
HAP-2025-11-0454,VEND-079,Alder Systems,ALD-2025-11-0454,2025-11-02,2025-12-02,10801.87,USD,HPO-2025-11-0454,PAID,2025-11-20,2025-11,premium support 2025-11,JE-HAP-2025-11-0454
HAP-2025-11-0455,VEND-083,Northwood Partners,NOR-2025-11-0455,2025-11-02,2025-12-02,309.98,USD,HPO-2025-11-0455,PAID,2025-11-20,2025-11,warehouse consumables 2025-11,JE-HAP-2025-11-0455
HAP-2025-11-0456,VEND-087,Beacon Studio,BEA-2025-11-0456,2025-11-02,2025-12-02,122.09,USD,HPO-2025-11-0456,PAID,2025-11-20,2025-11,security monitoring hosts 2025-11,JE-HAP-2025-11-0456
HAP-2025-11-0457,VEND-091,Nimbus Supply,NIM-2025-11-0457,2025-11-02,2025-12-02,17.2,USD,HPO-2025-11-0457,PAID,2025-11-20,2025-11,usage overage block 2025-11,JE-HAP-2025-11-0457
HAP-2025-11-0458,VEND-095,Alder Components,ALD-2025-11-0458,2025-11-02,2025-12-02,5402.31,USD,HPO-2025-11-0458,PAID,2025-11-20,2025-11,premium support 2025-11,JE-HAP-2025-11-0458
HAP-2025-11-0459,VEND-099,Northwood Systems,NOR-2025-11-0459,2025-11-02,2025-12-02,194.92,USD,HPO-2025-11-0459,PAID,2025-11-20,2025-11,warehouse consumables 2025-11,JE-HAP-2025-11-0459
HAP-2025-11-0460,VEND-103,Beacon Partners,BEA-2025-11-0460,2025-11-02,2025-12-02,84.0,USD,HPO-2025-11-0460,PAID,2025-11-20,2025-11,security monitoring hosts 2025-11,JE-HAP-2025-11-0460
HAP-2025-11-0461,VEND-107,Nimbus Studio,NIM-2025-11-0461,2025-11-02,2025-12-02,135.11,USD,HPO-2025-11-0461,PAID,2025-11-20,2025-11,usage overage block 2025-11,JE-HAP-2025-11-0461
HAP-2025-11-0462,VEND-111,Alder Supply,ALD-2025-11-0462,2025-11-02,2025-12-02,19800.22,USD,HPO-2025-11-0462,PAID,2025-11-20,2025-11,premium support 2025-11,JE-HAP-2025-11-0462
HAP-2025-11-0463,VEND-093,Timber Partners,TIM-2025-11-0463,2025-11-03,2025-12-03,24.33,USD,HPO-2025-11-0463,PAID,2025-11-21,2025-11,security monitoring hosts 2025-11,JE-HAP-2025-11-0463
HAP-2025-11-0464,VEND-097,Ginkgo Studio,GIN-2025-11-0464,2025-11-03,2025-12-03,60.44,USD,HPO-2025-11-0464,PAID,2025-11-21,2025-11,usage overage block 2025-11,JE-HAP-2025-11-0464
HAP-2025-11-0465,VEND-101,Teak Supply,TEA-2025-11-0465,2025-11-03,2025-12-03,10800.55,USD,HPO-2025-11-0465,PAID,2025-11-21,2025-11,premium support 2025-11,JE-HAP-2025-11-0465
HAP-2025-11-0466,VEND-105,Harbor Components,HAR-2025-11-0466,2025-11-03,2025-12-03,308.66,USD,HPO-2025-11-0466,PAID,2025-11-21,2025-11,warehouse consumables 2025-11,JE-HAP-2025-11-0466
HAP-2025-11-0467,VEND-109,Timber Systems,TIM-2025-11-0467,2025-11-03,2025-12-03,120.77,USD,HPO-2025-11-0467,PAID,2025-11-21,2025-11,security monitoring hosts 2025-11,JE-HAP-2025-11-0467
HAP-2025-11-0468,VEND-113,Ginkgo Partners,GIN-2025-11-0468,2025-11-03,2025-12-03,15.88,USD,HPO-2025-11-0468,PAID,2025-11-21,2025-11,usage overage block 2025-11,JE-HAP-2025-11-0468
HAP-2025-11-0469,VEND-117,Teak Studio,TEA-2025-11-0469,2025-11-03,2025-12-03,5400.99,USD,HPO-2025-11-0469,PAID,2025-11-21,2025-11,premium support 2025-11,JE-HAP-2025-11-0469
HAP-2025-11-0470,VEND-121,Harbor Supply,HAR-2025-11-0470,2025-11-03,2025-12-03,193.6,USD,HPO-2025-11-0470,PAID,2025-11-21,2025-11,warehouse consumables 2025-11,JE-HAP-2025-11-0470
HAP-2025-11-0471,VEND-125,Timber Components,TIM-2025-11-0471,2025-11-03,2025-12-03,85.21,USD,HPO-2025-11-0471,PAID,2025-11-21,2025-11,security monitoring hosts 2025-11,JE-HAP-2025-11-0471
HAP-2025-11-0472,VEND-129,Ginkgo Systems,GIN-2025-11-0472,2025-11-03,2025-12-03,136.32,USD,HPO-2025-11-0472,PAID,2025-11-21,2025-11,usage overage block 2025-11,JE-HAP-2025-11-0472
HAP-2025-11-0473,VEND-133,Teak Partners,TEA-2025-11-0473,2025-11-03,2025-12-03,19801.43,USD,HPO-2025-11-0473,PAID,2025-11-21,2025-11,premium support 2025-11,JE-HAP-2025-11-0473
HAP-2025-11-0474,VEND-137,Harbor Studio,HAR-2025-11-0474,2025-11-03,2025-12-03,78.54,USD,HPO-2025-11-0474,PAID,2025-11-21,2025-11,warehouse consumables 2025-11,JE-HAP-2025-11-0474
HAP-2025-11-0475,VEND-141,Timber Supply,TIM-2025-11-0475,2025-11-03,2025-12-03,49.65,USD,HPO-2025-11-0475,PAID,2025-11-21,2025-11,security monitoring hosts 2025-11,JE-HAP-2025-11-0475
HAP-2025-11-0476,VEND-145,Ginkgo Components,GIN-2025-11-0476,2025-11-03,2025-12-03,91.76,USD,HPO-2025-11-0476,PAID,2025-11-21,2025-11,usage overage block 2025-11,JE-HAP-2025-11-0476
HAP-2025-11-0477,VEND-149,Teak Systems,TEA-2025-11-0477,2025-11-03,2025-12-03,14401.87,USD,HPO-2025-11-0477,PAID,2025-11-21,2025-11,premium support 2025-11,JE-HAP-2025-11-0477
HAP-2025-11-0478,VEND-153,Harbor Partners,HAR-2025-11-0478,2025-11-03,2025-12-03,386.98,USD,HPO-2025-11-0478,PAID,2025-11-21,2025-11,warehouse consumables 2025-11,JE-HAP-2025-11-0478
HAP-2025-11-0479,VEND-157,Timber Studio,TIM-2025-11-0479,2025-11-03,2025-12-03,14.09,USD,HPO-2025-11-0479,PAID,2025-11-21,2025-11,security monitoring hosts 2025-11,JE-HAP-2025-11-0479
HAP-2025-11-0480,VEND-161,Ginkgo Supply,GIN-2025-11-0480,2025-11-03,2025-12-03,47.2,USD,HPO-2025-11-0480,PAID,2025-11-21,2025-11,usage overage block 2025-11,JE-HAP-2025-11-0480
HAP-2025-11-0481,VEND-165,Teak Components,TEA-2025-11-0481,2025-11-03,2025-12-03,9002.31,USD,HPO-2025-11-0481,PAID,2025-11-21,2025-11,premium support 2025-11,JE-HAP-2025-11-0481
HAP-2025-11-0482,VEND-169,Harbor Systems,HAR-2025-11-0482,2025-11-03,2025-12-03,271.92,USD,HPO-2025-11-0482,PAID,2025-11-21,2025-11,warehouse consumables 2025-11,JE-HAP-2025-11-0482
HAP-2025-11-0483,VEND-173,Timber Partners,TIM-2025-11-0483,2025-11-03,2025-12-03,108.0,USD,HPO-2025-11-0483,PAID,2025-11-21,2025-11,security monitoring hosts 2025-11,JE-HAP-2025-11-0483
HAP-2025-11-0484,VEND-177,Ginkgo Studio,GIN-2025-11-0484,2025-11-03,2025-12-03,165.11,USD,HPO-2025-11-0484,PAID,2025-11-21,2025-11,usage overage block 2025-11,JE-HAP-2025-11-0484
HAP-2025-11-0485,VEND-159,Alder Systems,ALD-2025-11-0485,2025-11-04,2025-12-04,77.22,USD,HPO-2025-11-0485,PAID,2025-11-22,2025-11,warehouse consumables 2025-11,JE-HAP-2025-11-0485
HAP-2025-11-0486,VEND-163,Northwood Partners,NOR-2025-11-0486,2025-11-04,2025-12-04,48.33,USD,HPO-2025-11-0486,PAID,2025-11-22,2025-11,security monitoring hosts 2025-11,JE-HAP-2025-11-0486
HAP-2025-11-0487,VEND-167,Beacon Studio,BEA-2025-11-0487,2025-11-04,2025-12-04,90.44,USD,HPO-2025-11-0487,PAID,2025-11-22,2025-11,usage overage block 2025-11,JE-HAP-2025-11-0487
HAP-2025-11-0488,VEND-171,Nimbus Supply,NIM-2025-11-0488,2025-11-04,2025-12-04,14400.55,USD,HPO-2025-11-0488,PAID,2025-11-22,2025-11,premium support 2025-11,JE-HAP-2025-11-0488
HAP-2025-11-0489,VEND-175,Alder Components,ALD-2025-11-0489,2025-11-04,2025-12-04,385.66,USD,HPO-2025-11-0489,PAID,2025-11-22,2025-11,warehouse consumables 2025-11,JE-HAP-2025-11-0489
HAP-2025-11-0490,VEND-179,Northwood Systems,NOR-2025-11-0490,2025-11-04,2025-12-04,12.77,USD,HPO-2025-11-0490,PAID,2025-11-22,2025-11,security monitoring hosts 2025-11,JE-HAP-2025-11-0490
HAP-2025-11-0491,VEND-183,Beacon Partners,BEA-2025-11-0491,2025-11-04,2025-12-04,45.88,USD,HPO-2025-11-0491,PAID,2025-11-22,2025-11,usage overage block 2025-11,JE-HAP-2025-11-0491
HAP-2025-11-0492,VEND-187,Nimbus Studio,NIM-2025-11-0492,2025-11-04,2025-12-04,9000.99,USD,HPO-2025-11-0492,PAID,2025-11-22,2025-11,premium support 2025-11,JE-HAP-2025-11-0492
HAP-2025-11-0493,VEND-191,Alder Supply,ALD-2025-11-0493,2025-11-04,2025-12-04,270.6,USD,HPO-2025-11-0493,PAID,2025-11-22,2025-11,warehouse consumables 2025-11,JE-HAP-2025-11-0493
HAP-2025-11-0494,VEND-195,Northwood Components,NOR-2025-11-0494,2025-11-04,2025-12-04,109.21,USD,HPO-2025-11-0494,PAID,2025-11-22,2025-11,security monitoring hosts 2025-11,JE-HAP-2025-11-0494
HAP-2025-11-0495,VEND-199,Beacon Systems,BEA-2025-11-0495,2025-11-04,2025-12-04,166.32,USD,HPO-2025-11-0495,PAID,2025-11-22,2025-11,usage overage block 2025-11,JE-HAP-2025-11-0495
HAP-2025-11-0496,VEND-203,Nimbus Partners,NIM-2025-11-0496,2025-11-04,2025-12-04,3601.43,USD,HPO-2025-11-0496,PAID,2025-11-22,2025-11,premium support 2025-11,JE-HAP-2025-11-0496
HAP-2025-11-0497,VEND-207,Alder Studio,ALD-2025-11-0497,2025-11-04,2025-12-04,155.54,USD,HPO-2025-11-0497,PAID,2025-11-22,2025-11,warehouse consumables 2025-11,JE-HAP-2025-11-0497
HAP-2025-11-0498,VEND-211,Northwood Supply,NOR-2025-11-0498,2025-11-04,2025-12-04,73.65,USD,HPO-2025-11-0498,PAID,2025-11-22,2025-11,security monitoring hosts 2025-11,JE-HAP-2025-11-0498
HAP-2025-11-0499,VEND-215,Beacon Components,BEA-2025-11-0499,2025-11-04,2025-12-04,121.76,USD,HPO-2025-11-0499,PAID,2025-11-22,2025-11,usage overage block 2025-11,JE-HAP-2025-11-0499
HAP-2025-11-0500,VEND-219,Nimbus Systems,NIM-2025-11-0500,2025-11-04,2025-12-04,18001.87,USD,HPO-2025-11-0500,PAID,2025-11-22,2025-11,premium support 2025-11,JE-HAP-2025-11-0500
HAP-2025-11-0501,VEND-223,Alder Partners,ALD-2025-11-0501,2025-11-04,2025-12-04,40.48,USD,HPO-2025-11-0501,PAID,2025-11-22,2025-11,warehouse consumables 2025-11,JE-HAP-2025-11-0501
HAP-2025-11-0502,VEND-227,Northwood Studio,NOR-2025-11-0502,2025-11-04,2025-12-04,38.09,USD,HPO-2025-11-0502,PAID,2025-11-22,2025-11,security monitoring hosts 2025-11,JE-HAP-2025-11-0502
HAP-2025-11-0503,VEND-231,Beacon Supply,BEA-2025-11-0503,2025-11-04,2025-12-04,77.2,USD,HPO-2025-11-0503,PAID,2025-11-22,2025-11,usage overage block 2025-11,JE-HAP-2025-11-0503
HAP-2025-11-0504,VEND-235,Nimbus Components,NIM-2025-11-0504,2025-11-04,2025-12-04,12602.31,USD,HPO-2025-11-0504,PAID,2025-11-22,2025-11,premium support 2025-11,JE-HAP-2025-11-0504
HAP-2025-11-0505,VEND-239,Alder Systems,ALD-2025-11-0505,2025-11-04,2025-12-04,348.92,USD,HPO-2025-11-0505,PAID,2025-11-22,2025-11,warehouse consumables 2025-11,JE-HAP-2025-11-0505
HAP-2025-11-0506,VEND-243,Northwood Partners,NOR-2025-11-0506,2025-11-04,2025-12-04,132.0,USD,HPO-2025-11-0506,PAID,2025-11-22,2025-11,security monitoring hosts 2025-11,JE-HAP-2025-11-0506
HAP-2025-11-0507,VEND-225,Ginkgo Components,GIN-2025-11-0507,2025-11-05,2025-12-05,3600.11,USD,HPO-2025-11-0507,PAID,2025-11-23,2025-11,premium support 2025-11,JE-HAP-2025-11-0507
HAP-2025-11-0508,VEND-229,Teak Systems,TEA-2025-11-0508,2025-11-05,2025-12-05,154.22,USD,HPO-2025-11-0508,PAID,2025-11-23,2025-11,warehouse consumables 2025-11,JE-HAP-2025-11-0508
HAP-2025-11-0509,VEND-233,Harbor Partners,HAR-2025-11-0509,2025-11-05,2025-12-05,72.33,USD,HPO-2025-11-0509,PAID,2025-11-23,2025-11,security monitoring hosts 2025-11,JE-HAP-2025-11-0509
HAP-2025-11-0510,VEND-237,Timber Studio,TIM-2025-11-0510,2025-11-05,2025-12-05,120.44,USD,HPO-2025-11-0510,PAID,2025-11-23,2025-11,usage overage block 2025-11,JE-HAP-2025-11-0510
HAP-2025-11-0511,VEND-241,Ginkgo Supply,GIN-2025-11-0511,2025-11-05,2025-12-05,18000.55,USD,HPO-2025-11-0511,PAID,2025-11-23,2025-11,premium support 2025-11,JE-HAP-2025-11-0511
HAP-2025-11-0512,VEND-245,Teak Components,TEA-2025-11-0512,2025-11-05,2025-12-05,39.16,USD,HPO-2025-11-0512,PAID,2025-11-23,2025-11,warehouse consumables 2025-11,JE-HAP-2025-11-0512
HAP-2025-11-0513,VEND-249,Harbor Systems,HAR-2025-11-0513,2025-11-05,2025-12-05,36.77,USD,HPO-2025-11-0513,PAID,2025-11-23,2025-11,security monitoring hosts 2025-11,JE-HAP-2025-11-0513
HAP-2025-11-0514,VEND-253,Timber Partners,TIM-2025-11-0514,2025-11-05,2025-12-05,75.88,USD,HPO-2025-11-0514,PAID,2025-11-23,2025-11,usage overage block 2025-11,JE-HAP-2025-11-0514
HAP-2025-11-0515,VEND-257,Ginkgo Studio,GIN-2025-11-0515,2025-11-05,2025-12-05,12600.99,USD,HPO-2025-11-0515,PAID,2025-11-23,2025-11,premium support 2025-11,JE-HAP-2025-11-0515
HAP-2025-11-0516,VEND-261,Teak Supply,TEA-2025-11-0516,2025-11-05,2025-12-05,347.6,USD,HPO-2025-11-0516,PAID,2025-11-23,2025-11,warehouse consumables 2025-11,JE-HAP-2025-11-0516
HAP-2025-11-0517,VEND-265,Harbor Components,HAR-2025-11-0517,2025-11-05,2025-12-05,133.21,USD,HPO-2025-11-0517,PAID,2025-11-23,2025-11,security monitoring hosts 2025-11,JE-HAP-2025-11-0517
HAP-2025-11-0518,VEND-269,Timber Systems,TIM-2025-11-0518,2025-11-05,2025-12-05,31.32,USD,HPO-2025-11-0518,PAID,2025-11-23,2025-11,usage overage block 2025-11,JE-HAP-2025-11-0518
HAP-2025-11-0519,VEND-273,Ginkgo Partners,GIN-2025-11-0519,2025-11-05,2025-12-05,7201.43,USD,HPO-2025-11-0519,PAID,2025-11-23,2025-11,premium support 2025-11,JE-HAP-2025-11-0519
HAP-2025-11-0520,VEND-277,Teak Studio,TEA-2025-11-0520,2025-11-05,2025-12-05,232.54,USD,HPO-2025-11-0520,PAID,2025-11-23,2025-11,warehouse consumables 2025-11,JE-HAP-2025-11-0520
HAP-2025-11-0521,VEND-281,Harbor Supply,HAR-2025-11-0521,2025-11-05,2025-12-05,97.65,USD,HPO-2025-11-0521,PAID,2025-11-23,2025-11,security monitoring hosts 2025-11,JE-HAP-2025-11-0521
HAP-2025-11-0522,VEND-285,Timber Components,TIM-2025-11-0522,2025-11-05,2025-12-05,151.76,USD,HPO-2025-11-0522,PAID,2025-11-23,2025-11,usage overage block 2025-11,JE-HAP-2025-11-0522
HAP-2025-11-0523,VEND-289,Ginkgo Systems,GIN-2025-11-0523,2025-11-05,2025-12-05,1801.87,USD,HPO-2025-11-0523,PAID,2025-11-23,2025-11,premium support 2025-11,JE-HAP-2025-11-0523
HAP-2025-11-0524,VEND-293,Teak Partners,TEA-2025-11-0524,2025-11-05,2025-12-05,117.48,USD,HPO-2025-11-0524,PAID,2025-11-23,2025-11,warehouse consumables 2025-11,JE-HAP-2025-11-0524
HAP-2025-11-0525,VEND-297,Harbor Studio,HAR-2025-11-0525,2025-11-05,2025-12-05,62.09,USD,HPO-2025-11-0525,PAID,2025-11-23,2025-11,security monitoring hosts 2025-11,JE-HAP-2025-11-0525
HAP-2025-11-0526,VEND-301,Timber Supply,TIM-2025-11-0526,2025-11-05,2025-12-05,107.2,USD,HPO-2025-11-0526,PAID,2025-11-23,2025-11,usage overage block 2025-11,JE-HAP-2025-11-0526
HAP-2025-11-0527,VEND-305,Ginkgo Components,GIN-2025-11-0527,2025-11-05,2025-12-05,16202.31,USD,HPO-2025-11-0527,PAID,2025-11-23,2025-11,premium support 2025-11,JE-HAP-2025-11-0527
HAP-2025-11-0528,VEND-309,Teak Systems,TEA-2025-11-0528,2025-11-05,2025-12-05,425.92,USD,HPO-2025-11-0528,PAID,2025-11-23,2025-11,warehouse consumables 2025-11,JE-HAP-2025-11-0528
HAP-2025-11-0529,VEND-291,Northwood Supply,NOR-2025-11-0529,2025-11-06,2025-12-06,30.0,USD,HPO-2025-11-0529,PAID,2025-11-24,2025-11,usage overage block 2025-11,JE-HAP-2025-11-0529
HAP-2025-11-0530,VEND-295,Beacon Components,BEA-2025-11-0530,2025-11-06,2025-12-06,7200.11,USD,HPO-2025-11-0530,PAID,2025-11-24,2025-11,premium support 2025-11,JE-HAP-2025-11-0530
HAP-2025-11-0531,VEND-299,Nimbus Systems,NIM-2025-11-0531,2025-11-06,2025-12-06,231.22,USD,HPO-2025-11-0531,PAID,2025-11-24,2025-11,warehouse consumables 2025-11,JE-HAP-2025-11-0531
HAP-2025-11-0532,VEND-303,Alder Partners,ALD-2025-11-0532,2025-11-06,2025-12-06,96.33,USD,HPO-2025-11-0532,PAID,2025-11-24,2025-11,security monitoring hosts 2025-11,JE-HAP-2025-11-0532
HAP-2025-11-0533,VEND-307,Northwood Studio,NOR-2025-11-0533,2025-11-06,2025-12-06,150.44,USD,HPO-2025-11-0533,PAID,2025-11-24,2025-11,usage overage block 2025-11,JE-HAP-2025-11-0533
HAP-2025-11-0534,VEND-311,Beacon Supply,BEA-2025-11-0534,2025-11-06,2025-12-06,1800.55,USD,HPO-2025-11-0534,PAID,2025-11-24,2025-11,premium support 2025-11,JE-HAP-2025-11-0534
HAP-2025-11-0535,VEND-315,Nimbus Components,NIM-2025-11-0535,2025-11-06,2025-12-06,116.16,USD,HPO-2025-11-0535,PAID,2025-11-24,2025-11,warehouse consumables 2025-11,JE-HAP-2025-11-0535
HAP-2025-11-0536,VEND-319,Alder Systems,ALD-2025-11-0536,2025-11-06,2025-12-06,60.77,USD,HPO-2025-11-0536,PAID,2025-11-24,2025-11,security monitoring hosts 2025-11,JE-HAP-2025-11-0536
HAP-2025-11-0537,VEND-323,Northwood Partners,NOR-2025-11-0537,2025-11-06,2025-12-06,105.88,USD,HPO-2025-11-0537,PAID,2025-11-24,2025-11,usage overage block 2025-11,JE-HAP-2025-11-0537
HAP-2025-11-0538,VEND-002,Amazon Web Services,AMA-2025-11-0538,2025-11-06,2025-12-06,16200.99,USD,HPO-2025-11-0538,PAID,2025-11-24,2025-11,premium support 2025-11,JE-HAP-2025-11-0538
HAP-2025-11-0539,VEND-006,Datadog,DAT-2025-11-0539,2025-11-06,2025-12-06,424.6,USD,HPO-2025-11-0539,PAID,2025-11-24,2025-11,warehouse consumables 2025-11,JE-HAP-2025-11-0539
HAP-2025-11-0540,VEND-011,Hartford Insurance,HAR-2025-11-0540,2025-11-06,2025-12-06,25.21,USD,HPO-2025-11-0540,PAID,2025-11-24,2025-11,security monitoring hosts 2025-11,JE-HAP-2025-11-0540
HAP-2025-11-0541,VEND-015,Harbor Electric,HAR-2025-11-0541,2025-11-06,2025-12-06,61.32,USD,HPO-2025-11-0541,PAID,2025-11-24,2025-11,usage overage block 2025-11,JE-HAP-2025-11-0541
HAP-2025-11-0542,VEND-019,Freightline Logistics,FRE-2025-11-0542,2025-11-06,2025-12-06,10801.43,USD,HPO-2025-11-0542,PAID,2025-11-24,2025-11,premium support 2025-11,JE-HAP-2025-11-0542
HAP-2025-11-0543,VEND-023,Notion Labs,NOT-2025-11-0543,2025-11-06,2025-12-06,309.54,USD,HPO-2025-11-0543,PAID,2025-11-24,2025-11,warehouse consumables 2025-11,JE-HAP-2025-11-0543
HAP-2025-11-0544,VEND-027,Zoom Video,ZOO-2025-11-0544,2025-11-06,2025-12-06,121.65,USD,HPO-2025-11-0544,PAID,2025-11-24,2025-11,security monitoring hosts 2025-11,JE-HAP-2025-11-0544
HAP-2025-11-0545,VEND-031,Helios Hardware Supply,HEL-2025-11-0545,2025-11-06,2025-12-06,16.76,USD,HPO-2025-11-0545,PAID,2025-11-24,2025-11,usage overage block 2025-11,JE-HAP-2025-11-0545
HAP-2025-11-0546,VEND-035,ADP,ADP-2025-11-0546,2025-11-06,2025-12-06,5401.87,USD,HPO-2025-11-0546,PAID,2025-11-24,2025-11,premium support 2025-11,JE-HAP-2025-11-0546
HAP-2025-11-0547,VEND-039,CleanRoom Janitorial,CLE-2025-11-0547,2025-11-06,2025-12-06,194.48,USD,HPO-2025-11-0547,PAID,2025-11-24,2025-11,warehouse consumables 2025-11,JE-HAP-2025-11-0547
HAP-2025-11-0548,VEND-043,Adyen NV,ADY-2025-11-0548,2025-11-06,2025-12-06,86.09,USD,HPO-2025-11-0548,PAID,2025-11-24,2025-11,security monitoring hosts 2025-11,JE-HAP-2025-11-0548
HAP-2025-11-0549,VEND-047,Carta,CAR-2025-11-0549,2025-11-06,2025-12-06,137.2,USD,HPO-2025-11-0549,PAID,2025-11-24,2025-11,usage overage block 2025-11,JE-HAP-2025-11-0549
HAP-2025-11-0550,VEND-051,Northwood Supply,NOR-2025-11-0550,2025-11-06,2025-12-06,19802.31,USD,HPO-2025-11-0550,PAID,2025-11-24,2025-11,premium support 2025-11,JE-HAP-2025-11-0550
HAP-2025-11-0551,VEND-033,Staples Business Advantage,STA-2025-11-0551,2025-11-07,2025-12-07,26.42,USD,HPO-2025-11-0551,PAID,2025-11-25,2025-11,security monitoring hosts 2025-11,JE-HAP-2025-11-0551
HAP-2025-11-0552,VEND-037,Comcast Business,COM-2025-11-0552,2025-11-07,2025-12-07,60.0,USD,HPO-2025-11-0552,PAID,2025-11-25,2025-11,usage overage block 2025-11,JE-HAP-2025-11-0552
HAP-2025-11-0553,VEND-041,HubSpot,HUB-2025-11-0553,2025-11-07,2025-12-07,10800.11,USD,HPO-2025-11-0553,PAID,2025-11-25,2025-11,premium support 2025-11,JE-HAP-2025-11-0553
HAP-2025-11-0554,VEND-045,Palo Alto Networks,PAL-2025-11-0554,2025-11-07,2025-12-07,308.22,USD,HPO-2025-11-0554,PAID,2025-11-25,2025-11,warehouse consumables 2025-11,JE-HAP-2025-11-0554
HAP-2025-11-0555,VEND-049,Vanta,VAN-2025-11-0555,2025-11-07,2025-12-07,120.33,USD,HPO-2025-11-0555,PAID,2025-11-25,2025-11,security monitoring hosts 2025-11,JE-HAP-2025-11-0555
HAP-2025-11-0556,VEND-053,Teak Partners,TEA-2025-11-0556,2025-11-07,2025-12-07,15.44,USD,HPO-2025-11-0556,PAID,2025-11-25,2025-11,usage overage block 2025-11,JE-HAP-2025-11-0556
HAP-2025-11-0557,VEND-057,Harbor Studio,HAR-2025-11-0557,2025-11-07,2025-12-07,5400.55,USD,HPO-2025-11-0557,PAID,2025-11-25,2025-11,premium support 2025-11,JE-HAP-2025-11-0557
HAP-2025-11-0558,VEND-061,Timber Supply,TIM-2025-11-0558,2025-11-07,2025-12-07,193.16,USD,HPO-2025-11-0558,PAID,2025-11-25,2025-11,warehouse consumables 2025-11,JE-HAP-2025-11-0558
HAP-2025-11-0559,VEND-065,Ginkgo Components,GIN-2025-11-0559,2025-11-07,2025-12-07,84.77,USD,HPO-2025-11-0559,PAID,2025-11-25,2025-11,security monitoring hosts 2025-11,JE-HAP-2025-11-0559
HAP-2025-11-0560,VEND-069,Teak Systems,TEA-2025-11-0560,2025-11-07,2025-12-07,135.88,USD,HPO-2025-11-0560,PAID,2025-11-25,2025-11,usage overage block 2025-11,JE-HAP-2025-11-0560
HAP-2025-11-0561,VEND-073,Harbor Partners,HAR-2025-11-0561,2025-11-07,2025-12-07,19800.99,USD,HPO-2025-11-0561,PAID,2025-11-25,2025-11,premium support 2025-11,JE-HAP-2025-11-0561
HAP-2025-11-0562,VEND-077,Timber Studio,TIM-2025-11-0562,2025-11-07,2025-12-07,78.1,USD,HPO-2025-11-0562,PAID,2025-11-25,2025-11,warehouse consumables 2025-11,JE-HAP-2025-11-0562
HAP-2025-11-0563,VEND-081,Ginkgo Supply,GIN-2025-11-0563,2025-11-07,2025-12-07,49.21,USD,HPO-2025-11-0563,PAID,2025-11-25,2025-11,security monitoring hosts 2025-11,JE-HAP-2025-11-0563
HAP-2025-11-0564,VEND-085,Teak Components,TEA-2025-11-0564,2025-11-07,2025-12-07,91.32,USD,HPO-2025-11-0564,PAID,2025-11-25,2025-11,usage overage block 2025-11,JE-HAP-2025-11-0564
HAP-2025-11-0565,VEND-089,Harbor Systems,HAR-2025-11-0565,2025-11-07,2025-12-07,14401.43,USD,HPO-2025-11-0565,PAID,2025-11-25,2025-11,premium support 2025-11,JE-HAP-2025-11-0565
HAP-2025-11-0566,VEND-093,Timber Partners,TIM-2025-11-0566,2025-11-07,2025-12-07,386.54,USD,HPO-2025-11-0566,PAID,2025-11-25,2025-11,warehouse consumables 2025-11,JE-HAP-2025-11-0566
HAP-2025-11-0567,VEND-097,Ginkgo Studio,GIN-2025-11-0567,2025-11-07,2025-12-07,13.65,USD,HPO-2025-11-0567,PAID,2025-11-25,2025-11,security monitoring hosts 2025-11,JE-HAP-2025-11-0567
HAP-2025-11-0568,VEND-101,Teak Supply,TEA-2025-11-0568,2025-11-07,2025-12-07,46.76,USD,HPO-2025-11-0568,PAID,2025-11-25,2025-11,usage overage block 2025-11,JE-HAP-2025-11-0568
HAP-2025-11-0569,VEND-105,Harbor Components,HAR-2025-11-0569,2025-11-07,2025-12-07,9001.87,USD,HPO-2025-11-0569,PAID,2025-11-25,2025-11,premium support 2025-11,JE-HAP-2025-11-0569
HAP-2025-11-0570,VEND-109,Timber Systems,TIM-2025-11-0570,2025-11-07,2025-12-07,271.48,USD,HPO-2025-11-0570,PAID,2025-11-25,2025-11,warehouse consumables 2025-11,JE-HAP-2025-11-0570
HAP-2025-11-0571,VEND-113,Ginkgo Partners,GIN-2025-11-0571,2025-11-07,2025-12-07,110.09,USD,HPO-2025-11-0571,PAID,2025-11-25,2025-11,security monitoring hosts 2025-11,JE-HAP-2025-11-0571
HAP-2025-11-0572,VEND-117,Teak Studio,TEA-2025-11-0572,2025-11-07,2025-12-07,167.2,USD,HPO-2025-11-0572,PAID,2025-11-25,2025-11,usage overage block 2025-11,JE-HAP-2025-11-0572
HAP-2025-11-0573,VEND-099,Northwood Systems,NOR-2025-11-0573,2025-11-08,2025-12-08,79.31,USD,HPO-2025-11-0573,PAID,2025-11-26,2025-11,warehouse consumables 2025-11,JE-HAP-2025-11-0573
HAP-2025-11-0574,VEND-103,Beacon Partners,BEA-2025-11-0574,2025-11-08,2025-12-08,50.42,USD,HPO-2025-11-0574,PAID,2025-11-26,2025-11,security monitoring hosts 2025-11,JE-HAP-2025-11-0574
HAP-2025-11-0575,VEND-107,Nimbus Studio,NIM-2025-11-0575,2025-11-08,2025-12-08,90.0,USD,HPO-2025-11-0575,PAID,2025-11-26,2025-11,usage overage block 2025-11,JE-HAP-2025-11-0575
HAP-2025-11-0576,VEND-111,Alder Supply,ALD-2025-11-0576,2025-11-08,2025-12-08,14400.11,USD,HPO-2025-11-0576,PAID,2025-11-26,2025-11,premium support 2025-11,JE-HAP-2025-11-0576
HAP-2025-11-0577,VEND-115,Northwood Components,NOR-2025-11-0577,2025-11-08,2025-12-08,385.22,USD,HPO-2025-11-0577,PAID,2025-11-26,2025-11,warehouse consumables 2025-11,JE-HAP-2025-11-0577
HAP-2025-11-0578,VEND-119,Beacon Systems,BEA-2025-11-0578,2025-11-08,2025-12-08,12.33,USD,HPO-2025-11-0578,PAID,2025-11-26,2025-11,security monitoring hosts 2025-11,JE-HAP-2025-11-0578
HAP-2025-11-0579,VEND-123,Nimbus Partners,NIM-2025-11-0579,2025-11-08,2025-12-08,45.44,USD,HPO-2025-11-0579,PAID,2025-11-26,2025-11,usage overage block 2025-11,JE-HAP-2025-11-0579
HAP-2025-11-0580,VEND-127,Alder Studio,ALD-2025-11-0580,2025-11-08,2025-12-08,9000.55,USD,HPO-2025-11-0580,PAID,2025-11-26,2025-11,premium support 2025-11,JE-HAP-2025-11-0580
HAP-2025-11-0581,VEND-131,Northwood Supply,NOR-2025-11-0581,2025-11-08,2025-12-08,270.16,USD,HPO-2025-11-0581,PAID,2025-11-26,2025-11,warehouse consumables 2025-11,JE-HAP-2025-11-0581
HAP-2025-11-0582,VEND-135,Beacon Components,BEA-2025-11-0582,2025-11-08,2025-12-08,108.77,USD,HPO-2025-11-0582,PAID,2025-11-26,2025-11,security monitoring hosts 2025-11,JE-HAP-2025-11-0582
HAP-2025-11-0583,VEND-139,Nimbus Systems,NIM-2025-11-0583,2025-11-08,2025-12-08,165.88,USD,HPO-2025-11-0583,PAID,2025-11-26,2025-11,usage overage block 2025-11,JE-HAP-2025-11-0583
HAP-2025-11-0584,VEND-143,Alder Partners,ALD-2025-11-0584,2025-11-08,2025-12-08,3600.99,USD,HPO-2025-11-0584,PAID,2025-11-26,2025-11,premium support 2025-11,JE-HAP-2025-11-0584
HAP-2025-11-0585,VEND-147,Northwood Studio,NOR-2025-11-0585,2025-11-08,2025-12-08,155.1,USD,HPO-2025-11-0585,PAID,2025-11-26,2025-11,warehouse consumables 2025-11,JE-HAP-2025-11-0585
HAP-2025-11-0586,VEND-151,Beacon Supply,BEA-2025-11-0586,2025-11-08,2025-12-08,73.21,USD,HPO-2025-11-0586,PAID,2025-11-26,2025-11,security monitoring hosts 2025-11,JE-HAP-2025-11-0586
HAP-2025-11-0587,VEND-155,Nimbus Components,NIM-2025-11-0587,2025-11-08,2025-12-08,121.32,USD,HPO-2025-11-0587,PAID,2025-11-26,2025-11,usage overage block 2025-11,JE-HAP-2025-11-0587
HAP-2025-11-0588,VEND-159,Alder Systems,ALD-2025-11-0588,2025-11-08,2025-12-08,18001.43,USD,HPO-2025-11-0588,PAID,2025-11-26,2025-11,premium support 2025-11,JE-HAP-2025-11-0588
HAP-2025-11-0589,VEND-163,Northwood Partners,NOR-2025-11-0589,2025-11-08,2025-12-08,40.04,USD,HPO-2025-11-0589,PAID,2025-11-26,2025-11,warehouse consumables 2025-11,JE-HAP-2025-11-0589
HAP-2025-11-0590,VEND-167,Beacon Studio,BEA-2025-11-0590,2025-11-08,2025-12-08,37.65,USD,HPO-2025-11-0590,PAID,2025-11-26,2025-11,security monitoring hosts 2025-11,JE-HAP-2025-11-0590
HAP-2025-11-0591,VEND-171,Nimbus Supply,NIM-2025-11-0591,2025-11-08,2025-12-08,76.76,USD,HPO-2025-11-0591,PAID,2025-11-26,2025-11,usage overage block 2025-11,JE-HAP-2025-11-0591
HAP-2025-11-0592,VEND-175,Alder Components,ALD-2025-11-0592,2025-11-08,2025-12-08,12601.87,USD,HPO-2025-11-0592,PAID,2025-11-26,2025-11,premium support 2025-11,JE-HAP-2025-11-0592
HAP-2025-11-0593,VEND-179,Northwood Systems,NOR-2025-11-0593,2025-11-08,2025-12-08,348.48,USD,HPO-2025-11-0593,PAID,2025-11-26,2025-11,warehouse consumables 2025-11,JE-HAP-2025-11-0593
HAP-2025-11-0594,VEND-183,Beacon Partners,BEA-2025-11-0594,2025-11-08,2025-12-08,134.09,USD,HPO-2025-11-0594,PAID,2025-11-26,2025-11,security monitoring hosts 2025-11,JE-HAP-2025-11-0594
HAP-2025-11-0595,VEND-165,Teak Components,TEA-2025-11-0595,2025-11-09,2025-12-09,3602.2,USD,HPO-2025-11-0595,PAID,2025-11-27,2025-11,premium support 2025-11,JE-HAP-2025-11-0595
HAP-2025-11-0596,VEND-169,Harbor Systems,HAR-2025-11-0596,2025-11-09,2025-12-09,156.31,USD,HPO-2025-11-0596,PAID,2025-11-27,2025-11,warehouse consumables 2025-11,JE-HAP-2025-11-0596
HAP-2025-11-0597,VEND-173,Timber Partners,TIM-2025-11-0597,2025-11-09,2025-12-09,74.42,USD,HPO-2025-11-0597,PAID,2025-11-27,2025-11,security monitoring hosts 2025-11,JE-HAP-2025-11-0597
HAP-2025-11-0598,VEND-177,Ginkgo Studio,GIN-2025-11-0598,2025-11-09,2025-12-09,120.0,USD,HPO-2025-11-0598,PAID,2025-11-27,2025-11,usage overage block 2025-11,JE-HAP-2025-11-0598
HAP-2025-11-0599,VEND-181,Teak Supply,TEA-2025-11-0599,2025-11-09,2025-12-09,18000.11,USD,HPO-2025-11-0599,PAID,2025-11-27,2025-11,premium support 2025-11,JE-HAP-2025-11-0599
HAP-2025-11-0600,VEND-185,Harbor Components,HAR-2025-11-0600,2025-11-09,2025-12-09,38.72,USD,HPO-2025-11-0600,PAID,2025-11-27,2025-11,warehouse consumables 2025-11,JE-HAP-2025-11-0600
HAP-2025-11-0601,VEND-189,Timber Systems,TIM-2025-11-0601,2025-11-09,2025-12-09,36.33,USD,HPO-2025-11-0601,PAID,2025-11-27,2025-11,security monitoring hosts 2025-11,JE-HAP-2025-11-0601
HAP-2025-11-0602,VEND-193,Ginkgo Partners,GIN-2025-11-0602,2025-11-09,2025-12-09,75.44,USD,HPO-2025-11-0602,PAID,2025-11-27,2025-11,usage overage block 2025-11,JE-HAP-2025-11-0602
HAP-2025-11-0603,VEND-197,Teak Studio,TEA-2025-11-0603,2025-11-09,2025-12-09,12600.55,USD,HPO-2025-11-0603,PAID,2025-11-27,2025-11,premium support 2025-11,JE-HAP-2025-11-0603
HAP-2025-11-0604,VEND-201,Harbor Supply,HAR-2025-11-0604,2025-11-09,2025-12-09,347.16,USD,HPO-2025-11-0604,PAID,2025-11-27,2025-11,warehouse consumables 2025-11,JE-HAP-2025-11-0604
HAP-2025-11-0605,VEND-205,Timber Components,TIM-2025-11-0605,2025-11-09,2025-12-09,132.77,USD,HPO-2025-11-0605,PAID,2025-11-27,2025-11,security monitoring hosts 2025-11,JE-HAP-2025-11-0605
HAP-2025-11-0606,VEND-209,Ginkgo Systems,GIN-2025-11-0606,2025-11-09,2025-12-09,30.88,USD,HPO-2025-11-0606,PAID,2025-11-27,2025-11,usage overage block 2025-11,JE-HAP-2025-11-0606
HAP-2025-11-0607,VEND-213,Teak Partners,TEA-2025-11-0607,2025-11-09,2025-12-09,7200.99,USD,HPO-2025-11-0607,PAID,2025-11-27,2025-11,premium support 2025-11,JE-HAP-2025-11-0607
HAP-2025-11-0608,VEND-217,Harbor Studio,HAR-2025-11-0608,2025-11-09,2025-12-09,232.1,USD,HPO-2025-11-0608,PAID,2025-11-27,2025-11,warehouse consumables 2025-11,JE-HAP-2025-11-0608
HAP-2025-11-0609,VEND-221,Timber Supply,TIM-2025-11-0609,2025-11-09,2025-12-09,97.21,USD,HPO-2025-11-0609,PAID,2025-11-27,2025-11,security monitoring hosts 2025-11,JE-HAP-2025-11-0609
HAP-2025-11-0610,VEND-225,Ginkgo Components,GIN-2025-11-0610,2025-11-09,2025-12-09,151.32,USD,HPO-2025-11-0610,PAID,2025-11-27,2025-11,usage overage block 2025-11,JE-HAP-2025-11-0610
HAP-2025-11-0611,VEND-229,Teak Systems,TEA-2025-11-0611,2025-11-09,2025-12-09,1801.43,USD,HPO-2025-11-0611,PAID,2025-11-27,2025-11,premium support 2025-11,JE-HAP-2025-11-0611
HAP-2025-11-0612,VEND-233,Harbor Partners,HAR-2025-11-0612,2025-11-09,2025-12-09,117.04,USD,HPO-2025-11-0612,PAID,2025-11-27,2025-11,warehouse consumables 2025-11,JE-HAP-2025-11-0612
HAP-2025-11-0613,VEND-237,Timber Studio,TIM-2025-11-0613,2025-11-09,2025-12-09,61.65,USD,HPO-2025-11-0613,PAID,2025-11-27,2025-11,security monitoring hosts 2025-11,JE-HAP-2025-11-0613
HAP-2025-11-0614,VEND-241,Ginkgo Supply,GIN-2025-11-0614,2025-11-09,2025-12-09,106.76,USD,HPO-2025-11-0614,PAID,2025-11-27,2025-11,usage overage block 2025-11,JE-HAP-2025-11-0614
HAP-2025-11-0615,VEND-245,Teak Components,TEA-2025-11-0615,2025-11-09,2025-12-09,16201.87,USD,HPO-2025-11-0615,PAID,2025-11-27,2025-11,premium support 2025-11,JE-HAP-2025-11-0615
HAP-2025-11-0616,VEND-249,Harbor Systems,HAR-2025-11-0616,2025-11-09,2025-12-09,425.48,USD,HPO-2025-11-0616,PAID,2025-11-27,2025-11,warehouse consumables 2025-11,JE-HAP-2025-11-0616
HAP-2025-11-0617,VEND-231,Beacon Supply,BEA-2025-11-0617,2025-11-10,2025-12-10,32.09,USD,HPO-2025-11-0617,PAID,2025-11-28,2025-11,usage overage block 2025-11,JE-HAP-2025-11-0617
HAP-2025-11-0618,VEND-235,Nimbus Components,NIM-2025-11-0618,2025-11-10,2025-12-10,7202.2,USD,HPO-2025-11-0618,PAID,2025-11-28,2025-11,premium support 2025-11,JE-HAP-2025-11-0618
HAP-2025-11-0619,VEND-239,Alder Systems,ALD-2025-11-0619,2025-11-10,2025-12-10,233.31,USD,HPO-2025-11-0619,PAID,2025-11-28,2025-11,warehouse consumables 2025-11,JE-HAP-2025-11-0619
HAP-2025-11-0620,VEND-243,Northwood Partners,NOR-2025-11-0620,2025-11-10,2025-12-10,98.42,USD,HPO-2025-11-0620,PAID,2025-11-28,2025-11,security monitoring hosts 2025-11,JE-HAP-2025-11-0620
HAP-2025-11-0621,VEND-247,Beacon Studio,BEA-2025-11-0621,2025-11-10,2025-12-10,150.0,USD,HPO-2025-11-0621,PAID,2025-11-28,2025-11,usage overage block 2025-11,JE-HAP-2025-11-0621
HAP-2025-11-0622,VEND-251,Nimbus Supply,NIM-2025-11-0622,2025-11-10,2025-12-10,1800.11,USD,HPO-2025-11-0622,PAID,2025-11-28,2025-11,premium support 2025-11,JE-HAP-2025-11-0622
HAP-2025-11-0623,VEND-255,Alder Components,ALD-2025-11-0623,2025-11-10,2025-12-10,115.72,USD,HPO-2025-11-0623,PAID,2025-11-28,2025-11,warehouse consumables 2025-11,JE-HAP-2025-11-0623
HAP-2025-11-0624,VEND-259,Northwood Systems,NOR-2025-11-0624,2025-11-10,2025-12-10,60.33,USD,HPO-2025-11-0624,PAID,2025-11-28,2025-11,security monitoring hosts 2025-11,JE-HAP-2025-11-0624
HAP-2025-11-0625,VEND-263,Beacon Partners,BEA-2025-11-0625,2025-11-10,2025-12-10,105.44,USD,HPO-2025-11-0625,PAID,2025-11-28,2025-11,usage overage block 2025-11,JE-HAP-2025-11-0625
HAP-2025-11-0626,VEND-267,Nimbus Studio,NIM-2025-11-0626,2025-11-10,2025-12-10,16200.55,USD,HPO-2025-11-0626,PAID,2025-11-28,2025-11,premium support 2025-11,JE-HAP-2025-11-0626
HAP-2025-11-0627,VEND-271,Alder Supply,ALD-2025-11-0627,2025-11-10,2025-12-10,424.16,USD,HPO-2025-11-0627,PAID,2025-11-28,2025-11,warehouse consumables 2025-11,JE-HAP-2025-11-0627
HAP-2025-11-0628,VEND-275,Northwood Components,NOR-2025-11-0628,2025-11-10,2025-12-10,24.77,USD,HPO-2025-11-0628,PAID,2025-11-28,2025-11,security monitoring hosts 2025-11,JE-HAP-2025-11-0628
HAP-2025-11-0629,VEND-279,Beacon Systems,BEA-2025-11-0629,2025-11-10,2025-12-10,60.88,USD,HPO-2025-11-0629,PAID,2025-11-28,2025-11,usage overage block 2025-11,JE-HAP-2025-11-0629
HAP-2025-11-0630,VEND-283,Nimbus Partners,NIM-2025-11-0630,2025-11-10,2025-12-10,10800.99,USD,HPO-2025-11-0630,PAID,2025-11-28,2025-11,premium support 2025-11,JE-HAP-2025-11-0630
HAP-2025-11-0631,VEND-287,Alder Studio,ALD-2025-11-0631,2025-11-10,2025-12-10,309.1,USD,HPO-2025-11-0631,PAID,2025-11-28,2025-11,warehouse consumables 2025-11,JE-HAP-2025-11-0631
HAP-2025-11-0632,VEND-291,Northwood Supply,NOR-2025-11-0632,2025-11-10,2025-12-10,121.21,USD,HPO-2025-11-0632,PAID,2025-11-28,2025-11,security monitoring hosts 2025-11,JE-HAP-2025-11-0632
HAP-2025-11-0633,VEND-295,Beacon Components,BEA-2025-11-0633,2025-11-10,2025-12-10,16.32,USD,HPO-2025-11-0633,PAID,2025-11-28,2025-11,usage overage block 2025-11,JE-HAP-2025-11-0633
HAP-2025-11-0634,VEND-299,Nimbus Systems,NIM-2025-11-0634,2025-11-10,2025-12-10,5401.43,USD,HPO-2025-11-0634,PAID,2025-11-28,2025-11,premium support 2025-11,JE-HAP-2025-11-0634
HAP-2025-11-0635,VEND-303,Alder Partners,ALD-2025-11-0635,2025-11-10,2025-12-10,194.04,USD,HPO-2025-11-0635,PAID,2025-11-28,2025-11,warehouse consumables 2025-11,JE-HAP-2025-11-0635
HAP-2025-11-0636,VEND-307,Northwood Studio,NOR-2025-11-0636,2025-11-10,2025-12-10,85.65,USD,HPO-2025-11-0636,PAID,2025-11-28,2025-11,security monitoring hosts 2025-11,JE-HAP-2025-11-0636
HAP-2025-11-0637,VEND-311,Beacon Supply,BEA-2025-11-0637,2025-11-10,2025-12-10,136.76,USD,HPO-2025-11-0637,PAID,2025-11-28,2025-11,usage overage block 2025-11,JE-HAP-2025-11-0637
HAP-2025-11-0638,VEND-315,Nimbus Components,NIM-2025-11-0638,2025-11-10,2025-12-10,19801.87,USD,HPO-2025-11-0638,PAID,2025-11-28,2025-11,premium support 2025-11,JE-HAP-2025-11-0638
HAP-2025-11-0639,VEND-297,Harbor Studio,HAR-2025-11-0639,2025-11-11,2025-12-11,25.98,USD,HPO-2025-11-0639,PAID,2025-11-29,2025-11,security monitoring hosts 2025-11,JE-HAP-2025-11-0639
HAP-2025-11-0640,VEND-301,Timber Supply,TIM-2025-11-0640,2025-11-11,2025-12-11,62.09,USD,HPO-2025-11-0640,PAID,2025-11-29,2025-11,usage overage block 2025-11,JE-HAP-2025-11-0640
HAP-2025-11-0641,VEND-305,Ginkgo Components,GIN-2025-11-0641,2025-11-11,2025-12-11,10802.2,USD,HPO-2025-11-0641,PAID,2025-11-29,2025-11,premium support 2025-11,JE-HAP-2025-11-0641
HAP-2025-11-0642,VEND-309,Teak Systems,TEA-2025-11-0642,2025-11-11,2025-12-11,310.31,USD,HPO-2025-11-0642,PAID,2025-11-29,2025-11,warehouse consumables 2025-11,JE-HAP-2025-11-0642
HAP-2025-11-0643,VEND-313,Harbor Partners,HAR-2025-11-0643,2025-11-11,2025-12-11,122.42,USD,HPO-2025-11-0643,PAID,2025-11-29,2025-11,security monitoring hosts 2025-11,JE-HAP-2025-11-0643
HAP-2025-11-0644,VEND-317,Timber Studio,TIM-2025-11-0644,2025-11-11,2025-12-11,15.0,USD,HPO-2025-11-0644,PAID,2025-11-29,2025-11,usage overage block 2025-11,JE-HAP-2025-11-0644
HAP-2025-11-0645,VEND-321,Ginkgo Supply,GIN-2025-11-0645,2025-11-11,2025-12-11,5400.11,USD,HPO-2025-11-0645,PAID,2025-11-29,2025-11,premium support 2025-11,JE-HAP-2025-11-0645
HAP-2025-11-0646,VEND-001-DUP,Acme Supplies LLC,ACM-2025-11-0646,2025-11-11,2025-12-11,192.72,USD,HPO-2025-11-0646,PAID,2025-11-29,2025-11,warehouse consumables 2025-11,JE-HAP-2025-11-0646
HAP-2025-11-0647,VEND-004,Office Depot,OFF-2025-11-0647,2025-11-11,2025-12-11,84.33,USD,HPO-2025-11-0647,PAID,2025-11-29,2025-11,security monitoring hosts 2025-11,JE-HAP-2025-11-0647
HAP-2025-11-0648,VEND-008,Figma,FIG-2025-11-0648,2025-11-11,2025-12-11,135.44,USD,HPO-2025-11-0648,PAID,2025-11-29,2025-11,usage overage block 2025-11,JE-HAP-2025-11-0648
HAP-2025-11-0649,VEND-013,Cambridge Properties,CAM-2025-11-0649,2025-11-11,2025-12-11,19800.55,USD,HPO-2025-11-0649,PAID,2025-11-29,2025-11,premium support 2025-11,JE-HAP-2025-11-0649
HAP-2025-11-0650,VEND-017,GitHub,GIT-2025-11-0650,2025-11-11,2025-12-11,77.66,USD,HPO-2025-11-0650,PAID,2025-11-29,2025-11,warehouse consumables 2025-11,JE-HAP-2025-11-0650
HAP-2025-11-0651,VEND-021,Misc Supplies,MIS-2025-11-0651,2025-11-11,2025-12-11,48.77,USD,HPO-2025-11-0651,PAID,2025-11-29,2025-11,security monitoring hosts 2025-11,JE-HAP-2025-11-0651
HAP-2025-11-0652,VEND-025,Okta,OKT-2025-11-0652,2025-11-11,2025-12-11,90.88,USD,HPO-2025-11-0652,PAID,2025-11-29,2025-11,usage overage block 2025-11,JE-HAP-2025-11-0652
HAP-2025-11-0653,VEND-029,Cloudflare,CLO-2025-11-0653,2025-11-11,2025-12-11,14400.99,USD,HPO-2025-11-0653,PAID,2025-11-29,2025-11,premium support 2025-11,JE-HAP-2025-11-0653
HAP-2025-11-0654,VEND-033,Staples Business Advantage,STA-2025-11-0654,2025-11-11,2025-12-11,386.1,USD,HPO-2025-11-0654,PAID,2025-11-29,2025-11,warehouse consumables 2025-11,JE-HAP-2025-11-0654
HAP-2025-11-0655,VEND-037,Comcast Business,COM-2025-11-0655,2025-11-11,2025-12-11,13.21,USD,HPO-2025-11-0655,PAID,2025-11-29,2025-11,security monitoring hosts 2025-11,JE-HAP-2025-11-0655
HAP-2025-11-0656,VEND-041,HubSpot,HUB-2025-11-0656,2025-11-11,2025-12-11,46.32,USD,HPO-2025-11-0656,PAID,2025-11-29,2025-11,usage overage block 2025-11,JE-HAP-2025-11-0656
HAP-2025-11-0657,VEND-045,Palo Alto Networks,PAL-2025-11-0657,2025-11-11,2025-12-11,9001.43,USD,HPO-2025-11-0657,PAID,2025-11-29,2025-11,premium support 2025-11,JE-HAP-2025-11-0657
HAP-2025-11-0658,VEND-049,Vanta,VAN-2025-11-0658,2025-11-11,2025-12-11,271.04,USD,HPO-2025-11-0658,PAID,2025-11-29,2025-11,warehouse consumables 2025-11,JE-HAP-2025-11-0658
HAP-2025-11-0659,VEND-053,Teak Partners,TEA-2025-11-0659,2025-11-11,2025-12-11,109.65,USD,HPO-2025-11-0659,PAID,2025-11-29,2025-11,security monitoring hosts 2025-11,JE-HAP-2025-11-0659
HAP-2025-11-0660,VEND-057,Harbor Studio,HAR-2025-11-0660,2025-11-11,2025-12-11,166.76,USD,HPO-2025-11-0660,PAID,2025-11-29,2025-11,usage overage block 2025-11,JE-HAP-2025-11-0660
HAP-2025-11-0661,VEND-039,CleanRoom Janitorial,CLE-2025-11-0661,2025-11-12,2025-12-12,78.87,USD,HPO-2025-11-0661,PAID,2025-11-30,2025-11,warehouse consumables 2025-11,JE-HAP-2025-11-0661
HAP-2025-11-0662,VEND-043,Adyen NV,ADY-2025-11-0662,2025-11-12,2025-12-12,49.98,USD,HPO-2025-11-0662,PAID,2025-11-30,2025-11,security monitoring hosts 2025-11,JE-HAP-2025-11-0662
HAP-2025-11-0663,VEND-047,Carta,CAR-2025-11-0663,2025-11-12,2025-12-12,92.09,USD,HPO-2025-11-0663,PAID,2025-11-30,2025-11,usage overage block 2025-11,JE-HAP-2025-11-0663
HAP-2025-11-0664,VEND-051,Northwood Supply,NOR-2025-11-0664,2025-11-12,2025-12-12,14402.2,USD,HPO-2025-11-0664,PAID,2025-11-30,2025-11,premium support 2025-11,JE-HAP-2025-11-0664
HAP-2025-11-0665,VEND-055,Beacon Components,BEA-2025-11-0665,2025-11-12,2025-12-12,387.31,USD,HPO-2025-11-0665,PAID,2025-11-30,2025-11,warehouse consumables 2025-11,JE-HAP-2025-11-0665
HAP-2025-11-0666,VEND-059,Nimbus Systems,NIM-2025-11-0666,2025-11-12,2025-12-12,14.42,USD,HPO-2025-11-0666,PAID,2025-11-30,2025-11,security monitoring hosts 2025-11,JE-HAP-2025-11-0666
HAP-2025-11-0667,VEND-063,Alder Partners,ALD-2025-11-0667,2025-11-12,2025-12-12,45.0,USD,HPO-2025-11-0667,PAID,2025-11-30,2025-11,usage overage block 2025-11,JE-HAP-2025-11-0667
HAP-2025-11-0668,VEND-067,Northwood Studio,NOR-2025-11-0668,2025-11-12,2025-12-12,9000.11,USD,HPO-2025-11-0668,PAID,2025-11-30,2025-11,premium support 2025-11,JE-HAP-2025-11-0668
HAP-2025-11-0669,VEND-071,Beacon Supply,BEA-2025-11-0669,2025-11-12,2025-12-12,269.72,USD,HPO-2025-11-0669,PAID,2025-11-30,2025-11,warehouse consumables 2025-11,JE-HAP-2025-11-0669
HAP-2025-11-0670,VEND-075,Nimbus Components,NIM-2025-11-0670,2025-11-12,2025-12-12,108.33,USD,HPO-2025-11-0670,PAID,2025-11-30,2025-11,security monitoring hosts 2025-11,JE-HAP-2025-11-0670
HAP-2025-11-0671,VEND-079,Alder Systems,ALD-2025-11-0671,2025-11-12,2025-12-12,165.44,USD,HPO-2025-11-0671,PAID,2025-11-30,2025-11,usage overage block 2025-11,JE-HAP-2025-11-0671
HAP-2025-11-0672,VEND-083,Northwood Partners,NOR-2025-11-0672,2025-11-12,2025-12-12,3600.55,USD,HPO-2025-11-0672,PAID,2025-11-30,2025-11,premium support 2025-11,JE-HAP-2025-11-0672
HAP-2025-11-0673,VEND-087,Beacon Studio,BEA-2025-11-0673,2025-11-12,2025-12-12,154.66,USD,HPO-2025-11-0673,PAID,2025-11-30,2025-11,warehouse consumables 2025-11,JE-HAP-2025-11-0673
HAP-2025-11-0674,VEND-091,Nimbus Supply,NIM-2025-11-0674,2025-11-12,2025-12-12,72.77,USD,HPO-2025-11-0674,PAID,2025-11-30,2025-11,security monitoring hosts 2025-11,JE-HAP-2025-11-0674
HAP-2025-11-0675,VEND-095,Alder Components,ALD-2025-11-0675,2025-11-12,2025-12-12,120.88,USD,HPO-2025-11-0675,PAID,2025-11-30,2025-11,usage overage block 2025-11,JE-HAP-2025-11-0675
HAP-2025-11-0676,VEND-099,Northwood Systems,NOR-2025-11-0676,2025-11-12,2025-12-12,18000.99,USD,HPO-2025-11-0676,PAID,2025-11-30,2025-11,premium support 2025-11,JE-HAP-2025-11-0676
HAP-2025-11-0677,VEND-103,Beacon Partners,BEA-2025-11-0677,2025-11-12,2025-12-12,39.6,USD,HPO-2025-11-0677,PAID,2025-11-30,2025-11,warehouse consumables 2025-11,JE-HAP-2025-11-0677
HAP-2025-11-0678,VEND-107,Nimbus Studio,NIM-2025-11-0678,2025-11-12,2025-12-12,37.21,USD,HPO-2025-11-0678,PAID,2025-11-30,2025-11,security monitoring hosts 2025-11,JE-HAP-2025-11-0678
HAP-2025-11-0679,VEND-111,Alder Supply,ALD-2025-11-0679,2025-11-12,2025-12-12,76.32,USD,HPO-2025-11-0679,PAID,2025-11-30,2025-11,usage overage block 2025-11,JE-HAP-2025-11-0679
HAP-2025-11-0680,VEND-115,Northwood Components,NOR-2025-11-0680,2025-11-12,2025-12-12,12601.43,USD,HPO-2025-11-0680,PAID,2025-11-30,2025-11,premium support 2025-11,JE-HAP-2025-11-0680
HAP-2025-11-0681,VEND-119,Beacon Systems,BEA-2025-11-0681,2025-11-12,2025-12-12,348.04,USD,HPO-2025-11-0681,PAID,2025-11-30,2025-11,warehouse consumables 2025-11,JE-HAP-2025-11-0681
HAP-2025-11-0682,VEND-123,Nimbus Partners,NIM-2025-11-0682,2025-11-12,2025-12-12,133.65,USD,HPO-2025-11-0682,PAID,2025-11-30,2025-11,security monitoring hosts 2025-11,JE-HAP-2025-11-0682
HAP-2025-11-0683,VEND-105,Harbor Components,HAR-2025-11-0683,2025-11-13,2025-12-13,3601.76,USD,HPO-2025-11-0683,PAID,2025-11-30,2025-11,premium support 2025-11,JE-HAP-2025-11-0683
HAP-2025-11-0684,VEND-109,Timber Systems,TIM-2025-11-0684,2025-11-13,2025-12-13,155.87,USD,HPO-2025-11-0684,PAID,2025-11-30,2025-11,warehouse consumables 2025-11,JE-HAP-2025-11-0684
HAP-2025-11-0685,VEND-113,Ginkgo Partners,GIN-2025-11-0685,2025-11-13,2025-12-13,73.98,USD,HPO-2025-11-0685,PAID,2025-11-30,2025-11,security monitoring hosts 2025-11,JE-HAP-2025-11-0685
HAP-2025-11-0686,VEND-117,Teak Studio,TEA-2025-11-0686,2025-11-13,2025-12-13,122.09,USD,HPO-2025-11-0686,PAID,2025-11-30,2025-11,usage overage block 2025-11,JE-HAP-2025-11-0686
HAP-2025-11-0687,VEND-121,Harbor Supply,HAR-2025-11-0687,2025-11-13,2025-12-13,18002.2,USD,HPO-2025-11-0687,PAID,2025-11-30,2025-11,premium support 2025-11,JE-HAP-2025-11-0687
HAP-2025-11-0688,VEND-125,Timber Components,TIM-2025-11-0688,2025-11-13,2025-12-13,40.81,USD,HPO-2025-11-0688,PAID,2025-11-30,2025-11,warehouse consumables 2025-11,JE-HAP-2025-11-0688
HAP-2025-11-0689,VEND-129,Ginkgo Systems,GIN-2025-11-0689,2025-11-13,2025-12-13,38.42,USD,HPO-2025-11-0689,PAID,2025-11-30,2025-11,security monitoring hosts 2025-11,JE-HAP-2025-11-0689
HAP-2025-11-0690,VEND-133,Teak Partners,TEA-2025-11-0690,2025-11-13,2025-12-13,75.0,USD,HPO-2025-11-0690,PAID,2025-11-30,2025-11,usage overage block 2025-11,JE-HAP-2025-11-0690
HAP-2025-11-0691,VEND-137,Harbor Studio,HAR-2025-11-0691,2025-11-13,2025-12-13,12600.11,USD,HPO-2025-11-0691,PAID,2025-11-30,2025-11,premium support 2025-11,JE-HAP-2025-11-0691
HAP-2025-11-0692,VEND-141,Timber Supply,TIM-2025-11-0692,2025-11-13,2025-12-13,346.72,USD,HPO-2025-11-0692,PAID,2025-11-30,2025-11,warehouse consumables 2025-11,JE-HAP-2025-11-0692
HAP-2025-11-0693,VEND-145,Ginkgo Components,GIN-2025-11-0693,2025-11-13,2025-12-13,132.33,USD,HPO-2025-11-0693,PAID,2025-11-30,2025-11,security monitoring hosts 2025-11,JE-HAP-2025-11-0693
HAP-2025-11-0694,VEND-149,Teak Systems,TEA-2025-11-0694,2025-11-13,2025-12-13,30.44,USD,HPO-2025-11-0694,PAID,2025-11-30,2025-11,usage overage block 2025-11,JE-HAP-2025-11-0694
HAP-2025-11-0695,VEND-153,Harbor Partners,HAR-2025-11-0695,2025-11-13,2025-12-13,7200.55,USD,HPO-2025-11-0695,PAID,2025-11-30,2025-11,premium support 2025-11,JE-HAP-2025-11-0695
HAP-2025-11-0696,VEND-157,Timber Studio,TIM-2025-11-0696,2025-11-13,2025-12-13,231.66,USD,HPO-2025-11-0696,PAID,2025-11-30,2025-11,warehouse consumables 2025-11,JE-HAP-2025-11-0696
HAP-2025-11-0697,VEND-161,Ginkgo Supply,GIN-2025-11-0697,2025-11-13,2025-12-13,96.77,USD,HPO-2025-11-0697,PAID,2025-11-30,2025-11,security monitoring hosts 2025-11,JE-HAP-2025-11-0697
HAP-2025-11-0698,VEND-165,Teak Components,TEA-2025-11-0698,2025-11-13,2025-12-13,150.88,USD,HPO-2025-11-0698,PAID,2025-11-30,2025-11,usage overage block 2025-11,JE-HAP-2025-11-0698
HAP-2025-11-0699,VEND-169,Harbor Systems,HAR-2025-11-0699,2025-11-13,2025-12-13,1800.99,USD,HPO-2025-11-0699,PAID,2025-11-30,2025-11,premium support 2025-11,JE-HAP-2025-11-0699
HAP-2025-11-0700,VEND-173,Timber Partners,TIM-2025-11-0700,2025-11-13,2025-12-13,116.6,USD,HPO-2025-11-0700,PAID,2025-11-30,2025-11,warehouse consumables 2025-11,JE-HAP-2025-11-0700
HAP-2025-11-0701,VEND-177,Ginkgo Studio,GIN-2025-11-0701,2025-11-13,2025-12-13,61.21,USD,HPO-2025-11-0701,PAID,2025-11-30,2025-11,security monitoring hosts 2025-11,JE-HAP-2025-11-0701
HAP-2025-11-0702,VEND-181,Teak Supply,TEA-2025-11-0702,2025-11-13,2025-12-13,106.32,USD,HPO-2025-11-0702,PAID,2025-11-30,2025-11,usage overage block 2025-11,JE-HAP-2025-11-0702
HAP-2025-11-0703,VEND-185,Harbor Components,HAR-2025-11-0703,2025-11-13,2025-12-13,16201.43,USD,HPO-2025-11-0703,PAID,2025-11-30,2025-11,premium support 2025-11,JE-HAP-2025-11-0703
HAP-2025-11-0704,VEND-189,Timber Systems,TIM-2025-11-0704,2025-11-13,2025-12-13,425.04,USD,HPO-2025-11-0704,PAID,2025-11-30,2025-11,warehouse consumables 2025-11,JE-HAP-2025-11-0704
HAP-2025-11-0705,VEND-171,Nimbus Supply,NIM-2025-11-0705,2025-11-14,2025-12-14,31.65,USD,HPO-2025-11-0705,PAID,2025-11-30,2025-11,usage overage block 2025-11,JE-HAP-2025-11-0705
HAP-2025-11-0706,VEND-175,Alder Components,ALD-2025-11-0706,2025-11-14,2025-12-14,7201.76,USD,HPO-2025-11-0706,PAID,2025-11-30,2025-11,premium support 2025-11,JE-HAP-2025-11-0706
HAP-2025-11-0707,VEND-179,Northwood Systems,NOR-2025-11-0707,2025-11-14,2025-12-14,232.87,USD,HPO-2025-11-0707,PAID,2025-11-30,2025-11,warehouse consumables 2025-11,JE-HAP-2025-11-0707
HAP-2025-11-0708,VEND-183,Beacon Partners,BEA-2025-11-0708,2025-11-14,2025-12-14,97.98,USD,HPO-2025-11-0708,PAID,2025-11-30,2025-11,security monitoring hosts 2025-11,JE-HAP-2025-11-0708
HAP-2025-11-0709,VEND-187,Nimbus Studio,NIM-2025-11-0709,2025-11-14,2025-12-14,152.09,USD,HPO-2025-11-0709,PAID,2025-11-30,2025-11,usage overage block 2025-11,JE-HAP-2025-11-0709
HAP-2025-11-0710,VEND-191,Alder Supply,ALD-2025-11-0710,2025-11-14,2025-12-14,1802.2,USD,HPO-2025-11-0710,PAID,2025-11-30,2025-11,premium support 2025-11,JE-HAP-2025-11-0710
HAP-2025-11-0711,VEND-195,Northwood Components,NOR-2025-11-0711,2025-11-14,2025-12-14,117.81,USD,HPO-2025-11-0711,PAID,2025-11-30,2025-11,warehouse consumables 2025-11,JE-HAP-2025-11-0711
HAP-2025-11-0712,VEND-199,Beacon Systems,BEA-2025-11-0712,2025-11-14,2025-12-14,62.42,USD,HPO-2025-11-0712,PAID,2025-11-30,2025-11,security monitoring hosts 2025-11,JE-HAP-2025-11-0712
HAP-2025-11-0713,VEND-203,Nimbus Partners,NIM-2025-11-0713,2025-11-14,2025-12-14,105.0,USD,HPO-2025-11-0713,PAID,2025-11-30,2025-11,usage overage block 2025-11,JE-HAP-2025-11-0713
HAP-2025-11-0714,VEND-207,Alder Studio,ALD-2025-11-0714,2025-11-14,2025-12-14,16200.11,USD,HPO-2025-11-0714,PAID,2025-11-30,2025-11,premium support 2025-11,JE-HAP-2025-11-0714
HAP-2025-11-0715,VEND-211,Northwood Supply,NOR-2025-11-0715,2025-11-14,2025-12-14,423.72,USD,HPO-2025-11-0715,PAID,2025-11-30,2025-11,warehouse consumables 2025-11,JE-HAP-2025-11-0715
HAP-2025-11-0716,VEND-215,Beacon Components,BEA-2025-11-0716,2025-11-14,2025-12-14,24.33,USD,HPO-2025-11-0716,PAID,2025-11-30,2025-11,security monitoring hosts 2025-11,JE-HAP-2025-11-0716
HAP-2025-11-0717,VEND-219,Nimbus Systems,NIM-2025-11-0717,2025-11-14,2025-12-14,60.44,USD,HPO-2025-11-0717,PAID,2025-11-30,2025-11,usage overage block 2025-11,JE-HAP-2025-11-0717
HAP-2025-11-0718,VEND-223,Alder Partners,ALD-2025-11-0718,2025-11-14,2025-12-14,10800.55,USD,HPO-2025-11-0718,PAID,2025-11-30,2025-11,premium support 2025-11,JE-HAP-2025-11-0718
HAP-2025-11-0719,VEND-227,Northwood Studio,NOR-2025-11-0719,2025-11-14,2025-12-14,308.66,USD,HPO-2025-11-0719,PAID,2025-11-30,2025-11,warehouse consumables 2025-11,JE-HAP-2025-11-0719
HAP-2025-11-0720,VEND-231,Beacon Supply,BEA-2025-11-0720,2025-11-14,2025-12-14,120.77,USD,HPO-2025-11-0720,PAID,2025-11-30,2025-11,security monitoring hosts 2025-11,JE-HAP-2025-11-0720
HAP-2025-11-0721,VEND-235,Nimbus Components,NIM-2025-11-0721,2025-11-14,2025-12-14,15.88,USD,HPO-2025-11-0721,PAID,2025-11-30,2025-11,usage overage block 2025-11,JE-HAP-2025-11-0721
HAP-2025-11-0722,VEND-239,Alder Systems,ALD-2025-11-0722,2025-11-14,2025-12-14,5400.99,USD,HPO-2025-11-0722,PAID,2025-11-30,2025-11,premium support 2025-11,JE-HAP-2025-11-0722
HAP-2025-11-0723,VEND-243,Northwood Partners,NOR-2025-11-0723,2025-11-14,2025-12-14,193.6,USD,HPO-2025-11-0723,PAID,2025-11-30,2025-11,warehouse consumables 2025-11,JE-HAP-2025-11-0723
HAP-2025-11-0724,VEND-247,Beacon Studio,BEA-2025-11-0724,2025-11-14,2025-12-14,85.21,USD,HPO-2025-11-0724,PAID,2025-11-30,2025-11,security monitoring hosts 2025-11,JE-HAP-2025-11-0724
HAP-2025-11-0725,VEND-251,Nimbus Supply,NIM-2025-11-0725,2025-11-14,2025-12-14,136.32,USD,HPO-2025-11-0725,PAID,2025-11-30,2025-11,usage overage block 2025-11,JE-HAP-2025-11-0725
HAP-2025-11-0726,VEND-255,Alder Components,ALD-2025-11-0726,2025-11-14,2025-12-14,19801.43,USD,HPO-2025-11-0726,PAID,2025-11-30,2025-11,premium support 2025-11,JE-HAP-2025-11-0726
HAP-2025-11-0727,VEND-237,Timber Studio,TIM-2025-11-0727,2025-11-15,2025-12-15,25.54,USD,HPO-2025-11-0727,PAID,2025-11-30,2025-11,security monitoring hosts 2025-11,JE-HAP-2025-11-0727
HAP-2025-11-0728,VEND-241,Ginkgo Supply,GIN-2025-11-0728,2025-11-15,2025-12-15,61.65,USD,HPO-2025-11-0728,PAID,2025-11-30,2025-11,usage overage block 2025-11,JE-HAP-2025-11-0728
HAP-2025-11-0729,VEND-245,Teak Components,TEA-2025-11-0729,2025-11-15,2025-12-15,10801.76,USD,HPO-2025-11-0729,PAID,2025-11-30,2025-11,premium support 2025-11,JE-HAP-2025-11-0729
HAP-2025-11-0730,VEND-249,Harbor Systems,HAR-2025-11-0730,2025-11-15,2025-12-15,309.87,USD,HPO-2025-11-0730,PAID,2025-11-30,2025-11,warehouse consumables 2025-11,JE-HAP-2025-11-0730
HAP-2025-11-0731,VEND-253,Timber Partners,TIM-2025-11-0731,2025-11-15,2025-12-15,121.98,USD,HPO-2025-11-0731,PAID,2025-11-30,2025-11,security monitoring hosts 2025-11,JE-HAP-2025-11-0731
HAP-2025-11-0732,VEND-257,Ginkgo Studio,GIN-2025-11-0732,2025-11-15,2025-12-15,17.09,USD,HPO-2025-11-0732,PAID,2025-11-30,2025-11,usage overage block 2025-11,JE-HAP-2025-11-0732
HAP-2025-11-0733,VEND-261,Teak Supply,TEA-2025-11-0733,2025-11-15,2025-12-15,5402.2,USD,HPO-2025-11-0733,PAID,2025-11-30,2025-11,premium support 2025-11,JE-HAP-2025-11-0733
HAP-2025-11-0734,VEND-265,Harbor Components,HAR-2025-11-0734,2025-11-15,2025-12-15,194.81,USD,HPO-2025-11-0734,PAID,2025-11-30,2025-11,warehouse consumables 2025-11,JE-HAP-2025-11-0734
HAP-2025-11-0735,VEND-269,Timber Systems,TIM-2025-11-0735,2025-11-15,2025-12-15,86.42,USD,HPO-2025-11-0735,PAID,2025-11-30,2025-11,security monitoring hosts 2025-11,JE-HAP-2025-11-0735
HAP-2025-11-0736,VEND-273,Ginkgo Partners,GIN-2025-11-0736,2025-11-15,2025-12-15,135.0,USD,HPO-2025-11-0736,PAID,2025-11-30,2025-11,usage overage block 2025-11,JE-HAP-2025-11-0736
HAP-2025-11-0737,VEND-277,Teak Studio,TEA-2025-11-0737,2025-11-15,2025-12-15,19800.11,USD,HPO-2025-11-0737,PAID,2025-11-30,2025-11,premium support 2025-11,JE-HAP-2025-11-0737
HAP-2025-11-0738,VEND-281,Harbor Supply,HAR-2025-11-0738,2025-11-15,2025-12-15,77.22,USD,HPO-2025-11-0738,PAID,2025-11-30,2025-11,warehouse consumables 2025-11,JE-HAP-2025-11-0738
HAP-2025-11-0739,VEND-285,Timber Components,TIM-2025-11-0739,2025-11-15,2025-12-15,48.33,USD,HPO-2025-11-0739,PAID,2025-11-30,2025-11,security monitoring hosts 2025-11,JE-HAP-2025-11-0739
HAP-2025-11-0740,VEND-289,Ginkgo Systems,GIN-2025-11-0740,2025-11-15,2025-12-15,90.44,USD,HPO-2025-11-0740,PAID,2025-11-30,2025-11,usage overage block 2025-11,JE-HAP-2025-11-0740
HAP-2025-11-0741,VEND-293,Teak Partners,TEA-2025-11-0741,2025-11-15,2025-12-15,14400.55,USD,HPO-2025-11-0741,PAID,2025-11-30,2025-11,premium support 2025-11,JE-HAP-2025-11-0741
HAP-2025-11-0742,VEND-297,Harbor Studio,HAR-2025-11-0742,2025-11-15,2025-12-15,385.66,USD,HPO-2025-11-0742,PAID,2025-11-30,2025-11,warehouse consumables 2025-11,JE-HAP-2025-11-0742
HAP-2025-11-0743,VEND-301,Timber Supply,TIM-2025-11-0743,2025-11-15,2025-12-15,12.77,USD,HPO-2025-11-0743,PAID,2025-11-30,2025-11,security monitoring hosts 2025-11,JE-HAP-2025-11-0743
HAP-2025-11-0744,VEND-305,Ginkgo Components,GIN-2025-11-0744,2025-11-15,2025-12-15,45.88,USD,HPO-2025-11-0744,PAID,2025-11-30,2025-11,usage overage block 2025-11,JE-HAP-2025-11-0744
HAP-2025-11-0745,VEND-309,Teak Systems,TEA-2025-11-0745,2025-11-15,2025-12-15,9000.99,USD,HPO-2025-11-0745,PAID,2025-11-30,2025-11,premium support 2025-11,JE-HAP-2025-11-0745
HAP-2025-11-0746,VEND-313,Harbor Partners,HAR-2025-11-0746,2025-11-15,2025-12-15,270.6,USD,HPO-2025-11-0746,PAID,2025-11-30,2025-11,warehouse consumables 2025-11,JE-HAP-2025-11-0746
HAP-2025-11-0747,VEND-317,Timber Studio,TIM-2025-11-0747,2025-11-15,2025-12-15,109.21,USD,HPO-2025-11-0747,PAID,2025-11-30,2025-11,security monitoring hosts 2025-11,JE-HAP-2025-11-0747
HAP-2025-11-0748,VEND-321,Ginkgo Supply,GIN-2025-11-0748,2025-11-15,2025-12-15,166.32,USD,HPO-2025-11-0748,PAID,2025-11-30,2025-11,usage overage block 2025-11,JE-HAP-2025-11-0748
HAP-2025-11-0749,VEND-303,Alder Partners,ALD-2025-11-0749,2025-11-16,2025-12-16,78.43,USD,HPO-2025-11-0749,PAID,2025-11-30,2025-11,warehouse consumables 2025-11,JE-HAP-2025-11-0749
HAP-2025-11-0750,VEND-307,Northwood Studio,NOR-2025-11-0750,2025-11-16,2025-12-16,49.54,USD,HPO-2025-11-0750,PAID,2025-11-30,2025-11,security monitoring hosts 2025-11,JE-HAP-2025-11-0750
HAP-2025-11-0751,VEND-311,Beacon Supply,BEA-2025-11-0751,2025-11-16,2025-12-16,91.65,USD,HPO-2025-11-0751,PAID,2025-11-30,2025-11,usage overage block 2025-11,JE-HAP-2025-11-0751
HAP-2025-11-0752,VEND-315,Nimbus Components,NIM-2025-11-0752,2025-11-16,2025-12-16,14401.76,USD,HPO-2025-11-0752,PAID,2025-11-30,2025-11,premium support 2025-11,JE-HAP-2025-11-0752
HAP-2025-11-0753,VEND-319,Alder Systems,ALD-2025-11-0753,2025-11-16,2025-12-16,386.87,USD,HPO-2025-11-0753,PAID,2025-11-30,2025-11,warehouse consumables 2025-11,JE-HAP-2025-11-0753
HAP-2025-11-0754,VEND-323,Northwood Partners,NOR-2025-11-0754,2025-11-16,2025-12-16,13.98,USD,HPO-2025-11-0754,PAID,2025-11-30,2025-11,security monitoring hosts 2025-11,JE-HAP-2025-11-0754
HAP-2025-11-0755,VEND-002,Amazon Web Services,AMA-2025-11-0755,2025-11-16,2025-12-16,47.09,USD,HPO-2025-11-0755,PAID,2025-11-30,2025-11,usage overage block 2025-11,JE-HAP-2025-11-0755
HAP-2025-11-0756,VEND-006,Datadog,DAT-2025-11-0756,2025-11-16,2025-12-16,9002.2,USD,HPO-2025-11-0756,PAID,2025-11-30,2025-11,premium support 2025-11,JE-HAP-2025-11-0756
HAP-2025-11-0757,VEND-011,Hartford Insurance,HAR-2025-11-0757,2025-11-16,2025-12-16,271.81,USD,HPO-2025-11-0757,PAID,2025-11-30,2025-11,warehouse consumables 2025-11,JE-HAP-2025-11-0757
HAP-2025-11-0758,VEND-015,Harbor Electric,HAR-2025-11-0758,2025-11-16,2025-12-16,110.42,USD,HPO-2025-11-0758,PAID,2025-11-30,2025-11,security monitoring hosts 2025-11,JE-HAP-2025-11-0758
HAP-2025-11-0759,VEND-019,Freightline Logistics,FRE-2025-11-0759,2025-11-16,2025-12-16,165.0,USD,HPO-2025-11-0759,PAID,2025-11-30,2025-11,usage overage block 2025-11,JE-HAP-2025-11-0759
HAP-2025-11-0760,VEND-023,Notion Labs,NOT-2025-11-0760,2025-11-16,2025-12-16,3600.11,USD,HPO-2025-11-0760,PAID,2025-11-30,2025-11,premium support 2025-11,JE-HAP-2025-11-0760
HAP-2025-11-0761,VEND-027,Zoom Video,ZOO-2025-11-0761,2025-11-16,2025-12-16,154.22,USD,HPO-2025-11-0761,PAID,2025-11-30,2025-11,warehouse consumables 2025-11,JE-HAP-2025-11-0761
HAP-2025-11-0762,VEND-031,Helios Hardware Supply,HEL-2025-11-0762,2025-11-16,2025-12-16,72.33,USD,HPO-2025-11-0762,PAID,2025-11-30,2025-11,security monitoring hosts 2025-11,JE-HAP-2025-11-0762
HAP-2025-11-0763,VEND-035,ADP,ADP-2025-11-0763,2025-11-16,2025-12-16,120.44,USD,HPO-2025-11-0763,PAID,2025-11-30,2025-11,usage overage block 2025-11,JE-HAP-2025-11-0763
HAP-2025-11-0764,VEND-039,CleanRoom Janitorial,CLE-2025-11-0764,2025-11-16,2025-12-16,18000.55,USD,HPO-2025-11-0764,PAID,2025-11-30,2025-11,premium support 2025-11,JE-HAP-2025-11-0764
HAP-2025-11-0765,VEND-043,Adyen NV,ADY-2025-11-0765,2025-11-16,2025-12-16,39.16,USD,HPO-2025-11-0765,PAID,2025-11-30,2025-11,warehouse consumables 2025-11,JE-HAP-2025-11-0765
HAP-2025-11-0766,VEND-047,Carta,CAR-2025-11-0766,2025-11-16,2025-12-16,36.77,USD,HPO-2025-11-0766,PAID,2025-11-30,2025-11,security monitoring hosts 2025-11,JE-HAP-2025-11-0766
HAP-2025-11-0767,VEND-051,Northwood Supply,NOR-2025-11-0767,2025-11-16,2025-12-16,75.88,USD,HPO-2025-11-0767,PAID,2025-11-30,2025-11,usage overage block 2025-11,JE-HAP-2025-11-0767
HAP-2025-11-0768,VEND-055,Beacon Components,BEA-2025-11-0768,2025-11-16,2025-12-16,12600.99,USD,HPO-2025-11-0768,PAID,2025-11-30,2025-11,premium support 2025-11,JE-HAP-2025-11-0768
HAP-2025-11-0769,VEND-059,Nimbus Systems,NIM-2025-11-0769,2025-11-16,2025-12-16,347.6,USD,HPO-2025-11-0769,PAID,2025-11-30,2025-11,warehouse consumables 2025-11,JE-HAP-2025-11-0769
HAP-2025-11-0770,VEND-063,Alder Partners,ALD-2025-11-0770,2025-11-16,2025-12-16,133.21,USD,HPO-2025-11-0770,PAID,2025-11-30,2025-11,security monitoring hosts 2025-11,JE-HAP-2025-11-0770
HAP-2025-11-0771,VEND-045,Palo Alto Networks,PAL-2025-11-0771,2025-11-17,2025-12-17,3601.32,USD,HPO-2025-11-0771,PAID,2025-11-30,2025-11,premium support 2025-11,JE-HAP-2025-11-0771
HAP-2025-11-0772,VEND-049,Vanta,VAN-2025-11-0772,2025-11-17,2025-12-17,155.43,USD,HPO-2025-11-0772,PAID,2025-11-30,2025-11,warehouse consumables 2025-11,JE-HAP-2025-11-0772
HAP-2025-11-0773,VEND-053,Teak Partners,TEA-2025-11-0773,2025-11-17,2025-12-17,73.54,USD,HPO-2025-11-0773,PAID,2025-11-30,2025-11,security monitoring hosts 2025-11,JE-HAP-2025-11-0773
HAP-2025-11-0774,VEND-057,Harbor Studio,HAR-2025-11-0774,2025-11-17,2025-12-17,121.65,USD,HPO-2025-11-0774,PAID,2025-11-30,2025-11,usage overage block 2025-11,JE-HAP-2025-11-0774
HAP-2025-11-0775,VEND-061,Timber Supply,TIM-2025-11-0775,2025-11-17,2025-12-17,18001.76,USD,HPO-2025-11-0775,PAID,2025-11-30,2025-11,premium support 2025-11,JE-HAP-2025-11-0775
HAP-2025-11-0776,VEND-065,Ginkgo Components,GIN-2025-11-0776,2025-11-17,2025-12-17,40.37,USD,HPO-2025-11-0776,PAID,2025-11-30,2025-11,warehouse consumables 2025-11,JE-HAP-2025-11-0776
HAP-2025-11-0777,VEND-069,Teak Systems,TEA-2025-11-0777,2025-11-17,2025-12-17,37.98,USD,HPO-2025-11-0777,PAID,2025-11-30,2025-11,security monitoring hosts 2025-11,JE-HAP-2025-11-0777
HAP-2025-11-0778,VEND-073,Harbor Partners,HAR-2025-11-0778,2025-11-17,2025-12-17,77.09,USD,HPO-2025-11-0778,PAID,2025-11-30,2025-11,usage overage block 2025-11,JE-HAP-2025-11-0778
HAP-2025-11-0779,VEND-077,Timber Studio,TIM-2025-11-0779,2025-11-17,2025-12-17,12602.2,USD,HPO-2025-11-0779,PAID,2025-11-30,2025-11,premium support 2025-11,JE-HAP-2025-11-0779
HAP-2025-11-0780,VEND-081,Ginkgo Supply,GIN-2025-11-0780,2025-11-17,2025-12-17,348.81,USD,HPO-2025-11-0780,PAID,2025-11-30,2025-11,warehouse consumables 2025-11,JE-HAP-2025-11-0780
HAP-2025-11-0781,VEND-085,Teak Components,TEA-2025-11-0781,2025-11-17,2025-12-17,134.42,USD,HPO-2025-11-0781,PAID,2025-11-30,2025-11,security monitoring hosts 2025-11,JE-HAP-2025-11-0781
HAP-2025-11-0782,VEND-089,Harbor Systems,HAR-2025-11-0782,2025-11-17,2025-12-17,30.0,USD,HPO-2025-11-0782,PAID,2025-11-30,2025-11,usage overage block 2025-11,JE-HAP-2025-11-0782
HAP-2025-11-0783,VEND-093,Timber Partners,TIM-2025-11-0783,2025-11-17,2025-12-17,7200.11,USD,HPO-2025-11-0783,PAID,2025-11-30,2025-11,premium support 2025-11,JE-HAP-2025-11-0783
HAP-2025-11-0784,VEND-097,Ginkgo Studio,GIN-2025-11-0784,2025-11-17,2025-12-17,231.22,USD,HPO-2025-11-0784,PAID,2025-11-30,2025-11,warehouse consumables 2025-11,JE-HAP-2025-11-0784
HAP-2025-11-0785,VEND-101,Teak Supply,TEA-2025-11-0785,2025-11-17,2025-12-17,96.33,USD,HPO-2025-11-0785,PAID,2025-11-30,2025-11,security monitoring hosts 2025-11,JE-HAP-2025-11-0785
HAP-2025-11-0786,VEND-105,Harbor Components,HAR-2025-11-0786,2025-11-17,2025-12-17,150.44,USD,HPO-2025-11-0786,PAID,2025-11-30,2025-11,usage overage block 2025-11,JE-HAP-2025-11-0786
HAP-2025-11-0787,VEND-109,Timber Systems,TIM-2025-11-0787,2025-11-17,2025-12-17,1800.55,USD,HPO-2025-11-0787,PAID,2025-11-30,2025-11,premium support 2025-11,JE-HAP-2025-11-0787
HAP-2025-11-0788,VEND-113,Ginkgo Partners,GIN-2025-11-0788,2025-11-17,2025-12-17,116.16,USD,HPO-2025-11-0788,PAID,2025-11-30,2025-11,warehouse consumables 2025-11,JE-HAP-2025-11-0788
HAP-2025-11-0789,VEND-117,Teak Studio,TEA-2025-11-0789,2025-11-17,2025-12-17,60.77,USD,HPO-2025-11-0789,PAID,2025-11-30,2025-11,security monitoring hosts 2025-11,JE-HAP-2025-11-0789
HAP-2025-11-0790,VEND-121,Harbor Supply,HAR-2025-11-0790,2025-11-17,2025-12-17,105.88,USD,HPO-2025-11-0790,PAID,2025-11-30,2025-11,usage overage block 2025-11,JE-HAP-2025-11-0790
HAP-2025-11-0791,VEND-125,Timber Components,TIM-2025-11-0791,2025-11-17,2025-12-17,16200.99,USD,HPO-2025-11-0791,PAID,2025-11-30,2025-11,premium support 2025-11,JE-HAP-2025-11-0791
HAP-2025-11-0792,VEND-129,Ginkgo Systems,GIN-2025-11-0792,2025-11-17,2025-12-17,424.6,USD,HPO-2025-11-0792,PAID,2025-11-30,2025-11,warehouse consumables 2025-11,JE-HAP-2025-11-0792
HAP-2025-11-0793,VEND-111,Alder Supply,ALD-2025-11-0793,2025-11-18,2025-12-18,31.21,USD,HPO-2025-11-0793,PAID,2025-11-30,2025-11,usage overage block 2025-11,JE-HAP-2025-11-0793
HAP-2025-11-0794,VEND-115,Northwood Components,NOR-2025-11-0794,2025-11-18,2025-12-18,7201.32,USD,HPO-2025-11-0794,PAID,2025-11-30,2025-11,premium support 2025-11,JE-HAP-2025-11-0794
HAP-2025-11-0795,VEND-119,Beacon Systems,BEA-2025-11-0795,2025-11-18,2025-12-18,232.43,USD,HPO-2025-11-0795,PAID,2025-11-30,2025-11,warehouse consumables 2025-11,JE-HAP-2025-11-0795
HAP-2025-11-0796,VEND-123,Nimbus Partners,NIM-2025-11-0796,2025-11-18,2025-12-18,97.54,USD,HPO-2025-11-0796,PAID,2025-11-30,2025-11,security monitoring hosts 2025-11,JE-HAP-2025-11-0796
HAP-2025-11-0797,VEND-127,Alder Studio,ALD-2025-11-0797,2025-11-18,2025-12-18,151.65,USD,HPO-2025-11-0797,PAID,2025-11-30,2025-11,usage overage block 2025-11,JE-HAP-2025-11-0797
HAP-2025-11-0798,VEND-131,Northwood Supply,NOR-2025-11-0798,2025-11-18,2025-12-18,1801.76,USD,HPO-2025-11-0798,PAID,2025-11-30,2025-11,premium support 2025-11,JE-HAP-2025-11-0798
HAP-2025-11-0799,VEND-135,Beacon Components,BEA-2025-11-0799,2025-11-18,2025-12-18,117.37,USD,HPO-2025-11-0799,PAID,2025-11-30,2025-11,warehouse consumables 2025-11,JE-HAP-2025-11-0799
HAP-2025-11-0800,VEND-139,Nimbus Systems,NIM-2025-11-0800,2025-11-18,2025-12-18,61.98,USD,HPO-2025-11-0800,PAID,2025-11-30,2025-11,security monitoring hosts 2025-11,JE-HAP-2025-11-0800
HAP-2025-11-0801,VEND-143,Alder Partners,ALD-2025-11-0801,2025-11-18,2025-12-18,107.09,USD,HPO-2025-11-0801,PAID,2025-11-30,2025-11,usage overage block 2025-11,JE-HAP-2025-11-0801
HAP-2025-11-0802,VEND-147,Northwood Studio,NOR-2025-11-0802,2025-11-18,2025-12-18,16202.2,USD,HPO-2025-11-0802,PAID,2025-11-30,2025-11,premium support 2025-11,JE-HAP-2025-11-0802
HAP-2025-11-0803,VEND-151,Beacon Supply,BEA-2025-11-0803,2025-11-18,2025-12-18,425.81,USD,HPO-2025-11-0803,PAID,2025-11-30,2025-11,warehouse consumables 2025-11,JE-HAP-2025-11-0803
HAP-2025-11-0804,VEND-155,Nimbus Components,NIM-2025-11-0804,2025-11-18,2025-12-18,26.42,USD,HPO-2025-11-0804,PAID,2025-11-30,2025-11,security monitoring hosts 2025-11,JE-HAP-2025-11-0804
HAP-2025-11-0805,VEND-159,Alder Systems,ALD-2025-11-0805,2025-11-18,2025-12-18,60.0,USD,HPO-2025-11-0805,PAID,2025-11-30,2025-11,usage overage block 2025-11,JE-HAP-2025-11-0805
HAP-2025-11-0806,VEND-163,Northwood Partners,NOR-2025-11-0806,2025-11-18,2025-12-18,10800.11,USD,HPO-2025-11-0806,PAID,2025-11-30,2025-11,premium support 2025-11,JE-HAP-2025-11-0806
HAP-2025-11-0807,VEND-167,Beacon Studio,BEA-2025-11-0807,2025-11-18,2025-12-18,308.22,USD,HPO-2025-11-0807,PAID,2025-11-30,2025-11,warehouse consumables 2025-11,JE-HAP-2025-11-0807
HAP-2025-11-0808,VEND-171,Nimbus Supply,NIM-2025-11-0808,2025-11-18,2025-12-18,120.33,USD,HPO-2025-11-0808,PAID,2025-11-30,2025-11,security monitoring hosts 2025-11,JE-HAP-2025-11-0808
HAP-2025-11-0809,VEND-175,Alder Components,ALD-2025-11-0809,2025-11-18,2025-12-18,15.44,USD,HPO-2025-11-0809,PAID,2025-11-30,2025-11,usage overage block 2025-11,JE-HAP-2025-11-0809
HAP-2025-11-0810,VEND-179,Northwood Systems,NOR-2025-11-0810,2025-11-18,2025-12-18,5400.55,USD,HPO-2025-11-0810,PAID,2025-11-30,2025-11,premium support 2025-11,JE-HAP-2025-11-0810
HAP-2025-11-0811,VEND-183,Beacon Partners,BEA-2025-11-0811,2025-11-18,2025-12-18,193.16,USD,HPO-2025-11-0811,PAID,2025-11-30,2025-11,warehouse consumables 2025-11,JE-HAP-2025-11-0811
HAP-2025-11-0812,VEND-187,Nimbus Studio,NIM-2025-11-0812,2025-11-18,2025-12-18,84.77,USD,HPO-2025-11-0812,PAID,2025-11-30,2025-11,security monitoring hosts 2025-11,JE-HAP-2025-11-0812
HAP-2025-11-0813,VEND-191,Alder Supply,ALD-2025-11-0813,2025-11-18,2025-12-18,135.88,USD,HPO-2025-11-0813,PAID,2025-11-30,2025-11,usage overage block 2025-11,JE-HAP-2025-11-0813
HAP-2025-11-0814,VEND-195,Northwood Components,NOR-2025-11-0814,2025-11-18,2025-12-18,19800.99,USD,HPO-2025-11-0814,PAID,2025-11-30,2025-11,premium support 2025-11,JE-HAP-2025-11-0814
HAP-2025-11-0815,VEND-177,Ginkgo Studio,GIN-2025-11-0815,2025-11-19,2025-12-19,25.1,USD,HPO-2025-11-0815,PAID,2025-11-30,2025-11,security monitoring hosts 2025-11,JE-HAP-2025-11-0815
HAP-2025-11-0816,VEND-181,Teak Supply,TEA-2025-11-0816,2025-11-19,2025-12-19,61.21,USD,HPO-2025-11-0816,PAID,2025-11-30,2025-11,usage overage block 2025-11,JE-HAP-2025-11-0816
HAP-2025-11-0817,VEND-185,Harbor Components,HAR-2025-11-0817,2025-11-19,2025-12-19,10801.32,USD,HPO-2025-11-0817,PAID,2025-11-30,2025-11,premium support 2025-11,JE-HAP-2025-11-0817
HAP-2025-11-0818,VEND-189,Timber Systems,TIM-2025-11-0818,2025-11-19,2025-12-19,309.43,USD,HPO-2025-11-0818,PAID,2025-11-30,2025-11,warehouse consumables 2025-11,JE-HAP-2025-11-0818
HAP-2025-11-0819,VEND-193,Ginkgo Partners,GIN-2025-11-0819,2025-11-19,2025-12-19,121.54,USD,HPO-2025-11-0819,PAID,2025-11-30,2025-11,security monitoring hosts 2025-11,JE-HAP-2025-11-0819
HAP-2025-11-0820,VEND-197,Teak Studio,TEA-2025-11-0820,2025-11-19,2025-12-19,16.65,USD,HPO-2025-11-0820,PAID,2025-11-30,2025-11,usage overage block 2025-11,JE-HAP-2025-11-0820
HAP-2025-11-0821,VEND-201,Harbor Supply,HAR-2025-11-0821,2025-11-19,2025-12-19,5401.76,USD,HPO-2025-11-0821,PAID,2025-11-30,2025-11,premium support 2025-11,JE-HAP-2025-11-0821
HAP-2025-11-0822,VEND-205,Timber Components,TIM-2025-11-0822,2025-11-19,2025-12-19,194.37,USD,HPO-2025-11-0822,PAID,2025-11-30,2025-11,warehouse consumables 2025-11,JE-HAP-2025-11-0822
HAP-2025-11-0823,VEND-209,Ginkgo Systems,GIN-2025-11-0823,2025-11-19,2025-12-19,85.98,USD,HPO-2025-11-0823,PAID,2025-11-30,2025-11,security monitoring hosts 2025-11,JE-HAP-2025-11-0823
HAP-2025-11-0824,VEND-213,Teak Partners,TEA-2025-11-0824,2025-11-19,2025-12-19,137.09,USD,HPO-2025-11-0824,PAID,2025-11-30,2025-11,usage overage block 2025-11,JE-HAP-2025-11-0824
HAP-2025-11-0825,VEND-217,Harbor Studio,HAR-2025-11-0825,2025-11-19,2025-12-19,19802.2,USD,HPO-2025-11-0825,PAID,2025-11-30,2025-11,premium support 2025-11,JE-HAP-2025-11-0825
HAP-2025-11-0826,VEND-221,Timber Supply,TIM-2025-11-0826,2025-11-19,2025-12-19,79.31,USD,HPO-2025-11-0826,PAID,2025-11-30,2025-11,warehouse consumables 2025-11,JE-HAP-2025-11-0826
HAP-2025-11-0827,VEND-225,Ginkgo Components,GIN-2025-11-0827,2025-11-19,2025-12-19,50.42,USD,HPO-2025-11-0827,PAID,2025-11-30,2025-11,security monitoring hosts 2025-11,JE-HAP-2025-11-0827
HAP-2025-11-0828,VEND-229,Teak Systems,TEA-2025-11-0828,2025-11-19,2025-12-19,90.0,USD,HPO-2025-11-0828,PAID,2025-11-30,2025-11,usage overage block 2025-11,JE-HAP-2025-11-0828
HAP-2025-11-0829,VEND-233,Harbor Partners,HAR-2025-11-0829,2025-11-19,2025-12-19,14400.11,USD,HPO-2025-11-0829,PAID,2025-11-30,2025-11,premium support 2025-11,JE-HAP-2025-11-0829
HAP-2025-11-0830,VEND-237,Timber Studio,TIM-2025-11-0830,2025-11-19,2025-12-19,385.22,USD,HPO-2025-11-0830,PAID,2025-11-30,2025-11,warehouse consumables 2025-11,JE-HAP-2025-11-0830
HAP-2025-11-0831,VEND-241,Ginkgo Supply,GIN-2025-11-0831,2025-11-19,2025-12-19,12.33,USD,HPO-2025-11-0831,PAID,2025-11-30,2025-11,security monitoring hosts 2025-11,JE-HAP-2025-11-0831
HAP-2025-11-0832,VEND-245,Teak Components,TEA-2025-11-0832,2025-11-19,2025-12-19,45.44,USD,HPO-2025-11-0832,PAID,2025-11-30,2025-11,usage overage block 2025-11,JE-HAP-2025-11-0832
HAP-2025-11-0833,VEND-249,Harbor Systems,HAR-2025-11-0833,2025-11-19,2025-12-19,9000.55,USD,HPO-2025-11-0833,PAID,2025-11-30,2025-11,premium support 2025-11,JE-HAP-2025-11-0833
HAP-2025-11-0834,VEND-253,Timber Partners,TIM-2025-11-0834,2025-11-19,2025-12-19,270.16,USD,HPO-2025-11-0834,PAID,2025-11-30,2025-11,warehouse consumables 2025-11,JE-HAP-2025-11-0834
HAP-2025-11-0835,VEND-257,Ginkgo Studio,GIN-2025-11-0835,2025-11-19,2025-12-19,108.77,USD,HPO-2025-11-0835,PAID,2025-11-30,2025-11,security monitoring hosts 2025-11,JE-HAP-2025-11-0835
HAP-2025-11-0836,VEND-261,Teak Supply,TEA-2025-11-0836,2025-11-19,2025-12-19,165.88,USD,HPO-2025-11-0836,PAID,2025-11-30,2025-11,usage overage block 2025-11,JE-HAP-2025-11-0836
HAP-2025-11-0837,VEND-243,Northwood Partners,NOR-2025-11-0837,2025-11-20,2025-12-20,77.99,USD,HPO-2025-11-0837,PAID,2025-11-30,2025-11,warehouse consumables 2025-11,JE-HAP-2025-11-0837
HAP-2025-11-0838,VEND-247,Beacon Studio,BEA-2025-11-0838,2025-11-20,2025-12-20,49.1,USD,HPO-2025-11-0838,PAID,2025-11-30,2025-11,security monitoring hosts 2025-11,JE-HAP-2025-11-0838
HAP-2025-11-0839,VEND-251,Nimbus Supply,NIM-2025-11-0839,2025-11-20,2025-12-20,91.21,USD,HPO-2025-11-0839,PAID,2025-11-30,2025-11,usage overage block 2025-11,JE-HAP-2025-11-0839
HAP-2025-11-0840,VEND-255,Alder Components,ALD-2025-11-0840,2025-11-20,2025-12-20,14401.32,USD,HPO-2025-11-0840,PAID,2025-11-30,2025-11,premium support 2025-11,JE-HAP-2025-11-0840
HAP-2025-11-0841,VEND-259,Northwood Systems,NOR-2025-11-0841,2025-11-20,2025-12-20,386.43,USD,HPO-2025-11-0841,PAID,2025-11-30,2025-11,warehouse consumables 2025-11,JE-HAP-2025-11-0841
HAP-2025-11-0842,VEND-263,Beacon Partners,BEA-2025-11-0842,2025-11-20,2025-12-20,13.54,USD,HPO-2025-11-0842,PAID,2025-11-30,2025-11,security monitoring hosts 2025-11,JE-HAP-2025-11-0842
HAP-2025-11-0843,VEND-267,Nimbus Studio,NIM-2025-11-0843,2025-11-20,2025-12-20,46.65,USD,HPO-2025-11-0843,PAID,2025-11-30,2025-11,usage overage block 2025-11,JE-HAP-2025-11-0843
HAP-2025-11-0844,VEND-271,Alder Supply,ALD-2025-11-0844,2025-11-20,2025-12-20,9001.76,USD,HPO-2025-11-0844,PAID,2025-11-30,2025-11,premium support 2025-11,JE-HAP-2025-11-0844
HAP-2025-11-0845,VEND-275,Northwood Components,NOR-2025-11-0845,2025-11-20,2025-12-20,271.37,USD,HPO-2025-11-0845,PAID,2025-11-30,2025-11,warehouse consumables 2025-11,JE-HAP-2025-11-0845
HAP-2025-11-0846,VEND-279,Beacon Systems,BEA-2025-11-0846,2025-11-20,2025-12-20,109.98,USD,HPO-2025-11-0846,PAID,2025-11-30,2025-11,security monitoring hosts 2025-11,JE-HAP-2025-11-0846
HAP-2025-11-0847,VEND-283,Nimbus Partners,NIM-2025-11-0847,2025-11-20,2025-12-20,167.09,USD,HPO-2025-11-0847,PAID,2025-11-30,2025-11,usage overage block 2025-11,JE-HAP-2025-11-0847
HAP-2025-11-0848,VEND-287,Alder Studio,ALD-2025-11-0848,2025-11-20,2025-12-20,3602.2,USD,HPO-2025-11-0848,PAID,2025-11-30,2025-11,premium support 2025-11,JE-HAP-2025-11-0848
HAP-2025-11-0849,VEND-291,Northwood Supply,NOR-2025-11-0849,2025-11-20,2025-12-20,156.31,USD,HPO-2025-11-0849,PAID,2025-11-30,2025-11,warehouse consumables 2025-11,JE-HAP-2025-11-0849
HAP-2025-11-0850,VEND-295,Beacon Components,BEA-2025-11-0850,2025-11-20,2025-12-20,74.42,USD,HPO-2025-11-0850,PAID,2025-11-30,2025-11,security monitoring hosts 2025-11,JE-HAP-2025-11-0850
HAP-2025-11-0851,VEND-299,Nimbus Systems,NIM-2025-11-0851,2025-11-20,2025-12-20,120.0,USD,HPO-2025-11-0851,PAID,2025-11-30,2025-11,usage overage block 2025-11,JE-HAP-2025-11-0851
HAP-2025-11-0852,VEND-303,Alder Partners,ALD-2025-11-0852,2025-11-20,2025-12-20,18000.11,USD,HPO-2025-11-0852,PAID,2025-11-30,2025-11,premium support 2025-11,JE-HAP-2025-11-0852
HAP-2025-11-0853,VEND-307,Northwood Studio,NOR-2025-11-0853,2025-11-20,2025-12-20,38.72,USD,HPO-2025-11-0853,PAID,2025-11-30,2025-11,warehouse consumables 2025-11,JE-HAP-2025-11-0853
HAP-2025-11-0854,VEND-311,Beacon Supply,BEA-2025-11-0854,2025-11-20,2025-12-20,36.33,USD,HPO-2025-11-0854,PAID,2025-11-30,2025-11,security monitoring hosts 2025-11,JE-HAP-2025-11-0854
HAP-2025-11-0855,VEND-315,Nimbus Components,NIM-2025-11-0855,2025-11-20,2025-12-20,75.44,USD,HPO-2025-11-0855,PAID,2025-11-30,2025-11,usage overage block 2025-11,JE-HAP-2025-11-0855
HAP-2025-11-0856,VEND-319,Alder Systems,ALD-2025-11-0856,2025-11-20,2025-12-20,12600.55,USD,HPO-2025-11-0856,PAID,2025-11-30,2025-11,premium support 2025-11,JE-HAP-2025-11-0856
HAP-2025-11-0857,VEND-323,Northwood Partners,NOR-2025-11-0857,2025-11-20,2025-12-20,347.16,USD,HPO-2025-11-0857,PAID,2025-11-30,2025-11,warehouse consumables 2025-11,JE-HAP-2025-11-0857
HAP-2025-11-0858,VEND-002,Amazon Web Services,AMA-2025-11-0858,2025-11-20,2025-12-20,132.77,USD,HPO-2025-11-0858,PAID,2025-11-30,2025-11,security monitoring hosts 2025-11,JE-HAP-2025-11-0858
HAP-2025-11-0859,VEND-309,Teak Systems,TEA-2025-11-0859,2025-11-21,2025-12-21,3600.88,USD,HPO-2025-11-0859,PAID,2025-11-30,2025-11,premium support 2025-11,JE-HAP-2025-11-0859
HAP-2025-11-0860,VEND-313,Harbor Partners,HAR-2025-11-0860,2025-11-21,2025-12-21,154.99,USD,HPO-2025-11-0860,PAID,2025-11-30,2025-11,warehouse consumables 2025-11,JE-HAP-2025-11-0860
HAP-2025-11-0861,VEND-317,Timber Studio,TIM-2025-11-0861,2025-11-21,2025-12-21,73.1,USD,HPO-2025-11-0861,PAID,2025-11-30,2025-11,security monitoring hosts 2025-11,JE-HAP-2025-11-0861
HAP-2025-11-0862,VEND-321,Ginkgo Supply,GIN-2025-11-0862,2025-11-21,2025-12-21,121.21,USD,HPO-2025-11-0862,PAID,2025-11-30,2025-11,usage overage block 2025-11,JE-HAP-2025-11-0862
HAP-2025-11-0863,VEND-001-DUP,Acme Supplies LLC,ACM-2025-11-0863,2025-11-21,2025-12-21,18001.32,USD,HPO-2025-11-0863,PAID,2025-11-30,2025-11,premium support 2025-11,JE-HAP-2025-11-0863
HAP-2025-11-0864,VEND-004,Office Depot,OFF-2025-11-0864,2025-11-21,2025-12-21,39.93,USD,HPO-2025-11-0864,PAID,2025-11-30,2025-11,warehouse consumables 2025-11,JE-HAP-2025-11-0864
HAP-2025-11-0865,VEND-008,Figma,FIG-2025-11-0865,2025-11-21,2025-12-21,37.54,USD,HPO-2025-11-0865,PAID,2025-11-30,2025-11,security monitoring hosts 2025-11,JE-HAP-2025-11-0865
HAP-2025-11-0866,VEND-013,Cambridge Properties,CAM-2025-11-0866,2025-11-21,2025-12-21,76.65,USD,HPO-2025-11-0866,PAID,2025-11-30,2025-11,usage overage block 2025-11,JE-HAP-2025-11-0866
HAP-2025-11-0867,VEND-017,GitHub,GIT-2025-11-0867,2025-11-21,2025-12-21,12601.76,USD,HPO-2025-11-0867,PAID,2025-11-30,2025-11,premium support 2025-11,JE-HAP-2025-11-0867
HAP-2025-11-0868,VEND-021,Misc Supplies,MIS-2025-11-0868,2025-11-21,2025-12-21,348.37,USD,HPO-2025-11-0868,PAID,2025-11-30,2025-11,warehouse consumables 2025-11,JE-HAP-2025-11-0868
HAP-2025-11-0869,VEND-025,Okta,OKT-2025-11-0869,2025-11-21,2025-12-21,133.98,USD,HPO-2025-11-0869,PAID,2025-11-30,2025-11,security monitoring hosts 2025-11,JE-HAP-2025-11-0869
HAP-2025-11-0870,VEND-029,Cloudflare,CLO-2025-11-0870,2025-11-21,2025-12-21,32.09,USD,HPO-2025-11-0870,PAID,2025-11-30,2025-11,usage overage block 2025-11,JE-HAP-2025-11-0870
HAP-2025-11-0871,VEND-033,Staples Business Advantage,STA-2025-11-0871,2025-11-21,2025-12-21,7202.2,USD,HPO-2025-11-0871,PAID,2025-11-30,2025-11,premium support 2025-11,JE-HAP-2025-11-0871
HAP-2025-11-0872,VEND-037,Comcast Business,COM-2025-11-0872,2025-11-21,2025-12-21,233.31,USD,HPO-2025-11-0872,PAID,2025-11-30,2025-11,warehouse consumables 2025-11,JE-HAP-2025-11-0872
HAP-2025-11-0873,VEND-041,HubSpot,HUB-2025-11-0873,2025-11-21,2025-12-21,98.42,USD,HPO-2025-11-0873,PAID,2025-11-30,2025-11,security monitoring hosts 2025-11,JE-HAP-2025-11-0873
HAP-2025-11-0874,VEND-045,Palo Alto Networks,PAL-2025-11-0874,2025-11-21,2025-12-21,150.0,USD,HPO-2025-11-0874,PAID,2025-11-30,2025-11,usage overage block 2025-11,JE-HAP-2025-11-0874
HAP-2025-11-0875,VEND-049,Vanta,VAN-2025-11-0875,2025-11-21,2025-12-21,1800.11,USD,HPO-2025-11-0875,PAID,2025-11-30,2025-11,premium support 2025-11,JE-HAP-2025-11-0875
HAP-2025-11-0876,VEND-053,Teak Partners,TEA-2025-11-0876,2025-11-21,2025-12-21,115.72,USD,HPO-2025-11-0876,PAID,2025-11-30,2025-11,warehouse consumables 2025-11,JE-HAP-2025-11-0876
HAP-2025-11-0877,VEND-057,Harbor Studio,HAR-2025-11-0877,2025-11-21,2025-12-21,60.33,USD,HPO-2025-11-0877,PAID,2025-11-30,2025-11,security monitoring hosts 2025-11,JE-HAP-2025-11-0877
HAP-2025-11-0878,VEND-061,Timber Supply,TIM-2025-11-0878,2025-11-21,2025-12-21,105.44,USD,HPO-2025-11-0878,PAID,2025-11-30,2025-11,usage overage block 2025-11,JE-HAP-2025-11-0878
HAP-2025-11-0879,VEND-065,Ginkgo Components,GIN-2025-11-0879,2025-11-21,2025-12-21,16200.55,USD,HPO-2025-11-0879,PAID,2025-11-30,2025-11,premium support 2025-11,JE-HAP-2025-11-0879
HAP-2025-11-0880,VEND-069,Teak Systems,TEA-2025-11-0880,2025-11-21,2025-12-21,424.16,USD,HPO-2025-11-0880,PAID,2025-11-30,2025-11,warehouse consumables 2025-11,JE-HAP-2025-11-0880
HAP-2025-12-0881,VEND-051,Northwood Supply,NOR-2025-12-0881,2025-12-02,2026-01-01,30.77,USD,HPO-2025-12-0881,PAID,2025-12-20,2025-12,usage overage block 2025-12,JE-HAP-2025-12-0881
HAP-2025-12-0882,VEND-055,Beacon Components,BEA-2025-12-0882,2025-12-02,2026-01-01,7200.88,USD,HPO-2025-12-0882,PAID,2025-12-20,2025-12,premium support 2025-12,JE-HAP-2025-12-0882
HAP-2025-12-0883,VEND-059,Nimbus Systems,NIM-2025-12-0883,2025-12-02,2026-01-01,231.99,USD,HPO-2025-12-0883,PAID,2025-12-20,2025-12,warehouse consumables 2025-12,JE-HAP-2025-12-0883
HAP-2025-12-0884,VEND-063,Alder Partners,ALD-2025-12-0884,2025-12-02,2026-01-01,97.1,USD,HPO-2025-12-0884,PAID,2025-12-20,2025-12,security monitoring hosts 2025-12,JE-HAP-2025-12-0884
HAP-2025-12-0885,VEND-067,Northwood Studio,NOR-2025-12-0885,2025-12-02,2026-01-01,151.21,USD,HPO-2025-12-0885,PAID,2025-12-20,2025-12,usage overage block 2025-12,JE-HAP-2025-12-0885
HAP-2025-12-0886,VEND-071,Beacon Supply,BEA-2025-12-0886,2025-12-02,2026-01-01,1801.32,USD,HPO-2025-12-0886,PAID,2025-12-20,2025-12,premium support 2025-12,JE-HAP-2025-12-0886
HAP-2025-12-0887,VEND-075,Nimbus Components,NIM-2025-12-0887,2025-12-02,2026-01-01,116.93,USD,HPO-2025-12-0887,PAID,2025-12-20,2025-12,warehouse consumables 2025-12,JE-HAP-2025-12-0887
HAP-2025-12-0888,VEND-079,Alder Systems,ALD-2025-12-0888,2025-12-02,2026-01-01,61.54,USD,HPO-2025-12-0888,PAID,2025-12-20,2025-12,security monitoring hosts 2025-12,JE-HAP-2025-12-0888
HAP-2025-12-0889,VEND-083,Northwood Partners,NOR-2025-12-0889,2025-12-02,2026-01-01,106.65,USD,HPO-2025-12-0889,PAID,2025-12-20,2025-12,usage overage block 2025-12,JE-HAP-2025-12-0889
HAP-2025-12-0890,VEND-087,Beacon Studio,BEA-2025-12-0890,2025-12-02,2026-01-01,16201.76,USD,HPO-2025-12-0890,PAID,2025-12-20,2025-12,premium support 2025-12,JE-HAP-2025-12-0890
HAP-2025-12-0891,VEND-091,Nimbus Supply,NIM-2025-12-0891,2025-12-02,2026-01-01,425.37,USD,HPO-2025-12-0891,PAID,2025-12-20,2025-12,warehouse consumables 2025-12,JE-HAP-2025-12-0891
HAP-2025-12-0892,VEND-095,Alder Components,ALD-2025-12-0892,2025-12-02,2026-01-01,25.98,USD,HPO-2025-12-0892,PAID,2025-12-20,2025-12,security monitoring hosts 2025-12,JE-HAP-2025-12-0892
HAP-2025-12-0893,VEND-099,Northwood Systems,NOR-2025-12-0893,2025-12-02,2026-01-01,62.09,USD,HPO-2025-12-0893,PAID,2025-12-20,2025-12,usage overage block 2025-12,JE-HAP-2025-12-0893
HAP-2025-12-0894,VEND-103,Beacon Partners,BEA-2025-12-0894,2025-12-02,2026-01-01,10802.2,USD,HPO-2025-12-0894,PAID,2025-12-20,2025-12,premium support 2025-12,JE-HAP-2025-12-0894
HAP-2025-12-0895,VEND-107,Nimbus Studio,NIM-2025-12-0895,2025-12-02,2026-01-01,310.31,USD,HPO-2025-12-0895,PAID,2025-12-20,2025-12,warehouse consumables 2025-12,JE-HAP-2025-12-0895
HAP-2025-12-0896,VEND-111,Alder Supply,ALD-2025-12-0896,2025-12-02,2026-01-01,122.42,USD,HPO-2025-12-0896,PAID,2025-12-20,2025-12,security monitoring hosts 2025-12,JE-HAP-2025-12-0896
HAP-2025-12-0897,VEND-115,Northwood Components,NOR-2025-12-0897,2025-12-02,2026-01-01,15.0,USD,HPO-2025-12-0897,PAID,2025-12-20,2025-12,usage overage block 2025-12,JE-HAP-2025-12-0897
HAP-2025-12-0898,VEND-119,Beacon Systems,BEA-2025-12-0898,2025-12-02,2026-01-01,5400.11,USD,HPO-2025-12-0898,PAID,2025-12-20,2025-12,premium support 2025-12,JE-HAP-2025-12-0898
HAP-2025-12-0899,VEND-123,Nimbus Partners,NIM-2025-12-0899,2025-12-02,2026-01-01,192.72,USD,HPO-2025-12-0899,PAID,2025-12-20,2025-12,warehouse consumables 2025-12,JE-HAP-2025-12-0899
HAP-2025-12-0900,VEND-127,Alder Studio,ALD-2025-12-0900,2025-12-02,2026-01-01,84.33,USD,HPO-2025-12-0900,PAID,2025-12-20,2025-12,security monitoring hosts 2025-12,JE-HAP-2025-12-0900
HAP-2025-12-0901,VEND-131,Northwood Supply,NOR-2025-12-0901,2025-12-02,2026-01-01,135.44,USD,HPO-2025-12-0901,PAID,2025-12-20,2025-12,usage overage block 2025-12,JE-HAP-2025-12-0901
HAP-2025-12-0902,VEND-135,Beacon Components,BEA-2025-12-0902,2025-12-02,2026-01-01,19800.55,USD,HPO-2025-12-0902,PAID,2025-12-20,2025-12,premium support 2025-12,JE-HAP-2025-12-0902
HAP-2025-12-0903,VEND-117,Teak Studio,TEA-2025-12-0903,2025-12-03,2026-01-02,24.66,USD,HPO-2025-12-0903,PAID,2025-12-21,2025-12,security monitoring hosts 2025-12,JE-HAP-2025-12-0903
HAP-2025-12-0904,VEND-121,Harbor Supply,HAR-2025-12-0904,2025-12-03,2026-01-02,60.77,USD,HPO-2025-12-0904,PAID,2025-12-21,2025-12,usage overage block 2025-12,JE-HAP-2025-12-0904
HAP-2025-12-0905,VEND-125,Timber Components,TIM-2025-12-0905,2025-12-03,2026-01-02,10800.88,USD,HPO-2025-12-0905,PAID,2025-12-21,2025-12,premium support 2025-12,JE-HAP-2025-12-0905
HAP-2025-12-0906,VEND-129,Ginkgo Systems,GIN-2025-12-0906,2025-12-03,2026-01-02,308.99,USD,HPO-2025-12-0906,PAID,2025-12-21,2025-12,warehouse consumables 2025-12,JE-HAP-2025-12-0906
HAP-2025-12-0907,VEND-133,Teak Partners,TEA-2025-12-0907,2025-12-03,2026-01-02,121.1,USD,HPO-2025-12-0907,PAID,2025-12-21,2025-12,security monitoring hosts 2025-12,JE-HAP-2025-12-0907
HAP-2025-12-0908,VEND-137,Harbor Studio,HAR-2025-12-0908,2025-12-03,2026-01-02,16.21,USD,HPO-2025-12-0908,PAID,2025-12-21,2025-12,usage overage block 2025-12,JE-HAP-2025-12-0908
HAP-2025-12-0909,VEND-141,Timber Supply,TIM-2025-12-0909,2025-12-03,2026-01-02,5401.32,USD,HPO-2025-12-0909,PAID,2025-12-21,2025-12,premium support 2025-12,JE-HAP-2025-12-0909
HAP-2025-12-0910,VEND-145,Ginkgo Components,GIN-2025-12-0910,2025-12-03,2026-01-02,193.93,USD,HPO-2025-12-0910,PAID,2025-12-21,2025-12,warehouse consumables 2025-12,JE-HAP-2025-12-0910
HAP-2025-12-0911,VEND-149,Teak Systems,TEA-2025-12-0911,2025-12-03,2026-01-02,85.54,USD,HPO-2025-12-0911,PAID,2025-12-21,2025-12,security monitoring hosts 2025-12,JE-HAP-2025-12-0911
HAP-2025-12-0912,VEND-153,Harbor Partners,HAR-2025-12-0912,2025-12-03,2026-01-02,136.65,USD,HPO-2025-12-0912,PAID,2025-12-21,2025-12,usage overage block 2025-12,JE-HAP-2025-12-0912
HAP-2025-12-0913,VEND-157,Timber Studio,TIM-2025-12-0913,2025-12-03,2026-01-02,19801.76,USD,HPO-2025-12-0913,PAID,2025-12-21,2025-12,premium support 2025-12,JE-HAP-2025-12-0913
HAP-2025-12-0914,VEND-161,Ginkgo Supply,GIN-2025-12-0914,2025-12-03,2026-01-02,78.87,USD,HPO-2025-12-0914,PAID,2025-12-21,2025-12,warehouse consumables 2025-12,JE-HAP-2025-12-0914
HAP-2025-12-0915,VEND-165,Teak Components,TEA-2025-12-0915,2025-12-03,2026-01-02,49.98,USD,HPO-2025-12-0915,PAID,2025-12-21,2025-12,security monitoring hosts 2025-12,JE-HAP-2025-12-0915
HAP-2025-12-0916,VEND-169,Harbor Systems,HAR-2025-12-0916,2025-12-03,2026-01-02,92.09,USD,HPO-2025-12-0916,PAID,2025-12-21,2025-12,usage overage block 2025-12,JE-HAP-2025-12-0916
HAP-2025-12-0917,VEND-173,Timber Partners,TIM-2025-12-0917,2025-12-03,2026-01-02,14402.2,USD,HPO-2025-12-0917,PAID,2025-12-21,2025-12,premium support 2025-12,JE-HAP-2025-12-0917
HAP-2025-12-0918,VEND-177,Ginkgo Studio,GIN-2025-12-0918,2025-12-03,2026-01-02,387.31,USD,HPO-2025-12-0918,PAID,2025-12-21,2025-12,warehouse consumables 2025-12,JE-HAP-2025-12-0918
HAP-2025-12-0919,VEND-181,Teak Supply,TEA-2025-12-0919,2025-12-03,2026-01-02,14.42,USD,HPO-2025-12-0919,PAID,2025-12-21,2025-12,security monitoring hosts 2025-12,JE-HAP-2025-12-0919
HAP-2025-12-0920,VEND-185,Harbor Components,HAR-2025-12-0920,2025-12-03,2026-01-02,45.0,USD,HPO-2025-12-0920,PAID,2025-12-21,2025-12,usage overage block 2025-12,JE-HAP-2025-12-0920
HAP-2025-12-0921,VEND-189,Timber Systems,TIM-2025-12-0921,2025-12-03,2026-01-02,9000.11,USD,HPO-2025-12-0921,PAID,2025-12-21,2025-12,premium support 2025-12,JE-HAP-2025-12-0921
HAP-2025-12-0922,VEND-193,Ginkgo Partners,GIN-2025-12-0922,2025-12-03,2026-01-02,269.72,USD,HPO-2025-12-0922,PAID,2025-12-21,2025-12,warehouse consumables 2025-12,JE-HAP-2025-12-0922
HAP-2025-12-0923,VEND-197,Teak Studio,TEA-2025-12-0923,2025-12-03,2026-01-02,108.33,USD,HPO-2025-12-0923,PAID,2025-12-21,2025-12,security monitoring hosts 2025-12,JE-HAP-2025-12-0923
HAP-2025-12-0924,VEND-201,Harbor Supply,HAR-2025-12-0924,2025-12-03,2026-01-02,165.44,USD,HPO-2025-12-0924,PAID,2025-12-21,2025-12,usage overage block 2025-12,JE-HAP-2025-12-0924
HAP-2025-12-0925,VEND-183,Beacon Partners,BEA-2025-12-0925,2025-12-04,2026-01-03,77.55,USD,HPO-2025-12-0925,PAID,2025-12-22,2025-12,warehouse consumables 2025-12,JE-HAP-2025-12-0925
HAP-2025-12-0926,VEND-187,Nimbus Studio,NIM-2025-12-0926,2025-12-04,2026-01-03,48.66,USD,HPO-2025-12-0926,PAID,2025-12-22,2025-12,security monitoring hosts 2025-12,JE-HAP-2025-12-0926
HAP-2025-12-0927,VEND-191,Alder Supply,ALD-2025-12-0927,2025-12-04,2026-01-03,90.77,USD,HPO-2025-12-0927,PAID,2025-12-22,2025-12,usage overage block 2025-12,JE-HAP-2025-12-0927
HAP-2025-12-0928,VEND-195,Northwood Components,NOR-2025-12-0928,2025-12-04,2026-01-03,14400.88,USD,HPO-2025-12-0928,PAID,2025-12-22,2025-12,premium support 2025-12,JE-HAP-2025-12-0928
HAP-2025-12-0929,VEND-199,Beacon Systems,BEA-2025-12-0929,2025-12-04,2026-01-03,385.99,USD,HPO-2025-12-0929,PAID,2025-12-22,2025-12,warehouse consumables 2025-12,JE-HAP-2025-12-0929
HAP-2025-12-0930,VEND-203,Nimbus Partners,NIM-2025-12-0930,2025-12-04,2026-01-03,13.1,USD,HPO-2025-12-0930,PAID,2025-12-22,2025-12,security monitoring hosts 2025-12,JE-HAP-2025-12-0930
HAP-2025-12-0931,VEND-207,Alder Studio,ALD-2025-12-0931,2025-12-04,2026-01-03,46.21,USD,HPO-2025-12-0931,PAID,2025-12-22,2025-12,usage overage block 2025-12,JE-HAP-2025-12-0931
HAP-2025-12-0932,VEND-211,Northwood Supply,NOR-2025-12-0932,2025-12-04,2026-01-03,9001.32,USD,HPO-2025-12-0932,PAID,2025-12-22,2025-12,premium support 2025-12,JE-HAP-2025-12-0932
HAP-2025-12-0933,VEND-215,Beacon Components,BEA-2025-12-0933,2025-12-04,2026-01-03,270.93,USD,HPO-2025-12-0933,PAID,2025-12-22,2025-12,warehouse consumables 2025-12,JE-HAP-2025-12-0933
HAP-2025-12-0934,VEND-219,Nimbus Systems,NIM-2025-12-0934,2025-12-04,2026-01-03,109.54,USD,HPO-2025-12-0934,PAID,2025-12-22,2025-12,security monitoring hosts 2025-12,JE-HAP-2025-12-0934
HAP-2025-12-0935,VEND-223,Alder Partners,ALD-2025-12-0935,2025-12-04,2026-01-03,166.65,USD,HPO-2025-12-0935,PAID,2025-12-22,2025-12,usage overage block 2025-12,JE-HAP-2025-12-0935
HAP-2025-12-0936,VEND-227,Northwood Studio,NOR-2025-12-0936,2025-12-04,2026-01-03,3601.76,USD,HPO-2025-12-0936,PAID,2025-12-22,2025-12,premium support 2025-12,JE-HAP-2025-12-0936
HAP-2025-12-0937,VEND-231,Beacon Supply,BEA-2025-12-0937,2025-12-04,2026-01-03,155.87,USD,HPO-2025-12-0937,PAID,2025-12-22,2025-12,warehouse consumables 2025-12,JE-HAP-2025-12-0937
HAP-2025-12-0938,VEND-235,Nimbus Components,NIM-2025-12-0938,2025-12-04,2026-01-03,73.98,USD,HPO-2025-12-0938,PAID,2025-12-22,2025-12,security monitoring hosts 2025-12,JE-HAP-2025-12-0938
HAP-2025-12-0939,VEND-239,Alder Systems,ALD-2025-12-0939,2025-12-04,2026-01-03,122.09,USD,HPO-2025-12-0939,PAID,2025-12-22,2025-12,usage overage block 2025-12,JE-HAP-2025-12-0939
HAP-2025-12-0940,VEND-243,Northwood Partners,NOR-2025-12-0940,2025-12-04,2026-01-03,18002.2,USD,HPO-2025-12-0940,PAID,2025-12-22,2025-12,premium support 2025-12,JE-HAP-2025-12-0940
HAP-2025-12-0941,VEND-247,Beacon Studio,BEA-2025-12-0941,2025-12-04,2026-01-03,40.81,USD,HPO-2025-12-0941,PAID,2025-12-22,2025-12,warehouse consumables 2025-12,JE-HAP-2025-12-0941
HAP-2025-12-0942,VEND-251,Nimbus Supply,NIM-2025-12-0942,2025-12-04,2026-01-03,38.42,USD,HPO-2025-12-0942,PAID,2025-12-22,2025-12,security monitoring hosts 2025-12,JE-HAP-2025-12-0942
HAP-2025-12-0943,VEND-255,Alder Components,ALD-2025-12-0943,2025-12-04,2026-01-03,75.0,USD,HPO-2025-12-0943,PAID,2025-12-22,2025-12,usage overage block 2025-12,JE-HAP-2025-12-0943
HAP-2025-12-0944,VEND-259,Northwood Systems,NOR-2025-12-0944,2025-12-04,2026-01-03,12600.11,USD,HPO-2025-12-0944,PAID,2025-12-22,2025-12,premium support 2025-12,JE-HAP-2025-12-0944
HAP-2025-12-0945,VEND-263,Beacon Partners,BEA-2025-12-0945,2025-12-04,2026-01-03,346.72,USD,HPO-2025-12-0945,PAID,2025-12-22,2025-12,warehouse consumables 2025-12,JE-HAP-2025-12-0945
HAP-2025-12-0946,VEND-267,Nimbus Studio,NIM-2025-12-0946,2025-12-04,2026-01-03,132.33,USD,HPO-2025-12-0946,PAID,2025-12-22,2025-12,security monitoring hosts 2025-12,JE-HAP-2025-12-0946
HAP-2025-12-0947,VEND-249,Harbor Systems,HAR-2025-12-0947,2025-12-05,2026-01-04,3600.44,USD,HPO-2025-12-0947,PAID,2025-12-23,2025-12,premium support 2025-12,JE-HAP-2025-12-0947
HAP-2025-12-0948,VEND-253,Timber Partners,TIM-2025-12-0948,2025-12-05,2026-01-04,154.55,USD,HPO-2025-12-0948,PAID,2025-12-23,2025-12,warehouse consumables 2025-12,JE-HAP-2025-12-0948
HAP-2025-12-0949,VEND-257,Ginkgo Studio,GIN-2025-12-0949,2025-12-05,2026-01-04,72.66,USD,HPO-2025-12-0949,PAID,2025-12-23,2025-12,security monitoring hosts 2025-12,JE-HAP-2025-12-0949
HAP-2025-12-0950,VEND-261,Teak Supply,TEA-2025-12-0950,2025-12-05,2026-01-04,120.77,USD,HPO-2025-12-0950,PAID,2025-12-23,2025-12,usage overage block 2025-12,JE-HAP-2025-12-0950
HAP-2025-12-0951,VEND-265,Harbor Components,HAR-2025-12-0951,2025-12-05,2026-01-04,18000.88,USD,HPO-2025-12-0951,PAID,2025-12-23,2025-12,premium support 2025-12,JE-HAP-2025-12-0951
HAP-2025-12-0952,VEND-269,Timber Systems,TIM-2025-12-0952,2025-12-05,2026-01-04,39.49,USD,HPO-2025-12-0952,PAID,2025-12-23,2025-12,warehouse consumables 2025-12,JE-HAP-2025-12-0952
HAP-2025-12-0953,VEND-273,Ginkgo Partners,GIN-2025-12-0953,2025-12-05,2026-01-04,37.1,USD,HPO-2025-12-0953,PAID,2025-12-23,2025-12,security monitoring hosts 2025-12,JE-HAP-2025-12-0953
HAP-2025-12-0954,VEND-277,Teak Studio,TEA-2025-12-0954,2025-12-05,2026-01-04,76.21,USD,HPO-2025-12-0954,PAID,2025-12-23,2025-12,usage overage block 2025-12,JE-HAP-2025-12-0954
HAP-2025-12-0955,VEND-281,Harbor Supply,HAR-2025-12-0955,2025-12-05,2026-01-04,12601.32,USD,HPO-2025-12-0955,PAID,2025-12-23,2025-12,premium support 2025-12,JE-HAP-2025-12-0955
HAP-2025-12-0956,VEND-285,Timber Components,TIM-2025-12-0956,2025-12-05,2026-01-04,347.93,USD,HPO-2025-12-0956,PAID,2025-12-23,2025-12,warehouse consumables 2025-12,JE-HAP-2025-12-0956
HAP-2025-12-0957,VEND-289,Ginkgo Systems,GIN-2025-12-0957,2025-12-05,2026-01-04,133.54,USD,HPO-2025-12-0957,PAID,2025-12-23,2025-12,security monitoring hosts 2025-12,JE-HAP-2025-12-0957
HAP-2025-12-0958,VEND-293,Teak Partners,TEA-2025-12-0958,2025-12-05,2026-01-04,31.65,USD,HPO-2025-12-0958,PAID,2025-12-23,2025-12,usage overage block 2025-12,JE-HAP-2025-12-0958
HAP-2025-12-0959,VEND-297,Harbor Studio,HAR-2025-12-0959,2025-12-05,2026-01-04,7201.76,USD,HPO-2025-12-0959,PAID,2025-12-23,2025-12,premium support 2025-12,JE-HAP-2025-12-0959
HAP-2025-12-0960,VEND-301,Timber Supply,TIM-2025-12-0960,2025-12-05,2026-01-04,232.87,USD,HPO-2025-12-0960,PAID,2025-12-23,2025-12,warehouse consumables 2025-12,JE-HAP-2025-12-0960
HAP-2025-12-0961,VEND-305,Ginkgo Components,GIN-2025-12-0961,2025-12-05,2026-01-04,97.98,USD,HPO-2025-12-0961,PAID,2025-12-23,2025-12,security monitoring hosts 2025-12,JE-HAP-2025-12-0961
HAP-2025-12-0962,VEND-309,Teak Systems,TEA-2025-12-0962,2025-12-05,2026-01-04,152.09,USD,HPO-2025-12-0962,PAID,2025-12-23,2025-12,usage overage block 2025-12,JE-HAP-2025-12-0962
HAP-2025-12-0963,VEND-313,Harbor Partners,HAR-2025-12-0963,2025-12-05,2026-01-04,1802.2,USD,HPO-2025-12-0963,PAID,2025-12-23,2025-12,premium support 2025-12,JE-HAP-2025-12-0963
HAP-2025-12-0964,VEND-317,Timber Studio,TIM-2025-12-0964,2025-12-05,2026-01-04,117.81,USD,HPO-2025-12-0964,PAID,2025-12-23,2025-12,warehouse consumables 2025-12,JE-HAP-2025-12-0964
HAP-2025-12-0965,VEND-321,Ginkgo Supply,GIN-2025-12-0965,2025-12-05,2026-01-04,62.42,USD,HPO-2025-12-0965,PAID,2025-12-23,2025-12,security monitoring hosts 2025-12,JE-HAP-2025-12-0965
HAP-2025-12-0966,VEND-001-DUP,Acme Supplies LLC,ACM-2025-12-0966,2025-12-05,2026-01-04,105.0,USD,HPO-2025-12-0966,PAID,2025-12-23,2025-12,usage overage block 2025-12,JE-HAP-2025-12-0966
HAP-2025-12-0967,VEND-004,Office Depot,OFF-2025-12-0967,2025-12-05,2026-01-04,16200.11,USD,HPO-2025-12-0967,PAID,2025-12-23,2025-12,premium support 2025-12,JE-HAP-2025-12-0967
HAP-2025-12-0968,VEND-008,Figma,FIG-2025-12-0968,2025-12-05,2026-01-04,423.72,USD,HPO-2025-12-0968,PAID,2025-12-23,2025-12,warehouse consumables 2025-12,JE-HAP-2025-12-0968
HAP-2025-12-0969,VEND-315,Nimbus Components,NIM-2025-12-0969,2025-12-06,2026-01-05,30.33,USD,HPO-2025-12-0969,PAID,2025-12-24,2025-12,usage overage block 2025-12,JE-HAP-2025-12-0969
HAP-2025-12-0970,VEND-319,Alder Systems,ALD-2025-12-0970,2025-12-06,2026-01-05,7200.44,USD,HPO-2025-12-0970,PAID,2025-12-24,2025-12,premium support 2025-12,JE-HAP-2025-12-0970
HAP-2025-12-0971,VEND-323,Northwood Partners,NOR-2025-12-0971,2025-12-06,2026-01-05,231.55,USD,HPO-2025-12-0971,PAID,2025-12-24,2025-12,warehouse consumables 2025-12,JE-HAP-2025-12-0971
HAP-2025-12-0972,VEND-002,Amazon Web Services,AMA-2025-12-0972,2025-12-06,2026-01-05,96.66,USD,HPO-2025-12-0972,PAID,2025-12-24,2025-12,security monitoring hosts 2025-12,JE-HAP-2025-12-0972
HAP-2025-12-0973,VEND-006,Datadog,DAT-2025-12-0973,2025-12-06,2026-01-05,150.77,USD,HPO-2025-12-0973,PAID,2025-12-24,2025-12,usage overage block 2025-12,JE-HAP-2025-12-0973
HAP-2025-12-0974,VEND-011,Hartford Insurance,HAR-2025-12-0974,2025-12-06,2026-01-05,1800.88,USD,HPO-2025-12-0974,PAID,2025-12-24,2025-12,premium support 2025-12,JE-HAP-2025-12-0974
HAP-2025-12-0975,VEND-015,Harbor Electric,HAR-2025-12-0975,2025-12-06,2026-01-05,116.49,USD,HPO-2025-12-0975,PAID,2025-12-24,2025-12,warehouse consumables 2025-12,JE-HAP-2025-12-0975
HAP-2025-12-0976,VEND-019,Freightline Logistics,FRE-2025-12-0976,2025-12-06,2026-01-05,61.1,USD,HPO-2025-12-0976,PAID,2025-12-24,2025-12,security monitoring hosts 2025-12,JE-HAP-2025-12-0976
HAP-2025-12-0977,VEND-023,Notion Labs,NOT-2025-12-0977,2025-12-06,2026-01-05,106.21,USD,HPO-2025-12-0977,PAID,2025-12-24,2025-12,usage overage block 2025-12,JE-HAP-2025-12-0977
HAP-2025-12-0978,VEND-027,Zoom Video,ZOO-2025-12-0978,2025-12-06,2026-01-05,16201.32,USD,HPO-2025-12-0978,PAID,2025-12-24,2025-12,premium support 2025-12,JE-HAP-2025-12-0978
HAP-2025-12-0979,VEND-031,Helios Hardware Supply,HEL-2025-12-0979,2025-12-06,2026-01-05,424.93,USD,HPO-2025-12-0979,PAID,2025-12-24,2025-12,warehouse consumables 2025-12,JE-HAP-2025-12-0979
HAP-2025-12-0980,VEND-035,ADP,ADP-2025-12-0980,2025-12-06,2026-01-05,25.54,USD,HPO-2025-12-0980,PAID,2025-12-24,2025-12,security monitoring hosts 2025-12,JE-HAP-2025-12-0980
HAP-2025-12-0981,VEND-039,CleanRoom Janitorial,CLE-2025-12-0981,2025-12-06,2026-01-05,61.65,USD,HPO-2025-12-0981,PAID,2025-12-24,2025-12,usage overage block 2025-12,JE-HAP-2025-12-0981
HAP-2025-12-0982,VEND-043,Adyen NV,ADY-2025-12-0982,2025-12-06,2026-01-05,10801.76,USD,HPO-2025-12-0982,PAID,2025-12-24,2025-12,premium support 2025-12,JE-HAP-2025-12-0982
HAP-2025-12-0983,VEND-047,Carta,CAR-2025-12-0983,2025-12-06,2026-01-05,309.87,USD,HPO-2025-12-0983,PAID,2025-12-24,2025-12,warehouse consumables 2025-12,JE-HAP-2025-12-0983
HAP-2025-12-0984,VEND-051,Northwood Supply,NOR-2025-12-0984,2025-12-06,2026-01-05,121.98,USD,HPO-2025-12-0984,PAID,2025-12-24,2025-12,security monitoring hosts 2025-12,JE-HAP-2025-12-0984
HAP-2025-12-0985,VEND-055,Beacon Components,BEA-2025-12-0985,2025-12-06,2026-01-05,17.09,USD,HPO-2025-12-0985,PAID,2025-12-24,2025-12,usage overage block 2025-12,JE-HAP-2025-12-0985
HAP-2025-12-0986,VEND-059,Nimbus Systems,NIM-2025-12-0986,2025-12-06,2026-01-05,5402.2,USD,HPO-2025-12-0986,PAID,2025-12-24,2025-12,premium support 2025-12,JE-HAP-2025-12-0986
HAP-2025-12-0987,VEND-063,Alder Partners,ALD-2025-12-0987,2025-12-06,2026-01-05,194.81,USD,HPO-2025-12-0987,PAID,2025-12-24,2025-12,warehouse consumables 2025-12,JE-HAP-2025-12-0987
HAP-2025-12-0988,VEND-067,Northwood Studio,NOR-2025-12-0988,2025-12-06,2026-01-05,86.42,USD,HPO-2025-12-0988,PAID,2025-12-24,2025-12,security monitoring hosts 2025-12,JE-HAP-2025-12-0988
HAP-2025-12-0989,VEND-071,Beacon Supply,BEA-2025-12-0989,2025-12-06,2026-01-05,135.0,USD,HPO-2025-12-0989,PAID,2025-12-24,2025-12,usage overage block 2025-12,JE-HAP-2025-12-0989
HAP-2025-12-0990,VEND-075,Nimbus Components,NIM-2025-12-0990,2025-12-06,2026-01-05,19800.11,USD,HPO-2025-12-0990,PAID,2025-12-24,2025-12,premium support 2025-12,JE-HAP-2025-12-0990
HAP-2025-12-0991,VEND-057,Harbor Studio,HAR-2025-12-0991,2025-12-07,2026-01-06,24.22,USD,HPO-2025-12-0991,PAID,2025-12-25,2025-12,security monitoring hosts 2025-12,JE-HAP-2025-12-0991
HAP-2025-12-0992,VEND-061,Timber Supply,TIM-2025-12-0992,2025-12-07,2026-01-06,60.33,USD,HPO-2025-12-0992,PAID,2025-12-25,2025-12,usage overage block 2025-12,JE-HAP-2025-12-0992
HAP-2025-12-0993,VEND-065,Ginkgo Components,GIN-2025-12-0993,2025-12-07,2026-01-06,10800.44,USD,HPO-2025-12-0993,PAID,2025-12-25,2025-12,premium support 2025-12,JE-HAP-2025-12-0993
HAP-2025-12-0994,VEND-069,Teak Systems,TEA-2025-12-0994,2025-12-07,2026-01-06,308.55,USD,HPO-2025-12-0994,PAID,2025-12-25,2025-12,warehouse consumables 2025-12,JE-HAP-2025-12-0994
HAP-2025-12-0995,VEND-073,Harbor Partners,HAR-2025-12-0995,2025-12-07,2026-01-06,120.66,USD,HPO-2025-12-0995,PAID,2025-12-25,2025-12,security monitoring hosts 2025-12,JE-HAP-2025-12-0995
HAP-2025-12-0996,VEND-077,Timber Studio,TIM-2025-12-0996,2025-12-07,2026-01-06,15.77,USD,HPO-2025-12-0996,PAID,2025-12-25,2025-12,usage overage block 2025-12,JE-HAP-2025-12-0996
HAP-2025-12-0997,VEND-081,Ginkgo Supply,GIN-2025-12-0997,2025-12-07,2026-01-06,5400.88,USD,HPO-2025-12-0997,PAID,2025-12-25,2025-12,premium support 2025-12,JE-HAP-2025-12-0997
HAP-2025-12-0998,VEND-085,Teak Components,TEA-2025-12-0998,2025-12-07,2026-01-06,193.49,USD,HPO-2025-12-0998,PAID,2025-12-25,2025-12,warehouse consumables 2025-12,JE-HAP-2025-12-0998
HAP-2025-12-0999,VEND-089,Harbor Systems,HAR-2025-12-0999,2025-12-07,2026-01-06,85.1,USD,HPO-2025-12-0999,PAID,2025-12-25,2025-12,security monitoring hosts 2025-12,JE-HAP-2025-12-0999
HAP-2025-12-1000,VEND-093,Timber Partners,TIM-2025-12-1000,2025-12-07,2026-01-06,136.21,USD,HPO-2025-12-1000,PAID,2025-12-25,2025-12,usage overage block 2025-12,JE-HAP-2025-12-1000
HAP-2025-12-1001,VEND-097,Ginkgo Studio,GIN-2025-12-1001,2025-12-07,2026-01-06,19801.32,USD,HPO-2025-12-1001,PAID,2025-12-25,2025-12,premium support 2025-12,JE-HAP-2025-12-1001
HAP-2025-12-1002,VEND-101,Teak Supply,TEA-2025-12-1002,2025-12-07,2026-01-06,78.43,USD,HPO-2025-12-1002,PAID,2025-12-25,2025-12,warehouse consumables 2025-12,JE-HAP-2025-12-1002
HAP-2025-12-1003,VEND-105,Harbor Components,HAR-2025-12-1003,2025-12-07,2026-01-06,49.54,USD,HPO-2025-12-1003,PAID,2025-12-25,2025-12,security monitoring hosts 2025-12,JE-HAP-2025-12-1003
HAP-2025-12-1004,VEND-109,Timber Systems,TIM-2025-12-1004,2025-12-07,2026-01-06,91.65,USD,HPO-2025-12-1004,PAID,2025-12-25,2025-12,usage overage block 2025-12,JE-HAP-2025-12-1004
HAP-2025-12-1005,VEND-113,Ginkgo Partners,GIN-2025-12-1005,2025-12-07,2026-01-06,14401.76,USD,HPO-2025-12-1005,PAID,2025-12-25,2025-12,premium support 2025-12,JE-HAP-2025-12-1005
HAP-2025-12-1006,VEND-117,Teak Studio,TEA-2025-12-1006,2025-12-07,2026-01-06,386.87,USD,HPO-2025-12-1006,PAID,2025-12-25,2025-12,warehouse consumables 2025-12,JE-HAP-2025-12-1006
HAP-2025-12-1007,VEND-121,Harbor Supply,HAR-2025-12-1007,2025-12-07,2026-01-06,13.98,USD,HPO-2025-12-1007,PAID,2025-12-25,2025-12,security monitoring hosts 2025-12,JE-HAP-2025-12-1007
HAP-2025-12-1008,VEND-125,Timber Components,TIM-2025-12-1008,2025-12-07,2026-01-06,47.09,USD,HPO-2025-12-1008,PAID,2025-12-25,2025-12,usage overage block 2025-12,JE-HAP-2025-12-1008
HAP-2025-12-1009,VEND-129,Ginkgo Systems,GIN-2025-12-1009,2025-12-07,2026-01-06,9002.2,USD,HPO-2025-12-1009,PAID,2025-12-25,2025-12,premium support 2025-12,JE-HAP-2025-12-1009
HAP-2025-12-1010,VEND-133,Teak Partners,TEA-2025-12-1010,2025-12-07,2026-01-06,271.81,USD,HPO-2025-12-1010,PAID,2025-12-25,2025-12,warehouse consumables 2025-12,JE-HAP-2025-12-1010
HAP-2025-12-1011,VEND-137,Harbor Studio,HAR-2025-12-1011,2025-12-07,2026-01-06,110.42,USD,HPO-2025-12-1011,PAID,2025-12-25,2025-12,security monitoring hosts 2025-12,JE-HAP-2025-12-1011
HAP-2025-12-1012,VEND-141,Timber Supply,TIM-2025-12-1012,2025-12-07,2026-01-06,165.0,USD,HPO-2025-12-1012,PAID,2025-12-25,2025-12,usage overage block 2025-12,JE-HAP-2025-12-1012
HAP-2025-12-1013,VEND-123,Nimbus Partners,NIM-2025-12-1013,2025-12-08,2026-01-07,77.11,USD,HPO-2025-12-1013,PAID,2025-12-26,2025-12,warehouse consumables 2025-12,JE-HAP-2025-12-1013
HAP-2025-12-1014,VEND-127,Alder Studio,ALD-2025-12-1014,2025-12-08,2026-01-07,48.22,USD,HPO-2025-12-1014,PAID,2025-12-26,2025-12,security monitoring hosts 2025-12,JE-HAP-2025-12-1014
HAP-2025-12-1015,VEND-131,Northwood Supply,NOR-2025-12-1015,2025-12-08,2026-01-07,90.33,USD,HPO-2025-12-1015,PAID,2025-12-26,2025-12,usage overage block 2025-12,JE-HAP-2025-12-1015
HAP-2025-12-1016,VEND-135,Beacon Components,BEA-2025-12-1016,2025-12-08,2026-01-07,14400.44,USD,HPO-2025-12-1016,PAID,2025-12-26,2025-12,premium support 2025-12,JE-HAP-2025-12-1016
HAP-2025-12-1017,VEND-139,Nimbus Systems,NIM-2025-12-1017,2025-12-08,2026-01-07,385.55,USD,HPO-2025-12-1017,PAID,2025-12-26,2025-12,warehouse consumables 2025-12,JE-HAP-2025-12-1017
HAP-2025-12-1018,VEND-143,Alder Partners,ALD-2025-12-1018,2025-12-08,2026-01-07,12.66,USD,HPO-2025-12-1018,PAID,2025-12-26,2025-12,security monitoring hosts 2025-12,JE-HAP-2025-12-1018
HAP-2025-12-1019,VEND-147,Northwood Studio,NOR-2025-12-1019,2025-12-08,2026-01-07,45.77,USD,HPO-2025-12-1019,PAID,2025-12-26,2025-12,usage overage block 2025-12,JE-HAP-2025-12-1019
HAP-2025-12-1020,VEND-151,Beacon Supply,BEA-2025-12-1020,2025-12-08,2026-01-07,9000.88,USD,HPO-2025-12-1020,PAID,2025-12-26,2025-12,premium support 2025-12,JE-HAP-2025-12-1020
HAP-2025-12-1021,VEND-155,Nimbus Components,NIM-2025-12-1021,2025-12-08,2026-01-07,270.49,USD,HPO-2025-12-1021,PAID,2025-12-26,2025-12,warehouse consumables 2025-12,JE-HAP-2025-12-1021
HAP-2025-12-1022,VEND-159,Alder Systems,ALD-2025-12-1022,2025-12-08,2026-01-07,109.1,USD,HPO-2025-12-1022,PAID,2025-12-26,2025-12,security monitoring hosts 2025-12,JE-HAP-2025-12-1022
HAP-2025-12-1023,VEND-163,Northwood Partners,NOR-2025-12-1023,2025-12-08,2026-01-07,166.21,USD,HPO-2025-12-1023,PAID,2025-12-26,2025-12,usage overage block 2025-12,JE-HAP-2025-12-1023
HAP-2025-12-1024,VEND-167,Beacon Studio,BEA-2025-12-1024,2025-12-08,2026-01-07,3601.32,USD,HPO-2025-12-1024,PAID,2025-12-26,2025-12,premium support 2025-12,JE-HAP-2025-12-1024
HAP-2025-12-1025,VEND-171,Nimbus Supply,NIM-2025-12-1025,2025-12-08,2026-01-07,155.43,USD,HPO-2025-12-1025,PAID,2025-12-26,2025-12,warehouse consumables 2025-12,JE-HAP-2025-12-1025
HAP-2025-12-1026,VEND-175,Alder Components,ALD-2025-12-1026,2025-12-08,2026-01-07,73.54,USD,HPO-2025-12-1026,PAID,2025-12-26,2025-12,security monitoring hosts 2025-12,JE-HAP-2025-12-1026
HAP-2025-12-1027,VEND-179,Northwood Systems,NOR-2025-12-1027,2025-12-08,2026-01-07,121.65,USD,HPO-2025-12-1027,PAID,2025-12-26,2025-12,usage overage block 2025-12,JE-HAP-2025-12-1027
HAP-2025-12-1028,VEND-183,Beacon Partners,BEA-2025-12-1028,2025-12-08,2026-01-07,18001.76,USD,HPO-2025-12-1028,PAID,2025-12-26,2025-12,premium support 2025-12,JE-HAP-2025-12-1028
HAP-2025-12-1029,VEND-187,Nimbus Studio,NIM-2025-12-1029,2025-12-08,2026-01-07,40.37,USD,HPO-2025-12-1029,PAID,2025-12-26,2025-12,warehouse consumables 2025-12,JE-HAP-2025-12-1029
HAP-2025-12-1030,VEND-191,Alder Supply,ALD-2025-12-1030,2025-12-08,2026-01-07,37.98,USD,HPO-2025-12-1030,PAID,2025-12-26,2025-12,security monitoring hosts 2025-12,JE-HAP-2025-12-1030
HAP-2025-12-1031,VEND-195,Northwood Components,NOR-2025-12-1031,2025-12-08,2026-01-07,77.09,USD,HPO-2025-12-1031,PAID,2025-12-26,2025-12,usage overage block 2025-12,JE-HAP-2025-12-1031
HAP-2025-12-1032,VEND-199,Beacon Systems,BEA-2025-12-1032,2025-12-08,2026-01-07,12602.2,USD,HPO-2025-12-1032,PAID,2025-12-26,2025-12,premium support 2025-12,JE-HAP-2025-12-1032
HAP-2025-12-1033,VEND-203,Nimbus Partners,NIM-2025-12-1033,2025-12-08,2026-01-07,348.81,USD,HPO-2025-12-1033,PAID,2025-12-26,2025-12,warehouse consumables 2025-12,JE-HAP-2025-12-1033
HAP-2025-12-1034,VEND-207,Alder Studio,ALD-2025-12-1034,2025-12-08,2026-01-07,134.42,USD,HPO-2025-12-1034,PAID,2025-12-26,2025-12,security monitoring hosts 2025-12,JE-HAP-2025-12-1034
HAP-2025-12-1035,VEND-189,Timber Systems,TIM-2025-12-1035,2025-12-09,2026-01-08,3600.0,USD,HPO-2025-12-1035,PAID,2025-12-27,2025-12,premium support 2025-12,JE-HAP-2025-12-1035
HAP-2025-12-1036,VEND-193,Ginkgo Partners,GIN-2025-12-1036,2025-12-09,2026-01-08,154.11,USD,HPO-2025-12-1036,PAID,2025-12-27,2025-12,warehouse consumables 2025-12,JE-HAP-2025-12-1036
HAP-2025-12-1037,VEND-197,Teak Studio,TEA-2025-12-1037,2025-12-09,2026-01-08,72.22,USD,HPO-2025-12-1037,PAID,2025-12-27,2025-12,security monitoring hosts 2025-12,JE-HAP-2025-12-1037
HAP-2025-12-1038,VEND-201,Harbor Supply,HAR-2025-12-1038,2025-12-09,2026-01-08,120.33,USD,HPO-2025-12-1038,PAID,2025-12-27,2025-12,usage overage block 2025-12,JE-HAP-2025-12-1038
HAP-2025-12-1039,VEND-205,Timber Components,TIM-2025-12-1039,2025-12-09,2026-01-08,18000.44,USD,HPO-2025-12-1039,PAID,2025-12-27,2025-12,premium support 2025-12,JE-HAP-2025-12-1039
HAP-2025-12-1040,VEND-209,Ginkgo Systems,GIN-2025-12-1040,2025-12-09,2026-01-08,39.05,USD,HPO-2025-12-1040,PAID,2025-12-27,2025-12,warehouse consumables 2025-12,JE-HAP-2025-12-1040
HAP-2025-12-1041,VEND-213,Teak Partners,TEA-2025-12-1041,2025-12-09,2026-01-08,36.66,USD,HPO-2025-12-1041,PAID,2025-12-27,2025-12,security monitoring hosts 2025-12,JE-HAP-2025-12-1041
HAP-2025-12-1042,VEND-217,Harbor Studio,HAR-2025-12-1042,2025-12-09,2026-01-08,75.77,USD,HPO-2025-12-1042,PAID,2025-12-27,2025-12,usage overage block 2025-12,JE-HAP-2025-12-1042
HAP-2025-12-1043,VEND-221,Timber Supply,TIM-2025-12-1043,2025-12-09,2026-01-08,12600.88,USD,HPO-2025-12-1043,PAID,2025-12-27,2025-12,premium support 2025-12,JE-HAP-2025-12-1043
HAP-2025-12-1044,VEND-225,Ginkgo Components,GIN-2025-12-1044,2025-12-09,2026-01-08,347.49,USD,HPO-2025-12-1044,PAID,2025-12-27,2025-12,warehouse consumables 2025-12,JE-HAP-2025-12-1044
HAP-2025-12-1045,VEND-229,Teak Systems,TEA-2025-12-1045,2025-12-09,2026-01-08,133.1,USD,HPO-2025-12-1045,PAID,2025-12-27,2025-12,security monitoring hosts 2025-12,JE-HAP-2025-12-1045
HAP-2025-12-1046,VEND-233,Harbor Partners,HAR-2025-12-1046,2025-12-09,2026-01-08,31.21,USD,HPO-2025-12-1046,PAID,2025-12-27,2025-12,usage overage block 2025-12,JE-HAP-2025-12-1046
HAP-2025-12-1047,VEND-237,Timber Studio,TIM-2025-12-1047,2025-12-09,2026-01-08,7201.32,USD,HPO-2025-12-1047,PAID,2025-12-27,2025-12,premium support 2025-12,JE-HAP-2025-12-1047
HAP-2025-12-1048,VEND-241,Ginkgo Supply,GIN-2025-12-1048,2025-12-09,2026-01-08,232.43,USD,HPO-2025-12-1048,PAID,2025-12-27,2025-12,warehouse consumables 2025-12,JE-HAP-2025-12-1048
HAP-2025-12-1049,VEND-245,Teak Components,TEA-2025-12-1049,2025-12-09,2026-01-08,97.54,USD,HPO-2025-12-1049,PAID,2025-12-27,2025-12,security monitoring hosts 2025-12,JE-HAP-2025-12-1049
HAP-2025-12-1050,VEND-249,Harbor Systems,HAR-2025-12-1050,2025-12-09,2026-01-08,151.65,USD,HPO-2025-12-1050,PAID,2025-12-27,2025-12,usage overage block 2025-12,JE-HAP-2025-12-1050
HAP-2025-12-1051,VEND-253,Timber Partners,TIM-2025-12-1051,2025-12-09,2026-01-08,1801.76,USD,HPO-2025-12-1051,PAID,2025-12-27,2025-12,premium support 2025-12,JE-HAP-2025-12-1051
HAP-2025-12-1052,VEND-257,Ginkgo Studio,GIN-2025-12-1052,2025-12-09,2026-01-08,117.37,USD,HPO-2025-12-1052,PAID,2025-12-27,2025-12,warehouse consumables 2025-12,JE-HAP-2025-12-1052
HAP-2025-12-1053,VEND-261,Teak Supply,TEA-2025-12-1053,2025-12-09,2026-01-08,61.98,USD,HPO-2025-12-1053,PAID,2025-12-27,2025-12,security monitoring hosts 2025-12,JE-HAP-2025-12-1053
HAP-2025-12-1054,VEND-265,Harbor Components,HAR-2025-12-1054,2025-12-09,2026-01-08,107.09,USD,HPO-2025-12-1054,PAID,2025-12-27,2025-12,usage overage block 2025-12,JE-HAP-2025-12-1054
HAP-2025-12-1055,VEND-269,Timber Systems,TIM-2025-12-1055,2025-12-09,2026-01-08,16202.2,USD,HPO-2025-12-1055,PAID,2025-12-27,2025-12,premium support 2025-12,JE-HAP-2025-12-1055
HAP-2025-12-1056,VEND-273,Ginkgo Partners,GIN-2025-12-1056,2025-12-09,2026-01-08,425.81,USD,HPO-2025-12-1056,PAID,2025-12-27,2025-12,warehouse consumables 2025-12,JE-HAP-2025-12-1056
HAP-2025-12-1057,VEND-255,Alder Components,ALD-2025-12-1057,2025-12-10,2026-01-09,32.42,USD,HPO-2025-12-1057,PAID,2025-12-28,2025-12,usage overage block 2025-12,JE-HAP-2025-12-1057
HAP-2025-12-1058,VEND-259,Northwood Systems,NOR-2025-12-1058,2025-12-10,2026-01-09,7200.0,USD,HPO-2025-12-1058,PAID,2025-12-28,2025-12,premium support 2025-12,JE-HAP-2025-12-1058
HAP-2025-12-1059,VEND-263,Beacon Partners,BEA-2025-12-1059,2025-12-10,2026-01-09,231.11,USD,HPO-2025-12-1059,PAID,2025-12-28,2025-12,warehouse consumables 2025-12,JE-HAP-2025-12-1059
HAP-2025-12-1060,VEND-267,Nimbus Studio,NIM-2025-12-1060,2025-12-10,2026-01-09,96.22,USD,HPO-2025-12-1060,PAID,2025-12-28,2025-12,security monitoring hosts 2025-12,JE-HAP-2025-12-1060
HAP-2025-12-1061,VEND-271,Alder Supply,ALD-2025-12-1061,2025-12-10,2026-01-09,150.33,USD,HPO-2025-12-1061,PAID,2025-12-28,2025-12,usage overage block 2025-12,JE-HAP-2025-12-1061
HAP-2025-12-1062,VEND-275,Northwood Components,NOR-2025-12-1062,2025-12-10,2026-01-09,1800.44,USD,HPO-2025-12-1062,PAID,2025-12-28,2025-12,premium support 2025-12,JE-HAP-2025-12-1062
HAP-2025-12-1063,VEND-279,Beacon Systems,BEA-2025-12-1063,2025-12-10,2026-01-09,116.05,USD,HPO-2025-12-1063,PAID,2025-12-28,2025-12,warehouse consumables 2025-12,JE-HAP-2025-12-1063
HAP-2025-12-1064,VEND-283,Nimbus Partners,NIM-2025-12-1064,2025-12-10,2026-01-09,60.66,USD,HPO-2025-12-1064,PAID,2025-12-28,2025-12,security monitoring hosts 2025-12,JE-HAP-2025-12-1064
HAP-2025-12-1065,VEND-287,Alder Studio,ALD-2025-12-1065,2025-12-10,2026-01-09,105.77,USD,HPO-2025-12-1065,PAID,2025-12-28,2025-12,usage overage block 2025-12,JE-HAP-2025-12-1065
HAP-2025-12-1066,VEND-291,Northwood Supply,NOR-2025-12-1066,2025-12-10,2026-01-09,16200.88,USD,HPO-2025-12-1066,PAID,2025-12-28,2025-12,premium support 2025-12,JE-HAP-2025-12-1066
HAP-2025-12-1067,VEND-295,Beacon Components,BEA-2025-12-1067,2025-12-10,2026-01-09,424.49,USD,HPO-2025-12-1067,PAID,2025-12-28,2025-12,warehouse consumables 2025-12,JE-HAP-2025-12-1067
HAP-2025-12-1068,VEND-299,Nimbus Systems,NIM-2025-12-1068,2025-12-10,2026-01-09,25.1,USD,HPO-2025-12-1068,PAID,2025-12-28,2025-12,security monitoring hosts 2025-12,JE-HAP-2025-12-1068
HAP-2025-12-1069,VEND-303,Alder Partners,ALD-2025-12-1069,2025-12-10,2026-01-09,61.21,USD,HPO-2025-12-1069,PAID,2025-12-28,2025-12,usage overage block 2025-12,JE-HAP-2025-12-1069
HAP-2025-12-1070,VEND-307,Northwood Studio,NOR-2025-12-1070,2025-12-10,2026-01-09,10801.32,USD,HPO-2025-12-1070,PAID,2025-12-28,2025-12,premium support 2025-12,JE-HAP-2025-12-1070
HAP-2025-12-1071,VEND-311,Beacon Supply,BEA-2025-12-1071,2025-12-10,2026-01-09,309.43,USD,HPO-2025-12-1071,PAID,2025-12-28,2025-12,warehouse consumables 2025-12,JE-HAP-2025-12-1071
HAP-2025-12-1072,VEND-315,Nimbus Components,NIM-2025-12-1072,2025-12-10,2026-01-09,121.54,USD,HPO-2025-12-1072,PAID,2025-12-28,2025-12,security monitoring hosts 2025-12,JE-HAP-2025-12-1072
HAP-2025-12-1073,VEND-319,Alder Systems,ALD-2025-12-1073,2025-12-10,2026-01-09,16.65,USD,HPO-2025-12-1073,PAID,2025-12-28,2025-12,usage overage block 2025-12,JE-HAP-2025-12-1073
HAP-2025-12-1074,VEND-323,Northwood Partners,NOR-2025-12-1074,2025-12-10,2026-01-09,5401.76,USD,HPO-2025-12-1074,PAID,2025-12-28,2025-12,premium support 2025-12,JE-HAP-2025-12-1074
HAP-2025-12-1075,VEND-002,Amazon Web Services,AMA-2025-12-1075,2025-12-10,2026-01-09,194.37,USD,HPO-2025-12-1075,PAID,2025-12-28,2025-12,warehouse consumables 2025-12,JE-HAP-2025-12-1075
HAP-2025-12-1076,VEND-006,Datadog,DAT-2025-12-1076,2025-12-10,2026-01-09,85.98,USD,HPO-2025-12-1076,PAID,2025-12-28,2025-12,security monitoring hosts 2025-12,JE-HAP-2025-12-1076
HAP-2025-12-1077,VEND-011,Hartford Insurance,HAR-2025-12-1077,2025-12-10,2026-01-09,137.09,USD,HPO-2025-12-1077,PAID,2025-12-28,2025-12,usage overage block 2025-12,JE-HAP-2025-12-1077
HAP-2025-12-1078,VEND-015,Harbor Electric,HAR-2025-12-1078,2025-12-10,2026-01-09,19802.2,USD,HPO-2025-12-1078,PAID,2025-12-28,2025-12,premium support 2025-12,JE-HAP-2025-12-1078
HAP-2025-12-1079,VEND-321,Ginkgo Supply,GIN-2025-12-1079,2025-12-11,2026-01-10,26.31,USD,HPO-2025-12-1079,PAID,2025-12-29,2025-12,security monitoring hosts 2025-12,JE-HAP-2025-12-1079
HAP-2025-12-1080,VEND-001-DUP,Acme Supplies LLC,ACM-2025-12-1080,2025-12-11,2026-01-10,62.42,USD,HPO-2025-12-1080,PAID,2025-12-29,2025-12,usage overage block 2025-12,JE-HAP-2025-12-1080
HAP-2025-12-1081,VEND-004,Office Depot,OFF-2025-12-1081,2025-12-11,2026-01-10,10800.0,USD,HPO-2025-12-1081,PAID,2025-12-29,2025-12,premium support 2025-12,JE-HAP-2025-12-1081
HAP-2025-12-1082,VEND-008,Figma,FIG-2025-12-1082,2025-12-11,2026-01-10,308.11,USD,HPO-2025-12-1082,PAID,2025-12-29,2025-12,warehouse consumables 2025-12,JE-HAP-2025-12-1082
HAP-2025-12-1083,VEND-013,Cambridge Properties,CAM-2025-12-1083,2025-12-11,2026-01-10,120.22,USD,HPO-2025-12-1083,PAID,2025-12-29,2025-12,security monitoring hosts 2025-12,JE-HAP-2025-12-1083
HAP-2025-12-1084,VEND-017,GitHub,GIT-2025-12-1084,2025-12-11,2026-01-10,15.33,USD,HPO-2025-12-1084,PAID,2025-12-29,2025-12,usage overage block 2025-12,JE-HAP-2025-12-1084
HAP-2025-12-1085,VEND-021,Misc Supplies,MIS-2025-12-1085,2025-12-11,2026-01-10,5400.44,USD,HPO-2025-12-1085,PAID,2025-12-29,2025-12,premium support 2025-12,JE-HAP-2025-12-1085
HAP-2025-12-1086,VEND-025,Okta,OKT-2025-12-1086,2025-12-11,2026-01-10,193.05,USD,HPO-2025-12-1086,PAID,2025-12-29,2025-12,warehouse consumables 2025-12,JE-HAP-2025-12-1086
HAP-2025-12-1087,VEND-029,Cloudflare,CLO-2025-12-1087,2025-12-11,2026-01-10,84.66,USD,HPO-2025-12-1087,PAID,2025-12-29,2025-12,security monitoring hosts 2025-12,JE-HAP-2025-12-1087
HAP-2025-12-1088,VEND-033,Staples Business Advantage,STA-2025-12-1088,2025-12-11,2026-01-10,135.77,USD,HPO-2025-12-1088,PAID,2025-12-29,2025-12,usage overage block 2025-12,JE-HAP-2025-12-1088
HAP-2025-12-1089,VEND-037,Comcast Business,COM-2025-12-1089,2025-12-11,2026-01-10,19800.88,USD,HPO-2025-12-1089,PAID,2025-12-29,2025-12,premium support 2025-12,JE-HAP-2025-12-1089
HAP-2025-12-1090,VEND-041,HubSpot,HUB-2025-12-1090,2025-12-11,2026-01-10,77.99,USD,HPO-2025-12-1090,PAID,2025-12-29,2025-12,warehouse consumables 2025-12,JE-HAP-2025-12-1090
HAP-2025-12-1091,VEND-045,Palo Alto Networks,PAL-2025-12-1091,2025-12-11,2026-01-10,49.1,USD,HPO-2025-12-1091,PAID,2025-12-29,2025-12,security monitoring hosts 2025-12,JE-HAP-2025-12-1091
HAP-2025-12-1092,VEND-049,Vanta,VAN-2025-12-1092,2025-12-11,2026-01-10,91.21,USD,HPO-2025-12-1092,PAID,2025-12-29,2025-12,usage overage block 2025-12,JE-HAP-2025-12-1092
HAP-2025-12-1093,VEND-053,Teak Partners,TEA-2025-12-1093,2025-12-11,2026-01-10,14401.32,USD,HPO-2025-12-1093,PAID,2025-12-29,2025-12,premium support 2025-12,JE-HAP-2025-12-1093
HAP-2025-12-1094,VEND-057,Harbor Studio,HAR-2025-12-1094,2025-12-11,2026-01-10,386.43,USD,HPO-2025-12-1094,PAID,2025-12-29,2025-12,warehouse consumables 2025-12,JE-HAP-2025-12-1094
HAP-2025-12-1095,VEND-061,Timber Supply,TIM-2025-12-1095,2025-12-11,2026-01-10,13.54,USD,HPO-2025-12-1095,PAID,2025-12-29,2025-12,security monitoring hosts 2025-12,JE-HAP-2025-12-1095
HAP-2025-12-1096,VEND-065,Ginkgo Components,GIN-2025-12-1096,2025-12-11,2026-01-10,46.65,USD,HPO-2025-12-1096,PAID,2025-12-29,2025-12,usage overage block 2025-12,JE-HAP-2025-12-1096
HAP-2025-12-1097,VEND-069,Teak Systems,TEA-2025-12-1097,2025-12-11,2026-01-10,9001.76,USD,HPO-2025-12-1097,PAID,2025-12-29,2025-12,premium support 2025-12,JE-HAP-2025-12-1097
HAP-2025-12-1098,VEND-073,Harbor Partners,HAR-2025-12-1098,2025-12-11,2026-01-10,271.37,USD,HPO-2025-12-1098,PAID,2025-12-29,2025-12,warehouse consumables 2025-12,JE-HAP-2025-12-1098
HAP-2025-12-1099,VEND-077,Timber Studio,TIM-2025-12-1099,2025-12-11,2026-01-10,109.98,USD,HPO-2025-12-1099,PAID,2025-12-29,2025-12,security monitoring hosts 2025-12,JE-HAP-2025-12-1099
HAP-2025-12-1100,VEND-081,Ginkgo Supply,GIN-2025-12-1100,2025-12-11,2026-01-10,167.09,USD,HPO-2025-12-1100,PAID,2025-12-29,2025-12,usage overage block 2025-12,JE-HAP-2025-12-1100
HAP-2025-12-1101,VEND-063,Alder Partners,ALD-2025-12-1101,2025-12-12,2026-01-11,79.2,USD,HPO-2025-12-1101,PAID,2025-12-30,2025-12,warehouse consumables 2025-12,JE-HAP-2025-12-1101
HAP-2025-12-1102,VEND-067,Northwood Studio,NOR-2025-12-1102,2025-12-12,2026-01-11,50.31,USD,HPO-2025-12-1102,PAID,2025-12-30,2025-12,security monitoring hosts 2025-12,JE-HAP-2025-12-1102
HAP-2025-12-1103,VEND-071,Beacon Supply,BEA-2025-12-1103,2025-12-12,2026-01-11,92.42,USD,HPO-2025-12-1103,PAID,2025-12-30,2025-12,usage overage block 2025-12,JE-HAP-2025-12-1103
HAP-2025-12-1104,VEND-075,Nimbus Components,NIM-2025-12-1104,2025-12-12,2026-01-11,14400.0,USD,HPO-2025-12-1104,PAID,2025-12-30,2025-12,premium support 2025-12,JE-HAP-2025-12-1104
HAP-2025-12-1105,VEND-079,Alder Systems,ALD-2025-12-1105,2025-12-12,2026-01-11,385.11,USD,HPO-2025-12-1105,PAID,2025-12-30,2025-12,warehouse consumables 2025-12,JE-HAP-2025-12-1105
HAP-2025-12-1106,VEND-083,Northwood Partners,NOR-2025-12-1106,2025-12-12,2026-01-11,12.22,USD,HPO-2025-12-1106,PAID,2025-12-30,2025-12,security monitoring hosts 2025-12,JE-HAP-2025-12-1106
HAP-2025-12-1107,VEND-087,Beacon Studio,BEA-2025-12-1107,2025-12-12,2026-01-11,45.33,USD,HPO-2025-12-1107,PAID,2025-12-30,2025-12,usage overage block 2025-12,JE-HAP-2025-12-1107
HAP-2025-12-1108,VEND-091,Nimbus Supply,NIM-2025-12-1108,2025-12-12,2026-01-11,9000.44,USD,HPO-2025-12-1108,PAID,2025-12-30,2025-12,premium support 2025-12,JE-HAP-2025-12-1108
HAP-2025-12-1109,VEND-095,Alder Components,ALD-2025-12-1109,2025-12-12,2026-01-11,270.05,USD,HPO-2025-12-1109,PAID,2025-12-30,2025-12,warehouse consumables 2025-12,JE-HAP-2025-12-1109
HAP-2025-12-1110,VEND-099,Northwood Systems,NOR-2025-12-1110,2025-12-12,2026-01-11,108.66,USD,HPO-2025-12-1110,PAID,2025-12-30,2025-12,security monitoring hosts 2025-12,JE-HAP-2025-12-1110
HAP-2025-12-1111,VEND-103,Beacon Partners,BEA-2025-12-1111,2025-12-12,2026-01-11,165.77,USD,HPO-2025-12-1111,PAID,2025-12-30,2025-12,usage overage block 2025-12,JE-HAP-2025-12-1111
HAP-2025-12-1112,VEND-107,Nimbus Studio,NIM-2025-12-1112,2025-12-12,2026-01-11,3600.88,USD,HPO-2025-12-1112,PAID,2025-12-30,2025-12,premium support 2025-12,JE-HAP-2025-12-1112
HAP-2025-12-1113,VEND-111,Alder Supply,ALD-2025-12-1113,2025-12-12,2026-01-11,154.99,USD,HPO-2025-12-1113,PAID,2025-12-30,2025-12,warehouse consumables 2025-12,JE-HAP-2025-12-1113
HAP-2025-12-1114,VEND-115,Northwood Components,NOR-2025-12-1114,2025-12-12,2026-01-11,73.1,USD,HPO-2025-12-1114,PAID,2025-12-30,2025-12,security monitoring hosts 2025-12,JE-HAP-2025-12-1114
HAP-2025-12-1115,VEND-119,Beacon Systems,BEA-2025-12-1115,2025-12-12,2026-01-11,121.21,USD,HPO-2025-12-1115,PAID,2025-12-30,2025-12,usage overage block 2025-12,JE-HAP-2025-12-1115
HAP-2025-12-1116,VEND-123,Nimbus Partners,NIM-2025-12-1116,2025-12-12,2026-01-11,18001.32,USD,HPO-2025-12-1116,PAID,2025-12-30,2025-12,premium support 2025-12,JE-HAP-2025-12-1116
HAP-2025-12-1117,VEND-127,Alder Studio,ALD-2025-12-1117,2025-12-12,2026-01-11,39.93,USD,HPO-2025-12-1117,PAID,2025-12-30,2025-12,warehouse consumables 2025-12,JE-HAP-2025-12-1117
HAP-2025-12-1118,VEND-131,Northwood Supply,NOR-2025-12-1118,2025-12-12,2026-01-11,37.54,USD,HPO-2025-12-1118,PAID,2025-12-30,2025-12,security monitoring hosts 2025-12,JE-HAP-2025-12-1118
HAP-2025-12-1119,VEND-135,Beacon Components,BEA-2025-12-1119,2025-12-12,2026-01-11,76.65,USD,HPO-2025-12-1119,PAID,2025-12-30,2025-12,usage overage block 2025-12,JE-HAP-2025-12-1119
HAP-2025-12-1120,VEND-139,Nimbus Systems,NIM-2025-12-1120,2025-12-12,2026-01-11,12601.76,USD,HPO-2025-12-1120,PAID,2025-12-30,2025-12,premium support 2025-12,JE-HAP-2025-12-1120
HAP-2025-12-1121,VEND-143,Alder Partners,ALD-2025-12-1121,2025-12-12,2026-01-11,348.37,USD,HPO-2025-12-1121,PAID,2025-12-30,2025-12,warehouse consumables 2025-12,JE-HAP-2025-12-1121
HAP-2025-12-1122,VEND-147,Northwood Studio,NOR-2025-12-1122,2025-12-12,2026-01-11,133.98,USD,HPO-2025-12-1122,PAID,2025-12-30,2025-12,security monitoring hosts 2025-12,JE-HAP-2025-12-1122
HAP-2025-12-1123,VEND-129,Ginkgo Systems,GIN-2025-12-1123,2025-12-13,2026-01-12,3602.09,USD,HPO-2025-12-1123,PAID,2025-12-31,2025-12,premium support 2025-12,JE-HAP-2025-12-1123
HAP-2025-12-1124,VEND-133,Teak Partners,TEA-2025-12-1124,2025-12-13,2026-01-12,156.2,USD,HPO-2025-12-1124,PAID,2025-12-31,2025-12,warehouse consumables 2025-12,JE-HAP-2025-12-1124
HAP-2025-12-1125,VEND-137,Harbor Studio,HAR-2025-12-1125,2025-12-13,2026-01-12,74.31,USD,HPO-2025-12-1125,PAID,2025-12-31,2025-12,security monitoring hosts 2025-12,JE-HAP-2025-12-1125
HAP-2025-12-1126,VEND-141,Timber Supply,TIM-2025-12-1126,2025-12-13,2026-01-12,122.42,USD,HPO-2025-12-1126,PAID,2025-12-31,2025-12,usage overage block 2025-12,JE-HAP-2025-12-1126
HAP-2025-12-1127,VEND-145,Ginkgo Components,GIN-2025-12-1127,2025-12-13,2026-01-12,18000.0,USD,HPO-2025-12-1127,PAID,2025-12-31,2025-12,premium support 2025-12,JE-HAP-2025-12-1127
HAP-2025-12-1128,VEND-149,Teak Systems,TEA-2025-12-1128,2025-12-13,2026-01-12,38.61,USD,HPO-2025-12-1128,PAID,2025-12-31,2025-12,warehouse consumables 2025-12,JE-HAP-2025-12-1128
HAP-2025-12-1129,VEND-153,Harbor Partners,HAR-2025-12-1129,2025-12-13,2026-01-12,36.22,USD,HPO-2025-12-1129,PAID,2025-12-31,2025-12,security monitoring hosts 2025-12,JE-HAP-2025-12-1129
HAP-2025-12-1130,VEND-157,Timber Studio,TIM-2025-12-1130,2025-12-13,2026-01-12,75.33,USD,HPO-2025-12-1130,PAID,2025-12-31,2025-12,usage overage block 2025-12,JE-HAP-2025-12-1130
HAP-2025-12-1131,VEND-161,Ginkgo Supply,GIN-2025-12-1131,2025-12-13,2026-01-12,12600.44,USD,HPO-2025-12-1131,PAID,2025-12-31,2025-12,premium support 2025-12,JE-HAP-2025-12-1131
HAP-2025-12-1132,VEND-165,Teak Components,TEA-2025-12-1132,2025-12-13,2026-01-12,347.05,USD,HPO-2025-12-1132,PAID,2025-12-31,2025-12,warehouse consumables 2025-12,JE-HAP-2025-12-1132
HAP-2025-12-1133,VEND-169,Harbor Systems,HAR-2025-12-1133,2025-12-13,2026-01-12,132.66,USD,HPO-2025-12-1133,PAID,2025-12-31,2025-12,security monitoring hosts 2025-12,JE-HAP-2025-12-1133
HAP-2025-12-1134,VEND-173,Timber Partners,TIM-2025-12-1134,2025-12-13,2026-01-12,30.77,USD,HPO-2025-12-1134,PAID,2025-12-31,2025-12,usage overage block 2025-12,JE-HAP-2025-12-1134
HAP-2025-12-1135,VEND-177,Ginkgo Studio,GIN-2025-12-1135,2025-12-13,2026-01-12,7200.88,USD,HPO-2025-12-1135,PAID,2025-12-31,2025-12,premium support 2025-12,JE-HAP-2025-12-1135
HAP-2025-12-1136,VEND-181,Teak Supply,TEA-2025-12-1136,2025-12-13,2026-01-12,231.99,USD,HPO-2025-12-1136,PAID,2025-12-31,2025-12,warehouse consumables 2025-12,JE-HAP-2025-12-1136
HAP-2025-12-1137,VEND-185,Harbor Components,HAR-2025-12-1137,2025-12-13,2026-01-12,97.1,USD,HPO-2025-12-1137,PAID,2025-12-31,2025-12,security monitoring hosts 2025-12,JE-HAP-2025-12-1137
HAP-2025-12-1138,VEND-189,Timber Systems,TIM-2025-12-1138,2025-12-13,2026-01-12,151.21,USD,HPO-2025-12-1138,PAID,2025-12-31,2025-12,usage overage block 2025-12,JE-HAP-2025-12-1138
HAP-2025-12-1139,VEND-193,Ginkgo Partners,GIN-2025-12-1139,2025-12-13,2026-01-12,1801.32,USD,HPO-2025-12-1139,PAID,2025-12-31,2025-12,premium support 2025-12,JE-HAP-2025-12-1139
HAP-2025-12-1140,VEND-197,Teak Studio,TEA-2025-12-1140,2025-12-13,2026-01-12,116.93,USD,HPO-2025-12-1140,PAID,2025-12-31,2025-12,warehouse consumables 2025-12,JE-HAP-2025-12-1140
HAP-2025-12-1141,VEND-201,Harbor Supply,HAR-2025-12-1141,2025-12-13,2026-01-12,61.54,USD,HPO-2025-12-1141,PAID,2025-12-31,2025-12,security monitoring hosts 2025-12,JE-HAP-2025-12-1141
HAP-2025-12-1142,VEND-205,Timber Components,TIM-2025-12-1142,2025-12-13,2026-01-12,106.65,USD,HPO-2025-12-1142,PAID,2025-12-31,2025-12,usage overage block 2025-12,JE-HAP-2025-12-1142
HAP-2025-12-1143,VEND-209,Ginkgo Systems,GIN-2025-12-1143,2025-12-13,2026-01-12,16201.76,USD,HPO-2025-12-1143,PAID,2025-12-31,2025-12,premium support 2025-12,JE-HAP-2025-12-1143
HAP-2025-12-1144,VEND-213,Teak Partners,TEA-2025-12-1144,2025-12-13,2026-01-12,425.37,USD,HPO-2025-12-1144,PAID,2025-12-31,2025-12,warehouse consumables 2025-12,JE-HAP-2025-12-1144
HAP-2025-12-1145,VEND-195,Northwood Components,NOR-2025-12-1145,2025-12-14,2026-01-13,31.98,USD,HPO-2025-12-1145,PAID,2025-12-31,2025-12,usage overage block 2025-12,JE-HAP-2025-12-1145
HAP-2025-12-1146,VEND-199,Beacon Systems,BEA-2025-12-1146,2025-12-14,2026-01-13,7202.09,USD,HPO-2025-12-1146,PAID,2025-12-31,2025-12,premium support 2025-12,JE-HAP-2025-12-1146
HAP-2025-12-1147,VEND-203,Nimbus Partners,NIM-2025-12-1147,2025-12-14,2026-01-13,233.2,USD,HPO-2025-12-1147,PAID,2025-12-31,2025-12,warehouse consumables 2025-12,JE-HAP-2025-12-1147
HAP-2025-12-1148,VEND-207,Alder Studio,ALD-2025-12-1148,2025-12-14,2026-01-13,98.31,USD,HPO-2025-12-1148,PAID,2025-12-31,2025-12,security monitoring hosts 2025-12,JE-HAP-2025-12-1148
HAP-2025-12-1149,VEND-211,Northwood Supply,NOR-2025-12-1149,2025-12-14,2026-01-13,152.42,USD,HPO-2025-12-1149,PAID,2025-12-31,2025-12,usage overage block 2025-12,JE-HAP-2025-12-1149
HAP-2025-12-1150,VEND-215,Beacon Components,BEA-2025-12-1150,2025-12-14,2026-01-13,1800.0,USD,HPO-2025-12-1150,PAID,2025-12-31,2025-12,premium support 2025-12,JE-HAP-2025-12-1150
HAP-2025-12-1151,VEND-219,Nimbus Systems,NIM-2025-12-1151,2025-12-14,2026-01-13,115.61,USD,HPO-2025-12-1151,PAID,2025-12-31,2025-12,warehouse consumables 2025-12,JE-HAP-2025-12-1151
HAP-2025-12-1152,VEND-223,Alder Partners,ALD-2025-12-1152,2025-12-14,2026-01-13,60.22,USD,HPO-2025-12-1152,PAID,2025-12-31,2025-12,security monitoring hosts 2025-12,JE-HAP-2025-12-1152
HAP-2025-12-1153,VEND-227,Northwood Studio,NOR-2025-12-1153,2025-12-14,2026-01-13,105.33,USD,HPO-2025-12-1153,PAID,2025-12-31,2025-12,usage overage block 2025-12,JE-HAP-2025-12-1153
HAP-2025-12-1154,VEND-231,Beacon Supply,BEA-2025-12-1154,2025-12-14,2026-01-13,16200.44,USD,HPO-2025-12-1154,PAID,2025-12-31,2025-12,premium support 2025-12,JE-HAP-2025-12-1154
HAP-2025-12-1155,VEND-235,Nimbus Components,NIM-2025-12-1155,2025-12-14,2026-01-13,424.05,USD,HPO-2025-12-1155,PAID,2025-12-31,2025-12,warehouse consumables 2025-12,JE-HAP-2025-12-1155
HAP-2025-12-1156,VEND-239,Alder Systems,ALD-2025-12-1156,2025-12-14,2026-01-13,24.66,USD,HPO-2025-12-1156,PAID,2025-12-31,2025-12,security monitoring hosts 2025-12,JE-HAP-2025-12-1156
HAP-2025-12-1157,VEND-243,Northwood Partners,NOR-2025-12-1157,2025-12-14,2026-01-13,60.77,USD,HPO-2025-12-1157,PAID,2025-12-31,2025-12,usage overage block 2025-12,JE-HAP-2025-12-1157
HAP-2025-12-1158,VEND-247,Beacon Studio,BEA-2025-12-1158,2025-12-14,2026-01-13,10800.88,USD,HPO-2025-12-1158,PAID,2025-12-31,2025-12,premium support 2025-12,JE-HAP-2025-12-1158
HAP-2025-12-1159,VEND-251,Nimbus Supply,NIM-2025-12-1159,2025-12-14,2026-01-13,308.99,USD,HPO-2025-12-1159,PAID,2025-12-31,2025-12,warehouse consumables 2025-12,JE-HAP-2025-12-1159
HAP-2025-12-1160,VEND-255,Alder Components,ALD-2025-12-1160,2025-12-14,2026-01-13,121.1,USD,HPO-2025-12-1160,PAID,2025-12-31,2025-12,security monitoring hosts 2025-12,JE-HAP-2025-12-1160
HAP-2025-12-1161,VEND-259,Northwood Systems,NOR-2025-12-1161,2025-12-14,2026-01-13,16.21,USD,HPO-2025-12-1161,PAID,2025-12-31,2025-12,usage overage block 2025-12,JE-HAP-2025-12-1161
HAP-2025-12-1162,VEND-263,Beacon Partners,BEA-2025-12-1162,2025-12-14,2026-01-13,5401.32,USD,HPO-2025-12-1162,PAID,2025-12-31,2025-12,premium support 2025-12,JE-HAP-2025-12-1162
HAP-2025-12-1163,VEND-267,Nimbus Studio,NIM-2025-12-1163,2025-12-14,2026-01-13,193.93,USD,HPO-2025-12-1163,PAID,2025-12-31,2025-12,warehouse consumables 2025-12,JE-HAP-2025-12-1163
HAP-2025-12-1164,VEND-271,Alder Supply,ALD-2025-12-1164,2025-12-14,2026-01-13,85.54,USD,HPO-2025-12-1164,PAID,2025-12-31,2025-12,security monitoring hosts 2025-12,JE-HAP-2025-12-1164
HAP-2025-12-1165,VEND-275,Northwood Components,NOR-2025-12-1165,2025-12-14,2026-01-13,136.65,USD,HPO-2025-12-1165,PAID,2025-12-31,2025-12,usage overage block 2025-12,JE-HAP-2025-12-1165
HAP-2025-12-1166,VEND-279,Beacon Systems,BEA-2025-12-1166,2025-12-14,2026-01-13,19801.76,USD,HPO-2025-12-1166,PAID,2025-12-31,2025-12,premium support 2025-12,JE-HAP-2025-12-1166
HAP-2025-12-1167,VEND-261,Teak Supply,TEA-2025-12-1167,2025-12-15,2026-01-14,25.87,USD,HPO-2025-12-1167,PAID,2025-12-31,2025-12,security monitoring hosts 2025-12,JE-HAP-2025-12-1167
HAP-2025-12-1168,VEND-265,Harbor Components,HAR-2025-12-1168,2025-12-15,2026-01-14,61.98,USD,HPO-2025-12-1168,PAID,2025-12-31,2025-12,usage overage block 2025-12,JE-HAP-2025-12-1168
HAP-2025-12-1169,VEND-269,Timber Systems,TIM-2025-12-1169,2025-12-15,2026-01-14,10802.09,USD,HPO-2025-12-1169,PAID,2025-12-31,2025-12,premium support 2025-12,JE-HAP-2025-12-1169
HAP-2025-12-1170,VEND-273,Ginkgo Partners,GIN-2025-12-1170,2025-12-15,2026-01-14,310.2,USD,HPO-2025-12-1170,PAID,2025-12-31,2025-12,warehouse consumables 2025-12,JE-HAP-2025-12-1170
HAP-2025-12-1171,VEND-277,Teak Studio,TEA-2025-12-1171,2025-12-15,2026-01-14,122.31,USD,HPO-2025-12-1171,PAID,2025-12-31,2025-12,security monitoring hosts 2025-12,JE-HAP-2025-12-1171
HAP-2025-12-1172,VEND-281,Harbor Supply,HAR-2025-12-1172,2025-12-15,2026-01-14,17.42,USD,HPO-2025-12-1172,PAID,2025-12-31,2025-12,usage overage block 2025-12,JE-HAP-2025-12-1172
HAP-2025-12-1173,VEND-285,Timber Components,TIM-2025-12-1173,2025-12-15,2026-01-14,5400.0,USD,HPO-2025-12-1173,PAID,2025-12-31,2025-12,premium support 2025-12,JE-HAP-2025-12-1173
HAP-2025-12-1174,VEND-289,Ginkgo Systems,GIN-2025-12-1174,2025-12-15,2026-01-14,192.61,USD,HPO-2025-12-1174,PAID,2025-12-31,2025-12,warehouse consumables 2025-12,JE-HAP-2025-12-1174
HAP-2025-12-1175,VEND-293,Teak Partners,TEA-2025-12-1175,2025-12-15,2026-01-14,84.22,USD,HPO-2025-12-1175,PAID,2025-12-31,2025-12,security monitoring hosts 2025-12,JE-HAP-2025-12-1175
HAP-2025-12-1176,VEND-297,Harbor Studio,HAR-2025-12-1176,2025-12-15,2026-01-14,135.33,USD,HPO-2025-12-1176,PAID,2025-12-31,2025-12,usage overage block 2025-12,JE-HAP-2025-12-1176
HAP-2025-12-1177,VEND-301,Timber Supply,TIM-2025-12-1177,2025-12-15,2026-01-14,19800.44,USD,HPO-2025-12-1177,PAID,2025-12-31,2025-12,premium support 2025-12,JE-HAP-2025-12-1177
HAP-2025-12-1178,VEND-305,Ginkgo Components,GIN-2025-12-1178,2025-12-15,2026-01-14,77.55,USD,HPO-2025-12-1178,PAID,2025-12-31,2025-12,warehouse consumables 2025-12,JE-HAP-2025-12-1178
HAP-2025-12-1179,VEND-309,Teak Systems,TEA-2025-12-1179,2025-12-15,2026-01-14,48.66,USD,HPO-2025-12-1179,PAID,2025-12-31,2025-12,security monitoring hosts 2025-12,JE-HAP-2025-12-1179
HAP-2025-12-1180,VEND-313,Harbor Partners,HAR-2025-12-1180,2025-12-15,2026-01-14,90.77,USD,HPO-2025-12-1180,PAID,2025-12-31,2025-12,usage overage block 2025-12,JE-HAP-2025-12-1180
HAP-2025-12-1181,VEND-317,Timber Studio,TIM-2025-12-1181,2025-12-15,2026-01-14,14400.88,USD,HPO-2025-12-1181,PAID,2025-12-31,2025-12,premium support 2025-12,JE-HAP-2025-12-1181
HAP-2025-12-1182,VEND-321,Ginkgo Supply,GIN-2025-12-1182,2025-12-15,2026-01-14,385.99,USD,HPO-2025-12-1182,PAID,2025-12-31,2025-12,warehouse consumables 2025-12,JE-HAP-2025-12-1182
HAP-2025-12-1183,VEND-001-DUP,Acme Supplies LLC,ACM-2025-12-1183,2025-12-15,2026-01-14,13.1,USD,HPO-2025-12-1183,PAID,2025-12-31,2025-12,security monitoring hosts 2025-12,JE-HAP-2025-12-1183
HAP-2025-12-1184,VEND-004,Office Depot,OFF-2025-12-1184,2025-12-15,2026-01-14,46.21,USD,HPO-2025-12-1184,PAID,2025-12-31,2025-12,usage overage block 2025-12,JE-HAP-2025-12-1184
HAP-2025-12-1185,VEND-008,Figma,FIG-2025-12-1185,2025-12-15,2026-01-14,9001.32,USD,HPO-2025-12-1185,PAID,2025-12-31,2025-12,premium support 2025-12,JE-HAP-2025-12-1185
HAP-2025-12-1186,VEND-013,Cambridge Properties,CAM-2025-12-1186,2025-12-15,2026-01-14,270.93,USD,HPO-2025-12-1186,PAID,2025-12-31,2025-12,warehouse consumables 2025-12,JE-HAP-2025-12-1186
HAP-2025-12-1187,VEND-017,GitHub,GIT-2025-12-1187,2025-12-15,2026-01-14,109.54,USD,HPO-2025-12-1187,PAID,2025-12-31,2025-12,security monitoring hosts 2025-12,JE-HAP-2025-12-1187
HAP-2025-12-1188,VEND-021,Misc Supplies,MIS-2025-12-1188,2025-12-15,2026-01-14,166.65,USD,HPO-2025-12-1188,PAID,2025-12-31,2025-12,usage overage block 2025-12,JE-HAP-2025-12-1188
HAP-2025-12-1189,VEND-002,Amazon Web Services,AMA-2025-12-1189,2025-12-16,2026-01-15,78.76,USD,HPO-2025-12-1189,PAID,2025-12-31,2025-12,warehouse consumables 2025-12,JE-HAP-2025-12-1189
HAP-2025-12-1190,VEND-006,Datadog,DAT-2025-12-1190,2025-12-16,2026-01-15,49.87,USD,HPO-2025-12-1190,PAID,2025-12-31,2025-12,security monitoring hosts 2025-12,JE-HAP-2025-12-1190
HAP-2025-12-1191,VEND-011,Hartford Insurance,HAR-2025-12-1191,2025-12-16,2026-01-15,91.98,USD,HPO-2025-12-1191,PAID,2025-12-31,2025-12,usage overage block 2025-12,JE-HAP-2025-12-1191
HAP-2025-12-1192,VEND-015,Harbor Electric,HAR-2025-12-1192,2025-12-16,2026-01-15,14402.09,USD,HPO-2025-12-1192,PAID,2025-12-31,2025-12,premium support 2025-12,JE-HAP-2025-12-1192
HAP-2025-12-1193,VEND-019,Freightline Logistics,FRE-2025-12-1193,2025-12-16,2026-01-15,387.2,USD,HPO-2025-12-1193,PAID,2025-12-31,2025-12,warehouse consumables 2025-12,JE-HAP-2025-12-1193
HAP-2025-12-1194,VEND-023,Notion Labs,NOT-2025-12-1194,2025-12-16,2026-01-15,14.31,USD,HPO-2025-12-1194,PAID,2025-12-31,2025-12,security monitoring hosts 2025-12,JE-HAP-2025-12-1194
HAP-2025-12-1195,VEND-027,Zoom Video,ZOO-2025-12-1195,2025-12-16,2026-01-15,47.42,USD,HPO-2025-12-1195,PAID,2025-12-31,2025-12,usage overage block 2025-12,JE-HAP-2025-12-1195
HAP-2025-12-1196,VEND-031,Helios Hardware Supply,HEL-2025-12-1196,2025-12-16,2026-01-15,9000.0,USD,HPO-2025-12-1196,PAID,2025-12-31,2025-12,premium support 2025-12,JE-HAP-2025-12-1196
HAP-2025-12-1197,VEND-035,ADP,ADP-2025-12-1197,2025-12-16,2026-01-15,269.61,USD,HPO-2025-12-1197,PAID,2025-12-31,2025-12,warehouse consumables 2025-12,JE-HAP-2025-12-1197
HAP-2025-12-1198,VEND-039,CleanRoom Janitorial,CLE-2025-12-1198,2025-12-16,2026-01-15,108.22,USD,HPO-2025-12-1198,PAID,2025-12-31,2025-12,security monitoring hosts 2025-12,JE-HAP-2025-12-1198
HAP-2025-12-1199,VEND-043,Adyen NV,ADY-2025-12-1199,2025-12-16,2026-01-15,165.33,USD,HPO-2025-12-1199,PAID,2025-12-31,2025-12,usage overage block 2025-12,JE-HAP-2025-12-1199
HAP-2025-12-1200,VEND-047,Carta,CAR-2025-12-1200,2025-12-16,2026-01-15,3600.44,USD,HPO-2025-12-1200,PAID,2025-12-31,2025-12,premium support 2025-12,JE-HAP-2025-12-1200
HAP-2025-12-1201,VEND-051,Northwood Supply,NOR-2025-12-1201,2025-12-16,2026-01-15,154.55,USD,HPO-2025-12-1201,PAID,2025-12-31,2025-12,warehouse consumables 2025-12,JE-HAP-2025-12-1201
HAP-2025-12-1202,VEND-055,Beacon Components,BEA-2025-12-1202,2025-12-16,2026-01-15,72.66,USD,HPO-2025-12-1202,PAID,2025-12-31,2025-12,security monitoring hosts 2025-12,JE-HAP-2025-12-1202
HAP-2025-12-1203,VEND-059,Nimbus Systems,NIM-2025-12-1203,2025-12-16,2026-01-15,120.77,USD,HPO-2025-12-1203,PAID,2025-12-31,2025-12,usage overage block 2025-12,JE-HAP-2025-12-1203
HAP-2025-12-1204,VEND-063,Alder Partners,ALD-2025-12-1204,2025-12-16,2026-01-15,18000.88,USD,HPO-2025-12-1204,PAID,2025-12-31,2025-12,premium support 2025-12,JE-HAP-2025-12-1204
HAP-2025-12-1205,VEND-067,Northwood Studio,NOR-2025-12-1205,2025-12-16,2026-01-15,39.49,USD,HPO-2025-12-1205,PAID,2025-12-31,2025-12,warehouse consumables 2025-12,JE-HAP-2025-12-1205
HAP-2025-12-1206,VEND-071,Beacon Supply,BEA-2025-12-1206,2025-12-16,2026-01-15,37.1,USD,HPO-2025-12-1206,PAID,2025-12-31,2025-12,security monitoring hosts 2025-12,JE-HAP-2025-12-1206
HAP-2025-12-1207,VEND-075,Nimbus Components,NIM-2025-12-1207,2025-12-16,2026-01-15,76.21,USD,HPO-2025-12-1207,PAID,2025-12-31,2025-12,usage overage block 2025-12,JE-HAP-2025-12-1207
HAP-2025-12-1208,VEND-079,Alder Systems,ALD-2025-12-1208,2025-12-16,2026-01-15,12601.32,USD,HPO-2025-12-1208,PAID,2025-12-31,2025-12,premium support 2025-12,JE-HAP-2025-12-1208
HAP-2025-12-1209,VEND-083,Northwood Partners,NOR-2025-12-1209,2025-12-16,2026-01-15,347.93,USD,HPO-2025-12-1209,PAID,2025-12-31,2025-12,warehouse consumables 2025-12,JE-HAP-2025-12-1209
HAP-2025-12-1210,VEND-087,Beacon Studio,BEA-2025-12-1210,2025-12-16,2026-01-15,133.54,USD,HPO-2025-12-1210,PAID,2025-12-31,2025-12,security monitoring hosts 2025-12,JE-HAP-2025-12-1210
HAP-2025-12-1211,VEND-069,Teak Systems,TEA-2025-12-1211,2025-12-17,2026-01-16,3601.65,USD,HPO-2025-12-1211,PAID,2025-12-31,2025-12,premium support 2025-12,JE-HAP-2025-12-1211
HAP-2025-12-1212,VEND-073,Harbor Partners,HAR-2025-12-1212,2025-12-17,2026-01-16,155.76,USD,HPO-2025-12-1212,PAID,2025-12-31,2025-12,warehouse consumables 2025-12,JE-HAP-2025-12-1212
HAP-2025-12-1213,VEND-077,Timber Studio,TIM-2025-12-1213,2025-12-17,2026-01-16,73.87,USD,HPO-2025-12-1213,PAID,2025-12-31,2025-12,security monitoring hosts 2025-12,JE-HAP-2025-12-1213
HAP-2025-12-1214,VEND-081,Ginkgo Supply,GIN-2025-12-1214,2025-12-17,2026-01-16,121.98,USD,HPO-2025-12-1214,PAID,2025-12-31,2025-12,usage overage block 2025-12,JE-HAP-2025-12-1214
HAP-2025-12-1215,VEND-085,Teak Components,TEA-2025-12-1215,2025-12-17,2026-01-16,18002.09,USD,HPO-2025-12-1215,PAID,2025-12-31,2025-12,premium support 2025-12,JE-HAP-2025-12-1215
HAP-2025-12-1216,VEND-089,Harbor Systems,HAR-2025-12-1216,2025-12-17,2026-01-16,40.7,USD,HPO-2025-12-1216,PAID,2025-12-31,2025-12,warehouse consumables 2025-12,JE-HAP-2025-12-1216
HAP-2025-12-1217,VEND-093,Timber Partners,TIM-2025-12-1217,2025-12-17,2026-01-16,38.31,USD,HPO-2025-12-1217,PAID,2025-12-31,2025-12,security monitoring hosts 2025-12,JE-HAP-2025-12-1217
HAP-2025-12-1218,VEND-097,Ginkgo Studio,GIN-2025-12-1218,2025-12-17,2026-01-16,77.42,USD,HPO-2025-12-1218,PAID,2025-12-31,2025-12,usage overage block 2025-12,JE-HAP-2025-12-1218
HAP-2025-12-1219,VEND-101,Teak Supply,TEA-2025-12-1219,2025-12-17,2026-01-16,12600.0,USD,HPO-2025-12-1219,PAID,2025-12-31,2025-12,premium support 2025-12,JE-HAP-2025-12-1219
HAP-2025-12-1220,VEND-105,Harbor Components,HAR-2025-12-1220,2025-12-17,2026-01-16,346.61,USD,HPO-2025-12-1220,PAID,2025-12-31,2025-12,warehouse consumables 2025-12,JE-HAP-2025-12-1220
HAP-2025-12-1221,VEND-109,Timber Systems,TIM-2025-12-1221,2025-12-17,2026-01-16,132.22,USD,HPO-2025-12-1221,PAID,2025-12-31,2025-12,security monitoring hosts 2025-12,JE-HAP-2025-12-1221
HAP-2025-12-1222,VEND-113,Ginkgo Partners,GIN-2025-12-1222,2025-12-17,2026-01-16,30.33,USD,HPO-2025-12-1222,PAID,2025-12-31,2025-12,usage overage block 2025-12,JE-HAP-2025-12-1222
HAP-2025-12-1223,VEND-117,Teak Studio,TEA-2025-12-1223,2025-12-17,2026-01-16,7200.44,USD,HPO-2025-12-1223,PAID,2025-12-31,2025-12,premium support 2025-12,JE-HAP-2025-12-1223
HAP-2025-12-1224,VEND-121,Harbor Supply,HAR-2025-12-1224,2025-12-17,2026-01-16,231.55,USD,HPO-2025-12-1224,PAID,2025-12-31,2025-12,warehouse consumables 2025-12,JE-HAP-2025-12-1224
HAP-2025-12-1225,VEND-125,Timber Components,TIM-2025-12-1225,2025-12-17,2026-01-16,96.66,USD,HPO-2025-12-1225,PAID,2025-12-31,2025-12,security monitoring hosts 2025-12,JE-HAP-2025-12-1225
HAP-2025-12-1226,VEND-129,Ginkgo Systems,GIN-2025-12-1226,2025-12-17,2026-01-16,150.77,USD,HPO-2025-12-1226,PAID,2025-12-31,2025-12,usage overage block 2025-12,JE-HAP-2025-12-1226
HAP-2025-12-1227,VEND-133,Teak Partners,TEA-2025-12-1227,2025-12-17,2026-01-16,1800.88,USD,HPO-2025-12-1227,PAID,2025-12-31,2025-12,premium support 2025-12,JE-HAP-2025-12-1227
HAP-2025-12-1228,VEND-137,Harbor Studio,HAR-2025-12-1228,2025-12-17,2026-01-16,116.49,USD,HPO-2025-12-1228,PAID,2025-12-31,2025-12,warehouse consumables 2025-12,JE-HAP-2025-12-1228
HAP-2025-12-1229,VEND-141,Timber Supply,TIM-2025-12-1229,2025-12-17,2026-01-16,61.1,USD,HPO-2025-12-1229,PAID,2025-12-31,2025-12,security monitoring hosts 2025-12,JE-HAP-2025-12-1229
HAP-2025-12-1230,VEND-145,Ginkgo Components,GIN-2025-12-1230,2025-12-17,2026-01-16,106.21,USD,HPO-2025-12-1230,PAID,2025-12-31,2025-12,usage overage block 2025-12,JE-HAP-2025-12-1230
HAP-2025-12-1231,VEND-149,Teak Systems,TEA-2025-12-1231,2025-12-17,2026-01-16,16201.32,USD,HPO-2025-12-1231,PAID,2025-12-31,2025-12,premium support 2025-12,JE-HAP-2025-12-1231
HAP-2025-12-1232,VEND-153,Harbor Partners,HAR-2025-12-1232,2025-12-17,2026-01-16,424.93,USD,HPO-2025-12-1232,PAID,2025-12-31,2025-12,warehouse consumables 2025-12,JE-HAP-2025-12-1232
HAP-2025-12-1233,VEND-135,Beacon Components,BEA-2025-12-1233,2025-12-18,2026-01-17,31.54,USD,HPO-2025-12-1233,PAID,2025-12-31,2025-12,usage overage block 2025-12,JE-HAP-2025-12-1233
HAP-2025-12-1234,VEND-139,Nimbus Systems,NIM-2025-12-1234,2025-12-18,2026-01-17,7201.65,USD,HPO-2025-12-1234,PAID,2025-12-31,2025-12,premium support 2025-12,JE-HAP-2025-12-1234
HAP-2025-12-1235,VEND-143,Alder Partners,ALD-2025-12-1235,2025-12-18,2026-01-17,232.76,USD,HPO-2025-12-1235,PAID,2025-12-31,2025-12,warehouse consumables 2025-12,JE-HAP-2025-12-1235
HAP-2025-12-1236,VEND-147,Northwood Studio,NOR-2025-12-1236,2025-12-18,2026-01-17,97.87,USD,HPO-2025-12-1236,PAID,2025-12-31,2025-12,security monitoring hosts 2025-12,JE-HAP-2025-12-1236
HAP-2025-12-1237,VEND-151,Beacon Supply,BEA-2025-12-1237,2025-12-18,2026-01-17,151.98,USD,HPO-2025-12-1237,PAID,2025-12-31,2025-12,usage overage block 2025-12,JE-HAP-2025-12-1237
HAP-2025-12-1238,VEND-155,Nimbus Components,NIM-2025-12-1238,2025-12-18,2026-01-17,1802.09,USD,HPO-2025-12-1238,PAID,2025-12-31,2025-12,premium support 2025-12,JE-HAP-2025-12-1238
HAP-2025-12-1239,VEND-159,Alder Systems,ALD-2025-12-1239,2025-12-18,2026-01-17,117.7,USD,HPO-2025-12-1239,PAID,2025-12-31,2025-12,warehouse consumables 2025-12,JE-HAP-2025-12-1239
HAP-2025-12-1240,VEND-163,Northwood Partners,NOR-2025-12-1240,2025-12-18,2026-01-17,62.31,USD,HPO-2025-12-1240,PAID,2025-12-31,2025-12,security monitoring hosts 2025-12,JE-HAP-2025-12-1240
HAP-2025-12-1241,VEND-167,Beacon Studio,BEA-2025-12-1241,2025-12-18,2026-01-17,107.42,USD,HPO-2025-12-1241,PAID,2025-12-31,2025-12,usage overage block 2025-12,JE-HAP-2025-12-1241
HAP-2025-12-1242,VEND-171,Nimbus Supply,NIM-2025-12-1242,2025-12-18,2026-01-17,16200.0,USD,HPO-2025-12-1242,PAID,2025-12-31,2025-12,premium support 2025-12,JE-HAP-2025-12-1242
HAP-2025-12-1243,VEND-175,Alder Components,ALD-2025-12-1243,2025-12-18,2026-01-17,423.61,USD,HPO-2025-12-1243,PAID,2025-12-31,2025-12,warehouse consumables 2025-12,JE-HAP-2025-12-1243
HAP-2025-12-1244,VEND-179,Northwood Systems,NOR-2025-12-1244,2025-12-18,2026-01-17,24.22,USD,HPO-2025-12-1244,PAID,2025-12-31,2025-12,security monitoring hosts 2025-12,JE-HAP-2025-12-1244
HAP-2025-12-1245,VEND-183,Beacon Partners,BEA-2025-12-1245,2025-12-18,2026-01-17,60.33,USD,HPO-2025-12-1245,PAID,2025-12-31,2025-12,usage overage block 2025-12,JE-HAP-2025-12-1245
HAP-2025-12-1246,VEND-187,Nimbus Studio,NIM-2025-12-1246,2025-12-18,2026-01-17,10800.44,USD,HPO-2025-12-1246,PAID,2025-12-31,2025-12,premium support 2025-12,JE-HAP-2025-12-1246
HAP-2025-12-1247,VEND-191,Alder Supply,ALD-2025-12-1247,2025-12-18,2026-01-17,308.55,USD,HPO-2025-12-1247,PAID,2025-12-31,2025-12,warehouse consumables 2025-12,JE-HAP-2025-12-1247
HAP-2025-12-1248,VEND-195,Northwood Components,NOR-2025-12-1248,2025-12-18,2026-01-17,120.66,USD,HPO-2025-12-1248,PAID,2025-12-31,2025-12,security monitoring hosts 2025-12,JE-HAP-2025-12-1248
HAP-2025-12-1249,VEND-199,Beacon Systems,BEA-2025-12-1249,2025-12-18,2026-01-17,15.77,USD,HPO-2025-12-1249,PAID,2025-12-31,2025-12,usage overage block 2025-12,JE-HAP-2025-12-1249
HAP-2025-12-1250,VEND-203,Nimbus Partners,NIM-2025-12-1250,2025-12-18,2026-01-17,5400.88,USD,HPO-2025-12-1250,PAID,2025-12-31,2025-12,premium support 2025-12,JE-HAP-2025-12-1250
HAP-2025-12-1251,VEND-207,Alder Studio,ALD-2025-12-1251,2025-12-18,2026-01-17,193.49,USD,HPO-2025-12-1251,PAID,2025-12-31,2025-12,warehouse consumables 2025-12,JE-HAP-2025-12-1251
HAP-2025-12-1252,VEND-211,Northwood Supply,NOR-2025-12-1252,2025-12-18,2026-01-17,85.1,USD,HPO-2025-12-1252,PAID,2025-12-31,2025-12,security monitoring hosts 2025-12,JE-HAP-2025-12-1252
HAP-2025-12-1253,VEND-215,Beacon Components,BEA-2025-12-1253,2025-12-18,2026-01-17,136.21,USD,HPO-2025-12-1253,PAID,2025-12-31,2025-12,usage overage block 2025-12,JE-HAP-2025-12-1253
HAP-2025-12-1254,VEND-219,Nimbus Systems,NIM-2025-12-1254,2025-12-18,2026-01-17,19801.32,USD,HPO-2025-12-1254,PAID,2025-12-31,2025-12,premium support 2025-12,JE-HAP-2025-12-1254
HAP-2025-12-1255,VEND-201,Harbor Supply,HAR-2025-12-1255,2025-12-19,2026-01-18,25.43,USD,HPO-2025-12-1255,PAID,2025-12-31,2025-12,security monitoring hosts 2025-12,JE-HAP-2025-12-1255
HAP-2025-12-1256,VEND-205,Timber Components,TIM-2025-12-1256,2025-12-19,2026-01-18,61.54,USD,HPO-2025-12-1256,PAID,2025-12-31,2025-12,usage overage block 2025-12,JE-HAP-2025-12-1256
HAP-2025-12-1257,VEND-209,Ginkgo Systems,GIN-2025-12-1257,2025-12-19,2026-01-18,10801.65,USD,HPO-2025-12-1257,PAID,2025-12-31,2025-12,premium support 2025-12,JE-HAP-2025-12-1257
HAP-2025-12-1258,VEND-213,Teak Partners,TEA-2025-12-1258,2025-12-19,2026-01-18,309.76,USD,HPO-2025-12-1258,PAID,2025-12-31,2025-12,warehouse consumables 2025-12,JE-HAP-2025-12-1258
HAP-2025-12-1259,VEND-217,Harbor Studio,HAR-2025-12-1259,2025-12-19,2026-01-18,121.87,USD,HPO-2025-12-1259,PAID,2025-12-31,2025-12,security monitoring hosts 2025-12,JE-HAP-2025-12-1259
HAP-2025-12-1260,VEND-221,Timber Supply,TIM-2025-12-1260,2025-12-19,2026-01-18,16.98,USD,HPO-2025-12-1260,PAID,2025-12-31,2025-12,usage overage block 2025-12,JE-HAP-2025-12-1260
HAP-2025-12-1261,VEND-225,Ginkgo Components,GIN-2025-12-1261,2025-12-19,2026-01-18,5402.09,USD,HPO-2025-12-1261,PAID,2025-12-31,2025-12,premium support 2025-12,JE-HAP-2025-12-1261
HAP-2025-12-1262,VEND-229,Teak Systems,TEA-2025-12-1262,2025-12-19,2026-01-18,194.7,USD,HPO-2025-12-1262,PAID,2025-12-31,2025-12,warehouse consumables 2025-12,JE-HAP-2025-12-1262
HAP-2025-12-1263,VEND-233,Harbor Partners,HAR-2025-12-1263,2025-12-19,2026-01-18,86.31,USD,HPO-2025-12-1263,PAID,2025-12-31,2025-12,security monitoring hosts 2025-12,JE-HAP-2025-12-1263
HAP-2025-12-1264,VEND-237,Timber Studio,TIM-2025-12-1264,2025-12-19,2026-01-18,137.42,USD,HPO-2025-12-1264,PAID,2025-12-31,2025-12,usage overage block 2025-12,JE-HAP-2025-12-1264
HAP-2025-12-1265,VEND-241,Ginkgo Supply,GIN-2025-12-1265,2025-12-19,2026-01-18,19800.0,USD,HPO-2025-12-1265,PAID,2025-12-31,2025-12,premium support 2025-12,JE-HAP-2025-12-1265
HAP-2025-12-1266,VEND-245,Teak Components,TEA-2025-12-1266,2025-12-19,2026-01-18,77.11,USD,HPO-2025-12-1266,PAID,2025-12-31,2025-12,warehouse consumables 2025-12,JE-HAP-2025-12-1266
HAP-2025-12-1267,VEND-249,Harbor Systems,HAR-2025-12-1267,2025-12-19,2026-01-18,48.22,USD,HPO-2025-12-1267,PAID,2025-12-31,2025-12,security monitoring hosts 2025-12,JE-HAP-2025-12-1267
HAP-2025-12-1268,VEND-253,Timber Partners,TIM-2025-12-1268,2025-12-19,2026-01-18,90.33,USD,HPO-2025-12-1268,PAID,2025-12-31,2025-12,usage overage block 2025-12,JE-HAP-2025-12-1268
HAP-2025-12-1269,VEND-257,Ginkgo Studio,GIN-2025-12-1269,2025-12-19,2026-01-18,14400.44,USD,HPO-2025-12-1269,PAID,2025-12-31,2025-12,premium support 2025-12,JE-HAP-2025-12-1269
HAP-2025-12-1270,VEND-261,Teak Supply,TEA-2025-12-1270,2025-12-19,2026-01-18,385.55,USD,HPO-2025-12-1270,PAID,2025-12-31,2025-12,warehouse consumables 2025-12,JE-HAP-2025-12-1270
HAP-2025-12-1271,VEND-265,Harbor Components,HAR-2025-12-1271,2025-12-19,2026-01-18,12.66,USD,HPO-2025-12-1271,PAID,2025-12-31,2025-12,security monitoring hosts 2025-12,JE-HAP-2025-12-1271
HAP-2025-12-1272,VEND-269,Timber Systems,TIM-2025-12-1272,2025-12-19,2026-01-18,45.77,USD,HPO-2025-12-1272,PAID,2025-12-31,2025-12,usage overage block 2025-12,JE-HAP-2025-12-1272
HAP-2025-12-1273,VEND-273,Ginkgo Partners,GIN-2025-12-1273,2025-12-19,2026-01-18,9000.88,USD,HPO-2025-12-1273,PAID,2025-12-31,2025-12,premium support 2025-12,JE-HAP-2025-12-1273
HAP-2025-12-1274,VEND-277,Teak Studio,TEA-2025-12-1274,2025-12-19,2026-01-18,270.49,USD,HPO-2025-12-1274,PAID,2025-12-31,2025-12,warehouse consumables 2025-12,JE-HAP-2025-12-1274
HAP-2025-12-1275,VEND-281,Harbor Supply,HAR-2025-12-1275,2025-12-19,2026-01-18,109.1,USD,HPO-2025-12-1275,PAID,2025-12-31,2025-12,security monitoring hosts 2025-12,JE-HAP-2025-12-1275
HAP-2025-12-1276,VEND-285,Timber Components,TIM-2025-12-1276,2025-12-19,2026-01-18,166.21,USD,HPO-2025-12-1276,PAID,2025-12-31,2025-12,usage overage block 2025-12,JE-HAP-2025-12-1276
HAP-2025-12-1277,VEND-267,Nimbus Studio,NIM-2025-12-1277,2025-12-20,2026-01-19,78.32,USD,HPO-2025-12-1277,PAID,2025-12-31,2025-12,warehouse consumables 2025-12,JE-HAP-2025-12-1277
HAP-2025-12-1278,VEND-271,Alder Supply,ALD-2025-12-1278,2025-12-20,2026-01-19,49.43,USD,HPO-2025-12-1278,PAID,2025-12-31,2025-12,security monitoring hosts 2025-12,JE-HAP-2025-12-1278
HAP-2025-12-1279,VEND-275,Northwood Components,NOR-2025-12-1279,2025-12-20,2026-01-19,91.54,USD,HPO-2025-12-1279,PAID,2025-12-31,2025-12,usage overage block 2025-12,JE-HAP-2025-12-1279
HAP-2025-12-1280,VEND-279,Beacon Systems,BEA-2025-12-1280,2025-12-20,2026-01-19,14401.65,USD,HPO-2025-12-1280,PAID,2025-12-31,2025-12,premium support 2025-12,JE-HAP-2025-12-1280
HAP-2025-12-1281,VEND-283,Nimbus Partners,NIM-2025-12-1281,2025-12-20,2026-01-19,386.76,USD,HPO-2025-12-1281,PAID,2025-12-31,2025-12,warehouse consumables 2025-12,JE-HAP-2025-12-1281
HAP-2025-12-1282,VEND-287,Alder Studio,ALD-2025-12-1282,2025-12-20,2026-01-19,13.87,USD,HPO-2025-12-1282,PAID,2025-12-31,2025-12,security monitoring hosts 2025-12,JE-HAP-2025-12-1282
HAP-2025-12-1283,VEND-291,Northwood Supply,NOR-2025-12-1283,2025-12-20,2026-01-19,46.98,USD,HPO-2025-12-1283,PAID,2025-12-31,2025-12,usage overage block 2025-12,JE-HAP-2025-12-1283
HAP-2025-12-1284,VEND-295,Beacon Components,BEA-2025-12-1284,2025-12-20,2026-01-19,9002.09,USD,HPO-2025-12-1284,PAID,2025-12-31,2025-12,premium support 2025-12,JE-HAP-2025-12-1284
HAP-2025-12-1285,VEND-299,Nimbus Systems,NIM-2025-12-1285,2025-12-20,2026-01-19,271.7,USD,HPO-2025-12-1285,PAID,2025-12-31,2025-12,warehouse consumables 2025-12,JE-HAP-2025-12-1285
HAP-2025-12-1286,VEND-303,Alder Partners,ALD-2025-12-1286,2025-12-20,2026-01-19,110.31,USD,HPO-2025-12-1286,PAID,2025-12-31,2025-12,security monitoring hosts 2025-12,JE-HAP-2025-12-1286
HAP-2025-12-1287,VEND-307,Northwood Studio,NOR-2025-12-1287,2025-12-20,2026-01-19,167.42,USD,HPO-2025-12-1287,PAID,2025-12-31,2025-12,usage overage block 2025-12,JE-HAP-2025-12-1287
HAP-2025-12-1288,VEND-311,Beacon Supply,BEA-2025-12-1288,2025-12-20,2026-01-19,3600.0,USD,HPO-2025-12-1288,PAID,2025-12-31,2025-12,premium support 2025-12,JE-HAP-2025-12-1288
HAP-2025-12-1289,VEND-315,Nimbus Components,NIM-2025-12-1289,2025-12-20,2026-01-19,154.11,USD,HPO-2025-12-1289,PAID,2025-12-31,2025-12,warehouse consumables 2025-12,JE-HAP-2025-12-1289
HAP-2025-12-1290,VEND-319,Alder Systems,ALD-2025-12-1290,2025-12-20,2026-01-19,72.22,USD,HPO-2025-12-1290,PAID,2025-12-31,2025-12,security monitoring hosts 2025-12,JE-HAP-2025-12-1290
HAP-2025-12-1291,VEND-323,Northwood Partners,NOR-2025-12-1291,2025-12-20,2026-01-19,120.33,USD,HPO-2025-12-1291,PAID,2025-12-31,2025-12,usage overage block 2025-12,JE-HAP-2025-12-1291
HAP-2025-12-1292,VEND-002,Amazon Web Services,AMA-2025-12-1292,2025-12-20,2026-01-19,18000.44,USD,HPO-2025-12-1292,PAID,2025-12-31,2025-12,premium support 2025-12,JE-HAP-2025-12-1292
HAP-2025-12-1293,VEND-006,Datadog,DAT-2025-12-1293,2025-12-20,2026-01-19,39.05,USD,HPO-2025-12-1293,PAID,2025-12-31,2025-12,warehouse consumables 2025-12,JE-HAP-2025-12-1293
HAP-2025-12-1294,VEND-011,Hartford Insurance,HAR-2025-12-1294,2025-12-20,2026-01-19,36.66,USD,HPO-2025-12-1294,PAID,2025-12-31,2025-12,security monitoring hosts 2025-12,JE-HAP-2025-12-1294
HAP-2025-12-1295,VEND-015,Harbor Electric,HAR-2025-12-1295,2025-12-20,2026-01-19,75.77,USD,HPO-2025-12-1295,PAID,2025-12-31,2025-12,usage overage block 2025-12,JE-HAP-2025-12-1295
HAP-2025-12-1296,VEND-019,Freightline Logistics,FRE-2025-12-1296,2025-12-20,2026-01-19,12600.88,USD,HPO-2025-12-1296,PAID,2025-12-31,2025-12,premium support 2025-12,JE-HAP-2025-12-1296
HAP-2025-12-1297,VEND-023,Notion Labs,NOT-2025-12-1297,2025-12-20,2026-01-19,347.49,USD,HPO-2025-12-1297,PAID,2025-12-31,2025-12,warehouse consumables 2025-12,JE-HAP-2025-12-1297
HAP-2025-12-1298,VEND-027,Zoom Video,ZOO-2025-12-1298,2025-12-20,2026-01-19,133.1,USD,HPO-2025-12-1298,PAID,2025-12-31,2025-12,security monitoring hosts 2025-12,JE-HAP-2025-12-1298
HAP-2025-12-1299,VEND-008,Figma,FIG-2025-12-1299,2025-12-21,2026-01-20,3601.21,USD,HPO-2025-12-1299,PAID,2025-12-31,2025-12,premium support 2025-12,JE-HAP-2025-12-1299
HAP-2025-12-1300,VEND-013,Cambridge Properties,CAM-2025-12-1300,2025-12-21,2026-01-20,155.32,USD,HPO-2025-12-1300,PAID,2025-12-31,2025-12,warehouse consumables 2025-12,JE-HAP-2025-12-1300
HAP-2025-12-1301,VEND-017,GitHub,GIT-2025-12-1301,2025-12-21,2026-01-20,73.43,USD,HPO-2025-12-1301,PAID,2025-12-31,2025-12,security monitoring hosts 2025-12,JE-HAP-2025-12-1301
HAP-2025-12-1302,VEND-021,Misc Supplies,MIS-2025-12-1302,2025-12-21,2026-01-20,121.54,USD,HPO-2025-12-1302,PAID,2025-12-31,2025-12,usage overage block 2025-12,JE-HAP-2025-12-1302
HAP-2025-12-1303,VEND-025,Okta,OKT-2025-12-1303,2025-12-21,2026-01-20,18001.65,USD,HPO-2025-12-1303,PAID,2025-12-31,2025-12,premium support 2025-12,JE-HAP-2025-12-1303
HAP-2025-12-1304,VEND-029,Cloudflare,CLO-2025-12-1304,2025-12-21,2026-01-20,40.26,USD,HPO-2025-12-1304,PAID,2025-12-31,2025-12,warehouse consumables 2025-12,JE-HAP-2025-12-1304
HAP-2025-12-1305,VEND-033,Staples Business Advantage,STA-2025-12-1305,2025-12-21,2026-01-20,37.87,USD,HPO-2025-12-1305,PAID,2025-12-31,2025-12,security monitoring hosts 2025-12,JE-HAP-2025-12-1305
HAP-2025-12-1306,VEND-037,Comcast Business,COM-2025-12-1306,2025-12-21,2026-01-20,76.98,USD,HPO-2025-12-1306,PAID,2025-12-31,2025-12,usage overage block 2025-12,JE-HAP-2025-12-1306
HAP-2025-12-1307,VEND-041,HubSpot,HUB-2025-12-1307,2025-12-21,2026-01-20,12602.09,USD,HPO-2025-12-1307,PAID,2025-12-31,2025-12,premium support 2025-12,JE-HAP-2025-12-1307
HAP-2025-12-1308,VEND-045,Palo Alto Networks,PAL-2025-12-1308,2025-12-21,2026-01-20,348.7,USD,HPO-2025-12-1308,PAID,2025-12-31,2025-12,warehouse consumables 2025-12,JE-HAP-2025-12-1308
HAP-2025-12-1309,VEND-049,Vanta,VAN-2025-12-1309,2025-12-21,2026-01-20,134.31,USD,HPO-2025-12-1309,PAID,2025-12-31,2025-12,security monitoring hosts 2025-12,JE-HAP-2025-12-1309
HAP-2025-12-1310,VEND-053,Teak Partners,TEA-2025-12-1310,2025-12-21,2026-01-20,32.42,USD,HPO-2025-12-1310,PAID,2025-12-31,2025-12,usage overage block 2025-12,JE-HAP-2025-12-1310
HAP-2025-12-1311,VEND-057,Harbor Studio,HAR-2025-12-1311,2025-12-21,2026-01-20,7200.0,USD,HPO-2025-12-1311,PAID,2025-12-31,2025-12,premium support 2025-12,JE-HAP-2025-12-1311
HAP-2025-12-1312,VEND-061,Timber Supply,TIM-2025-12-1312,2025-12-21,2026-01-20,231.11,USD,HPO-2025-12-1312,PAID,2025-12-31,2025-12,warehouse consumables 2025-12,JE-HAP-2025-12-1312
HAP-2025-12-1313,VEND-065,Ginkgo Components,GIN-2025-12-1313,2025-12-21,2026-01-20,96.22,USD,HPO-2025-12-1313,PAID,2025-12-31,2025-12,security monitoring hosts 2025-12,JE-HAP-2025-12-1313
HAP-2025-12-1314,VEND-069,Teak Systems,TEA-2025-12-1314,2025-12-21,2026-01-20,150.33,USD,HPO-2025-12-1314,PAID,2025-12-31,2025-12,usage overage block 2025-12,JE-HAP-2025-12-1314
HAP-2025-12-1315,VEND-073,Harbor Partners,HAR-2025-12-1315,2025-12-21,2026-01-20,1800.44,USD,HPO-2025-12-1315,PAID,2025-12-31,2025-12,premium support 2025-12,JE-HAP-2025-12-1315
HAP-2025-12-1316,VEND-077,Timber Studio,TIM-2025-12-1316,2025-12-21,2026-01-20,116.05,USD,HPO-2025-12-1316,PAID,2025-12-31,2025-12,warehouse consumables 2025-12,JE-HAP-2025-12-1316
HAP-2025-12-1317,VEND-081,Ginkgo Supply,GIN-2025-12-1317,2025-12-21,2026-01-20,60.66,USD,HPO-2025-12-1317,PAID,2025-12-31,2025-12,security monitoring hosts 2025-12,JE-HAP-2025-12-1317
HAP-2025-12-1318,VEND-085,Teak Components,TEA-2025-12-1318,2025-12-21,2026-01-20,105.77,USD,HPO-2025-12-1318,PAID,2025-12-31,2025-12,usage overage block 2025-12,JE-HAP-2025-12-1318
HAP-2025-12-1319,VEND-089,Harbor Systems,HAR-2025-12-1319,2025-12-21,2026-01-20,16200.88,USD,HPO-2025-12-1319,PAID,2025-12-31,2025-12,premium support 2025-12,JE-HAP-2025-12-1319
HAP-2025-12-1320,VEND-093,Timber Partners,TIM-2025-12-1320,2025-12-21,2026-01-20,424.49,USD,HPO-2025-12-1320,PAID,2025-12-31,2025-12,warehouse consumables 2025-12,JE-HAP-2025-12-1320
HAP-2026-01-1321,VEND-075,Nimbus Components,NIM-2026-01-1321,2026-01-02,2026-02-01,31.1,USD,HPO-2026-01-1321,PAID,2026-01-20,2026-01,usage overage block 2026-01,JE-HAP-2026-01-1321
HAP-2026-01-1322,VEND-079,Alder Systems,ALD-2026-01-1322,2026-01-02,2026-02-01,7201.21,USD,HPO-2026-01-1322,PAID,2026-01-20,2026-01,premium support 2026-01,JE-HAP-2026-01-1322
HAP-2026-01-1323,VEND-083,Northwood Partners,NOR-2026-01-1323,2026-01-02,2026-02-01,232.32,USD,HPO-2026-01-1323,PAID,2026-01-20,2026-01,warehouse consumables 2026-01,JE-HAP-2026-01-1323
HAP-2026-01-1324,VEND-087,Beacon Studio,BEA-2026-01-1324,2026-01-02,2026-02-01,97.43,USD,HPO-2026-01-1324,PAID,2026-01-20,2026-01,security monitoring hosts 2026-01,JE-HAP-2026-01-1324
HAP-2026-01-1325,VEND-091,Nimbus Supply,NIM-2026-01-1325,2026-01-02,2026-02-01,151.54,USD,HPO-2026-01-1325,PAID,2026-01-20,2026-01,usage overage block 2026-01,JE-HAP-2026-01-1325
HAP-2026-01-1326,VEND-095,Alder Components,ALD-2026-01-1326,2026-01-02,2026-02-01,1801.65,USD,HPO-2026-01-1326,PAID,2026-01-20,2026-01,premium support 2026-01,JE-HAP-2026-01-1326
HAP-2026-01-1327,VEND-099,Northwood Systems,NOR-2026-01-1327,2026-01-02,2026-02-01,117.26,USD,HPO-2026-01-1327,PAID,2026-01-20,2026-01,warehouse consumables 2026-01,JE-HAP-2026-01-1327
HAP-2026-01-1328,VEND-103,Beacon Partners,BEA-2026-01-1328,2026-01-02,2026-02-01,61.87,USD,HPO-2026-01-1328,PAID,2026-01-20,2026-01,security monitoring hosts 2026-01,JE-HAP-2026-01-1328
HAP-2026-01-1329,VEND-107,Nimbus Studio,NIM-2026-01-1329,2026-01-02,2026-02-01,106.98,USD,HPO-2026-01-1329,PAID,2026-01-20,2026-01,usage overage block 2026-01,JE-HAP-2026-01-1329
HAP-2026-01-1330,VEND-111,Alder Supply,ALD-2026-01-1330,2026-01-02,2026-02-01,16202.09,USD,HPO-2026-01-1330,PAID,2026-01-20,2026-01,premium support 2026-01,JE-HAP-2026-01-1330
HAP-2026-01-1331,VEND-115,Northwood Components,NOR-2026-01-1331,2026-01-02,2026-02-01,425.7,USD,HPO-2026-01-1331,PAID,2026-01-20,2026-01,warehouse consumables 2026-01,JE-HAP-2026-01-1331
HAP-2026-01-1332,VEND-119,Beacon Systems,BEA-2026-01-1332,2026-01-02,2026-02-01,26.31,USD,HPO-2026-01-1332,PAID,2026-01-20,2026-01,security monitoring hosts 2026-01,JE-HAP-2026-01-1332
HAP-2026-01-1333,VEND-123,Nimbus Partners,NIM-2026-01-1333,2026-01-02,2026-02-01,62.42,USD,HPO-2026-01-1333,PAID,2026-01-20,2026-01,usage overage block 2026-01,JE-HAP-2026-01-1333
HAP-2026-01-1334,VEND-127,Alder Studio,ALD-2026-01-1334,2026-01-02,2026-02-01,10800.0,USD,HPO-2026-01-1334,PAID,2026-01-20,2026-01,premium support 2026-01,JE-HAP-2026-01-1334
HAP-2026-01-1335,VEND-131,Northwood Supply,NOR-2026-01-1335,2026-01-02,2026-02-01,308.11,USD,HPO-2026-01-1335,PAID,2026-01-20,2026-01,warehouse consumables 2026-01,JE-HAP-2026-01-1335
HAP-2026-01-1336,VEND-135,Beacon Components,BEA-2026-01-1336,2026-01-02,2026-02-01,120.22,USD,HPO-2026-01-1336,PAID,2026-01-20,2026-01,security monitoring hosts 2026-01,JE-HAP-2026-01-1336
HAP-2026-01-1337,VEND-139,Nimbus Systems,NIM-2026-01-1337,2026-01-02,2026-02-01,15.33,USD,HPO-2026-01-1337,PAID,2026-01-20,2026-01,usage overage block 2026-01,JE-HAP-2026-01-1337
HAP-2026-01-1338,VEND-143,Alder Partners,ALD-2026-01-1338,2026-01-02,2026-02-01,5400.44,USD,HPO-2026-01-1338,PAID,2026-01-20,2026-01,premium support 2026-01,JE-HAP-2026-01-1338
HAP-2026-01-1339,VEND-147,Northwood Studio,NOR-2026-01-1339,2026-01-02,2026-02-01,193.05,USD,HPO-2026-01-1339,PAID,2026-01-20,2026-01,warehouse consumables 2026-01,JE-HAP-2026-01-1339
HAP-2026-01-1340,VEND-151,Beacon Supply,BEA-2026-01-1340,2026-01-02,2026-02-01,84.66,USD,HPO-2026-01-1340,PAID,2026-01-20,2026-01,security monitoring hosts 2026-01,JE-HAP-2026-01-1340
HAP-2026-01-1341,VEND-155,Nimbus Components,NIM-2026-01-1341,2026-01-02,2026-02-01,135.77,USD,HPO-2026-01-1341,PAID,2026-01-20,2026-01,usage overage block 2026-01,JE-HAP-2026-01-1341
HAP-2026-01-1342,VEND-159,Alder Systems,ALD-2026-01-1342,2026-01-02,2026-02-01,19800.88,USD,HPO-2026-01-1342,PAID,2026-01-20,2026-01,premium support 2026-01,JE-HAP-2026-01-1342
HAP-2026-01-1343,VEND-141,Timber Supply,TIM-2026-01-1343,2026-01-03,2026-02-02,24.99,USD,HPO-2026-01-1343,PAID,2026-01-21,2026-01,security monitoring hosts 2026-01,JE-HAP-2026-01-1343
HAP-2026-01-1344,VEND-145,Ginkgo Components,GIN-2026-01-1344,2026-01-03,2026-02-02,61.1,USD,HPO-2026-01-1344,PAID,2026-01-21,2026-01,usage overage block 2026-01,JE-HAP-2026-01-1344
HAP-2026-01-1345,VEND-149,Teak Systems,TEA-2026-01-1345,2026-01-03,2026-02-02,10801.21,USD,HPO-2026-01-1345,PAID,2026-01-21,2026-01,premium support 2026-01,JE-HAP-2026-01-1345
HAP-2026-01-1346,VEND-153,Harbor Partners,HAR-2026-01-1346,2026-01-03,2026-02-02,309.32,USD,HPO-2026-01-1346,PAID,2026-01-21,2026-01,warehouse consumables 2026-01,JE-HAP-2026-01-1346
HAP-2026-01-1347,VEND-157,Timber Studio,TIM-2026-01-1347,2026-01-03,2026-02-02,121.43,USD,HPO-2026-01-1347,PAID,2026-01-21,2026-01,security monitoring hosts 2026-01,JE-HAP-2026-01-1347
HAP-2026-01-1348,VEND-161,Ginkgo Supply,GIN-2026-01-1348,2026-01-03,2026-02-02,16.54,USD,HPO-2026-01-1348,PAID,2026-01-21,2026-01,usage overage block 2026-01,JE-HAP-2026-01-1348
HAP-2026-01-1349,VEND-165,Teak Components,TEA-2026-01-1349,2026-01-03,2026-02-02,5401.65,USD,HPO-2026-01-1349,PAID,2026-01-21,2026-01,premium support 2026-01,JE-HAP-2026-01-1349
HAP-2026-01-1350,VEND-169,Harbor Systems,HAR-2026-01-1350,2026-01-03,2026-02-02,194.26,USD,HPO-2026-01-1350,PAID,2026-01-21,2026-01,warehouse consumables 2026-01,JE-HAP-2026-01-1350
HAP-2026-01-1351,VEND-173,Timber Partners,TIM-2026-01-1351,2026-01-03,2026-02-02,85.87,USD,HPO-2026-01-1351,PAID,2026-01-21,2026-01,security monitoring hosts 2026-01,JE-HAP-2026-01-1351
HAP-2026-01-1352,VEND-177,Ginkgo Studio,GIN-2026-01-1352,2026-01-03,2026-02-02,136.98,USD,HPO-2026-01-1352,PAID,2026-01-21,2026-01,usage overage block 2026-01,JE-HAP-2026-01-1352
HAP-2026-01-1353,VEND-181,Teak Supply,TEA-2026-01-1353,2026-01-03,2026-02-02,19802.09,USD,HPO-2026-01-1353,PAID,2026-01-21,2026-01,premium support 2026-01,JE-HAP-2026-01-1353
HAP-2026-01-1354,VEND-185,Harbor Components,HAR-2026-01-1354,2026-01-03,2026-02-02,79.2,USD,HPO-2026-01-1354,PAID,2026-01-21,2026-01,warehouse consumables 2026-01,JE-HAP-2026-01-1354
HAP-2026-01-1355,VEND-189,Timber Systems,TIM-2026-01-1355,2026-01-03,2026-02-02,50.31,USD,HPO-2026-01-1355,PAID,2026-01-21,2026-01,security monitoring hosts 2026-01,JE-HAP-2026-01-1355
HAP-2026-01-1356,VEND-193,Ginkgo Partners,GIN-2026-01-1356,2026-01-03,2026-02-02,92.42,USD,HPO-2026-01-1356,PAID,2026-01-21,2026-01,usage overage block 2026-01,JE-HAP-2026-01-1356
HAP-2026-01-1357,VEND-197,Teak Studio,TEA-2026-01-1357,2026-01-03,2026-02-02,14400.0,USD,HPO-2026-01-1357,PAID,2026-01-21,2026-01,premium support 2026-01,JE-HAP-2026-01-1357
HAP-2026-01-1358,VEND-201,Harbor Supply,HAR-2026-01-1358,2026-01-03,2026-02-02,385.11,USD,HPO-2026-01-1358,PAID,2026-01-21,2026-01,warehouse consumables 2026-01,JE-HAP-2026-01-1358
HAP-2026-01-1359,VEND-205,Timber Components,TIM-2026-01-1359,2026-01-03,2026-02-02,12.22,USD,HPO-2026-01-1359,PAID,2026-01-21,2026-01,security monitoring hosts 2026-01,JE-HAP-2026-01-1359
HAP-2026-01-1360,VEND-209,Ginkgo Systems,GIN-2026-01-1360,2026-01-03,2026-02-02,45.33,USD,HPO-2026-01-1360,PAID,2026-01-21,2026-01,usage overage block 2026-01,JE-HAP-2026-01-1360
HAP-2026-01-1361,VEND-213,Teak Partners,TEA-2026-01-1361,2026-01-03,2026-02-02,9000.44,USD,HPO-2026-01-1361,PAID,2026-01-21,2026-01,premium support 2026-01,JE-HAP-2026-01-1361
HAP-2026-01-1362,VEND-217,Harbor Studio,HAR-2026-01-1362,2026-01-03,2026-02-02,270.05,USD,HPO-2026-01-1362,PAID,2026-01-21,2026-01,warehouse consumables 2026-01,JE-HAP-2026-01-1362
HAP-2026-01-1363,VEND-221,Timber Supply,TIM-2026-01-1363,2026-01-03,2026-02-02,108.66,USD,HPO-2026-01-1363,PAID,2026-01-21,2026-01,security monitoring hosts 2026-01,JE-HAP-2026-01-1363
HAP-2026-01-1364,VEND-225,Ginkgo Components,GIN-2026-01-1364,2026-01-03,2026-02-02,165.77,USD,HPO-2026-01-1364,PAID,2026-01-21,2026-01,usage overage block 2026-01,JE-HAP-2026-01-1364
HAP-2026-01-1365,VEND-207,Alder Studio,ALD-2026-01-1365,2026-01-04,2026-02-03,77.88,USD,HPO-2026-01-1365,PAID,2026-01-22,2026-01,warehouse consumables 2026-01,JE-HAP-2026-01-1365
HAP-2026-01-1366,VEND-211,Northwood Supply,NOR-2026-01-1366,2026-01-04,2026-02-03,48.99,USD,HPO-2026-01-1366,PAID,2026-01-22,2026-01,security monitoring hosts 2026-01,JE-HAP-2026-01-1366
HAP-2026-01-1367,VEND-215,Beacon Components,BEA-2026-01-1367,2026-01-04,2026-02-03,91.1,USD,HPO-2026-01-1367,PAID,2026-01-22,2026-01,usage overage block 2026-01,JE-HAP-2026-01-1367
HAP-2026-01-1368,VEND-219,Nimbus Systems,NIM-2026-01-1368,2026-01-04,2026-02-03,14401.21,USD,HPO-2026-01-1368,PAID,2026-01-22,2026-01,premium support 2026-01,JE-HAP-2026-01-1368
HAP-2026-01-1369,VEND-223,Alder Partners,ALD-2026-01-1369,2026-01-04,2026-02-03,386.32,USD,HPO-2026-01-1369,PAID,2026-01-22,2026-01,warehouse consumables 2026-01,JE-HAP-2026-01-1369
HAP-2026-01-1370,VEND-227,Northwood Studio,NOR-2026-01-1370,2026-01-04,2026-02-03,13.43,USD,HPO-2026-01-1370,PAID,2026-01-22,2026-01,security monitoring hosts 2026-01,JE-HAP-2026-01-1370
HAP-2026-01-1371,VEND-231,Beacon Supply,BEA-2026-01-1371,2026-01-04,2026-02-03,46.54,USD,HPO-2026-01-1371,PAID,2026-01-22,2026-01,usage overage block 2026-01,JE-HAP-2026-01-1371
HAP-2026-01-1372,VEND-235,Nimbus Components,NIM-2026-01-1372,2026-01-04,2026-02-03,9001.65,USD,HPO-2026-01-1372,PAID,2026-01-22,2026-01,premium support 2026-01,JE-HAP-2026-01-1372
HAP-2026-01-1373,VEND-239,Alder Systems,ALD-2026-01-1373,2026-01-04,2026-02-03,271.26,USD,HPO-2026-01-1373,PAID,2026-01-22,2026-01,warehouse consumables 2026-01,JE-HAP-2026-01-1373
HAP-2026-01-1374,VEND-243,Northwood Partners,NOR-2026-01-1374,2026-01-04,2026-02-03,109.87,USD,HPO-2026-01-1374,PAID,2026-01-22,2026-01,security monitoring hosts 2026-01,JE-HAP-2026-01-1374
HAP-2026-01-1375,VEND-247,Beacon Studio,BEA-2026-01-1375,2026-01-04,2026-02-03,166.98,USD,HPO-2026-01-1375,PAID,2026-01-22,2026-01,usage overage block 2026-01,JE-HAP-2026-01-1375
HAP-2026-01-1376,VEND-251,Nimbus Supply,NIM-2026-01-1376,2026-01-04,2026-02-03,3602.09,USD,HPO-2026-01-1376,PAID,2026-01-22,2026-01,premium support 2026-01,JE-HAP-2026-01-1376
HAP-2026-01-1377,VEND-255,Alder Components,ALD-2026-01-1377,2026-01-04,2026-02-03,156.2,USD,HPO-2026-01-1377,PAID,2026-01-22,2026-01,warehouse consumables 2026-01,JE-HAP-2026-01-1377
HAP-2026-01-1378,VEND-259,Northwood Systems,NOR-2026-01-1378,2026-01-04,2026-02-03,74.31,USD,HPO-2026-01-1378,PAID,2026-01-22,2026-01,security monitoring hosts 2026-01,JE-HAP-2026-01-1378
HAP-2026-01-1379,VEND-263,Beacon Partners,BEA-2026-01-1379,2026-01-04,2026-02-03,122.42,USD,HPO-2026-01-1379,PAID,2026-01-22,2026-01,usage overage block 2026-01,JE-HAP-2026-01-1379
HAP-2026-01-1380,VEND-267,Nimbus Studio,NIM-2026-01-1380,2026-01-04,2026-02-03,18000.0,USD,HPO-2026-01-1380,PAID,2026-01-22,2026-01,premium support 2026-01,JE-HAP-2026-01-1380
HAP-2026-01-1381,VEND-271,Alder Supply,ALD-2026-01-1381,2026-01-04,2026-02-03,38.61,USD,HPO-2026-01-1381,PAID,2026-01-22,2026-01,warehouse consumables 2026-01,JE-HAP-2026-01-1381
HAP-2026-01-1382,VEND-275,Northwood Components,NOR-2026-01-1382,2026-01-04,2026-02-03,36.22,USD,HPO-2026-01-1382,PAID,2026-01-22,2026-01,security monitoring hosts 2026-01,JE-HAP-2026-01-1382
HAP-2026-01-1383,VEND-279,Beacon Systems,BEA-2026-01-1383,2026-01-04,2026-02-03,75.33,USD,HPO-2026-01-1383,PAID,2026-01-22,2026-01,usage overage block 2026-01,JE-HAP-2026-01-1383
HAP-2026-01-1384,VEND-283,Nimbus Partners,NIM-2026-01-1384,2026-01-04,2026-02-03,12600.44,USD,HPO-2026-01-1384,PAID,2026-01-22,2026-01,premium support 2026-01,JE-HAP-2026-01-1384
HAP-2026-01-1385,VEND-287,Alder Studio,ALD-2026-01-1385,2026-01-04,2026-02-03,347.05,USD,HPO-2026-01-1385,PAID,2026-01-22,2026-01,warehouse consumables 2026-01,JE-HAP-2026-01-1385
HAP-2026-01-1386,VEND-291,Northwood Supply,NOR-2026-01-1386,2026-01-04,2026-02-03,132.66,USD,HPO-2026-01-1386,PAID,2026-01-22,2026-01,security monitoring hosts 2026-01,JE-HAP-2026-01-1386
HAP-2026-01-1387,VEND-273,Ginkgo Partners,GIN-2026-01-1387,2026-01-05,2026-02-04,3600.77,USD,HPO-2026-01-1387,PAID,2026-01-23,2026-01,premium support 2026-01,JE-HAP-2026-01-1387
HAP-2026-01-1388,VEND-277,Teak Studio,TEA-2026-01-1388,2026-01-05,2026-02-04,154.88,USD,HPO-2026-01-1388,PAID,2026-01-23,2026-01,warehouse consumables 2026-01,JE-HAP-2026-01-1388
HAP-2026-01-1389,VEND-281,Harbor Supply,HAR-2026-01-1389,2026-01-05,2026-02-04,72.99,USD,HPO-2026-01-1389,PAID,2026-01-23,2026-01,security monitoring hosts 2026-01,JE-HAP-2026-01-1389
HAP-2026-01-1390,VEND-285,Timber Components,TIM-2026-01-1390,2026-01-05,2026-02-04,121.1,USD,HPO-2026-01-1390,PAID,2026-01-23,2026-01,usage overage block 2026-01,JE-HAP-2026-01-1390
HAP-2026-01-1391,VEND-289,Ginkgo Systems,GIN-2026-01-1391,2026-01-05,2026-02-04,18001.21,USD,HPO-2026-01-1391,PAID,2026-01-23,2026-01,premium support 2026-01,JE-HAP-2026-01-1391
HAP-2026-01-1392,VEND-293,Teak Partners,TEA-2026-01-1392,2026-01-05,2026-02-04,39.82,USD,HPO-2026-01-1392,PAID,2026-01-23,2026-01,warehouse consumables 2026-01,JE-HAP-2026-01-1392
HAP-2026-01-1393,VEND-297,Harbor Studio,HAR-2026-01-1393,2026-01-05,2026-02-04,37.43,USD,HPO-2026-01-1393,PAID,2026-01-23,2026-01,security monitoring hosts 2026-01,JE-HAP-2026-01-1393
HAP-2026-01-1394,VEND-301,Timber Supply,TIM-2026-01-1394,2026-01-05,2026-02-04,76.54,USD,HPO-2026-01-1394,PAID,2026-01-23,2026-01,usage overage block 2026-01,JE-HAP-2026-01-1394
HAP-2026-01-1395,VEND-305,Ginkgo Components,GIN-2026-01-1395,2026-01-05,2026-02-04,12601.65,USD,HPO-2026-01-1395,PAID,2026-01-23,2026-01,premium support 2026-01,JE-HAP-2026-01-1395
HAP-2026-01-1396,VEND-309,Teak Systems,TEA-2026-01-1396,2026-01-05,2026-02-04,348.26,USD,HPO-2026-01-1396,PAID,2026-01-23,2026-01,warehouse consumables 2026-01,JE-HAP-2026-01-1396
HAP-2026-01-1397,VEND-313,Harbor Partners,HAR-2026-01-1397,2026-01-05,2026-02-04,133.87,USD,HPO-2026-01-1397,PAID,2026-01-23,2026-01,security monitoring hosts 2026-01,JE-HAP-2026-01-1397
HAP-2026-01-1398,VEND-317,Timber Studio,TIM-2026-01-1398,2026-01-05,2026-02-04,31.98,USD,HPO-2026-01-1398,PAID,2026-01-23,2026-01,usage overage block 2026-01,JE-HAP-2026-01-1398
HAP-2026-01-1399,VEND-321,Ginkgo Supply,GIN-2026-01-1399,2026-01-05,2026-02-04,7202.09,USD,HPO-2026-01-1399,PAID,2026-01-23,2026-01,premium support 2026-01,JE-HAP-2026-01-1399
HAP-2026-01-1400,VEND-001-DUP,Acme Supplies LLC,ACM-2026-01-1400,2026-01-05,2026-02-04,233.2,USD,HPO-2026-01-1400,PAID,2026-01-23,2026-01,warehouse consumables 2026-01,JE-HAP-2026-01-1400
HAP-2026-01-1401,VEND-004,Office Depot,OFF-2026-01-1401,2026-01-05,2026-02-04,98.31,USD,HPO-2026-01-1401,PAID,2026-01-23,2026-01,security monitoring hosts 2026-01,JE-HAP-2026-01-1401
HAP-2026-01-1402,VEND-008,Figma,FIG-2026-01-1402,2026-01-05,2026-02-04,152.42,USD,HPO-2026-01-1402,PAID,2026-01-23,2026-01,usage overage block 2026-01,JE-HAP-2026-01-1402
HAP-2026-01-1403,VEND-013,Cambridge Properties,CAM-2026-01-1403,2026-01-05,2026-02-04,1800.0,USD,HPO-2026-01-1403,PAID,2026-01-23,2026-01,premium support 2026-01,JE-HAP-2026-01-1403
HAP-2026-01-1404,VEND-017,GitHub,GIT-2026-01-1404,2026-01-05,2026-02-04,115.61,USD,HPO-2026-01-1404,PAID,2026-01-23,2026-01,warehouse consumables 2026-01,JE-HAP-2026-01-1404
HAP-2026-01-1405,VEND-021,Misc Supplies,MIS-2026-01-1405,2026-01-05,2026-02-04,60.22,USD,HPO-2026-01-1405,PAID,2026-01-23,2026-01,security monitoring hosts 2026-01,JE-HAP-2026-01-1405
HAP-2026-01-1406,VEND-025,Okta,OKT-2026-01-1406,2026-01-05,2026-02-04,105.33,USD,HPO-2026-01-1406,PAID,2026-01-23,2026-01,usage overage block 2026-01,JE-HAP-2026-01-1406
HAP-2026-01-1407,VEND-029,Cloudflare,CLO-2026-01-1407,2026-01-05,2026-02-04,16200.44,USD,HPO-2026-01-1407,PAID,2026-01-23,2026-01,premium support 2026-01,JE-HAP-2026-01-1407
HAP-2026-01-1408,VEND-033,Staples Business Advantage,STA-2026-01-1408,2026-01-05,2026-02-04,424.05,USD,HPO-2026-01-1408,PAID,2026-01-23,2026-01,warehouse consumables 2026-01,JE-HAP-2026-01-1408
HAP-2026-01-1409,VEND-015,Harbor Electric,HAR-2026-01-1409,2026-01-06,2026-02-05,30.66,USD,HPO-2026-01-1409,PAID,2026-01-24,2026-01,usage overage block 2026-01,JE-HAP-2026-01-1409
HAP-2026-01-1410,VEND-019,Freightline Logistics,FRE-2026-01-1410,2026-01-06,2026-02-05,7200.77,USD,HPO-2026-01-1410,PAID,2026-01-24,2026-01,premium support 2026-01,JE-HAP-2026-01-1410
HAP-2026-01-1411,VEND-023,Notion Labs,NOT-2026-01-1411,2026-01-06,2026-02-05,231.88,USD,HPO-2026-01-1411,PAID,2026-01-24,2026-01,warehouse consumables 2026-01,JE-HAP-2026-01-1411
HAP-2026-01-1412,VEND-027,Zoom Video,ZOO-2026-01-1412,2026-01-06,2026-02-05,96.99,USD,HPO-2026-01-1412,PAID,2026-01-24,2026-01,security monitoring hosts 2026-01,JE-HAP-2026-01-1412
HAP-2026-01-1413,VEND-031,Helios Hardware Supply,HEL-2026-01-1413,2026-01-06,2026-02-05,151.1,USD,HPO-2026-01-1413,PAID,2026-01-24,2026-01,usage overage block 2026-01,JE-HAP-2026-01-1413
HAP-2026-01-1414,VEND-035,ADP,ADP-2026-01-1414,2026-01-06,2026-02-05,1801.21,USD,HPO-2026-01-1414,PAID,2026-01-24,2026-01,premium support 2026-01,JE-HAP-2026-01-1414
HAP-2026-01-1415,VEND-039,CleanRoom Janitorial,CLE-2026-01-1415,2026-01-06,2026-02-05,116.82,USD,HPO-2026-01-1415,PAID,2026-01-24,2026-01,warehouse consumables 2026-01,JE-HAP-2026-01-1415
HAP-2026-01-1416,VEND-043,Adyen NV,ADY-2026-01-1416,2026-01-06,2026-02-05,61.43,USD,HPO-2026-01-1416,PAID,2026-01-24,2026-01,security monitoring hosts 2026-01,JE-HAP-2026-01-1416
HAP-2026-01-1417,VEND-047,Carta,CAR-2026-01-1417,2026-01-06,2026-02-05,106.54,USD,HPO-2026-01-1417,PAID,2026-01-24,2026-01,usage overage block 2026-01,JE-HAP-2026-01-1417
HAP-2026-01-1418,VEND-051,Northwood Supply,NOR-2026-01-1418,2026-01-06,2026-02-05,16201.65,USD,HPO-2026-01-1418,PAID,2026-01-24,2026-01,premium support 2026-01,JE-HAP-2026-01-1418
HAP-2026-01-1419,VEND-055,Beacon Components,BEA-2026-01-1419,2026-01-06,2026-02-05,425.26,USD,HPO-2026-01-1419,PAID,2026-01-24,2026-01,warehouse consumables 2026-01,JE-HAP-2026-01-1419
HAP-2026-01-1420,VEND-059,Nimbus Systems,NIM-2026-01-1420,2026-01-06,2026-02-05,25.87,USD,HPO-2026-01-1420,PAID,2026-01-24,2026-01,security monitoring hosts 2026-01,JE-HAP-2026-01-1420
HAP-2026-01-1421,VEND-063,Alder Partners,ALD-2026-01-1421,2026-01-06,2026-02-05,61.98,USD,HPO-2026-01-1421,PAID,2026-01-24,2026-01,usage overage block 2026-01,JE-HAP-2026-01-1421
HAP-2026-01-1422,VEND-067,Northwood Studio,NOR-2026-01-1422,2026-01-06,2026-02-05,10802.09,USD,HPO-2026-01-1422,PAID,2026-01-24,2026-01,premium support 2026-01,JE-HAP-2026-01-1422
HAP-2026-01-1423,VEND-071,Beacon Supply,BEA-2026-01-1423,2026-01-06,2026-02-05,310.2,USD,HPO-2026-01-1423,PAID,2026-01-24,2026-01,warehouse consumables 2026-01,JE-HAP-2026-01-1423
HAP-2026-01-1424,VEND-075,Nimbus Components,NIM-2026-01-1424,2026-01-06,2026-02-05,122.31,USD,HPO-2026-01-1424,PAID,2026-01-24,2026-01,security monitoring hosts 2026-01,JE-HAP-2026-01-1424
HAP-2026-01-1425,VEND-079,Alder Systems,ALD-2026-01-1425,2026-01-06,2026-02-05,17.42,USD,HPO-2026-01-1425,PAID,2026-01-24,2026-01,usage overage block 2026-01,JE-HAP-2026-01-1425
HAP-2026-01-1426,VEND-083,Northwood Partners,NOR-2026-01-1426,2026-01-06,2026-02-05,5400.0,USD,HPO-2026-01-1426,PAID,2026-01-24,2026-01,premium support 2026-01,JE-HAP-2026-01-1426
HAP-2026-01-1427,VEND-087,Beacon Studio,BEA-2026-01-1427,2026-01-06,2026-02-05,192.61,USD,HPO-2026-01-1427,PAID,2026-01-24,2026-01,warehouse consumables 2026-01,JE-HAP-2026-01-1427
HAP-2026-01-1428,VEND-091,Nimbus Supply,NIM-2026-01-1428,2026-01-06,2026-02-05,84.22,USD,HPO-2026-01-1428,PAID,2026-01-24,2026-01,security monitoring hosts 2026-01,JE-HAP-2026-01-1428
HAP-2026-01-1429,VEND-095,Alder Components,ALD-2026-01-1429,2026-01-06,2026-02-05,135.33,USD,HPO-2026-01-1429,PAID,2026-01-24,2026-01,usage overage block 2026-01,JE-HAP-2026-01-1429
HAP-2026-01-1430,VEND-099,Northwood Systems,NOR-2026-01-1430,2026-01-06,2026-02-05,19800.44,USD,HPO-2026-01-1430,PAID,2026-01-24,2026-01,premium support 2026-01,JE-HAP-2026-01-1430
HAP-2026-01-1431,VEND-081,Ginkgo Supply,GIN-2026-01-1431,2026-01-07,2026-02-06,24.55,USD,HPO-2026-01-1431,PAID,2026-01-25,2026-01,security monitoring hosts 2026-01,JE-HAP-2026-01-1431
HAP-2026-01-1432,VEND-085,Teak Components,TEA-2026-01-1432,2026-01-07,2026-02-06,60.66,USD,HPO-2026-01-1432,PAID,2026-01-25,2026-01,usage overage block 2026-01,JE-HAP-2026-01-1432
HAP-2026-01-1433,VEND-089,Harbor Systems,HAR-2026-01-1433,2026-01-07,2026-02-06,10800.77,USD,HPO-2026-01-1433,PAID,2026-01-25,2026-01,premium support 2026-01,JE-HAP-2026-01-1433
HAP-2026-01-1434,VEND-093,Timber Partners,TIM-2026-01-1434,2026-01-07,2026-02-06,308.88,USD,HPO-2026-01-1434,PAID,2026-01-25,2026-01,warehouse consumables 2026-01,JE-HAP-2026-01-1434
HAP-2026-01-1435,VEND-097,Ginkgo Studio,GIN-2026-01-1435,2026-01-07,2026-02-06,120.99,USD,HPO-2026-01-1435,PAID,2026-01-25,2026-01,security monitoring hosts 2026-01,JE-HAP-2026-01-1435
HAP-2026-01-1436,VEND-101,Teak Supply,TEA-2026-01-1436,2026-01-07,2026-02-06,16.1,USD,HPO-2026-01-1436,PAID,2026-01-25,2026-01,usage overage block 2026-01,JE-HAP-2026-01-1436
HAP-2026-01-1437,VEND-105,Harbor Components,HAR-2026-01-1437,2026-01-07,2026-02-06,5401.21,USD,HPO-2026-01-1437,PAID,2026-01-25,2026-01,premium support 2026-01,JE-HAP-2026-01-1437
HAP-2026-01-1438,VEND-109,Timber Systems,TIM-2026-01-1438,2026-01-07,2026-02-06,193.82,USD,HPO-2026-01-1438,PAID,2026-01-25,2026-01,warehouse consumables 2026-01,JE-HAP-2026-01-1438
HAP-2026-01-1439,VEND-113,Ginkgo Partners,GIN-2026-01-1439,2026-01-07,2026-02-06,85.43,USD,HPO-2026-01-1439,PAID,2026-01-25,2026-01,security monitoring hosts 2026-01,JE-HAP-2026-01-1439
HAP-2026-01-1440,VEND-117,Teak Studio,TEA-2026-01-1440,2026-01-07,2026-02-06,136.54,USD,HPO-2026-01-1440,PAID,2026-01-25,2026-01,usage overage block 2026-01,JE-HAP-2026-01-1440
HAP-2026-01-1441,VEND-121,Harbor Supply,HAR-2026-01-1441,2026-01-07,2026-02-06,19801.65,USD,HPO-2026-01-1441,PAID,2026-01-25,2026-01,premium support 2026-01,JE-HAP-2026-01-1441
HAP-2026-01-1442,VEND-125,Timber Components,TIM-2026-01-1442,2026-01-07,2026-02-06,78.76,USD,HPO-2026-01-1442,PAID,2026-01-25,2026-01,warehouse consumables 2026-01,JE-HAP-2026-01-1442
HAP-2026-01-1443,VEND-129,Ginkgo Systems,GIN-2026-01-1443,2026-01-07,2026-02-06,49.87,USD,HPO-2026-01-1443,PAID,2026-01-25,2026-01,security monitoring hosts 2026-01,JE-HAP-2026-01-1443
HAP-2026-01-1444,VEND-133,Teak Partners,TEA-2026-01-1444,2026-01-07,2026-02-06,91.98,USD,HPO-2026-01-1444,PAID,2026-01-25,2026-01,usage overage block 2026-01,JE-HAP-2026-01-1444
HAP-2026-01-1445,VEND-137,Harbor Studio,HAR-2026-01-1445,2026-01-07,2026-02-06,14402.09,USD,HPO-2026-01-1445,PAID,2026-01-25,2026-01,premium support 2026-01,JE-HAP-2026-01-1445
HAP-2026-01-1446,VEND-141,Timber Supply,TIM-2026-01-1446,2026-01-07,2026-02-06,387.2,USD,HPO-2026-01-1446,PAID,2026-01-25,2026-01,warehouse consumables 2026-01,JE-HAP-2026-01-1446
HAP-2026-01-1447,VEND-145,Ginkgo Components,GIN-2026-01-1447,2026-01-07,2026-02-06,14.31,USD,HPO-2026-01-1447,PAID,2026-01-25,2026-01,security monitoring hosts 2026-01,JE-HAP-2026-01-1447
HAP-2026-01-1448,VEND-149,Teak Systems,TEA-2026-01-1448,2026-01-07,2026-02-06,47.42,USD,HPO-2026-01-1448,PAID,2026-01-25,2026-01,usage overage block 2026-01,JE-HAP-2026-01-1448
HAP-2026-01-1449,VEND-153,Harbor Partners,HAR-2026-01-1449,2026-01-07,2026-02-06,9000.0,USD,HPO-2026-01-1449,PAID,2026-01-25,2026-01,premium support 2026-01,JE-HAP-2026-01-1449
HAP-2026-01-1450,VEND-157,Timber Studio,TIM-2026-01-1450,2026-01-07,2026-02-06,269.61,USD,HPO-2026-01-1450,PAID,2026-01-25,2026-01,warehouse consumables 2026-01,JE-HAP-2026-01-1450
HAP-2026-01-1451,VEND-161,Ginkgo Supply,GIN-2026-01-1451,2026-01-07,2026-02-06,108.22,USD,HPO-2026-01-1451,PAID,2026-01-25,2026-01,security monitoring hosts 2026-01,JE-HAP-2026-01-1451
HAP-2026-01-1452,VEND-165,Teak Components,TEA-2026-01-1452,2026-01-07,2026-02-06,165.33,USD,HPO-2026-01-1452,PAID,2026-01-25,2026-01,usage overage block 2026-01,JE-HAP-2026-01-1452
HAP-2026-01-1453,VEND-147,Northwood Studio,NOR-2026-01-1453,2026-01-08,2026-02-07,77.44,USD,HPO-2026-01-1453,PAID,2026-01-26,2026-01,warehouse consumables 2026-01,JE-HAP-2026-01-1453
HAP-2026-01-1454,VEND-151,Beacon Supply,BEA-2026-01-1454,2026-01-08,2026-02-07,48.55,USD,HPO-2026-01-1454,PAID,2026-01-26,2026-01,security monitoring hosts 2026-01,JE-HAP-2026-01-1454
HAP-2026-01-1455,VEND-155,Nimbus Components,NIM-2026-01-1455,2026-01-08,2026-02-07,90.66,USD,HPO-2026-01-1455,PAID,2026-01-26,2026-01,usage overage block 2026-01,JE-HAP-2026-01-1455
HAP-2026-01-1456,VEND-159,Alder Systems,ALD-2026-01-1456,2026-01-08,2026-02-07,14400.77,USD,HPO-2026-01-1456,PAID,2026-01-26,2026-01,premium support 2026-01,JE-HAP-2026-01-1456
HAP-2026-01-1457,VEND-163,Northwood Partners,NOR-2026-01-1457,2026-01-08,2026-02-07,385.88,USD,HPO-2026-01-1457,PAID,2026-01-26,2026-01,warehouse consumables 2026-01,JE-HAP-2026-01-1457
HAP-2026-01-1458,VEND-167,Beacon Studio,BEA-2026-01-1458,2026-01-08,2026-02-07,12.99,USD,HPO-2026-01-1458,PAID,2026-01-26,2026-01,security monitoring hosts 2026-01,JE-HAP-2026-01-1458
HAP-2026-01-1459,VEND-171,Nimbus Supply,NIM-2026-01-1459,2026-01-08,2026-02-07,46.1,USD,HPO-2026-01-1459,PAID,2026-01-26,2026-01,usage overage block 2026-01,JE-HAP-2026-01-1459
HAP-2026-01-1460,VEND-175,Alder Components,ALD-2026-01-1460,2026-01-08,2026-02-07,9001.21,USD,HPO-2026-01-1460,PAID,2026-01-26,2026-01,premium support 2026-01,JE-HAP-2026-01-1460
HAP-2026-01-1461,VEND-179,Northwood Systems,NOR-2026-01-1461,2026-01-08,2026-02-07,270.82,USD,HPO-2026-01-1461,PAID,2026-01-26,2026-01,warehouse consumables 2026-01,JE-HAP-2026-01-1461
HAP-2026-01-1462,VEND-183,Beacon Partners,BEA-2026-01-1462,2026-01-08,2026-02-07,109.43,USD,HPO-2026-01-1462,PAID,2026-01-26,2026-01,security monitoring hosts 2026-01,JE-HAP-2026-01-1462
HAP-2026-01-1463,VEND-187,Nimbus Studio,NIM-2026-01-1463,2026-01-08,2026-02-07,166.54,USD,HPO-2026-01-1463,PAID,2026-01-26,2026-01,usage overage block 2026-01,JE-HAP-2026-01-1463
HAP-2026-01-1464,VEND-191,Alder Supply,ALD-2026-01-1464,2026-01-08,2026-02-07,3601.65,USD,HPO-2026-01-1464,PAID,2026-01-26,2026-01,premium support 2026-01,JE-HAP-2026-01-1464
HAP-2026-01-1465,VEND-195,Northwood Components,NOR-2026-01-1465,2026-01-08,2026-02-07,155.76,USD,HPO-2026-01-1465,PAID,2026-01-26,2026-01,warehouse consumables 2026-01,JE-HAP-2026-01-1465
HAP-2026-01-1466,VEND-199,Beacon Systems,BEA-2026-01-1466,2026-01-08,2026-02-07,73.87,USD,HPO-2026-01-1466,PAID,2026-01-26,2026-01,security monitoring hosts 2026-01,JE-HAP-2026-01-1466
HAP-2026-01-1467,VEND-203,Nimbus Partners,NIM-2026-01-1467,2026-01-08,2026-02-07,121.98,USD,HPO-2026-01-1467,PAID,2026-01-26,2026-01,usage overage block 2026-01,JE-HAP-2026-01-1467
HAP-2026-01-1468,VEND-207,Alder Studio,ALD-2026-01-1468,2026-01-08,2026-02-07,18002.09,USD,HPO-2026-01-1468,PAID,2026-01-26,2026-01,premium support 2026-01,JE-HAP-2026-01-1468
HAP-2026-01-1469,VEND-211,Northwood Supply,NOR-2026-01-1469,2026-01-08,2026-02-07,40.7,USD,HPO-2026-01-1469,PAID,2026-01-26,2026-01,warehouse consumables 2026-01,JE-HAP-2026-01-1469
HAP-2026-01-1470,VEND-215,Beacon Components,BEA-2026-01-1470,2026-01-08,2026-02-07,38.31,USD,HPO-2026-01-1470,PAID,2026-01-26,2026-01,security monitoring hosts 2026-01,JE-HAP-2026-01-1470
HAP-2026-01-1471,VEND-219,Nimbus Systems,NIM-2026-01-1471,2026-01-08,2026-02-07,77.42,USD,HPO-2026-01-1471,PAID,2026-01-26,2026-01,usage overage block 2026-01,JE-HAP-2026-01-1471
HAP-2026-01-1472,VEND-223,Alder Partners,ALD-2026-01-1472,2026-01-08,2026-02-07,12600.0,USD,HPO-2026-01-1472,PAID,2026-01-26,2026-01,premium support 2026-01,JE-HAP-2026-01-1472
HAP-2026-01-1473,VEND-227,Northwood Studio,NOR-2026-01-1473,2026-01-08,2026-02-07,346.61,USD,HPO-2026-01-1473,PAID,2026-01-26,2026-01,warehouse consumables 2026-01,JE-HAP-2026-01-1473
HAP-2026-01-1474,VEND-231,Beacon Supply,BEA-2026-01-1474,2026-01-08,2026-02-07,132.22,USD,HPO-2026-01-1474,PAID,2026-01-26,2026-01,security monitoring hosts 2026-01,JE-HAP-2026-01-1474
HAP-2026-01-1475,VEND-213,Teak Partners,TEA-2026-01-1475,2026-01-09,2026-02-08,3600.33,USD,HPO-2026-01-1475,PAID,2026-01-27,2026-01,premium support 2026-01,JE-HAP-2026-01-1475
HAP-2026-01-1476,VEND-217,Harbor Studio,HAR-2026-01-1476,2026-01-09,2026-02-08,154.44,USD,HPO-2026-01-1476,PAID,2026-01-27,2026-01,warehouse consumables 2026-01,JE-HAP-2026-01-1476
HAP-2026-01-1477,VEND-221,Timber Supply,TIM-2026-01-1477,2026-01-09,2026-02-08,72.55,USD,HPO-2026-01-1477,PAID,2026-01-27,2026-01,security monitoring hosts 2026-01,JE-HAP-2026-01-1477
HAP-2026-01-1478,VEND-225,Ginkgo Components,GIN-2026-01-1478,2026-01-09,2026-02-08,120.66,USD,HPO-2026-01-1478,PAID,2026-01-27,2026-01,usage overage block 2026-01,JE-HAP-2026-01-1478
HAP-2026-01-1479,VEND-229,Teak Systems,TEA-2026-01-1479,2026-01-09,2026-02-08,18000.77,USD,HPO-2026-01-1479,PAID,2026-01-27,2026-01,premium support 2026-01,JE-HAP-2026-01-1479
HAP-2026-01-1480,VEND-233,Harbor Partners,HAR-2026-01-1480,2026-01-09,2026-02-08,39.38,USD,HPO-2026-01-1480,PAID,2026-01-27,2026-01,warehouse consumables 2026-01,JE-HAP-2026-01-1480
HAP-2026-01-1481,VEND-237,Timber Studio,TIM-2026-01-1481,2026-01-09,2026-02-08,36.99,USD,HPO-2026-01-1481,PAID,2026-01-27,2026-01,security monitoring hosts 2026-01,JE-HAP-2026-01-1481
HAP-2026-01-1482,VEND-241,Ginkgo Supply,GIN-2026-01-1482,2026-01-09,2026-02-08,76.1,USD,HPO-2026-01-1482,PAID,2026-01-27,2026-01,usage overage block 2026-01,JE-HAP-2026-01-1482
HAP-2026-01-1483,VEND-245,Teak Components,TEA-2026-01-1483,2026-01-09,2026-02-08,12601.21,USD,HPO-2026-01-1483,PAID,2026-01-27,2026-01,premium support 2026-01,JE-HAP-2026-01-1483
HAP-2026-01-1484,VEND-249,Harbor Systems,HAR-2026-01-1484,2026-01-09,2026-02-08,347.82,USD,HPO-2026-01-1484,PAID,2026-01-27,2026-01,warehouse consumables 2026-01,JE-HAP-2026-01-1484
HAP-2026-01-1485,VEND-253,Timber Partners,TIM-2026-01-1485,2026-01-09,2026-02-08,133.43,USD,HPO-2026-01-1485,PAID,2026-01-27,2026-01,security monitoring hosts 2026-01,JE-HAP-2026-01-1485
HAP-2026-01-1486,VEND-257,Ginkgo Studio,GIN-2026-01-1486,2026-01-09,2026-02-08,31.54,USD,HPO-2026-01-1486,PAID,2026-01-27,2026-01,usage overage block 2026-01,JE-HAP-2026-01-1486
HAP-2026-01-1487,VEND-261,Teak Supply,TEA-2026-01-1487,2026-01-09,2026-02-08,7201.65,USD,HPO-2026-01-1487,PAID,2026-01-27,2026-01,premium support 2026-01,JE-HAP-2026-01-1487
HAP-2026-01-1488,VEND-265,Harbor Components,HAR-2026-01-1488,2026-01-09,2026-02-08,232.76,USD,HPO-2026-01-1488,PAID,2026-01-27,2026-01,warehouse consumables 2026-01,JE-HAP-2026-01-1488
HAP-2026-01-1489,VEND-269,Timber Systems,TIM-2026-01-1489,2026-01-09,2026-02-08,97.87,USD,HPO-2026-01-1489,PAID,2026-01-27,2026-01,security monitoring hosts 2026-01,JE-HAP-2026-01-1489
HAP-2026-01-1490,VEND-273,Ginkgo Partners,GIN-2026-01-1490,2026-01-09,2026-02-08,151.98,USD,HPO-2026-01-1490,PAID,2026-01-27,2026-01,usage overage block 2026-01,JE-HAP-2026-01-1490
HAP-2026-01-1491,VEND-277,Teak Studio,TEA-2026-01-1491,2026-01-09,2026-02-08,1802.09,USD,HPO-2026-01-1491,PAID,2026-01-27,2026-01,premium support 2026-01,JE-HAP-2026-01-1491
HAP-2026-01-1492,VEND-281,Harbor Supply,HAR-2026-01-1492,2026-01-09,2026-02-08,117.7,USD,HPO-2026-01-1492,PAID,2026-01-27,2026-01,warehouse consumables 2026-01,JE-HAP-2026-01-1492
HAP-2026-01-1493,VEND-285,Timber Components,TIM-2026-01-1493,2026-01-09,2026-02-08,62.31,USD,HPO-2026-01-1493,PAID,2026-01-27,2026-01,security monitoring hosts 2026-01,JE-HAP-2026-01-1493
HAP-2026-01-1494,VEND-289,Ginkgo Systems,GIN-2026-01-1494,2026-01-09,2026-02-08,107.42,USD,HPO-2026-01-1494,PAID,2026-01-27,2026-01,usage overage block 2026-01,JE-HAP-2026-01-1494
HAP-2026-01-1495,VEND-293,Teak Partners,TEA-2026-01-1495,2026-01-09,2026-02-08,16200.0,USD,HPO-2026-01-1495,PAID,2026-01-27,2026-01,premium support 2026-01,JE-HAP-2026-01-1495
HAP-2026-01-1496,VEND-297,Harbor Studio,HAR-2026-01-1496,2026-01-09,2026-02-08,423.61,USD,HPO-2026-01-1496,PAID,2026-01-27,2026-01,warehouse consumables 2026-01,JE-HAP-2026-01-1496
HAP-2026-01-1497,VEND-279,Beacon Systems,BEA-2026-01-1497,2026-01-10,2026-02-09,30.22,USD,HPO-2026-01-1497,PAID,2026-01-28,2026-01,usage overage block 2026-01,JE-HAP-2026-01-1497
HAP-2026-01-1498,VEND-283,Nimbus Partners,NIM-2026-01-1498,2026-01-10,2026-02-09,7200.33,USD,HPO-2026-01-1498,PAID,2026-01-28,2026-01,premium support 2026-01,JE-HAP-2026-01-1498
HAP-2026-01-1499,VEND-287,Alder Studio,ALD-2026-01-1499,2026-01-10,2026-02-09,231.44,USD,HPO-2026-01-1499,PAID,2026-01-28,2026-01,warehouse consumables 2026-01,JE-HAP-2026-01-1499
HAP-2026-01-1500,VEND-291,Northwood Supply,NOR-2026-01-1500,2026-01-10,2026-02-09,96.55,USD,HPO-2026-01-1500,PAID,2026-01-28,2026-01,security monitoring hosts 2026-01,JE-HAP-2026-01-1500
HAP-2026-01-1501,VEND-295,Beacon Components,BEA-2026-01-1501,2026-01-10,2026-02-09,150.66,USD,HPO-2026-01-1501,PAID,2026-01-28,2026-01,usage overage block 2026-01,JE-HAP-2026-01-1501
HAP-2026-01-1502,VEND-299,Nimbus Systems,NIM-2026-01-1502,2026-01-10,2026-02-09,1800.77,USD,HPO-2026-01-1502,PAID,2026-01-28,2026-01,premium support 2026-01,JE-HAP-2026-01-1502
HAP-2026-01-1503,VEND-303,Alder Partners,ALD-2026-01-1503,2026-01-10,2026-02-09,116.38,USD,HPO-2026-01-1503,PAID,2026-01-28,2026-01,warehouse consumables 2026-01,JE-HAP-2026-01-1503
HAP-2026-01-1504,VEND-307,Northwood Studio,NOR-2026-01-1504,2026-01-10,2026-02-09,60.99,USD,HPO-2026-01-1504,PAID,2026-01-28,2026-01,security monitoring hosts 2026-01,JE-HAP-2026-01-1504
HAP-2026-01-1505,VEND-311,Beacon Supply,BEA-2026-01-1505,2026-01-10,2026-02-09,106.1,USD,HPO-2026-01-1505,PAID,2026-01-28,2026-01,usage overage block 2026-01,JE-HAP-2026-01-1505
HAP-2026-01-1506,VEND-315,Nimbus Components,NIM-2026-01-1506,2026-01-10,2026-02-09,16201.21,USD,HPO-2026-01-1506,PAID,2026-01-28,2026-01,premium support 2026-01,JE-HAP-2026-01-1506
HAP-2026-01-1507,VEND-319,Alder Systems,ALD-2026-01-1507,2026-01-10,2026-02-09,424.82,USD,HPO-2026-01-1507,PAID,2026-01-28,2026-01,warehouse consumables 2026-01,JE-HAP-2026-01-1507
HAP-2026-01-1508,VEND-323,Northwood Partners,NOR-2026-01-1508,2026-01-10,2026-02-09,25.43,USD,HPO-2026-01-1508,PAID,2026-01-28,2026-01,security monitoring hosts 2026-01,JE-HAP-2026-01-1508
HAP-2026-01-1509,VEND-002,Amazon Web Services,AMA-2026-01-1509,2026-01-10,2026-02-09,61.54,USD,HPO-2026-01-1509,PAID,2026-01-28,2026-01,usage overage block 2026-01,JE-HAP-2026-01-1509
HAP-2026-01-1510,VEND-006,Datadog,DAT-2026-01-1510,2026-01-10,2026-02-09,10801.65,USD,HPO-2026-01-1510,PAID,2026-01-28,2026-01,premium support 2026-01,JE-HAP-2026-01-1510
HAP-2026-01-1511,VEND-011,Hartford Insurance,HAR-2026-01-1511,2026-01-10,2026-02-09,309.76,USD,HPO-2026-01-1511,PAID,2026-01-28,2026-01,warehouse consumables 2026-01,JE-HAP-2026-01-1511
HAP-2026-01-1512,VEND-015,Harbor Electric,HAR-2026-01-1512,2026-01-10,2026-02-09,121.87,USD,HPO-2026-01-1512,PAID,2026-01-28,2026-01,security monitoring hosts 2026-01,JE-HAP-2026-01-1512
HAP-2026-01-1513,VEND-019,Freightline Logistics,FRE-2026-01-1513,2026-01-10,2026-02-09,16.98,USD,HPO-2026-01-1513,PAID,2026-01-28,2026-01,usage overage block 2026-01,JE-HAP-2026-01-1513
HAP-2026-01-1514,VEND-023,Notion Labs,NOT-2026-01-1514,2026-01-10,2026-02-09,5402.09,USD,HPO-2026-01-1514,PAID,2026-01-28,2026-01,premium support 2026-01,JE-HAP-2026-01-1514
HAP-2026-01-1515,VEND-027,Zoom Video,ZOO-2026-01-1515,2026-01-10,2026-02-09,194.7,USD,HPO-2026-01-1515,PAID,2026-01-28,2026-01,warehouse consumables 2026-01,JE-HAP-2026-01-1515
HAP-2026-01-1516,VEND-031,Helios Hardware Supply,HEL-2026-01-1516,2026-01-10,2026-02-09,86.31,USD,HPO-2026-01-1516,PAID,2026-01-28,2026-01,security monitoring hosts 2026-01,JE-HAP-2026-01-1516
HAP-2026-01-1517,VEND-035,ADP,ADP-2026-01-1517,2026-01-10,2026-02-09,137.42,USD,HPO-2026-01-1517,PAID,2026-01-28,2026-01,usage overage block 2026-01,JE-HAP-2026-01-1517
HAP-2026-01-1518,VEND-039,CleanRoom Janitorial,CLE-2026-01-1518,2026-01-10,2026-02-09,19800.0,USD,HPO-2026-01-1518,PAID,2026-01-28,2026-01,premium support 2026-01,JE-HAP-2026-01-1518
HAP-2026-01-1519,VEND-021,Misc Supplies,MIS-2026-01-1519,2026-01-11,2026-02-10,24.11,USD,HPO-2026-01-1519,PAID,2026-01-29,2026-01,security monitoring hosts 2026-01,JE-HAP-2026-01-1519
HAP-2026-01-1520,VEND-025,Okta,OKT-2026-01-1520,2026-01-11,2026-02-10,60.22,USD,HPO-2026-01-1520,PAID,2026-01-29,2026-01,usage overage block 2026-01,JE-HAP-2026-01-1520
HAP-2026-01-1521,VEND-029,Cloudflare,CLO-2026-01-1521,2026-01-11,2026-02-10,10800.33,USD,HPO-2026-01-1521,PAID,2026-01-29,2026-01,premium support 2026-01,JE-HAP-2026-01-1521
HAP-2026-01-1522,VEND-033,Staples Business Advantage,STA-2026-01-1522,2026-01-11,2026-02-10,308.44,USD,HPO-2026-01-1522,PAID,2026-01-29,2026-01,warehouse consumables 2026-01,JE-HAP-2026-01-1522
HAP-2026-01-1523,VEND-037,Comcast Business,COM-2026-01-1523,2026-01-11,2026-02-10,120.55,USD,HPO-2026-01-1523,PAID,2026-01-29,2026-01,security monitoring hosts 2026-01,JE-HAP-2026-01-1523
HAP-2026-01-1524,VEND-041,HubSpot,HUB-2026-01-1524,2026-01-11,2026-02-10,15.66,USD,HPO-2026-01-1524,PAID,2026-01-29,2026-01,usage overage block 2026-01,JE-HAP-2026-01-1524
HAP-2026-01-1525,VEND-045,Palo Alto Networks,PAL-2026-01-1525,2026-01-11,2026-02-10,5400.77,USD,HPO-2026-01-1525,PAID,2026-01-29,2026-01,premium support 2026-01,JE-HAP-2026-01-1525
HAP-2026-01-1526,VEND-049,Vanta,VAN-2026-01-1526,2026-01-11,2026-02-10,193.38,USD,HPO-2026-01-1526,PAID,2026-01-29,2026-01,warehouse consumables 2026-01,JE-HAP-2026-01-1526
HAP-2026-01-1527,VEND-053,Teak Partners,TEA-2026-01-1527,2026-01-11,2026-02-10,84.99,USD,HPO-2026-01-1527,PAID,2026-01-29,2026-01,security monitoring hosts 2026-01,JE-HAP-2026-01-1527
HAP-2026-01-1528,VEND-057,Harbor Studio,HAR-2026-01-1528,2026-01-11,2026-02-10,136.1,USD,HPO-2026-01-1528,PAID,2026-01-29,2026-01,usage overage block 2026-01,JE-HAP-2026-01-1528
HAP-2026-01-1529,VEND-061,Timber Supply,TIM-2026-01-1529,2026-01-11,2026-02-10,19801.21,USD,HPO-2026-01-1529,PAID,2026-01-29,2026-01,premium support 2026-01,JE-HAP-2026-01-1529
HAP-2026-01-1530,VEND-065,Ginkgo Components,GIN-2026-01-1530,2026-01-11,2026-02-10,78.32,USD,HPO-2026-01-1530,PAID,2026-01-29,2026-01,warehouse consumables 2026-01,JE-HAP-2026-01-1530
HAP-2026-01-1531,VEND-069,Teak Systems,TEA-2026-01-1531,2026-01-11,2026-02-10,49.43,USD,HPO-2026-01-1531,PAID,2026-01-29,2026-01,security monitoring hosts 2026-01,JE-HAP-2026-01-1531
HAP-2026-01-1532,VEND-073,Harbor Partners,HAR-2026-01-1532,2026-01-11,2026-02-10,91.54,USD,HPO-2026-01-1532,PAID,2026-01-29,2026-01,usage overage block 2026-01,JE-HAP-2026-01-1532
HAP-2026-01-1533,VEND-077,Timber Studio,TIM-2026-01-1533,2026-01-11,2026-02-10,14401.65,USD,HPO-2026-01-1533,PAID,2026-01-29,2026-01,premium support 2026-01,JE-HAP-2026-01-1533
HAP-2026-01-1534,VEND-081,Ginkgo Supply,GIN-2026-01-1534,2026-01-11,2026-02-10,386.76,USD,HPO-2026-01-1534,PAID,2026-01-29,2026-01,warehouse consumables 2026-01,JE-HAP-2026-01-1534
HAP-2026-01-1535,VEND-085,Teak Components,TEA-2026-01-1535,2026-01-11,2026-02-10,13.87,USD,HPO-2026-01-1535,PAID,2026-01-29,2026-01,security monitoring hosts 2026-01,JE-HAP-2026-01-1535
HAP-2026-01-1536,VEND-089,Harbor Systems,HAR-2026-01-1536,2026-01-11,2026-02-10,46.98,USD,HPO-2026-01-1536,PAID,2026-01-29,2026-01,usage overage block 2026-01,JE-HAP-2026-01-1536
HAP-2026-01-1537,VEND-093,Timber Partners,TIM-2026-01-1537,2026-01-11,2026-02-10,9002.09,USD,HPO-2026-01-1537,PAID,2026-01-29,2026-01,premium support 2026-01,JE-HAP-2026-01-1537
HAP-2026-01-1538,VEND-097,Ginkgo Studio,GIN-2026-01-1538,2026-01-11,2026-02-10,271.7,USD,HPO-2026-01-1538,PAID,2026-01-29,2026-01,warehouse consumables 2026-01,JE-HAP-2026-01-1538
HAP-2026-01-1539,VEND-101,Teak Supply,TEA-2026-01-1539,2026-01-11,2026-02-10,110.31,USD,HPO-2026-01-1539,PAID,2026-01-29,2026-01,security monitoring hosts 2026-01,JE-HAP-2026-01-1539
HAP-2026-01-1540,VEND-105,Harbor Components,HAR-2026-01-1540,2026-01-11,2026-02-10,167.42,USD,HPO-2026-01-1540,PAID,2026-01-29,2026-01,usage overage block 2026-01,JE-HAP-2026-01-1540
HAP-2026-01-1541,VEND-087,Beacon Studio,BEA-2026-01-1541,2026-01-12,2026-02-11,77.0,USD,HPO-2026-01-1541,PAID,2026-01-30,2026-01,warehouse consumables 2026-01,JE-HAP-2026-01-1541
HAP-2026-01-1542,VEND-091,Nimbus Supply,NIM-2026-01-1542,2026-01-12,2026-02-11,48.11,USD,HPO-2026-01-1542,PAID,2026-01-30,2026-01,security monitoring hosts 2026-01,JE-HAP-2026-01-1542
HAP-2026-01-1543,VEND-095,Alder Components,ALD-2026-01-1543,2026-01-12,2026-02-11,90.22,USD,HPO-2026-01-1543,PAID,2026-01-30,2026-01,usage overage block 2026-01,JE-HAP-2026-01-1543
HAP-2026-01-1544,VEND-099,Northwood Systems,NOR-2026-01-1544,2026-01-12,2026-02-11,14400.33,USD,HPO-2026-01-1544,PAID,2026-01-30,2026-01,premium support 2026-01,JE-HAP-2026-01-1544
HAP-2026-01-1545,VEND-103,Beacon Partners,BEA-2026-01-1545,2026-01-12,2026-02-11,385.44,USD,HPO-2026-01-1545,PAID,2026-01-30,2026-01,warehouse consumables 2026-01,JE-HAP-2026-01-1545
HAP-2026-01-1546,VEND-107,Nimbus Studio,NIM-2026-01-1546,2026-01-12,2026-02-11,12.55,USD,HPO-2026-01-1546,PAID,2026-01-30,2026-01,security monitoring hosts 2026-01,JE-HAP-2026-01-1546
HAP-2026-01-1547,VEND-111,Alder Supply,ALD-2026-01-1547,2026-01-12,2026-02-11,45.66,USD,HPO-2026-01-1547,PAID,2026-01-30,2026-01,usage overage block 2026-01,JE-HAP-2026-01-1547
HAP-2026-01-1548,VEND-115,Northwood Components,NOR-2026-01-1548,2026-01-12,2026-02-11,9000.77,USD,HPO-2026-01-1548,PAID,2026-01-30,2026-01,premium support 2026-01,JE-HAP-2026-01-1548
HAP-2026-01-1549,VEND-119,Beacon Systems,BEA-2026-01-1549,2026-01-12,2026-02-11,270.38,USD,HPO-2026-01-1549,PAID,2026-01-30,2026-01,warehouse consumables 2026-01,JE-HAP-2026-01-1549
HAP-2026-01-1550,VEND-123,Nimbus Partners,NIM-2026-01-1550,2026-01-12,2026-02-11,108.99,USD,HPO-2026-01-1550,PAID,2026-01-30,2026-01,security monitoring hosts 2026-01,JE-HAP-2026-01-1550
HAP-2026-01-1551,VEND-127,Alder Studio,ALD-2026-01-1551,2026-01-12,2026-02-11,166.1,USD,HPO-2026-01-1551,PAID,2026-01-30,2026-01,usage overage block 2026-01,JE-HAP-2026-01-1551
HAP-2026-01-1552,VEND-131,Northwood Supply,NOR-2026-01-1552,2026-01-12,2026-02-11,3601.21,USD,HPO-2026-01-1552,PAID,2026-01-30,2026-01,premium support 2026-01,JE-HAP-2026-01-1552
HAP-2026-01-1553,VEND-135,Beacon Components,BEA-2026-01-1553,2026-01-12,2026-02-11,155.32,USD,HPO-2026-01-1553,PAID,2026-01-30,2026-01,warehouse consumables 2026-01,JE-HAP-2026-01-1553
HAP-2026-01-1554,VEND-139,Nimbus Systems,NIM-2026-01-1554,2026-01-12,2026-02-11,73.43,USD,HPO-2026-01-1554,PAID,2026-01-30,2026-01,security monitoring hosts 2026-01,JE-HAP-2026-01-1554
HAP-2026-01-1555,VEND-143,Alder Partners,ALD-2026-01-1555,2026-01-12,2026-02-11,121.54,USD,HPO-2026-01-1555,PAID,2026-01-30,2026-01,usage overage block 2026-01,JE-HAP-2026-01-1555
HAP-2026-01-1556,VEND-147,Northwood Studio,NOR-2026-01-1556,2026-01-12,2026-02-11,18001.65,USD,HPO-2026-01-1556,PAID,2026-01-30,2026-01,premium support 2026-01,JE-HAP-2026-01-1556
HAP-2026-01-1557,VEND-151,Beacon Supply,BEA-2026-01-1557,2026-01-12,2026-02-11,40.26,USD,HPO-2026-01-1557,PAID,2026-01-30,2026-01,warehouse consumables 2026-01,JE-HAP-2026-01-1557
HAP-2026-01-1558,VEND-155,Nimbus Components,NIM-2026-01-1558,2026-01-12,2026-02-11,37.87,USD,HPO-2026-01-1558,PAID,2026-01-30,2026-01,security monitoring hosts 2026-01,JE-HAP-2026-01-1558
HAP-2026-01-1559,VEND-159,Alder Systems,ALD-2026-01-1559,2026-01-12,2026-02-11,76.98,USD,HPO-2026-01-1559,PAID,2026-01-30,2026-01,usage overage block 2026-01,JE-HAP-2026-01-1559
HAP-2026-01-1560,VEND-163,Northwood Partners,NOR-2026-01-1560,2026-01-12,2026-02-11,12602.09,USD,HPO-2026-01-1560,PAID,2026-01-30,2026-01,premium support 2026-01,JE-HAP-2026-01-1560
HAP-2026-01-1561,VEND-167,Beacon Studio,BEA-2026-01-1561,2026-01-12,2026-02-11,348.7,USD,HPO-2026-01-1561,PAID,2026-01-30,2026-01,warehouse consumables 2026-01,JE-HAP-2026-01-1561
HAP-2026-01-1562,VEND-171,Nimbus Supply,NIM-2026-01-1562,2026-01-12,2026-02-11,134.31,USD,HPO-2026-01-1562,PAID,2026-01-30,2026-01,security monitoring hosts 2026-01,JE-HAP-2026-01-1562
HAP-2026-01-1563,VEND-153,Harbor Partners,HAR-2026-01-1563,2026-01-13,2026-02-12,3602.42,USD,HPO-2026-01-1563,PAID,2026-01-31,2026-01,premium support 2026-01,JE-HAP-2026-01-1563
HAP-2026-01-1564,VEND-157,Timber Studio,TIM-2026-01-1564,2026-01-13,2026-02-12,154.0,USD,HPO-2026-01-1564,PAID,2026-01-31,2026-01,warehouse consumables 2026-01,JE-HAP-2026-01-1564
HAP-2026-01-1565,VEND-161,Ginkgo Supply,GIN-2026-01-1565,2026-01-13,2026-02-12,72.11,USD,HPO-2026-01-1565,PAID,2026-01-31,2026-01,security monitoring hosts 2026-01,JE-HAP-2026-01-1565
HAP-2026-01-1566,VEND-165,Teak Components,TEA-2026-01-1566,2026-01-13,2026-02-12,120.22,USD,HPO-2026-01-1566,PAID,2026-01-31,2026-01,usage overage block 2026-01,JE-HAP-2026-01-1566
HAP-2026-01-1567,VEND-169,Harbor Systems,HAR-2026-01-1567,2026-01-13,2026-02-12,18000.33,USD,HPO-2026-01-1567,PAID,2026-01-31,2026-01,premium support 2026-01,JE-HAP-2026-01-1567
HAP-2026-01-1568,VEND-173,Timber Partners,TIM-2026-01-1568,2026-01-13,2026-02-12,38.94,USD,HPO-2026-01-1568,PAID,2026-01-31,2026-01,warehouse consumables 2026-01,JE-HAP-2026-01-1568
HAP-2026-01-1569,VEND-177,Ginkgo Studio,GIN-2026-01-1569,2026-01-13,2026-02-12,36.55,USD,HPO-2026-01-1569,PAID,2026-01-31,2026-01,security monitoring hosts 2026-01,JE-HAP-2026-01-1569
HAP-2026-01-1570,VEND-181,Teak Supply,TEA-2026-01-1570,2026-01-13,2026-02-12,75.66,USD,HPO-2026-01-1570,PAID,2026-01-31,2026-01,usage overage block 2026-01,JE-HAP-2026-01-1570
HAP-2026-01-1571,VEND-185,Harbor Components,HAR-2026-01-1571,2026-01-13,2026-02-12,12600.77,USD,HPO-2026-01-1571,PAID,2026-01-31,2026-01,premium support 2026-01,JE-HAP-2026-01-1571
HAP-2026-01-1572,VEND-189,Timber Systems,TIM-2026-01-1572,2026-01-13,2026-02-12,347.38,USD,HPO-2026-01-1572,PAID,2026-01-31,2026-01,warehouse consumables 2026-01,JE-HAP-2026-01-1572
HAP-2026-01-1573,VEND-193,Ginkgo Partners,GIN-2026-01-1573,2026-01-13,2026-02-12,132.99,USD,HPO-2026-01-1573,PAID,2026-01-31,2026-01,security monitoring hosts 2026-01,JE-HAP-2026-01-1573
HAP-2026-01-1574,VEND-197,Teak Studio,TEA-2026-01-1574,2026-01-13,2026-02-12,31.1,USD,HPO-2026-01-1574,PAID,2026-01-31,2026-01,usage overage block 2026-01,JE-HAP-2026-01-1574
HAP-2026-01-1575,VEND-201,Harbor Supply,HAR-2026-01-1575,2026-01-13,2026-02-12,7201.21,USD,HPO-2026-01-1575,PAID,2026-01-31,2026-01,premium support 2026-01,JE-HAP-2026-01-1575
HAP-2026-01-1576,VEND-205,Timber Components,TIM-2026-01-1576,2026-01-13,2026-02-12,232.32,USD,HPO-2026-01-1576,PAID,2026-01-31,2026-01,warehouse consumables 2026-01,JE-HAP-2026-01-1576
HAP-2026-01-1577,VEND-209,Ginkgo Systems,GIN-2026-01-1577,2026-01-13,2026-02-12,97.43,USD,HPO-2026-01-1577,PAID,2026-01-31,2026-01,security monitoring hosts 2026-01,JE-HAP-2026-01-1577
HAP-2026-01-1578,VEND-213,Teak Partners,TEA-2026-01-1578,2026-01-13,2026-02-12,151.54,USD,HPO-2026-01-1578,PAID,2026-01-31,2026-01,usage overage block 2026-01,JE-HAP-2026-01-1578
HAP-2026-01-1579,VEND-217,Harbor Studio,HAR-2026-01-1579,2026-01-13,2026-02-12,1801.65,USD,HPO-2026-01-1579,PAID,2026-01-31,2026-01,premium support 2026-01,JE-HAP-2026-01-1579
HAP-2026-01-1580,VEND-221,Timber Supply,TIM-2026-01-1580,2026-01-13,2026-02-12,117.26,USD,HPO-2026-01-1580,PAID,2026-01-31,2026-01,warehouse consumables 2026-01,JE-HAP-2026-01-1580
HAP-2026-01-1581,VEND-225,Ginkgo Components,GIN-2026-01-1581,2026-01-13,2026-02-12,61.87,USD,HPO-2026-01-1581,PAID,2026-01-31,2026-01,security monitoring hosts 2026-01,JE-HAP-2026-01-1581
HAP-2026-01-1582,VEND-229,Teak Systems,TEA-2026-01-1582,2026-01-13,2026-02-12,106.98,USD,HPO-2026-01-1582,PAID,2026-01-31,2026-01,usage overage block 2026-01,JE-HAP-2026-01-1582
HAP-2026-01-1583,VEND-233,Harbor Partners,HAR-2026-01-1583,2026-01-13,2026-02-12,16202.09,USD,HPO-2026-01-1583,PAID,2026-01-31,2026-01,premium support 2026-01,JE-HAP-2026-01-1583
HAP-2026-01-1584,VEND-237,Timber Studio,TIM-2026-01-1584,2026-01-13,2026-02-12,425.7,USD,HPO-2026-01-1584,PAID,2026-01-31,2026-01,warehouse consumables 2026-01,JE-HAP-2026-01-1584
HAP-2026-01-1585,VEND-219,Nimbus Systems,NIM-2026-01-1585,2026-01-14,2026-02-13,32.31,USD,HPO-2026-01-1585,PAID,2026-01-31,2026-01,usage overage block 2026-01,JE-HAP-2026-01-1585
HAP-2026-01-1586,VEND-223,Alder Partners,ALD-2026-01-1586,2026-01-14,2026-02-13,7202.42,USD,HPO-2026-01-1586,PAID,2026-01-31,2026-01,premium support 2026-01,JE-HAP-2026-01-1586
HAP-2026-01-1587,VEND-227,Northwood Studio,NOR-2026-01-1587,2026-01-14,2026-02-13,231.0,USD,HPO-2026-01-1587,PAID,2026-01-31,2026-01,warehouse consumables 2026-01,JE-HAP-2026-01-1587
HAP-2026-01-1588,VEND-231,Beacon Supply,BEA-2026-01-1588,2026-01-14,2026-02-13,96.11,USD,HPO-2026-01-1588,PAID,2026-01-31,2026-01,security monitoring hosts 2026-01,JE-HAP-2026-01-1588
HAP-2026-01-1589,VEND-235,Nimbus Components,NIM-2026-01-1589,2026-01-14,2026-02-13,150.22,USD,HPO-2026-01-1589,PAID,2026-01-31,2026-01,usage overage block 2026-01,JE-HAP-2026-01-1589
HAP-2026-01-1590,VEND-239,Alder Systems,ALD-2026-01-1590,2026-01-14,2026-02-13,1800.33,USD,HPO-2026-01-1590,PAID,2026-01-31,2026-01,premium support 2026-01,JE-HAP-2026-01-1590
HAP-2026-01-1591,VEND-243,Northwood Partners,NOR-2026-01-1591,2026-01-14,2026-02-13,115.94,USD,HPO-2026-01-1591,PAID,2026-01-31,2026-01,warehouse consumables 2026-01,JE-HAP-2026-01-1591
HAP-2026-01-1592,VEND-247,Beacon Studio,BEA-2026-01-1592,2026-01-14,2026-02-13,60.55,USD,HPO-2026-01-1592,PAID,2026-01-31,2026-01,security monitoring hosts 2026-01,JE-HAP-2026-01-1592
HAP-2026-01-1593,VEND-251,Nimbus Supply,NIM-2026-01-1593,2026-01-14,2026-02-13,105.66,USD,HPO-2026-01-1593,PAID,2026-01-31,2026-01,usage overage block 2026-01,JE-HAP-2026-01-1593
HAP-2026-01-1594,VEND-255,Alder Components,ALD-2026-01-1594,2026-01-14,2026-02-13,16200.77,USD,HPO-2026-01-1594,PAID,2026-01-31,2026-01,premium support 2026-01,JE-HAP-2026-01-1594
HAP-2026-01-1595,VEND-259,Northwood Systems,NOR-2026-01-1595,2026-01-14,2026-02-13,424.38,USD,HPO-2026-01-1595,PAID,2026-01-31,2026-01,warehouse consumables 2026-01,JE-HAP-2026-01-1595
HAP-2026-01-1596,VEND-263,Beacon Partners,BEA-2026-01-1596,2026-01-14,2026-02-13,24.99,USD,HPO-2026-01-1596,PAID,2026-01-31,2026-01,security monitoring hosts 2026-01,JE-HAP-2026-01-1596
HAP-2026-01-1597,VEND-267,Nimbus Studio,NIM-2026-01-1597,2026-01-14,2026-02-13,61.1,USD,HPO-2026-01-1597,PAID,2026-01-31,2026-01,usage overage block 2026-01,JE-HAP-2026-01-1597
HAP-2026-01-1598,VEND-271,Alder Supply,ALD-2026-01-1598,2026-01-14,2026-02-13,10801.21,USD,HPO-2026-01-1598,PAID,2026-01-31,2026-01,premium support 2026-01,JE-HAP-2026-01-1598
HAP-2026-01-1599,VEND-275,Northwood Components,NOR-2026-01-1599,2026-01-14,2026-02-13,309.32,USD,HPO-2026-01-1599,PAID,2026-01-31,2026-01,warehouse consumables 2026-01,JE-HAP-2026-01-1599
HAP-2026-01-1600,VEND-279,Beacon Systems,BEA-2026-01-1600,2026-01-14,2026-02-13,121.43,USD,HPO-2026-01-1600,PAID,2026-01-31,2026-01,security monitoring hosts 2026-01,JE-HAP-2026-01-1600
HAP-2026-01-1601,VEND-283,Nimbus Partners,NIM-2026-01-1601,2026-01-14,2026-02-13,16.54,USD,HPO-2026-01-1601,PAID,2026-01-31,2026-01,usage overage block 2026-01,JE-HAP-2026-01-1601
HAP-2026-01-1602,VEND-287,Alder Studio,ALD-2026-01-1602,2026-01-14,2026-02-13,5401.65,USD,HPO-2026-01-1602,PAID,2026-01-31,2026-01,premium support 2026-01,JE-HAP-2026-01-1602
HAP-2026-01-1603,VEND-291,Northwood Supply,NOR-2026-01-1603,2026-01-14,2026-02-13,194.26,USD,HPO-2026-01-1603,PAID,2026-01-31,2026-01,warehouse consumables 2026-01,JE-HAP-2026-01-1603
HAP-2026-01-1604,VEND-295,Beacon Components,BEA-2026-01-1604,2026-01-14,2026-02-13,85.87,USD,HPO-2026-01-1604,PAID,2026-01-31,2026-01,security monitoring hosts 2026-01,JE-HAP-2026-01-1604
HAP-2026-01-1605,VEND-299,Nimbus Systems,NIM-2026-01-1605,2026-01-14,2026-02-13,136.98,USD,HPO-2026-01-1605,PAID,2026-01-31,2026-01,usage overage block 2026-01,JE-HAP-2026-01-1605
HAP-2026-01-1606,VEND-303,Alder Partners,ALD-2026-01-1606,2026-01-14,2026-02-13,19802.09,USD,HPO-2026-01-1606,PAID,2026-01-31,2026-01,premium support 2026-01,JE-HAP-2026-01-1606
HAP-2026-01-1607,VEND-285,Timber Components,TIM-2026-01-1607,2026-01-15,2026-02-14,26.2,USD,HPO-2026-01-1607,PAID,2026-01-31,2026-01,security monitoring hosts 2026-01,JE-HAP-2026-01-1607
HAP-2026-01-1608,VEND-289,Ginkgo Systems,GIN-2026-01-1608,2026-01-15,2026-02-14,62.31,USD,HPO-2026-01-1608,PAID,2026-01-31,2026-01,usage overage block 2026-01,JE-HAP-2026-01-1608
HAP-2026-01-1609,VEND-293,Teak Partners,TEA-2026-01-1609,2026-01-15,2026-02-14,10802.42,USD,HPO-2026-01-1609,PAID,2026-01-31,2026-01,premium support 2026-01,JE-HAP-2026-01-1609
HAP-2026-01-1610,VEND-297,Harbor Studio,HAR-2026-01-1610,2026-01-15,2026-02-14,308.0,USD,HPO-2026-01-1610,PAID,2026-01-31,2026-01,warehouse consumables 2026-01,JE-HAP-2026-01-1610
HAP-2026-01-1611,VEND-301,Timber Supply,TIM-2026-01-1611,2026-01-15,2026-02-14,120.11,USD,HPO-2026-01-1611,PAID,2026-01-31,2026-01,security monitoring hosts 2026-01,JE-HAP-2026-01-1611
HAP-2026-01-1612,VEND-305,Ginkgo Components,GIN-2026-01-1612,2026-01-15,2026-02-14,15.22,USD,HPO-2026-01-1612,PAID,2026-01-31,2026-01,usage overage block 2026-01,JE-HAP-2026-01-1612
HAP-2026-01-1613,VEND-309,Teak Systems,TEA-2026-01-1613,2026-01-15,2026-02-14,5400.33,USD,HPO-2026-01-1613,PAID,2026-01-31,2026-01,premium support 2026-01,JE-HAP-2026-01-1613
HAP-2026-01-1614,VEND-313,Harbor Partners,HAR-2026-01-1614,2026-01-15,2026-02-14,192.94,USD,HPO-2026-01-1614,PAID,2026-01-31,2026-01,warehouse consumables 2026-01,JE-HAP-2026-01-1614
HAP-2026-01-1615,VEND-317,Timber Studio,TIM-2026-01-1615,2026-01-15,2026-02-14,84.55,USD,HPO-2026-01-1615,PAID,2026-01-31,2026-01,security monitoring hosts 2026-01,JE-HAP-2026-01-1615
HAP-2026-01-1616,VEND-321,Ginkgo Supply,GIN-2026-01-1616,2026-01-15,2026-02-14,135.66,USD,HPO-2026-01-1616,PAID,2026-01-31,2026-01,usage overage block 2026-01,JE-HAP-2026-01-1616
HAP-2026-01-1617,VEND-001-DUP,Acme Supplies LLC,ACM-2026-01-1617,2026-01-15,2026-02-14,19800.77,USD,HPO-2026-01-1617,PAID,2026-01-31,2026-01,premium support 2026-01,JE-HAP-2026-01-1617
HAP-2026-01-1618,VEND-004,Office Depot,OFF-2026-01-1618,2026-01-15,2026-02-14,77.88,USD,HPO-2026-01-1618,PAID,2026-01-31,2026-01,warehouse consumables 2026-01,JE-HAP-2026-01-1618
HAP-2026-01-1619,VEND-008,Figma,FIG-2026-01-1619,2026-01-15,2026-02-14,48.99,USD,HPO-2026-01-1619,PAID,2026-01-31,2026-01,security monitoring hosts 2026-01,JE-HAP-2026-01-1619
HAP-2026-01-1620,VEND-013,Cambridge Properties,CAM-2026-01-1620,2026-01-15,2026-02-14,91.1,USD,HPO-2026-01-1620,PAID,2026-01-31,2026-01,usage overage block 2026-01,JE-HAP-2026-01-1620
HAP-2026-01-1621,VEND-017,GitHub,GIT-2026-01-1621,2026-01-15,2026-02-14,14401.21,USD,HPO-2026-01-1621,PAID,2026-01-31,2026-01,premium support 2026-01,JE-HAP-2026-01-1621
HAP-2026-01-1622,VEND-021,Misc Supplies,MIS-2026-01-1622,2026-01-15,2026-02-14,386.32,USD,HPO-2026-01-1622,PAID,2026-01-31,2026-01,warehouse consumables 2026-01,JE-HAP-2026-01-1622
HAP-2026-01-1623,VEND-025,Okta,OKT-2026-01-1623,2026-01-15,2026-02-14,13.43,USD,HPO-2026-01-1623,PAID,2026-01-31,2026-01,security monitoring hosts 2026-01,JE-HAP-2026-01-1623
HAP-2026-01-1624,VEND-029,Cloudflare,CLO-2026-01-1624,2026-01-15,2026-02-14,46.54,USD,HPO-2026-01-1624,PAID,2026-01-31,2026-01,usage overage block 2026-01,JE-HAP-2026-01-1624
HAP-2026-01-1625,VEND-033,Staples Business Advantage,STA-2026-01-1625,2026-01-15,2026-02-14,9001.65,USD,HPO-2026-01-1625,PAID,2026-01-31,2026-01,premium support 2026-01,JE-HAP-2026-01-1625
HAP-2026-01-1626,VEND-037,Comcast Business,COM-2026-01-1626,2026-01-15,2026-02-14,271.26,USD,HPO-2026-01-1626,PAID,2026-01-31,2026-01,warehouse consumables 2026-01,JE-HAP-2026-01-1626
HAP-2026-01-1627,VEND-041,HubSpot,HUB-2026-01-1627,2026-01-15,2026-02-14,109.87,USD,HPO-2026-01-1627,PAID,2026-01-31,2026-01,security monitoring hosts 2026-01,JE-HAP-2026-01-1627
HAP-2026-01-1628,VEND-045,Palo Alto Networks,PAL-2026-01-1628,2026-01-15,2026-02-14,166.98,USD,HPO-2026-01-1628,PAID,2026-01-31,2026-01,usage overage block 2026-01,JE-HAP-2026-01-1628
HAP-2026-01-1629,VEND-027,Zoom Video,ZOO-2026-01-1629,2026-01-16,2026-02-15,79.09,USD,HPO-2026-01-1629,PAID,2026-01-31,2026-01,warehouse consumables 2026-01,JE-HAP-2026-01-1629
HAP-2026-01-1630,VEND-031,Helios Hardware Supply,HEL-2026-01-1630,2026-01-16,2026-02-15,50.2,USD,HPO-2026-01-1630,PAID,2026-01-31,2026-01,security monitoring hosts 2026-01,JE-HAP-2026-01-1630
HAP-2026-01-1631,VEND-035,ADP,ADP-2026-01-1631,2026-01-16,2026-02-15,92.31,USD,HPO-2026-01-1631,PAID,2026-01-31,2026-01,usage overage block 2026-01,JE-HAP-2026-01-1631
HAP-2026-01-1632,VEND-039,CleanRoom Janitorial,CLE-2026-01-1632,2026-01-16,2026-02-15,14402.42,USD,HPO-2026-01-1632,PAID,2026-01-31,2026-01,premium support 2026-01,JE-HAP-2026-01-1632
HAP-2026-01-1633,VEND-043,Adyen NV,ADY-2026-01-1633,2026-01-16,2026-02-15,385.0,USD,HPO-2026-01-1633,PAID,2026-01-31,2026-01,warehouse consumables 2026-01,JE-HAP-2026-01-1633
HAP-2026-01-1634,VEND-047,Carta,CAR-2026-01-1634,2026-01-16,2026-02-15,12.11,USD,HPO-2026-01-1634,PAID,2026-01-31,2026-01,security monitoring hosts 2026-01,JE-HAP-2026-01-1634
HAP-2026-01-1635,VEND-051,Northwood Supply,NOR-2026-01-1635,2026-01-16,2026-02-15,45.22,USD,HPO-2026-01-1635,PAID,2026-01-31,2026-01,usage overage block 2026-01,JE-HAP-2026-01-1635
HAP-2026-01-1636,VEND-055,Beacon Components,BEA-2026-01-1636,2026-01-16,2026-02-15,9000.33,USD,HPO-2026-01-1636,PAID,2026-01-31,2026-01,premium support 2026-01,JE-HAP-2026-01-1636
HAP-2026-01-1637,VEND-059,Nimbus Systems,NIM-2026-01-1637,2026-01-16,2026-02-15,269.94,USD,HPO-2026-01-1637,PAID,2026-01-31,2026-01,warehouse consumables 2026-01,JE-HAP-2026-01-1637
HAP-2026-01-1638,VEND-063,Alder Partners,ALD-2026-01-1638,2026-01-16,2026-02-15,108.55,USD,HPO-2026-01-1638,PAID,2026-01-31,2026-01,security monitoring hosts 2026-01,JE-HAP-2026-01-1638
HAP-2026-01-1639,VEND-067,Northwood Studio,NOR-2026-01-1639,2026-01-16,2026-02-15,165.66,USD,HPO-2026-01-1639,PAID,2026-01-31,2026-01,usage overage block 2026-01,JE-HAP-2026-01-1639
HAP-2026-01-1640,VEND-071,Beacon Supply,BEA-2026-01-1640,2026-01-16,2026-02-15,3600.77,USD,HPO-2026-01-1640,PAID,2026-01-31,2026-01,premium support 2026-01,JE-HAP-2026-01-1640
HAP-2026-01-1641,VEND-075,Nimbus Components,NIM-2026-01-1641,2026-01-16,2026-02-15,154.88,USD,HPO-2026-01-1641,PAID,2026-01-31,2026-01,warehouse consumables 2026-01,JE-HAP-2026-01-1641
HAP-2026-01-1642,VEND-079,Alder Systems,ALD-2026-01-1642,2026-01-16,2026-02-15,72.99,USD,HPO-2026-01-1642,PAID,2026-01-31,2026-01,security monitoring hosts 2026-01,JE-HAP-2026-01-1642
HAP-2026-01-1643,VEND-083,Northwood Partners,NOR-2026-01-1643,2026-01-16,2026-02-15,121.1,USD,HPO-2026-01-1643,PAID,2026-01-31,2026-01,usage overage block 2026-01,JE-HAP-2026-01-1643
HAP-2026-01-1644,VEND-087,Beacon Studio,BEA-2026-01-1644,2026-01-16,2026-02-15,18001.21,USD,HPO-2026-01-1644,PAID,2026-01-31,2026-01,premium support 2026-01,JE-HAP-2026-01-1644
HAP-2026-01-1645,VEND-091,Nimbus Supply,NIM-2026-01-1645,2026-01-16,2026-02-15,39.82,USD,HPO-2026-01-1645,PAID,2026-01-31,2026-01,warehouse consumables 2026-01,JE-HAP-2026-01-1645
HAP-2026-01-1646,VEND-095,Alder Components,ALD-2026-01-1646,2026-01-16,2026-02-15,37.43,USD,HPO-2026-01-1646,PAID,2026-01-31,2026-01,security monitoring hosts 2026-01,JE-HAP-2026-01-1646
HAP-2026-01-1647,VEND-099,Northwood Systems,NOR-2026-01-1647,2026-01-16,2026-02-15,76.54,USD,HPO-2026-01-1647,PAID,2026-01-31,2026-01,usage overage block 2026-01,JE-HAP-2026-01-1647
HAP-2026-01-1648,VEND-103,Beacon Partners,BEA-2026-01-1648,2026-01-16,2026-02-15,12601.65,USD,HPO-2026-01-1648,PAID,2026-01-31,2026-01,premium support 2026-01,JE-HAP-2026-01-1648
HAP-2026-01-1649,VEND-107,Nimbus Studio,NIM-2026-01-1649,2026-01-16,2026-02-15,348.26,USD,HPO-2026-01-1649,PAID,2026-01-31,2026-01,warehouse consumables 2026-01,JE-HAP-2026-01-1649
HAP-2026-01-1650,VEND-111,Alder Supply,ALD-2026-01-1650,2026-01-16,2026-02-15,133.87,USD,HPO-2026-01-1650,PAID,2026-01-31,2026-01,security monitoring hosts 2026-01,JE-HAP-2026-01-1650
HAP-2026-01-1651,VEND-093,Timber Partners,TIM-2026-01-1651,2026-01-17,2026-02-16,3601.98,USD,HPO-2026-01-1651,PAID,2026-01-31,2026-01,premium support 2026-01,JE-HAP-2026-01-1651
HAP-2026-01-1652,VEND-097,Ginkgo Studio,GIN-2026-01-1652,2026-01-17,2026-02-16,156.09,USD,HPO-2026-01-1652,PAID,2026-01-31,2026-01,warehouse consumables 2026-01,JE-HAP-2026-01-1652
HAP-2026-01-1653,VEND-101,Teak Supply,TEA-2026-01-1653,2026-01-17,2026-02-16,74.2,USD,HPO-2026-01-1653,PAID,2026-01-31,2026-01,security monitoring hosts 2026-01,JE-HAP-2026-01-1653
HAP-2026-01-1654,VEND-105,Harbor Components,HAR-2026-01-1654,2026-01-17,2026-02-16,122.31,USD,HPO-2026-01-1654,PAID,2026-01-31,2026-01,usage overage block 2026-01,JE-HAP-2026-01-1654
HAP-2026-01-1655,VEND-109,Timber Systems,TIM-2026-01-1655,2026-01-17,2026-02-16,18002.42,USD,HPO-2026-01-1655,PAID,2026-01-31,2026-01,premium support 2026-01,JE-HAP-2026-01-1655
HAP-2026-01-1656,VEND-113,Ginkgo Partners,GIN-2026-01-1656,2026-01-17,2026-02-16,38.5,USD,HPO-2026-01-1656,PAID,2026-01-31,2026-01,warehouse consumables 2026-01,JE-HAP-2026-01-1656
HAP-2026-01-1657,VEND-117,Teak Studio,TEA-2026-01-1657,2026-01-17,2026-02-16,36.11,USD,HPO-2026-01-1657,PAID,2026-01-31,2026-01,security monitoring hosts 2026-01,JE-HAP-2026-01-1657
HAP-2026-01-1658,VEND-121,Harbor Supply,HAR-2026-01-1658,2026-01-17,2026-02-16,75.22,USD,HPO-2026-01-1658,PAID,2026-01-31,2026-01,usage overage block 2026-01,JE-HAP-2026-01-1658
HAP-2026-01-1659,VEND-125,Timber Components,TIM-2026-01-1659,2026-01-17,2026-02-16,12600.33,USD,HPO-2026-01-1659,PAID,2026-01-31,2026-01,premium support 2026-01,JE-HAP-2026-01-1659
HAP-2026-01-1660,VEND-129,Ginkgo Systems,GIN-2026-01-1660,2026-01-17,2026-02-16,346.94,USD,HPO-2026-01-1660,PAID,2026-01-31,2026-01,warehouse consumables 2026-01,JE-HAP-2026-01-1660
HAP-2026-01-1661,VEND-133,Teak Partners,TEA-2026-01-1661,2026-01-17,2026-02-16,132.55,USD,HPO-2026-01-1661,PAID,2026-01-31,2026-01,security monitoring hosts 2026-01,JE-HAP-2026-01-1661
HAP-2026-01-1662,VEND-137,Harbor Studio,HAR-2026-01-1662,2026-01-17,2026-02-16,30.66,USD,HPO-2026-01-1662,PAID,2026-01-31,2026-01,usage overage block 2026-01,JE-HAP-2026-01-1662
HAP-2026-01-1663,VEND-141,Timber Supply,TIM-2026-01-1663,2026-01-17,2026-02-16,7200.77,USD,HPO-2026-01-1663,PAID,2026-01-31,2026-01,premium support 2026-01,JE-HAP-2026-01-1663
HAP-2026-01-1664,VEND-145,Ginkgo Components,GIN-2026-01-1664,2026-01-17,2026-02-16,231.88,USD,HPO-2026-01-1664,PAID,2026-01-31,2026-01,warehouse consumables 2026-01,JE-HAP-2026-01-1664
HAP-2026-01-1665,VEND-149,Teak Systems,TEA-2026-01-1665,2026-01-17,2026-02-16,96.99,USD,HPO-2026-01-1665,PAID,2026-01-31,2026-01,security monitoring hosts 2026-01,JE-HAP-2026-01-1665
HAP-2026-01-1666,VEND-153,Harbor Partners,HAR-2026-01-1666,2026-01-17,2026-02-16,151.1,USD,HPO-2026-01-1666,PAID,2026-01-31,2026-01,usage overage block 2026-01,JE-HAP-2026-01-1666
HAP-2026-01-1667,VEND-157,Timber Studio,TIM-2026-01-1667,2026-01-17,2026-02-16,1801.21,USD,HPO-2026-01-1667,PAID,2026-01-31,2026-01,premium support 2026-01,JE-HAP-2026-01-1667
HAP-2026-01-1668,VEND-161,Ginkgo Supply,GIN-2026-01-1668,2026-01-17,2026-02-16,116.82,USD,HPO-2026-01-1668,PAID,2026-01-31,2026-01,warehouse consumables 2026-01,JE-HAP-2026-01-1668
HAP-2026-01-1669,VEND-165,Teak Components,TEA-2026-01-1669,2026-01-17,2026-02-16,61.43,USD,HPO-2026-01-1669,PAID,2026-01-31,2026-01,security monitoring hosts 2026-01,JE-HAP-2026-01-1669
HAP-2026-01-1670,VEND-169,Harbor Systems,HAR-2026-01-1670,2026-01-17,2026-02-16,106.54,USD,HPO-2026-01-1670,PAID,2026-01-31,2026-01,usage overage block 2026-01,JE-HAP-2026-01-1670
HAP-2026-01-1671,VEND-173,Timber Partners,TIM-2026-01-1671,2026-01-17,2026-02-16,16201.65,USD,HPO-2026-01-1671,PAID,2026-01-31,2026-01,premium support 2026-01,JE-HAP-2026-01-1671
HAP-2026-01-1672,VEND-177,Ginkgo Studio,GIN-2026-01-1672,2026-01-17,2026-02-16,425.26,USD,HPO-2026-01-1672,PAID,2026-01-31,2026-01,warehouse consumables 2026-01,JE-HAP-2026-01-1672
HAP-2026-01-1673,VEND-159,Alder Systems,ALD-2026-01-1673,2026-01-18,2026-02-17,31.87,USD,HPO-2026-01-1673,PAID,2026-01-31,2026-01,usage overage block 2026-01,JE-HAP-2026-01-1673
HAP-2026-01-1674,VEND-163,Northwood Partners,NOR-2026-01-1674,2026-01-18,2026-02-17,7201.98,USD,HPO-2026-01-1674,PAID,2026-01-31,2026-01,premium support 2026-01,JE-HAP-2026-01-1674
HAP-2026-01-1675,VEND-167,Beacon Studio,BEA-2026-01-1675,2026-01-18,2026-02-17,233.09,USD,HPO-2026-01-1675,PAID,2026-01-31,2026-01,warehouse consumables 2026-01,JE-HAP-2026-01-1675
HAP-2026-01-1676,VEND-171,Nimbus Supply,NIM-2026-01-1676,2026-01-18,2026-02-17,98.2,USD,HPO-2026-01-1676,PAID,2026-01-31,2026-01,security monitoring hosts 2026-01,JE-HAP-2026-01-1676
HAP-2026-01-1677,VEND-175,Alder Components,ALD-2026-01-1677,2026-01-18,2026-02-17,152.31,USD,HPO-2026-01-1677,PAID,2026-01-31,2026-01,usage overage block 2026-01,JE-HAP-2026-01-1677
HAP-2026-01-1678,VEND-179,Northwood Systems,NOR-2026-01-1678,2026-01-18,2026-02-17,1802.42,USD,HPO-2026-01-1678,PAID,2026-01-31,2026-01,premium support 2026-01,JE-HAP-2026-01-1678
HAP-2026-01-1679,VEND-183,Beacon Partners,BEA-2026-01-1679,2026-01-18,2026-02-17,115.5,USD,HPO-2026-01-1679,PAID,2026-01-31,2026-01,warehouse consumables 2026-01,JE-HAP-2026-01-1679
HAP-2026-01-1680,VEND-187,Nimbus Studio,NIM-2026-01-1680,2026-01-18,2026-02-17,60.11,USD,HPO-2026-01-1680,PAID,2026-01-31,2026-01,security monitoring hosts 2026-01,JE-HAP-2026-01-1680
HAP-2026-01-1681,VEND-191,Alder Supply,ALD-2026-01-1681,2026-01-18,2026-02-17,105.22,USD,HPO-2026-01-1681,PAID,2026-01-31,2026-01,usage overage block 2026-01,JE-HAP-2026-01-1681
HAP-2026-01-1682,VEND-195,Northwood Components,NOR-2026-01-1682,2026-01-18,2026-02-17,16200.33,USD,HPO-2026-01-1682,PAID,2026-01-31,2026-01,premium support 2026-01,JE-HAP-2026-01-1682
HAP-2026-01-1683,VEND-199,Beacon Systems,BEA-2026-01-1683,2026-01-18,2026-02-17,423.94,USD,HPO-2026-01-1683,PAID,2026-01-31,2026-01,warehouse consumables 2026-01,JE-HAP-2026-01-1683
HAP-2026-01-1684,VEND-203,Nimbus Partners,NIM-2026-01-1684,2026-01-18,2026-02-17,24.55,USD,HPO-2026-01-1684,PAID,2026-01-31,2026-01,security monitoring hosts 2026-01,JE-HAP-2026-01-1684
HAP-2026-01-1685,VEND-207,Alder Studio,ALD-2026-01-1685,2026-01-18,2026-02-17,60.66,USD,HPO-2026-01-1685,PAID,2026-01-31,2026-01,usage overage block 2026-01,JE-HAP-2026-01-1685
HAP-2026-01-1686,VEND-211,Northwood Supply,NOR-2026-01-1686,2026-01-18,2026-02-17,10800.77,USD,HPO-2026-01-1686,PAID,2026-01-31,2026-01,premium support 2026-01,JE-HAP-2026-01-1686
HAP-2026-01-1687,VEND-215,Beacon Components,BEA-2026-01-1687,2026-01-18,2026-02-17,308.88,USD,HPO-2026-01-1687,PAID,2026-01-31,2026-01,warehouse consumables 2026-01,JE-HAP-2026-01-1687
HAP-2026-01-1688,VEND-219,Nimbus Systems,NIM-2026-01-1688,2026-01-18,2026-02-17,120.99,USD,HPO-2026-01-1688,PAID,2026-01-31,2026-01,security monitoring hosts 2026-01,JE-HAP-2026-01-1688
HAP-2026-01-1689,VEND-223,Alder Partners,ALD-2026-01-1689,2026-01-18,2026-02-17,16.1,USD,HPO-2026-01-1689,PAID,2026-01-31,2026-01,usage overage block 2026-01,JE-HAP-2026-01-1689
HAP-2026-01-1690,VEND-227,Northwood Studio,NOR-2026-01-1690,2026-01-18,2026-02-17,5401.21,USD,HPO-2026-01-1690,PAID,2026-01-31,2026-01,premium support 2026-01,JE-HAP-2026-01-1690
HAP-2026-01-1691,VEND-231,Beacon Supply,BEA-2026-01-1691,2026-01-18,2026-02-17,193.82,USD,HPO-2026-01-1691,PAID,2026-01-31,2026-01,warehouse consumables 2026-01,JE-HAP-2026-01-1691
HAP-2026-01-1692,VEND-235,Nimbus Components,NIM-2026-01-1692,2026-01-18,2026-02-17,85.43,USD,HPO-2026-01-1692,PAID,2026-01-31,2026-01,security monitoring hosts 2026-01,JE-HAP-2026-01-1692
HAP-2026-01-1693,VEND-239,Alder Systems,ALD-2026-01-1693,2026-01-18,2026-02-17,136.54,USD,HPO-2026-01-1693,PAID,2026-01-31,2026-01,usage overage block 2026-01,JE-HAP-2026-01-1693
HAP-2026-01-1694,VEND-243,Northwood Partners,NOR-2026-01-1694,2026-01-18,2026-02-17,19801.65,USD,HPO-2026-01-1694,PAID,2026-01-31,2026-01,premium support 2026-01,JE-HAP-2026-01-1694
HAP-2026-01-1695,VEND-225,Ginkgo Components,GIN-2026-01-1695,2026-01-19,2026-02-18,25.76,USD,HPO-2026-01-1695,PAID,2026-01-31,2026-01,security monitoring hosts 2026-01,JE-HAP-2026-01-1695
HAP-2026-01-1696,VEND-229,Teak Systems,TEA-2026-01-1696,2026-01-19,2026-02-18,61.87,USD,HPO-2026-01-1696,PAID,2026-01-31,2026-01,usage overage block 2026-01,JE-HAP-2026-01-1696
HAP-2026-01-1697,VEND-233,Harbor Partners,HAR-2026-01-1697,2026-01-19,2026-02-18,10801.98,USD,HPO-2026-01-1697,PAID,2026-01-31,2026-01,premium support 2026-01,JE-HAP-2026-01-1697
HAP-2026-01-1698,VEND-237,Timber Studio,TIM-2026-01-1698,2026-01-19,2026-02-18,310.09,USD,HPO-2026-01-1698,PAID,2026-01-31,2026-01,warehouse consumables 2026-01,JE-HAP-2026-01-1698
HAP-2026-01-1699,VEND-241,Ginkgo Supply,GIN-2026-01-1699,2026-01-19,2026-02-18,122.2,USD,HPO-2026-01-1699,PAID,2026-01-31,2026-01,security monitoring hosts 2026-01,JE-HAP-2026-01-1699
HAP-2026-01-1700,VEND-245,Teak Components,TEA-2026-01-1700,2026-01-19,2026-02-18,17.31,USD,HPO-2026-01-1700,PAID,2026-01-31,2026-01,usage overage block 2026-01,JE-HAP-2026-01-1700
HAP-2026-01-1701,VEND-249,Harbor Systems,HAR-2026-01-1701,2026-01-19,2026-02-18,5402.42,USD,HPO-2026-01-1701,PAID,2026-01-31,2026-01,premium support 2026-01,JE-HAP-2026-01-1701
HAP-2026-01-1702,VEND-253,Timber Partners,TIM-2026-01-1702,2026-01-19,2026-02-18,192.5,USD,HPO-2026-01-1702,PAID,2026-01-31,2026-01,warehouse consumables 2026-01,JE-HAP-2026-01-1702
HAP-2026-01-1703,VEND-257,Ginkgo Studio,GIN-2026-01-1703,2026-01-19,2026-02-18,84.11,USD,HPO-2026-01-1703,PAID,2026-01-31,2026-01,security monitoring hosts 2026-01,JE-HAP-2026-01-1703
HAP-2026-01-1704,VEND-261,Teak Supply,TEA-2026-01-1704,2026-01-19,2026-02-18,135.22,USD,HPO-2026-01-1704,PAID,2026-01-31,2026-01,usage overage block 2026-01,JE-HAP-2026-01-1704
HAP-2026-01-1705,VEND-265,Harbor Components,HAR-2026-01-1705,2026-01-19,2026-02-18,19800.33,USD,HPO-2026-01-1705,PAID,2026-01-31,2026-01,premium support 2026-01,JE-HAP-2026-01-1705
HAP-2026-01-1706,VEND-269,Timber Systems,TIM-2026-01-1706,2026-01-19,2026-02-18,77.44,USD,HPO-2026-01-1706,PAID,2026-01-31,2026-01,warehouse consumables 2026-01,JE-HAP-2026-01-1706
HAP-2026-01-1707,VEND-273,Ginkgo Partners,GIN-2026-01-1707,2026-01-19,2026-02-18,48.55,USD,HPO-2026-01-1707,PAID,2026-01-31,2026-01,security monitoring hosts 2026-01,JE-HAP-2026-01-1707
HAP-2026-01-1708,VEND-277,Teak Studio,TEA-2026-01-1708,2026-01-19,2026-02-18,90.66,USD,HPO-2026-01-1708,PAID,2026-01-31,2026-01,usage overage block 2026-01,JE-HAP-2026-01-1708
HAP-2026-01-1709,VEND-281,Harbor Supply,HAR-2026-01-1709,2026-01-19,2026-02-18,14400.77,USD,HPO-2026-01-1709,PAID,2026-01-31,2026-01,premium support 2026-01,JE-HAP-2026-01-1709
HAP-2026-01-1710,VEND-285,Timber Components,TIM-2026-01-1710,2026-01-19,2026-02-18,385.88,USD,HPO-2026-01-1710,PAID,2026-01-31,2026-01,warehouse consumables 2026-01,JE-HAP-2026-01-1710
HAP-2026-01-1711,VEND-289,Ginkgo Systems,GIN-2026-01-1711,2026-01-19,2026-02-18,12.99,USD,HPO-2026-01-1711,PAID,2026-01-31,2026-01,security monitoring hosts 2026-01,JE-HAP-2026-01-1711
HAP-2026-01-1712,VEND-293,Teak Partners,TEA-2026-01-1712,2026-01-19,2026-02-18,46.1,USD,HPO-2026-01-1712,PAID,2026-01-31,2026-01,usage overage block 2026-01,JE-HAP-2026-01-1712
HAP-2026-01-1713,VEND-297,Harbor Studio,HAR-2026-01-1713,2026-01-19,2026-02-18,9001.21,USD,HPO-2026-01-1713,PAID,2026-01-31,2026-01,premium support 2026-01,JE-HAP-2026-01-1713
HAP-2026-01-1714,VEND-301,Timber Supply,TIM-2026-01-1714,2026-01-19,2026-02-18,270.82,USD,HPO-2026-01-1714,PAID,2026-01-31,2026-01,warehouse consumables 2026-01,JE-HAP-2026-01-1714
HAP-2026-01-1715,VEND-305,Ginkgo Components,GIN-2026-01-1715,2026-01-19,2026-02-18,109.43,USD,HPO-2026-01-1715,PAID,2026-01-31,2026-01,security monitoring hosts 2026-01,JE-HAP-2026-01-1715
HAP-2026-01-1716,VEND-309,Teak Systems,TEA-2026-01-1716,2026-01-19,2026-02-18,166.54,USD,HPO-2026-01-1716,PAID,2026-01-31,2026-01,usage overage block 2026-01,JE-HAP-2026-01-1716
HAP-2026-01-1717,VEND-291,Northwood Supply,NOR-2026-01-1717,2026-01-20,2026-02-19,78.65,USD,HPO-2026-01-1717,PAID,2026-01-31,2026-01,warehouse consumables 2026-01,JE-HAP-2026-01-1717
HAP-2026-01-1718,VEND-295,Beacon Components,BEA-2026-01-1718,2026-01-20,2026-02-19,49.76,USD,HPO-2026-01-1718,PAID,2026-01-31,2026-01,security monitoring hosts 2026-01,JE-HAP-2026-01-1718
HAP-2026-01-1719,VEND-299,Nimbus Systems,NIM-2026-01-1719,2026-01-20,2026-02-19,91.87,USD,HPO-2026-01-1719,PAID,2026-01-31,2026-01,usage overage block 2026-01,JE-HAP-2026-01-1719
HAP-2026-01-1720,VEND-303,Alder Partners,ALD-2026-01-1720,2026-01-20,2026-02-19,14401.98,USD,HPO-2026-01-1720,PAID,2026-01-31,2026-01,premium support 2026-01,JE-HAP-2026-01-1720
HAP-2026-01-1721,VEND-307,Northwood Studio,NOR-2026-01-1721,2026-01-20,2026-02-19,387.09,USD,HPO-2026-01-1721,PAID,2026-01-31,2026-01,warehouse consumables 2026-01,JE-HAP-2026-01-1721
HAP-2026-01-1722,VEND-311,Beacon Supply,BEA-2026-01-1722,2026-01-20,2026-02-19,14.2,USD,HPO-2026-01-1722,PAID,2026-01-31,2026-01,security monitoring hosts 2026-01,JE-HAP-2026-01-1722
HAP-2026-01-1723,VEND-315,Nimbus Components,NIM-2026-01-1723,2026-01-20,2026-02-19,47.31,USD,HPO-2026-01-1723,PAID,2026-01-31,2026-01,usage overage block 2026-01,JE-HAP-2026-01-1723
HAP-2026-01-1724,VEND-319,Alder Systems,ALD-2026-01-1724,2026-01-20,2026-02-19,9002.42,USD,HPO-2026-01-1724,PAID,2026-01-31,2026-01,premium support 2026-01,JE-HAP-2026-01-1724
HAP-2026-01-1725,VEND-323,Northwood Partners,NOR-2026-01-1725,2026-01-20,2026-02-19,269.5,USD,HPO-2026-01-1725,PAID,2026-01-31,2026-01,warehouse consumables 2026-01,JE-HAP-2026-01-1725
HAP-2026-01-1726,VEND-002,Amazon Web Services,AMA-2026-01-1726,2026-01-20,2026-02-19,108.11,USD,HPO-2026-01-1726,PAID,2026-01-31,2026-01,security monitoring hosts 2026-01,JE-HAP-2026-01-1726
HAP-2026-01-1727,VEND-006,Datadog,DAT-2026-01-1727,2026-01-20,2026-02-19,165.22,USD,HPO-2026-01-1727,PAID,2026-01-31,2026-01,usage overage block 2026-01,JE-HAP-2026-01-1727
HAP-2026-01-1728,VEND-011,Hartford Insurance,HAR-2026-01-1728,2026-01-20,2026-02-19,3600.33,USD,HPO-2026-01-1728,PAID,2026-01-31,2026-01,premium support 2026-01,JE-HAP-2026-01-1728
HAP-2026-01-1729,VEND-015,Harbor Electric,HAR-2026-01-1729,2026-01-20,2026-02-19,154.44,USD,HPO-2026-01-1729,PAID,2026-01-31,2026-01,warehouse consumables 2026-01,JE-HAP-2026-01-1729
HAP-2026-01-1730,VEND-019,Freightline Logistics,FRE-2026-01-1730,2026-01-20,2026-02-19,72.55,USD,HPO-2026-01-1730,PAID,2026-01-31,2026-01,security monitoring hosts 2026-01,JE-HAP-2026-01-1730
HAP-2026-01-1731,VEND-023,Notion Labs,NOT-2026-01-1731,2026-01-20,2026-02-19,120.66,USD,HPO-2026-01-1731,PAID,2026-01-31,2026-01,usage overage block 2026-01,JE-HAP-2026-01-1731
HAP-2026-01-1732,VEND-027,Zoom Video,ZOO-2026-01-1732,2026-01-20,2026-02-19,18000.77,USD,HPO-2026-01-1732,PAID,2026-01-31,2026-01,premium support 2026-01,JE-HAP-2026-01-1732
HAP-2026-01-1733,VEND-031,Helios Hardware Supply,HEL-2026-01-1733,2026-01-20,2026-02-19,39.38,USD,HPO-2026-01-1733,PAID,2026-01-31,2026-01,warehouse consumables 2026-01,JE-HAP-2026-01-1733
HAP-2026-01-1734,VEND-035,ADP,ADP-2026-01-1734,2026-01-20,2026-02-19,36.99,USD,HPO-2026-01-1734,PAID,2026-01-31,2026-01,security monitoring hosts 2026-01,JE-HAP-2026-01-1734
HAP-2026-01-1735,VEND-039,CleanRoom Janitorial,CLE-2026-01-1735,2026-01-20,2026-02-19,76.1,USD,HPO-2026-01-1735,PAID,2026-01-31,2026-01,usage overage block 2026-01,JE-HAP-2026-01-1735
HAP-2026-01-1736,VEND-043,Adyen NV,ADY-2026-01-1736,2026-01-20,2026-02-19,12601.21,USD,HPO-2026-01-1736,PAID,2026-01-31,2026-01,premium support 2026-01,JE-HAP-2026-01-1736
HAP-2026-01-1737,VEND-047,Carta,CAR-2026-01-1737,2026-01-20,2026-02-19,347.82,USD,HPO-2026-01-1737,PAID,2026-01-31,2026-01,warehouse consumables 2026-01,JE-HAP-2026-01-1737
HAP-2026-01-1738,VEND-051,Northwood Supply,NOR-2026-01-1738,2026-01-20,2026-02-19,133.43,USD,HPO-2026-01-1738,PAID,2026-01-31,2026-01,security monitoring hosts 2026-01,JE-HAP-2026-01-1738
HAP-2026-01-1739,VEND-033,Staples Business Advantage,STA-2026-01-1739,2026-01-21,2026-02-20,3601.54,USD,HPO-2026-01-1739,PAID,2026-01-31,2026-01,premium support 2026-01,JE-HAP-2026-01-1739
HAP-2026-01-1740,VEND-037,Comcast Business,COM-2026-01-1740,2026-01-21,2026-02-20,155.65,USD,HPO-2026-01-1740,PAID,2026-01-31,2026-01,warehouse consumables 2026-01,JE-HAP-2026-01-1740
HAP-2026-01-1741,VEND-041,HubSpot,HUB-2026-01-1741,2026-01-21,2026-02-20,73.76,USD,HPO-2026-01-1741,PAID,2026-01-31,2026-01,security monitoring hosts 2026-01,JE-HAP-2026-01-1741
HAP-2026-01-1742,VEND-045,Palo Alto Networks,PAL-2026-01-1742,2026-01-21,2026-02-20,121.87,USD,HPO-2026-01-1742,PAID,2026-01-31,2026-01,usage overage block 2026-01,JE-HAP-2026-01-1742
HAP-2026-01-1743,VEND-049,Vanta,VAN-2026-01-1743,2026-01-21,2026-02-20,18001.98,USD,HPO-2026-01-1743,PAID,2026-01-31,2026-01,premium support 2026-01,JE-HAP-2026-01-1743
HAP-2026-01-1744,VEND-053,Teak Partners,TEA-2026-01-1744,2026-01-21,2026-02-20,40.59,USD,HPO-2026-01-1744,PAID,2026-01-31,2026-01,warehouse consumables 2026-01,JE-HAP-2026-01-1744
HAP-2026-01-1745,VEND-057,Harbor Studio,HAR-2026-01-1745,2026-01-21,2026-02-20,38.2,USD,HPO-2026-01-1745,PAID,2026-01-31,2026-01,security monitoring hosts 2026-01,JE-HAP-2026-01-1745
HAP-2026-01-1746,VEND-061,Timber Supply,TIM-2026-01-1746,2026-01-21,2026-02-20,77.31,USD,HPO-2026-01-1746,PAID,2026-01-31,2026-01,usage overage block 2026-01,JE-HAP-2026-01-1746
HAP-2026-01-1747,VEND-065,Ginkgo Components,GIN-2026-01-1747,2026-01-21,2026-02-20,12602.42,USD,HPO-2026-01-1747,PAID,2026-01-31,2026-01,premium support 2026-01,JE-HAP-2026-01-1747
HAP-2026-01-1748,VEND-069,Teak Systems,TEA-2026-01-1748,2026-01-21,2026-02-20,346.5,USD,HPO-2026-01-1748,PAID,2026-01-31,2026-01,warehouse consumables 2026-01,JE-HAP-2026-01-1748
HAP-2026-01-1749,VEND-073,Harbor Partners,HAR-2026-01-1749,2026-01-21,2026-02-20,132.11,USD,HPO-2026-01-1749,PAID,2026-01-31,2026-01,security monitoring hosts 2026-01,JE-HAP-2026-01-1749
HAP-2026-01-1750,VEND-077,Timber Studio,TIM-2026-01-1750,2026-01-21,2026-02-20,30.22,USD,HPO-2026-01-1750,PAID,2026-01-31,2026-01,usage overage block 2026-01,JE-HAP-2026-01-1750
HAP-2026-01-1751,VEND-081,Ginkgo Supply,GIN-2026-01-1751,2026-01-21,2026-02-20,7200.33,USD,HPO-2026-01-1751,PAID,2026-01-31,2026-01,premium support 2026-01,JE-HAP-2026-01-1751
HAP-2026-01-1752,VEND-085,Teak Components,TEA-2026-01-1752,2026-01-21,2026-02-20,231.44,USD,HPO-2026-01-1752,PAID,2026-01-31,2026-01,warehouse consumables 2026-01,JE-HAP-2026-01-1752
HAP-2026-01-1753,VEND-089,Harbor Systems,HAR-2026-01-1753,2026-01-21,2026-02-20,96.55,USD,HPO-2026-01-1753,PAID,2026-01-31,2026-01,security monitoring hosts 2026-01,JE-HAP-2026-01-1753
HAP-2026-01-1754,VEND-093,Timber Partners,TIM-2026-01-1754,2026-01-21,2026-02-20,150.66,USD,HPO-2026-01-1754,PAID,2026-01-31,2026-01,usage overage block 2026-01,JE-HAP-2026-01-1754
HAP-2026-01-1755,VEND-097,Ginkgo Studio,GIN-2026-01-1755,2026-01-21,2026-02-20,1800.77,USD,HPO-2026-01-1755,PAID,2026-01-31,2026-01,premium support 2026-01,JE-HAP-2026-01-1755
HAP-2026-01-1756,VEND-101,Teak Supply,TEA-2026-01-1756,2026-01-21,2026-02-20,116.38,USD,HPO-2026-01-1756,PAID,2026-01-31,2026-01,warehouse consumables 2026-01,JE-HAP-2026-01-1756
HAP-2026-01-1757,VEND-105,Harbor Components,HAR-2026-01-1757,2026-01-21,2026-02-20,60.99,USD,HPO-2026-01-1757,PAID,2026-01-31,2026-01,security monitoring hosts 2026-01,JE-HAP-2026-01-1757
HAP-2026-01-1758,VEND-109,Timber Systems,TIM-2026-01-1758,2026-01-21,2026-02-20,106.1,USD,HPO-2026-01-1758,PAID,2026-01-31,2026-01,usage overage block 2026-01,JE-HAP-2026-01-1758
HAP-2026-01-1759,VEND-113,Ginkgo Partners,GIN-2026-01-1759,2026-01-21,2026-02-20,16201.21,USD,HPO-2026-01-1759,PAID,2026-01-31,2026-01,premium support 2026-01,JE-HAP-2026-01-1759
HAP-2026-01-1760,VEND-117,Teak Studio,TEA-2026-01-1760,2026-01-21,2026-02-20,424.82,USD,HPO-2026-01-1760,PAID,2026-01-31,2026-01,warehouse consumables 2026-01,JE-HAP-2026-01-1760
HAP-2026-02-1761,VEND-099,Northwood Systems,NOR-2026-02-1761,2026-02-02,2026-03-04,31.43,USD,HPO-2026-02-1761,PAID,2026-02-20,2026-02,usage overage block 2026-02,JE-HAP-2026-02-1761
HAP-2026-02-1762,VEND-103,Beacon Partners,BEA-2026-02-1762,2026-02-02,2026-03-04,7201.54,USD,HPO-2026-02-1762,PAID,2026-02-20,2026-02,premium support 2026-02,JE-HAP-2026-02-1762
HAP-2026-02-1763,VEND-107,Nimbus Studio,NIM-2026-02-1763,2026-02-02,2026-03-04,232.65,USD,HPO-2026-02-1763,PAID,2026-02-20,2026-02,warehouse consumables 2026-02,JE-HAP-2026-02-1763
HAP-2026-02-1764,VEND-111,Alder Supply,ALD-2026-02-1764,2026-02-02,2026-03-04,97.76,USD,HPO-2026-02-1764,PAID,2026-02-20,2026-02,security monitoring hosts 2026-02,JE-HAP-2026-02-1764
HAP-2026-02-1765,VEND-115,Northwood Components,NOR-2026-02-1765,2026-02-02,2026-03-04,151.87,USD,HPO-2026-02-1765,PAID,2026-02-20,2026-02,usage overage block 2026-02,JE-HAP-2026-02-1765
HAP-2026-02-1766,VEND-119,Beacon Systems,BEA-2026-02-1766,2026-02-02,2026-03-04,1801.98,USD,HPO-2026-02-1766,PAID,2026-02-20,2026-02,premium support 2026-02,JE-HAP-2026-02-1766
HAP-2026-02-1767,VEND-123,Nimbus Partners,NIM-2026-02-1767,2026-02-02,2026-03-04,117.59,USD,HPO-2026-02-1767,PAID,2026-02-20,2026-02,warehouse consumables 2026-02,JE-HAP-2026-02-1767
HAP-2026-02-1768,VEND-127,Alder Studio,ALD-2026-02-1768,2026-02-02,2026-03-04,62.2,USD,HPO-2026-02-1768,PAID,2026-02-20,2026-02,security monitoring hosts 2026-02,JE-HAP-2026-02-1768
HAP-2026-02-1769,VEND-131,Northwood Supply,NOR-2026-02-1769,2026-02-02,2026-03-04,107.31,USD,HPO-2026-02-1769,PAID,2026-02-20,2026-02,usage overage block 2026-02,JE-HAP-2026-02-1769
HAP-2026-02-1770,VEND-135,Beacon Components,BEA-2026-02-1770,2026-02-02,2026-03-04,16202.42,USD,HPO-2026-02-1770,PAID,2026-02-20,2026-02,premium support 2026-02,JE-HAP-2026-02-1770
HAP-2026-02-1771,VEND-139,Nimbus Systems,NIM-2026-02-1771,2026-02-02,2026-03-04,423.5,USD,HPO-2026-02-1771,PAID,2026-02-20,2026-02,warehouse consumables 2026-02,JE-HAP-2026-02-1771
HAP-2026-02-1772,VEND-143,Alder Partners,ALD-2026-02-1772,2026-02-02,2026-03-04,24.11,USD,HPO-2026-02-1772,PAID,2026-02-20,2026-02,security monitoring hosts 2026-02,JE-HAP-2026-02-1772
HAP-2026-02-1773,VEND-147,Northwood Studio,NOR-2026-02-1773,2026-02-02,2026-03-04,60.22,USD,HPO-2026-02-1773,PAID,2026-02-20,2026-02,usage overage block 2026-02,JE-HAP-2026-02-1773
HAP-2026-02-1774,VEND-151,Beacon Supply,BEA-2026-02-1774,2026-02-02,2026-03-04,10800.33,USD,HPO-2026-02-1774,PAID,2026-02-20,2026-02,premium support 2026-02,JE-HAP-2026-02-1774
HAP-2026-02-1775,VEND-155,Nimbus Components,NIM-2026-02-1775,2026-02-02,2026-03-04,308.44,USD,HPO-2026-02-1775,PAID,2026-02-20,2026-02,warehouse consumables 2026-02,JE-HAP-2026-02-1775
HAP-2026-02-1776,VEND-159,Alder Systems,ALD-2026-02-1776,2026-02-02,2026-03-04,120.55,USD,HPO-2026-02-1776,PAID,2026-02-20,2026-02,security monitoring hosts 2026-02,JE-HAP-2026-02-1776
HAP-2026-02-1777,VEND-163,Northwood Partners,NOR-2026-02-1777,2026-02-02,2026-03-04,15.66,USD,HPO-2026-02-1777,PAID,2026-02-20,2026-02,usage overage block 2026-02,JE-HAP-2026-02-1777
HAP-2026-02-1778,VEND-167,Beacon Studio,BEA-2026-02-1778,2026-02-02,2026-03-04,5400.77,USD,HPO-2026-02-1778,PAID,2026-02-20,2026-02,premium support 2026-02,JE-HAP-2026-02-1778
HAP-2026-02-1779,VEND-171,Nimbus Supply,NIM-2026-02-1779,2026-02-02,2026-03-04,193.38,USD,HPO-2026-02-1779,PAID,2026-02-20,2026-02,warehouse consumables 2026-02,JE-HAP-2026-02-1779
HAP-2026-02-1780,VEND-175,Alder Components,ALD-2026-02-1780,2026-02-02,2026-03-04,84.99,USD,HPO-2026-02-1780,PAID,2026-02-20,2026-02,security monitoring hosts 2026-02,JE-HAP-2026-02-1780
HAP-2026-02-1781,VEND-179,Northwood Systems,NOR-2026-02-1781,2026-02-02,2026-03-04,136.1,USD,HPO-2026-02-1781,PAID,2026-02-20,2026-02,usage overage block 2026-02,JE-HAP-2026-02-1781
HAP-2026-02-1782,VEND-183,Beacon Partners,BEA-2026-02-1782,2026-02-02,2026-03-04,19801.21,USD,HPO-2026-02-1782,PAID,2026-02-20,2026-02,premium support 2026-02,JE-HAP-2026-02-1782
HAP-2026-02-1783,VEND-165,Teak Components,TEA-2026-02-1783,2026-02-03,2026-03-05,25.32,USD,HPO-2026-02-1783,PAID,2026-02-21,2026-02,security monitoring hosts 2026-02,JE-HAP-2026-02-1783
HAP-2026-02-1784,VEND-169,Harbor Systems,HAR-2026-02-1784,2026-02-03,2026-03-05,61.43,USD,HPO-2026-02-1784,PAID,2026-02-21,2026-02,usage overage block 2026-02,JE-HAP-2026-02-1784
HAP-2026-02-1785,VEND-173,Timber Partners,TIM-2026-02-1785,2026-02-03,2026-03-05,10801.54,USD,HPO-2026-02-1785,PAID,2026-02-21,2026-02,premium support 2026-02,JE-HAP-2026-02-1785
HAP-2026-02-1786,VEND-177,Ginkgo Studio,GIN-2026-02-1786,2026-02-03,2026-03-05,309.65,USD,HPO-2026-02-1786,PAID,2026-02-21,2026-02,warehouse consumables 2026-02,JE-HAP-2026-02-1786
HAP-2026-02-1787,VEND-181,Teak Supply,TEA-2026-02-1787,2026-02-03,2026-03-05,121.76,USD,HPO-2026-02-1787,PAID,2026-02-21,2026-02,security monitoring hosts 2026-02,JE-HAP-2026-02-1787
HAP-2026-02-1788,VEND-185,Harbor Components,HAR-2026-02-1788,2026-02-03,2026-03-05,16.87,USD,HPO-2026-02-1788,PAID,2026-02-21,2026-02,usage overage block 2026-02,JE-HAP-2026-02-1788
HAP-2026-02-1789,VEND-189,Timber Systems,TIM-2026-02-1789,2026-02-03,2026-03-05,5401.98,USD,HPO-2026-02-1789,PAID,2026-02-21,2026-02,premium support 2026-02,JE-HAP-2026-02-1789
HAP-2026-02-1790,VEND-193,Ginkgo Partners,GIN-2026-02-1790,2026-02-03,2026-03-05,194.59,USD,HPO-2026-02-1790,PAID,2026-02-21,2026-02,warehouse consumables 2026-02,JE-HAP-2026-02-1790
HAP-2026-02-1791,VEND-197,Teak Studio,TEA-2026-02-1791,2026-02-03,2026-03-05,86.2,USD,HPO-2026-02-1791,PAID,2026-02-21,2026-02,security monitoring hosts 2026-02,JE-HAP-2026-02-1791
HAP-2026-02-1792,VEND-201,Harbor Supply,HAR-2026-02-1792,2026-02-03,2026-03-05,137.31,USD,HPO-2026-02-1792,PAID,2026-02-21,2026-02,usage overage block 2026-02,JE-HAP-2026-02-1792
HAP-2026-02-1793,VEND-205,Timber Components,TIM-2026-02-1793,2026-02-03,2026-03-05,19802.42,USD,HPO-2026-02-1793,PAID,2026-02-21,2026-02,premium support 2026-02,JE-HAP-2026-02-1793
HAP-2026-02-1794,VEND-209,Ginkgo Systems,GIN-2026-02-1794,2026-02-03,2026-03-05,77.0,USD,HPO-2026-02-1794,PAID,2026-02-21,2026-02,warehouse consumables 2026-02,JE-HAP-2026-02-1794
HAP-2026-02-1795,VEND-213,Teak Partners,TEA-2026-02-1795,2026-02-03,2026-03-05,48.11,USD,HPO-2026-02-1795,PAID,2026-02-21,2026-02,security monitoring hosts 2026-02,JE-HAP-2026-02-1795
HAP-2026-02-1796,VEND-217,Harbor Studio,HAR-2026-02-1796,2026-02-03,2026-03-05,90.22,USD,HPO-2026-02-1796,PAID,2026-02-21,2026-02,usage overage block 2026-02,JE-HAP-2026-02-1796
HAP-2026-02-1797,VEND-221,Timber Supply,TIM-2026-02-1797,2026-02-03,2026-03-05,14400.33,USD,HPO-2026-02-1797,PAID,2026-02-21,2026-02,premium support 2026-02,JE-HAP-2026-02-1797
HAP-2026-02-1798,VEND-225,Ginkgo Components,GIN-2026-02-1798,2026-02-03,2026-03-05,385.44,USD,HPO-2026-02-1798,PAID,2026-02-21,2026-02,warehouse consumables 2026-02,JE-HAP-2026-02-1798
HAP-2026-02-1799,VEND-229,Teak Systems,TEA-2026-02-1799,2026-02-03,2026-03-05,12.55,USD,HPO-2026-02-1799,PAID,2026-02-21,2026-02,security monitoring hosts 2026-02,JE-HAP-2026-02-1799
HAP-2026-02-1800,VEND-233,Harbor Partners,HAR-2026-02-1800,2026-02-03,2026-03-05,45.66,USD,HPO-2026-02-1800,PAID,2026-02-21,2026-02,usage overage block 2026-02,JE-HAP-2026-02-1800
HAP-2026-02-1801,VEND-237,Timber Studio,TIM-2026-02-1801,2026-02-03,2026-03-05,9000.77,USD,HPO-2026-02-1801,PAID,2026-02-21,2026-02,premium support 2026-02,JE-HAP-2026-02-1801
HAP-2026-02-1802,VEND-241,Ginkgo Supply,GIN-2026-02-1802,2026-02-03,2026-03-05,270.38,USD,HPO-2026-02-1802,PAID,2026-02-21,2026-02,warehouse consumables 2026-02,JE-HAP-2026-02-1802
HAP-2026-02-1803,VEND-245,Teak Components,TEA-2026-02-1803,2026-02-03,2026-03-05,108.99,USD,HPO-2026-02-1803,PAID,2026-02-21,2026-02,security monitoring hosts 2026-02,JE-HAP-2026-02-1803
HAP-2026-02-1804,VEND-249,Harbor Systems,HAR-2026-02-1804,2026-02-03,2026-03-05,166.1,USD,HPO-2026-02-1804,PAID,2026-02-21,2026-02,usage overage block 2026-02,JE-HAP-2026-02-1804
HAP-2026-02-1805,VEND-231,Beacon Supply,BEA-2026-02-1805,2026-02-04,2026-03-06,78.21,USD,HPO-2026-02-1805,PAID,2026-02-22,2026-02,warehouse consumables 2026-02,JE-HAP-2026-02-1805
HAP-2026-02-1806,VEND-235,Nimbus Components,NIM-2026-02-1806,2026-02-04,2026-03-06,49.32,USD,HPO-2026-02-1806,PAID,2026-02-22,2026-02,security monitoring hosts 2026-02,JE-HAP-2026-02-1806
HAP-2026-02-1807,VEND-239,Alder Systems,ALD-2026-02-1807,2026-02-04,2026-03-06,91.43,USD,HPO-2026-02-1807,PAID,2026-02-22,2026-02,usage overage block 2026-02,JE-HAP-2026-02-1807
HAP-2026-02-1808,VEND-243,Northwood Partners,NOR-2026-02-1808,2026-02-04,2026-03-06,14401.54,USD,HPO-2026-02-1808,PAID,2026-02-22,2026-02,premium support 2026-02,JE-HAP-2026-02-1808
HAP-2026-02-1809,VEND-247,Beacon Studio,BEA-2026-02-1809,2026-02-04,2026-03-06,386.65,USD,HPO-2026-02-1809,PAID,2026-02-22,2026-02,warehouse consumables 2026-02,JE-HAP-2026-02-1809
HAP-2026-02-1810,VEND-251,Nimbus Supply,NIM-2026-02-1810,2026-02-04,2026-03-06,13.76,USD,HPO-2026-02-1810,PAID,2026-02-22,2026-02,security monitoring hosts 2026-02,JE-HAP-2026-02-1810
HAP-2026-02-1811,VEND-255,Alder Components,ALD-2026-02-1811,2026-02-04,2026-03-06,46.87,USD,HPO-2026-02-1811,PAID,2026-02-22,2026-02,usage overage block 2026-02,JE-HAP-2026-02-1811
HAP-2026-02-1812,VEND-259,Northwood Systems,NOR-2026-02-1812,2026-02-04,2026-03-06,9001.98,USD,HPO-2026-02-1812,PAID,2026-02-22,2026-02,premium support 2026-02,JE-HAP-2026-02-1812
HAP-2026-02-1813,VEND-263,Beacon Partners,BEA-2026-02-1813,2026-02-04,2026-03-06,271.59,USD,HPO-2026-02-1813,PAID,2026-02-22,2026-02,warehouse consumables 2026-02,JE-HAP-2026-02-1813
HAP-2026-02-1814,VEND-267,Nimbus Studio,NIM-2026-02-1814,2026-02-04,2026-03-06,110.2,USD,HPO-2026-02-1814,PAID,2026-02-22,2026-02,security monitoring hosts 2026-02,JE-HAP-2026-02-1814
HAP-2026-02-1815,VEND-271,Alder Supply,ALD-2026-02-1815,2026-02-04,2026-03-06,167.31,USD,HPO-2026-02-1815,PAID,2026-02-22,2026-02,usage overage block 2026-02,JE-HAP-2026-02-1815
HAP-2026-02-1816,VEND-275,Northwood Components,NOR-2026-02-1816,2026-02-04,2026-03-06,3602.42,USD,HPO-2026-02-1816,PAID,2026-02-22,2026-02,premium support 2026-02,JE-HAP-2026-02-1816
HAP-2026-02-1817,VEND-279,Beacon Systems,BEA-2026-02-1817,2026-02-04,2026-03-06,154.0,USD,HPO-2026-02-1817,PAID,2026-02-22,2026-02,warehouse consumables 2026-02,JE-HAP-2026-02-1817
HAP-2026-02-1818,VEND-283,Nimbus Partners,NIM-2026-02-1818,2026-02-04,2026-03-06,72.11,USD,HPO-2026-02-1818,PAID,2026-02-22,2026-02,security monitoring hosts 2026-02,JE-HAP-2026-02-1818
HAP-2026-02-1819,VEND-287,Alder Studio,ALD-2026-02-1819,2026-02-04,2026-03-06,120.22,USD,HPO-2026-02-1819,PAID,2026-02-22,2026-02,usage overage block 2026-02,JE-HAP-2026-02-1819
HAP-2026-02-1820,VEND-291,Northwood Supply,NOR-2026-02-1820,2026-02-04,2026-03-06,18000.33,USD,HPO-2026-02-1820,PAID,2026-02-22,2026-02,premium support 2026-02,JE-HAP-2026-02-1820
HAP-2026-02-1821,VEND-295,Beacon Components,BEA-2026-02-1821,2026-02-04,2026-03-06,38.94,USD,HPO-2026-02-1821,PAID,2026-02-22,2026-02,warehouse consumables 2026-02,JE-HAP-2026-02-1821
HAP-2026-02-1822,VEND-299,Nimbus Systems,NIM-2026-02-1822,2026-02-04,2026-03-06,36.55,USD,HPO-2026-02-1822,PAID,2026-02-22,2026-02,security monitoring hosts 2026-02,JE-HAP-2026-02-1822
HAP-2026-02-1823,VEND-303,Alder Partners,ALD-2026-02-1823,2026-02-04,2026-03-06,75.66,USD,HPO-2026-02-1823,PAID,2026-02-22,2026-02,usage overage block 2026-02,JE-HAP-2026-02-1823
HAP-2026-02-1824,VEND-307,Northwood Studio,NOR-2026-02-1824,2026-02-04,2026-03-06,12600.77,USD,HPO-2026-02-1824,PAID,2026-02-22,2026-02,premium support 2026-02,JE-HAP-2026-02-1824
HAP-2026-02-1825,VEND-311,Beacon Supply,BEA-2026-02-1825,2026-02-04,2026-03-06,347.38,USD,HPO-2026-02-1825,PAID,2026-02-22,2026-02,warehouse consumables 2026-02,JE-HAP-2026-02-1825
HAP-2026-02-1826,VEND-315,Nimbus Components,NIM-2026-02-1826,2026-02-04,2026-03-06,132.99,USD,HPO-2026-02-1826,PAID,2026-02-22,2026-02,security monitoring hosts 2026-02,JE-HAP-2026-02-1826
HAP-2026-02-1827,VEND-297,Harbor Studio,HAR-2026-02-1827,2026-02-05,2026-03-07,3601.1,USD,HPO-2026-02-1827,PAID,2026-02-23,2026-02,premium support 2026-02,JE-HAP-2026-02-1827
HAP-2026-02-1828,VEND-301,Timber Supply,TIM-2026-02-1828,2026-02-05,2026-03-07,155.21,USD,HPO-2026-02-1828,PAID,2026-02-23,2026-02,warehouse consumables 2026-02,JE-HAP-2026-02-1828
HAP-2026-02-1829,VEND-305,Ginkgo Components,GIN-2026-02-1829,2026-02-05,2026-03-07,73.32,USD,HPO-2026-02-1829,PAID,2026-02-23,2026-02,security monitoring hosts 2026-02,JE-HAP-2026-02-1829
HAP-2026-02-1830,VEND-309,Teak Systems,TEA-2026-02-1830,2026-02-05,2026-03-07,121.43,USD,HPO-2026-02-1830,PAID,2026-02-23,2026-02,usage overage block 2026-02,JE-HAP-2026-02-1830
HAP-2026-02-1831,VEND-313,Harbor Partners,HAR-2026-02-1831,2026-02-05,2026-03-07,18001.54,USD,HPO-2026-02-1831,PAID,2026-02-23,2026-02,premium support 2026-02,JE-HAP-2026-02-1831
HAP-2026-02-1832,VEND-317,Timber Studio,TIM-2026-02-1832,2026-02-05,2026-03-07,40.15,USD,HPO-2026-02-1832,PAID,2026-02-23,2026-02,warehouse consumables 2026-02,JE-HAP-2026-02-1832
HAP-2026-02-1833,VEND-321,Ginkgo Supply,GIN-2026-02-1833,2026-02-05,2026-03-07,37.76,USD,HPO-2026-02-1833,PAID,2026-02-23,2026-02,security monitoring hosts 2026-02,JE-HAP-2026-02-1833
HAP-2026-02-1834,VEND-001-DUP,Acme Supplies LLC,ACM-2026-02-1834,2026-02-05,2026-03-07,76.87,USD,HPO-2026-02-1834,PAID,2026-02-23,2026-02,usage overage block 2026-02,JE-HAP-2026-02-1834
HAP-2026-02-1835,VEND-004,Office Depot,OFF-2026-02-1835,2026-02-05,2026-03-07,12601.98,USD,HPO-2026-02-1835,PAID,2026-02-23,2026-02,premium support 2026-02,JE-HAP-2026-02-1835
HAP-2026-02-1836,VEND-008,Figma,FIG-2026-02-1836,2026-02-05,2026-03-07,348.59,USD,HPO-2026-02-1836,PAID,2026-02-23,2026-02,warehouse consumables 2026-02,JE-HAP-2026-02-1836
HAP-2026-02-1837,VEND-013,Cambridge Properties,CAM-2026-02-1837,2026-02-05,2026-03-07,134.2,USD,HPO-2026-02-1837,PAID,2026-02-23,2026-02,security monitoring hosts 2026-02,JE-HAP-2026-02-1837
HAP-2026-02-1838,VEND-017,GitHub,GIT-2026-02-1838,2026-02-05,2026-03-07,32.31,USD,HPO-2026-02-1838,PAID,2026-02-23,2026-02,usage overage block 2026-02,JE-HAP-2026-02-1838
HAP-2026-02-1839,VEND-021,Misc Supplies,MIS-2026-02-1839,2026-02-05,2026-03-07,7202.42,USD,HPO-2026-02-1839,PAID,2026-02-23,2026-02,premium support 2026-02,JE-HAP-2026-02-1839
HAP-2026-02-1840,VEND-025,Okta,OKT-2026-02-1840,2026-02-05,2026-03-07,231.0,USD,HPO-2026-02-1840,PAID,2026-02-23,2026-02,warehouse consumables 2026-02,JE-HAP-2026-02-1840
HAP-2026-02-1841,VEND-029,Cloudflare,CLO-2026-02-1841,2026-02-05,2026-03-07,96.11,USD,HPO-2026-02-1841,PAID,2026-02-23,2026-02,security monitoring hosts 2026-02,JE-HAP-2026-02-1841
HAP-2026-02-1842,VEND-033,Staples Business Advantage,STA-2026-02-1842,2026-02-05,2026-03-07,150.22,USD,HPO-2026-02-1842,PAID,2026-02-23,2026-02,usage overage block 2026-02,JE-HAP-2026-02-1842
HAP-2026-02-1843,VEND-037,Comcast Business,COM-2026-02-1843,2026-02-05,2026-03-07,1800.33,USD,HPO-2026-02-1843,PAID,2026-02-23,2026-02,premium support 2026-02,JE-HAP-2026-02-1843
HAP-2026-02-1844,VEND-041,HubSpot,HUB-2026-02-1844,2026-02-05,2026-03-07,115.94,USD,HPO-2026-02-1844,PAID,2026-02-23,2026-02,warehouse consumables 2026-02,JE-HAP-2026-02-1844
HAP-2026-02-1845,VEND-045,Palo Alto Networks,PAL-2026-02-1845,2026-02-05,2026-03-07,60.55,USD,HPO-2026-02-1845,PAID,2026-02-23,2026-02,security monitoring hosts 2026-02,JE-HAP-2026-02-1845
HAP-2026-02-1846,VEND-049,Vanta,VAN-2026-02-1846,2026-02-05,2026-03-07,105.66,USD,HPO-2026-02-1846,PAID,2026-02-23,2026-02,usage overage block 2026-02,JE-HAP-2026-02-1846
HAP-2026-02-1847,VEND-053,Teak Partners,TEA-2026-02-1847,2026-02-05,2026-03-07,16200.77,USD,HPO-2026-02-1847,PAID,2026-02-23,2026-02,premium support 2026-02,JE-HAP-2026-02-1847
HAP-2026-02-1848,VEND-057,Harbor Studio,HAR-2026-02-1848,2026-02-05,2026-03-07,424.38,USD,HPO-2026-02-1848,PAID,2026-02-23,2026-02,warehouse consumables 2026-02,JE-HAP-2026-02-1848
HAP-2026-02-1849,VEND-039,CleanRoom Janitorial,CLE-2026-02-1849,2026-02-06,2026-03-08,30.99,USD,HPO-2026-02-1849,PAID,2026-02-24,2026-02,usage overage block 2026-02,JE-HAP-2026-02-1849
HAP-2026-02-1850,VEND-043,Adyen NV,ADY-2026-02-1850,2026-02-06,2026-03-08,7201.1,USD,HPO-2026-02-1850,PAID,2026-02-24,2026-02,premium support 2026-02,JE-HAP-2026-02-1850
HAP-2026-02-1851,VEND-047,Carta,CAR-2026-02-1851,2026-02-06,2026-03-08,232.21,USD,HPO-2026-02-1851,PAID,2026-02-24,2026-02,warehouse consumables 2026-02,JE-HAP-2026-02-1851
HAP-2026-02-1852,VEND-051,Northwood Supply,NOR-2026-02-1852,2026-02-06,2026-03-08,97.32,USD,HPO-2026-02-1852,PAID,2026-02-24,2026-02,security monitoring hosts 2026-02,JE-HAP-2026-02-1852
HAP-2026-02-1853,VEND-055,Beacon Components,BEA-2026-02-1853,2026-02-06,2026-03-08,151.43,USD,HPO-2026-02-1853,PAID,2026-02-24,2026-02,usage overage block 2026-02,JE-HAP-2026-02-1853
HAP-2026-02-1854,VEND-059,Nimbus Systems,NIM-2026-02-1854,2026-02-06,2026-03-08,1801.54,USD,HPO-2026-02-1854,PAID,2026-02-24,2026-02,premium support 2026-02,JE-HAP-2026-02-1854
HAP-2026-02-1855,VEND-063,Alder Partners,ALD-2026-02-1855,2026-02-06,2026-03-08,117.15,USD,HPO-2026-02-1855,PAID,2026-02-24,2026-02,warehouse consumables 2026-02,JE-HAP-2026-02-1855
HAP-2026-02-1856,VEND-067,Northwood Studio,NOR-2026-02-1856,2026-02-06,2026-03-08,61.76,USD,HPO-2026-02-1856,PAID,2026-02-24,2026-02,security monitoring hosts 2026-02,JE-HAP-2026-02-1856
HAP-2026-02-1857,VEND-071,Beacon Supply,BEA-2026-02-1857,2026-02-06,2026-03-08,106.87,USD,HPO-2026-02-1857,PAID,2026-02-24,2026-02,usage overage block 2026-02,JE-HAP-2026-02-1857
HAP-2026-02-1858,VEND-075,Nimbus Components,NIM-2026-02-1858,2026-02-06,2026-03-08,16201.98,USD,HPO-2026-02-1858,PAID,2026-02-24,2026-02,premium support 2026-02,JE-HAP-2026-02-1858
HAP-2026-02-1859,VEND-079,Alder Systems,ALD-2026-02-1859,2026-02-06,2026-03-08,425.59,USD,HPO-2026-02-1859,PAID,2026-02-24,2026-02,warehouse consumables 2026-02,JE-HAP-2026-02-1859
HAP-2026-02-1860,VEND-083,Northwood Partners,NOR-2026-02-1860,2026-02-06,2026-03-08,26.2,USD,HPO-2026-02-1860,PAID,2026-02-24,2026-02,security monitoring hosts 2026-02,JE-HAP-2026-02-1860
HAP-2026-02-1861,VEND-087,Beacon Studio,BEA-2026-02-1861,2026-02-06,2026-03-08,62.31,USD,HPO-2026-02-1861,PAID,2026-02-24,2026-02,usage overage block 2026-02,JE-HAP-2026-02-1861
HAP-2026-02-1862,VEND-091,Nimbus Supply,NIM-2026-02-1862,2026-02-06,2026-03-08,10802.42,USD,HPO-2026-02-1862,PAID,2026-02-24,2026-02,premium support 2026-02,JE-HAP-2026-02-1862
HAP-2026-02-1863,VEND-095,Alder Components,ALD-2026-02-1863,2026-02-06,2026-03-08,308.0,USD,HPO-2026-02-1863,PAID,2026-02-24,2026-02,warehouse consumables 2026-02,JE-HAP-2026-02-1863
HAP-2026-02-1864,VEND-099,Northwood Systems,NOR-2026-02-1864,2026-02-06,2026-03-08,120.11,USD,HPO-2026-02-1864,PAID,2026-02-24,2026-02,security monitoring hosts 2026-02,JE-HAP-2026-02-1864
HAP-2026-02-1865,VEND-103,Beacon Partners,BEA-2026-02-1865,2026-02-06,2026-03-08,15.22,USD,HPO-2026-02-1865,PAID,2026-02-24,2026-02,usage overage block 2026-02,JE-HAP-2026-02-1865
HAP-2026-02-1866,VEND-107,Nimbus Studio,NIM-2026-02-1866,2026-02-06,2026-03-08,5400.33,USD,HPO-2026-02-1866,PAID,2026-02-24,2026-02,premium support 2026-02,JE-HAP-2026-02-1866
HAP-2026-02-1867,VEND-111,Alder Supply,ALD-2026-02-1867,2026-02-06,2026-03-08,192.94,USD,HPO-2026-02-1867,PAID,2026-02-24,2026-02,warehouse consumables 2026-02,JE-HAP-2026-02-1867
HAP-2026-02-1868,VEND-115,Northwood Components,NOR-2026-02-1868,2026-02-06,2026-03-08,84.55,USD,HPO-2026-02-1868,PAID,2026-02-24,2026-02,security monitoring hosts 2026-02,JE-HAP-2026-02-1868
HAP-2026-02-1869,VEND-119,Beacon Systems,BEA-2026-02-1869,2026-02-06,2026-03-08,135.66,USD,HPO-2026-02-1869,PAID,2026-02-24,2026-02,usage overage block 2026-02,JE-HAP-2026-02-1869
HAP-2026-02-1870,VEND-123,Nimbus Partners,NIM-2026-02-1870,2026-02-06,2026-03-08,19800.77,USD,HPO-2026-02-1870,PAID,2026-02-24,2026-02,premium support 2026-02,JE-HAP-2026-02-1870
HAP-2026-02-1871,VEND-105,Harbor Components,HAR-2026-02-1871,2026-02-07,2026-03-09,24.88,USD,HPO-2026-02-1871,PAID,2026-02-25,2026-02,security monitoring hosts 2026-02,JE-HAP-2026-02-1871
HAP-2026-02-1872,VEND-109,Timber Systems,TIM-2026-02-1872,2026-02-07,2026-03-09,60.99,USD,HPO-2026-02-1872,PAID,2026-02-25,2026-02,usage overage block 2026-02,JE-HAP-2026-02-1872
HAP-2026-02-1873,VEND-113,Ginkgo Partners,GIN-2026-02-1873,2026-02-07,2026-03-09,10801.1,USD,HPO-2026-02-1873,PAID,2026-02-25,2026-02,premium support 2026-02,JE-HAP-2026-02-1873
HAP-2026-02-1874,VEND-117,Teak Studio,TEA-2026-02-1874,2026-02-07,2026-03-09,309.21,USD,HPO-2026-02-1874,PAID,2026-02-25,2026-02,warehouse consumables 2026-02,JE-HAP-2026-02-1874
HAP-2026-02-1875,VEND-121,Harbor Supply,HAR-2026-02-1875,2026-02-07,2026-03-09,121.32,USD,HPO-2026-02-1875,PAID,2026-02-25,2026-02,security monitoring hosts 2026-02,JE-HAP-2026-02-1875
HAP-2026-02-1876,VEND-125,Timber Components,TIM-2026-02-1876,2026-02-07,2026-03-09,16.43,USD,HPO-2026-02-1876,PAID,2026-02-25,2026-02,usage overage block 2026-02,JE-HAP-2026-02-1876
HAP-2026-02-1877,VEND-129,Ginkgo Systems,GIN-2026-02-1877,2026-02-07,2026-03-09,5401.54,USD,HPO-2026-02-1877,PAID,2026-02-25,2026-02,premium support 2026-02,JE-HAP-2026-02-1877
HAP-2026-02-1878,VEND-133,Teak Partners,TEA-2026-02-1878,2026-02-07,2026-03-09,194.15,USD,HPO-2026-02-1878,PAID,2026-02-25,2026-02,warehouse consumables 2026-02,JE-HAP-2026-02-1878
HAP-2026-02-1879,VEND-137,Harbor Studio,HAR-2026-02-1879,2026-02-07,2026-03-09,85.76,USD,HPO-2026-02-1879,PAID,2026-02-25,2026-02,security monitoring hosts 2026-02,JE-HAP-2026-02-1879
HAP-2026-02-1880,VEND-141,Timber Supply,TIM-2026-02-1880,2026-02-07,2026-03-09,136.87,USD,HPO-2026-02-1880,PAID,2026-02-25,2026-02,usage overage block 2026-02,JE-HAP-2026-02-1880
HAP-2026-02-1881,VEND-145,Ginkgo Components,GIN-2026-02-1881,2026-02-07,2026-03-09,19801.98,USD,HPO-2026-02-1881,PAID,2026-02-25,2026-02,premium support 2026-02,JE-HAP-2026-02-1881
HAP-2026-02-1882,VEND-149,Teak Systems,TEA-2026-02-1882,2026-02-07,2026-03-09,79.09,USD,HPO-2026-02-1882,PAID,2026-02-25,2026-02,warehouse consumables 2026-02,JE-HAP-2026-02-1882
HAP-2026-02-1883,VEND-153,Harbor Partners,HAR-2026-02-1883,2026-02-07,2026-03-09,50.2,USD,HPO-2026-02-1883,PAID,2026-02-25,2026-02,security monitoring hosts 2026-02,JE-HAP-2026-02-1883
HAP-2026-02-1884,VEND-157,Timber Studio,TIM-2026-02-1884,2026-02-07,2026-03-09,92.31,USD,HPO-2026-02-1884,PAID,2026-02-25,2026-02,usage overage block 2026-02,JE-HAP-2026-02-1884
HAP-2026-02-1885,VEND-161,Ginkgo Supply,GIN-2026-02-1885,2026-02-07,2026-03-09,14402.42,USD,HPO-2026-02-1885,PAID,2026-02-25,2026-02,premium support 2026-02,JE-HAP-2026-02-1885
HAP-2026-02-1886,VEND-165,Teak Components,TEA-2026-02-1886,2026-02-07,2026-03-09,385.0,USD,HPO-2026-02-1886,PAID,2026-02-25,2026-02,warehouse consumables 2026-02,JE-HAP-2026-02-1886
HAP-2026-02-1887,VEND-169,Harbor Systems,HAR-2026-02-1887,2026-02-07,2026-03-09,12.11,USD,HPO-2026-02-1887,PAID,2026-02-25,2026-02,security monitoring hosts 2026-02,JE-HAP-2026-02-1887
HAP-2026-02-1888,VEND-173,Timber Partners,TIM-2026-02-1888,2026-02-07,2026-03-09,45.22,USD,HPO-2026-02-1888,PAID,2026-02-25,2026-02,usage overage block 2026-02,JE-HAP-2026-02-1888
HAP-2026-02-1889,VEND-177,Ginkgo Studio,GIN-2026-02-1889,2026-02-07,2026-03-09,9000.33,USD,HPO-2026-02-1889,PAID,2026-02-25,2026-02,premium support 2026-02,JE-HAP-2026-02-1889
HAP-2026-02-1890,VEND-181,Teak Supply,TEA-2026-02-1890,2026-02-07,2026-03-09,269.94,USD,HPO-2026-02-1890,PAID,2026-02-25,2026-02,warehouse consumables 2026-02,JE-HAP-2026-02-1890
HAP-2026-02-1891,VEND-185,Harbor Components,HAR-2026-02-1891,2026-02-07,2026-03-09,108.55,USD,HPO-2026-02-1891,PAID,2026-02-25,2026-02,security monitoring hosts 2026-02,JE-HAP-2026-02-1891
HAP-2026-02-1892,VEND-189,Timber Systems,TIM-2026-02-1892,2026-02-07,2026-03-09,165.66,USD,HPO-2026-02-1892,PAID,2026-02-25,2026-02,usage overage block 2026-02,JE-HAP-2026-02-1892
HAP-2026-02-1893,VEND-171,Nimbus Supply,NIM-2026-02-1893,2026-02-08,2026-03-10,77.77,USD,HPO-2026-02-1893,PAID,2026-02-26,2026-02,warehouse consumables 2026-02,JE-HAP-2026-02-1893
HAP-2026-02-1894,VEND-175,Alder Components,ALD-2026-02-1894,2026-02-08,2026-03-10,48.88,USD,HPO-2026-02-1894,PAID,2026-02-26,2026-02,security monitoring hosts 2026-02,JE-HAP-2026-02-1894
HAP-2026-02-1895,VEND-179,Northwood Systems,NOR-2026-02-1895,2026-02-08,2026-03-10,90.99,USD,HPO-2026-02-1895,PAID,2026-02-26,2026-02,usage overage block 2026-02,JE-HAP-2026-02-1895
HAP-2026-02-1896,VEND-183,Beacon Partners,BEA-2026-02-1896,2026-02-08,2026-03-10,14401.1,USD,HPO-2026-02-1896,PAID,2026-02-26,2026-02,premium support 2026-02,JE-HAP-2026-02-1896
HAP-2026-02-1897,VEND-187,Nimbus Studio,NIM-2026-02-1897,2026-02-08,2026-03-10,386.21,USD,HPO-2026-02-1897,PAID,2026-02-26,2026-02,warehouse consumables 2026-02,JE-HAP-2026-02-1897
HAP-2026-02-1898,VEND-191,Alder Supply,ALD-2026-02-1898,2026-02-08,2026-03-10,13.32,USD,HPO-2026-02-1898,PAID,2026-02-26,2026-02,security monitoring hosts 2026-02,JE-HAP-2026-02-1898
HAP-2026-02-1899,VEND-195,Northwood Components,NOR-2026-02-1899,2026-02-08,2026-03-10,46.43,USD,HPO-2026-02-1899,PAID,2026-02-26,2026-02,usage overage block 2026-02,JE-HAP-2026-02-1899
HAP-2026-02-1900,VEND-199,Beacon Systems,BEA-2026-02-1900,2026-02-08,2026-03-10,9001.54,USD,HPO-2026-02-1900,PAID,2026-02-26,2026-02,premium support 2026-02,JE-HAP-2026-02-1900
HAP-2026-02-1901,VEND-203,Nimbus Partners,NIM-2026-02-1901,2026-02-08,2026-03-10,271.15,USD,HPO-2026-02-1901,PAID,2026-02-26,2026-02,warehouse consumables 2026-02,JE-HAP-2026-02-1901
HAP-2026-02-1902,VEND-207,Alder Studio,ALD-2026-02-1902,2026-02-08,2026-03-10,109.76,USD,HPO-2026-02-1902,PAID,2026-02-26,2026-02,security monitoring hosts 2026-02,JE-HAP-2026-02-1902
HAP-2026-02-1903,VEND-211,Northwood Supply,NOR-2026-02-1903,2026-02-08,2026-03-10,166.87,USD,HPO-2026-02-1903,PAID,2026-02-26,2026-02,usage overage block 2026-02,JE-HAP-2026-02-1903
HAP-2026-02-1904,VEND-215,Beacon Components,BEA-2026-02-1904,2026-02-08,2026-03-10,3601.98,USD,HPO-2026-02-1904,PAID,2026-02-26,2026-02,premium support 2026-02,JE-HAP-2026-02-1904
HAP-2026-02-1905,VEND-219,Nimbus Systems,NIM-2026-02-1905,2026-02-08,2026-03-10,156.09,USD,HPO-2026-02-1905,PAID,2026-02-26,2026-02,warehouse consumables 2026-02,JE-HAP-2026-02-1905
HAP-2026-02-1906,VEND-223,Alder Partners,ALD-2026-02-1906,2026-02-08,2026-03-10,74.2,USD,HPO-2026-02-1906,PAID,2026-02-26,2026-02,security monitoring hosts 2026-02,JE-HAP-2026-02-1906
HAP-2026-02-1907,VEND-227,Northwood Studio,NOR-2026-02-1907,2026-02-08,2026-03-10,122.31,USD,HPO-2026-02-1907,PAID,2026-02-26,2026-02,usage overage block 2026-02,JE-HAP-2026-02-1907
HAP-2026-02-1908,VEND-231,Beacon Supply,BEA-2026-02-1908,2026-02-08,2026-03-10,18002.42,USD,HPO-2026-02-1908,PAID,2026-02-26,2026-02,premium support 2026-02,JE-HAP-2026-02-1908
HAP-2026-02-1909,VEND-235,Nimbus Components,NIM-2026-02-1909,2026-02-08,2026-03-10,38.5,USD,HPO-2026-02-1909,PAID,2026-02-26,2026-02,warehouse consumables 2026-02,JE-HAP-2026-02-1909
HAP-2026-02-1910,VEND-239,Alder Systems,ALD-2026-02-1910,2026-02-08,2026-03-10,36.11,USD,HPO-2026-02-1910,PAID,2026-02-26,2026-02,security monitoring hosts 2026-02,JE-HAP-2026-02-1910
HAP-2026-02-1911,VEND-243,Northwood Partners,NOR-2026-02-1911,2026-02-08,2026-03-10,75.22,USD,HPO-2026-02-1911,PAID,2026-02-26,2026-02,usage overage block 2026-02,JE-HAP-2026-02-1911
HAP-2026-02-1912,VEND-247,Beacon Studio,BEA-2026-02-1912,2026-02-08,2026-03-10,12600.33,USD,HPO-2026-02-1912,PAID,2026-02-26,2026-02,premium support 2026-02,JE-HAP-2026-02-1912
HAP-2026-02-1913,VEND-251,Nimbus Supply,NIM-2026-02-1913,2026-02-08,2026-03-10,346.94,USD,HPO-2026-02-1913,PAID,2026-02-26,2026-02,warehouse consumables 2026-02,JE-HAP-2026-02-1913
HAP-2026-02-1914,VEND-255,Alder Components,ALD-2026-02-1914,2026-02-08,2026-03-10,132.55,USD,HPO-2026-02-1914,PAID,2026-02-26,2026-02,security monitoring hosts 2026-02,JE-HAP-2026-02-1914
HAP-2026-02-1915,VEND-237,Timber Studio,TIM-2026-02-1915,2026-02-09,2026-03-11,3600.66,USD,HPO-2026-02-1915,PAID,2026-02-27,2026-02,premium support 2026-02,JE-HAP-2026-02-1915
HAP-2026-02-1916,VEND-241,Ginkgo Supply,GIN-2026-02-1916,2026-02-09,2026-03-11,154.77,USD,HPO-2026-02-1916,PAID,2026-02-27,2026-02,warehouse consumables 2026-02,JE-HAP-2026-02-1916
HAP-2026-02-1917,VEND-245,Teak Components,TEA-2026-02-1917,2026-02-09,2026-03-11,72.88,USD,HPO-2026-02-1917,PAID,2026-02-27,2026-02,security monitoring hosts 2026-02,JE-HAP-2026-02-1917
HAP-2026-02-1918,VEND-249,Harbor Systems,HAR-2026-02-1918,2026-02-09,2026-03-11,120.99,USD,HPO-2026-02-1918,PAID,2026-02-27,2026-02,usage overage block 2026-02,JE-HAP-2026-02-1918
HAP-2026-02-1919,VEND-253,Timber Partners,TIM-2026-02-1919,2026-02-09,2026-03-11,18001.1,USD,HPO-2026-02-1919,PAID,2026-02-27,2026-02,premium support 2026-02,JE-HAP-2026-02-1919
HAP-2026-02-1920,VEND-257,Ginkgo Studio,GIN-2026-02-1920,2026-02-09,2026-03-11,39.71,USD,HPO-2026-02-1920,PAID,2026-02-27,2026-02,warehouse consumables 2026-02,JE-HAP-2026-02-1920
HAP-2026-02-1921,VEND-261,Teak Supply,TEA-2026-02-1921,2026-02-09,2026-03-11,37.32,USD,HPO-2026-02-1921,PAID,2026-02-27,2026-02,security monitoring hosts 2026-02,JE-HAP-2026-02-1921
HAP-2026-02-1922,VEND-265,Harbor Components,HAR-2026-02-1922,2026-02-09,2026-03-11,76.43,USD,HPO-2026-02-1922,PAID,2026-02-27,2026-02,usage overage block 2026-02,JE-HAP-2026-02-1922
HAP-2026-02-1923,VEND-269,Timber Systems,TIM-2026-02-1923,2026-02-09,2026-03-11,12601.54,USD,HPO-2026-02-1923,PAID,2026-02-27,2026-02,premium support 2026-02,JE-HAP-2026-02-1923
HAP-2026-02-1924,VEND-273,Ginkgo Partners,GIN-2026-02-1924,2026-02-09,2026-03-11,348.15,USD,HPO-2026-02-1924,PAID,2026-02-27,2026-02,warehouse consumables 2026-02,JE-HAP-2026-02-1924
HAP-2026-02-1925,VEND-277,Teak Studio,TEA-2026-02-1925,2026-02-09,2026-03-11,133.76,USD,HPO-2026-02-1925,PAID,2026-02-27,2026-02,security monitoring hosts 2026-02,JE-HAP-2026-02-1925
HAP-2026-02-1926,VEND-281,Harbor Supply,HAR-2026-02-1926,2026-02-09,2026-03-11,31.87,USD,HPO-2026-02-1926,PAID,2026-02-27,2026-02,usage overage block 2026-02,JE-HAP-2026-02-1926
HAP-2026-02-1927,VEND-285,Timber Components,TIM-2026-02-1927,2026-02-09,2026-03-11,7201.98,USD,HPO-2026-02-1927,PAID,2026-02-27,2026-02,premium support 2026-02,JE-HAP-2026-02-1927
HAP-2026-02-1928,VEND-289,Ginkgo Systems,GIN-2026-02-1928,2026-02-09,2026-03-11,233.09,USD,HPO-2026-02-1928,PAID,2026-02-27,2026-02,warehouse consumables 2026-02,JE-HAP-2026-02-1928
HAP-2026-02-1929,VEND-293,Teak Partners,TEA-2026-02-1929,2026-02-09,2026-03-11,98.2,USD,HPO-2026-02-1929,PAID,2026-02-27,2026-02,security monitoring hosts 2026-02,JE-HAP-2026-02-1929
HAP-2026-02-1930,VEND-297,Harbor Studio,HAR-2026-02-1930,2026-02-09,2026-03-11,152.31,USD,HPO-2026-02-1930,PAID,2026-02-27,2026-02,usage overage block 2026-02,JE-HAP-2026-02-1930
HAP-2026-02-1931,VEND-301,Timber Supply,TIM-2026-02-1931,2026-02-09,2026-03-11,1802.42,USD,HPO-2026-02-1931,PAID,2026-02-27,2026-02,premium support 2026-02,JE-HAP-2026-02-1931
HAP-2026-02-1932,VEND-305,Ginkgo Components,GIN-2026-02-1932,2026-02-09,2026-03-11,115.5,USD,HPO-2026-02-1932,PAID,2026-02-27,2026-02,warehouse consumables 2026-02,JE-HAP-2026-02-1932
HAP-2026-02-1933,VEND-309,Teak Systems,TEA-2026-02-1933,2026-02-09,2026-03-11,60.11,USD,HPO-2026-02-1933,PAID,2026-02-27,2026-02,security monitoring hosts 2026-02,JE-HAP-2026-02-1933
HAP-2026-02-1934,VEND-313,Harbor Partners,HAR-2026-02-1934,2026-02-09,2026-03-11,105.22,USD,HPO-2026-02-1934,PAID,2026-02-27,2026-02,usage overage block 2026-02,JE-HAP-2026-02-1934
HAP-2026-02-1935,VEND-317,Timber Studio,TIM-2026-02-1935,2026-02-09,2026-03-11,16200.33,USD,HPO-2026-02-1935,PAID,2026-02-27,2026-02,premium support 2026-02,JE-HAP-2026-02-1935
HAP-2026-02-1936,VEND-321,Ginkgo Supply,GIN-2026-02-1936,2026-02-09,2026-03-11,423.94,USD,HPO-2026-02-1936,PAID,2026-02-27,2026-02,warehouse consumables 2026-02,JE-HAP-2026-02-1936
HAP-2026-02-1937,VEND-303,Alder Partners,ALD-2026-02-1937,2026-02-10,2026-03-12,30.55,USD,HPO-2026-02-1937,PAID,2026-02-28,2026-02,usage overage block 2026-02,JE-HAP-2026-02-1937
HAP-2026-02-1938,VEND-307,Northwood Studio,NOR-2026-02-1938,2026-02-10,2026-03-12,7200.66,USD,HPO-2026-02-1938,PAID,2026-02-28,2026-02,premium support 2026-02,JE-HAP-2026-02-1938
HAP-2026-02-1939,VEND-311,Beacon Supply,BEA-2026-02-1939,2026-02-10,2026-03-12,231.77,USD,HPO-2026-02-1939,PAID,2026-02-28,2026-02,warehouse consumables 2026-02,JE-HAP-2026-02-1939
HAP-2026-02-1940,VEND-315,Nimbus Components,NIM-2026-02-1940,2026-02-10,2026-03-12,96.88,USD,HPO-2026-02-1940,PAID,2026-02-28,2026-02,security monitoring hosts 2026-02,JE-HAP-2026-02-1940
HAP-2026-02-1941,VEND-319,Alder Systems,ALD-2026-02-1941,2026-02-10,2026-03-12,150.99,USD,HPO-2026-02-1941,PAID,2026-02-28,2026-02,usage overage block 2026-02,JE-HAP-2026-02-1941
HAP-2026-02-1942,VEND-323,Northwood Partners,NOR-2026-02-1942,2026-02-10,2026-03-12,1801.1,USD,HPO-2026-02-1942,PAID,2026-02-28,2026-02,premium support 2026-02,JE-HAP-2026-02-1942
HAP-2026-02-1943,VEND-002,Amazon Web Services,AMA-2026-02-1943,2026-02-10,2026-03-12,116.71,USD,HPO-2026-02-1943,PAID,2026-02-28,2026-02,warehouse consumables 2026-02,JE-HAP-2026-02-1943
HAP-2026-02-1944,VEND-006,Datadog,DAT-2026-02-1944,2026-02-10,2026-03-12,61.32,USD,HPO-2026-02-1944,PAID,2026-02-28,2026-02,security monitoring hosts 2026-02,JE-HAP-2026-02-1944
HAP-2026-02-1945,VEND-011,Hartford Insurance,HAR-2026-02-1945,2026-02-10,2026-03-12,106.43,USD,HPO-2026-02-1945,PAID,2026-02-28,2026-02,usage overage block 2026-02,JE-HAP-2026-02-1945
HAP-2026-02-1946,VEND-015,Harbor Electric,HAR-2026-02-1946,2026-02-10,2026-03-12,16201.54,USD,HPO-2026-02-1946,PAID,2026-02-28,2026-02,premium support 2026-02,JE-HAP-2026-02-1946
HAP-2026-02-1947,VEND-019,Freightline Logistics,FRE-2026-02-1947,2026-02-10,2026-03-12,425.15,USD,HPO-2026-02-1947,PAID,2026-02-28,2026-02,warehouse consumables 2026-02,JE-HAP-2026-02-1947
HAP-2026-02-1948,VEND-023,Notion Labs,NOT-2026-02-1948,2026-02-10,2026-03-12,25.76,USD,HPO-2026-02-1948,PAID,2026-02-28,2026-02,security monitoring hosts 2026-02,JE-HAP-2026-02-1948
HAP-2026-02-1949,VEND-027,Zoom Video,ZOO-2026-02-1949,2026-02-10,2026-03-12,61.87,USD,HPO-2026-02-1949,PAID,2026-02-28,2026-02,usage overage block 2026-02,JE-HAP-2026-02-1949
HAP-2026-02-1950,VEND-031,Helios Hardware Supply,HEL-2026-02-1950,2026-02-10,2026-03-12,10801.98,USD,HPO-2026-02-1950,PAID,2026-02-28,2026-02,premium support 2026-02,JE-HAP-2026-02-1950
HAP-2026-02-1951,VEND-035,ADP,ADP-2026-02-1951,2026-02-10,2026-03-12,310.09,USD,HPO-2026-02-1951,PAID,2026-02-28,2026-02,warehouse consumables 2026-02,JE-HAP-2026-02-1951
HAP-2026-02-1952,VEND-039,CleanRoom Janitorial,CLE-2026-02-1952,2026-02-10,2026-03-12,122.2,USD,HPO-2026-02-1952,PAID,2026-02-28,2026-02,security monitoring hosts 2026-02,JE-HAP-2026-02-1952
HAP-2026-02-1953,VEND-043,Adyen NV,ADY-2026-02-1953,2026-02-10,2026-03-12,17.31,USD,HPO-2026-02-1953,PAID,2026-02-28,2026-02,usage overage block 2026-02,JE-HAP-2026-02-1953
HAP-2026-02-1954,VEND-047,Carta,CAR-2026-02-1954,2026-02-10,2026-03-12,5402.42,USD,HPO-2026-02-1954,PAID,2026-02-28,2026-02,premium support 2026-02,JE-HAP-2026-02-1954
HAP-2026-02-1955,VEND-051,Northwood Supply,NOR-2026-02-1955,2026-02-10,2026-03-12,192.5,USD,HPO-2026-02-1955,PAID,2026-02-28,2026-02,warehouse consumables 2026-02,JE-HAP-2026-02-1955
HAP-2026-02-1956,VEND-055,Beacon Components,BEA-2026-02-1956,2026-02-10,2026-03-12,84.11,USD,HPO-2026-02-1956,PAID,2026-02-28,2026-02,security monitoring hosts 2026-02,JE-HAP-2026-02-1956
HAP-2026-02-1957,VEND-059,Nimbus Systems,NIM-2026-02-1957,2026-02-10,2026-03-12,135.22,USD,HPO-2026-02-1957,PAID,2026-02-28,2026-02,usage overage block 2026-02,JE-HAP-2026-02-1957
HAP-2026-02-1958,VEND-063,Alder Partners,ALD-2026-02-1958,2026-02-10,2026-03-12,19800.33,USD,HPO-2026-02-1958,PAID,2026-02-28,2026-02,premium support 2026-02,JE-HAP-2026-02-1958
HAP-2026-02-1959,VEND-045,Palo Alto Networks,PAL-2026-02-1959,2026-02-11,2026-03-13,24.44,USD,HPO-2026-02-1959,PAID,2026-02-28,2026-02,security monitoring hosts 2026-02,JE-HAP-2026-02-1959
HAP-2026-02-1960,VEND-049,Vanta,VAN-2026-02-1960,2026-02-11,2026-03-13,60.55,USD,HPO-2026-02-1960,PAID,2026-02-28,2026-02,usage overage block 2026-02,JE-HAP-2026-02-1960
HAP-2026-02-1961,VEND-053,Teak Partners,TEA-2026-02-1961,2026-02-11,2026-03-13,10800.66,USD,HPO-2026-02-1961,PAID,2026-02-28,2026-02,premium support 2026-02,JE-HAP-2026-02-1961
HAP-2026-02-1962,VEND-057,Harbor Studio,HAR-2026-02-1962,2026-02-11,2026-03-13,308.77,USD,HPO-2026-02-1962,PAID,2026-02-28,2026-02,warehouse consumables 2026-02,JE-HAP-2026-02-1962
HAP-2026-02-1963,VEND-061,Timber Supply,TIM-2026-02-1963,2026-02-11,2026-03-13,120.88,USD,HPO-2026-02-1963,PAID,2026-02-28,2026-02,security monitoring hosts 2026-02,JE-HAP-2026-02-1963
HAP-2026-02-1964,VEND-065,Ginkgo Components,GIN-2026-02-1964,2026-02-11,2026-03-13,15.99,USD,HPO-2026-02-1964,PAID,2026-02-28,2026-02,usage overage block 2026-02,JE-HAP-2026-02-1964
HAP-2026-02-1965,VEND-069,Teak Systems,TEA-2026-02-1965,2026-02-11,2026-03-13,5401.1,USD,HPO-2026-02-1965,PAID,2026-02-28,2026-02,premium support 2026-02,JE-HAP-2026-02-1965
HAP-2026-02-1966,VEND-073,Harbor Partners,HAR-2026-02-1966,2026-02-11,2026-03-13,193.71,USD,HPO-2026-02-1966,PAID,2026-02-28,2026-02,warehouse consumables 2026-02,JE-HAP-2026-02-1966
HAP-2026-02-1967,VEND-077,Timber Studio,TIM-2026-02-1967,2026-02-11,2026-03-13,85.32,USD,HPO-2026-02-1967,PAID,2026-02-28,2026-02,security monitoring hosts 2026-02,JE-HAP-2026-02-1967
HAP-2026-02-1968,VEND-081,Ginkgo Supply,GIN-2026-02-1968,2026-02-11,2026-03-13,136.43,USD,HPO-2026-02-1968,PAID,2026-02-28,2026-02,usage overage block 2026-02,JE-HAP-2026-02-1968
HAP-2026-02-1969,VEND-085,Teak Components,TEA-2026-02-1969,2026-02-11,2026-03-13,19801.54,USD,HPO-2026-02-1969,PAID,2026-02-28,2026-02,premium support 2026-02,JE-HAP-2026-02-1969
HAP-2026-02-1970,VEND-089,Harbor Systems,HAR-2026-02-1970,2026-02-11,2026-03-13,78.65,USD,HPO-2026-02-1970,PAID,2026-02-28,2026-02,warehouse consumables 2026-02,JE-HAP-2026-02-1970
HAP-2026-02-1971,VEND-093,Timber Partners,TIM-2026-02-1971,2026-02-11,2026-03-13,49.76,USD,HPO-2026-02-1971,PAID,2026-02-28,2026-02,security monitoring hosts 2026-02,JE-HAP-2026-02-1971
HAP-2026-02-1972,VEND-097,Ginkgo Studio,GIN-2026-02-1972,2026-02-11,2026-03-13,91.87,USD,HPO-2026-02-1972,PAID,2026-02-28,2026-02,usage overage block 2026-02,JE-HAP-2026-02-1972
HAP-2026-02-1973,VEND-101,Teak Supply,TEA-2026-02-1973,2026-02-11,2026-03-13,14401.98,USD,HPO-2026-02-1973,PAID,2026-02-28,2026-02,premium support 2026-02,JE-HAP-2026-02-1973
HAP-2026-02-1974,VEND-105,Harbor Components,HAR-2026-02-1974,2026-02-11,2026-03-13,387.09,USD,HPO-2026-02-1974,PAID,2026-02-28,2026-02,warehouse consumables 2026-02,JE-HAP-2026-02-1974
HAP-2026-02-1975,VEND-109,Timber Systems,TIM-2026-02-1975,2026-02-11,2026-03-13,14.2,USD,HPO-2026-02-1975,PAID,2026-02-28,2026-02,security monitoring hosts 2026-02,JE-HAP-2026-02-1975
HAP-2026-02-1976,VEND-113,Ginkgo Partners,GIN-2026-02-1976,2026-02-11,2026-03-13,47.31,USD,HPO-2026-02-1976,PAID,2026-02-28,2026-02,usage overage block 2026-02,JE-HAP-2026-02-1976
HAP-2026-02-1977,VEND-117,Teak Studio,TEA-2026-02-1977,2026-02-11,2026-03-13,9002.42,USD,HPO-2026-02-1977,PAID,2026-02-28,2026-02,premium support 2026-02,JE-HAP-2026-02-1977
HAP-2026-02-1978,VEND-121,Harbor Supply,HAR-2026-02-1978,2026-02-11,2026-03-13,269.5,USD,HPO-2026-02-1978,PAID,2026-02-28,2026-02,warehouse consumables 2026-02,JE-HAP-2026-02-1978
HAP-2026-02-1979,VEND-125,Timber Components,TIM-2026-02-1979,2026-02-11,2026-03-13,108.11,USD,HPO-2026-02-1979,PAID,2026-02-28,2026-02,security monitoring hosts 2026-02,JE-HAP-2026-02-1979
HAP-2026-02-1980,VEND-129,Ginkgo Systems,GIN-2026-02-1980,2026-02-11,2026-03-13,165.22,USD,HPO-2026-02-1980,PAID,2026-02-28,2026-02,usage overage block 2026-02,JE-HAP-2026-02-1980
HAP-2026-02-1981,VEND-111,Alder Supply,ALD-2026-02-1981,2026-02-12,2026-03-14,77.33,USD,HPO-2026-02-1981,PAID,2026-02-28,2026-02,warehouse consumables 2026-02,JE-HAP-2026-02-1981
HAP-2026-02-1982,VEND-115,Northwood Components,NOR-2026-02-1982,2026-02-12,2026-03-14,48.44,USD,HPO-2026-02-1982,PAID,2026-02-28,2026-02,security monitoring hosts 2026-02,JE-HAP-2026-02-1982
HAP-2026-02-1983,VEND-119,Beacon Systems,BEA-2026-02-1983,2026-02-12,2026-03-14,90.55,USD,HPO-2026-02-1983,PAID,2026-02-28,2026-02,usage overage block 2026-02,JE-HAP-2026-02-1983
HAP-2026-02-1984,VEND-123,Nimbus Partners,NIM-2026-02-1984,2026-02-12,2026-03-14,14400.66,USD,HPO-2026-02-1984,PAID,2026-02-28,2026-02,premium support 2026-02,JE-HAP-2026-02-1984
HAP-2026-02-1985,VEND-127,Alder Studio,ALD-2026-02-1985,2026-02-12,2026-03-14,385.77,USD,HPO-2026-02-1985,PAID,2026-02-28,2026-02,warehouse consumables 2026-02,JE-HAP-2026-02-1985
HAP-2026-02-1986,VEND-131,Northwood Supply,NOR-2026-02-1986,2026-02-12,2026-03-14,12.88,USD,HPO-2026-02-1986,PAID,2026-02-28,2026-02,security monitoring hosts 2026-02,JE-HAP-2026-02-1986
HAP-2026-02-1987,VEND-135,Beacon Components,BEA-2026-02-1987,2026-02-12,2026-03-14,45.99,USD,HPO-2026-02-1987,PAID,2026-02-28,2026-02,usage overage block 2026-02,JE-HAP-2026-02-1987
HAP-2026-02-1988,VEND-139,Nimbus Systems,NIM-2026-02-1988,2026-02-12,2026-03-14,9001.1,USD,HPO-2026-02-1988,PAID,2026-02-28,2026-02,premium support 2026-02,JE-HAP-2026-02-1988
HAP-2026-02-1989,VEND-143,Alder Partners,ALD-2026-02-1989,2026-02-12,2026-03-14,270.71,USD,HPO-2026-02-1989,PAID,2026-02-28,2026-02,warehouse consumables 2026-02,JE-HAP-2026-02-1989
HAP-2026-02-1990,VEND-147,Northwood Studio,NOR-2026-02-1990,2026-02-12,2026-03-14,109.32,USD,HPO-2026-02-1990,PAID,2026-02-28,2026-02,security monitoring hosts 2026-02,JE-HAP-2026-02-1990
HAP-2026-02-1991,VEND-151,Beacon Supply,BEA-2026-02-1991,2026-02-12,2026-03-14,166.43,USD,HPO-2026-02-1991,PAID,2026-02-28,2026-02,usage overage block 2026-02,JE-HAP-2026-02-1991
HAP-2026-02-1992,VEND-155,Nimbus Components,NIM-2026-02-1992,2026-02-12,2026-03-14,3601.54,USD,HPO-2026-02-1992,PAID,2026-02-28,2026-02,premium support 2026-02,JE-HAP-2026-02-1992
HAP-2026-02-1993,VEND-159,Alder Systems,ALD-2026-02-1993,2026-02-12,2026-03-14,155.65,USD,HPO-2026-02-1993,PAID,2026-02-28,2026-02,warehouse consumables 2026-02,JE-HAP-2026-02-1993
HAP-2026-02-1994,VEND-163,Northwood Partners,NOR-2026-02-1994,2026-02-12,2026-03-14,73.76,USD,HPO-2026-02-1994,PAID,2026-02-28,2026-02,security monitoring hosts 2026-02,JE-HAP-2026-02-1994
HAP-2026-02-1995,VEND-167,Beacon Studio,BEA-2026-02-1995,2026-02-12,2026-03-14,121.87,USD,HPO-2026-02-1995,PAID,2026-02-28,2026-02,usage overage block 2026-02,JE-HAP-2026-02-1995
HAP-2026-02-1996,VEND-171,Nimbus Supply,NIM-2026-02-1996,2026-02-12,2026-03-14,18001.98,USD,HPO-2026-02-1996,PAID,2026-02-28,2026-02,premium support 2026-02,JE-HAP-2026-02-1996
HAP-2026-02-1997,VEND-175,Alder Components,ALD-2026-02-1997,2026-02-12,2026-03-14,40.59,USD,HPO-2026-02-1997,PAID,2026-02-28,2026-02,warehouse consumables 2026-02,JE-HAP-2026-02-1997
HAP-2026-02-1998,VEND-179,Northwood Systems,NOR-2026-02-1998,2026-02-12,2026-03-14,38.2,USD,HPO-2026-02-1998,PAID,2026-02-28,2026-02,security monitoring hosts 2026-02,JE-HAP-2026-02-1998
HAP-2026-02-1999,VEND-183,Beacon Partners,BEA-2026-02-1999,2026-02-12,2026-03-14,77.31,USD,HPO-2026-02-1999,PAID,2026-02-28,2026-02,usage overage block 2026-02,JE-HAP-2026-02-1999
HAP-2026-02-2000,VEND-187,Nimbus Studio,NIM-2026-02-2000,2026-02-12,2026-03-14,12602.42,USD,HPO-2026-02-2000,PAID,2026-02-28,2026-02,premium support 2026-02,JE-HAP-2026-02-2000
HAP-2026-02-2001,VEND-191,Alder Supply,ALD-2026-02-2001,2026-02-12,2026-03-14,346.5,USD,HPO-2026-02-2001,PAID,2026-02-28,2026-02,warehouse consumables 2026-02,JE-HAP-2026-02-2001
HAP-2026-02-2002,VEND-195,Northwood Components,NOR-2026-02-2002,2026-02-12,2026-03-14,132.11,USD,HPO-2026-02-2002,PAID,2026-02-28,2026-02,security monitoring hosts 2026-02,JE-HAP-2026-02-2002
HAP-2026-02-2003,VEND-177,Ginkgo Studio,GIN-2026-02-2003,2026-02-13,2026-03-15,3600.22,USD,HPO-2026-02-2003,PAID,2026-02-28,2026-02,premium support 2026-02,JE-HAP-2026-02-2003
HAP-2026-02-2004,VEND-181,Teak Supply,TEA-2026-02-2004,2026-02-13,2026-03-15,154.33,USD,HPO-2026-02-2004,PAID,2026-02-28,2026-02,warehouse consumables 2026-02,JE-HAP-2026-02-2004
HAP-2026-02-2005,VEND-185,Harbor Components,HAR-2026-02-2005,2026-02-13,2026-03-15,72.44,USD,HPO-2026-02-2005,PAID,2026-02-28,2026-02,security monitoring hosts 2026-02,JE-HAP-2026-02-2005
HAP-2026-02-2006,VEND-189,Timber Systems,TIM-2026-02-2006,2026-02-13,2026-03-15,120.55,USD,HPO-2026-02-2006,PAID,2026-02-28,2026-02,usage overage block 2026-02,JE-HAP-2026-02-2006
HAP-2026-02-2007,VEND-193,Ginkgo Partners,GIN-2026-02-2007,2026-02-13,2026-03-15,18000.66,USD,HPO-2026-02-2007,PAID,2026-02-28,2026-02,premium support 2026-02,JE-HAP-2026-02-2007
HAP-2026-02-2008,VEND-197,Teak Studio,TEA-2026-02-2008,2026-02-13,2026-03-15,39.27,USD,HPO-2026-02-2008,PAID,2026-02-28,2026-02,warehouse consumables 2026-02,JE-HAP-2026-02-2008
HAP-2026-02-2009,VEND-201,Harbor Supply,HAR-2026-02-2009,2026-02-13,2026-03-15,36.88,USD,HPO-2026-02-2009,PAID,2026-02-28,2026-02,security monitoring hosts 2026-02,JE-HAP-2026-02-2009
HAP-2026-02-2010,VEND-205,Timber Components,TIM-2026-02-2010,2026-02-13,2026-03-15,75.99,USD,HPO-2026-02-2010,PAID,2026-02-28,2026-02,usage overage block 2026-02,JE-HAP-2026-02-2010
HAP-2026-02-2011,VEND-209,Ginkgo Systems,GIN-2026-02-2011,2026-02-13,2026-03-15,12601.1,USD,HPO-2026-02-2011,PAID,2026-02-28,2026-02,premium support 2026-02,JE-HAP-2026-02-2011
HAP-2026-02-2012,VEND-213,Teak Partners,TEA-2026-02-2012,2026-02-13,2026-03-15,347.71,USD,HPO-2026-02-2012,PAID,2026-02-28,2026-02,warehouse consumables 2026-02,JE-HAP-2026-02-2012
HAP-2026-02-2013,VEND-217,Harbor Studio,HAR-2026-02-2013,2026-02-13,2026-03-15,133.32,USD,HPO-2026-02-2013,PAID,2026-02-28,2026-02,security monitoring hosts 2026-02,JE-HAP-2026-02-2013
HAP-2026-02-2014,VEND-221,Timber Supply,TIM-2026-02-2014,2026-02-13,2026-03-15,31.43,USD,HPO-2026-02-2014,PAID,2026-02-28,2026-02,usage overage block 2026-02,JE-HAP-2026-02-2014
HAP-2026-02-2015,VEND-225,Ginkgo Components,GIN-2026-02-2015,2026-02-13,2026-03-15,7201.54,USD,HPO-2026-02-2015,PAID,2026-02-28,2026-02,premium support 2026-02,JE-HAP-2026-02-2015
HAP-2026-02-2016,VEND-229,Teak Systems,TEA-2026-02-2016,2026-02-13,2026-03-15,232.65,USD,HPO-2026-02-2016,PAID,2026-02-28,2026-02,warehouse consumables 2026-02,JE-HAP-2026-02-2016
HAP-2026-02-2017,VEND-233,Harbor Partners,HAR-2026-02-2017,2026-02-13,2026-03-15,97.76,USD,HPO-2026-02-2017,PAID,2026-02-28,2026-02,security monitoring hosts 2026-02,JE-HAP-2026-02-2017
HAP-2026-02-2018,VEND-237,Timber Studio,TIM-2026-02-2018,2026-02-13,2026-03-15,151.87,USD,HPO-2026-02-2018,PAID,2026-02-28,2026-02,usage overage block 2026-02,JE-HAP-2026-02-2018
HAP-2026-02-2019,VEND-241,Ginkgo Supply,GIN-2026-02-2019,2026-02-13,2026-03-15,1801.98,USD,HPO-2026-02-2019,PAID,2026-02-28,2026-02,premium support 2026-02,JE-HAP-2026-02-2019
HAP-2026-02-2020,VEND-245,Teak Components,TEA-2026-02-2020,2026-02-13,2026-03-15,117.59,USD,HPO-2026-02-2020,PAID,2026-02-28,2026-02,warehouse consumables 2026-02,JE-HAP-2026-02-2020
HAP-2026-02-2021,VEND-249,Harbor Systems,HAR-2026-02-2021,2026-02-13,2026-03-15,62.2,USD,HPO-2026-02-2021,PAID,2026-02-28,2026-02,security monitoring hosts 2026-02,JE-HAP-2026-02-2021
HAP-2026-02-2022,VEND-253,Timber Partners,TIM-2026-02-2022,2026-02-13,2026-03-15,107.31,USD,HPO-2026-02-2022,PAID,2026-02-28,2026-02,usage overage block 2026-02,JE-HAP-2026-02-2022
HAP-2026-02-2023,VEND-257,Ginkgo Studio,GIN-2026-02-2023,2026-02-13,2026-03-15,16202.42,USD,HPO-2026-02-2023,PAID,2026-02-28,2026-02,premium support 2026-02,JE-HAP-2026-02-2023
HAP-2026-02-2024,VEND-261,Teak Supply,TEA-2026-02-2024,2026-02-13,2026-03-15,423.5,USD,HPO-2026-02-2024,PAID,2026-02-28,2026-02,warehouse consumables 2026-02,JE-HAP-2026-02-2024
HAP-2026-02-2025,VEND-243,Northwood Partners,NOR-2026-02-2025,2026-02-14,2026-03-16,30.11,USD,HPO-2026-02-2025,PAID,2026-02-28,2026-02,usage overage block 2026-02,JE-HAP-2026-02-2025
HAP-2026-02-2026,VEND-247,Beacon Studio,BEA-2026-02-2026,2026-02-14,2026-03-16,7200.22,USD,HPO-2026-02-2026,PAID,2026-02-28,2026-02,premium support 2026-02,JE-HAP-2026-02-2026
HAP-2026-02-2027,VEND-251,Nimbus Supply,NIM-2026-02-2027,2026-02-14,2026-03-16,231.33,USD,HPO-2026-02-2027,PAID,2026-02-28,2026-02,warehouse consumables 2026-02,JE-HAP-2026-02-2027
HAP-2026-02-2028,VEND-255,Alder Components,ALD-2026-02-2028,2026-02-14,2026-03-16,96.44,USD,HPO-2026-02-2028,PAID,2026-02-28,2026-02,security monitoring hosts 2026-02,JE-HAP-2026-02-2028
HAP-2026-02-2029,VEND-259,Northwood Systems,NOR-2026-02-2029,2026-02-14,2026-03-16,150.55,USD,HPO-2026-02-2029,PAID,2026-02-28,2026-02,usage overage block 2026-02,JE-HAP-2026-02-2029
HAP-2026-02-2030,VEND-263,Beacon Partners,BEA-2026-02-2030,2026-02-14,2026-03-16,1800.66,USD,HPO-2026-02-2030,PAID,2026-02-28,2026-02,premium support 2026-02,JE-HAP-2026-02-2030
HAP-2026-02-2031,VEND-267,Nimbus Studio,NIM-2026-02-2031,2026-02-14,2026-03-16,116.27,USD,HPO-2026-02-2031,PAID,2026-02-28,2026-02,warehouse consumables 2026-02,JE-HAP-2026-02-2031
HAP-2026-02-2032,VEND-271,Alder Supply,ALD-2026-02-2032,2026-02-14,2026-03-16,60.88,USD,HPO-2026-02-2032,PAID,2026-02-28,2026-02,security monitoring hosts 2026-02,JE-HAP-2026-02-2032
HAP-2026-02-2033,VEND-275,Northwood Components,NOR-2026-02-2033,2026-02-14,2026-03-16,105.99,USD,HPO-2026-02-2033,PAID,2026-02-28,2026-02,usage overage block 2026-02,JE-HAP-2026-02-2033
HAP-2026-02-2034,VEND-279,Beacon Systems,BEA-2026-02-2034,2026-02-14,2026-03-16,16201.1,USD,HPO-2026-02-2034,PAID,2026-02-28,2026-02,premium support 2026-02,JE-HAP-2026-02-2034
HAP-2026-02-2035,VEND-283,Nimbus Partners,NIM-2026-02-2035,2026-02-14,2026-03-16,424.71,USD,HPO-2026-02-2035,PAID,2026-02-28,2026-02,warehouse consumables 2026-02,JE-HAP-2026-02-2035
HAP-2026-02-2036,VEND-287,Alder Studio,ALD-2026-02-2036,2026-02-14,2026-03-16,25.32,USD,HPO-2026-02-2036,PAID,2026-02-28,2026-02,security monitoring hosts 2026-02,JE-HAP-2026-02-2036
HAP-2026-02-2037,VEND-291,Northwood Supply,NOR-2026-02-2037,2026-02-14,2026-03-16,61.43,USD,HPO-2026-02-2037,PAID,2026-02-28,2026-02,usage overage block 2026-02,JE-HAP-2026-02-2037
HAP-2026-02-2038,VEND-295,Beacon Components,BEA-2026-02-2038,2026-02-14,2026-03-16,10801.54,USD,HPO-2026-02-2038,PAID,2026-02-28,2026-02,premium support 2026-02,JE-HAP-2026-02-2038
HAP-2026-02-2039,VEND-299,Nimbus Systems,NIM-2026-02-2039,2026-02-14,2026-03-16,309.65,USD,HPO-2026-02-2039,PAID,2026-02-28,2026-02,warehouse consumables 2026-02,JE-HAP-2026-02-2039
HAP-2026-02-2040,VEND-303,Alder Partners,ALD-2026-02-2040,2026-02-14,2026-03-16,121.76,USD,HPO-2026-02-2040,PAID,2026-02-28,2026-02,security monitoring hosts 2026-02,JE-HAP-2026-02-2040
HAP-2026-02-2041,VEND-307,Northwood Studio,NOR-2026-02-2041,2026-02-14,2026-03-16,16.87,USD,HPO-2026-02-2041,PAID,2026-02-28,2026-02,usage overage block 2026-02,JE-HAP-2026-02-2041
HAP-2026-02-2042,VEND-311,Beacon Supply,BEA-2026-02-2042,2026-02-14,2026-03-16,5401.98,USD,HPO-2026-02-2042,PAID,2026-02-28,2026-02,premium support 2026-02,JE-HAP-2026-02-2042
HAP-2026-02-2043,VEND-315,Nimbus Components,NIM-2026-02-2043,2026-02-14,2026-03-16,194.59,USD,HPO-2026-02-2043,PAID,2026-02-28,2026-02,warehouse consumables 2026-02,JE-HAP-2026-02-2043
HAP-2026-02-2044,VEND-319,Alder Systems,ALD-2026-02-2044,2026-02-14,2026-03-16,86.2,USD,HPO-2026-02-2044,PAID,2026-02-28,2026-02,security monitoring hosts 2026-02,JE-HAP-2026-02-2044
HAP-2026-02-2045,VEND-323,Northwood Partners,NOR-2026-02-2045,2026-02-14,2026-03-16,137.31,USD,HPO-2026-02-2045,PAID,2026-02-28,2026-02,usage overage block 2026-02,JE-HAP-2026-02-2045
HAP-2026-02-2046,VEND-002,Amazon Web Services,AMA-2026-02-2046,2026-02-14,2026-03-16,19802.42,USD,HPO-2026-02-2046,PAID,2026-02-28,2026-02,premium support 2026-02,JE-HAP-2026-02-2046
HAP-2026-02-2047,VEND-309,Teak Systems,TEA-2026-02-2047,2026-02-15,2026-03-17,24.0,USD,HPO-2026-02-2047,PAID,2026-02-28,2026-02,security monitoring hosts 2026-02,JE-HAP-2026-02-2047
HAP-2026-02-2048,VEND-313,Harbor Partners,HAR-2026-02-2048,2026-02-15,2026-03-17,60.11,USD,HPO-2026-02-2048,PAID,2026-02-28,2026-02,usage overage block 2026-02,JE-HAP-2026-02-2048
HAP-2026-02-2049,VEND-317,Timber Studio,TIM-2026-02-2049,2026-02-15,2026-03-17,10800.22,USD,HPO-2026-02-2049,PAID,2026-02-28,2026-02,premium support 2026-02,JE-HAP-2026-02-2049
HAP-2026-02-2050,VEND-321,Ginkgo Supply,GIN-2026-02-2050,2026-02-15,2026-03-17,308.33,USD,HPO-2026-02-2050,PAID,2026-02-28,2026-02,warehouse consumables 2026-02,JE-HAP-2026-02-2050
HAP-2026-02-2051,VEND-001-DUP,Acme Supplies LLC,ACM-2026-02-2051,2026-02-15,2026-03-17,120.44,USD,HPO-2026-02-2051,PAID,2026-02-28,2026-02,security monitoring hosts 2026-02,JE-HAP-2026-02-2051
HAP-2026-02-2052,VEND-004,Office Depot,OFF-2026-02-2052,2026-02-15,2026-03-17,15.55,USD,HPO-2026-02-2052,PAID,2026-02-28,2026-02,usage overage block 2026-02,JE-HAP-2026-02-2052
HAP-2026-02-2053,VEND-008,Figma,FIG-2026-02-2053,2026-02-15,2026-03-17,5400.66,USD,HPO-2026-02-2053,PAID,2026-02-28,2026-02,premium support 2026-02,JE-HAP-2026-02-2053
HAP-2026-02-2054,VEND-013,Cambridge Properties,CAM-2026-02-2054,2026-02-15,2026-03-17,193.27,USD,HPO-2026-02-2054,PAID,2026-02-28,2026-02,warehouse consumables 2026-02,JE-HAP-2026-02-2054
HAP-2026-02-2055,VEND-017,GitHub,GIT-2026-02-2055,2026-02-15,2026-03-17,84.88,USD,HPO-2026-02-2055,PAID,2026-02-28,2026-02,security monitoring hosts 2026-02,JE-HAP-2026-02-2055
HAP-2026-02-2056,VEND-021,Misc Supplies,MIS-2026-02-2056,2026-02-15,2026-03-17,135.99,USD,HPO-2026-02-2056,PAID,2026-02-28,2026-02,usage overage block 2026-02,JE-HAP-2026-02-2056
HAP-2026-02-2057,VEND-025,Okta,OKT-2026-02-2057,2026-02-15,2026-03-17,19801.1,USD,HPO-2026-02-2057,PAID,2026-02-28,2026-02,premium support 2026-02,JE-HAP-2026-02-2057
HAP-2026-02-2058,VEND-029,Cloudflare,CLO-2026-02-2058,2026-02-15,2026-03-17,78.21,USD,HPO-2026-02-2058,PAID,2026-02-28,2026-02,warehouse consumables 2026-02,JE-HAP-2026-02-2058
HAP-2026-02-2059,VEND-033,Staples Business Advantage,STA-2026-02-2059,2026-02-15,2026-03-17,49.32,USD,HPO-2026-02-2059,PAID,2026-02-28,2026-02,security monitoring hosts 2026-02,JE-HAP-2026-02-2059
HAP-2026-02-2060,VEND-037,Comcast Business,COM-2026-02-2060,2026-02-15,2026-03-17,91.43,USD,HPO-2026-02-2060,PAID,2026-02-28,2026-02,usage overage block 2026-02,JE-HAP-2026-02-2060
HAP-2026-02-2061,VEND-041,HubSpot,HUB-2026-02-2061,2026-02-15,2026-03-17,14401.54,USD,HPO-2026-02-2061,PAID,2026-02-28,2026-02,premium support 2026-02,JE-HAP-2026-02-2061
HAP-2026-02-2062,VEND-045,Palo Alto Networks,PAL-2026-02-2062,2026-02-15,2026-03-17,386.65,USD,HPO-2026-02-2062,PAID,2026-02-28,2026-02,warehouse consumables 2026-02,JE-HAP-2026-02-2062
HAP-2026-02-2063,VEND-049,Vanta,VAN-2026-02-2063,2026-02-15,2026-03-17,13.76,USD,HPO-2026-02-2063,PAID,2026-02-28,2026-02,security monitoring hosts 2026-02,JE-HAP-2026-02-2063
HAP-2026-02-2064,VEND-053,Teak Partners,TEA-2026-02-2064,2026-02-15,2026-03-17,46.87,USD,HPO-2026-02-2064,PAID,2026-02-28,2026-02,usage overage block 2026-02,JE-HAP-2026-02-2064
HAP-2026-02-2065,VEND-057,Harbor Studio,HAR-2026-02-2065,2026-02-15,2026-03-17,9001.98,USD,HPO-2026-02-2065,PAID,2026-02-28,2026-02,premium support 2026-02,JE-HAP-2026-02-2065
HAP-2026-02-2066,VEND-061,Timber Supply,TIM-2026-02-2066,2026-02-15,2026-03-17,271.59,USD,HPO-2026-02-2066,PAID,2026-02-28,2026-02,warehouse consumables 2026-02,JE-HAP-2026-02-2066
HAP-2026-02-2067,VEND-065,Ginkgo Components,GIN-2026-02-2067,2026-02-15,2026-03-17,110.2,USD,HPO-2026-02-2067,PAID,2026-02-28,2026-02,security monitoring hosts 2026-02,JE-HAP-2026-02-2067
HAP-2026-02-2068,VEND-069,Teak Systems,TEA-2026-02-2068,2026-02-15,2026-03-17,167.31,USD,HPO-2026-02-2068,PAID,2026-02-28,2026-02,usage overage block 2026-02,JE-HAP-2026-02-2068
HAP-2026-02-2069,VEND-051,Northwood Supply,NOR-2026-02-2069,2026-02-16,2026-03-18,79.42,USD,HPO-2026-02-2069,PAID,2026-02-28,2026-02,warehouse consumables 2026-02,JE-HAP-2026-02-2069
HAP-2026-02-2070,VEND-055,Beacon Components,BEA-2026-02-2070,2026-02-16,2026-03-18,48.0,USD,HPO-2026-02-2070,PAID,2026-02-28,2026-02,security monitoring hosts 2026-02,JE-HAP-2026-02-2070
HAP-2026-02-2071,VEND-059,Nimbus Systems,NIM-2026-02-2071,2026-02-16,2026-03-18,90.11,USD,HPO-2026-02-2071,PAID,2026-02-28,2026-02,usage overage block 2026-02,JE-HAP-2026-02-2071
HAP-2026-02-2072,VEND-063,Alder Partners,ALD-2026-02-2072,2026-02-16,2026-03-18,14400.22,USD,HPO-2026-02-2072,PAID,2026-02-28,2026-02,premium support 2026-02,JE-HAP-2026-02-2072
HAP-2026-02-2073,VEND-067,Northwood Studio,NOR-2026-02-2073,2026-02-16,2026-03-18,385.33,USD,HPO-2026-02-2073,PAID,2026-02-28,2026-02,warehouse consumables 2026-02,JE-HAP-2026-02-2073
HAP-2026-02-2074,VEND-071,Beacon Supply,BEA-2026-02-2074,2026-02-16,2026-03-18,12.44,USD,HPO-2026-02-2074,PAID,2026-02-28,2026-02,security monitoring hosts 2026-02,JE-HAP-2026-02-2074
HAP-2026-02-2075,VEND-075,Nimbus Components,NIM-2026-02-2075,2026-02-16,2026-03-18,45.55,USD,HPO-2026-02-2075,PAID,2026-02-28,2026-02,usage overage block 2026-02,JE-HAP-2026-02-2075
HAP-2026-02-2076,VEND-079,Alder Systems,ALD-2026-02-2076,2026-02-16,2026-03-18,9000.66,USD,HPO-2026-02-2076,PAID,2026-02-28,2026-02,premium support 2026-02,JE-HAP-2026-02-2076
HAP-2026-02-2077,VEND-083,Northwood Partners,NOR-2026-02-2077,2026-02-16,2026-03-18,270.27,USD,HPO-2026-02-2077,PAID,2026-02-28,2026-02,warehouse consumables 2026-02,JE-HAP-2026-02-2077
HAP-2026-02-2078,VEND-087,Beacon Studio,BEA-2026-02-2078,2026-02-16,2026-03-18,108.88,USD,HPO-2026-02-2078,PAID,2026-02-28,2026-02,security monitoring hosts 2026-02,JE-HAP-2026-02-2078
HAP-2026-02-2079,VEND-091,Nimbus Supply,NIM-2026-02-2079,2026-02-16,2026-03-18,165.99,USD,HPO-2026-02-2079,PAID,2026-02-28,2026-02,usage overage block 2026-02,JE-HAP-2026-02-2079
HAP-2026-02-2080,VEND-095,Alder Components,ALD-2026-02-2080,2026-02-16,2026-03-18,3601.1,USD,HPO-2026-02-2080,PAID,2026-02-28,2026-02,premium support 2026-02,JE-HAP-2026-02-2080
HAP-2026-02-2081,VEND-099,Northwood Systems,NOR-2026-02-2081,2026-02-16,2026-03-18,155.21,USD,HPO-2026-02-2081,PAID,2026-02-28,2026-02,warehouse consumables 2026-02,JE-HAP-2026-02-2081
HAP-2026-02-2082,VEND-103,Beacon Partners,BEA-2026-02-2082,2026-02-16,2026-03-18,73.32,USD,HPO-2026-02-2082,PAID,2026-02-28,2026-02,security monitoring hosts 2026-02,JE-HAP-2026-02-2082
HAP-2026-02-2083,VEND-107,Nimbus Studio,NIM-2026-02-2083,2026-02-16,2026-03-18,121.43,USD,HPO-2026-02-2083,PAID,2026-02-28,2026-02,usage overage block 2026-02,JE-HAP-2026-02-2083
HAP-2026-02-2084,VEND-111,Alder Supply,ALD-2026-02-2084,2026-02-16,2026-03-18,18001.54,USD,HPO-2026-02-2084,PAID,2026-02-28,2026-02,premium support 2026-02,JE-HAP-2026-02-2084
HAP-2026-02-2085,VEND-115,Northwood Components,NOR-2026-02-2085,2026-02-16,2026-03-18,40.15,USD,HPO-2026-02-2085,PAID,2026-02-28,2026-02,warehouse consumables 2026-02,JE-HAP-2026-02-2085
HAP-2026-02-2086,VEND-119,Beacon Systems,BEA-2026-02-2086,2026-02-16,2026-03-18,37.76,USD,HPO-2026-02-2086,PAID,2026-02-28,2026-02,security monitoring hosts 2026-02,JE-HAP-2026-02-2086
HAP-2026-02-2087,VEND-123,Nimbus Partners,NIM-2026-02-2087,2026-02-16,2026-03-18,76.87,USD,HPO-2026-02-2087,PAID,2026-02-28,2026-02,usage overage block 2026-02,JE-HAP-2026-02-2087
HAP-2026-02-2088,VEND-127,Alder Studio,ALD-2026-02-2088,2026-02-16,2026-03-18,12601.98,USD,HPO-2026-02-2088,PAID,2026-02-28,2026-02,premium support 2026-02,JE-HAP-2026-02-2088
HAP-2026-02-2089,VEND-131,Northwood Supply,NOR-2026-02-2089,2026-02-16,2026-03-18,348.59,USD,HPO-2026-02-2089,PAID,2026-02-28,2026-02,warehouse consumables 2026-02,JE-HAP-2026-02-2089
HAP-2026-02-2090,VEND-135,Beacon Components,BEA-2026-02-2090,2026-02-16,2026-03-18,134.2,USD,HPO-2026-02-2090,PAID,2026-02-28,2026-02,security monitoring hosts 2026-02,JE-HAP-2026-02-2090
HAP-2026-02-2091,VEND-117,Teak Studio,TEA-2026-02-2091,2026-02-17,2026-03-19,3602.31,USD,HPO-2026-02-2091,PAID,2026-02-28,2026-02,premium support 2026-02,JE-HAP-2026-02-2091
HAP-2026-02-2092,VEND-121,Harbor Supply,HAR-2026-02-2092,2026-02-17,2026-03-19,156.42,USD,HPO-2026-02-2092,PAID,2026-02-28,2026-02,warehouse consumables 2026-02,JE-HAP-2026-02-2092
HAP-2026-02-2093,VEND-125,Timber Components,TIM-2026-02-2093,2026-02-17,2026-03-19,72.0,USD,HPO-2026-02-2093,PAID,2026-02-28,2026-02,security monitoring hosts 2026-02,JE-HAP-2026-02-2093
HAP-2026-02-2094,VEND-129,Ginkgo Systems,GIN-2026-02-2094,2026-02-17,2026-03-19,120.11,USD,HPO-2026-02-2094,PAID,2026-02-28,2026-02,usage overage block 2026-02,JE-HAP-2026-02-2094
HAP-2026-02-2095,VEND-133,Teak Partners,TEA-2026-02-2095,2026-02-17,2026-03-19,18000.22,USD,HPO-2026-02-2095,PAID,2026-02-28,2026-02,premium support 2026-02,JE-HAP-2026-02-2095
HAP-2026-02-2096,VEND-137,Harbor Studio,HAR-2026-02-2096,2026-02-17,2026-03-19,38.83,USD,HPO-2026-02-2096,PAID,2026-02-28,2026-02,warehouse consumables 2026-02,JE-HAP-2026-02-2096
HAP-2026-02-2097,VEND-141,Timber Supply,TIM-2026-02-2097,2026-02-17,2026-03-19,36.44,USD,HPO-2026-02-2097,PAID,2026-02-28,2026-02,security monitoring hosts 2026-02,JE-HAP-2026-02-2097
HAP-2026-02-2098,VEND-145,Ginkgo Components,GIN-2026-02-2098,2026-02-17,2026-03-19,75.55,USD,HPO-2026-02-2098,PAID,2026-02-28,2026-02,usage overage block 2026-02,JE-HAP-2026-02-2098
HAP-2026-02-2099,VEND-149,Teak Systems,TEA-2026-02-2099,2026-02-17,2026-03-19,12600.66,USD,HPO-2026-02-2099,PAID,2026-02-28,2026-02,premium support 2026-02,JE-HAP-2026-02-2099
HAP-2026-02-2100,VEND-153,Harbor Partners,HAR-2026-02-2100,2026-02-17,2026-03-19,347.27,USD,HPO-2026-02-2100,PAID,2026-02-28,2026-02,warehouse consumables 2026-02,JE-HAP-2026-02-2100
HAP-2026-02-2101,VEND-157,Timber Studio,TIM-2026-02-2101,2026-02-17,2026-03-19,132.88,USD,HPO-2026-02-2101,PAID,2026-02-28,2026-02,security monitoring hosts 2026-02,JE-HAP-2026-02-2101
HAP-2026-02-2102,VEND-161,Ginkgo Supply,GIN-2026-02-2102,2026-02-17,2026-03-19,30.99,USD,HPO-2026-02-2102,PAID,2026-02-28,2026-02,usage overage block 2026-02,JE-HAP-2026-02-2102
HAP-2026-02-2103,VEND-165,Teak Components,TEA-2026-02-2103,2026-02-17,2026-03-19,7201.1,USD,HPO-2026-02-2103,PAID,2026-02-28,2026-02,premium support 2026-02,JE-HAP-2026-02-2103
HAP-2026-02-2104,VEND-169,Harbor Systems,HAR-2026-02-2104,2026-02-17,2026-03-19,232.21,USD,HPO-2026-02-2104,PAID,2026-02-28,2026-02,warehouse consumables 2026-02,JE-HAP-2026-02-2104
HAP-2026-02-2105,VEND-173,Timber Partners,TIM-2026-02-2105,2026-02-17,2026-03-19,97.32,USD,HPO-2026-02-2105,PAID,2026-02-28,2026-02,security monitoring hosts 2026-02,JE-HAP-2026-02-2105
HAP-2026-02-2106,VEND-177,Ginkgo Studio,GIN-2026-02-2106,2026-02-17,2026-03-19,151.43,USD,HPO-2026-02-2106,PAID,2026-02-28,2026-02,usage overage block 2026-02,JE-HAP-2026-02-2106
HAP-2026-02-2107,VEND-181,Teak Supply,TEA-2026-02-2107,2026-02-17,2026-03-19,1801.54,USD,HPO-2026-02-2107,PAID,2026-02-28,2026-02,premium support 2026-02,JE-HAP-2026-02-2107
HAP-2026-02-2108,VEND-185,Harbor Components,HAR-2026-02-2108,2026-02-17,2026-03-19,117.15,USD,HPO-2026-02-2108,PAID,2026-02-28,2026-02,warehouse consumables 2026-02,JE-HAP-2026-02-2108
HAP-2026-02-2109,VEND-189,Timber Systems,TIM-2026-02-2109,2026-02-17,2026-03-19,61.76,USD,HPO-2026-02-2109,PAID,2026-02-28,2026-02,security monitoring hosts 2026-02,JE-HAP-2026-02-2109
HAP-2026-02-2110,VEND-193,Ginkgo Partners,GIN-2026-02-2110,2026-02-17,2026-03-19,106.87,USD,HPO-2026-02-2110,PAID,2026-02-28,2026-02,usage overage block 2026-02,JE-HAP-2026-02-2110
HAP-2026-02-2111,VEND-197,Teak Studio,TEA-2026-02-2111,2026-02-17,2026-03-19,16201.98,USD,HPO-2026-02-2111,PAID,2026-02-28,2026-02,premium support 2026-02,JE-HAP-2026-02-2111
HAP-2026-02-2112,VEND-201,Harbor Supply,HAR-2026-02-2112,2026-02-17,2026-03-19,425.59,USD,HPO-2026-02-2112,PAID,2026-02-28,2026-02,warehouse consumables 2026-02,JE-HAP-2026-02-2112
HAP-2026-02-2113,VEND-183,Beacon Partners,BEA-2026-02-2113,2026-02-18,2026-03-20,32.2,USD,HPO-2026-02-2113,PAID,2026-02-28,2026-02,usage overage block 2026-02,JE-HAP-2026-02-2113
HAP-2026-02-2114,VEND-187,Nimbus Studio,NIM-2026-02-2114,2026-02-18,2026-03-20,7202.31,USD,HPO-2026-02-2114,PAID,2026-02-28,2026-02,premium support 2026-02,JE-HAP-2026-02-2114
HAP-2026-02-2115,VEND-191,Alder Supply,ALD-2026-02-2115,2026-02-18,2026-03-20,233.42,USD,HPO-2026-02-2115,PAID,2026-02-28,2026-02,warehouse consumables 2026-02,JE-HAP-2026-02-2115
HAP-2026-02-2116,VEND-195,Northwood Components,NOR-2026-02-2116,2026-02-18,2026-03-20,96.0,USD,HPO-2026-02-2116,PAID,2026-02-28,2026-02,security monitoring hosts 2026-02,JE-HAP-2026-02-2116
HAP-2026-02-2117,VEND-199,Beacon Systems,BEA-2026-02-2117,2026-02-18,2026-03-20,150.11,USD,HPO-2026-02-2117,PAID,2026-02-28,2026-02,usage overage block 2026-02,JE-HAP-2026-02-2117
HAP-2026-02-2118,VEND-203,Nimbus Partners,NIM-2026-02-2118,2026-02-18,2026-03-20,1800.22,USD,HPO-2026-02-2118,PAID,2026-02-28,2026-02,premium support 2026-02,JE-HAP-2026-02-2118
HAP-2026-02-2119,VEND-207,Alder Studio,ALD-2026-02-2119,2026-02-18,2026-03-20,115.83,USD,HPO-2026-02-2119,PAID,2026-02-28,2026-02,warehouse consumables 2026-02,JE-HAP-2026-02-2119
HAP-2026-02-2120,VEND-211,Northwood Supply,NOR-2026-02-2120,2026-02-18,2026-03-20,60.44,USD,HPO-2026-02-2120,PAID,2026-02-28,2026-02,security monitoring hosts 2026-02,JE-HAP-2026-02-2120
HAP-2026-02-2121,VEND-215,Beacon Components,BEA-2026-02-2121,2026-02-18,2026-03-20,105.55,USD,HPO-2026-02-2121,PAID,2026-02-28,2026-02,usage overage block 2026-02,JE-HAP-2026-02-2121
HAP-2026-02-2122,VEND-219,Nimbus Systems,NIM-2026-02-2122,2026-02-18,2026-03-20,16200.66,USD,HPO-2026-02-2122,PAID,2026-02-28,2026-02,premium support 2026-02,JE-HAP-2026-02-2122
HAP-2026-02-2123,VEND-223,Alder Partners,ALD-2026-02-2123,2026-02-18,2026-03-20,424.27,USD,HPO-2026-02-2123,PAID,2026-02-28,2026-02,warehouse consumables 2026-02,JE-HAP-2026-02-2123
HAP-2026-02-2124,VEND-227,Northwood Studio,NOR-2026-02-2124,2026-02-18,2026-03-20,24.88,USD,HPO-2026-02-2124,PAID,2026-02-28,2026-02,security monitoring hosts 2026-02,JE-HAP-2026-02-2124
HAP-2026-02-2125,VEND-231,Beacon Supply,BEA-2026-02-2125,2026-02-18,2026-03-20,60.99,USD,HPO-2026-02-2125,PAID,2026-02-28,2026-02,usage overage block 2026-02,JE-HAP-2026-02-2125
HAP-2026-02-2126,VEND-235,Nimbus Components,NIM-2026-02-2126,2026-02-18,2026-03-20,10801.1,USD,HPO-2026-02-2126,PAID,2026-02-28,2026-02,premium support 2026-02,JE-HAP-2026-02-2126
HAP-2026-02-2127,VEND-239,Alder Systems,ALD-2026-02-2127,2026-02-18,2026-03-20,309.21,USD,HPO-2026-02-2127,PAID,2026-02-28,2026-02,warehouse consumables 2026-02,JE-HAP-2026-02-2127
HAP-2026-02-2128,VEND-243,Northwood Partners,NOR-2026-02-2128,2026-02-18,2026-03-20,121.32,USD,HPO-2026-02-2128,PAID,2026-02-28,2026-02,security monitoring hosts 2026-02,JE-HAP-2026-02-2128
HAP-2026-02-2129,VEND-247,Beacon Studio,BEA-2026-02-2129,2026-02-18,2026-03-20,16.43,USD,HPO-2026-02-2129,PAID,2026-02-28,2026-02,usage overage block 2026-02,JE-HAP-2026-02-2129
HAP-2026-02-2130,VEND-251,Nimbus Supply,NIM-2026-02-2130,2026-02-18,2026-03-20,5401.54,USD,HPO-2026-02-2130,PAID,2026-02-28,2026-02,premium support 2026-02,JE-HAP-2026-02-2130
HAP-2026-02-2131,VEND-255,Alder Components,ALD-2026-02-2131,2026-02-18,2026-03-20,194.15,USD,HPO-2026-02-2131,PAID,2026-02-28,2026-02,warehouse consumables 2026-02,JE-HAP-2026-02-2131
HAP-2026-02-2132,VEND-259,Northwood Systems,NOR-2026-02-2132,2026-02-18,2026-03-20,85.76,USD,HPO-2026-02-2132,PAID,2026-02-28,2026-02,security monitoring hosts 2026-02,JE-HAP-2026-02-2132
HAP-2026-02-2133,VEND-263,Beacon Partners,BEA-2026-02-2133,2026-02-18,2026-03-20,136.87,USD,HPO-2026-02-2133,PAID,2026-02-28,2026-02,usage overage block 2026-02,JE-HAP-2026-02-2133
HAP-2026-02-2134,VEND-267,Nimbus Studio,NIM-2026-02-2134,2026-02-18,2026-03-20,19801.98,USD,HPO-2026-02-2134,PAID,2026-02-28,2026-02,premium support 2026-02,JE-HAP-2026-02-2134
HAP-2026-02-2135,VEND-249,Harbor Systems,HAR-2026-02-2135,2026-02-19,2026-03-21,26.09,USD,HPO-2026-02-2135,PAID,2026-02-28,2026-02,security monitoring hosts 2026-02,JE-HAP-2026-02-2135
HAP-2026-02-2136,VEND-253,Timber Partners,TIM-2026-02-2136,2026-02-19,2026-03-21,62.2,USD,HPO-2026-02-2136,PAID,2026-02-28,2026-02,usage overage block 2026-02,JE-HAP-2026-02-2136
HAP-2026-02-2137,VEND-257,Ginkgo Studio,GIN-2026-02-2137,2026-02-19,2026-03-21,10802.31,USD,HPO-2026-02-2137,PAID,2026-02-28,2026-02,premium support 2026-02,JE-HAP-2026-02-2137
HAP-2026-02-2138,VEND-261,Teak Supply,TEA-2026-02-2138,2026-02-19,2026-03-21,310.42,USD,HPO-2026-02-2138,PAID,2026-02-28,2026-02,warehouse consumables 2026-02,JE-HAP-2026-02-2138
HAP-2026-02-2139,VEND-265,Harbor Components,HAR-2026-02-2139,2026-02-19,2026-03-21,120.0,USD,HPO-2026-02-2139,PAID,2026-02-28,2026-02,security monitoring hosts 2026-02,JE-HAP-2026-02-2139
HAP-2026-02-2140,VEND-269,Timber Systems,TIM-2026-02-2140,2026-02-19,2026-03-21,15.11,USD,HPO-2026-02-2140,PAID,2026-02-28,2026-02,usage overage block 2026-02,JE-HAP-2026-02-2140
HAP-2026-02-2141,VEND-273,Ginkgo Partners,GIN-2026-02-2141,2026-02-19,2026-03-21,5400.22,USD,HPO-2026-02-2141,PAID,2026-02-28,2026-02,premium support 2026-02,JE-HAP-2026-02-2141
HAP-2026-02-2142,VEND-277,Teak Studio,TEA-2026-02-2142,2026-02-19,2026-03-21,192.83,USD,HPO-2026-02-2142,PAID,2026-02-28,2026-02,warehouse consumables 2026-02,JE-HAP-2026-02-2142
HAP-2026-02-2143,VEND-281,Harbor Supply,HAR-2026-02-2143,2026-02-19,2026-03-21,84.44,USD,HPO-2026-02-2143,PAID,2026-02-28,2026-02,security monitoring hosts 2026-02,JE-HAP-2026-02-2143
HAP-2026-02-2144,VEND-285,Timber Components,TIM-2026-02-2144,2026-02-19,2026-03-21,135.55,USD,HPO-2026-02-2144,PAID,2026-02-28,2026-02,usage overage block 2026-02,JE-HAP-2026-02-2144
HAP-2026-02-2145,VEND-289,Ginkgo Systems,GIN-2026-02-2145,2026-02-19,2026-03-21,19800.66,USD,HPO-2026-02-2145,PAID,2026-02-28,2026-02,premium support 2026-02,JE-HAP-2026-02-2145
HAP-2026-02-2146,VEND-293,Teak Partners,TEA-2026-02-2146,2026-02-19,2026-03-21,77.77,USD,HPO-2026-02-2146,PAID,2026-02-28,2026-02,warehouse consumables 2026-02,JE-HAP-2026-02-2146
HAP-2026-02-2147,VEND-297,Harbor Studio,HAR-2026-02-2147,2026-02-19,2026-03-21,48.88,USD,HPO-2026-02-2147,PAID,2026-02-28,2026-02,security monitoring hosts 2026-02,JE-HAP-2026-02-2147
HAP-2026-02-2148,VEND-301,Timber Supply,TIM-2026-02-2148,2026-02-19,2026-03-21,90.99,USD,HPO-2026-02-2148,PAID,2026-02-28,2026-02,usage overage block 2026-02,JE-HAP-2026-02-2148
HAP-2026-02-2149,VEND-305,Ginkgo Components,GIN-2026-02-2149,2026-02-19,2026-03-21,14401.1,USD,HPO-2026-02-2149,PAID,2026-02-28,2026-02,premium support 2026-02,JE-HAP-2026-02-2149
HAP-2026-02-2150,VEND-309,Teak Systems,TEA-2026-02-2150,2026-02-19,2026-03-21,386.21,USD,HPO-2026-02-2150,PAID,2026-02-28,2026-02,warehouse consumables 2026-02,JE-HAP-2026-02-2150
HAP-2026-02-2151,VEND-313,Harbor Partners,HAR-2026-02-2151,2026-02-19,2026-03-21,13.32,USD,HPO-2026-02-2151,PAID,2026-02-28,2026-02,security monitoring hosts 2026-02,JE-HAP-2026-02-2151
HAP-2026-02-2152,VEND-317,Timber Studio,TIM-2026-02-2152,2026-02-19,2026-03-21,46.43,USD,HPO-2026-02-2152,PAID,2026-02-28,2026-02,usage overage block 2026-02,JE-HAP-2026-02-2152
HAP-2026-02-2153,VEND-321,Ginkgo Supply,GIN-2026-02-2153,2026-02-19,2026-03-21,9001.54,USD,HPO-2026-02-2153,PAID,2026-02-28,2026-02,premium support 2026-02,JE-HAP-2026-02-2153
HAP-2026-02-2154,VEND-001-DUP,Acme Supplies LLC,ACM-2026-02-2154,2026-02-19,2026-03-21,271.15,USD,HPO-2026-02-2154,PAID,2026-02-28,2026-02,warehouse consumables 2026-02,JE-HAP-2026-02-2154
HAP-2026-02-2155,VEND-004,Office Depot,OFF-2026-02-2155,2026-02-19,2026-03-21,109.76,USD,HPO-2026-02-2155,PAID,2026-02-28,2026-02,security monitoring hosts 2026-02,JE-HAP-2026-02-2155
HAP-2026-02-2156,VEND-008,Figma,FIG-2026-02-2156,2026-02-19,2026-03-21,166.87,USD,HPO-2026-02-2156,PAID,2026-02-28,2026-02,usage overage block 2026-02,JE-HAP-2026-02-2156
HAP-2026-02-2157,VEND-315,Nimbus Components,NIM-2026-02-2157,2026-02-20,2026-03-22,78.98,USD,HPO-2026-02-2157,PAID,2026-02-28,2026-02,warehouse consumables 2026-02,JE-HAP-2026-02-2157
HAP-2026-02-2158,VEND-319,Alder Systems,ALD-2026-02-2158,2026-02-20,2026-03-22,50.09,USD,HPO-2026-02-2158,PAID,2026-02-28,2026-02,security monitoring hosts 2026-02,JE-HAP-2026-02-2158
HAP-2026-02-2159,VEND-323,Northwood Partners,NOR-2026-02-2159,2026-02-20,2026-03-22,92.2,USD,HPO-2026-02-2159,PAID,2026-02-28,2026-02,usage overage block 2026-02,JE-HAP-2026-02-2159
HAP-2026-02-2160,VEND-002,Amazon Web Services,AMA-2026-02-2160,2026-02-20,2026-03-22,14402.31,USD,HPO-2026-02-2160,PAID,2026-02-28,2026-02,premium support 2026-02,JE-HAP-2026-02-2160
HAP-2026-02-2161,VEND-006,Datadog,DAT-2026-02-2161,2026-02-20,2026-03-22,387.42,USD,HPO-2026-02-2161,PAID,2026-02-28,2026-02,warehouse consumables 2026-02,JE-HAP-2026-02-2161
HAP-2026-02-2162,VEND-011,Hartford Insurance,HAR-2026-02-2162,2026-02-20,2026-03-22,12.0,USD,HPO-2026-02-2162,PAID,2026-02-28,2026-02,security monitoring hosts 2026-02,JE-HAP-2026-02-2162
HAP-2026-02-2163,VEND-015,Harbor Electric,HAR-2026-02-2163,2026-02-20,2026-03-22,45.11,USD,HPO-2026-02-2163,PAID,2026-02-28,2026-02,usage overage block 2026-02,JE-HAP-2026-02-2163
HAP-2026-02-2164,VEND-019,Freightline Logistics,FRE-2026-02-2164,2026-02-20,2026-03-22,9000.22,USD,HPO-2026-02-2164,PAID,2026-02-28,2026-02,premium support 2026-02,JE-HAP-2026-02-2164
HAP-2026-02-2165,VEND-023,Notion Labs,NOT-2026-02-2165,2026-02-20,2026-03-22,269.83,USD,HPO-2026-02-2165,PAID,2026-02-28,2026-02,warehouse consumables 2026-02,JE-HAP-2026-02-2165
HAP-2026-02-2166,VEND-027,Zoom Video,ZOO-2026-02-2166,2026-02-20,2026-03-22,108.44,USD,HPO-2026-02-2166,PAID,2026-02-28,2026-02,security monitoring hosts 2026-02,JE-HAP-2026-02-2166
HAP-2026-02-2167,VEND-031,Helios Hardware Supply,HEL-2026-02-2167,2026-02-20,2026-03-22,165.55,USD,HPO-2026-02-2167,PAID,2026-02-28,2026-02,usage overage block 2026-02,JE-HAP-2026-02-2167
HAP-2026-02-2168,VEND-035,ADP,ADP-2026-02-2168,2026-02-20,2026-03-22,3600.66,USD,HPO-2026-02-2168,PAID,2026-02-28,2026-02,premium support 2026-02,JE-HAP-2026-02-2168
HAP-2026-02-2169,VEND-039,CleanRoom Janitorial,CLE-2026-02-2169,2026-02-20,2026-03-22,154.77,USD,HPO-2026-02-2169,PAID,2026-02-28,2026-02,warehouse consumables 2026-02,JE-HAP-2026-02-2169
HAP-2026-02-2170,VEND-043,Adyen NV,ADY-2026-02-2170,2026-02-20,2026-03-22,72.88,USD,HPO-2026-02-2170,PAID,2026-02-28,2026-02,security monitoring hosts 2026-02,JE-HAP-2026-02-2170
HAP-2026-02-2171,VEND-047,Carta,CAR-2026-02-2171,2026-02-20,2026-03-22,120.99,USD,HPO-2026-02-2171,PAID,2026-02-28,2026-02,usage overage block 2026-02,JE-HAP-2026-02-2171
HAP-2026-02-2172,VEND-051,Northwood Supply,NOR-2026-02-2172,2026-02-20,2026-03-22,18001.1,USD,HPO-2026-02-2172,PAID,2026-02-28,2026-02,premium support 2026-02,JE-HAP-2026-02-2172
HAP-2026-02-2173,VEND-055,Beacon Components,BEA-2026-02-2173,2026-02-20,2026-03-22,39.71,USD,HPO-2026-02-2173,PAID,2026-02-28,2026-02,warehouse consumables 2026-02,JE-HAP-2026-02-2173
HAP-2026-02-2174,VEND-059,Nimbus Systems,NIM-2026-02-2174,2026-02-20,2026-03-22,37.32,USD,HPO-2026-02-2174,PAID,2026-02-28,2026-02,security monitoring hosts 2026-02,JE-HAP-2026-02-2174
HAP-2026-02-2175,VEND-063,Alder Partners,ALD-2026-02-2175,2026-02-20,2026-03-22,76.43,USD,HPO-2026-02-2175,PAID,2026-02-28,2026-02,usage overage block 2026-02,JE-HAP-2026-02-2175
HAP-2026-02-2176,VEND-067,Northwood Studio,NOR-2026-02-2176,2026-02-20,2026-03-22,12601.54,USD,HPO-2026-02-2176,PAID,2026-02-28,2026-02,premium support 2026-02,JE-HAP-2026-02-2176
HAP-2026-02-2177,VEND-071,Beacon Supply,BEA-2026-02-2177,2026-02-20,2026-03-22,348.15,USD,HPO-2026-02-2177,PAID,2026-02-28,2026-02,warehouse consumables 2026-02,JE-HAP-2026-02-2177
HAP-2026-02-2178,VEND-075,Nimbus Components,NIM-2026-02-2178,2026-02-20,2026-03-22,133.76,USD,HPO-2026-02-2178,PAID,2026-02-28,2026-02,security monitoring hosts 2026-02,JE-HAP-2026-02-2178
HAP-2026-02-2179,VEND-057,Harbor Studio,HAR-2026-02-2179,2026-02-21,2026-03-23,3601.87,USD,HPO-2026-02-2179,PAID,2026-02-28,2026-02,premium support 2026-02,JE-HAP-2026-02-2179
HAP-2026-02-2180,VEND-061,Timber Supply,TIM-2026-02-2180,2026-02-21,2026-03-23,155.98,USD,HPO-2026-02-2180,PAID,2026-02-28,2026-02,warehouse consumables 2026-02,JE-HAP-2026-02-2180
HAP-2026-02-2181,VEND-065,Ginkgo Components,GIN-2026-02-2181,2026-02-21,2026-03-23,74.09,USD,HPO-2026-02-2181,PAID,2026-02-28,2026-02,security monitoring hosts 2026-02,JE-HAP-2026-02-2181
HAP-2026-02-2182,VEND-069,Teak Systems,TEA-2026-02-2182,2026-02-21,2026-03-23,122.2,USD,HPO-2026-02-2182,PAID,2026-02-28,2026-02,usage overage block 2026-02,JE-HAP-2026-02-2182
HAP-2026-02-2183,VEND-073,Harbor Partners,HAR-2026-02-2183,2026-02-21,2026-03-23,18002.31,USD,HPO-2026-02-2183,PAID,2026-02-28,2026-02,premium support 2026-02,JE-HAP-2026-02-2183
HAP-2026-02-2184,VEND-077,Timber Studio,TIM-2026-02-2184,2026-02-21,2026-03-23,40.92,USD,HPO-2026-02-2184,PAID,2026-02-28,2026-02,warehouse consumables 2026-02,JE-HAP-2026-02-2184
HAP-2026-02-2185,VEND-081,Ginkgo Supply,GIN-2026-02-2185,2026-02-21,2026-03-23,36.0,USD,HPO-2026-02-2185,PAID,2026-02-28,2026-02,security monitoring hosts 2026-02,JE-HAP-2026-02-2185
HAP-2026-02-2186,VEND-085,Teak Components,TEA-2026-02-2186,2026-02-21,2026-03-23,75.11,USD,HPO-2026-02-2186,PAID,2026-02-28,2026-02,usage overage block 2026-02,JE-HAP-2026-02-2186
HAP-2026-02-2187,VEND-089,Harbor Systems,HAR-2026-02-2187,2026-02-21,2026-03-23,12600.22,USD,HPO-2026-02-2187,PAID,2026-02-28,2026-02,premium support 2026-02,JE-HAP-2026-02-2187
HAP-2026-02-2188,VEND-093,Timber Partners,TIM-2026-02-2188,2026-02-21,2026-03-23,346.83,USD,HPO-2026-02-2188,PAID,2026-02-28,2026-02,warehouse consumables 2026-02,JE-HAP-2026-02-2188
HAP-2026-02-2189,VEND-097,Ginkgo Studio,GIN-2026-02-2189,2026-02-21,2026-03-23,132.44,USD,HPO-2026-02-2189,PAID,2026-02-28,2026-02,security monitoring hosts 2026-02,JE-HAP-2026-02-2189
HAP-2026-02-2190,VEND-101,Teak Supply,TEA-2026-02-2190,2026-02-21,2026-03-23,30.55,USD,HPO-2026-02-2190,PAID,2026-02-28,2026-02,usage overage block 2026-02,JE-HAP-2026-02-2190
HAP-2026-02-2191,VEND-105,Harbor Components,HAR-2026-02-2191,2026-02-21,2026-03-23,7200.66,USD,HPO-2026-02-2191,PAID,2026-02-28,2026-02,premium support 2026-02,JE-HAP-2026-02-2191
HAP-2026-02-2192,VEND-109,Timber Systems,TIM-2026-02-2192,2026-02-21,2026-03-23,231.77,USD,HPO-2026-02-2192,PAID,2026-02-28,2026-02,warehouse consumables 2026-02,JE-HAP-2026-02-2192
HAP-2026-02-2193,VEND-113,Ginkgo Partners,GIN-2026-02-2193,2026-02-21,2026-03-23,96.88,USD,HPO-2026-02-2193,PAID,2026-02-28,2026-02,security monitoring hosts 2026-02,JE-HAP-2026-02-2193
HAP-2026-02-2194,VEND-117,Teak Studio,TEA-2026-02-2194,2026-02-21,2026-03-23,150.99,USD,HPO-2026-02-2194,PAID,2026-02-28,2026-02,usage overage block 2026-02,JE-HAP-2026-02-2194
HAP-2026-02-2195,VEND-121,Harbor Supply,HAR-2026-02-2195,2026-02-21,2026-03-23,1801.1,USD,HPO-2026-02-2195,PAID,2026-02-28,2026-02,premium support 2026-02,JE-HAP-2026-02-2195
HAP-2026-02-2196,VEND-125,Timber Components,TIM-2026-02-2196,2026-02-21,2026-03-23,116.71,USD,HPO-2026-02-2196,PAID,2026-02-28,2026-02,warehouse consumables 2026-02,JE-HAP-2026-02-2196
HAP-2026-02-2197,VEND-129,Ginkgo Systems,GIN-2026-02-2197,2026-02-21,2026-03-23,61.32,USD,HPO-2026-02-2197,PAID,2026-02-28,2026-02,security monitoring hosts 2026-02,JE-HAP-2026-02-2197
HAP-2026-02-2198,VEND-133,Teak Partners,TEA-2026-02-2198,2026-02-21,2026-03-23,106.43,USD,HPO-2026-02-2198,PAID,2026-02-28,2026-02,usage overage block 2026-02,JE-HAP-2026-02-2198
HAP-2026-02-2199,VEND-137,Harbor Studio,HAR-2026-02-2199,2026-02-21,2026-03-23,16201.54,USD,HPO-2026-02-2199,PAID,2026-02-28,2026-02,premium support 2026-02,JE-HAP-2026-02-2199
HAP-2026-02-2200,VEND-141,Timber Supply,TIM-2026-02-2200,2026-02-21,2026-03-23,425.15,USD,HPO-2026-02-2200,PAID,2026-02-28,2026-02,warehouse consumables 2026-02,JE-HAP-2026-02-2200
HAP-2026-03-2201,VEND-123,Nimbus Partners,NIM-2026-03-2201,2026-03-02,2026-04-01,31.76,USD,HPO-2026-03-2201,PAID,2026-03-20,2026-03,usage overage block 2026-03,JE-HAP-2026-03-2201
HAP-2026-03-2202,VEND-127,Alder Studio,ALD-2026-03-2202,2026-03-02,2026-04-01,7201.87,USD,HPO-2026-03-2202,PAID,2026-03-20,2026-03,premium support 2026-03,JE-HAP-2026-03-2202
HAP-2026-03-2203,VEND-131,Northwood Supply,NOR-2026-03-2203,2026-03-02,2026-04-01,232.98,USD,HPO-2026-03-2203,PAID,2026-03-20,2026-03,warehouse consumables 2026-03,JE-HAP-2026-03-2203
HAP-2026-03-2204,VEND-135,Beacon Components,BEA-2026-03-2204,2026-03-02,2026-04-01,98.09,USD,HPO-2026-03-2204,PAID,2026-03-20,2026-03,security monitoring hosts 2026-03,JE-HAP-2026-03-2204
HAP-2026-03-2205,VEND-139,Nimbus Systems,NIM-2026-03-2205,2026-03-02,2026-04-01,152.2,USD,HPO-2026-03-2205,PAID,2026-03-20,2026-03,usage overage block 2026-03,JE-HAP-2026-03-2205
HAP-2026-03-2206,VEND-143,Alder Partners,ALD-2026-03-2206,2026-03-02,2026-04-01,1802.31,USD,HPO-2026-03-2206,PAID,2026-03-20,2026-03,premium support 2026-03,JE-HAP-2026-03-2206
HAP-2026-03-2207,VEND-147,Northwood Studio,NOR-2026-03-2207,2026-03-02,2026-04-01,117.92,USD,HPO-2026-03-2207,PAID,2026-03-20,2026-03,warehouse consumables 2026-03,JE-HAP-2026-03-2207
HAP-2026-03-2208,VEND-151,Beacon Supply,BEA-2026-03-2208,2026-03-02,2026-04-01,60.0,USD,HPO-2026-03-2208,PAID,2026-03-20,2026-03,security monitoring hosts 2026-03,JE-HAP-2026-03-2208
HAP-2026-03-2209,VEND-155,Nimbus Components,NIM-2026-03-2209,2026-03-02,2026-04-01,105.11,USD,HPO-2026-03-2209,PAID,2026-03-20,2026-03,usage overage block 2026-03,JE-HAP-2026-03-2209
HAP-2026-03-2210,VEND-159,Alder Systems,ALD-2026-03-2210,2026-03-02,2026-04-01,16200.22,USD,HPO-2026-03-2210,PAID,2026-03-20,2026-03,premium support 2026-03,JE-HAP-2026-03-2210
HAP-2026-03-2211,VEND-163,Northwood Partners,NOR-2026-03-2211,2026-03-02,2026-04-01,423.83,USD,HPO-2026-03-2211,PAID,2026-03-20,2026-03,warehouse consumables 2026-03,JE-HAP-2026-03-2211
HAP-2026-03-2212,VEND-167,Beacon Studio,BEA-2026-03-2212,2026-03-02,2026-04-01,24.44,USD,HPO-2026-03-2212,PAID,2026-03-20,2026-03,security monitoring hosts 2026-03,JE-HAP-2026-03-2212
HAP-2026-03-2213,VEND-171,Nimbus Supply,NIM-2026-03-2213,2026-03-02,2026-04-01,60.55,USD,HPO-2026-03-2213,PAID,2026-03-20,2026-03,usage overage block 2026-03,JE-HAP-2026-03-2213
HAP-2026-03-2214,VEND-175,Alder Components,ALD-2026-03-2214,2026-03-02,2026-04-01,10800.66,USD,HPO-2026-03-2214,PAID,2026-03-20,2026-03,premium support 2026-03,JE-HAP-2026-03-2214
HAP-2026-03-2215,VEND-179,Northwood Systems,NOR-2026-03-2215,2026-03-02,2026-04-01,308.77,USD,HPO-2026-03-2215,PAID,2026-03-20,2026-03,warehouse consumables 2026-03,JE-HAP-2026-03-2215
HAP-2026-03-2216,VEND-183,Beacon Partners,BEA-2026-03-2216,2026-03-02,2026-04-01,120.88,USD,HPO-2026-03-2216,PAID,2026-03-20,2026-03,security monitoring hosts 2026-03,JE-HAP-2026-03-2216
HAP-2026-03-2217,VEND-187,Nimbus Studio,NIM-2026-03-2217,2026-03-02,2026-04-01,15.99,USD,HPO-2026-03-2217,PAID,2026-03-20,2026-03,usage overage block 2026-03,JE-HAP-2026-03-2217
HAP-2026-03-2218,VEND-191,Alder Supply,ALD-2026-03-2218,2026-03-02,2026-04-01,5401.1,USD,HPO-2026-03-2218,PAID,2026-03-20,2026-03,premium support 2026-03,JE-HAP-2026-03-2218
HAP-2026-03-2219,VEND-195,Northwood Components,NOR-2026-03-2219,2026-03-02,2026-04-01,193.71,USD,HPO-2026-03-2219,PAID,2026-03-20,2026-03,warehouse consumables 2026-03,JE-HAP-2026-03-2219
HAP-2026-03-2220,VEND-199,Beacon Systems,BEA-2026-03-2220,2026-03-02,2026-04-01,85.32,USD,HPO-2026-03-2220,PAID,2026-03-20,2026-03,security monitoring hosts 2026-03,JE-HAP-2026-03-2220
HAP-2026-03-2221,VEND-203,Nimbus Partners,NIM-2026-03-2221,2026-03-02,2026-04-01,136.43,USD,HPO-2026-03-2221,PAID,2026-03-20,2026-03,usage overage block 2026-03,JE-HAP-2026-03-2221
HAP-2026-03-2222,VEND-207,Alder Studio,ALD-2026-03-2222,2026-03-02,2026-04-01,19801.54,USD,HPO-2026-03-2222,PAID,2026-03-20,2026-03,premium support 2026-03,JE-HAP-2026-03-2222
HAP-2026-03-2223,VEND-189,Timber Systems,TIM-2026-03-2223,2026-03-03,2026-04-02,25.65,USD,HPO-2026-03-2223,PAID,2026-03-21,2026-03,security monitoring hosts 2026-03,JE-HAP-2026-03-2223
HAP-2026-03-2224,VEND-193,Ginkgo Partners,GIN-2026-03-2224,2026-03-03,2026-04-02,61.76,USD,HPO-2026-03-2224,PAID,2026-03-21,2026-03,usage overage block 2026-03,JE-HAP-2026-03-2224
HAP-2026-03-2225,VEND-197,Teak Studio,TEA-2026-03-2225,2026-03-03,2026-04-02,10801.87,USD,HPO-2026-03-2225,PAID,2026-03-21,2026-03,premium support 2026-03,JE-HAP-2026-03-2225
HAP-2026-03-2226,VEND-201,Harbor Supply,HAR-2026-03-2226,2026-03-03,2026-04-02,309.98,USD,HPO-2026-03-2226,PAID,2026-03-21,2026-03,warehouse consumables 2026-03,JE-HAP-2026-03-2226
HAP-2026-03-2227,VEND-205,Timber Components,TIM-2026-03-2227,2026-03-03,2026-04-02,122.09,USD,HPO-2026-03-2227,PAID,2026-03-21,2026-03,security monitoring hosts 2026-03,JE-HAP-2026-03-2227
HAP-2026-03-2228,VEND-209,Ginkgo Systems,GIN-2026-03-2228,2026-03-03,2026-04-02,17.2,USD,HPO-2026-03-2228,PAID,2026-03-21,2026-03,usage overage block 2026-03,JE-HAP-2026-03-2228
HAP-2026-03-2229,VEND-213,Teak Partners,TEA-2026-03-2229,2026-03-03,2026-04-02,5402.31,USD,HPO-2026-03-2229,PAID,2026-03-21,2026-03,premium support 2026-03,JE-HAP-2026-03-2229
HAP-2026-03-2230,VEND-217,Harbor Studio,HAR-2026-03-2230,2026-03-03,2026-04-02,194.92,USD,HPO-2026-03-2230,PAID,2026-03-21,2026-03,warehouse consumables 2026-03,JE-HAP-2026-03-2230
HAP-2026-03-2231,VEND-221,Timber Supply,TIM-2026-03-2231,2026-03-03,2026-04-02,84.0,USD,HPO-2026-03-2231,PAID,2026-03-21,2026-03,security monitoring hosts 2026-03,JE-HAP-2026-03-2231
HAP-2026-03-2232,VEND-225,Ginkgo Components,GIN-2026-03-2232,2026-03-03,2026-04-02,135.11,USD,HPO-2026-03-2232,PAID,2026-03-21,2026-03,usage overage block 2026-03,JE-HAP-2026-03-2232
HAP-2026-03-2233,VEND-229,Teak Systems,TEA-2026-03-2233,2026-03-03,2026-04-02,19800.22,USD,HPO-2026-03-2233,PAID,2026-03-21,2026-03,premium support 2026-03,JE-HAP-2026-03-2233
HAP-2026-03-2234,VEND-233,Harbor Partners,HAR-2026-03-2234,2026-03-03,2026-04-02,77.33,USD,HPO-2026-03-2234,PAID,2026-03-21,2026-03,warehouse consumables 2026-03,JE-HAP-2026-03-2234
HAP-2026-03-2235,VEND-237,Timber Studio,TIM-2026-03-2235,2026-03-03,2026-04-02,48.44,USD,HPO-2026-03-2235,PAID,2026-03-21,2026-03,security monitoring hosts 2026-03,JE-HAP-2026-03-2235
HAP-2026-03-2236,VEND-241,Ginkgo Supply,GIN-2026-03-2236,2026-03-03,2026-04-02,90.55,USD,HPO-2026-03-2236,PAID,2026-03-21,2026-03,usage overage block 2026-03,JE-HAP-2026-03-2236
HAP-2026-03-2237,VEND-245,Teak Components,TEA-2026-03-2237,2026-03-03,2026-04-02,14400.66,USD,HPO-2026-03-2237,PAID,2026-03-21,2026-03,premium support 2026-03,JE-HAP-2026-03-2237
HAP-2026-03-2238,VEND-249,Harbor Systems,HAR-2026-03-2238,2026-03-03,2026-04-02,385.77,USD,HPO-2026-03-2238,PAID,2026-03-21,2026-03,warehouse consumables 2026-03,JE-HAP-2026-03-2238
HAP-2026-03-2239,VEND-253,Timber Partners,TIM-2026-03-2239,2026-03-03,2026-04-02,12.88,USD,HPO-2026-03-2239,PAID,2026-03-21,2026-03,security monitoring hosts 2026-03,JE-HAP-2026-03-2239
HAP-2026-03-2240,VEND-257,Ginkgo Studio,GIN-2026-03-2240,2026-03-03,2026-04-02,45.99,USD,HPO-2026-03-2240,PAID,2026-03-21,2026-03,usage overage block 2026-03,JE-HAP-2026-03-2240
HAP-2026-03-2241,VEND-261,Teak Supply,TEA-2026-03-2241,2026-03-03,2026-04-02,9001.1,USD,HPO-2026-03-2241,PAID,2026-03-21,2026-03,premium support 2026-03,JE-HAP-2026-03-2241
HAP-2026-03-2242,VEND-265,Harbor Components,HAR-2026-03-2242,2026-03-03,2026-04-02,270.71,USD,HPO-2026-03-2242,PAID,2026-03-21,2026-03,warehouse consumables 2026-03,JE-HAP-2026-03-2242
HAP-2026-03-2243,VEND-269,Timber Systems,TIM-2026-03-2243,2026-03-03,2026-04-02,109.32,USD,HPO-2026-03-2243,PAID,2026-03-21,2026-03,security monitoring hosts 2026-03,JE-HAP-2026-03-2243
HAP-2026-03-2244,VEND-273,Ginkgo Partners,GIN-2026-03-2244,2026-03-03,2026-04-02,166.43,USD,HPO-2026-03-2244,PAID,2026-03-21,2026-03,usage overage block 2026-03,JE-HAP-2026-03-2244
HAP-2026-03-2245,VEND-255,Alder Components,ALD-2026-03-2245,2026-03-04,2026-04-03,78.54,USD,HPO-2026-03-2245,PAID,2026-03-22,2026-03,warehouse consumables 2026-03,JE-HAP-2026-03-2245
HAP-2026-03-2246,VEND-259,Northwood Systems,NOR-2026-03-2246,2026-03-04,2026-04-03,49.65,USD,HPO-2026-03-2246,PAID,2026-03-22,2026-03,security monitoring hosts 2026-03,JE-HAP-2026-03-2246
HAP-2026-03-2247,VEND-263,Beacon Partners,BEA-2026-03-2247,2026-03-04,2026-04-03,91.76,USD,HPO-2026-03-2247,PAID,2026-03-22,2026-03,usage overage block 2026-03,JE-HAP-2026-03-2247
HAP-2026-03-2248,VEND-267,Nimbus Studio,NIM-2026-03-2248,2026-03-04,2026-04-03,14401.87,USD,HPO-2026-03-2248,PAID,2026-03-22,2026-03,premium support 2026-03,JE-HAP-2026-03-2248
HAP-2026-03-2249,VEND-271,Alder Supply,ALD-2026-03-2249,2026-03-04,2026-04-03,386.98,USD,HPO-2026-03-2249,PAID,2026-03-22,2026-03,warehouse consumables 2026-03,JE-HAP-2026-03-2249
HAP-2026-03-2250,VEND-275,Northwood Components,NOR-2026-03-2250,2026-03-04,2026-04-03,14.09,USD,HPO-2026-03-2250,PAID,2026-03-22,2026-03,security monitoring hosts 2026-03,JE-HAP-2026-03-2250
HAP-2026-03-2251,VEND-279,Beacon Systems,BEA-2026-03-2251,2026-03-04,2026-04-03,47.2,USD,HPO-2026-03-2251,PAID,2026-03-22,2026-03,usage overage block 2026-03,JE-HAP-2026-03-2251
HAP-2026-03-2252,VEND-283,Nimbus Partners,NIM-2026-03-2252,2026-03-04,2026-04-03,9002.31,USD,HPO-2026-03-2252,PAID,2026-03-22,2026-03,premium support 2026-03,JE-HAP-2026-03-2252
HAP-2026-03-2253,VEND-287,Alder Studio,ALD-2026-03-2253,2026-03-04,2026-04-03,271.92,USD,HPO-2026-03-2253,PAID,2026-03-22,2026-03,warehouse consumables 2026-03,JE-HAP-2026-03-2253
HAP-2026-03-2254,VEND-291,Northwood Supply,NOR-2026-03-2254,2026-03-04,2026-04-03,108.0,USD,HPO-2026-03-2254,PAID,2026-03-22,2026-03,security monitoring hosts 2026-03,JE-HAP-2026-03-2254
HAP-2026-03-2255,VEND-295,Beacon Components,BEA-2026-03-2255,2026-03-04,2026-04-03,165.11,USD,HPO-2026-03-2255,PAID,2026-03-22,2026-03,usage overage block 2026-03,JE-HAP-2026-03-2255
HAP-2026-03-2256,VEND-299,Nimbus Systems,NIM-2026-03-2256,2026-03-04,2026-04-03,3600.22,USD,HPO-2026-03-2256,PAID,2026-03-22,2026-03,premium support 2026-03,JE-HAP-2026-03-2256
HAP-2026-03-2257,VEND-303,Alder Partners,ALD-2026-03-2257,2026-03-04,2026-04-03,154.33,USD,HPO-2026-03-2257,PAID,2026-03-22,2026-03,warehouse consumables 2026-03,JE-HAP-2026-03-2257
HAP-2026-03-2258,VEND-307,Northwood Studio,NOR-2026-03-2258,2026-03-04,2026-04-03,72.44,USD,HPO-2026-03-2258,PAID,2026-03-22,2026-03,security monitoring hosts 2026-03,JE-HAP-2026-03-2258
HAP-2026-03-2259,VEND-311,Beacon Supply,BEA-2026-03-2259,2026-03-04,2026-04-03,120.55,USD,HPO-2026-03-2259,PAID,2026-03-22,2026-03,usage overage block 2026-03,JE-HAP-2026-03-2259
HAP-2026-03-2260,VEND-315,Nimbus Components,NIM-2026-03-2260,2026-03-04,2026-04-03,18000.66,USD,HPO-2026-03-2260,PAID,2026-03-22,2026-03,premium support 2026-03,JE-HAP-2026-03-2260
HAP-2026-03-2261,VEND-319,Alder Systems,ALD-2026-03-2261,2026-03-04,2026-04-03,39.27,USD,HPO-2026-03-2261,PAID,2026-03-22,2026-03,warehouse consumables 2026-03,JE-HAP-2026-03-2261
HAP-2026-03-2262,VEND-323,Northwood Partners,NOR-2026-03-2262,2026-03-04,2026-04-03,36.88,USD,HPO-2026-03-2262,PAID,2026-03-22,2026-03,security monitoring hosts 2026-03,JE-HAP-2026-03-2262
HAP-2026-03-2263,VEND-002,Amazon Web Services,AMA-2026-03-2263,2026-03-04,2026-04-03,75.99,USD,HPO-2026-03-2263,PAID,2026-03-22,2026-03,usage overage block 2026-03,JE-HAP-2026-03-2263
HAP-2026-03-2264,VEND-006,Datadog,DAT-2026-03-2264,2026-03-04,2026-04-03,12601.1,USD,HPO-2026-03-2264,PAID,2026-03-22,2026-03,premium support 2026-03,JE-HAP-2026-03-2264
HAP-2026-03-2265,VEND-011,Hartford Insurance,HAR-2026-03-2265,2026-03-04,2026-04-03,347.71,USD,HPO-2026-03-2265,PAID,2026-03-22,2026-03,warehouse consumables 2026-03,JE-HAP-2026-03-2265
HAP-2026-03-2266,VEND-015,Harbor Electric,HAR-2026-03-2266,2026-03-04,2026-04-03,133.32,USD,HPO-2026-03-2266,PAID,2026-03-22,2026-03,security monitoring hosts 2026-03,JE-HAP-2026-03-2266
HAP-2026-03-2267,VEND-321,Ginkgo Supply,GIN-2026-03-2267,2026-03-05,2026-04-04,3601.43,USD,HPO-2026-03-2267,PAID,2026-03-23,2026-03,premium support 2026-03,JE-HAP-2026-03-2267
HAP-2026-03-2268,VEND-001-DUP,Acme Supplies LLC,ACM-2026-03-2268,2026-03-05,2026-04-04,155.54,USD,HPO-2026-03-2268,PAID,2026-03-23,2026-03,warehouse consumables 2026-03,JE-HAP-2026-03-2268
HAP-2026-03-2269,VEND-004,Office Depot,OFF-2026-03-2269,2026-03-05,2026-04-04,73.65,USD,HPO-2026-03-2269,PAID,2026-03-23,2026-03,security monitoring hosts 2026-03,JE-HAP-2026-03-2269
HAP-2026-03-2270,VEND-008,Figma,FIG-2026-03-2270,2026-03-05,2026-04-04,121.76,USD,HPO-2026-03-2270,PAID,2026-03-23,2026-03,usage overage block 2026-03,JE-HAP-2026-03-2270
HAP-2026-03-2271,VEND-013,Cambridge Properties,CAM-2026-03-2271,2026-03-05,2026-04-04,18001.87,USD,HPO-2026-03-2271,PAID,2026-03-23,2026-03,premium support 2026-03,JE-HAP-2026-03-2271
HAP-2026-03-2272,VEND-017,GitHub,GIT-2026-03-2272,2026-03-05,2026-04-04,40.48,USD,HPO-2026-03-2272,PAID,2026-03-23,2026-03,warehouse consumables 2026-03,JE-HAP-2026-03-2272
HAP-2026-03-2273,VEND-021,Misc Supplies,MIS-2026-03-2273,2026-03-05,2026-04-04,38.09,USD,HPO-2026-03-2273,PAID,2026-03-23,2026-03,security monitoring hosts 2026-03,JE-HAP-2026-03-2273
HAP-2026-03-2274,VEND-025,Okta,OKT-2026-03-2274,2026-03-05,2026-04-04,77.2,USD,HPO-2026-03-2274,PAID,2026-03-23,2026-03,usage overage block 2026-03,JE-HAP-2026-03-2274
HAP-2026-03-2275,VEND-029,Cloudflare,CLO-2026-03-2275,2026-03-05,2026-04-04,12602.31,USD,HPO-2026-03-2275,PAID,2026-03-23,2026-03,premium support 2026-03,JE-HAP-2026-03-2275
HAP-2026-03-2276,VEND-033,Staples Business Advantage,STA-2026-03-2276,2026-03-05,2026-04-04,348.92,USD,HPO-2026-03-2276,PAID,2026-03-23,2026-03,warehouse consumables 2026-03,JE-HAP-2026-03-2276
HAP-2026-03-2277,VEND-037,Comcast Business,COM-2026-03-2277,2026-03-05,2026-04-04,132.0,USD,HPO-2026-03-2277,PAID,2026-03-23,2026-03,security monitoring hosts 2026-03,JE-HAP-2026-03-2277
HAP-2026-03-2278,VEND-041,HubSpot,HUB-2026-03-2278,2026-03-05,2026-04-04,30.11,USD,HPO-2026-03-2278,PAID,2026-03-23,2026-03,usage overage block 2026-03,JE-HAP-2026-03-2278
HAP-2026-03-2279,VEND-045,Palo Alto Networks,PAL-2026-03-2279,2026-03-05,2026-04-04,7200.22,USD,HPO-2026-03-2279,PAID,2026-03-23,2026-03,premium support 2026-03,JE-HAP-2026-03-2279
HAP-2026-03-2280,VEND-049,Vanta,VAN-2026-03-2280,2026-03-05,2026-04-04,231.33,USD,HPO-2026-03-2280,PAID,2026-03-23,2026-03,warehouse consumables 2026-03,JE-HAP-2026-03-2280
HAP-2026-03-2281,VEND-053,Teak Partners,TEA-2026-03-2281,2026-03-05,2026-04-04,96.44,USD,HPO-2026-03-2281,PAID,2026-03-23,2026-03,security monitoring hosts 2026-03,JE-HAP-2026-03-2281
HAP-2026-03-2282,VEND-057,Harbor Studio,HAR-2026-03-2282,2026-03-05,2026-04-04,150.55,USD,HPO-2026-03-2282,PAID,2026-03-23,2026-03,usage overage block 2026-03,JE-HAP-2026-03-2282
HAP-2026-03-2283,VEND-061,Timber Supply,TIM-2026-03-2283,2026-03-05,2026-04-04,1800.66,USD,HPO-2026-03-2283,PAID,2026-03-23,2026-03,premium support 2026-03,JE-HAP-2026-03-2283
HAP-2026-03-2284,VEND-065,Ginkgo Components,GIN-2026-03-2284,2026-03-05,2026-04-04,116.27,USD,HPO-2026-03-2284,PAID,2026-03-23,2026-03,warehouse consumables 2026-03,JE-HAP-2026-03-2284
HAP-2026-03-2285,VEND-069,Teak Systems,TEA-2026-03-2285,2026-03-05,2026-04-04,60.88,USD,HPO-2026-03-2285,PAID,2026-03-23,2026-03,security monitoring hosts 2026-03,JE-HAP-2026-03-2285
HAP-2026-03-2286,VEND-073,Harbor Partners,HAR-2026-03-2286,2026-03-05,2026-04-04,105.99,USD,HPO-2026-03-2286,PAID,2026-03-23,2026-03,usage overage block 2026-03,JE-HAP-2026-03-2286
HAP-2026-03-2287,VEND-077,Timber Studio,TIM-2026-03-2287,2026-03-05,2026-04-04,16201.1,USD,HPO-2026-03-2287,PAID,2026-03-23,2026-03,premium support 2026-03,JE-HAP-2026-03-2287
HAP-2026-03-2288,VEND-081,Ginkgo Supply,GIN-2026-03-2288,2026-03-05,2026-04-04,424.71,USD,HPO-2026-03-2288,PAID,2026-03-23,2026-03,warehouse consumables 2026-03,JE-HAP-2026-03-2288
HAP-2026-03-2289,VEND-063,Alder Partners,ALD-2026-03-2289,2026-03-06,2026-04-05,31.32,USD,HPO-2026-03-2289,PAID,2026-03-24,2026-03,usage overage block 2026-03,JE-HAP-2026-03-2289
HAP-2026-03-2290,VEND-067,Northwood Studio,NOR-2026-03-2290,2026-03-06,2026-04-05,7201.43,USD,HPO-2026-03-2290,PAID,2026-03-24,2026-03,premium support 2026-03,JE-HAP-2026-03-2290
HAP-2026-03-2291,VEND-071,Beacon Supply,BEA-2026-03-2291,2026-03-06,2026-04-05,232.54,USD,HPO-2026-03-2291,PAID,2026-03-24,2026-03,warehouse consumables 2026-03,JE-HAP-2026-03-2291
HAP-2026-03-2292,VEND-075,Nimbus Components,NIM-2026-03-2292,2026-03-06,2026-04-05,97.65,USD,HPO-2026-03-2292,PAID,2026-03-24,2026-03,security monitoring hosts 2026-03,JE-HAP-2026-03-2292
HAP-2026-03-2293,VEND-079,Alder Systems,ALD-2026-03-2293,2026-03-06,2026-04-05,151.76,USD,HPO-2026-03-2293,PAID,2026-03-24,2026-03,usage overage block 2026-03,JE-HAP-2026-03-2293
HAP-2026-03-2294,VEND-083,Northwood Partners,NOR-2026-03-2294,2026-03-06,2026-04-05,1801.87,USD,HPO-2026-03-2294,PAID,2026-03-24,2026-03,premium support 2026-03,JE-HAP-2026-03-2294
HAP-2026-03-2295,VEND-087,Beacon Studio,BEA-2026-03-2295,2026-03-06,2026-04-05,117.48,USD,HPO-2026-03-2295,PAID,2026-03-24,2026-03,warehouse consumables 2026-03,JE-HAP-2026-03-2295
HAP-2026-03-2296,VEND-091,Nimbus Supply,NIM-2026-03-2296,2026-03-06,2026-04-05,62.09,USD,HPO-2026-03-2296,PAID,2026-03-24,2026-03,security monitoring hosts 2026-03,JE-HAP-2026-03-2296
HAP-2026-03-2297,VEND-095,Alder Components,ALD-2026-03-2297,2026-03-06,2026-04-05,107.2,USD,HPO-2026-03-2297,PAID,2026-03-24,2026-03,usage overage block 2026-03,JE-HAP-2026-03-2297
HAP-2026-03-2298,VEND-099,Northwood Systems,NOR-2026-03-2298,2026-03-06,2026-04-05,16202.31,USD,HPO-2026-03-2298,PAID,2026-03-24,2026-03,premium support 2026-03,JE-HAP-2026-03-2298
HAP-2026-03-2299,VEND-103,Beacon Partners,BEA-2026-03-2299,2026-03-06,2026-04-05,425.92,USD,HPO-2026-03-2299,PAID,2026-03-24,2026-03,warehouse consumables 2026-03,JE-HAP-2026-03-2299
HAP-2026-03-2300,VEND-107,Nimbus Studio,NIM-2026-03-2300,2026-03-06,2026-04-05,24.0,USD,HPO-2026-03-2300,PAID,2026-03-24,2026-03,security monitoring hosts 2026-03,JE-HAP-2026-03-2300
HAP-2026-03-2301,VEND-111,Alder Supply,ALD-2026-03-2301,2026-03-06,2026-04-05,60.11,USD,HPO-2026-03-2301,PAID,2026-03-24,2026-03,usage overage block 2026-03,JE-HAP-2026-03-2301
HAP-2026-03-2302,VEND-115,Northwood Components,NOR-2026-03-2302,2026-03-06,2026-04-05,10800.22,USD,HPO-2026-03-2302,PAID,2026-03-24,2026-03,premium support 2026-03,JE-HAP-2026-03-2302
HAP-2026-03-2303,VEND-119,Beacon Systems,BEA-2026-03-2303,2026-03-06,2026-04-05,308.33,USD,HPO-2026-03-2303,PAID,2026-03-24,2026-03,warehouse consumables 2026-03,JE-HAP-2026-03-2303
HAP-2026-03-2304,VEND-123,Nimbus Partners,NIM-2026-03-2304,2026-03-06,2026-04-05,120.44,USD,HPO-2026-03-2304,PAID,2026-03-24,2026-03,security monitoring hosts 2026-03,JE-HAP-2026-03-2304
HAP-2026-03-2305,VEND-127,Alder Studio,ALD-2026-03-2305,2026-03-06,2026-04-05,15.55,USD,HPO-2026-03-2305,PAID,2026-03-24,2026-03,usage overage block 2026-03,JE-HAP-2026-03-2305
HAP-2026-03-2306,VEND-131,Northwood Supply,NOR-2026-03-2306,2026-03-06,2026-04-05,5400.66,USD,HPO-2026-03-2306,PAID,2026-03-24,2026-03,premium support 2026-03,JE-HAP-2026-03-2306
HAP-2026-03-2307,VEND-135,Beacon Components,BEA-2026-03-2307,2026-03-06,2026-04-05,193.27,USD,HPO-2026-03-2307,PAID,2026-03-24,2026-03,warehouse consumables 2026-03,JE-HAP-2026-03-2307
HAP-2026-03-2308,VEND-139,Nimbus Systems,NIM-2026-03-2308,2026-03-06,2026-04-05,84.88,USD,HPO-2026-03-2308,PAID,2026-03-24,2026-03,security monitoring hosts 2026-03,JE-HAP-2026-03-2308
HAP-2026-03-2309,VEND-143,Alder Partners,ALD-2026-03-2309,2026-03-06,2026-04-05,135.99,USD,HPO-2026-03-2309,PAID,2026-03-24,2026-03,usage overage block 2026-03,JE-HAP-2026-03-2309
HAP-2026-03-2310,VEND-147,Northwood Studio,NOR-2026-03-2310,2026-03-06,2026-04-05,19801.1,USD,HPO-2026-03-2310,PAID,2026-03-24,2026-03,premium support 2026-03,JE-HAP-2026-03-2310
HAP-2026-03-2311,VEND-129,Ginkgo Systems,GIN-2026-03-2311,2026-03-07,2026-04-06,25.21,USD,HPO-2026-03-2311,PAID,2026-03-25,2026-03,security monitoring hosts 2026-03,JE-HAP-2026-03-2311
HAP-2026-03-2312,VEND-133,Teak Partners,TEA-2026-03-2312,2026-03-07,2026-04-06,61.32,USD,HPO-2026-03-2312,PAID,2026-03-25,2026-03,usage overage block 2026-03,JE-HAP-2026-03-2312
HAP-2026-03-2313,VEND-137,Harbor Studio,HAR-2026-03-2313,2026-03-07,2026-04-06,10801.43,USD,HPO-2026-03-2313,PAID,2026-03-25,2026-03,premium support 2026-03,JE-HAP-2026-03-2313
HAP-2026-03-2314,VEND-141,Timber Supply,TIM-2026-03-2314,2026-03-07,2026-04-06,309.54,USD,HPO-2026-03-2314,PAID,2026-03-25,2026-03,warehouse consumables 2026-03,JE-HAP-2026-03-2314
HAP-2026-03-2315,VEND-145,Ginkgo Components,GIN-2026-03-2315,2026-03-07,2026-04-06,121.65,USD,HPO-2026-03-2315,PAID,2026-03-25,2026-03,security monitoring hosts 2026-03,JE-HAP-2026-03-2315
HAP-2026-03-2316,VEND-149,Teak Systems,TEA-2026-03-2316,2026-03-07,2026-04-06,16.76,USD,HPO-2026-03-2316,PAID,2026-03-25,2026-03,usage overage block 2026-03,JE-HAP-2026-03-2316
HAP-2026-03-2317,VEND-153,Harbor Partners,HAR-2026-03-2317,2026-03-07,2026-04-06,5401.87,USD,HPO-2026-03-2317,PAID,2026-03-25,2026-03,premium support 2026-03,JE-HAP-2026-03-2317
HAP-2026-03-2318,VEND-157,Timber Studio,TIM-2026-03-2318,2026-03-07,2026-04-06,194.48,USD,HPO-2026-03-2318,PAID,2026-03-25,2026-03,warehouse consumables 2026-03,JE-HAP-2026-03-2318
HAP-2026-03-2319,VEND-161,Ginkgo Supply,GIN-2026-03-2319,2026-03-07,2026-04-06,86.09,USD,HPO-2026-03-2319,PAID,2026-03-25,2026-03,security monitoring hosts 2026-03,JE-HAP-2026-03-2319
HAP-2026-03-2320,VEND-165,Teak Components,TEA-2026-03-2320,2026-03-07,2026-04-06,137.2,USD,HPO-2026-03-2320,PAID,2026-03-25,2026-03,usage overage block 2026-03,JE-HAP-2026-03-2320
HAP-2026-03-2321,VEND-169,Harbor Systems,HAR-2026-03-2321,2026-03-07,2026-04-06,19802.31,USD,HPO-2026-03-2321,PAID,2026-03-25,2026-03,premium support 2026-03,JE-HAP-2026-03-2321
HAP-2026-03-2322,VEND-173,Timber Partners,TIM-2026-03-2322,2026-03-07,2026-04-06,79.42,USD,HPO-2026-03-2322,PAID,2026-03-25,2026-03,warehouse consumables 2026-03,JE-HAP-2026-03-2322
HAP-2026-03-2323,VEND-177,Ginkgo Studio,GIN-2026-03-2323,2026-03-07,2026-04-06,48.0,USD,HPO-2026-03-2323,PAID,2026-03-25,2026-03,security monitoring hosts 2026-03,JE-HAP-2026-03-2323
HAP-2026-03-2324,VEND-181,Teak Supply,TEA-2026-03-2324,2026-03-07,2026-04-06,90.11,USD,HPO-2026-03-2324,PAID,2026-03-25,2026-03,usage overage block 2026-03,JE-HAP-2026-03-2324
HAP-2026-03-2325,VEND-185,Harbor Components,HAR-2026-03-2325,2026-03-07,2026-04-06,14400.22,USD,HPO-2026-03-2325,PAID,2026-03-25,2026-03,premium support 2026-03,JE-HAP-2026-03-2325
HAP-2026-03-2326,VEND-189,Timber Systems,TIM-2026-03-2326,2026-03-07,2026-04-06,385.33,USD,HPO-2026-03-2326,PAID,2026-03-25,2026-03,warehouse consumables 2026-03,JE-HAP-2026-03-2326
HAP-2026-03-2327,VEND-193,Ginkgo Partners,GIN-2026-03-2327,2026-03-07,2026-04-06,12.44,USD,HPO-2026-03-2327,PAID,2026-03-25,2026-03,security monitoring hosts 2026-03,JE-HAP-2026-03-2327
HAP-2026-03-2328,VEND-197,Teak Studio,TEA-2026-03-2328,2026-03-07,2026-04-06,45.55,USD,HPO-2026-03-2328,PAID,2026-03-25,2026-03,usage overage block 2026-03,JE-HAP-2026-03-2328
HAP-2026-03-2329,VEND-201,Harbor Supply,HAR-2026-03-2329,2026-03-07,2026-04-06,9000.66,USD,HPO-2026-03-2329,PAID,2026-03-25,2026-03,premium support 2026-03,JE-HAP-2026-03-2329
HAP-2026-03-2330,VEND-205,Timber Components,TIM-2026-03-2330,2026-03-07,2026-04-06,270.27,USD,HPO-2026-03-2330,PAID,2026-03-25,2026-03,warehouse consumables 2026-03,JE-HAP-2026-03-2330
HAP-2026-03-2331,VEND-209,Ginkgo Systems,GIN-2026-03-2331,2026-03-07,2026-04-06,108.88,USD,HPO-2026-03-2331,PAID,2026-03-25,2026-03,security monitoring hosts 2026-03,JE-HAP-2026-03-2331
HAP-2026-03-2332,VEND-213,Teak Partners,TEA-2026-03-2332,2026-03-07,2026-04-06,165.99,USD,HPO-2026-03-2332,PAID,2026-03-25,2026-03,usage overage block 2026-03,JE-HAP-2026-03-2332
HAP-2026-03-2333,VEND-195,Northwood Components,NOR-2026-03-2333,2026-03-08,2026-04-07,78.1,USD,HPO-2026-03-2333,PAID,2026-03-26,2026-03,warehouse consumables 2026-03,JE-HAP-2026-03-2333
HAP-2026-03-2334,VEND-199,Beacon Systems,BEA-2026-03-2334,2026-03-08,2026-04-07,49.21,USD,HPO-2026-03-2334,PAID,2026-03-26,2026-03,security monitoring hosts 2026-03,JE-HAP-2026-03-2334
HAP-2026-03-2335,VEND-203,Nimbus Partners,NIM-2026-03-2335,2026-03-08,2026-04-07,91.32,USD,HPO-2026-03-2335,PAID,2026-03-26,2026-03,usage overage block 2026-03,JE-HAP-2026-03-2335
HAP-2026-03-2336,VEND-207,Alder Studio,ALD-2026-03-2336,2026-03-08,2026-04-07,14401.43,USD,HPO-2026-03-2336,PAID,2026-03-26,2026-03,premium support 2026-03,JE-HAP-2026-03-2336
HAP-2026-03-2337,VEND-211,Northwood Supply,NOR-2026-03-2337,2026-03-08,2026-04-07,386.54,USD,HPO-2026-03-2337,PAID,2026-03-26,2026-03,warehouse consumables 2026-03,JE-HAP-2026-03-2337
HAP-2026-03-2338,VEND-215,Beacon Components,BEA-2026-03-2338,2026-03-08,2026-04-07,13.65,USD,HPO-2026-03-2338,PAID,2026-03-26,2026-03,security monitoring hosts 2026-03,JE-HAP-2026-03-2338
HAP-2026-03-2339,VEND-219,Nimbus Systems,NIM-2026-03-2339,2026-03-08,2026-04-07,46.76,USD,HPO-2026-03-2339,PAID,2026-03-26,2026-03,usage overage block 2026-03,JE-HAP-2026-03-2339
HAP-2026-03-2340,VEND-223,Alder Partners,ALD-2026-03-2340,2026-03-08,2026-04-07,9001.87,USD,HPO-2026-03-2340,PAID,2026-03-26,2026-03,premium support 2026-03,JE-HAP-2026-03-2340
HAP-2026-03-2341,VEND-227,Northwood Studio,NOR-2026-03-2341,2026-03-08,2026-04-07,271.48,USD,HPO-2026-03-2341,PAID,2026-03-26,2026-03,warehouse consumables 2026-03,JE-HAP-2026-03-2341
HAP-2026-03-2342,VEND-231,Beacon Supply,BEA-2026-03-2342,2026-03-08,2026-04-07,110.09,USD,HPO-2026-03-2342,PAID,2026-03-26,2026-03,security monitoring hosts 2026-03,JE-HAP-2026-03-2342
HAP-2026-03-2343,VEND-235,Nimbus Components,NIM-2026-03-2343,2026-03-08,2026-04-07,167.2,USD,HPO-2026-03-2343,PAID,2026-03-26,2026-03,usage overage block 2026-03,JE-HAP-2026-03-2343
HAP-2026-03-2344,VEND-239,Alder Systems,ALD-2026-03-2344,2026-03-08,2026-04-07,3602.31,USD,HPO-2026-03-2344,PAID,2026-03-26,2026-03,premium support 2026-03,JE-HAP-2026-03-2344
HAP-2026-03-2345,VEND-243,Northwood Partners,NOR-2026-03-2345,2026-03-08,2026-04-07,156.42,USD,HPO-2026-03-2345,PAID,2026-03-26,2026-03,warehouse consumables 2026-03,JE-HAP-2026-03-2345
HAP-2026-03-2346,VEND-247,Beacon Studio,BEA-2026-03-2346,2026-03-08,2026-04-07,72.0,USD,HPO-2026-03-2346,PAID,2026-03-26,2026-03,security monitoring hosts 2026-03,JE-HAP-2026-03-2346
HAP-2026-03-2347,VEND-251,Nimbus Supply,NIM-2026-03-2347,2026-03-08,2026-04-07,120.11,USD,HPO-2026-03-2347,PAID,2026-03-26,2026-03,usage overage block 2026-03,JE-HAP-2026-03-2347
HAP-2026-03-2348,VEND-255,Alder Components,ALD-2026-03-2348,2026-03-08,2026-04-07,18000.22,USD,HPO-2026-03-2348,PAID,2026-03-26,2026-03,premium support 2026-03,JE-HAP-2026-03-2348
HAP-2026-03-2349,VEND-259,Northwood Systems,NOR-2026-03-2349,2026-03-08,2026-04-07,38.83,USD,HPO-2026-03-2349,PAID,2026-03-26,2026-03,warehouse consumables 2026-03,JE-HAP-2026-03-2349
HAP-2026-03-2350,VEND-263,Beacon Partners,BEA-2026-03-2350,2026-03-08,2026-04-07,36.44,USD,HPO-2026-03-2350,PAID,2026-03-26,2026-03,security monitoring hosts 2026-03,JE-HAP-2026-03-2350
HAP-2026-03-2351,VEND-267,Nimbus Studio,NIM-2026-03-2351,2026-03-08,2026-04-07,75.55,USD,HPO-2026-03-2351,PAID,2026-03-26,2026-03,usage overage block 2026-03,JE-HAP-2026-03-2351
HAP-2026-03-2352,VEND-271,Alder Supply,ALD-2026-03-2352,2026-03-08,2026-04-07,12600.66,USD,HPO-2026-03-2352,PAID,2026-03-26,2026-03,premium support 2026-03,JE-HAP-2026-03-2352
HAP-2026-03-2353,VEND-275,Northwood Components,NOR-2026-03-2353,2026-03-08,2026-04-07,347.27,USD,HPO-2026-03-2353,PAID,2026-03-26,2026-03,warehouse consumables 2026-03,JE-HAP-2026-03-2353
HAP-2026-03-2354,VEND-279,Beacon Systems,BEA-2026-03-2354,2026-03-08,2026-04-07,132.88,USD,HPO-2026-03-2354,PAID,2026-03-26,2026-03,security monitoring hosts 2026-03,JE-HAP-2026-03-2354
HAP-2026-03-2355,VEND-261,Teak Supply,TEA-2026-03-2355,2026-03-09,2026-04-08,3600.99,USD,HPO-2026-03-2355,PAID,2026-03-27,2026-03,premium support 2026-03,JE-HAP-2026-03-2355
HAP-2026-03-2356,VEND-265,Harbor Components,HAR-2026-03-2356,2026-03-09,2026-04-08,155.1,USD,HPO-2026-03-2356,PAID,2026-03-27,2026-03,warehouse consumables 2026-03,JE-HAP-2026-03-2356
HAP-2026-03-2357,VEND-269,Timber Systems,TIM-2026-03-2357,2026-03-09,2026-04-08,73.21,USD,HPO-2026-03-2357,PAID,2026-03-27,2026-03,security monitoring hosts 2026-03,JE-HAP-2026-03-2357
HAP-2026-03-2358,VEND-273,Ginkgo Partners,GIN-2026-03-2358,2026-03-09,2026-04-08,121.32,USD,HPO-2026-03-2358,PAID,2026-03-27,2026-03,usage overage block 2026-03,JE-HAP-2026-03-2358
HAP-2026-03-2359,VEND-277,Teak Studio,TEA-2026-03-2359,2026-03-09,2026-04-08,18001.43,USD,HPO-2026-03-2359,PAID,2026-03-27,2026-03,premium support 2026-03,JE-HAP-2026-03-2359
HAP-2026-03-2360,VEND-281,Harbor Supply,HAR-2026-03-2360,2026-03-09,2026-04-08,40.04,USD,HPO-2026-03-2360,PAID,2026-03-27,2026-03,warehouse consumables 2026-03,JE-HAP-2026-03-2360
HAP-2026-03-2361,VEND-285,Timber Components,TIM-2026-03-2361,2026-03-09,2026-04-08,37.65,USD,HPO-2026-03-2361,PAID,2026-03-27,2026-03,security monitoring hosts 2026-03,JE-HAP-2026-03-2361
HAP-2026-03-2362,VEND-289,Ginkgo Systems,GIN-2026-03-2362,2026-03-09,2026-04-08,76.76,USD,HPO-2026-03-2362,PAID,2026-03-27,2026-03,usage overage block 2026-03,JE-HAP-2026-03-2362
HAP-2026-03-2363,VEND-293,Teak Partners,TEA-2026-03-2363,2026-03-09,2026-04-08,12601.87,USD,HPO-2026-03-2363,PAID,2026-03-27,2026-03,premium support 2026-03,JE-HAP-2026-03-2363
HAP-2026-03-2364,VEND-297,Harbor Studio,HAR-2026-03-2364,2026-03-09,2026-04-08,348.48,USD,HPO-2026-03-2364,PAID,2026-03-27,2026-03,warehouse consumables 2026-03,JE-HAP-2026-03-2364
HAP-2026-03-2365,VEND-301,Timber Supply,TIM-2026-03-2365,2026-03-09,2026-04-08,134.09,USD,HPO-2026-03-2365,PAID,2026-03-27,2026-03,security monitoring hosts 2026-03,JE-HAP-2026-03-2365
HAP-2026-03-2366,VEND-305,Ginkgo Components,GIN-2026-03-2366,2026-03-09,2026-04-08,32.2,USD,HPO-2026-03-2366,PAID,2026-03-27,2026-03,usage overage block 2026-03,JE-HAP-2026-03-2366
HAP-2026-03-2367,VEND-309,Teak Systems,TEA-2026-03-2367,2026-03-09,2026-04-08,7202.31,USD,HPO-2026-03-2367,PAID,2026-03-27,2026-03,premium support 2026-03,JE-HAP-2026-03-2367
HAP-2026-03-2368,VEND-313,Harbor Partners,HAR-2026-03-2368,2026-03-09,2026-04-08,233.42,USD,HPO-2026-03-2368,PAID,2026-03-27,2026-03,warehouse consumables 2026-03,JE-HAP-2026-03-2368
HAP-2026-03-2369,VEND-317,Timber Studio,TIM-2026-03-2369,2026-03-09,2026-04-08,96.0,USD,HPO-2026-03-2369,PAID,2026-03-27,2026-03,security monitoring hosts 2026-03,JE-HAP-2026-03-2369
HAP-2026-03-2370,VEND-321,Ginkgo Supply,GIN-2026-03-2370,2026-03-09,2026-04-08,150.11,USD,HPO-2026-03-2370,PAID,2026-03-27,2026-03,usage overage block 2026-03,JE-HAP-2026-03-2370
HAP-2026-03-2371,VEND-001-DUP,Acme Supplies LLC,ACM-2026-03-2371,2026-03-09,2026-04-08,1800.22,USD,HPO-2026-03-2371,PAID,2026-03-27,2026-03,premium support 2026-03,JE-HAP-2026-03-2371
HAP-2026-03-2372,VEND-004,Office Depot,OFF-2026-03-2372,2026-03-09,2026-04-08,115.83,USD,HPO-2026-03-2372,PAID,2026-03-27,2026-03,warehouse consumables 2026-03,JE-HAP-2026-03-2372
HAP-2026-03-2373,VEND-008,Figma,FIG-2026-03-2373,2026-03-09,2026-04-08,60.44,USD,HPO-2026-03-2373,PAID,2026-03-27,2026-03,security monitoring hosts 2026-03,JE-HAP-2026-03-2373
HAP-2026-03-2374,VEND-013,Cambridge Properties,CAM-2026-03-2374,2026-03-09,2026-04-08,105.55,USD,HPO-2026-03-2374,PAID,2026-03-27,2026-03,usage overage block 2026-03,JE-HAP-2026-03-2374
HAP-2026-03-2375,VEND-017,GitHub,GIT-2026-03-2375,2026-03-09,2026-04-08,16200.66,USD,HPO-2026-03-2375,PAID,2026-03-27,2026-03,premium support 2026-03,JE-HAP-2026-03-2375
HAP-2026-03-2376,VEND-021,Misc Supplies,MIS-2026-03-2376,2026-03-09,2026-04-08,424.27,USD,HPO-2026-03-2376,PAID,2026-03-27,2026-03,warehouse consumables 2026-03,JE-HAP-2026-03-2376
HAP-2026-03-2377,VEND-002,Amazon Web Services,AMA-2026-03-2377,2026-03-10,2026-04-09,30.88,USD,HPO-2026-03-2377,PAID,2026-03-28,2026-03,usage overage block 2026-03,JE-HAP-2026-03-2377
HAP-2026-03-2378,VEND-006,Datadog,DAT-2026-03-2378,2026-03-10,2026-04-09,7200.99,USD,HPO-2026-03-2378,PAID,2026-03-28,2026-03,premium support 2026-03,JE-HAP-2026-03-2378
HAP-2026-03-2379,VEND-011,Hartford Insurance,HAR-2026-03-2379,2026-03-10,2026-04-09,232.1,USD,HPO-2026-03-2379,PAID,2026-03-28,2026-03,warehouse consumables 2026-03,JE-HAP-2026-03-2379
HAP-2026-03-2380,VEND-015,Harbor Electric,HAR-2026-03-2380,2026-03-10,2026-04-09,97.21,USD,HPO-2026-03-2380,PAID,2026-03-28,2026-03,security monitoring hosts 2026-03,JE-HAP-2026-03-2380
HAP-2026-03-2381,VEND-019,Freightline Logistics,FRE-2026-03-2381,2026-03-10,2026-04-09,151.32,USD,HPO-2026-03-2381,PAID,2026-03-28,2026-03,usage overage block 2026-03,JE-HAP-2026-03-2381
HAP-2026-03-2382,VEND-023,Notion Labs,NOT-2026-03-2382,2026-03-10,2026-04-09,1801.43,USD,HPO-2026-03-2382,PAID,2026-03-28,2026-03,premium support 2026-03,JE-HAP-2026-03-2382
HAP-2026-03-2383,VEND-027,Zoom Video,ZOO-2026-03-2383,2026-03-10,2026-04-09,117.04,USD,HPO-2026-03-2383,PAID,2026-03-28,2026-03,warehouse consumables 2026-03,JE-HAP-2026-03-2383
HAP-2026-03-2384,VEND-031,Helios Hardware Supply,HEL-2026-03-2384,2026-03-10,2026-04-09,61.65,USD,HPO-2026-03-2384,PAID,2026-03-28,2026-03,security monitoring hosts 2026-03,JE-HAP-2026-03-2384
HAP-2026-03-2385,VEND-035,ADP,ADP-2026-03-2385,2026-03-10,2026-04-09,106.76,USD,HPO-2026-03-2385,PAID,2026-03-28,2026-03,usage overage block 2026-03,JE-HAP-2026-03-2385
HAP-2026-03-2386,VEND-039,CleanRoom Janitorial,CLE-2026-03-2386,2026-03-10,2026-04-09,16201.87,USD,HPO-2026-03-2386,PAID,2026-03-28,2026-03,premium support 2026-03,JE-HAP-2026-03-2386
HAP-2026-03-2387,VEND-043,Adyen NV,ADY-2026-03-2387,2026-03-10,2026-04-09,425.48,USD,HPO-2026-03-2387,PAID,2026-03-28,2026-03,warehouse consumables 2026-03,JE-HAP-2026-03-2387
HAP-2026-03-2388,VEND-047,Carta,CAR-2026-03-2388,2026-03-10,2026-04-09,26.09,USD,HPO-2026-03-2388,PAID,2026-03-28,2026-03,security monitoring hosts 2026-03,JE-HAP-2026-03-2388
HAP-2026-03-2389,VEND-051,Northwood Supply,NOR-2026-03-2389,2026-03-10,2026-04-09,62.2,USD,HPO-2026-03-2389,PAID,2026-03-28,2026-03,usage overage block 2026-03,JE-HAP-2026-03-2389
HAP-2026-03-2390,VEND-055,Beacon Components,BEA-2026-03-2390,2026-03-10,2026-04-09,10802.31,USD,HPO-2026-03-2390,PAID,2026-03-28,2026-03,premium support 2026-03,JE-HAP-2026-03-2390
HAP-2026-03-2391,VEND-059,Nimbus Systems,NIM-2026-03-2391,2026-03-10,2026-04-09,310.42,USD,HPO-2026-03-2391,PAID,2026-03-28,2026-03,warehouse consumables 2026-03,JE-HAP-2026-03-2391
HAP-2026-03-2392,VEND-063,Alder Partners,ALD-2026-03-2392,2026-03-10,2026-04-09,120.0,USD,HPO-2026-03-2392,PAID,2026-03-28,2026-03,security monitoring hosts 2026-03,JE-HAP-2026-03-2392
HAP-2026-03-2393,VEND-067,Northwood Studio,NOR-2026-03-2393,2026-03-10,2026-04-09,15.11,USD,HPO-2026-03-2393,PAID,2026-03-28,2026-03,usage overage block 2026-03,JE-HAP-2026-03-2393
HAP-2026-03-2394,VEND-071,Beacon Supply,BEA-2026-03-2394,2026-03-10,2026-04-09,5400.22,USD,HPO-2026-03-2394,PAID,2026-03-28,2026-03,premium support 2026-03,JE-HAP-2026-03-2394
HAP-2026-03-2395,VEND-075,Nimbus Components,NIM-2026-03-2395,2026-03-10,2026-04-09,192.83,USD,HPO-2026-03-2395,PAID,2026-03-28,2026-03,warehouse consumables 2026-03,JE-HAP-2026-03-2395
HAP-2026-03-2396,VEND-079,Alder Systems,ALD-2026-03-2396,2026-03-10,2026-04-09,84.44,USD,HPO-2026-03-2396,PAID,2026-03-28,2026-03,security monitoring hosts 2026-03,JE-HAP-2026-03-2396
HAP-2026-03-2397,VEND-083,Northwood Partners,NOR-2026-03-2397,2026-03-10,2026-04-09,135.55,USD,HPO-2026-03-2397,PAID,2026-03-28,2026-03,usage overage block 2026-03,JE-HAP-2026-03-2397
HAP-2026-03-2398,VEND-087,Beacon Studio,BEA-2026-03-2398,2026-03-10,2026-04-09,19800.66,USD,HPO-2026-03-2398,PAID,2026-03-28,2026-03,premium support 2026-03,JE-HAP-2026-03-2398
HAP-2026-03-2399,VEND-069,Teak Systems,TEA-2026-03-2399,2026-03-11,2026-04-10,24.77,USD,HPO-2026-03-2399,PAID,2026-03-29,2026-03,security monitoring hosts 2026-03,JE-HAP-2026-03-2399
HAP-2026-03-2400,VEND-073,Harbor Partners,HAR-2026-03-2400,2026-03-11,2026-04-10,60.88,USD,HPO-2026-03-2400,PAID,2026-03-29,2026-03,usage overage block 2026-03,JE-HAP-2026-03-2400
HAP-2026-03-2401,VEND-077,Timber Studio,TIM-2026-03-2401,2026-03-11,2026-04-10,10800.99,USD,HPO-2026-03-2401,PAID,2026-03-29,2026-03,premium support 2026-03,JE-HAP-2026-03-2401
HAP-2026-03-2402,VEND-081,Ginkgo Supply,GIN-2026-03-2402,2026-03-11,2026-04-10,309.1,USD,HPO-2026-03-2402,PAID,2026-03-29,2026-03,warehouse consumables 2026-03,JE-HAP-2026-03-2402
HAP-2026-03-2403,VEND-085,Teak Components,TEA-2026-03-2403,2026-03-11,2026-04-10,121.21,USD,HPO-2026-03-2403,PAID,2026-03-29,2026-03,security monitoring hosts 2026-03,JE-HAP-2026-03-2403
HAP-2026-03-2404,VEND-089,Harbor Systems,HAR-2026-03-2404,2026-03-11,2026-04-10,16.32,USD,HPO-2026-03-2404,PAID,2026-03-29,2026-03,usage overage block 2026-03,JE-HAP-2026-03-2404
HAP-2026-03-2405,VEND-093,Timber Partners,TIM-2026-03-2405,2026-03-11,2026-04-10,5401.43,USD,HPO-2026-03-2405,PAID,2026-03-29,2026-03,premium support 2026-03,JE-HAP-2026-03-2405
HAP-2026-03-2406,VEND-097,Ginkgo Studio,GIN-2026-03-2406,2026-03-11,2026-04-10,194.04,USD,HPO-2026-03-2406,PAID,2026-03-29,2026-03,warehouse consumables 2026-03,JE-HAP-2026-03-2406
HAP-2026-03-2407,VEND-101,Teak Supply,TEA-2026-03-2407,2026-03-11,2026-04-10,85.65,USD,HPO-2026-03-2407,PAID,2026-03-29,2026-03,security monitoring hosts 2026-03,JE-HAP-2026-03-2407
HAP-2026-03-2408,VEND-105,Harbor Components,HAR-2026-03-2408,2026-03-11,2026-04-10,136.76,USD,HPO-2026-03-2408,PAID,2026-03-29,2026-03,usage overage block 2026-03,JE-HAP-2026-03-2408
HAP-2026-03-2409,VEND-109,Timber Systems,TIM-2026-03-2409,2026-03-11,2026-04-10,19801.87,USD,HPO-2026-03-2409,PAID,2026-03-29,2026-03,premium support 2026-03,JE-HAP-2026-03-2409
HAP-2026-03-2410,VEND-113,Ginkgo Partners,GIN-2026-03-2410,2026-03-11,2026-04-10,78.98,USD,HPO-2026-03-2410,PAID,2026-03-29,2026-03,warehouse consumables 2026-03,JE-HAP-2026-03-2410
HAP-2026-03-2411,VEND-117,Teak Studio,TEA-2026-03-2411,2026-03-11,2026-04-10,50.09,USD,HPO-2026-03-2411,PAID,2026-03-29,2026-03,security monitoring hosts 2026-03,JE-HAP-2026-03-2411
HAP-2026-03-2412,VEND-121,Harbor Supply,HAR-2026-03-2412,2026-03-11,2026-04-10,92.2,USD,HPO-2026-03-2412,PAID,2026-03-29,2026-03,usage overage block 2026-03,JE-HAP-2026-03-2412
HAP-2026-03-2413,VEND-125,Timber Components,TIM-2026-03-2413,2026-03-11,2026-04-10,14402.31,USD,HPO-2026-03-2413,PAID,2026-03-29,2026-03,premium support 2026-03,JE-HAP-2026-03-2413
HAP-2026-03-2414,VEND-129,Ginkgo Systems,GIN-2026-03-2414,2026-03-11,2026-04-10,387.42,USD,HPO-2026-03-2414,PAID,2026-03-29,2026-03,warehouse consumables 2026-03,JE-HAP-2026-03-2414
HAP-2026-03-2415,VEND-133,Teak Partners,TEA-2026-03-2415,2026-03-11,2026-04-10,12.0,USD,HPO-2026-03-2415,PAID,2026-03-29,2026-03,security monitoring hosts 2026-03,JE-HAP-2026-03-2415
HAP-2026-03-2416,VEND-137,Harbor Studio,HAR-2026-03-2416,2026-03-11,2026-04-10,45.11,USD,HPO-2026-03-2416,PAID,2026-03-29,2026-03,usage overage block 2026-03,JE-HAP-2026-03-2416
HAP-2026-03-2417,VEND-141,Timber Supply,TIM-2026-03-2417,2026-03-11,2026-04-10,9000.22,USD,HPO-2026-03-2417,PAID,2026-03-29,2026-03,premium support 2026-03,JE-HAP-2026-03-2417
HAP-2026-03-2418,VEND-145,Ginkgo Components,GIN-2026-03-2418,2026-03-11,2026-04-10,269.83,USD,HPO-2026-03-2418,PAID,2026-03-29,2026-03,warehouse consumables 2026-03,JE-HAP-2026-03-2418
HAP-2026-03-2419,VEND-149,Teak Systems,TEA-2026-03-2419,2026-03-11,2026-04-10,108.44,USD,HPO-2026-03-2419,PAID,2026-03-29,2026-03,security monitoring hosts 2026-03,JE-HAP-2026-03-2419
HAP-2026-03-2420,VEND-153,Harbor Partners,HAR-2026-03-2420,2026-03-11,2026-04-10,165.55,USD,HPO-2026-03-2420,PAID,2026-03-29,2026-03,usage overage block 2026-03,JE-HAP-2026-03-2420
HAP-2026-03-2421,VEND-135,Beacon Components,BEA-2026-03-2421,2026-03-12,2026-04-11,77.66,USD,HPO-2026-03-2421,PAID,2026-03-30,2026-03,warehouse consumables 2026-03,JE-HAP-2026-03-2421
HAP-2026-03-2422,VEND-139,Nimbus Systems,NIM-2026-03-2422,2026-03-12,2026-04-11,48.77,USD,HPO-2026-03-2422,PAID,2026-03-30,2026-03,security monitoring hosts 2026-03,JE-HAP-2026-03-2422
HAP-2026-03-2423,VEND-143,Alder Partners,ALD-2026-03-2423,2026-03-12,2026-04-11,90.88,USD,HPO-2026-03-2423,PAID,2026-03-30,2026-03,usage overage block 2026-03,JE-HAP-2026-03-2423
HAP-2026-03-2424,VEND-147,Northwood Studio,NOR-2026-03-2424,2026-03-12,2026-04-11,14400.99,USD,HPO-2026-03-2424,PAID,2026-03-30,2026-03,premium support 2026-03,JE-HAP-2026-03-2424
HAP-2026-03-2425,VEND-151,Beacon Supply,BEA-2026-03-2425,2026-03-12,2026-04-11,386.1,USD,HPO-2026-03-2425,PAID,2026-03-30,2026-03,warehouse consumables 2026-03,JE-HAP-2026-03-2425
HAP-2026-03-2426,VEND-155,Nimbus Components,NIM-2026-03-2426,2026-03-12,2026-04-11,13.21,USD,HPO-2026-03-2426,PAID,2026-03-30,2026-03,security monitoring hosts 2026-03,JE-HAP-2026-03-2426
HAP-2026-03-2427,VEND-159,Alder Systems,ALD-2026-03-2427,2026-03-12,2026-04-11,46.32,USD,HPO-2026-03-2427,PAID,2026-03-30,2026-03,usage overage block 2026-03,JE-HAP-2026-03-2427
HAP-2026-03-2428,VEND-163,Northwood Partners,NOR-2026-03-2428,2026-03-12,2026-04-11,9001.43,USD,HPO-2026-03-2428,PAID,2026-03-30,2026-03,premium support 2026-03,JE-HAP-2026-03-2428
HAP-2026-03-2429,VEND-167,Beacon Studio,BEA-2026-03-2429,2026-03-12,2026-04-11,271.04,USD,HPO-2026-03-2429,PAID,2026-03-30,2026-03,warehouse consumables 2026-03,JE-HAP-2026-03-2429
HAP-2026-03-2430,VEND-171,Nimbus Supply,NIM-2026-03-2430,2026-03-12,2026-04-11,109.65,USD,HPO-2026-03-2430,PAID,2026-03-30,2026-03,security monitoring hosts 2026-03,JE-HAP-2026-03-2430
HAP-2026-03-2431,VEND-175,Alder Components,ALD-2026-03-2431,2026-03-12,2026-04-11,166.76,USD,HPO-2026-03-2431,PAID,2026-03-30,2026-03,usage overage block 2026-03,JE-HAP-2026-03-2431
HAP-2026-03-2432,VEND-179,Northwood Systems,NOR-2026-03-2432,2026-03-12,2026-04-11,3601.87,USD,HPO-2026-03-2432,PAID,2026-03-30,2026-03,premium support 2026-03,JE-HAP-2026-03-2432
HAP-2026-03-2433,VEND-183,Beacon Partners,BEA-2026-03-2433,2026-03-12,2026-04-11,155.98,USD,HPO-2026-03-2433,PAID,2026-03-30,2026-03,warehouse consumables 2026-03,JE-HAP-2026-03-2433
HAP-2026-03-2434,VEND-187,Nimbus Studio,NIM-2026-03-2434,2026-03-12,2026-04-11,74.09,USD,HPO-2026-03-2434,PAID,2026-03-30,2026-03,security monitoring hosts 2026-03,JE-HAP-2026-03-2434
HAP-2026-03-2435,VEND-191,Alder Supply,ALD-2026-03-2435,2026-03-12,2026-04-11,122.2,USD,HPO-2026-03-2435,PAID,2026-03-30,2026-03,usage overage block 2026-03,JE-HAP-2026-03-2435
HAP-2026-03-2436,VEND-195,Northwood Components,NOR-2026-03-2436,2026-03-12,2026-04-11,18002.31,USD,HPO-2026-03-2436,PAID,2026-03-30,2026-03,premium support 2026-03,JE-HAP-2026-03-2436
HAP-2026-03-2437,VEND-199,Beacon Systems,BEA-2026-03-2437,2026-03-12,2026-04-11,40.92,USD,HPO-2026-03-2437,PAID,2026-03-30,2026-03,warehouse consumables 2026-03,JE-HAP-2026-03-2437
HAP-2026-03-2438,VEND-203,Nimbus Partners,NIM-2026-03-2438,2026-03-12,2026-04-11,36.0,USD,HPO-2026-03-2438,PAID,2026-03-30,2026-03,security monitoring hosts 2026-03,JE-HAP-2026-03-2438
HAP-2026-03-2439,VEND-207,Alder Studio,ALD-2026-03-2439,2026-03-12,2026-04-11,75.11,USD,HPO-2026-03-2439,PAID,2026-03-30,2026-03,usage overage block 2026-03,JE-HAP-2026-03-2439
HAP-2026-03-2440,VEND-211,Northwood Supply,NOR-2026-03-2440,2026-03-12,2026-04-11,12600.22,USD,HPO-2026-03-2440,PAID,2026-03-30,2026-03,premium support 2026-03,JE-HAP-2026-03-2440
HAP-2026-03-2441,VEND-215,Beacon Components,BEA-2026-03-2441,2026-03-12,2026-04-11,346.83,USD,HPO-2026-03-2441,PAID,2026-03-30,2026-03,warehouse consumables 2026-03,JE-HAP-2026-03-2441
HAP-2026-03-2442,VEND-219,Nimbus Systems,NIM-2026-03-2442,2026-03-12,2026-04-11,132.44,USD,HPO-2026-03-2442,PAID,2026-03-30,2026-03,security monitoring hosts 2026-03,JE-HAP-2026-03-2442
HAP-2026-03-2443,VEND-201,Harbor Supply,HAR-2026-03-2443,2026-03-13,2026-04-12,3600.55,USD,HPO-2026-03-2443,PAID,2026-03-31,2026-03,premium support 2026-03,JE-HAP-2026-03-2443
HAP-2026-03-2444,VEND-205,Timber Components,TIM-2026-03-2444,2026-03-13,2026-04-12,154.66,USD,HPO-2026-03-2444,PAID,2026-03-31,2026-03,warehouse consumables 2026-03,JE-HAP-2026-03-2444
HAP-2026-03-2445,VEND-209,Ginkgo Systems,GIN-2026-03-2445,2026-03-13,2026-04-12,72.77,USD,HPO-2026-03-2445,PAID,2026-03-31,2026-03,security monitoring hosts 2026-03,JE-HAP-2026-03-2445
HAP-2026-03-2446,VEND-213,Teak Partners,TEA-2026-03-2446,2026-03-13,2026-04-12,120.88,USD,HPO-2026-03-2446,PAID,2026-03-31,2026-03,usage overage block 2026-03,JE-HAP-2026-03-2446
HAP-2026-03-2447,VEND-217,Harbor Studio,HAR-2026-03-2447,2026-03-13,2026-04-12,18000.99,USD,HPO-2026-03-2447,PAID,2026-03-31,2026-03,premium support 2026-03,JE-HAP-2026-03-2447
HAP-2026-03-2448,VEND-221,Timber Supply,TIM-2026-03-2448,2026-03-13,2026-04-12,39.6,USD,HPO-2026-03-2448,PAID,2026-03-31,2026-03,warehouse consumables 2026-03,JE-HAP-2026-03-2448
HAP-2026-03-2449,VEND-225,Ginkgo Components,GIN-2026-03-2449,2026-03-13,2026-04-12,37.21,USD,HPO-2026-03-2449,PAID,2026-03-31,2026-03,security monitoring hosts 2026-03,JE-HAP-2026-03-2449
HAP-2026-03-2450,VEND-229,Teak Systems,TEA-2026-03-2450,2026-03-13,2026-04-12,76.32,USD,HPO-2026-03-2450,PAID,2026-03-31,2026-03,usage overage block 2026-03,JE-HAP-2026-03-2450
HAP-2026-03-2451,VEND-233,Harbor Partners,HAR-2026-03-2451,2026-03-13,2026-04-12,12601.43,USD,HPO-2026-03-2451,PAID,2026-03-31,2026-03,premium support 2026-03,JE-HAP-2026-03-2451
HAP-2026-03-2452,VEND-237,Timber Studio,TIM-2026-03-2452,2026-03-13,2026-04-12,348.04,USD,HPO-2026-03-2452,PAID,2026-03-31,2026-03,warehouse consumables 2026-03,JE-HAP-2026-03-2452
HAP-2026-03-2453,VEND-241,Ginkgo Supply,GIN-2026-03-2453,2026-03-13,2026-04-12,133.65,USD,HPO-2026-03-2453,PAID,2026-03-31,2026-03,security monitoring hosts 2026-03,JE-HAP-2026-03-2453
HAP-2026-03-2454,VEND-245,Teak Components,TEA-2026-03-2454,2026-03-13,2026-04-12,31.76,USD,HPO-2026-03-2454,PAID,2026-03-31,2026-03,usage overage block 2026-03,JE-HAP-2026-03-2454
HAP-2026-03-2455,VEND-249,Harbor Systems,HAR-2026-03-2455,2026-03-13,2026-04-12,7201.87,USD,HPO-2026-03-2455,PAID,2026-03-31,2026-03,premium support 2026-03,JE-HAP-2026-03-2455
HAP-2026-03-2456,VEND-253,Timber Partners,TIM-2026-03-2456,2026-03-13,2026-04-12,232.98,USD,HPO-2026-03-2456,PAID,2026-03-31,2026-03,warehouse consumables 2026-03,JE-HAP-2026-03-2456
HAP-2026-03-2457,VEND-257,Ginkgo Studio,GIN-2026-03-2457,2026-03-13,2026-04-12,98.09,USD,HPO-2026-03-2457,PAID,2026-03-31,2026-03,security monitoring hosts 2026-03,JE-HAP-2026-03-2457
HAP-2026-03-2458,VEND-261,Teak Supply,TEA-2026-03-2458,2026-03-13,2026-04-12,152.2,USD,HPO-2026-03-2458,PAID,2026-03-31,2026-03,usage overage block 2026-03,JE-HAP-2026-03-2458
HAP-2026-03-2459,VEND-265,Harbor Components,HAR-2026-03-2459,2026-03-13,2026-04-12,1802.31,USD,HPO-2026-03-2459,PAID,2026-03-31,2026-03,premium support 2026-03,JE-HAP-2026-03-2459
HAP-2026-03-2460,VEND-269,Timber Systems,TIM-2026-03-2460,2026-03-13,2026-04-12,117.92,USD,HPO-2026-03-2460,PAID,2026-03-31,2026-03,warehouse consumables 2026-03,JE-HAP-2026-03-2460
HAP-2026-03-2461,VEND-273,Ginkgo Partners,GIN-2026-03-2461,2026-03-13,2026-04-12,60.0,USD,HPO-2026-03-2461,PAID,2026-03-31,2026-03,security monitoring hosts 2026-03,JE-HAP-2026-03-2461
HAP-2026-03-2462,VEND-277,Teak Studio,TEA-2026-03-2462,2026-03-13,2026-04-12,105.11,USD,HPO-2026-03-2462,PAID,2026-03-31,2026-03,usage overage block 2026-03,JE-HAP-2026-03-2462
HAP-2026-03-2463,VEND-281,Harbor Supply,HAR-2026-03-2463,2026-03-13,2026-04-12,16200.22,USD,HPO-2026-03-2463,PAID,2026-03-31,2026-03,premium support 2026-03,JE-HAP-2026-03-2463
HAP-2026-03-2464,VEND-285,Timber Components,TIM-2026-03-2464,2026-03-13,2026-04-12,423.83,USD,HPO-2026-03-2464,PAID,2026-03-31,2026-03,warehouse consumables 2026-03,JE-HAP-2026-03-2464
HAP-2026-03-2465,VEND-267,Nimbus Studio,NIM-2026-03-2465,2026-03-14,2026-04-13,30.44,USD,HPO-2026-03-2465,PAID,2026-03-31,2026-03,usage overage block 2026-03,JE-HAP-2026-03-2465
HAP-2026-03-2466,VEND-271,Alder Supply,ALD-2026-03-2466,2026-03-14,2026-04-13,7200.55,USD,HPO-2026-03-2466,PAID,2026-03-31,2026-03,premium support 2026-03,JE-HAP-2026-03-2466
HAP-2026-03-2467,VEND-275,Northwood Components,NOR-2026-03-2467,2026-03-14,2026-04-13,231.66,USD,HPO-2026-03-2467,PAID,2026-03-31,2026-03,warehouse consumables 2026-03,JE-HAP-2026-03-2467
HAP-2026-03-2468,VEND-279,Beacon Systems,BEA-2026-03-2468,2026-03-14,2026-04-13,96.77,USD,HPO-2026-03-2468,PAID,2026-03-31,2026-03,security monitoring hosts 2026-03,JE-HAP-2026-03-2468
HAP-2026-03-2469,VEND-283,Nimbus Partners,NIM-2026-03-2469,2026-03-14,2026-04-13,150.88,USD,HPO-2026-03-2469,PAID,2026-03-31,2026-03,usage overage block 2026-03,JE-HAP-2026-03-2469
HAP-2026-03-2470,VEND-287,Alder Studio,ALD-2026-03-2470,2026-03-14,2026-04-13,1800.99,USD,HPO-2026-03-2470,PAID,2026-03-31,2026-03,premium support 2026-03,JE-HAP-2026-03-2470
HAP-2026-03-2471,VEND-291,Northwood Supply,NOR-2026-03-2471,2026-03-14,2026-04-13,116.6,USD,HPO-2026-03-2471,PAID,2026-03-31,2026-03,warehouse consumables 2026-03,JE-HAP-2026-03-2471
HAP-2026-03-2472,VEND-295,Beacon Components,BEA-2026-03-2472,2026-03-14,2026-04-13,61.21,USD,HPO-2026-03-2472,PAID,2026-03-31,2026-03,security monitoring hosts 2026-03,JE-HAP-2026-03-2472
HAP-2026-03-2473,VEND-299,Nimbus Systems,NIM-2026-03-2473,2026-03-14,2026-04-13,106.32,USD,HPO-2026-03-2473,PAID,2026-03-31,2026-03,usage overage block 2026-03,JE-HAP-2026-03-2473
HAP-2026-03-2474,VEND-303,Alder Partners,ALD-2026-03-2474,2026-03-14,2026-04-13,16201.43,USD,HPO-2026-03-2474,PAID,2026-03-31,2026-03,premium support 2026-03,JE-HAP-2026-03-2474
HAP-2026-03-2475,VEND-307,Northwood Studio,NOR-2026-03-2475,2026-03-14,2026-04-13,425.04,USD,HPO-2026-03-2475,PAID,2026-03-31,2026-03,warehouse consumables 2026-03,JE-HAP-2026-03-2475
HAP-2026-03-2476,VEND-311,Beacon Supply,BEA-2026-03-2476,2026-03-14,2026-04-13,25.65,USD,HPO-2026-03-2476,PAID,2026-03-31,2026-03,security monitoring hosts 2026-03,JE-HAP-2026-03-2476
HAP-2026-03-2477,VEND-315,Nimbus Components,NIM-2026-03-2477,2026-03-14,2026-04-13,61.76,USD,HPO-2026-03-2477,PAID,2026-03-31,2026-03,usage overage block 2026-03,JE-HAP-2026-03-2477
HAP-2026-03-2478,VEND-319,Alder Systems,ALD-2026-03-2478,2026-03-14,2026-04-13,10801.87,USD,HPO-2026-03-2478,PAID,2026-03-31,2026-03,premium support 2026-03,JE-HAP-2026-03-2478
HAP-2026-03-2479,VEND-323,Northwood Partners,NOR-2026-03-2479,2026-03-14,2026-04-13,309.98,USD,HPO-2026-03-2479,PAID,2026-03-31,2026-03,warehouse consumables 2026-03,JE-HAP-2026-03-2479
HAP-2026-03-2480,VEND-002,Amazon Web Services,AMA-2026-03-2480,2026-03-14,2026-04-13,122.09,USD,HPO-2026-03-2480,PAID,2026-03-31,2026-03,security monitoring hosts 2026-03,JE-HAP-2026-03-2480
HAP-2026-03-2481,VEND-006,Datadog,DAT-2026-03-2481,2026-03-14,2026-04-13,17.2,USD,HPO-2026-03-2481,PAID,2026-03-31,2026-03,usage overage block 2026-03,JE-HAP-2026-03-2481
HAP-2026-03-2482,VEND-011,Hartford Insurance,HAR-2026-03-2482,2026-03-14,2026-04-13,5402.31,USD,HPO-2026-03-2482,PAID,2026-03-31,2026-03,premium support 2026-03,JE-HAP-2026-03-2482
HAP-2026-03-2483,VEND-015,Harbor Electric,HAR-2026-03-2483,2026-03-14,2026-04-13,194.92,USD,HPO-2026-03-2483,PAID,2026-03-31,2026-03,warehouse consumables 2026-03,JE-HAP-2026-03-2483
HAP-2026-03-2484,VEND-019,Freightline Logistics,FRE-2026-03-2484,2026-03-14,2026-04-13,84.0,USD,HPO-2026-03-2484,PAID,2026-03-31,2026-03,security monitoring hosts 2026-03,JE-HAP-2026-03-2484
HAP-2026-03-2485,VEND-023,Notion Labs,NOT-2026-03-2485,2026-03-14,2026-04-13,135.11,USD,HPO-2026-03-2485,PAID,2026-03-31,2026-03,usage overage block 2026-03,JE-HAP-2026-03-2485
HAP-2026-03-2486,VEND-027,Zoom Video,ZOO-2026-03-2486,2026-03-14,2026-04-13,19800.22,USD,HPO-2026-03-2486,PAID,2026-03-31,2026-03,premium support 2026-03,JE-HAP-2026-03-2486
HAP-2026-03-2487,VEND-008,Figma,FIG-2026-03-2487,2026-03-15,2026-04-14,24.33,USD,HPO-2026-03-2487,PAID,2026-03-31,2026-03,security monitoring hosts 2026-03,JE-HAP-2026-03-2487
HAP-2026-03-2488,VEND-013,Cambridge Properties,CAM-2026-03-2488,2026-03-15,2026-04-14,60.44,USD,HPO-2026-03-2488,PAID,2026-03-31,2026-03,usage overage block 2026-03,JE-HAP-2026-03-2488
HAP-2026-03-2489,VEND-017,GitHub,GIT-2026-03-2489,2026-03-15,2026-04-14,10800.55,USD,HPO-2026-03-2489,PAID,2026-03-31,2026-03,premium support 2026-03,JE-HAP-2026-03-2489
HAP-2026-03-2490,VEND-021,Misc Supplies,MIS-2026-03-2490,2026-03-15,2026-04-14,308.66,USD,HPO-2026-03-2490,PAID,2026-03-31,2026-03,warehouse consumables 2026-03,JE-HAP-2026-03-2490
HAP-2026-03-2491,VEND-025,Okta,OKT-2026-03-2491,2026-03-15,2026-04-14,120.77,USD,HPO-2026-03-2491,PAID,2026-03-31,2026-03,security monitoring hosts 2026-03,JE-HAP-2026-03-2491
HAP-2026-03-2492,VEND-029,Cloudflare,CLO-2026-03-2492,2026-03-15,2026-04-14,15.88,USD,HPO-2026-03-2492,PAID,2026-03-31,2026-03,usage overage block 2026-03,JE-HAP-2026-03-2492
HAP-2026-03-2493,VEND-033,Staples Business Advantage,STA-2026-03-2493,2026-03-15,2026-04-14,5400.99,USD,HPO-2026-03-2493,PAID,2026-03-31,2026-03,premium support 2026-03,JE-HAP-2026-03-2493
HAP-2026-03-2494,VEND-037,Comcast Business,COM-2026-03-2494,2026-03-15,2026-04-14,193.6,USD,HPO-2026-03-2494,PAID,2026-03-31,2026-03,warehouse consumables 2026-03,JE-HAP-2026-03-2494
HAP-2026-03-2495,VEND-041,HubSpot,HUB-2026-03-2495,2026-03-15,2026-04-14,85.21,USD,HPO-2026-03-2495,PAID,2026-03-31,2026-03,security monitoring hosts 2026-03,JE-HAP-2026-03-2495
HAP-2026-03-2496,VEND-045,Palo Alto Networks,PAL-2026-03-2496,2026-03-15,2026-04-14,136.32,USD,HPO-2026-03-2496,PAID,2026-03-31,2026-03,usage overage block 2026-03,JE-HAP-2026-03-2496
HAP-2026-03-2497,VEND-049,Vanta,VAN-2026-03-2497,2026-03-15,2026-04-14,19801.43,USD,HPO-2026-03-2497,PAID,2026-03-31,2026-03,premium support 2026-03,JE-HAP-2026-03-2497
HAP-2026-03-2498,VEND-053,Teak Partners,TEA-2026-03-2498,2026-03-15,2026-04-14,78.54,USD,HPO-2026-03-2498,PAID,2026-03-31,2026-03,warehouse consumables 2026-03,JE-HAP-2026-03-2498
HAP-2026-03-2499,VEND-057,Harbor Studio,HAR-2026-03-2499,2026-03-15,2026-04-14,49.65,USD,HPO-2026-03-2499,PAID,2026-03-31,2026-03,security monitoring hosts 2026-03,JE-HAP-2026-03-2499
HAP-2026-03-2500,VEND-061,Timber Supply,TIM-2026-03-2500,2026-03-15,2026-04-14,91.76,USD,HPO-2026-03-2500,PAID,2026-03-31,2026-03,usage overage block 2026-03,JE-HAP-2026-03-2500
HAP-2026-03-2501,VEND-065,Ginkgo Components,GIN-2026-03-2501,2026-03-15,2026-04-14,14401.87,USD,HPO-2026-03-2501,PAID,2026-03-31,2026-03,premium support 2026-03,JE-HAP-2026-03-2501
HAP-2026-03-2502,VEND-069,Teak Systems,TEA-2026-03-2502,2026-03-15,2026-04-14,386.98,USD,HPO-2026-03-2502,PAID,2026-03-31,2026-03,warehouse consumables 2026-03,JE-HAP-2026-03-2502
HAP-2026-03-2503,VEND-073,Harbor Partners,HAR-2026-03-2503,2026-03-15,2026-04-14,14.09,USD,HPO-2026-03-2503,PAID,2026-03-31,2026-03,security monitoring hosts 2026-03,JE-HAP-2026-03-2503
HAP-2026-03-2504,VEND-077,Timber Studio,TIM-2026-03-2504,2026-03-15,2026-04-14,47.2,USD,HPO-2026-03-2504,PAID,2026-03-31,2026-03,usage overage block 2026-03,JE-HAP-2026-03-2504
HAP-2026-03-2505,VEND-081,Ginkgo Supply,GIN-2026-03-2505,2026-03-15,2026-04-14,9002.31,USD,HPO-2026-03-2505,PAID,2026-03-31,2026-03,premium support 2026-03,JE-HAP-2026-03-2505
HAP-2026-03-2506,VEND-085,Teak Components,TEA-2026-03-2506,2026-03-15,2026-04-14,271.92,USD,HPO-2026-03-2506,PAID,2026-03-31,2026-03,warehouse consumables 2026-03,JE-HAP-2026-03-2506
HAP-2026-03-2507,VEND-089,Harbor Systems,HAR-2026-03-2507,2026-03-15,2026-04-14,108.0,USD,HPO-2026-03-2507,PAID,2026-03-31,2026-03,security monitoring hosts 2026-03,JE-HAP-2026-03-2507
HAP-2026-03-2508,VEND-093,Timber Partners,TIM-2026-03-2508,2026-03-15,2026-04-14,165.11,USD,HPO-2026-03-2508,PAID,2026-03-31,2026-03,usage overage block 2026-03,JE-HAP-2026-03-2508
HAP-2026-03-2509,VEND-075,Nimbus Components,NIM-2026-03-2509,2026-03-16,2026-04-15,77.22,USD,HPO-2026-03-2509,PAID,2026-03-31,2026-03,warehouse consumables 2026-03,JE-HAP-2026-03-2509
HAP-2026-03-2510,VEND-079,Alder Systems,ALD-2026-03-2510,2026-03-16,2026-04-15,48.33,USD,HPO-2026-03-2510,PAID,2026-03-31,2026-03,security monitoring hosts 2026-03,JE-HAP-2026-03-2510
HAP-2026-03-2511,VEND-083,Northwood Partners,NOR-2026-03-2511,2026-03-16,2026-04-15,90.44,USD,HPO-2026-03-2511,PAID,2026-03-31,2026-03,usage overage block 2026-03,JE-HAP-2026-03-2511
HAP-2026-03-2512,VEND-087,Beacon Studio,BEA-2026-03-2512,2026-03-16,2026-04-15,14400.55,USD,HPO-2026-03-2512,PAID,2026-03-31,2026-03,premium support 2026-03,JE-HAP-2026-03-2512
HAP-2026-03-2513,VEND-091,Nimbus Supply,NIM-2026-03-2513,2026-03-16,2026-04-15,385.66,USD,HPO-2026-03-2513,PAID,2026-03-31,2026-03,warehouse consumables 2026-03,JE-HAP-2026-03-2513
HAP-2026-03-2514,VEND-095,Alder Components,ALD-2026-03-2514,2026-03-16,2026-04-15,12.77,USD,HPO-2026-03-2514,PAID,2026-03-31,2026-03,security monitoring hosts 2026-03,JE-HAP-2026-03-2514
HAP-2026-03-2515,VEND-099,Northwood Systems,NOR-2026-03-2515,2026-03-16,2026-04-15,45.88,USD,HPO-2026-03-2515,PAID,2026-03-31,2026-03,usage overage block 2026-03,JE-HAP-2026-03-2515
HAP-2026-03-2516,VEND-103,Beacon Partners,BEA-2026-03-2516,2026-03-16,2026-04-15,9000.99,USD,HPO-2026-03-2516,PAID,2026-03-31,2026-03,premium support 2026-03,JE-HAP-2026-03-2516
HAP-2026-03-2517,VEND-107,Nimbus Studio,NIM-2026-03-2517,2026-03-16,2026-04-15,270.6,USD,HPO-2026-03-2517,PAID,2026-03-31,2026-03,warehouse consumables 2026-03,JE-HAP-2026-03-2517
HAP-2026-03-2518,VEND-111,Alder Supply,ALD-2026-03-2518,2026-03-16,2026-04-15,109.21,USD,HPO-2026-03-2518,PAID,2026-03-31,2026-03,security monitoring hosts 2026-03,JE-HAP-2026-03-2518
HAP-2026-03-2519,VEND-115,Northwood Components,NOR-2026-03-2519,2026-03-16,2026-04-15,166.32,USD,HPO-2026-03-2519,PAID,2026-03-31,2026-03,usage overage block 2026-03,JE-HAP-2026-03-2519
HAP-2026-03-2520,VEND-119,Beacon Systems,BEA-2026-03-2520,2026-03-16,2026-04-15,3601.43,USD,HPO-2026-03-2520,PAID,2026-03-31,2026-03,premium support 2026-03,JE-HAP-2026-03-2520
HAP-2026-03-2521,VEND-123,Nimbus Partners,NIM-2026-03-2521,2026-03-16,2026-04-15,155.54,USD,HPO-2026-03-2521,PAID,2026-03-31,2026-03,warehouse consumables 2026-03,JE-HAP-2026-03-2521
HAP-2026-03-2522,VEND-127,Alder Studio,ALD-2026-03-2522,2026-03-16,2026-04-15,73.65,USD,HPO-2026-03-2522,PAID,2026-03-31,2026-03,security monitoring hosts 2026-03,JE-HAP-2026-03-2522
HAP-2026-03-2523,VEND-131,Northwood Supply,NOR-2026-03-2523,2026-03-16,2026-04-15,121.76,USD,HPO-2026-03-2523,PAID,2026-03-31,2026-03,usage overage block 2026-03,JE-HAP-2026-03-2523
HAP-2026-03-2524,VEND-135,Beacon Components,BEA-2026-03-2524,2026-03-16,2026-04-15,18001.87,USD,HPO-2026-03-2524,PAID,2026-03-31,2026-03,premium support 2026-03,JE-HAP-2026-03-2524
HAP-2026-03-2525,VEND-139,Nimbus Systems,NIM-2026-03-2525,2026-03-16,2026-04-15,40.48,USD,HPO-2026-03-2525,PAID,2026-03-31,2026-03,warehouse consumables 2026-03,JE-HAP-2026-03-2525
HAP-2026-03-2526,VEND-143,Alder Partners,ALD-2026-03-2526,2026-03-16,2026-04-15,38.09,USD,HPO-2026-03-2526,PAID,2026-03-31,2026-03,security monitoring hosts 2026-03,JE-HAP-2026-03-2526
HAP-2026-03-2527,VEND-147,Northwood Studio,NOR-2026-03-2527,2026-03-16,2026-04-15,77.2,USD,HPO-2026-03-2527,PAID,2026-03-31,2026-03,usage overage block 2026-03,JE-HAP-2026-03-2527
HAP-2026-03-2528,VEND-151,Beacon Supply,BEA-2026-03-2528,2026-03-16,2026-04-15,12602.31,USD,HPO-2026-03-2528,PAID,2026-03-31,2026-03,premium support 2026-03,JE-HAP-2026-03-2528
HAP-2026-03-2529,VEND-155,Nimbus Components,NIM-2026-03-2529,2026-03-16,2026-04-15,348.92,USD,HPO-2026-03-2529,PAID,2026-03-31,2026-03,warehouse consumables 2026-03,JE-HAP-2026-03-2529
HAP-2026-03-2530,VEND-159,Alder Systems,ALD-2026-03-2530,2026-03-16,2026-04-15,132.0,USD,HPO-2026-03-2530,PAID,2026-03-31,2026-03,security monitoring hosts 2026-03,JE-HAP-2026-03-2530
HAP-2026-03-2531,VEND-141,Timber Supply,TIM-2026-03-2531,2026-03-17,2026-04-16,3600.11,USD,HPO-2026-03-2531,PAID,2026-03-31,2026-03,premium support 2026-03,JE-HAP-2026-03-2531
HAP-2026-03-2532,VEND-145,Ginkgo Components,GIN-2026-03-2532,2026-03-17,2026-04-16,154.22,USD,HPO-2026-03-2532,PAID,2026-03-31,2026-03,warehouse consumables 2026-03,JE-HAP-2026-03-2532
HAP-2026-03-2533,VEND-149,Teak Systems,TEA-2026-03-2533,2026-03-17,2026-04-16,72.33,USD,HPO-2026-03-2533,PAID,2026-03-31,2026-03,security monitoring hosts 2026-03,JE-HAP-2026-03-2533
HAP-2026-03-2534,VEND-153,Harbor Partners,HAR-2026-03-2534,2026-03-17,2026-04-16,120.44,USD,HPO-2026-03-2534,PAID,2026-03-31,2026-03,usage overage block 2026-03,JE-HAP-2026-03-2534
HAP-2026-03-2535,VEND-157,Timber Studio,TIM-2026-03-2535,2026-03-17,2026-04-16,18000.55,USD,HPO-2026-03-2535,PAID,2026-03-31,2026-03,premium support 2026-03,JE-HAP-2026-03-2535
HAP-2026-03-2536,VEND-161,Ginkgo Supply,GIN-2026-03-2536,2026-03-17,2026-04-16,39.16,USD,HPO-2026-03-2536,PAID,2026-03-31,2026-03,warehouse consumables 2026-03,JE-HAP-2026-03-2536
HAP-2026-03-2537,VEND-165,Teak Components,TEA-2026-03-2537,2026-03-17,2026-04-16,36.77,USD,HPO-2026-03-2537,PAID,2026-03-31,2026-03,security monitoring hosts 2026-03,JE-HAP-2026-03-2537
HAP-2026-03-2538,VEND-169,Harbor Systems,HAR-2026-03-2538,2026-03-17,2026-04-16,75.88,USD,HPO-2026-03-2538,PAID,2026-03-31,2026-03,usage overage block 2026-03,JE-HAP-2026-03-2538
HAP-2026-03-2539,VEND-173,Timber Partners,TIM-2026-03-2539,2026-03-17,2026-04-16,12600.99,USD,HPO-2026-03-2539,PAID,2026-03-31,2026-03,premium support 2026-03,JE-HAP-2026-03-2539
HAP-2026-03-2540,VEND-177,Ginkgo Studio,GIN-2026-03-2540,2026-03-17,2026-04-16,347.6,USD,HPO-2026-03-2540,PAID,2026-03-31,2026-03,warehouse consumables 2026-03,JE-HAP-2026-03-2540
HAP-2026-03-2541,VEND-181,Teak Supply,TEA-2026-03-2541,2026-03-17,2026-04-16,133.21,USD,HPO-2026-03-2541,PAID,2026-03-31,2026-03,security monitoring hosts 2026-03,JE-HAP-2026-03-2541
HAP-2026-03-2542,VEND-185,Harbor Components,HAR-2026-03-2542,2026-03-17,2026-04-16,31.32,USD,HPO-2026-03-2542,PAID,2026-03-31,2026-03,usage overage block 2026-03,JE-HAP-2026-03-2542
HAP-2026-03-2543,VEND-189,Timber Systems,TIM-2026-03-2543,2026-03-17,2026-04-16,7201.43,USD,HPO-2026-03-2543,PAID,2026-03-31,2026-03,premium support 2026-03,JE-HAP-2026-03-2543
HAP-2026-03-2544,VEND-193,Ginkgo Partners,GIN-2026-03-2544,2026-03-17,2026-04-16,232.54,USD,HPO-2026-03-2544,PAID,2026-03-31,2026-03,warehouse consumables 2026-03,JE-HAP-2026-03-2544
HAP-2026-03-2545,VEND-197,Teak Studio,TEA-2026-03-2545,2026-03-17,2026-04-16,97.65,USD,HPO-2026-03-2545,PAID,2026-03-31,2026-03,security monitoring hosts 2026-03,JE-HAP-2026-03-2545
HAP-2026-03-2546,VEND-201,Harbor Supply,HAR-2026-03-2546,2026-03-17,2026-04-16,151.76,USD,HPO-2026-03-2546,PAID,2026-03-31,2026-03,usage overage block 2026-03,JE-HAP-2026-03-2546
HAP-2026-03-2547,VEND-205,Timber Components,TIM-2026-03-2547,2026-03-17,2026-04-16,1801.87,USD,HPO-2026-03-2547,PAID,2026-03-31,2026-03,premium support 2026-03,JE-HAP-2026-03-2547
HAP-2026-03-2548,VEND-209,Ginkgo Systems,GIN-2026-03-2548,2026-03-17,2026-04-16,117.48,USD,HPO-2026-03-2548,PAID,2026-03-31,2026-03,warehouse consumables 2026-03,JE-HAP-2026-03-2548
HAP-2026-03-2549,VEND-213,Teak Partners,TEA-2026-03-2549,2026-03-17,2026-04-16,62.09,USD,HPO-2026-03-2549,PAID,2026-03-31,2026-03,security monitoring hosts 2026-03,JE-HAP-2026-03-2549
HAP-2026-03-2550,VEND-217,Harbor Studio,HAR-2026-03-2550,2026-03-17,2026-04-16,107.2,USD,HPO-2026-03-2550,PAID,2026-03-31,2026-03,usage overage block 2026-03,JE-HAP-2026-03-2550
HAP-2026-03-2551,VEND-221,Timber Supply,TIM-2026-03-2551,2026-03-17,2026-04-16,16202.31,USD,HPO-2026-03-2551,PAID,2026-03-31,2026-03,premium support 2026-03,JE-HAP-2026-03-2551
HAP-2026-03-2552,VEND-225,Ginkgo Components,GIN-2026-03-2552,2026-03-17,2026-04-16,425.92,USD,HPO-2026-03-2552,PAID,2026-03-31,2026-03,warehouse consumables 2026-03,JE-HAP-2026-03-2552
HAP-2026-03-2553,VEND-207,Alder Studio,ALD-2026-03-2553,2026-03-18,2026-04-17,30.0,USD,HPO-2026-03-2553,PAID,2026-03-31,2026-03,usage overage block 2026-03,JE-HAP-2026-03-2553
HAP-2026-03-2554,VEND-211,Northwood Supply,NOR-2026-03-2554,2026-03-18,2026-04-17,7200.11,USD,HPO-2026-03-2554,PAID,2026-03-31,2026-03,premium support 2026-03,JE-HAP-2026-03-2554
HAP-2026-03-2555,VEND-215,Beacon Components,BEA-2026-03-2555,2026-03-18,2026-04-17,231.22,USD,HPO-2026-03-2555,PAID,2026-03-31,2026-03,warehouse consumables 2026-03,JE-HAP-2026-03-2555
HAP-2026-03-2556,VEND-219,Nimbus Systems,NIM-2026-03-2556,2026-03-18,2026-04-17,96.33,USD,HPO-2026-03-2556,PAID,2026-03-31,2026-03,security monitoring hosts 2026-03,JE-HAP-2026-03-2556
HAP-2026-03-2557,VEND-223,Alder Partners,ALD-2026-03-2557,2026-03-18,2026-04-17,150.44,USD,HPO-2026-03-2557,PAID,2026-03-31,2026-03,usage overage block 2026-03,JE-HAP-2026-03-2557
HAP-2026-03-2558,VEND-227,Northwood Studio,NOR-2026-03-2558,2026-03-18,2026-04-17,1800.55,USD,HPO-2026-03-2558,PAID,2026-03-31,2026-03,premium support 2026-03,JE-HAP-2026-03-2558
HAP-2026-03-2559,VEND-231,Beacon Supply,BEA-2026-03-2559,2026-03-18,2026-04-17,116.16,USD,HPO-2026-03-2559,PAID,2026-03-31,2026-03,warehouse consumables 2026-03,JE-HAP-2026-03-2559
HAP-2026-03-2560,VEND-235,Nimbus Components,NIM-2026-03-2560,2026-03-18,2026-04-17,60.77,USD,HPO-2026-03-2560,PAID,2026-03-31,2026-03,security monitoring hosts 2026-03,JE-HAP-2026-03-2560
HAP-2026-03-2561,VEND-239,Alder Systems,ALD-2026-03-2561,2026-03-18,2026-04-17,105.88,USD,HPO-2026-03-2561,PAID,2026-03-31,2026-03,usage overage block 2026-03,JE-HAP-2026-03-2561
HAP-2026-03-2562,VEND-243,Northwood Partners,NOR-2026-03-2562,2026-03-18,2026-04-17,16200.99,USD,HPO-2026-03-2562,PAID,2026-03-31,2026-03,premium support 2026-03,JE-HAP-2026-03-2562
HAP-2026-03-2563,VEND-247,Beacon Studio,BEA-2026-03-2563,2026-03-18,2026-04-17,424.6,USD,HPO-2026-03-2563,PAID,2026-03-31,2026-03,warehouse consumables 2026-03,JE-HAP-2026-03-2563
HAP-2026-03-2564,VEND-251,Nimbus Supply,NIM-2026-03-2564,2026-03-18,2026-04-17,25.21,USD,HPO-2026-03-2564,PAID,2026-03-31,2026-03,security monitoring hosts 2026-03,JE-HAP-2026-03-2564
HAP-2026-03-2565,VEND-255,Alder Components,ALD-2026-03-2565,2026-03-18,2026-04-17,61.32,USD,HPO-2026-03-2565,PAID,2026-03-31,2026-03,usage overage block 2026-03,JE-HAP-2026-03-2565
HAP-2026-03-2566,VEND-259,Northwood Systems,NOR-2026-03-2566,2026-03-18,2026-04-17,10801.43,USD,HPO-2026-03-2566,PAID,2026-03-31,2026-03,premium support 2026-03,JE-HAP-2026-03-2566
HAP-2026-03-2567,VEND-263,Beacon Partners,BEA-2026-03-2567,2026-03-18,2026-04-17,309.54,USD,HPO-2026-03-2567,PAID,2026-03-31,2026-03,warehouse consumables 2026-03,JE-HAP-2026-03-2567
HAP-2026-03-2568,VEND-267,Nimbus Studio,NIM-2026-03-2568,2026-03-18,2026-04-17,121.65,USD,HPO-2026-03-2568,PAID,2026-03-31,2026-03,security monitoring hosts 2026-03,JE-HAP-2026-03-2568
HAP-2026-03-2569,VEND-271,Alder Supply,ALD-2026-03-2569,2026-03-18,2026-04-17,16.76,USD,HPO-2026-03-2569,PAID,2026-03-31,2026-03,usage overage block 2026-03,JE-HAP-2026-03-2569
HAP-2026-03-2570,VEND-275,Northwood Components,NOR-2026-03-2570,2026-03-18,2026-04-17,5401.87,USD,HPO-2026-03-2570,PAID,2026-03-31,2026-03,premium support 2026-03,JE-HAP-2026-03-2570
HAP-2026-03-2571,VEND-279,Beacon Systems,BEA-2026-03-2571,2026-03-18,2026-04-17,194.48,USD,HPO-2026-03-2571,PAID,2026-03-31,2026-03,warehouse consumables 2026-03,JE-HAP-2026-03-2571
HAP-2026-03-2572,VEND-283,Nimbus Partners,NIM-2026-03-2572,2026-03-18,2026-04-17,86.09,USD,HPO-2026-03-2572,PAID,2026-03-31,2026-03,security monitoring hosts 2026-03,JE-HAP-2026-03-2572
HAP-2026-03-2573,VEND-287,Alder Studio,ALD-2026-03-2573,2026-03-18,2026-04-17,137.2,USD,HPO-2026-03-2573,PAID,2026-03-31,2026-03,usage overage block 2026-03,JE-HAP-2026-03-2573
HAP-2026-03-2574,VEND-291,Northwood Supply,NOR-2026-03-2574,2026-03-18,2026-04-17,19802.31,USD,HPO-2026-03-2574,PAID,2026-03-31,2026-03,premium support 2026-03,JE-HAP-2026-03-2574
HAP-2026-03-2575,VEND-273,Ginkgo Partners,GIN-2026-03-2575,2026-03-19,2026-04-18,26.42,USD,HPO-2026-03-2575,PAID,2026-03-31,2026-03,security monitoring hosts 2026-03,JE-HAP-2026-03-2575
HAP-2026-03-2576,VEND-277,Teak Studio,TEA-2026-03-2576,2026-03-19,2026-04-18,60.0,USD,HPO-2026-03-2576,PAID,2026-03-31,2026-03,usage overage block 2026-03,JE-HAP-2026-03-2576
HAP-2026-03-2577,VEND-281,Harbor Supply,HAR-2026-03-2577,2026-03-19,2026-04-18,10800.11,USD,HPO-2026-03-2577,PAID,2026-03-31,2026-03,premium support 2026-03,JE-HAP-2026-03-2577
HAP-2026-03-2578,VEND-285,Timber Components,TIM-2026-03-2578,2026-03-19,2026-04-18,308.22,USD,HPO-2026-03-2578,PAID,2026-03-31,2026-03,warehouse consumables 2026-03,JE-HAP-2026-03-2578
HAP-2026-03-2579,VEND-289,Ginkgo Systems,GIN-2026-03-2579,2026-03-19,2026-04-18,120.33,USD,HPO-2026-03-2579,PAID,2026-03-31,2026-03,security monitoring hosts 2026-03,JE-HAP-2026-03-2579
HAP-2026-03-2580,VEND-293,Teak Partners,TEA-2026-03-2580,2026-03-19,2026-04-18,15.44,USD,HPO-2026-03-2580,PAID,2026-03-31,2026-03,usage overage block 2026-03,JE-HAP-2026-03-2580
HAP-2026-03-2581,VEND-297,Harbor Studio,HAR-2026-03-2581,2026-03-19,2026-04-18,5400.55,USD,HPO-2026-03-2581,PAID,2026-03-31,2026-03,premium support 2026-03,JE-HAP-2026-03-2581
HAP-2026-03-2582,VEND-301,Timber Supply,TIM-2026-03-2582,2026-03-19,2026-04-18,193.16,USD,HPO-2026-03-2582,PAID,2026-03-31,2026-03,warehouse consumables 2026-03,JE-HAP-2026-03-2582
HAP-2026-03-2583,VEND-305,Ginkgo Components,GIN-2026-03-2583,2026-03-19,2026-04-18,84.77,USD,HPO-2026-03-2583,PAID,2026-03-31,2026-03,security monitoring hosts 2026-03,JE-HAP-2026-03-2583
HAP-2026-03-2584,VEND-309,Teak Systems,TEA-2026-03-2584,2026-03-19,2026-04-18,135.88,USD,HPO-2026-03-2584,PAID,2026-03-31,2026-03,usage overage block 2026-03,JE-HAP-2026-03-2584
HAP-2026-03-2585,VEND-313,Harbor Partners,HAR-2026-03-2585,2026-03-19,2026-04-18,19800.99,USD,HPO-2026-03-2585,PAID,2026-03-31,2026-03,premium support 2026-03,JE-HAP-2026-03-2585
HAP-2026-03-2586,VEND-317,Timber Studio,TIM-2026-03-2586,2026-03-19,2026-04-18,78.1,USD,HPO-2026-03-2586,PAID,2026-03-31,2026-03,warehouse consumables 2026-03,JE-HAP-2026-03-2586
HAP-2026-03-2587,VEND-321,Ginkgo Supply,GIN-2026-03-2587,2026-03-19,2026-04-18,49.21,USD,HPO-2026-03-2587,PAID,2026-03-31,2026-03,security monitoring hosts 2026-03,JE-HAP-2026-03-2587
HAP-2026-03-2588,VEND-001-DUP,Acme Supplies LLC,ACM-2026-03-2588,2026-03-19,2026-04-18,91.32,USD,HPO-2026-03-2588,PAID,2026-03-31,2026-03,usage overage block 2026-03,JE-HAP-2026-03-2588
HAP-2026-03-2589,VEND-004,Office Depot,OFF-2026-03-2589,2026-03-19,2026-04-18,14401.43,USD,HPO-2026-03-2589,PAID,2026-03-31,2026-03,premium support 2026-03,JE-HAP-2026-03-2589
HAP-2026-03-2590,VEND-008,Figma,FIG-2026-03-2590,2026-03-19,2026-04-18,386.54,USD,HPO-2026-03-2590,PAID,2026-03-31,2026-03,warehouse consumables 2026-03,JE-HAP-2026-03-2590
HAP-2026-03-2591,VEND-013,Cambridge Properties,CAM-2026-03-2591,2026-03-19,2026-04-18,13.65,USD,HPO-2026-03-2591,PAID,2026-03-31,2026-03,security monitoring hosts 2026-03,JE-HAP-2026-03-2591
HAP-2026-03-2592,VEND-017,GitHub,GIT-2026-03-2592,2026-03-19,2026-04-18,46.76,USD,HPO-2026-03-2592,PAID,2026-03-31,2026-03,usage overage block 2026-03,JE-HAP-2026-03-2592
HAP-2026-03-2593,VEND-021,Misc Supplies,MIS-2026-03-2593,2026-03-19,2026-04-18,9001.87,USD,HPO-2026-03-2593,PAID,2026-03-31,2026-03,premium support 2026-03,JE-HAP-2026-03-2593
HAP-2026-03-2594,VEND-025,Okta,OKT-2026-03-2594,2026-03-19,2026-04-18,271.48,USD,HPO-2026-03-2594,PAID,2026-03-31,2026-03,warehouse consumables 2026-03,JE-HAP-2026-03-2594
HAP-2026-03-2595,VEND-029,Cloudflare,CLO-2026-03-2595,2026-03-19,2026-04-18,110.09,USD,HPO-2026-03-2595,PAID,2026-03-31,2026-03,security monitoring hosts 2026-03,JE-HAP-2026-03-2595
HAP-2026-03-2596,VEND-033,Staples Business Advantage,STA-2026-03-2596,2026-03-19,2026-04-18,167.2,USD,HPO-2026-03-2596,PAID,2026-03-31,2026-03,usage overage block 2026-03,JE-HAP-2026-03-2596
HAP-2026-03-2597,VEND-015,Harbor Electric,HAR-2026-03-2597,2026-03-20,2026-04-19,79.31,USD,HPO-2026-03-2597,PAID,2026-03-31,2026-03,warehouse consumables 2026-03,JE-HAP-2026-03-2597
HAP-2026-03-2598,VEND-019,Freightline Logistics,FRE-2026-03-2598,2026-03-20,2026-04-19,50.42,USD,HPO-2026-03-2598,PAID,2026-03-31,2026-03,security monitoring hosts 2026-03,JE-HAP-2026-03-2598
HAP-2026-03-2599,VEND-023,Notion Labs,NOT-2026-03-2599,2026-03-20,2026-04-19,90.0,USD,HPO-2026-03-2599,PAID,2026-03-31,2026-03,usage overage block 2026-03,JE-HAP-2026-03-2599
HAP-2026-03-2600,VEND-027,Zoom Video,ZOO-2026-03-2600,2026-03-20,2026-04-19,14400.11,USD,HPO-2026-03-2600,PAID,2026-03-31,2026-03,premium support 2026-03,JE-HAP-2026-03-2600
HAP-2026-03-2601,VEND-031,Helios Hardware Supply,HEL-2026-03-2601,2026-03-20,2026-04-19,385.22,USD,HPO-2026-03-2601,PAID,2026-03-31,2026-03,warehouse consumables 2026-03,JE-HAP-2026-03-2601
HAP-2026-03-2602,VEND-035,ADP,ADP-2026-03-2602,2026-03-20,2026-04-19,12.33,USD,HPO-2026-03-2602,PAID,2026-03-31,2026-03,security monitoring hosts 2026-03,JE-HAP-2026-03-2602
HAP-2026-03-2603,VEND-039,CleanRoom Janitorial,CLE-2026-03-2603,2026-03-20,2026-04-19,45.44,USD,HPO-2026-03-2603,PAID,2026-03-31,2026-03,usage overage block 2026-03,JE-HAP-2026-03-2603
HAP-2026-03-2604,VEND-043,Adyen NV,ADY-2026-03-2604,2026-03-20,2026-04-19,9000.55,USD,HPO-2026-03-2604,PAID,2026-03-31,2026-03,premium support 2026-03,JE-HAP-2026-03-2604
HAP-2026-03-2605,VEND-047,Carta,CAR-2026-03-2605,2026-03-20,2026-04-19,270.16,USD,HPO-2026-03-2605,PAID,2026-03-31,2026-03,warehouse consumables 2026-03,JE-HAP-2026-03-2605
HAP-2026-03-2606,VEND-051,Northwood Supply,NOR-2026-03-2606,2026-03-20,2026-04-19,108.77,USD,HPO-2026-03-2606,PAID,2026-03-31,2026-03,security monitoring hosts 2026-03,JE-HAP-2026-03-2606
HAP-2026-03-2607,VEND-055,Beacon Components,BEA-2026-03-2607,2026-03-20,2026-04-19,165.88,USD,HPO-2026-03-2607,PAID,2026-03-31,2026-03,usage overage block 2026-03,JE-HAP-2026-03-2607
HAP-2026-03-2608,VEND-059,Nimbus Systems,NIM-2026-03-2608,2026-03-20,2026-04-19,3600.99,USD,HPO-2026-03-2608,PAID,2026-03-31,2026-03,premium support 2026-03,JE-HAP-2026-03-2608
HAP-2026-03-2609,VEND-063,Alder Partners,ALD-2026-03-2609,2026-03-20,2026-04-19,155.1,USD,HPO-2026-03-2609,PAID,2026-03-31,2026-03,warehouse consumables 2026-03,JE-HAP-2026-03-2609
HAP-2026-03-2610,VEND-067,Northwood Studio,NOR-2026-03-2610,2026-03-20,2026-04-19,73.21,USD,HPO-2026-03-2610,PAID,2026-03-31,2026-03,security monitoring hosts 2026-03,JE-HAP-2026-03-2610
HAP-2026-03-2611,VEND-071,Beacon Supply,BEA-2026-03-2611,2026-03-20,2026-04-19,121.32,USD,HPO-2026-03-2611,PAID,2026-03-31,2026-03,usage overage block 2026-03,JE-HAP-2026-03-2611
HAP-2026-03-2612,VEND-075,Nimbus Components,NIM-2026-03-2612,2026-03-20,2026-04-19,18001.43,USD,HPO-2026-03-2612,PAID,2026-03-31,2026-03,premium support 2026-03,JE-HAP-2026-03-2612
HAP-2026-03-2613,VEND-079,Alder Systems,ALD-2026-03-2613,2026-03-20,2026-04-19,40.04,USD,HPO-2026-03-2613,PAID,2026-03-31,2026-03,warehouse consumables 2026-03,JE-HAP-2026-03-2613
HAP-2026-03-2614,VEND-083,Northwood Partners,NOR-2026-03-2614,2026-03-20,2026-04-19,37.65,USD,HPO-2026-03-2614,PAID,2026-03-31,2026-03,security monitoring hosts 2026-03,JE-HAP-2026-03-2614
HAP-2026-03-2615,VEND-087,Beacon Studio,BEA-2026-03-2615,2026-03-20,2026-04-19,76.76,USD,HPO-2026-03-2615,PAID,2026-03-31,2026-03,usage overage block 2026-03,JE-HAP-2026-03-2615
HAP-2026-03-2616,VEND-091,Nimbus Supply,NIM-2026-03-2616,2026-03-20,2026-04-19,12601.87,USD,HPO-2026-03-2616,PAID,2026-03-31,2026-03,premium support 2026-03,JE-HAP-2026-03-2616
HAP-2026-03-2617,VEND-095,Alder Components,ALD-2026-03-2617,2026-03-20,2026-04-19,348.48,USD,HPO-2026-03-2617,PAID,2026-03-31,2026-03,warehouse consumables 2026-03,JE-HAP-2026-03-2617
HAP-2026-03-2618,VEND-099,Northwood Systems,NOR-2026-03-2618,2026-03-20,2026-04-19,134.09,USD,HPO-2026-03-2618,PAID,2026-03-31,2026-03,security monitoring hosts 2026-03,JE-HAP-2026-03-2618
HAP-2026-03-2619,VEND-081,Ginkgo Supply,GIN-2026-03-2619,2026-03-21,2026-04-20,3602.2,USD,HPO-2026-03-2619,PAID,2026-03-31,2026-03,premium support 2026-03,JE-HAP-2026-03-2619
HAP-2026-03-2620,VEND-085,Teak Components,TEA-2026-03-2620,2026-03-21,2026-04-20,156.31,USD,HPO-2026-03-2620,PAID,2026-03-31,2026-03,warehouse consumables 2026-03,JE-HAP-2026-03-2620
HAP-2026-03-2621,VEND-089,Harbor Systems,HAR-2026-03-2621,2026-03-21,2026-04-20,74.42,USD,HPO-2026-03-2621,PAID,2026-03-31,2026-03,security monitoring hosts 2026-03,JE-HAP-2026-03-2621
HAP-2026-03-2622,VEND-093,Timber Partners,TIM-2026-03-2622,2026-03-21,2026-04-20,120.0,USD,HPO-2026-03-2622,PAID,2026-03-31,2026-03,usage overage block 2026-03,JE-HAP-2026-03-2622
HAP-2026-03-2623,VEND-097,Ginkgo Studio,GIN-2026-03-2623,2026-03-21,2026-04-20,18000.11,USD,HPO-2026-03-2623,PAID,2026-03-31,2026-03,premium support 2026-03,JE-HAP-2026-03-2623
HAP-2026-03-2624,VEND-101,Teak Supply,TEA-2026-03-2624,2026-03-21,2026-04-20,38.72,USD,HPO-2026-03-2624,PAID,2026-03-31,2026-03,warehouse consumables 2026-03,JE-HAP-2026-03-2624
HAP-2026-03-2625,VEND-105,Harbor Components,HAR-2026-03-2625,2026-03-21,2026-04-20,36.33,USD,HPO-2026-03-2625,PAID,2026-03-31,2026-03,security monitoring hosts 2026-03,JE-HAP-2026-03-2625
HAP-2026-03-2626,VEND-109,Timber Systems,TIM-2026-03-2626,2026-03-21,2026-04-20,75.44,USD,HPO-2026-03-2626,PAID,2026-03-31,2026-03,usage overage block 2026-03,JE-HAP-2026-03-2626
HAP-2026-03-2627,VEND-113,Ginkgo Partners,GIN-2026-03-2627,2026-03-21,2026-04-20,12600.55,USD,HPO-2026-03-2627,PAID,2026-03-31,2026-03,premium support 2026-03,JE-HAP-2026-03-2627
HAP-2026-03-2628,VEND-117,Teak Studio,TEA-2026-03-2628,2026-03-21,2026-04-20,347.16,USD,HPO-2026-03-2628,PAID,2026-03-31,2026-03,warehouse consumables 2026-03,JE-HAP-2026-03-2628
HAP-2026-03-2629,VEND-121,Harbor Supply,HAR-2026-03-2629,2026-03-21,2026-04-20,132.77,USD,HPO-2026-03-2629,PAID,2026-03-31,2026-03,security monitoring hosts 2026-03,JE-HAP-2026-03-2629
HAP-2026-03-2630,VEND-125,Timber Components,TIM-2026-03-2630,2026-03-21,2026-04-20,30.88,USD,HPO-2026-03-2630,PAID,2026-03-31,2026-03,usage overage block 2026-03,JE-HAP-2026-03-2630
HAP-2026-03-2631,VEND-129,Ginkgo Systems,GIN-2026-03-2631,2026-03-21,2026-04-20,7200.99,USD,HPO-2026-03-2631,PAID,2026-03-31,2026-03,premium support 2026-03,JE-HAP-2026-03-2631
HAP-2026-03-2632,VEND-133,Teak Partners,TEA-2026-03-2632,2026-03-21,2026-04-20,232.1,USD,HPO-2026-03-2632,PAID,2026-03-31,2026-03,warehouse consumables 2026-03,JE-HAP-2026-03-2632
HAP-2026-03-2633,VEND-137,Harbor Studio,HAR-2026-03-2633,2026-03-21,2026-04-20,97.21,USD,HPO-2026-03-2633,PAID,2026-03-31,2026-03,security monitoring hosts 2026-03,JE-HAP-2026-03-2633
HAP-2026-03-2634,VEND-141,Timber Supply,TIM-2026-03-2634,2026-03-21,2026-04-20,151.32,USD,HPO-2026-03-2634,PAID,2026-03-31,2026-03,usage overage block 2026-03,JE-HAP-2026-03-2634
HAP-2026-03-2635,VEND-145,Ginkgo Components,GIN-2026-03-2635,2026-03-21,2026-04-20,1801.43,USD,HPO-2026-03-2635,PAID,2026-03-31,2026-03,premium support 2026-03,JE-HAP-2026-03-2635
HAP-2026-03-2636,VEND-149,Teak Systems,TEA-2026-03-2636,2026-03-21,2026-04-20,117.04,USD,HPO-2026-03-2636,PAID,2026-03-31,2026-03,warehouse consumables 2026-03,JE-HAP-2026-03-2636
HAP-2026-03-2637,VEND-153,Harbor Partners,HAR-2026-03-2637,2026-03-21,2026-04-20,61.65,USD,HPO-2026-03-2637,PAID,2026-03-31,2026-03,security monitoring hosts 2026-03,JE-HAP-2026-03-2637
HAP-2026-03-2638,VEND-157,Timber Studio,TIM-2026-03-2638,2026-03-21,2026-04-20,106.76,USD,HPO-2026-03-2638,PAID,2026-03-31,2026-03,usage overage block 2026-03,JE-HAP-2026-03-2638
HAP-2026-03-2639,VEND-161,Ginkgo Supply,GIN-2026-03-2639,2026-03-21,2026-04-20,16201.87,USD,HPO-2026-03-2639,PAID,2026-03-31,2026-03,premium support 2026-03,JE-HAP-2026-03-2639
HAP-2026-03-2640,VEND-165,Teak Components,TEA-2026-03-2640,2026-03-21,2026-04-20,425.48,USD,HPO-2026-03-2640,PAID,2026-03-31,2026-03,warehouse consumables 2026-03,JE-HAP-2026-03-2640
HAP-2026-04-2641,VEND-147,Northwood Studio,NOR-2026-04-2641,2026-04-02,2026-05-02,32.09,USD,HPO-2026-04-2641,PAID,2026-04-20,2026-04,usage overage block 2026-04,JE-HAP-2026-04-2641
HAP-2026-04-2642,VEND-151,Beacon Supply,BEA-2026-04-2642,2026-04-02,2026-05-02,7202.2,USD,HPO-2026-04-2642,PAID,2026-04-20,2026-04,premium support 2026-04,JE-HAP-2026-04-2642
HAP-2026-04-2643,VEND-155,Nimbus Components,NIM-2026-04-2643,2026-04-02,2026-05-02,233.31,USD,HPO-2026-04-2643,PAID,2026-04-20,2026-04,warehouse consumables 2026-04,JE-HAP-2026-04-2643
HAP-2026-04-2644,VEND-159,Alder Systems,ALD-2026-04-2644,2026-04-02,2026-05-02,98.42,USD,HPO-2026-04-2644,PAID,2026-04-20,2026-04,security monitoring hosts 2026-04,JE-HAP-2026-04-2644
HAP-2026-04-2645,VEND-163,Northwood Partners,NOR-2026-04-2645,2026-04-02,2026-05-02,150.0,USD,HPO-2026-04-2645,PAID,2026-04-20,2026-04,usage overage block 2026-04,JE-HAP-2026-04-2645
HAP-2026-04-2646,VEND-167,Beacon Studio,BEA-2026-04-2646,2026-04-02,2026-05-02,1800.11,USD,HPO-2026-04-2646,PAID,2026-04-20,2026-04,premium support 2026-04,JE-HAP-2026-04-2646
HAP-2026-04-2647,VEND-171,Nimbus Supply,NIM-2026-04-2647,2026-04-02,2026-05-02,115.72,USD,HPO-2026-04-2647,PAID,2026-04-20,2026-04,warehouse consumables 2026-04,JE-HAP-2026-04-2647
HAP-2026-04-2648,VEND-175,Alder Components,ALD-2026-04-2648,2026-04-02,2026-05-02,60.33,USD,HPO-2026-04-2648,PAID,2026-04-20,2026-04,security monitoring hosts 2026-04,JE-HAP-2026-04-2648
HAP-2026-04-2649,VEND-179,Northwood Systems,NOR-2026-04-2649,2026-04-02,2026-05-02,105.44,USD,HPO-2026-04-2649,PAID,2026-04-20,2026-04,usage overage block 2026-04,JE-HAP-2026-04-2649
HAP-2026-04-2650,VEND-183,Beacon Partners,BEA-2026-04-2650,2026-04-02,2026-05-02,16200.55,USD,HPO-2026-04-2650,PAID,2026-04-20,2026-04,premium support 2026-04,JE-HAP-2026-04-2650
HAP-2026-04-2651,VEND-187,Nimbus Studio,NIM-2026-04-2651,2026-04-02,2026-05-02,424.16,USD,HPO-2026-04-2651,PAID,2026-04-20,2026-04,warehouse consumables 2026-04,JE-HAP-2026-04-2651
HAP-2026-04-2652,VEND-191,Alder Supply,ALD-2026-04-2652,2026-04-02,2026-05-02,24.77,USD,HPO-2026-04-2652,PAID,2026-04-20,2026-04,security monitoring hosts 2026-04,JE-HAP-2026-04-2652
HAP-2026-04-2653,VEND-195,Northwood Components,NOR-2026-04-2653,2026-04-02,2026-05-02,60.88,USD,HPO-2026-04-2653,PAID,2026-04-20,2026-04,usage overage block 2026-04,JE-HAP-2026-04-2653
HAP-2026-04-2654,VEND-199,Beacon Systems,BEA-2026-04-2654,2026-04-02,2026-05-02,10800.99,USD,HPO-2026-04-2654,PAID,2026-04-20,2026-04,premium support 2026-04,JE-HAP-2026-04-2654
HAP-2026-04-2655,VEND-203,Nimbus Partners,NIM-2026-04-2655,2026-04-02,2026-05-02,309.1,USD,HPO-2026-04-2655,PAID,2026-04-20,2026-04,warehouse consumables 2026-04,JE-HAP-2026-04-2655
HAP-2026-04-2656,VEND-207,Alder Studio,ALD-2026-04-2656,2026-04-02,2026-05-02,121.21,USD,HPO-2026-04-2656,PAID,2026-04-20,2026-04,security monitoring hosts 2026-04,JE-HAP-2026-04-2656
HAP-2026-04-2657,VEND-211,Northwood Supply,NOR-2026-04-2657,2026-04-02,2026-05-02,16.32,USD,HPO-2026-04-2657,PAID,2026-04-20,2026-04,usage overage block 2026-04,JE-HAP-2026-04-2657
HAP-2026-04-2658,VEND-215,Beacon Components,BEA-2026-04-2658,2026-04-02,2026-05-02,5401.43,USD,HPO-2026-04-2658,PAID,2026-04-20,2026-04,premium support 2026-04,JE-HAP-2026-04-2658
HAP-2026-04-2659,VEND-219,Nimbus Systems,NIM-2026-04-2659,2026-04-02,2026-05-02,194.04,USD,HPO-2026-04-2659,PAID,2026-04-20,2026-04,warehouse consumables 2026-04,JE-HAP-2026-04-2659
HAP-2026-04-2660,VEND-223,Alder Partners,ALD-2026-04-2660,2026-04-02,2026-05-02,85.65,USD,HPO-2026-04-2660,PAID,2026-04-20,2026-04,security monitoring hosts 2026-04,JE-HAP-2026-04-2660
HAP-2026-04-2661,VEND-227,Northwood Studio,NOR-2026-04-2661,2026-04-02,2026-05-02,136.76,USD,HPO-2026-04-2661,PAID,2026-04-20,2026-04,usage overage block 2026-04,JE-HAP-2026-04-2661
HAP-2026-04-2662,VEND-231,Beacon Supply,BEA-2026-04-2662,2026-04-02,2026-05-02,19801.87,USD,HPO-2026-04-2662,PAID,2026-04-20,2026-04,premium support 2026-04,JE-HAP-2026-04-2662
HAP-2026-04-2663,VEND-213,Teak Partners,TEA-2026-04-2663,2026-04-03,2026-05-03,25.98,USD,HPO-2026-04-2663,PAID,2026-04-21,2026-04,security monitoring hosts 2026-04,JE-HAP-2026-04-2663
HAP-2026-04-2664,VEND-217,Harbor Studio,HAR-2026-04-2664,2026-04-03,2026-05-03,62.09,USD,HPO-2026-04-2664,PAID,2026-04-21,2026-04,usage overage block 2026-04,JE-HAP-2026-04-2664
HAP-2026-04-2665,VEND-221,Timber Supply,TIM-2026-04-2665,2026-04-03,2026-05-03,10802.2,USD,HPO-2026-04-2665,PAID,2026-04-21,2026-04,premium support 2026-04,JE-HAP-2026-04-2665
HAP-2026-04-2666,VEND-225,Ginkgo Components,GIN-2026-04-2666,2026-04-03,2026-05-03,310.31,USD,HPO-2026-04-2666,PAID,2026-04-21,2026-04,warehouse consumables 2026-04,JE-HAP-2026-04-2666
HAP-2026-04-2667,VEND-229,Teak Systems,TEA-2026-04-2667,2026-04-03,2026-05-03,122.42,USD,HPO-2026-04-2667,PAID,2026-04-21,2026-04,security monitoring hosts 2026-04,JE-HAP-2026-04-2667
HAP-2026-04-2668,VEND-233,Harbor Partners,HAR-2026-04-2668,2026-04-03,2026-05-03,15.0,USD,HPO-2026-04-2668,PAID,2026-04-21,2026-04,usage overage block 2026-04,JE-HAP-2026-04-2668
HAP-2026-04-2669,VEND-237,Timber Studio,TIM-2026-04-2669,2026-04-03,2026-05-03,5400.11,USD,HPO-2026-04-2669,PAID,2026-04-21,2026-04,premium support 2026-04,JE-HAP-2026-04-2669
HAP-2026-04-2670,VEND-241,Ginkgo Supply,GIN-2026-04-2670,2026-04-03,2026-05-03,192.72,USD,HPO-2026-04-2670,PAID,2026-04-21,2026-04,warehouse consumables 2026-04,JE-HAP-2026-04-2670
HAP-2026-04-2671,VEND-245,Teak Components,TEA-2026-04-2671,2026-04-03,2026-05-03,84.33,USD,HPO-2026-04-2671,PAID,2026-04-21,2026-04,security monitoring hosts 2026-04,JE-HAP-2026-04-2671
HAP-2026-04-2672,VEND-249,Harbor Systems,HAR-2026-04-2672,2026-04-03,2026-05-03,135.44,USD,HPO-2026-04-2672,PAID,2026-04-21,2026-04,usage overage block 2026-04,JE-HAP-2026-04-2672
HAP-2026-04-2673,VEND-253,Timber Partners,TIM-2026-04-2673,2026-04-03,2026-05-03,19800.55,USD,HPO-2026-04-2673,PAID,2026-04-21,2026-04,premium support 2026-04,JE-HAP-2026-04-2673
HAP-2026-04-2674,VEND-257,Ginkgo Studio,GIN-2026-04-2674,2026-04-03,2026-05-03,77.66,USD,HPO-2026-04-2674,PAID,2026-04-21,2026-04,warehouse consumables 2026-04,JE-HAP-2026-04-2674
HAP-2026-04-2675,VEND-261,Teak Supply,TEA-2026-04-2675,2026-04-03,2026-05-03,48.77,USD,HPO-2026-04-2675,PAID,2026-04-21,2026-04,security monitoring hosts 2026-04,JE-HAP-2026-04-2675
HAP-2026-04-2676,VEND-265,Harbor Components,HAR-2026-04-2676,2026-04-03,2026-05-03,90.88,USD,HPO-2026-04-2676,PAID,2026-04-21,2026-04,usage overage block 2026-04,JE-HAP-2026-04-2676
HAP-2026-04-2677,VEND-269,Timber Systems,TIM-2026-04-2677,2026-04-03,2026-05-03,14400.99,USD,HPO-2026-04-2677,PAID,2026-04-21,2026-04,premium support 2026-04,JE-HAP-2026-04-2677
HAP-2026-04-2678,VEND-273,Ginkgo Partners,GIN-2026-04-2678,2026-04-03,2026-05-03,386.1,USD,HPO-2026-04-2678,PAID,2026-04-21,2026-04,warehouse consumables 2026-04,JE-HAP-2026-04-2678
HAP-2026-04-2679,VEND-277,Teak Studio,TEA-2026-04-2679,2026-04-03,2026-05-03,13.21,USD,HPO-2026-04-2679,PAID,2026-04-21,2026-04,security monitoring hosts 2026-04,JE-HAP-2026-04-2679
HAP-2026-04-2680,VEND-281,Harbor Supply,HAR-2026-04-2680,2026-04-03,2026-05-03,46.32,USD,HPO-2026-04-2680,PAID,2026-04-21,2026-04,usage overage block 2026-04,JE-HAP-2026-04-2680
HAP-2026-04-2681,VEND-285,Timber Components,TIM-2026-04-2681,2026-04-03,2026-05-03,9001.43,USD,HPO-2026-04-2681,PAID,2026-04-21,2026-04,premium support 2026-04,JE-HAP-2026-04-2681
HAP-2026-04-2682,VEND-289,Ginkgo Systems,GIN-2026-04-2682,2026-04-03,2026-05-03,271.04,USD,HPO-2026-04-2682,PAID,2026-04-21,2026-04,warehouse consumables 2026-04,JE-HAP-2026-04-2682
HAP-2026-04-2683,VEND-293,Teak Partners,TEA-2026-04-2683,2026-04-03,2026-05-03,109.65,USD,HPO-2026-04-2683,PAID,2026-04-21,2026-04,security monitoring hosts 2026-04,JE-HAP-2026-04-2683
HAP-2026-04-2684,VEND-297,Harbor Studio,HAR-2026-04-2684,2026-04-03,2026-05-03,166.76,USD,HPO-2026-04-2684,PAID,2026-04-21,2026-04,usage overage block 2026-04,JE-HAP-2026-04-2684
HAP-2026-04-2685,VEND-279,Beacon Systems,BEA-2026-04-2685,2026-04-04,2026-05-04,78.87,USD,HPO-2026-04-2685,PAID,2026-04-22,2026-04,warehouse consumables 2026-04,JE-HAP-2026-04-2685
HAP-2026-04-2686,VEND-283,Nimbus Partners,NIM-2026-04-2686,2026-04-04,2026-05-04,49.98,USD,HPO-2026-04-2686,PAID,2026-04-22,2026-04,security monitoring hosts 2026-04,JE-HAP-2026-04-2686
HAP-2026-04-2687,VEND-287,Alder Studio,ALD-2026-04-2687,2026-04-04,2026-05-04,92.09,USD,HPO-2026-04-2687,PAID,2026-04-22,2026-04,usage overage block 2026-04,JE-HAP-2026-04-2687
HAP-2026-04-2688,VEND-291,Northwood Supply,NOR-2026-04-2688,2026-04-04,2026-05-04,14402.2,USD,HPO-2026-04-2688,PAID,2026-04-22,2026-04,premium support 2026-04,JE-HAP-2026-04-2688
HAP-2026-04-2689,VEND-295,Beacon Components,BEA-2026-04-2689,2026-04-04,2026-05-04,387.31,USD,HPO-2026-04-2689,PAID,2026-04-22,2026-04,warehouse consumables 2026-04,JE-HAP-2026-04-2689
HAP-2026-04-2690,VEND-299,Nimbus Systems,NIM-2026-04-2690,2026-04-04,2026-05-04,14.42,USD,HPO-2026-04-2690,PAID,2026-04-22,2026-04,security monitoring hosts 2026-04,JE-HAP-2026-04-2690
HAP-2026-04-2691,VEND-303,Alder Partners,ALD-2026-04-2691,2026-04-04,2026-05-04,45.0,USD,HPO-2026-04-2691,PAID,2026-04-22,2026-04,usage overage block 2026-04,JE-HAP-2026-04-2691
HAP-2026-04-2692,VEND-307,Northwood Studio,NOR-2026-04-2692,2026-04-04,2026-05-04,9000.11,USD,HPO-2026-04-2692,PAID,2026-04-22,2026-04,premium support 2026-04,JE-HAP-2026-04-2692
HAP-2026-04-2693,VEND-311,Beacon Supply,BEA-2026-04-2693,2026-04-04,2026-05-04,269.72,USD,HPO-2026-04-2693,PAID,2026-04-22,2026-04,warehouse consumables 2026-04,JE-HAP-2026-04-2693
HAP-2026-04-2694,VEND-315,Nimbus Components,NIM-2026-04-2694,2026-04-04,2026-05-04,108.33,USD,HPO-2026-04-2694,PAID,2026-04-22,2026-04,security monitoring hosts 2026-04,JE-HAP-2026-04-2694
HAP-2026-04-2695,VEND-319,Alder Systems,ALD-2026-04-2695,2026-04-04,2026-05-04,165.44,USD,HPO-2026-04-2695,PAID,2026-04-22,2026-04,usage overage block 2026-04,JE-HAP-2026-04-2695
HAP-2026-04-2696,VEND-323,Northwood Partners,NOR-2026-04-2696,2026-04-04,2026-05-04,3600.55,USD,HPO-2026-04-2696,PAID,2026-04-22,2026-04,premium support 2026-04,JE-HAP-2026-04-2696
HAP-2026-04-2697,VEND-002,Amazon Web Services,AMA-2026-04-2697,2026-04-04,2026-05-04,154.66,USD,HPO-2026-04-2697,PAID,2026-04-22,2026-04,warehouse consumables 2026-04,JE-HAP-2026-04-2697
HAP-2026-04-2698,VEND-006,Datadog,DAT-2026-04-2698,2026-04-04,2026-05-04,72.77,USD,HPO-2026-04-2698,PAID,2026-04-22,2026-04,security monitoring hosts 2026-04,JE-HAP-2026-04-2698
HAP-2026-04-2699,VEND-011,Hartford Insurance,HAR-2026-04-2699,2026-04-04,2026-05-04,120.88,USD,HPO-2026-04-2699,PAID,2026-04-22,2026-04,usage overage block 2026-04,JE-HAP-2026-04-2699
HAP-2026-04-2700,VEND-015,Harbor Electric,HAR-2026-04-2700,2026-04-04,2026-05-04,18000.99,USD,HPO-2026-04-2700,PAID,2026-04-22,2026-04,premium support 2026-04,JE-HAP-2026-04-2700
HAP-2026-04-2701,VEND-019,Freightline Logistics,FRE-2026-04-2701,2026-04-04,2026-05-04,39.6,USD,HPO-2026-04-2701,PAID,2026-04-22,2026-04,warehouse consumables 2026-04,JE-HAP-2026-04-2701
HAP-2026-04-2702,VEND-023,Notion Labs,NOT-2026-04-2702,2026-04-04,2026-05-04,37.21,USD,HPO-2026-04-2702,PAID,2026-04-22,2026-04,security monitoring hosts 2026-04,JE-HAP-2026-04-2702
HAP-2026-04-2703,VEND-027,Zoom Video,ZOO-2026-04-2703,2026-04-04,2026-05-04,76.32,USD,HPO-2026-04-2703,PAID,2026-04-22,2026-04,usage overage block 2026-04,JE-HAP-2026-04-2703
HAP-2026-04-2704,VEND-031,Helios Hardware Supply,HEL-2026-04-2704,2026-04-04,2026-05-04,12601.43,USD,HPO-2026-04-2704,PAID,2026-04-22,2026-04,premium support 2026-04,JE-HAP-2026-04-2704
HAP-2026-04-2705,VEND-035,ADP,ADP-2026-04-2705,2026-04-04,2026-05-04,348.04,USD,HPO-2026-04-2705,PAID,2026-04-22,2026-04,warehouse consumables 2026-04,JE-HAP-2026-04-2705
HAP-2026-04-2706,VEND-039,CleanRoom Janitorial,CLE-2026-04-2706,2026-04-04,2026-05-04,133.65,USD,HPO-2026-04-2706,PAID,2026-04-22,2026-04,security monitoring hosts 2026-04,JE-HAP-2026-04-2706
HAP-2026-04-2707,VEND-021,Misc Supplies,MIS-2026-04-2707,2026-04-05,2026-05-05,3601.76,USD,HPO-2026-04-2707,PAID,2026-04-23,2026-04,premium support 2026-04,JE-HAP-2026-04-2707
HAP-2026-04-2708,VEND-025,Okta,OKT-2026-04-2708,2026-04-05,2026-05-05,155.87,USD,HPO-2026-04-2708,PAID,2026-04-23,2026-04,warehouse consumables 2026-04,JE-HAP-2026-04-2708
HAP-2026-04-2709,VEND-029,Cloudflare,CLO-2026-04-2709,2026-04-05,2026-05-05,73.98,USD,HPO-2026-04-2709,PAID,2026-04-23,2026-04,security monitoring hosts 2026-04,JE-HAP-2026-04-2709
HAP-2026-04-2710,VEND-033,Staples Business Advantage,STA-2026-04-2710,2026-04-05,2026-05-05,122.09,USD,HPO-2026-04-2710,PAID,2026-04-23,2026-04,usage overage block 2026-04,JE-HAP-2026-04-2710
HAP-2026-04-2711,VEND-037,Comcast Business,COM-2026-04-2711,2026-04-05,2026-05-05,18002.2,USD,HPO-2026-04-2711,PAID,2026-04-23,2026-04,premium support 2026-04,JE-HAP-2026-04-2711
HAP-2026-04-2712,VEND-041,HubSpot,HUB-2026-04-2712,2026-04-05,2026-05-05,40.81,USD,HPO-2026-04-2712,PAID,2026-04-23,2026-04,warehouse consumables 2026-04,JE-HAP-2026-04-2712
HAP-2026-04-2713,VEND-045,Palo Alto Networks,PAL-2026-04-2713,2026-04-05,2026-05-05,38.42,USD,HPO-2026-04-2713,PAID,2026-04-23,2026-04,security monitoring hosts 2026-04,JE-HAP-2026-04-2713
HAP-2026-04-2714,VEND-049,Vanta,VAN-2026-04-2714,2026-04-05,2026-05-05,75.0,USD,HPO-2026-04-2714,PAID,2026-04-23,2026-04,usage overage block 2026-04,JE-HAP-2026-04-2714
HAP-2026-04-2715,VEND-053,Teak Partners,TEA-2026-04-2715,2026-04-05,2026-05-05,12600.11,USD,HPO-2026-04-2715,PAID,2026-04-23,2026-04,premium support 2026-04,JE-HAP-2026-04-2715
HAP-2026-04-2716,VEND-057,Harbor Studio,HAR-2026-04-2716,2026-04-05,2026-05-05,346.72,USD,HPO-2026-04-2716,PAID,2026-04-23,2026-04,warehouse consumables 2026-04,JE-HAP-2026-04-2716
HAP-2026-04-2717,VEND-061,Timber Supply,TIM-2026-04-2717,2026-04-05,2026-05-05,132.33,USD,HPO-2026-04-2717,PAID,2026-04-23,2026-04,security monitoring hosts 2026-04,JE-HAP-2026-04-2717
HAP-2026-04-2718,VEND-065,Ginkgo Components,GIN-2026-04-2718,2026-04-05,2026-05-05,30.44,USD,HPO-2026-04-2718,PAID,2026-04-23,2026-04,usage overage block 2026-04,JE-HAP-2026-04-2718
HAP-2026-04-2719,VEND-069,Teak Systems,TEA-2026-04-2719,2026-04-05,2026-05-05,7200.55,USD,HPO-2026-04-2719,PAID,2026-04-23,2026-04,premium support 2026-04,JE-HAP-2026-04-2719
HAP-2026-04-2720,VEND-073,Harbor Partners,HAR-2026-04-2720,2026-04-05,2026-05-05,231.66,USD,HPO-2026-04-2720,PAID,2026-04-23,2026-04,warehouse consumables 2026-04,JE-HAP-2026-04-2720
HAP-2026-04-2721,VEND-077,Timber Studio,TIM-2026-04-2721,2026-04-05,2026-05-05,96.77,USD,HPO-2026-04-2721,PAID,2026-04-23,2026-04,security monitoring hosts 2026-04,JE-HAP-2026-04-2721
HAP-2026-04-2722,VEND-081,Ginkgo Supply,GIN-2026-04-2722,2026-04-05,2026-05-05,150.88,USD,HPO-2026-04-2722,PAID,2026-04-23,2026-04,usage overage block 2026-04,JE-HAP-2026-04-2722
HAP-2026-04-2723,VEND-085,Teak Components,TEA-2026-04-2723,2026-04-05,2026-05-05,1800.99,USD,HPO-2026-04-2723,PAID,2026-04-23,2026-04,premium support 2026-04,JE-HAP-2026-04-2723
HAP-2026-04-2724,VEND-089,Harbor Systems,HAR-2026-04-2724,2026-04-05,2026-05-05,116.6,USD,HPO-2026-04-2724,PAID,2026-04-23,2026-04,warehouse consumables 2026-04,JE-HAP-2026-04-2724
HAP-2026-04-2725,VEND-093,Timber Partners,TIM-2026-04-2725,2026-04-05,2026-05-05,61.21,USD,HPO-2026-04-2725,PAID,2026-04-23,2026-04,security monitoring hosts 2026-04,JE-HAP-2026-04-2725
HAP-2026-04-2726,VEND-097,Ginkgo Studio,GIN-2026-04-2726,2026-04-05,2026-05-05,106.32,USD,HPO-2026-04-2726,PAID,2026-04-23,2026-04,usage overage block 2026-04,JE-HAP-2026-04-2726
HAP-2026-04-2727,VEND-101,Teak Supply,TEA-2026-04-2727,2026-04-05,2026-05-05,16201.43,USD,HPO-2026-04-2727,PAID,2026-04-23,2026-04,premium support 2026-04,JE-HAP-2026-04-2727
HAP-2026-04-2728,VEND-105,Harbor Components,HAR-2026-04-2728,2026-04-05,2026-05-05,425.04,USD,HPO-2026-04-2728,PAID,2026-04-23,2026-04,warehouse consumables 2026-04,JE-HAP-2026-04-2728
HAP-2026-04-2729,VEND-087,Beacon Studio,BEA-2026-04-2729,2026-04-06,2026-05-06,31.65,USD,HPO-2026-04-2729,PAID,2026-04-24,2026-04,usage overage block 2026-04,JE-HAP-2026-04-2729
HAP-2026-04-2730,VEND-091,Nimbus Supply,NIM-2026-04-2730,2026-04-06,2026-05-06,7201.76,USD,HPO-2026-04-2730,PAID,2026-04-24,2026-04,premium support 2026-04,JE-HAP-2026-04-2730
HAP-2026-04-2731,VEND-095,Alder Components,ALD-2026-04-2731,2026-04-06,2026-05-06,232.87,USD,HPO-2026-04-2731,PAID,2026-04-24,2026-04,warehouse consumables 2026-04,JE-HAP-2026-04-2731
HAP-2026-04-2732,VEND-099,Northwood Systems,NOR-2026-04-2732,2026-04-06,2026-05-06,97.98,USD,HPO-2026-04-2732,PAID,2026-04-24,2026-04,security monitoring hosts 2026-04,JE-HAP-2026-04-2732
HAP-2026-04-2733,VEND-103,Beacon Partners,BEA-2026-04-2733,2026-04-06,2026-05-06,152.09,USD,HPO-2026-04-2733,PAID,2026-04-24,2026-04,usage overage block 2026-04,JE-HAP-2026-04-2733
HAP-2026-04-2734,VEND-107,Nimbus Studio,NIM-2026-04-2734,2026-04-06,2026-05-06,1802.2,USD,HPO-2026-04-2734,PAID,2026-04-24,2026-04,premium support 2026-04,JE-HAP-2026-04-2734
HAP-2026-04-2735,VEND-111,Alder Supply,ALD-2026-04-2735,2026-04-06,2026-05-06,117.81,USD,HPO-2026-04-2735,PAID,2026-04-24,2026-04,warehouse consumables 2026-04,JE-HAP-2026-04-2735
HAP-2026-04-2736,VEND-115,Northwood Components,NOR-2026-04-2736,2026-04-06,2026-05-06,62.42,USD,HPO-2026-04-2736,PAID,2026-04-24,2026-04,security monitoring hosts 2026-04,JE-HAP-2026-04-2736
HAP-2026-04-2737,VEND-119,Beacon Systems,BEA-2026-04-2737,2026-04-06,2026-05-06,105.0,USD,HPO-2026-04-2737,PAID,2026-04-24,2026-04,usage overage block 2026-04,JE-HAP-2026-04-2737
HAP-2026-04-2738,VEND-123,Nimbus Partners,NIM-2026-04-2738,2026-04-06,2026-05-06,16200.11,USD,HPO-2026-04-2738,PAID,2026-04-24,2026-04,premium support 2026-04,JE-HAP-2026-04-2738
HAP-2026-04-2739,VEND-127,Alder Studio,ALD-2026-04-2739,2026-04-06,2026-05-06,423.72,USD,HPO-2026-04-2739,PAID,2026-04-24,2026-04,warehouse consumables 2026-04,JE-HAP-2026-04-2739
HAP-2026-04-2740,VEND-131,Northwood Supply,NOR-2026-04-2740,2026-04-06,2026-05-06,24.33,USD,HPO-2026-04-2740,PAID,2026-04-24,2026-04,security monitoring hosts 2026-04,JE-HAP-2026-04-2740
HAP-2026-04-2741,VEND-135,Beacon Components,BEA-2026-04-2741,2026-04-06,2026-05-06,60.44,USD,HPO-2026-04-2741,PAID,2026-04-24,2026-04,usage overage block 2026-04,JE-HAP-2026-04-2741
HAP-2026-04-2742,VEND-139,Nimbus Systems,NIM-2026-04-2742,2026-04-06,2026-05-06,10800.55,USD,HPO-2026-04-2742,PAID,2026-04-24,2026-04,premium support 2026-04,JE-HAP-2026-04-2742
HAP-2026-04-2743,VEND-143,Alder Partners,ALD-2026-04-2743,2026-04-06,2026-05-06,308.66,USD,HPO-2026-04-2743,PAID,2026-04-24,2026-04,warehouse consumables 2026-04,JE-HAP-2026-04-2743
HAP-2026-04-2744,VEND-147,Northwood Studio,NOR-2026-04-2744,2026-04-06,2026-05-06,120.77,USD,HPO-2026-04-2744,PAID,2026-04-24,2026-04,security monitoring hosts 2026-04,JE-HAP-2026-04-2744
HAP-2026-04-2745,VEND-151,Beacon Supply,BEA-2026-04-2745,2026-04-06,2026-05-06,15.88,USD,HPO-2026-04-2745,PAID,2026-04-24,2026-04,usage overage block 2026-04,JE-HAP-2026-04-2745
HAP-2026-04-2746,VEND-155,Nimbus Components,NIM-2026-04-2746,2026-04-06,2026-05-06,5400.99,USD,HPO-2026-04-2746,PAID,2026-04-24,2026-04,premium support 2026-04,JE-HAP-2026-04-2746
HAP-2026-04-2747,VEND-159,Alder Systems,ALD-2026-04-2747,2026-04-06,2026-05-06,193.6,USD,HPO-2026-04-2747,PAID,2026-04-24,2026-04,warehouse consumables 2026-04,JE-HAP-2026-04-2747
HAP-2026-04-2748,VEND-163,Northwood Partners,NOR-2026-04-2748,2026-04-06,2026-05-06,85.21,USD,HPO-2026-04-2748,PAID,2026-04-24,2026-04,security monitoring hosts 2026-04,JE-HAP-2026-04-2748
HAP-2026-04-2749,VEND-167,Beacon Studio,BEA-2026-04-2749,2026-04-06,2026-05-06,136.32,USD,HPO-2026-04-2749,PAID,2026-04-24,2026-04,usage overage block 2026-04,JE-HAP-2026-04-2749
HAP-2026-04-2750,VEND-171,Nimbus Supply,NIM-2026-04-2750,2026-04-06,2026-05-06,19801.43,USD,HPO-2026-04-2750,PAID,2026-04-24,2026-04,premium support 2026-04,JE-HAP-2026-04-2750
HAP-2026-04-2751,VEND-153,Harbor Partners,HAR-2026-04-2751,2026-04-07,2026-05-07,25.54,USD,HPO-2026-04-2751,PAID,2026-04-25,2026-04,security monitoring hosts 2026-04,JE-HAP-2026-04-2751
HAP-2026-04-2752,VEND-157,Timber Studio,TIM-2026-04-2752,2026-04-07,2026-05-07,61.65,USD,HPO-2026-04-2752,PAID,2026-04-25,2026-04,usage overage block 2026-04,JE-HAP-2026-04-2752
HAP-2026-04-2753,VEND-161,Ginkgo Supply,GIN-2026-04-2753,2026-04-07,2026-05-07,10801.76,USD,HPO-2026-04-2753,PAID,2026-04-25,2026-04,premium support 2026-04,JE-HAP-2026-04-2753
HAP-2026-04-2754,VEND-165,Teak Components,TEA-2026-04-2754,2026-04-07,2026-05-07,309.87,USD,HPO-2026-04-2754,PAID,2026-04-25,2026-04,warehouse consumables 2026-04,JE-HAP-2026-04-2754
HAP-2026-04-2755,VEND-169,Harbor Systems,HAR-2026-04-2755,2026-04-07,2026-05-07,121.98,USD,HPO-2026-04-2755,PAID,2026-04-25,2026-04,security monitoring hosts 2026-04,JE-HAP-2026-04-2755
HAP-2026-04-2756,VEND-173,Timber Partners,TIM-2026-04-2756,2026-04-07,2026-05-07,17.09,USD,HPO-2026-04-2756,PAID,2026-04-25,2026-04,usage overage block 2026-04,JE-HAP-2026-04-2756
HAP-2026-04-2757,VEND-177,Ginkgo Studio,GIN-2026-04-2757,2026-04-07,2026-05-07,5402.2,USD,HPO-2026-04-2757,PAID,2026-04-25,2026-04,premium support 2026-04,JE-HAP-2026-04-2757
HAP-2026-04-2758,VEND-181,Teak Supply,TEA-2026-04-2758,2026-04-07,2026-05-07,194.81,USD,HPO-2026-04-2758,PAID,2026-04-25,2026-04,warehouse consumables 2026-04,JE-HAP-2026-04-2758
HAP-2026-04-2759,VEND-185,Harbor Components,HAR-2026-04-2759,2026-04-07,2026-05-07,86.42,USD,HPO-2026-04-2759,PAID,2026-04-25,2026-04,security monitoring hosts 2026-04,JE-HAP-2026-04-2759
HAP-2026-04-2760,VEND-189,Timber Systems,TIM-2026-04-2760,2026-04-07,2026-05-07,135.0,USD,HPO-2026-04-2760,PAID,2026-04-25,2026-04,usage overage block 2026-04,JE-HAP-2026-04-2760
HAP-2026-04-2761,VEND-193,Ginkgo Partners,GIN-2026-04-2761,2026-04-07,2026-05-07,19800.11,USD,HPO-2026-04-2761,PAID,2026-04-25,2026-04,premium support 2026-04,JE-HAP-2026-04-2761
HAP-2026-04-2762,VEND-197,Teak Studio,TEA-2026-04-2762,2026-04-07,2026-05-07,77.22,USD,HPO-2026-04-2762,PAID,2026-04-25,2026-04,warehouse consumables 2026-04,JE-HAP-2026-04-2762
HAP-2026-04-2763,VEND-201,Harbor Supply,HAR-2026-04-2763,2026-04-07,2026-05-07,48.33,USD,HPO-2026-04-2763,PAID,2026-04-25,2026-04,security monitoring hosts 2026-04,JE-HAP-2026-04-2763
HAP-2026-04-2764,VEND-205,Timber Components,TIM-2026-04-2764,2026-04-07,2026-05-07,90.44,USD,HPO-2026-04-2764,PAID,2026-04-25,2026-04,usage overage block 2026-04,JE-HAP-2026-04-2764
HAP-2026-04-2765,VEND-209,Ginkgo Systems,GIN-2026-04-2765,2026-04-07,2026-05-07,14400.55,USD,HPO-2026-04-2765,PAID,2026-04-25,2026-04,premium support 2026-04,JE-HAP-2026-04-2765
HAP-2026-04-2766,VEND-213,Teak Partners,TEA-2026-04-2766,2026-04-07,2026-05-07,385.66,USD,HPO-2026-04-2766,PAID,2026-04-25,2026-04,warehouse consumables 2026-04,JE-HAP-2026-04-2766
HAP-2026-04-2767,VEND-217,Harbor Studio,HAR-2026-04-2767,2026-04-07,2026-05-07,12.77,USD,HPO-2026-04-2767,PAID,2026-04-25,2026-04,security monitoring hosts 2026-04,JE-HAP-2026-04-2767
HAP-2026-04-2768,VEND-221,Timber Supply,TIM-2026-04-2768,2026-04-07,2026-05-07,45.88,USD,HPO-2026-04-2768,PAID,2026-04-25,2026-04,usage overage block 2026-04,JE-HAP-2026-04-2768
HAP-2026-04-2769,VEND-225,Ginkgo Components,GIN-2026-04-2769,2026-04-07,2026-05-07,9000.99,USD,HPO-2026-04-2769,PAID,2026-04-25,2026-04,premium support 2026-04,JE-HAP-2026-04-2769
HAP-2026-04-2770,VEND-229,Teak Systems,TEA-2026-04-2770,2026-04-07,2026-05-07,270.6,USD,HPO-2026-04-2770,PAID,2026-04-25,2026-04,warehouse consumables 2026-04,JE-HAP-2026-04-2770
HAP-2026-04-2771,VEND-233,Harbor Partners,HAR-2026-04-2771,2026-04-07,2026-05-07,109.21,USD,HPO-2026-04-2771,PAID,2026-04-25,2026-04,security monitoring hosts 2026-04,JE-HAP-2026-04-2771
HAP-2026-04-2772,VEND-237,Timber Studio,TIM-2026-04-2772,2026-04-07,2026-05-07,166.32,USD,HPO-2026-04-2772,PAID,2026-04-25,2026-04,usage overage block 2026-04,JE-HAP-2026-04-2772
HAP-2026-04-2773,VEND-219,Nimbus Systems,NIM-2026-04-2773,2026-04-08,2026-05-08,78.43,USD,HPO-2026-04-2773,PAID,2026-04-26,2026-04,warehouse consumables 2026-04,JE-HAP-2026-04-2773
HAP-2026-04-2774,VEND-223,Alder Partners,ALD-2026-04-2774,2026-04-08,2026-05-08,49.54,USD,HPO-2026-04-2774,PAID,2026-04-26,2026-04,security monitoring hosts 2026-04,JE-HAP-2026-04-2774
HAP-2026-04-2775,VEND-227,Northwood Studio,NOR-2026-04-2775,2026-04-08,2026-05-08,91.65,USD,HPO-2026-04-2775,PAID,2026-04-26,2026-04,usage overage block 2026-04,JE-HAP-2026-04-2775
HAP-2026-04-2776,VEND-231,Beacon Supply,BEA-2026-04-2776,2026-04-08,2026-05-08,14401.76,USD,HPO-2026-04-2776,PAID,2026-04-26,2026-04,premium support 2026-04,JE-HAP-2026-04-2776
HAP-2026-04-2777,VEND-235,Nimbus Components,NIM-2026-04-2777,2026-04-08,2026-05-08,386.87,USD,HPO-2026-04-2777,PAID,2026-04-26,2026-04,warehouse consumables 2026-04,JE-HAP-2026-04-2777
HAP-2026-04-2778,VEND-239,Alder Systems,ALD-2026-04-2778,2026-04-08,2026-05-08,13.98,USD,HPO-2026-04-2778,PAID,2026-04-26,2026-04,security monitoring hosts 2026-04,JE-HAP-2026-04-2778
HAP-2026-04-2779,VEND-243,Northwood Partners,NOR-2026-04-2779,2026-04-08,2026-05-08,47.09,USD,HPO-2026-04-2779,PAID,2026-04-26,2026-04,usage overage block 2026-04,JE-HAP-2026-04-2779
HAP-2026-04-2780,VEND-247,Beacon Studio,BEA-2026-04-2780,2026-04-08,2026-05-08,9002.2,USD,HPO-2026-04-2780,PAID,2026-04-26,2026-04,premium support 2026-04,JE-HAP-2026-04-2780
HAP-2026-04-2781,VEND-251,Nimbus Supply,NIM-2026-04-2781,2026-04-08,2026-05-08,271.81,USD,HPO-2026-04-2781,PAID,2026-04-26,2026-04,warehouse consumables 2026-04,JE-HAP-2026-04-2781
HAP-2026-04-2782,VEND-255,Alder Components,ALD-2026-04-2782,2026-04-08,2026-05-08,110.42,USD,HPO-2026-04-2782,PAID,2026-04-26,2026-04,security monitoring hosts 2026-04,JE-HAP-2026-04-2782
HAP-2026-04-2783,VEND-259,Northwood Systems,NOR-2026-04-2783,2026-04-08,2026-05-08,165.0,USD,HPO-2026-04-2783,PAID,2026-04-26,2026-04,usage overage block 2026-04,JE-HAP-2026-04-2783
HAP-2026-04-2784,VEND-263,Beacon Partners,BEA-2026-04-2784,2026-04-08,2026-05-08,3600.11,USD,HPO-2026-04-2784,PAID,2026-04-26,2026-04,premium support 2026-04,JE-HAP-2026-04-2784
HAP-2026-04-2785,VEND-267,Nimbus Studio,NIM-2026-04-2785,2026-04-08,2026-05-08,154.22,USD,HPO-2026-04-2785,PAID,2026-04-26,2026-04,warehouse consumables 2026-04,JE-HAP-2026-04-2785
HAP-2026-04-2786,VEND-271,Alder Supply,ALD-2026-04-2786,2026-04-08,2026-05-08,72.33,USD,HPO-2026-04-2786,PAID,2026-04-26,2026-04,security monitoring hosts 2026-04,JE-HAP-2026-04-2786
HAP-2026-04-2787,VEND-275,Northwood Components,NOR-2026-04-2787,2026-04-08,2026-05-08,120.44,USD,HPO-2026-04-2787,PAID,2026-04-26,2026-04,usage overage block 2026-04,JE-HAP-2026-04-2787
HAP-2026-04-2788,VEND-279,Beacon Systems,BEA-2026-04-2788,2026-04-08,2026-05-08,18000.55,USD,HPO-2026-04-2788,PAID,2026-04-26,2026-04,premium support 2026-04,JE-HAP-2026-04-2788
HAP-2026-04-2789,VEND-283,Nimbus Partners,NIM-2026-04-2789,2026-04-08,2026-05-08,39.16,USD,HPO-2026-04-2789,PAID,2026-04-26,2026-04,warehouse consumables 2026-04,JE-HAP-2026-04-2789
HAP-2026-04-2790,VEND-287,Alder Studio,ALD-2026-04-2790,2026-04-08,2026-05-08,36.77,USD,HPO-2026-04-2790,PAID,2026-04-26,2026-04,security monitoring hosts 2026-04,JE-HAP-2026-04-2790
HAP-2026-04-2791,VEND-291,Northwood Supply,NOR-2026-04-2791,2026-04-08,2026-05-08,75.88,USD,HPO-2026-04-2791,PAID,2026-04-26,2026-04,usage overage block 2026-04,JE-HAP-2026-04-2791
HAP-2026-04-2792,VEND-295,Beacon Components,BEA-2026-04-2792,2026-04-08,2026-05-08,12600.99,USD,HPO-2026-04-2792,PAID,2026-04-26,2026-04,premium support 2026-04,JE-HAP-2026-04-2792
HAP-2026-04-2793,VEND-299,Nimbus Systems,NIM-2026-04-2793,2026-04-08,2026-05-08,347.6,USD,HPO-2026-04-2793,PAID,2026-04-26,2026-04,warehouse consumables 2026-04,JE-HAP-2026-04-2793
HAP-2026-04-2794,VEND-303,Alder Partners,ALD-2026-04-2794,2026-04-08,2026-05-08,133.21,USD,HPO-2026-04-2794,PAID,2026-04-26,2026-04,security monitoring hosts 2026-04,JE-HAP-2026-04-2794
HAP-2026-04-2795,VEND-285,Timber Components,TIM-2026-04-2795,2026-04-09,2026-05-09,3601.32,USD,HPO-2026-04-2795,PAID,2026-04-27,2026-04,premium support 2026-04,JE-HAP-2026-04-2795
HAP-2026-04-2796,VEND-289,Ginkgo Systems,GIN-2026-04-2796,2026-04-09,2026-05-09,155.43,USD,HPO-2026-04-2796,PAID,2026-04-27,2026-04,warehouse consumables 2026-04,JE-HAP-2026-04-2796
HAP-2026-04-2797,VEND-293,Teak Partners,TEA-2026-04-2797,2026-04-09,2026-05-09,73.54,USD,HPO-2026-04-2797,PAID,2026-04-27,2026-04,security monitoring hosts 2026-04,JE-HAP-2026-04-2797
HAP-2026-04-2798,VEND-297,Harbor Studio,HAR-2026-04-2798,2026-04-09,2026-05-09,121.65,USD,HPO-2026-04-2798,PAID,2026-04-27,2026-04,usage overage block 2026-04,JE-HAP-2026-04-2798
HAP-2026-04-2799,VEND-301,Timber Supply,TIM-2026-04-2799,2026-04-09,2026-05-09,18001.76,USD,HPO-2026-04-2799,PAID,2026-04-27,2026-04,premium support 2026-04,JE-HAP-2026-04-2799
HAP-2026-04-2800,VEND-305,Ginkgo Components,GIN-2026-04-2800,2026-04-09,2026-05-09,40.37,USD,HPO-2026-04-2800,PAID,2026-04-27,2026-04,warehouse consumables 2026-04,JE-HAP-2026-04-2800
HAP-2026-04-2801,VEND-309,Teak Systems,TEA-2026-04-2801,2026-04-09,2026-05-09,37.98,USD,HPO-2026-04-2801,PAID,2026-04-27,2026-04,security monitoring hosts 2026-04,JE-HAP-2026-04-2801
HAP-2026-04-2802,VEND-313,Harbor Partners,HAR-2026-04-2802,2026-04-09,2026-05-09,77.09,USD,HPO-2026-04-2802,PAID,2026-04-27,2026-04,usage overage block 2026-04,JE-HAP-2026-04-2802
HAP-2026-04-2803,VEND-317,Timber Studio,TIM-2026-04-2803,2026-04-09,2026-05-09,12602.2,USD,HPO-2026-04-2803,PAID,2026-04-27,2026-04,premium support 2026-04,JE-HAP-2026-04-2803
HAP-2026-04-2804,VEND-321,Ginkgo Supply,GIN-2026-04-2804,2026-04-09,2026-05-09,348.81,USD,HPO-2026-04-2804,PAID,2026-04-27,2026-04,warehouse consumables 2026-04,JE-HAP-2026-04-2804
HAP-2026-04-2805,VEND-001-DUP,Acme Supplies LLC,ACM-2026-04-2805,2026-04-09,2026-05-09,134.42,USD,HPO-2026-04-2805,PAID,2026-04-27,2026-04,security monitoring hosts 2026-04,JE-HAP-2026-04-2805
HAP-2026-04-2806,VEND-004,Office Depot,OFF-2026-04-2806,2026-04-09,2026-05-09,30.0,USD,HPO-2026-04-2806,PAID,2026-04-27,2026-04,usage overage block 2026-04,JE-HAP-2026-04-2806
HAP-2026-04-2807,VEND-008,Figma,FIG-2026-04-2807,2026-04-09,2026-05-09,7200.11,USD,HPO-2026-04-2807,PAID,2026-04-27,2026-04,premium support 2026-04,JE-HAP-2026-04-2807
HAP-2026-04-2808,VEND-013,Cambridge Properties,CAM-2026-04-2808,2026-04-09,2026-05-09,231.22,USD,HPO-2026-04-2808,PAID,2026-04-27,2026-04,warehouse consumables 2026-04,JE-HAP-2026-04-2808
HAP-2026-04-2809,VEND-017,GitHub,GIT-2026-04-2809,2026-04-09,2026-05-09,96.33,USD,HPO-2026-04-2809,PAID,2026-04-27,2026-04,security monitoring hosts 2026-04,JE-HAP-2026-04-2809
HAP-2026-04-2810,VEND-021,Misc Supplies,MIS-2026-04-2810,2026-04-09,2026-05-09,150.44,USD,HPO-2026-04-2810,PAID,2026-04-27,2026-04,usage overage block 2026-04,JE-HAP-2026-04-2810
HAP-2026-04-2811,VEND-025,Okta,OKT-2026-04-2811,2026-04-09,2026-05-09,1800.55,USD,HPO-2026-04-2811,PAID,2026-04-27,2026-04,premium support 2026-04,JE-HAP-2026-04-2811
HAP-2026-04-2812,VEND-029,Cloudflare,CLO-2026-04-2812,2026-04-09,2026-05-09,116.16,USD,HPO-2026-04-2812,PAID,2026-04-27,2026-04,warehouse consumables 2026-04,JE-HAP-2026-04-2812
HAP-2026-04-2813,VEND-033,Staples Business Advantage,STA-2026-04-2813,2026-04-09,2026-05-09,60.77,USD,HPO-2026-04-2813,PAID,2026-04-27,2026-04,security monitoring hosts 2026-04,JE-HAP-2026-04-2813
HAP-2026-04-2814,VEND-037,Comcast Business,COM-2026-04-2814,2026-04-09,2026-05-09,105.88,USD,HPO-2026-04-2814,PAID,2026-04-27,2026-04,usage overage block 2026-04,JE-HAP-2026-04-2814
HAP-2026-04-2815,VEND-041,HubSpot,HUB-2026-04-2815,2026-04-09,2026-05-09,16200.99,USD,HPO-2026-04-2815,PAID,2026-04-27,2026-04,premium support 2026-04,JE-HAP-2026-04-2815
HAP-2026-04-2816,VEND-045,Palo Alto Networks,PAL-2026-04-2816,2026-04-09,2026-05-09,424.6,USD,HPO-2026-04-2816,PAID,2026-04-27,2026-04,warehouse consumables 2026-04,JE-HAP-2026-04-2816
HAP-2026-04-2817,VEND-027,Zoom Video,ZOO-2026-04-2817,2026-04-10,2026-05-10,31.21,USD,HPO-2026-04-2817,PAID,2026-04-28,2026-04,usage overage block 2026-04,JE-HAP-2026-04-2817
HAP-2026-04-2818,VEND-031,Helios Hardware Supply,HEL-2026-04-2818,2026-04-10,2026-05-10,7201.32,USD,HPO-2026-04-2818,PAID,2026-04-28,2026-04,premium support 2026-04,JE-HAP-2026-04-2818
HAP-2026-04-2819,VEND-035,ADP,ADP-2026-04-2819,2026-04-10,2026-05-10,232.43,USD,HPO-2026-04-2819,PAID,2026-04-28,2026-04,warehouse consumables 2026-04,JE-HAP-2026-04-2819
HAP-2026-04-2820,VEND-039,CleanRoom Janitorial,CLE-2026-04-2820,2026-04-10,2026-05-10,97.54,USD,HPO-2026-04-2820,PAID,2026-04-28,2026-04,security monitoring hosts 2026-04,JE-HAP-2026-04-2820
HAP-2026-04-2821,VEND-043,Adyen NV,ADY-2026-04-2821,2026-04-10,2026-05-10,151.65,USD,HPO-2026-04-2821,PAID,2026-04-28,2026-04,usage overage block 2026-04,JE-HAP-2026-04-2821
HAP-2026-04-2822,VEND-047,Carta,CAR-2026-04-2822,2026-04-10,2026-05-10,1801.76,USD,HPO-2026-04-2822,PAID,2026-04-28,2026-04,premium support 2026-04,JE-HAP-2026-04-2822
HAP-2026-04-2823,VEND-051,Northwood Supply,NOR-2026-04-2823,2026-04-10,2026-05-10,117.37,USD,HPO-2026-04-2823,PAID,2026-04-28,2026-04,warehouse consumables 2026-04,JE-HAP-2026-04-2823
HAP-2026-04-2824,VEND-055,Beacon Components,BEA-2026-04-2824,2026-04-10,2026-05-10,61.98,USD,HPO-2026-04-2824,PAID,2026-04-28,2026-04,security monitoring hosts 2026-04,JE-HAP-2026-04-2824
HAP-2026-04-2825,VEND-059,Nimbus Systems,NIM-2026-04-2825,2026-04-10,2026-05-10,107.09,USD,HPO-2026-04-2825,PAID,2026-04-28,2026-04,usage overage block 2026-04,JE-HAP-2026-04-2825
HAP-2026-04-2826,VEND-063,Alder Partners,ALD-2026-04-2826,2026-04-10,2026-05-10,16202.2,USD,HPO-2026-04-2826,PAID,2026-04-28,2026-04,premium support 2026-04,JE-HAP-2026-04-2826
HAP-2026-04-2827,VEND-067,Northwood Studio,NOR-2026-04-2827,2026-04-10,2026-05-10,425.81,USD,HPO-2026-04-2827,PAID,2026-04-28,2026-04,warehouse consumables 2026-04,JE-HAP-2026-04-2827
HAP-2026-04-2828,VEND-071,Beacon Supply,BEA-2026-04-2828,2026-04-10,2026-05-10,26.42,USD,HPO-2026-04-2828,PAID,2026-04-28,2026-04,security monitoring hosts 2026-04,JE-HAP-2026-04-2828
HAP-2026-04-2829,VEND-075,Nimbus Components,NIM-2026-04-2829,2026-04-10,2026-05-10,60.0,USD,HPO-2026-04-2829,PAID,2026-04-28,2026-04,usage overage block 2026-04,JE-HAP-2026-04-2829
HAP-2026-04-2830,VEND-079,Alder Systems,ALD-2026-04-2830,2026-04-10,2026-05-10,10800.11,USD,HPO-2026-04-2830,PAID,2026-04-28,2026-04,premium support 2026-04,JE-HAP-2026-04-2830
HAP-2026-04-2831,VEND-083,Northwood Partners,NOR-2026-04-2831,2026-04-10,2026-05-10,308.22,USD,HPO-2026-04-2831,PAID,2026-04-28,2026-04,warehouse consumables 2026-04,JE-HAP-2026-04-2831
HAP-2026-04-2832,VEND-087,Beacon Studio,BEA-2026-04-2832,2026-04-10,2026-05-10,120.33,USD,HPO-2026-04-2832,PAID,2026-04-28,2026-04,security monitoring hosts 2026-04,JE-HAP-2026-04-2832
HAP-2026-04-2833,VEND-091,Nimbus Supply,NIM-2026-04-2833,2026-04-10,2026-05-10,15.44,USD,HPO-2026-04-2833,PAID,2026-04-28,2026-04,usage overage block 2026-04,JE-HAP-2026-04-2833
HAP-2026-04-2834,VEND-095,Alder Components,ALD-2026-04-2834,2026-04-10,2026-05-10,5400.55,USD,HPO-2026-04-2834,PAID,2026-04-28,2026-04,premium support 2026-04,JE-HAP-2026-04-2834
HAP-2026-04-2835,VEND-099,Northwood Systems,NOR-2026-04-2835,2026-04-10,2026-05-10,193.16,USD,HPO-2026-04-2835,PAID,2026-04-28,2026-04,warehouse consumables 2026-04,JE-HAP-2026-04-2835
HAP-2026-04-2836,VEND-103,Beacon Partners,BEA-2026-04-2836,2026-04-10,2026-05-10,84.77,USD,HPO-2026-04-2836,PAID,2026-04-28,2026-04,security monitoring hosts 2026-04,JE-HAP-2026-04-2836
HAP-2026-04-2837,VEND-107,Nimbus Studio,NIM-2026-04-2837,2026-04-10,2026-05-10,135.88,USD,HPO-2026-04-2837,PAID,2026-04-28,2026-04,usage overage block 2026-04,JE-HAP-2026-04-2837
HAP-2026-04-2838,VEND-111,Alder Supply,ALD-2026-04-2838,2026-04-10,2026-05-10,19800.99,USD,HPO-2026-04-2838,PAID,2026-04-28,2026-04,premium support 2026-04,JE-HAP-2026-04-2838
HAP-2026-04-2839,VEND-093,Timber Partners,TIM-2026-04-2839,2026-04-11,2026-05-11,25.1,USD,HPO-2026-04-2839,PAID,2026-04-29,2026-04,security monitoring hosts 2026-04,JE-HAP-2026-04-2839
HAP-2026-04-2840,VEND-097,Ginkgo Studio,GIN-2026-04-2840,2026-04-11,2026-05-11,61.21,USD,HPO-2026-04-2840,PAID,2026-04-29,2026-04,usage overage block 2026-04,JE-HAP-2026-04-2840
HAP-2026-04-2841,VEND-101,Teak Supply,TEA-2026-04-2841,2026-04-11,2026-05-11,10801.32,USD,HPO-2026-04-2841,PAID,2026-04-29,2026-04,premium support 2026-04,JE-HAP-2026-04-2841
HAP-2026-04-2842,VEND-105,Harbor Components,HAR-2026-04-2842,2026-04-11,2026-05-11,309.43,USD,HPO-2026-04-2842,PAID,2026-04-29,2026-04,warehouse consumables 2026-04,JE-HAP-2026-04-2842
HAP-2026-04-2843,VEND-109,Timber Systems,TIM-2026-04-2843,2026-04-11,2026-05-11,121.54,USD,HPO-2026-04-2843,PAID,2026-04-29,2026-04,security monitoring hosts 2026-04,JE-HAP-2026-04-2843
HAP-2026-04-2844,VEND-113,Ginkgo Partners,GIN-2026-04-2844,2026-04-11,2026-05-11,16.65,USD,HPO-2026-04-2844,PAID,2026-04-29,2026-04,usage overage block 2026-04,JE-HAP-2026-04-2844
HAP-2026-04-2845,VEND-117,Teak Studio,TEA-2026-04-2845,2026-04-11,2026-05-11,5401.76,USD,HPO-2026-04-2845,PAID,2026-04-29,2026-04,premium support 2026-04,JE-HAP-2026-04-2845
HAP-2026-04-2846,VEND-121,Harbor Supply,HAR-2026-04-2846,2026-04-11,2026-05-11,194.37,USD,HPO-2026-04-2846,PAID,2026-04-29,2026-04,warehouse consumables 2026-04,JE-HAP-2026-04-2846
HAP-2026-04-2847,VEND-125,Timber Components,TIM-2026-04-2847,2026-04-11,2026-05-11,85.98,USD,HPO-2026-04-2847,PAID,2026-04-29,2026-04,security monitoring hosts 2026-04,JE-HAP-2026-04-2847
HAP-2026-04-2848,VEND-129,Ginkgo Systems,GIN-2026-04-2848,2026-04-11,2026-05-11,137.09,USD,HPO-2026-04-2848,PAID,2026-04-29,2026-04,usage overage block 2026-04,JE-HAP-2026-04-2848
HAP-2026-04-2849,VEND-133,Teak Partners,TEA-2026-04-2849,2026-04-11,2026-05-11,19802.2,USD,HPO-2026-04-2849,PAID,2026-04-29,2026-04,premium support 2026-04,JE-HAP-2026-04-2849
HAP-2026-04-2850,VEND-137,Harbor Studio,HAR-2026-04-2850,2026-04-11,2026-05-11,79.31,USD,HPO-2026-04-2850,PAID,2026-04-29,2026-04,warehouse consumables 2026-04,JE-HAP-2026-04-2850
HAP-2026-04-2851,VEND-141,Timber Supply,TIM-2026-04-2851,2026-04-11,2026-05-11,50.42,USD,HPO-2026-04-2851,PAID,2026-04-29,2026-04,security monitoring hosts 2026-04,JE-HAP-2026-04-2851
HAP-2026-04-2852,VEND-145,Ginkgo Components,GIN-2026-04-2852,2026-04-11,2026-05-11,90.0,USD,HPO-2026-04-2852,PAID,2026-04-29,2026-04,usage overage block 2026-04,JE-HAP-2026-04-2852
HAP-2026-04-2853,VEND-149,Teak Systems,TEA-2026-04-2853,2026-04-11,2026-05-11,14400.11,USD,HPO-2026-04-2853,PAID,2026-04-29,2026-04,premium support 2026-04,JE-HAP-2026-04-2853
HAP-2026-04-2854,VEND-153,Harbor Partners,HAR-2026-04-2854,2026-04-11,2026-05-11,385.22,USD,HPO-2026-04-2854,PAID,2026-04-29,2026-04,warehouse consumables 2026-04,JE-HAP-2026-04-2854
HAP-2026-04-2855,VEND-157,Timber Studio,TIM-2026-04-2855,2026-04-11,2026-05-11,12.33,USD,HPO-2026-04-2855,PAID,2026-04-29,2026-04,security monitoring hosts 2026-04,JE-HAP-2026-04-2855
HAP-2026-04-2856,VEND-161,Ginkgo Supply,GIN-2026-04-2856,2026-04-11,2026-05-11,45.44,USD,HPO-2026-04-2856,PAID,2026-04-29,2026-04,usage overage block 2026-04,JE-HAP-2026-04-2856
HAP-2026-04-2857,VEND-165,Teak Components,TEA-2026-04-2857,2026-04-11,2026-05-11,9000.55,USD,HPO-2026-04-2857,PAID,2026-04-29,2026-04,premium support 2026-04,JE-HAP-2026-04-2857
HAP-2026-04-2858,VEND-169,Harbor Systems,HAR-2026-04-2858,2026-04-11,2026-05-11,270.16,USD,HPO-2026-04-2858,PAID,2026-04-29,2026-04,warehouse consumables 2026-04,JE-HAP-2026-04-2858
HAP-2026-04-2859,VEND-173,Timber Partners,TIM-2026-04-2859,2026-04-11,2026-05-11,108.77,USD,HPO-2026-04-2859,PAID,2026-04-29,2026-04,security monitoring hosts 2026-04,JE-HAP-2026-04-2859
HAP-2026-04-2860,VEND-177,Ginkgo Studio,GIN-2026-04-2860,2026-04-11,2026-05-11,165.88,USD,HPO-2026-04-2860,PAID,2026-04-29,2026-04,usage overage block 2026-04,JE-HAP-2026-04-2860
HAP-2026-04-2861,VEND-159,Alder Systems,ALD-2026-04-2861,2026-04-12,2026-05-12,77.99,USD,HPO-2026-04-2861,PAID,2026-04-30,2026-04,warehouse consumables 2026-04,JE-HAP-2026-04-2861
HAP-2026-04-2862,VEND-163,Northwood Partners,NOR-2026-04-2862,2026-04-12,2026-05-12,49.1,USD,HPO-2026-04-2862,PAID,2026-04-30,2026-04,security monitoring hosts 2026-04,JE-HAP-2026-04-2862
HAP-2026-04-2863,VEND-167,Beacon Studio,BEA-2026-04-2863,2026-04-12,2026-05-12,91.21,USD,HPO-2026-04-2863,PAID,2026-04-30,2026-04,usage overage block 2026-04,JE-HAP-2026-04-2863
HAP-2026-04-2864,VEND-171,Nimbus Supply,NIM-2026-04-2864,2026-04-12,2026-05-12,14401.32,USD,HPO-2026-04-2864,PAID,2026-04-30,2026-04,premium support 2026-04,JE-HAP-2026-04-2864
HAP-2026-04-2865,VEND-175,Alder Components,ALD-2026-04-2865,2026-04-12,2026-05-12,386.43,USD,HPO-2026-04-2865,PAID,2026-04-30,2026-04,warehouse consumables 2026-04,JE-HAP-2026-04-2865
HAP-2026-04-2866,VEND-179,Northwood Systems,NOR-2026-04-2866,2026-04-12,2026-05-12,13.54,USD,HPO-2026-04-2866,PAID,2026-04-30,2026-04,security monitoring hosts 2026-04,JE-HAP-2026-04-2866
HAP-2026-04-2867,VEND-183,Beacon Partners,BEA-2026-04-2867,2026-04-12,2026-05-12,46.65,USD,HPO-2026-04-2867,PAID,2026-04-30,2026-04,usage overage block 2026-04,JE-HAP-2026-04-2867
HAP-2026-04-2868,VEND-187,Nimbus Studio,NIM-2026-04-2868,2026-04-12,2026-05-12,9001.76,USD,HPO-2026-04-2868,PAID,2026-04-30,2026-04,premium support 2026-04,JE-HAP-2026-04-2868
HAP-2026-04-2869,VEND-191,Alder Supply,ALD-2026-04-2869,2026-04-12,2026-05-12,271.37,USD,HPO-2026-04-2869,PAID,2026-04-30,2026-04,warehouse consumables 2026-04,JE-HAP-2026-04-2869
HAP-2026-04-2870,VEND-195,Northwood Components,NOR-2026-04-2870,2026-04-12,2026-05-12,109.98,USD,HPO-2026-04-2870,PAID,2026-04-30,2026-04,security monitoring hosts 2026-04,JE-HAP-2026-04-2870
HAP-2026-04-2871,VEND-199,Beacon Systems,BEA-2026-04-2871,2026-04-12,2026-05-12,167.09,USD,HPO-2026-04-2871,PAID,2026-04-30,2026-04,usage overage block 2026-04,JE-HAP-2026-04-2871
HAP-2026-04-2872,VEND-203,Nimbus Partners,NIM-2026-04-2872,2026-04-12,2026-05-12,3602.2,USD,HPO-2026-04-2872,PAID,2026-04-30,2026-04,premium support 2026-04,JE-HAP-2026-04-2872
HAP-2026-04-2873,VEND-207,Alder Studio,ALD-2026-04-2873,2026-04-12,2026-05-12,156.31,USD,HPO-2026-04-2873,PAID,2026-04-30,2026-04,warehouse consumables 2026-04,JE-HAP-2026-04-2873
HAP-2026-04-2874,VEND-211,Northwood Supply,NOR-2026-04-2874,2026-04-12,2026-05-12,74.42,USD,HPO-2026-04-2874,PAID,2026-04-30,2026-04,security monitoring hosts 2026-04,JE-HAP-2026-04-2874
HAP-2026-04-2875,VEND-215,Beacon Components,BEA-2026-04-2875,2026-04-12,2026-05-12,120.0,USD,HPO-2026-04-2875,PAID,2026-04-30,2026-04,usage overage block 2026-04,JE-HAP-2026-04-2875
HAP-2026-04-2876,VEND-219,Nimbus Systems,NIM-2026-04-2876,2026-04-12,2026-05-12,18000.11,USD,HPO-2026-04-2876,PAID,2026-04-30,2026-04,premium support 2026-04,JE-HAP-2026-04-2876
HAP-2026-04-2877,VEND-223,Alder Partners,ALD-2026-04-2877,2026-04-12,2026-05-12,38.72,USD,HPO-2026-04-2877,PAID,2026-04-30,2026-04,warehouse consumables 2026-04,JE-HAP-2026-04-2877
HAP-2026-04-2878,VEND-227,Northwood Studio,NOR-2026-04-2878,2026-04-12,2026-05-12,36.33,USD,HPO-2026-04-2878,PAID,2026-04-30,2026-04,security monitoring hosts 2026-04,JE-HAP-2026-04-2878
HAP-2026-04-2879,VEND-231,Beacon Supply,BEA-2026-04-2879,2026-04-12,2026-05-12,75.44,USD,HPO-2026-04-2879,PAID,2026-04-30,2026-04,usage overage block 2026-04,JE-HAP-2026-04-2879
HAP-2026-04-2880,VEND-235,Nimbus Components,NIM-2026-04-2880,2026-04-12,2026-05-12,12600.55,USD,HPO-2026-04-2880,PAID,2026-04-30,2026-04,premium support 2026-04,JE-HAP-2026-04-2880
HAP-2026-04-2881,VEND-239,Alder Systems,ALD-2026-04-2881,2026-04-12,2026-05-12,347.16,USD,HPO-2026-04-2881,PAID,2026-04-30,2026-04,warehouse consumables 2026-04,JE-HAP-2026-04-2881
HAP-2026-04-2882,VEND-243,Northwood Partners,NOR-2026-04-2882,2026-04-12,2026-05-12,132.77,USD,HPO-2026-04-2882,PAID,2026-04-30,2026-04,security monitoring hosts 2026-04,JE-HAP-2026-04-2882
HAP-2026-04-2883,VEND-225,Ginkgo Components,GIN-2026-04-2883,2026-04-13,2026-05-13,3600.88,USD,HPO-2026-04-2883,PAID,2026-04-30,2026-04,premium support 2026-04,JE-HAP-2026-04-2883
HAP-2026-04-2884,VEND-229,Teak Systems,TEA-2026-04-2884,2026-04-13,2026-05-13,154.99,USD,HPO-2026-04-2884,PAID,2026-04-30,2026-04,warehouse consumables 2026-04,JE-HAP-2026-04-2884
HAP-2026-04-2885,VEND-233,Harbor Partners,HAR-2026-04-2885,2026-04-13,2026-05-13,73.1,USD,HPO-2026-04-2885,PAID,2026-04-30,2026-04,security monitoring hosts 2026-04,JE-HAP-2026-04-2885
HAP-2026-04-2886,VEND-237,Timber Studio,TIM-2026-04-2886,2026-04-13,2026-05-13,121.21,USD,HPO-2026-04-2886,PAID,2026-04-30,2026-04,usage overage block 2026-04,JE-HAP-2026-04-2886
HAP-2026-04-2887,VEND-241,Ginkgo Supply,GIN-2026-04-2887,2026-04-13,2026-05-13,18001.32,USD,HPO-2026-04-2887,PAID,2026-04-30,2026-04,premium support 2026-04,JE-HAP-2026-04-2887
HAP-2026-04-2888,VEND-245,Teak Components,TEA-2026-04-2888,2026-04-13,2026-05-13,39.93,USD,HPO-2026-04-2888,PAID,2026-04-30,2026-04,warehouse consumables 2026-04,JE-HAP-2026-04-2888
HAP-2026-04-2889,VEND-249,Harbor Systems,HAR-2026-04-2889,2026-04-13,2026-05-13,37.54,USD,HPO-2026-04-2889,PAID,2026-04-30,2026-04,security monitoring hosts 2026-04,JE-HAP-2026-04-2889
HAP-2026-04-2890,VEND-253,Timber Partners,TIM-2026-04-2890,2026-04-13,2026-05-13,76.65,USD,HPO-2026-04-2890,PAID,2026-04-30,2026-04,usage overage block 2026-04,JE-HAP-2026-04-2890
HAP-2026-04-2891,VEND-257,Ginkgo Studio,GIN-2026-04-2891,2026-04-13,2026-05-13,12601.76,USD,HPO-2026-04-2891,PAID,2026-04-30,2026-04,premium support 2026-04,JE-HAP-2026-04-2891
HAP-2026-04-2892,VEND-261,Teak Supply,TEA-2026-04-2892,2026-04-13,2026-05-13,348.37,USD,HPO-2026-04-2892,PAID,2026-04-30,2026-04,warehouse consumables 2026-04,JE-HAP-2026-04-2892
HAP-2026-04-2893,VEND-265,Harbor Components,HAR-2026-04-2893,2026-04-13,2026-05-13,133.98,USD,HPO-2026-04-2893,PAID,2026-04-30,2026-04,security monitoring hosts 2026-04,JE-HAP-2026-04-2893
HAP-2026-04-2894,VEND-269,Timber Systems,TIM-2026-04-2894,2026-04-13,2026-05-13,32.09,USD,HPO-2026-04-2894,PAID,2026-04-30,2026-04,usage overage block 2026-04,JE-HAP-2026-04-2894
HAP-2026-04-2895,VEND-273,Ginkgo Partners,GIN-2026-04-2895,2026-04-13,2026-05-13,7202.2,USD,HPO-2026-04-2895,PAID,2026-04-30,2026-04,premium support 2026-04,JE-HAP-2026-04-2895
HAP-2026-04-2896,VEND-277,Teak Studio,TEA-2026-04-2896,2026-04-13,2026-05-13,233.31,USD,HPO-2026-04-2896,PAID,2026-04-30,2026-04,warehouse consumables 2026-04,JE-HAP-2026-04-2896
HAP-2026-04-2897,VEND-281,Harbor Supply,HAR-2026-04-2897,2026-04-13,2026-05-13,98.42,USD,HPO-2026-04-2897,PAID,2026-04-30,2026-04,security monitoring hosts 2026-04,JE-HAP-2026-04-2897
HAP-2026-04-2898,VEND-285,Timber Components,TIM-2026-04-2898,2026-04-13,2026-05-13,150.0,USD,HPO-2026-04-2898,PAID,2026-04-30,2026-04,usage overage block 2026-04,JE-HAP-2026-04-2898
HAP-2026-04-2899,VEND-289,Ginkgo Systems,GIN-2026-04-2899,2026-04-13,2026-05-13,1800.11,USD,HPO-2026-04-2899,PAID,2026-04-30,2026-04,premium support 2026-04,JE-HAP-2026-04-2899
HAP-2026-04-2900,VEND-293,Teak Partners,TEA-2026-04-2900,2026-04-13,2026-05-13,115.72,USD,HPO-2026-04-2900,PAID,2026-04-30,2026-04,warehouse consumables 2026-04,JE-HAP-2026-04-2900
HAP-2026-04-2901,VEND-297,Harbor Studio,HAR-2026-04-2901,2026-04-13,2026-05-13,60.33,USD,HPO-2026-04-2901,PAID,2026-04-30,2026-04,security monitoring hosts 2026-04,JE-HAP-2026-04-2901
HAP-2026-04-2902,VEND-301,Timber Supply,TIM-2026-04-2902,2026-04-13,2026-05-13,105.44,USD,HPO-2026-04-2902,PAID,2026-04-30,2026-04,usage overage block 2026-04,JE-HAP-2026-04-2902
HAP-2026-04-2903,VEND-305,Ginkgo Components,GIN-2026-04-2903,2026-04-13,2026-05-13,16200.55,USD,HPO-2026-04-2903,PAID,2026-04-30,2026-04,premium support 2026-04,JE-HAP-2026-04-2903
HAP-2026-04-2904,VEND-309,Teak Systems,TEA-2026-04-2904,2026-04-13,2026-05-13,424.16,USD,HPO-2026-04-2904,PAID,2026-04-30,2026-04,warehouse consumables 2026-04,JE-HAP-2026-04-2904
HAP-2026-04-2905,VEND-291,Northwood Supply,NOR-2026-04-2905,2026-04-14,2026-05-14,30.77,USD,HPO-2026-04-2905,PAID,2026-04-30,2026-04,usage overage block 2026-04,JE-HAP-2026-04-2905
HAP-2026-04-2906,VEND-295,Beacon Components,BEA-2026-04-2906,2026-04-14,2026-05-14,7200.88,USD,HPO-2026-04-2906,PAID,2026-04-30,2026-04,premium support 2026-04,JE-HAP-2026-04-2906
HAP-2026-04-2907,VEND-299,Nimbus Systems,NIM-2026-04-2907,2026-04-14,2026-05-14,231.99,USD,HPO-2026-04-2907,PAID,2026-04-30,2026-04,warehouse consumables 2026-04,JE-HAP-2026-04-2907
HAP-2026-04-2908,VEND-303,Alder Partners,ALD-2026-04-2908,2026-04-14,2026-05-14,97.1,USD,HPO-2026-04-2908,PAID,2026-04-30,2026-04,security monitoring hosts 2026-04,JE-HAP-2026-04-2908
HAP-2026-04-2909,VEND-307,Northwood Studio,NOR-2026-04-2909,2026-04-14,2026-05-14,151.21,USD,HPO-2026-04-2909,PAID,2026-04-30,2026-04,usage overage block 2026-04,JE-HAP-2026-04-2909
HAP-2026-04-2910,VEND-311,Beacon Supply,BEA-2026-04-2910,2026-04-14,2026-05-14,1801.32,USD,HPO-2026-04-2910,PAID,2026-04-30,2026-04,premium support 2026-04,JE-HAP-2026-04-2910
HAP-2026-04-2911,VEND-315,Nimbus Components,NIM-2026-04-2911,2026-04-14,2026-05-14,116.93,USD,HPO-2026-04-2911,PAID,2026-04-30,2026-04,warehouse consumables 2026-04,JE-HAP-2026-04-2911
HAP-2026-04-2912,VEND-319,Alder Systems,ALD-2026-04-2912,2026-04-14,2026-05-14,61.54,USD,HPO-2026-04-2912,PAID,2026-04-30,2026-04,security monitoring hosts 2026-04,JE-HAP-2026-04-2912
HAP-2026-04-2913,VEND-323,Northwood Partners,NOR-2026-04-2913,2026-04-14,2026-05-14,106.65,USD,HPO-2026-04-2913,PAID,2026-04-30,2026-04,usage overage block 2026-04,JE-HAP-2026-04-2913
HAP-2026-04-2914,VEND-002,Amazon Web Services,AMA-2026-04-2914,2026-04-14,2026-05-14,16201.76,USD,HPO-2026-04-2914,PAID,2026-04-30,2026-04,premium support 2026-04,JE-HAP-2026-04-2914
HAP-2026-04-2915,VEND-006,Datadog,DAT-2026-04-2915,2026-04-14,2026-05-14,425.37,USD,HPO-2026-04-2915,PAID,2026-04-30,2026-04,warehouse consumables 2026-04,JE-HAP-2026-04-2915
HAP-2026-04-2916,VEND-011,Hartford Insurance,HAR-2026-04-2916,2026-04-14,2026-05-14,25.98,USD,HPO-2026-04-2916,PAID,2026-04-30,2026-04,security monitoring hosts 2026-04,JE-HAP-2026-04-2916
HAP-2026-04-2917,VEND-015,Harbor Electric,HAR-2026-04-2917,2026-04-14,2026-05-14,62.09,USD,HPO-2026-04-2917,PAID,2026-04-30,2026-04,usage overage block 2026-04,JE-HAP-2026-04-2917
HAP-2026-04-2918,VEND-019,Freightline Logistics,FRE-2026-04-2918,2026-04-14,2026-05-14,10802.2,USD,HPO-2026-04-2918,PAID,2026-04-30,2026-04,premium support 2026-04,JE-HAP-2026-04-2918
HAP-2026-04-2919,VEND-023,Notion Labs,NOT-2026-04-2919,2026-04-14,2026-05-14,310.31,USD,HPO-2026-04-2919,PAID,2026-04-30,2026-04,warehouse consumables 2026-04,JE-HAP-2026-04-2919
HAP-2026-04-2920,VEND-027,Zoom Video,ZOO-2026-04-2920,2026-04-14,2026-05-14,122.42,USD,HPO-2026-04-2920,PAID,2026-04-30,2026-04,security monitoring hosts 2026-04,JE-HAP-2026-04-2920
HAP-2026-04-2921,VEND-031,Helios Hardware Supply,HEL-2026-04-2921,2026-04-14,2026-05-14,15.0,USD,HPO-2026-04-2921,PAID,2026-04-30,2026-04,usage overage block 2026-04,JE-HAP-2026-04-2921
HAP-2026-04-2922,VEND-035,ADP,ADP-2026-04-2922,2026-04-14,2026-05-14,5400.11,USD,HPO-2026-04-2922,PAID,2026-04-30,2026-04,premium support 2026-04,JE-HAP-2026-04-2922
HAP-2026-04-2923,VEND-039,CleanRoom Janitorial,CLE-2026-04-2923,2026-04-14,2026-05-14,192.72,USD,HPO-2026-04-2923,PAID,2026-04-30,2026-04,warehouse consumables 2026-04,JE-HAP-2026-04-2923
HAP-2026-04-2924,VEND-043,Adyen NV,ADY-2026-04-2924,2026-04-14,2026-05-14,84.33,USD,HPO-2026-04-2924,PAID,2026-04-30,2026-04,security monitoring hosts 2026-04,JE-HAP-2026-04-2924
HAP-2026-04-2925,VEND-047,Carta,CAR-2026-04-2925,2026-04-14,2026-05-14,135.44,USD,HPO-2026-04-2925,PAID,2026-04-30,2026-04,usage overage block 2026-04,JE-HAP-2026-04-2925
HAP-2026-04-2926,VEND-051,Northwood Supply,NOR-2026-04-2926,2026-04-14,2026-05-14,19800.55,USD,HPO-2026-04-2926,PAID,2026-04-30,2026-04,premium support 2026-04,JE-HAP-2026-04-2926
HAP-2026-04-2927,VEND-033,Staples Business Advantage,STA-2026-04-2927,2026-04-15,2026-05-15,24.66,USD,HPO-2026-04-2927,PAID,2026-04-30,2026-04,security monitoring hosts 2026-04,JE-HAP-2026-04-2927
HAP-2026-04-2928,VEND-037,Comcast Business,COM-2026-04-2928,2026-04-15,2026-05-15,60.77,USD,HPO-2026-04-2928,PAID,2026-04-30,2026-04,usage overage block 2026-04,JE-HAP-2026-04-2928
HAP-2026-04-2929,VEND-041,HubSpot,HUB-2026-04-2929,2026-04-15,2026-05-15,10800.88,USD,HPO-2026-04-2929,PAID,2026-04-30,2026-04,premium support 2026-04,JE-HAP-2026-04-2929
HAP-2026-04-2930,VEND-045,Palo Alto Networks,PAL-2026-04-2930,2026-04-15,2026-05-15,308.99,USD,HPO-2026-04-2930,PAID,2026-04-30,2026-04,warehouse consumables 2026-04,JE-HAP-2026-04-2930
HAP-2026-04-2931,VEND-049,Vanta,VAN-2026-04-2931,2026-04-15,2026-05-15,121.1,USD,HPO-2026-04-2931,PAID,2026-04-30,2026-04,security monitoring hosts 2026-04,JE-HAP-2026-04-2931
HAP-2026-04-2932,VEND-053,Teak Partners,TEA-2026-04-2932,2026-04-15,2026-05-15,16.21,USD,HPO-2026-04-2932,PAID,2026-04-30,2026-04,usage overage block 2026-04,JE-HAP-2026-04-2932
HAP-2026-04-2933,VEND-057,Harbor Studio,HAR-2026-04-2933,2026-04-15,2026-05-15,5401.32,USD,HPO-2026-04-2933,PAID,2026-04-30,2026-04,premium support 2026-04,JE-HAP-2026-04-2933
HAP-2026-04-2934,VEND-061,Timber Supply,TIM-2026-04-2934,2026-04-15,2026-05-15,193.93,USD,HPO-2026-04-2934,PAID,2026-04-30,2026-04,warehouse consumables 2026-04,JE-HAP-2026-04-2934
HAP-2026-04-2935,VEND-065,Ginkgo Components,GIN-2026-04-2935,2026-04-15,2026-05-15,85.54,USD,HPO-2026-04-2935,PAID,2026-04-30,2026-04,security monitoring hosts 2026-04,JE-HAP-2026-04-2935
HAP-2026-04-2936,VEND-069,Teak Systems,TEA-2026-04-2936,2026-04-15,2026-05-15,136.65,USD,HPO-2026-04-2936,PAID,2026-04-30,2026-04,usage overage block 2026-04,JE-HAP-2026-04-2936
HAP-2026-04-2937,VEND-073,Harbor Partners,HAR-2026-04-2937,2026-04-15,2026-05-15,19801.76,USD,HPO-2026-04-2937,PAID,2026-04-30,2026-04,premium support 2026-04,JE-HAP-2026-04-2937
HAP-2026-04-2938,VEND-077,Timber Studio,TIM-2026-04-2938,2026-04-15,2026-05-15,78.87,USD,HPO-2026-04-2938,PAID,2026-04-30,2026-04,warehouse consumables 2026-04,JE-HAP-2026-04-2938
HAP-2026-04-2939,VEND-081,Ginkgo Supply,GIN-2026-04-2939,2026-04-15,2026-05-15,49.98,USD,HPO-2026-04-2939,PAID,2026-04-30,2026-04,security monitoring hosts 2026-04,JE-HAP-2026-04-2939
HAP-2026-04-2940,VEND-085,Teak Components,TEA-2026-04-2940,2026-04-15,2026-05-15,92.09,USD,HPO-2026-04-2940,PAID,2026-04-30,2026-04,usage overage block 2026-04,JE-HAP-2026-04-2940
HAP-2026-04-2941,VEND-089,Harbor Systems,HAR-2026-04-2941,2026-04-15,2026-05-15,14402.2,USD,HPO-2026-04-2941,PAID,2026-04-30,2026-04,premium support 2026-04,JE-HAP-2026-04-2941
HAP-2026-04-2942,VEND-093,Timber Partners,TIM-2026-04-2942,2026-04-15,2026-05-15,387.31,USD,HPO-2026-04-2942,PAID,2026-04-30,2026-04,warehouse consumables 2026-04,JE-HAP-2026-04-2942
HAP-2026-04-2943,VEND-097,Ginkgo Studio,GIN-2026-04-2943,2026-04-15,2026-05-15,14.42,USD,HPO-2026-04-2943,PAID,2026-04-30,2026-04,security monitoring hosts 2026-04,JE-HAP-2026-04-2943
HAP-2026-04-2944,VEND-101,Teak Supply,TEA-2026-04-2944,2026-04-15,2026-05-15,45.0,USD,HPO-2026-04-2944,PAID,2026-04-30,2026-04,usage overage block 2026-04,JE-HAP-2026-04-2944
HAP-2026-04-2945,VEND-105,Harbor Components,HAR-2026-04-2945,2026-04-15,2026-05-15,9000.11,USD,HPO-2026-04-2945,PAID,2026-04-30,2026-04,premium support 2026-04,JE-HAP-2026-04-2945
HAP-2026-04-2946,VEND-109,Timber Systems,TIM-2026-04-2946,2026-04-15,2026-05-15,269.72,USD,HPO-2026-04-2946,PAID,2026-04-30,2026-04,warehouse consumables 2026-04,JE-HAP-2026-04-2946
HAP-2026-04-2947,VEND-113,Ginkgo Partners,GIN-2026-04-2947,2026-04-15,2026-05-15,108.33,USD,HPO-2026-04-2947,PAID,2026-04-30,2026-04,security monitoring hosts 2026-04,JE-HAP-2026-04-2947
HAP-2026-04-2948,VEND-117,Teak Studio,TEA-2026-04-2948,2026-04-15,2026-05-15,165.44,USD,HPO-2026-04-2948,PAID,2026-04-30,2026-04,usage overage block 2026-04,JE-HAP-2026-04-2948
HAP-2026-04-2949,VEND-099,Northwood Systems,NOR-2026-04-2949,2026-04-16,2026-05-16,77.55,USD,HPO-2026-04-2949,PAID,2026-04-30,2026-04,warehouse consumables 2026-04,JE-HAP-2026-04-2949
HAP-2026-04-2950,VEND-103,Beacon Partners,BEA-2026-04-2950,2026-04-16,2026-05-16,48.66,USD,HPO-2026-04-2950,PAID,2026-04-30,2026-04,security monitoring hosts 2026-04,JE-HAP-2026-04-2950
HAP-2026-04-2951,VEND-107,Nimbus Studio,NIM-2026-04-2951,2026-04-16,2026-05-16,90.77,USD,HPO-2026-04-2951,PAID,2026-04-30,2026-04,usage overage block 2026-04,JE-HAP-2026-04-2951
HAP-2026-04-2952,VEND-111,Alder Supply,ALD-2026-04-2952,2026-04-16,2026-05-16,14400.88,USD,HPO-2026-04-2952,PAID,2026-04-30,2026-04,premium support 2026-04,JE-HAP-2026-04-2952
HAP-2026-04-2953,VEND-115,Northwood Components,NOR-2026-04-2953,2026-04-16,2026-05-16,385.99,USD,HPO-2026-04-2953,PAID,2026-04-30,2026-04,warehouse consumables 2026-04,JE-HAP-2026-04-2953
HAP-2026-04-2954,VEND-119,Beacon Systems,BEA-2026-04-2954,2026-04-16,2026-05-16,13.1,USD,HPO-2026-04-2954,PAID,2026-04-30,2026-04,security monitoring hosts 2026-04,JE-HAP-2026-04-2954
HAP-2026-04-2955,VEND-123,Nimbus Partners,NIM-2026-04-2955,2026-04-16,2026-05-16,46.21,USD,HPO-2026-04-2955,PAID,2026-04-30,2026-04,usage overage block 2026-04,JE-HAP-2026-04-2955
HAP-2026-04-2956,VEND-127,Alder Studio,ALD-2026-04-2956,2026-04-16,2026-05-16,9001.32,USD,HPO-2026-04-2956,PAID,2026-04-30,2026-04,premium support 2026-04,JE-HAP-2026-04-2956
HAP-2026-04-2957,VEND-131,Northwood Supply,NOR-2026-04-2957,2026-04-16,2026-05-16,270.93,USD,HPO-2026-04-2957,PAID,2026-04-30,2026-04,warehouse consumables 2026-04,JE-HAP-2026-04-2957
HAP-2026-04-2958,VEND-135,Beacon Components,BEA-2026-04-2958,2026-04-16,2026-05-16,109.54,USD,HPO-2026-04-2958,PAID,2026-04-30,2026-04,security monitoring hosts 2026-04,JE-HAP-2026-04-2958
HAP-2026-04-2959,VEND-139,Nimbus Systems,NIM-2026-04-2959,2026-04-16,2026-05-16,166.65,USD,HPO-2026-04-2959,PAID,2026-04-30,2026-04,usage overage block 2026-04,JE-HAP-2026-04-2959
HAP-2026-04-2960,VEND-143,Alder Partners,ALD-2026-04-2960,2026-04-16,2026-05-16,3601.76,USD,HPO-2026-04-2960,PAID,2026-04-30,2026-04,premium support 2026-04,JE-HAP-2026-04-2960
HAP-2026-04-2961,VEND-147,Northwood Studio,NOR-2026-04-2961,2026-04-16,2026-05-16,155.87,USD,HPO-2026-04-2961,PAID,2026-04-30,2026-04,warehouse consumables 2026-04,JE-HAP-2026-04-2961
HAP-2026-04-2962,VEND-151,Beacon Supply,BEA-2026-04-2962,2026-04-16,2026-05-16,73.98,USD,HPO-2026-04-2962,PAID,2026-04-30,2026-04,security monitoring hosts 2026-04,JE-HAP-2026-04-2962
HAP-2026-04-2963,VEND-155,Nimbus Components,NIM-2026-04-2963,2026-04-16,2026-05-16,122.09,USD,HPO-2026-04-2963,PAID,2026-04-30,2026-04,usage overage block 2026-04,JE-HAP-2026-04-2963
HAP-2026-04-2964,VEND-159,Alder Systems,ALD-2026-04-2964,2026-04-16,2026-05-16,18002.2,USD,HPO-2026-04-2964,PAID,2026-04-30,2026-04,premium support 2026-04,JE-HAP-2026-04-2964
HAP-2026-04-2965,VEND-163,Northwood Partners,NOR-2026-04-2965,2026-04-16,2026-05-16,40.81,USD,HPO-2026-04-2965,PAID,2026-04-30,2026-04,warehouse consumables 2026-04,JE-HAP-2026-04-2965
HAP-2026-04-2966,VEND-167,Beacon Studio,BEA-2026-04-2966,2026-04-16,2026-05-16,38.42,USD,HPO-2026-04-2966,PAID,2026-04-30,2026-04,security monitoring hosts 2026-04,JE-HAP-2026-04-2966
HAP-2026-04-2967,VEND-171,Nimbus Supply,NIM-2026-04-2967,2026-04-16,2026-05-16,75.0,USD,HPO-2026-04-2967,PAID,2026-04-30,2026-04,usage overage block 2026-04,JE-HAP-2026-04-2967
HAP-2026-04-2968,VEND-175,Alder Components,ALD-2026-04-2968,2026-04-16,2026-05-16,12600.11,USD,HPO-2026-04-2968,PAID,2026-04-30,2026-04,premium support 2026-04,JE-HAP-2026-04-2968
HAP-2026-04-2969,VEND-179,Northwood Systems,NOR-2026-04-2969,2026-04-16,2026-05-16,346.72,USD,HPO-2026-04-2969,PAID,2026-04-30,2026-04,warehouse consumables 2026-04,JE-HAP-2026-04-2969
HAP-2026-04-2970,VEND-183,Beacon Partners,BEA-2026-04-2970,2026-04-16,2026-05-16,132.33,USD,HPO-2026-04-2970,PAID,2026-04-30,2026-04,security monitoring hosts 2026-04,JE-HAP-2026-04-2970
HAP-2026-04-2971,VEND-165,Teak Components,TEA-2026-04-2971,2026-04-17,2026-05-17,3600.44,USD,HPO-2026-04-2971,PAID,2026-04-30,2026-04,premium support 2026-04,JE-HAP-2026-04-2971
HAP-2026-04-2972,VEND-169,Harbor Systems,HAR-2026-04-2972,2026-04-17,2026-05-17,154.55,USD,HPO-2026-04-2972,PAID,2026-04-30,2026-04,warehouse consumables 2026-04,JE-HAP-2026-04-2972
HAP-2026-04-2973,VEND-173,Timber Partners,TIM-2026-04-2973,2026-04-17,2026-05-17,72.66,USD,HPO-2026-04-2973,PAID,2026-04-30,2026-04,security monitoring hosts 2026-04,JE-HAP-2026-04-2973
HAP-2026-04-2974,VEND-177,Ginkgo Studio,GIN-2026-04-2974,2026-04-17,2026-05-17,120.77,USD,HPO-2026-04-2974,PAID,2026-04-30,2026-04,usage overage block 2026-04,JE-HAP-2026-04-2974
HAP-2026-04-2975,VEND-181,Teak Supply,TEA-2026-04-2975,2026-04-17,2026-05-17,18000.88,USD,HPO-2026-04-2975,PAID,2026-04-30,2026-04,premium support 2026-04,JE-HAP-2026-04-2975
HAP-2026-04-2976,VEND-185,Harbor Components,HAR-2026-04-2976,2026-04-17,2026-05-17,39.49,USD,HPO-2026-04-2976,PAID,2026-04-30,2026-04,warehouse consumables 2026-04,JE-HAP-2026-04-2976
HAP-2026-04-2977,VEND-189,Timber Systems,TIM-2026-04-2977,2026-04-17,2026-05-17,37.1,USD,HPO-2026-04-2977,PAID,2026-04-30,2026-04,security monitoring hosts 2026-04,JE-HAP-2026-04-2977
HAP-2026-04-2978,VEND-193,Ginkgo Partners,GIN-2026-04-2978,2026-04-17,2026-05-17,76.21,USD,HPO-2026-04-2978,PAID,2026-04-30,2026-04,usage overage block 2026-04,JE-HAP-2026-04-2978
HAP-2026-04-2979,VEND-197,Teak Studio,TEA-2026-04-2979,2026-04-17,2026-05-17,12601.32,USD,HPO-2026-04-2979,PAID,2026-04-30,2026-04,premium support 2026-04,JE-HAP-2026-04-2979
HAP-2026-04-2980,VEND-201,Harbor Supply,HAR-2026-04-2980,2026-04-17,2026-05-17,347.93,USD,HPO-2026-04-2980,PAID,2026-04-30,2026-04,warehouse consumables 2026-04,JE-HAP-2026-04-2980
HAP-2026-04-2981,VEND-205,Timber Components,TIM-2026-04-2981,2026-04-17,2026-05-17,133.54,USD,HPO-2026-04-2981,PAID,2026-04-30,2026-04,security monitoring hosts 2026-04,JE-HAP-2026-04-2981
HAP-2026-04-2982,VEND-209,Ginkgo Systems,GIN-2026-04-2982,2026-04-17,2026-05-17,31.65,USD,HPO-2026-04-2982,PAID,2026-04-30,2026-04,usage overage block 2026-04,JE-HAP-2026-04-2982
HAP-2026-04-2983,VEND-213,Teak Partners,TEA-2026-04-2983,2026-04-17,2026-05-17,7201.76,USD,HPO-2026-04-2983,PAID,2026-04-30,2026-04,premium support 2026-04,JE-HAP-2026-04-2983
HAP-2026-04-2984,VEND-217,Harbor Studio,HAR-2026-04-2984,2026-04-17,2026-05-17,232.87,USD,HPO-2026-04-2984,PAID,2026-04-30,2026-04,warehouse consumables 2026-04,JE-HAP-2026-04-2984
HAP-2026-04-2985,VEND-221,Timber Supply,TIM-2026-04-2985,2026-04-17,2026-05-17,97.98,USD,HPO-2026-04-2985,PAID,2026-04-30,2026-04,security monitoring hosts 2026-04,JE-HAP-2026-04-2985
HAP-2026-04-2986,VEND-225,Ginkgo Components,GIN-2026-04-2986,2026-04-17,2026-05-17,152.09,USD,HPO-2026-04-2986,PAID,2026-04-30,2026-04,usage overage block 2026-04,JE-HAP-2026-04-2986
HAP-2026-04-2987,VEND-229,Teak Systems,TEA-2026-04-2987,2026-04-17,2026-05-17,1802.2,USD,HPO-2026-04-2987,PAID,2026-04-30,2026-04,premium support 2026-04,JE-HAP-2026-04-2987
HAP-2026-04-2988,VEND-233,Harbor Partners,HAR-2026-04-2988,2026-04-17,2026-05-17,117.81,USD,HPO-2026-04-2988,PAID,2026-04-30,2026-04,warehouse consumables 2026-04,JE-HAP-2026-04-2988
HAP-2026-04-2989,VEND-237,Timber Studio,TIM-2026-04-2989,2026-04-17,2026-05-17,62.42,USD,HPO-2026-04-2989,PAID,2026-04-30,2026-04,security monitoring hosts 2026-04,JE-HAP-2026-04-2989
HAP-2026-04-2990,VEND-241,Ginkgo Supply,GIN-2026-04-2990,2026-04-17,2026-05-17,105.0,USD,HPO-2026-04-2990,PAID,2026-04-30,2026-04,usage overage block 2026-04,JE-HAP-2026-04-2990
HAP-2026-04-2991,VEND-245,Teak Components,TEA-2026-04-2991,2026-04-17,2026-05-17,16200.11,USD,HPO-2026-04-2991,PAID,2026-04-30,2026-04,premium support 2026-04,JE-HAP-2026-04-2991
HAP-2026-04-2992,VEND-249,Harbor Systems,HAR-2026-04-2992,2026-04-17,2026-05-17,423.72,USD,HPO-2026-04-2992,PAID,2026-04-30,2026-04,warehouse consumables 2026-04,JE-HAP-2026-04-2992
HAP-2026-04-2993,VEND-231,Beacon Supply,BEA-2026-04-2993,2026-04-18,2026-05-18,30.33,USD,HPO-2026-04-2993,PAID,2026-04-30,2026-04,usage overage block 2026-04,JE-HAP-2026-04-2993
HAP-2026-04-2994,VEND-235,Nimbus Components,NIM-2026-04-2994,2026-04-18,2026-05-18,7200.44,USD,HPO-2026-04-2994,PAID,2026-04-30,2026-04,premium support 2026-04,JE-HAP-2026-04-2994
HAP-2026-04-2995,VEND-239,Alder Systems,ALD-2026-04-2995,2026-04-18,2026-05-18,231.55,USD,HPO-2026-04-2995,PAID,2026-04-30,2026-04,warehouse consumables 2026-04,JE-HAP-2026-04-2995
HAP-2026-04-2996,VEND-243,Northwood Partners,NOR-2026-04-2996,2026-04-18,2026-05-18,96.66,USD,HPO-2026-04-2996,PAID,2026-04-30,2026-04,security monitoring hosts 2026-04,JE-HAP-2026-04-2996
HAP-2026-04-2997,VEND-247,Beacon Studio,BEA-2026-04-2997,2026-04-18,2026-05-18,150.77,USD,HPO-2026-04-2997,PAID,2026-04-30,2026-04,usage overage block 2026-04,JE-HAP-2026-04-2997
HAP-2026-04-2998,VEND-251,Nimbus Supply,NIM-2026-04-2998,2026-04-18,2026-05-18,1800.88,USD,HPO-2026-04-2998,PAID,2026-04-30,2026-04,premium support 2026-04,JE-HAP-2026-04-2998
HAP-2026-04-2999,VEND-255,Alder Components,ALD-2026-04-2999,2026-04-18,2026-05-18,116.49,USD,HPO-2026-04-2999,PAID,2026-04-30,2026-04,warehouse consumables 2026-04,JE-HAP-2026-04-2999
HAP-2026-04-3000,VEND-259,Northwood Systems,NOR-2026-04-3000,2026-04-18,2026-05-18,61.1,USD,HPO-2026-04-3000,PAID,2026-04-30,2026-04,security monitoring hosts 2026-04,JE-HAP-2026-04-3000
HAP-2026-04-3001,VEND-263,Beacon Partners,BEA-2026-04-3001,2026-04-18,2026-05-18,106.21,USD,HPO-2026-04-3001,PAID,2026-04-30,2026-04,usage overage block 2026-04,JE-HAP-2026-04-3001
HAP-2026-04-3002,VEND-267,Nimbus Studio,NIM-2026-04-3002,2026-04-18,2026-05-18,16201.32,USD,HPO-2026-04-3002,PAID,2026-04-30,2026-04,premium support 2026-04,JE-HAP-2026-04-3002
HAP-2026-04-3003,VEND-271,Alder Supply,ALD-2026-04-3003,2026-04-18,2026-05-18,424.93,USD,HPO-2026-04-3003,PAID,2026-04-30,2026-04,warehouse consumables 2026-04,JE-HAP-2026-04-3003
HAP-2026-04-3004,VEND-275,Northwood Components,NOR-2026-04-3004,2026-04-18,2026-05-18,25.54,USD,HPO-2026-04-3004,PAID,2026-04-30,2026-04,security monitoring hosts 2026-04,JE-HAP-2026-04-3004
HAP-2026-04-3005,VEND-279,Beacon Systems,BEA-2026-04-3005,2026-04-18,2026-05-18,61.65,USD,HPO-2026-04-3005,PAID,2026-04-30,2026-04,usage overage block 2026-04,JE-HAP-2026-04-3005
HAP-2026-04-3006,VEND-283,Nimbus Partners,NIM-2026-04-3006,2026-04-18,2026-05-18,10801.76,USD,HPO-2026-04-3006,PAID,2026-04-30,2026-04,premium support 2026-04,JE-HAP-2026-04-3006
HAP-2026-04-3007,VEND-287,Alder Studio,ALD-2026-04-3007,2026-04-18,2026-05-18,309.87,USD,HPO-2026-04-3007,PAID,2026-04-30,2026-04,warehouse consumables 2026-04,JE-HAP-2026-04-3007
HAP-2026-04-3008,VEND-291,Northwood Supply,NOR-2026-04-3008,2026-04-18,2026-05-18,121.98,USD,HPO-2026-04-3008,PAID,2026-04-30,2026-04,security monitoring hosts 2026-04,JE-HAP-2026-04-3008
HAP-2026-04-3009,VEND-295,Beacon Components,BEA-2026-04-3009,2026-04-18,2026-05-18,17.09,USD,HPO-2026-04-3009,PAID,2026-04-30,2026-04,usage overage block 2026-04,JE-HAP-2026-04-3009
HAP-2026-04-3010,VEND-299,Nimbus Systems,NIM-2026-04-3010,2026-04-18,2026-05-18,5402.2,USD,HPO-2026-04-3010,PAID,2026-04-30,2026-04,premium support 2026-04,JE-HAP-2026-04-3010
HAP-2026-04-3011,VEND-303,Alder Partners,ALD-2026-04-3011,2026-04-18,2026-05-18,194.81,USD,HPO-2026-04-3011,PAID,2026-04-30,2026-04,warehouse consumables 2026-04,JE-HAP-2026-04-3011
HAP-2026-04-3012,VEND-307,Northwood Studio,NOR-2026-04-3012,2026-04-18,2026-05-18,86.42,USD,HPO-2026-04-3012,PAID,2026-04-30,2026-04,security monitoring hosts 2026-04,JE-HAP-2026-04-3012
HAP-2026-04-3013,VEND-311,Beacon Supply,BEA-2026-04-3013,2026-04-18,2026-05-18,135.0,USD,HPO-2026-04-3013,PAID,2026-04-30,2026-04,usage overage block 2026-04,JE-HAP-2026-04-3013
HAP-2026-04-3014,VEND-315,Nimbus Components,NIM-2026-04-3014,2026-04-18,2026-05-18,19800.11,USD,HPO-2026-04-3014,PAID,2026-04-30,2026-04,premium support 2026-04,JE-HAP-2026-04-3014
HAP-2026-04-3015,VEND-297,Harbor Studio,HAR-2026-04-3015,2026-04-19,2026-05-19,24.22,USD,HPO-2026-04-3015,PAID,2026-04-30,2026-04,security monitoring hosts 2026-04,JE-HAP-2026-04-3015
HAP-2026-04-3016,VEND-301,Timber Supply,TIM-2026-04-3016,2026-04-19,2026-05-19,60.33,USD,HPO-2026-04-3016,PAID,2026-04-30,2026-04,usage overage block 2026-04,JE-HAP-2026-04-3016
HAP-2026-04-3017,VEND-305,Ginkgo Components,GIN-2026-04-3017,2026-04-19,2026-05-19,10800.44,USD,HPO-2026-04-3017,PAID,2026-04-30,2026-04,premium support 2026-04,JE-HAP-2026-04-3017
HAP-2026-04-3018,VEND-309,Teak Systems,TEA-2026-04-3018,2026-04-19,2026-05-19,308.55,USD,HPO-2026-04-3018,PAID,2026-04-30,2026-04,warehouse consumables 2026-04,JE-HAP-2026-04-3018
HAP-2026-04-3019,VEND-313,Harbor Partners,HAR-2026-04-3019,2026-04-19,2026-05-19,120.66,USD,HPO-2026-04-3019,PAID,2026-04-30,2026-04,security monitoring hosts 2026-04,JE-HAP-2026-04-3019
HAP-2026-04-3020,VEND-317,Timber Studio,TIM-2026-04-3020,2026-04-19,2026-05-19,15.77,USD,HPO-2026-04-3020,PAID,2026-04-30,2026-04,usage overage block 2026-04,JE-HAP-2026-04-3020
HAP-2026-04-3021,VEND-321,Ginkgo Supply,GIN-2026-04-3021,2026-04-19,2026-05-19,5400.88,USD,HPO-2026-04-3021,PAID,2026-04-30,2026-04,premium support 2026-04,JE-HAP-2026-04-3021
HAP-2026-04-3022,VEND-001-DUP,Acme Supplies LLC,ACM-2026-04-3022,2026-04-19,2026-05-19,193.49,USD,HPO-2026-04-3022,PAID,2026-04-30,2026-04,warehouse consumables 2026-04,JE-HAP-2026-04-3022
HAP-2026-04-3023,VEND-004,Office Depot,OFF-2026-04-3023,2026-04-19,2026-05-19,85.1,USD,HPO-2026-04-3023,PAID,2026-04-30,2026-04,security monitoring hosts 2026-04,JE-HAP-2026-04-3023
HAP-2026-04-3024,VEND-008,Figma,FIG-2026-04-3024,2026-04-19,2026-05-19,136.21,USD,HPO-2026-04-3024,PAID,2026-04-30,2026-04,usage overage block 2026-04,JE-HAP-2026-04-3024
HAP-2026-04-3025,VEND-013,Cambridge Properties,CAM-2026-04-3025,2026-04-19,2026-05-19,19801.32,USD,HPO-2026-04-3025,PAID,2026-04-30,2026-04,premium support 2026-04,JE-HAP-2026-04-3025
HAP-2026-04-3026,VEND-017,GitHub,GIT-2026-04-3026,2026-04-19,2026-05-19,78.43,USD,HPO-2026-04-3026,PAID,2026-04-30,2026-04,warehouse consumables 2026-04,JE-HAP-2026-04-3026
HAP-2026-04-3027,VEND-021,Misc Supplies,MIS-2026-04-3027,2026-04-19,2026-05-19,49.54,USD,HPO-2026-04-3027,PAID,2026-04-30,2026-04,security monitoring hosts 2026-04,JE-HAP-2026-04-3027
HAP-2026-04-3028,VEND-025,Okta,OKT-2026-04-3028,2026-04-19,2026-05-19,91.65,USD,HPO-2026-04-3028,PAID,2026-04-30,2026-04,usage overage block 2026-04,JE-HAP-2026-04-3028
HAP-2026-04-3029,VEND-029,Cloudflare,CLO-2026-04-3029,2026-04-19,2026-05-19,14401.76,USD,HPO-2026-04-3029,PAID,2026-04-30,2026-04,premium support 2026-04,JE-HAP-2026-04-3029
HAP-2026-04-3030,VEND-033,Staples Business Advantage,STA-2026-04-3030,2026-04-19,2026-05-19,386.87,USD,HPO-2026-04-3030,PAID,2026-04-30,2026-04,warehouse consumables 2026-04,JE-HAP-2026-04-3030
HAP-2026-04-3031,VEND-037,Comcast Business,COM-2026-04-3031,2026-04-19,2026-05-19,13.98,USD,HPO-2026-04-3031,PAID,2026-04-30,2026-04,security monitoring hosts 2026-04,JE-HAP-2026-04-3031
HAP-2026-04-3032,VEND-041,HubSpot,HUB-2026-04-3032,2026-04-19,2026-05-19,47.09,USD,HPO-2026-04-3032,PAID,2026-04-30,2026-04,usage overage block 2026-04,JE-HAP-2026-04-3032
HAP-2026-04-3033,VEND-045,Palo Alto Networks,PAL-2026-04-3033,2026-04-19,2026-05-19,9002.2,USD,HPO-2026-04-3033,PAID,2026-04-30,2026-04,premium support 2026-04,JE-HAP-2026-04-3033
HAP-2026-04-3034,VEND-049,Vanta,VAN-2026-04-3034,2026-04-19,2026-05-19,271.81,USD,HPO-2026-04-3034,PAID,2026-04-30,2026-04,warehouse consumables 2026-04,JE-HAP-2026-04-3034
HAP-2026-04-3035,VEND-053,Teak Partners,TEA-2026-04-3035,2026-04-19,2026-05-19,110.42,USD,HPO-2026-04-3035,PAID,2026-04-30,2026-04,security monitoring hosts 2026-04,JE-HAP-2026-04-3035
HAP-2026-04-3036,VEND-057,Harbor Studio,HAR-2026-04-3036,2026-04-19,2026-05-19,165.0,USD,HPO-2026-04-3036,PAID,2026-04-30,2026-04,usage overage block 2026-04,JE-HAP-2026-04-3036
HAP-2026-04-3037,VEND-039,CleanRoom Janitorial,CLE-2026-04-3037,2026-04-20,2026-05-20,77.11,USD,HPO-2026-04-3037,PAID,2026-04-30,2026-04,warehouse consumables 2026-04,JE-HAP-2026-04-3037
HAP-2026-04-3038,VEND-043,Adyen NV,ADY-2026-04-3038,2026-04-20,2026-05-20,48.22,USD,HPO-2026-04-3038,PAID,2026-04-30,2026-04,security monitoring hosts 2026-04,JE-HAP-2026-04-3038
HAP-2026-04-3039,VEND-047,Carta,CAR-2026-04-3039,2026-04-20,2026-05-20,90.33,USD,HPO-2026-04-3039,PAID,2026-04-30,2026-04,usage overage block 2026-04,JE-HAP-2026-04-3039
HAP-2026-04-3040,VEND-051,Northwood Supply,NOR-2026-04-3040,2026-04-20,2026-05-20,14400.44,USD,HPO-2026-04-3040,PAID,2026-04-30,2026-04,premium support 2026-04,JE-HAP-2026-04-3040
HAP-2026-04-3041,VEND-055,Beacon Components,BEA-2026-04-3041,2026-04-20,2026-05-20,385.55,USD,HPO-2026-04-3041,PAID,2026-04-30,2026-04,warehouse consumables 2026-04,JE-HAP-2026-04-3041
HAP-2026-04-3042,VEND-059,Nimbus Systems,NIM-2026-04-3042,2026-04-20,2026-05-20,12.66,USD,HPO-2026-04-3042,PAID,2026-04-30,2026-04,security monitoring hosts 2026-04,JE-HAP-2026-04-3042
HAP-2026-04-3043,VEND-063,Alder Partners,ALD-2026-04-3043,2026-04-20,2026-05-20,45.77,USD,HPO-2026-04-3043,PAID,2026-04-30,2026-04,usage overage block 2026-04,JE-HAP-2026-04-3043
HAP-2026-04-3044,VEND-067,Northwood Studio,NOR-2026-04-3044,2026-04-20,2026-05-20,9000.88,USD,HPO-2026-04-3044,PAID,2026-04-30,2026-04,premium support 2026-04,JE-HAP-2026-04-3044
HAP-2026-04-3045,VEND-071,Beacon Supply,BEA-2026-04-3045,2026-04-20,2026-05-20,270.49,USD,HPO-2026-04-3045,PAID,2026-04-30,2026-04,warehouse consumables 2026-04,JE-HAP-2026-04-3045
HAP-2026-04-3046,VEND-075,Nimbus Components,NIM-2026-04-3046,2026-04-20,2026-05-20,109.1,USD,HPO-2026-04-3046,PAID,2026-04-30,2026-04,security monitoring hosts 2026-04,JE-HAP-2026-04-3046
HAP-2026-04-3047,VEND-079,Alder Systems,ALD-2026-04-3047,2026-04-20,2026-05-20,166.21,USD,HPO-2026-04-3047,PAID,2026-04-30,2026-04,usage overage block 2026-04,JE-HAP-2026-04-3047
HAP-2026-04-3048,VEND-083,Northwood Partners,NOR-2026-04-3048,2026-04-20,2026-05-20,3601.32,USD,HPO-2026-04-3048,PAID,2026-04-30,2026-04,premium support 2026-04,JE-HAP-2026-04-3048
HAP-2026-04-3049,VEND-087,Beacon Studio,BEA-2026-04-3049,2026-04-20,2026-05-20,155.43,USD,HPO-2026-04-3049,PAID,2026-04-30,2026-04,warehouse consumables 2026-04,JE-HAP-2026-04-3049
HAP-2026-04-3050,VEND-091,Nimbus Supply,NIM-2026-04-3050,2026-04-20,2026-05-20,73.54,USD,HPO-2026-04-3050,PAID,2026-04-30,2026-04,security monitoring hosts 2026-04,JE-HAP-2026-04-3050
HAP-2026-04-3051,VEND-095,Alder Components,ALD-2026-04-3051,2026-04-20,2026-05-20,121.65,USD,HPO-2026-04-3051,PAID,2026-04-30,2026-04,usage overage block 2026-04,JE-HAP-2026-04-3051
HAP-2026-04-3052,VEND-099,Northwood Systems,NOR-2026-04-3052,2026-04-20,2026-05-20,18001.76,USD,HPO-2026-04-3052,PAID,2026-04-30,2026-04,premium support 2026-04,JE-HAP-2026-04-3052
HAP-2026-04-3053,VEND-103,Beacon Partners,BEA-2026-04-3053,2026-04-20,2026-05-20,40.37,USD,HPO-2026-04-3053,PAID,2026-04-30,2026-04,warehouse consumables 2026-04,JE-HAP-2026-04-3053
HAP-2026-04-3054,VEND-107,Nimbus Studio,NIM-2026-04-3054,2026-04-20,2026-05-20,37.98,USD,HPO-2026-04-3054,PAID,2026-04-30,2026-04,security monitoring hosts 2026-04,JE-HAP-2026-04-3054
HAP-2026-04-3055,VEND-111,Alder Supply,ALD-2026-04-3055,2026-04-20,2026-05-20,77.09,USD,HPO-2026-04-3055,PAID,2026-04-30,2026-04,usage overage block 2026-04,JE-HAP-2026-04-3055
HAP-2026-04-3056,VEND-115,Northwood Components,NOR-2026-04-3056,2026-04-20,2026-05-20,12602.2,USD,HPO-2026-04-3056,PAID,2026-04-30,2026-04,premium support 2026-04,JE-HAP-2026-04-3056
HAP-2026-04-3057,VEND-119,Beacon Systems,BEA-2026-04-3057,2026-04-20,2026-05-20,348.81,USD,HPO-2026-04-3057,PAID,2026-04-30,2026-04,warehouse consumables 2026-04,JE-HAP-2026-04-3057
HAP-2026-04-3058,VEND-123,Nimbus Partners,NIM-2026-04-3058,2026-04-20,2026-05-20,134.42,USD,HPO-2026-04-3058,PAID,2026-04-30,2026-04,security monitoring hosts 2026-04,JE-HAP-2026-04-3058
HAP-2026-04-3059,VEND-105,Harbor Components,HAR-2026-04-3059,2026-04-21,2026-05-21,3600.0,USD,HPO-2026-04-3059,PAID,2026-04-30,2026-04,premium support 2026-04,JE-HAP-2026-04-3059
HAP-2026-04-3060,VEND-109,Timber Systems,TIM-2026-04-3060,2026-04-21,2026-05-21,154.11,USD,HPO-2026-04-3060,PAID,2026-04-30,2026-04,warehouse consumables 2026-04,JE-HAP-2026-04-3060
HAP-2026-04-3061,VEND-113,Ginkgo Partners,GIN-2026-04-3061,2026-04-21,2026-05-21,72.22,USD,HPO-2026-04-3061,PAID,2026-04-30,2026-04,security monitoring hosts 2026-04,JE-HAP-2026-04-3061
HAP-2026-04-3062,VEND-117,Teak Studio,TEA-2026-04-3062,2026-04-21,2026-05-21,120.33,USD,HPO-2026-04-3062,PAID,2026-04-30,2026-04,usage overage block 2026-04,JE-HAP-2026-04-3062
HAP-2026-04-3063,VEND-121,Harbor Supply,HAR-2026-04-3063,2026-04-21,2026-05-21,18000.44,USD,HPO-2026-04-3063,PAID,2026-04-30,2026-04,premium support 2026-04,JE-HAP-2026-04-3063
HAP-2026-04-3064,VEND-125,Timber Components,TIM-2026-04-3064,2026-04-21,2026-05-21,39.05,USD,HPO-2026-04-3064,PAID,2026-04-30,2026-04,warehouse consumables 2026-04,JE-HAP-2026-04-3064
HAP-2026-04-3065,VEND-129,Ginkgo Systems,GIN-2026-04-3065,2026-04-21,2026-05-21,36.66,USD,HPO-2026-04-3065,PAID,2026-04-30,2026-04,security monitoring hosts 2026-04,JE-HAP-2026-04-3065
HAP-2026-04-3066,VEND-133,Teak Partners,TEA-2026-04-3066,2026-04-21,2026-05-21,75.77,USD,HPO-2026-04-3066,PAID,2026-04-30,2026-04,usage overage block 2026-04,JE-HAP-2026-04-3066
HAP-2026-04-3067,VEND-137,Harbor Studio,HAR-2026-04-3067,2026-04-21,2026-05-21,12600.88,USD,HPO-2026-04-3067,PAID,2026-04-30,2026-04,premium support 2026-04,JE-HAP-2026-04-3067
HAP-2026-04-3068,VEND-141,Timber Supply,TIM-2026-04-3068,2026-04-21,2026-05-21,347.49,USD,HPO-2026-04-3068,PAID,2026-04-30,2026-04,warehouse consumables 2026-04,JE-HAP-2026-04-3068
HAP-2026-04-3069,VEND-145,Ginkgo Components,GIN-2026-04-3069,2026-04-21,2026-05-21,133.1,USD,HPO-2026-04-3069,PAID,2026-04-30,2026-04,security monitoring hosts 2026-04,JE-HAP-2026-04-3069
HAP-2026-04-3070,VEND-149,Teak Systems,TEA-2026-04-3070,2026-04-21,2026-05-21,31.21,USD,HPO-2026-04-3070,PAID,2026-04-30,2026-04,usage overage block 2026-04,JE-HAP-2026-04-3070
HAP-2026-04-3071,VEND-153,Harbor Partners,HAR-2026-04-3071,2026-04-21,2026-05-21,7201.32,USD,HPO-2026-04-3071,PAID,2026-04-30,2026-04,premium support 2026-04,JE-HAP-2026-04-3071
HAP-2026-04-3072,VEND-157,Timber Studio,TIM-2026-04-3072,2026-04-21,2026-05-21,232.43,USD,HPO-2026-04-3072,PAID,2026-04-30,2026-04,warehouse consumables 2026-04,JE-HAP-2026-04-3072
HAP-2026-04-3073,VEND-161,Ginkgo Supply,GIN-2026-04-3073,2026-04-21,2026-05-21,97.54,USD,HPO-2026-04-3073,PAID,2026-04-30,2026-04,security monitoring hosts 2026-04,JE-HAP-2026-04-3073
HAP-2026-04-3074,VEND-165,Teak Components,TEA-2026-04-3074,2026-04-21,2026-05-21,151.65,USD,HPO-2026-04-3074,PAID,2026-04-30,2026-04,usage overage block 2026-04,JE-HAP-2026-04-3074
HAP-2026-04-3075,VEND-169,Harbor Systems,HAR-2026-04-3075,2026-04-21,2026-05-21,1801.76,USD,HPO-2026-04-3075,PAID,2026-04-30,2026-04,premium support 2026-04,JE-HAP-2026-04-3075
HAP-2026-04-3076,VEND-173,Timber Partners,TIM-2026-04-3076,2026-04-21,2026-05-21,117.37,USD,HPO-2026-04-3076,PAID,2026-04-30,2026-04,warehouse consumables 2026-04,JE-HAP-2026-04-3076
HAP-2026-04-3077,VEND-177,Ginkgo Studio,GIN-2026-04-3077,2026-04-21,2026-05-21,61.98,USD,HPO-2026-04-3077,PAID,2026-04-30,2026-04,security monitoring hosts 2026-04,JE-HAP-2026-04-3077
HAP-2026-04-3078,VEND-181,Teak Supply,TEA-2026-04-3078,2026-04-21,2026-05-21,107.09,USD,HPO-2026-04-3078,PAID,2026-04-30,2026-04,usage overage block 2026-04,JE-HAP-2026-04-3078
HAP-2026-04-3079,VEND-185,Harbor Components,HAR-2026-04-3079,2026-04-21,2026-05-21,16202.2,USD,HPO-2026-04-3079,PAID,2026-04-30,2026-04,premium support 2026-04,JE-HAP-2026-04-3079
HAP-2026-04-3080,VEND-189,Timber Systems,TIM-2026-04-3080,2026-04-21,2026-05-21,425.81,USD,HPO-2026-04-3080,PAID,2026-04-30,2026-04,warehouse consumables 2026-04,JE-HAP-2026-04-3080
HAP-2026-05-3081,VEND-171,Nimbus Supply,NIM-2026-05-3081,2026-05-02,2026-06-01,32.42,USD,HPO-2026-05-3081,PAID,2026-05-20,2026-05,usage overage block 2026-05,JE-HAP-2026-05-3081
HAP-2026-05-3082,VEND-175,Alder Components,ALD-2026-05-3082,2026-05-02,2026-06-01,7200.0,USD,HPO-2026-05-3082,PAID,2026-05-20,2026-05,premium support 2026-05,JE-HAP-2026-05-3082
HAP-2026-05-3083,VEND-179,Northwood Systems,NOR-2026-05-3083,2026-05-02,2026-06-01,231.11,USD,HPO-2026-05-3083,PAID,2026-05-20,2026-05,warehouse consumables 2026-05,JE-HAP-2026-05-3083
HAP-2026-05-3084,VEND-183,Beacon Partners,BEA-2026-05-3084,2026-05-02,2026-06-01,96.22,USD,HPO-2026-05-3084,PAID,2026-05-20,2026-05,security monitoring hosts 2026-05,JE-HAP-2026-05-3084
HAP-2026-05-3085,VEND-187,Nimbus Studio,NIM-2026-05-3085,2026-05-02,2026-06-01,150.33,USD,HPO-2026-05-3085,PAID,2026-05-20,2026-05,usage overage block 2026-05,JE-HAP-2026-05-3085
HAP-2026-05-3086,VEND-191,Alder Supply,ALD-2026-05-3086,2026-05-02,2026-06-01,1800.44,USD,HPO-2026-05-3086,PAID,2026-05-20,2026-05,premium support 2026-05,JE-HAP-2026-05-3086
HAP-2026-05-3087,VEND-195,Northwood Components,NOR-2026-05-3087,2026-05-02,2026-06-01,116.05,USD,HPO-2026-05-3087,PAID,2026-05-20,2026-05,warehouse consumables 2026-05,JE-HAP-2026-05-3087
HAP-2026-05-3088,VEND-199,Beacon Systems,BEA-2026-05-3088,2026-05-02,2026-06-01,60.66,USD,HPO-2026-05-3088,PAID,2026-05-20,2026-05,security monitoring hosts 2026-05,JE-HAP-2026-05-3088
HAP-2026-05-3089,VEND-203,Nimbus Partners,NIM-2026-05-3089,2026-05-02,2026-06-01,105.77,USD,HPO-2026-05-3089,PAID,2026-05-20,2026-05,usage overage block 2026-05,JE-HAP-2026-05-3089
HAP-2026-05-3090,VEND-207,Alder Studio,ALD-2026-05-3090,2026-05-02,2026-06-01,16200.88,USD,HPO-2026-05-3090,PAID,2026-05-20,2026-05,premium support 2026-05,JE-HAP-2026-05-3090
HAP-2026-05-3091,VEND-211,Northwood Supply,NOR-2026-05-3091,2026-05-02,2026-06-01,424.49,USD,HPO-2026-05-3091,PAID,2026-05-20,2026-05,warehouse consumables 2026-05,JE-HAP-2026-05-3091
HAP-2026-05-3092,VEND-215,Beacon Components,BEA-2026-05-3092,2026-05-02,2026-06-01,25.1,USD,HPO-2026-05-3092,PAID,2026-05-20,2026-05,security monitoring hosts 2026-05,JE-HAP-2026-05-3092
HAP-2026-05-3093,VEND-219,Nimbus Systems,NIM-2026-05-3093,2026-05-02,2026-06-01,61.21,USD,HPO-2026-05-3093,PAID,2026-05-20,2026-05,usage overage block 2026-05,JE-HAP-2026-05-3093
HAP-2026-05-3094,VEND-223,Alder Partners,ALD-2026-05-3094,2026-05-02,2026-06-01,10801.32,USD,HPO-2026-05-3094,PAID,2026-05-20,2026-05,premium support 2026-05,JE-HAP-2026-05-3094
HAP-2026-05-3095,VEND-227,Northwood Studio,NOR-2026-05-3095,2026-05-02,2026-06-01,309.43,USD,HPO-2026-05-3095,PAID,2026-05-20,2026-05,warehouse consumables 2026-05,JE-HAP-2026-05-3095
HAP-2026-05-3096,VEND-231,Beacon Supply,BEA-2026-05-3096,2026-05-02,2026-06-01,121.54,USD,HPO-2026-05-3096,PAID,2026-05-20,2026-05,security monitoring hosts 2026-05,JE-HAP-2026-05-3096
HAP-2026-05-3097,VEND-235,Nimbus Components,NIM-2026-05-3097,2026-05-02,2026-06-01,16.65,USD,HPO-2026-05-3097,PAID,2026-05-20,2026-05,usage overage block 2026-05,JE-HAP-2026-05-3097
HAP-2026-05-3098,VEND-239,Alder Systems,ALD-2026-05-3098,2026-05-02,2026-06-01,5401.76,USD,HPO-2026-05-3098,PAID,2026-05-20,2026-05,premium support 2026-05,JE-HAP-2026-05-3098
HAP-2026-05-3099,VEND-243,Northwood Partners,NOR-2026-05-3099,2026-05-02,2026-06-01,194.37,USD,HPO-2026-05-3099,PAID,2026-05-20,2026-05,warehouse consumables 2026-05,JE-HAP-2026-05-3099
HAP-2026-05-3100,VEND-247,Beacon Studio,BEA-2026-05-3100,2026-05-02,2026-06-01,85.98,USD,HPO-2026-05-3100,PAID,2026-05-20,2026-05,security monitoring hosts 2026-05,JE-HAP-2026-05-3100
HAP-2026-05-3101,VEND-251,Nimbus Supply,NIM-2026-05-3101,2026-05-02,2026-06-01,137.09,USD,HPO-2026-05-3101,PAID,2026-05-20,2026-05,usage overage block 2026-05,JE-HAP-2026-05-3101
HAP-2026-05-3102,VEND-255,Alder Components,ALD-2026-05-3102,2026-05-02,2026-06-01,19802.2,USD,HPO-2026-05-3102,PAID,2026-05-20,2026-05,premium support 2026-05,JE-HAP-2026-05-3102
HAP-2026-05-3103,VEND-237,Timber Studio,TIM-2026-05-3103,2026-05-03,2026-06-02,26.31,USD,HPO-2026-05-3103,PAID,2026-05-21,2026-05,security monitoring hosts 2026-05,JE-HAP-2026-05-3103
HAP-2026-05-3104,VEND-241,Ginkgo Supply,GIN-2026-05-3104,2026-05-03,2026-06-02,62.42,USD,HPO-2026-05-3104,PAID,2026-05-21,2026-05,usage overage block 2026-05,JE-HAP-2026-05-3104
HAP-2026-05-3105,VEND-245,Teak Components,TEA-2026-05-3105,2026-05-03,2026-06-02,10800.0,USD,HPO-2026-05-3105,PAID,2026-05-21,2026-05,premium support 2026-05,JE-HAP-2026-05-3105
HAP-2026-05-3106,VEND-249,Harbor Systems,HAR-2026-05-3106,2026-05-03,2026-06-02,308.11,USD,HPO-2026-05-3106,PAID,2026-05-21,2026-05,warehouse consumables 2026-05,JE-HAP-2026-05-3106
HAP-2026-05-3107,VEND-253,Timber Partners,TIM-2026-05-3107,2026-05-03,2026-06-02,120.22,USD,HPO-2026-05-3107,PAID,2026-05-21,2026-05,security monitoring hosts 2026-05,JE-HAP-2026-05-3107
HAP-2026-05-3108,VEND-257,Ginkgo Studio,GIN-2026-05-3108,2026-05-03,2026-06-02,15.33,USD,HPO-2026-05-3108,PAID,2026-05-21,2026-05,usage overage block 2026-05,JE-HAP-2026-05-3108
HAP-2026-05-3109,VEND-261,Teak Supply,TEA-2026-05-3109,2026-05-03,2026-06-02,5400.44,USD,HPO-2026-05-3109,PAID,2026-05-21,2026-05,premium support 2026-05,JE-HAP-2026-05-3109
HAP-2026-05-3110,VEND-265,Harbor Components,HAR-2026-05-3110,2026-05-03,2026-06-02,193.05,USD,HPO-2026-05-3110,PAID,2026-05-21,2026-05,warehouse consumables 2026-05,JE-HAP-2026-05-3110
HAP-2026-05-3111,VEND-269,Timber Systems,TIM-2026-05-3111,2026-05-03,2026-06-02,84.66,USD,HPO-2026-05-3111,PAID,2026-05-21,2026-05,security monitoring hosts 2026-05,JE-HAP-2026-05-3111
HAP-2026-05-3112,VEND-273,Ginkgo Partners,GIN-2026-05-3112,2026-05-03,2026-06-02,135.77,USD,HPO-2026-05-3112,PAID,2026-05-21,2026-05,usage overage block 2026-05,JE-HAP-2026-05-3112
HAP-2026-05-3113,VEND-277,Teak Studio,TEA-2026-05-3113,2026-05-03,2026-06-02,19800.88,USD,HPO-2026-05-3113,PAID,2026-05-21,2026-05,premium support 2026-05,JE-HAP-2026-05-3113
HAP-2026-05-3114,VEND-281,Harbor Supply,HAR-2026-05-3114,2026-05-03,2026-06-02,77.99,USD,HPO-2026-05-3114,PAID,2026-05-21,2026-05,warehouse consumables 2026-05,JE-HAP-2026-05-3114
HAP-2026-05-3115,VEND-285,Timber Components,TIM-2026-05-3115,2026-05-03,2026-06-02,49.1,USD,HPO-2026-05-3115,PAID,2026-05-21,2026-05,security monitoring hosts 2026-05,JE-HAP-2026-05-3115
HAP-2026-05-3116,VEND-289,Ginkgo Systems,GIN-2026-05-3116,2026-05-03,2026-06-02,91.21,USD,HPO-2026-05-3116,PAID,2026-05-21,2026-05,usage overage block 2026-05,JE-HAP-2026-05-3116
HAP-2026-05-3117,VEND-293,Teak Partners,TEA-2026-05-3117,2026-05-03,2026-06-02,14401.32,USD,HPO-2026-05-3117,PAID,2026-05-21,2026-05,premium support 2026-05,JE-HAP-2026-05-3117
HAP-2026-05-3118,VEND-297,Harbor Studio,HAR-2026-05-3118,2026-05-03,2026-06-02,386.43,USD,HPO-2026-05-3118,PAID,2026-05-21,2026-05,warehouse consumables 2026-05,JE-HAP-2026-05-3118
HAP-2026-05-3119,VEND-301,Timber Supply,TIM-2026-05-3119,2026-05-03,2026-06-02,13.54,USD,HPO-2026-05-3119,PAID,2026-05-21,2026-05,security monitoring hosts 2026-05,JE-HAP-2026-05-3119
HAP-2026-05-3120,VEND-305,Ginkgo Components,GIN-2026-05-3120,2026-05-03,2026-06-02,46.65,USD,HPO-2026-05-3120,PAID,2026-05-21,2026-05,usage overage block 2026-05,JE-HAP-2026-05-3120
HAP-2026-05-3121,VEND-309,Teak Systems,TEA-2026-05-3121,2026-05-03,2026-06-02,9001.76,USD,HPO-2026-05-3121,PAID,2026-05-21,2026-05,premium support 2026-05,JE-HAP-2026-05-3121
HAP-2026-05-3122,VEND-313,Harbor Partners,HAR-2026-05-3122,2026-05-03,2026-06-02,271.37,USD,HPO-2026-05-3122,PAID,2026-05-21,2026-05,warehouse consumables 2026-05,JE-HAP-2026-05-3122
HAP-2026-05-3123,VEND-317,Timber Studio,TIM-2026-05-3123,2026-05-03,2026-06-02,109.98,USD,HPO-2026-05-3123,PAID,2026-05-21,2026-05,security monitoring hosts 2026-05,JE-HAP-2026-05-3123
HAP-2026-05-3124,VEND-321,Ginkgo Supply,GIN-2026-05-3124,2026-05-03,2026-06-02,167.09,USD,HPO-2026-05-3124,PAID,2026-05-21,2026-05,usage overage block 2026-05,JE-HAP-2026-05-3124
HAP-2026-05-3125,VEND-303,Alder Partners,ALD-2026-05-3125,2026-05-04,2026-06-03,79.2,USD,HPO-2026-05-3125,PAID,2026-05-22,2026-05,warehouse consumables 2026-05,JE-HAP-2026-05-3125
HAP-2026-05-3126,VEND-307,Northwood Studio,NOR-2026-05-3126,2026-05-04,2026-06-03,50.31,USD,HPO-2026-05-3126,PAID,2026-05-22,2026-05,security monitoring hosts 2026-05,JE-HAP-2026-05-3126
HAP-2026-05-3127,VEND-311,Beacon Supply,BEA-2026-05-3127,2026-05-04,2026-06-03,92.42,USD,HPO-2026-05-3127,PAID,2026-05-22,2026-05,usage overage block 2026-05,JE-HAP-2026-05-3127
HAP-2026-05-3128,VEND-315,Nimbus Components,NIM-2026-05-3128,2026-05-04,2026-06-03,14400.0,USD,HPO-2026-05-3128,PAID,2026-05-22,2026-05,premium support 2026-05,JE-HAP-2026-05-3128
HAP-2026-05-3129,VEND-319,Alder Systems,ALD-2026-05-3129,2026-05-04,2026-06-03,385.11,USD,HPO-2026-05-3129,PAID,2026-05-22,2026-05,warehouse consumables 2026-05,JE-HAP-2026-05-3129
HAP-2026-05-3130,VEND-323,Northwood Partners,NOR-2026-05-3130,2026-05-04,2026-06-03,12.22,USD,HPO-2026-05-3130,PAID,2026-05-22,2026-05,security monitoring hosts 2026-05,JE-HAP-2026-05-3130
HAP-2026-05-3131,VEND-002,Amazon Web Services,AMA-2026-05-3131,2026-05-04,2026-06-03,45.33,USD,HPO-2026-05-3131,PAID,2026-05-22,2026-05,usage overage block 2026-05,JE-HAP-2026-05-3131
HAP-2026-05-3132,VEND-006,Datadog,DAT-2026-05-3132,2026-05-04,2026-06-03,9000.44,USD,HPO-2026-05-3132,PAID,2026-05-22,2026-05,premium support 2026-05,JE-HAP-2026-05-3132
HAP-2026-05-3133,VEND-011,Hartford Insurance,HAR-2026-05-3133,2026-05-04,2026-06-03,270.05,USD,HPO-2026-05-3133,PAID,2026-05-22,2026-05,warehouse consumables 2026-05,JE-HAP-2026-05-3133
HAP-2026-05-3134,VEND-015,Harbor Electric,HAR-2026-05-3134,2026-05-04,2026-06-03,108.66,USD,HPO-2026-05-3134,PAID,2026-05-22,2026-05,security monitoring hosts 2026-05,JE-HAP-2026-05-3134
HAP-2026-05-3135,VEND-019,Freightline Logistics,FRE-2026-05-3135,2026-05-04,2026-06-03,165.77,USD,HPO-2026-05-3135,PAID,2026-05-22,2026-05,usage overage block 2026-05,JE-HAP-2026-05-3135
HAP-2026-05-3136,VEND-023,Notion Labs,NOT-2026-05-3136,2026-05-04,2026-06-03,3600.88,USD,HPO-2026-05-3136,PAID,2026-05-22,2026-05,premium support 2026-05,JE-HAP-2026-05-3136
HAP-2026-05-3137,VEND-027,Zoom Video,ZOO-2026-05-3137,2026-05-04,2026-06-03,154.99,USD,HPO-2026-05-3137,PAID,2026-05-22,2026-05,warehouse consumables 2026-05,JE-HAP-2026-05-3137
HAP-2026-05-3138,VEND-031,Helios Hardware Supply,HEL-2026-05-3138,2026-05-04,2026-06-03,73.1,USD,HPO-2026-05-3138,PAID,2026-05-22,2026-05,security monitoring hosts 2026-05,JE-HAP-2026-05-3138
HAP-2026-05-3139,VEND-035,ADP,ADP-2026-05-3139,2026-05-04,2026-06-03,121.21,USD,HPO-2026-05-3139,PAID,2026-05-22,2026-05,usage overage block 2026-05,JE-HAP-2026-05-3139
HAP-2026-05-3140,VEND-039,CleanRoom Janitorial,CLE-2026-05-3140,2026-05-04,2026-06-03,18001.32,USD,HPO-2026-05-3140,PAID,2026-05-22,2026-05,premium support 2026-05,JE-HAP-2026-05-3140
HAP-2026-05-3141,VEND-043,Adyen NV,ADY-2026-05-3141,2026-05-04,2026-06-03,39.93,USD,HPO-2026-05-3141,PAID,2026-05-22,2026-05,warehouse consumables 2026-05,JE-HAP-2026-05-3141
HAP-2026-05-3142,VEND-047,Carta,CAR-2026-05-3142,2026-05-04,2026-06-03,37.54,USD,HPO-2026-05-3142,PAID,2026-05-22,2026-05,security monitoring hosts 2026-05,JE-HAP-2026-05-3142
HAP-2026-05-3143,VEND-051,Northwood Supply,NOR-2026-05-3143,2026-05-04,2026-06-03,76.65,USD,HPO-2026-05-3143,PAID,2026-05-22,2026-05,usage overage block 2026-05,JE-HAP-2026-05-3143
HAP-2026-05-3144,VEND-055,Beacon Components,BEA-2026-05-3144,2026-05-04,2026-06-03,12601.76,USD,HPO-2026-05-3144,PAID,2026-05-22,2026-05,premium support 2026-05,JE-HAP-2026-05-3144
HAP-2026-05-3145,VEND-059,Nimbus Systems,NIM-2026-05-3145,2026-05-04,2026-06-03,348.37,USD,HPO-2026-05-3145,PAID,2026-05-22,2026-05,warehouse consumables 2026-05,JE-HAP-2026-05-3145
HAP-2026-05-3146,VEND-063,Alder Partners,ALD-2026-05-3146,2026-05-04,2026-06-03,133.98,USD,HPO-2026-05-3146,PAID,2026-05-22,2026-05,security monitoring hosts 2026-05,JE-HAP-2026-05-3146
HAP-2026-05-3147,VEND-045,Palo Alto Networks,PAL-2026-05-3147,2026-05-05,2026-06-04,3602.09,USD,HPO-2026-05-3147,PAID,2026-05-23,2026-05,premium support 2026-05,JE-HAP-2026-05-3147
HAP-2026-05-3148,VEND-049,Vanta,VAN-2026-05-3148,2026-05-05,2026-06-04,156.2,USD,HPO-2026-05-3148,PAID,2026-05-23,2026-05,warehouse consumables 2026-05,JE-HAP-2026-05-3148
HAP-2026-05-3149,VEND-053,Teak Partners,TEA-2026-05-3149,2026-05-05,2026-06-04,74.31,USD,HPO-2026-05-3149,PAID,2026-05-23,2026-05,security monitoring hosts 2026-05,JE-HAP-2026-05-3149
HAP-2026-05-3150,VEND-057,Harbor Studio,HAR-2026-05-3150,2026-05-05,2026-06-04,122.42,USD,HPO-2026-05-3150,PAID,2026-05-23,2026-05,usage overage block 2026-05,JE-HAP-2026-05-3150
HAP-2026-05-3151,VEND-061,Timber Supply,TIM-2026-05-3151,2026-05-05,2026-06-04,18000.0,USD,HPO-2026-05-3151,PAID,2026-05-23,2026-05,premium support 2026-05,JE-HAP-2026-05-3151
HAP-2026-05-3152,VEND-065,Ginkgo Components,GIN-2026-05-3152,2026-05-05,2026-06-04,38.61,USD,HPO-2026-05-3152,PAID,2026-05-23,2026-05,warehouse consumables 2026-05,JE-HAP-2026-05-3152
HAP-2026-05-3153,VEND-069,Teak Systems,TEA-2026-05-3153,2026-05-05,2026-06-04,36.22,USD,HPO-2026-05-3153,PAID,2026-05-23,2026-05,security monitoring hosts 2026-05,JE-HAP-2026-05-3153
HAP-2026-05-3154,VEND-073,Harbor Partners,HAR-2026-05-3154,2026-05-05,2026-06-04,75.33,USD,HPO-2026-05-3154,PAID,2026-05-23,2026-05,usage overage block 2026-05,JE-HAP-2026-05-3154
HAP-2026-05-3155,VEND-077,Timber Studio,TIM-2026-05-3155,2026-05-05,2026-06-04,12600.44,USD,HPO-2026-05-3155,PAID,2026-05-23,2026-05,premium support 2026-05,JE-HAP-2026-05-3155
HAP-2026-05-3156,VEND-081,Ginkgo Supply,GIN-2026-05-3156,2026-05-05,2026-06-04,347.05,USD,HPO-2026-05-3156,PAID,2026-05-23,2026-05,warehouse consumables 2026-05,JE-HAP-2026-05-3156
HAP-2026-05-3157,VEND-085,Teak Components,TEA-2026-05-3157,2026-05-05,2026-06-04,132.66,USD,HPO-2026-05-3157,PAID,2026-05-23,2026-05,security monitoring hosts 2026-05,JE-HAP-2026-05-3157
HAP-2026-05-3158,VEND-089,Harbor Systems,HAR-2026-05-3158,2026-05-05,2026-06-04,30.77,USD,HPO-2026-05-3158,PAID,2026-05-23,2026-05,usage overage block 2026-05,JE-HAP-2026-05-3158
HAP-2026-05-3159,VEND-093,Timber Partners,TIM-2026-05-3159,2026-05-05,2026-06-04,7200.88,USD,HPO-2026-05-3159,PAID,2026-05-23,2026-05,premium support 2026-05,JE-HAP-2026-05-3159
HAP-2026-05-3160,VEND-097,Ginkgo Studio,GIN-2026-05-3160,2026-05-05,2026-06-04,231.99,USD,HPO-2026-05-3160,PAID,2026-05-23,2026-05,warehouse consumables 2026-05,JE-HAP-2026-05-3160
HAP-2026-05-3161,VEND-101,Teak Supply,TEA-2026-05-3161,2026-05-05,2026-06-04,97.1,USD,HPO-2026-05-3161,PAID,2026-05-23,2026-05,security monitoring hosts 2026-05,JE-HAP-2026-05-3161
HAP-2026-05-3162,VEND-105,Harbor Components,HAR-2026-05-3162,2026-05-05,2026-06-04,151.21,USD,HPO-2026-05-3162,PAID,2026-05-23,2026-05,usage overage block 2026-05,JE-HAP-2026-05-3162
HAP-2026-05-3163,VEND-109,Timber Systems,TIM-2026-05-3163,2026-05-05,2026-06-04,1801.32,USD,HPO-2026-05-3163,PAID,2026-05-23,2026-05,premium support 2026-05,JE-HAP-2026-05-3163
HAP-2026-05-3164,VEND-113,Ginkgo Partners,GIN-2026-05-3164,2026-05-05,2026-06-04,116.93,USD,HPO-2026-05-3164,PAID,2026-05-23,2026-05,warehouse consumables 2026-05,JE-HAP-2026-05-3164
HAP-2026-05-3165,VEND-117,Teak Studio,TEA-2026-05-3165,2026-05-05,2026-06-04,61.54,USD,HPO-2026-05-3165,PAID,2026-05-23,2026-05,security monitoring hosts 2026-05,JE-HAP-2026-05-3165
HAP-2026-05-3166,VEND-121,Harbor Supply,HAR-2026-05-3166,2026-05-05,2026-06-04,106.65,USD,HPO-2026-05-3166,PAID,2026-05-23,2026-05,usage overage block 2026-05,JE-HAP-2026-05-3166
HAP-2026-05-3167,VEND-125,Timber Components,TIM-2026-05-3167,2026-05-05,2026-06-04,16201.76,USD,HPO-2026-05-3167,PAID,2026-05-23,2026-05,premium support 2026-05,JE-HAP-2026-05-3167
HAP-2026-05-3168,VEND-129,Ginkgo Systems,GIN-2026-05-3168,2026-05-05,2026-06-04,425.37,USD,HPO-2026-05-3168,PAID,2026-05-23,2026-05,warehouse consumables 2026-05,JE-HAP-2026-05-3168
HAP-2026-05-3169,VEND-111,Alder Supply,ALD-2026-05-3169,2026-05-06,2026-06-05,31.98,USD,HPO-2026-05-3169,PAID,2026-05-24,2026-05,usage overage block 2026-05,JE-HAP-2026-05-3169
HAP-2026-05-3170,VEND-115,Northwood Components,NOR-2026-05-3170,2026-05-06,2026-06-05,7202.09,USD,HPO-2026-05-3170,PAID,2026-05-24,2026-05,premium support 2026-05,JE-HAP-2026-05-3170
HAP-2026-05-3171,VEND-119,Beacon Systems,BEA-2026-05-3171,2026-05-06,2026-06-05,233.2,USD,HPO-2026-05-3171,PAID,2026-05-24,2026-05,warehouse consumables 2026-05,JE-HAP-2026-05-3171
HAP-2026-05-3172,VEND-123,Nimbus Partners,NIM-2026-05-3172,2026-05-06,2026-06-05,98.31,USD,HPO-2026-05-3172,PAID,2026-05-24,2026-05,security monitoring hosts 2026-05,JE-HAP-2026-05-3172
HAP-2026-05-3173,VEND-127,Alder Studio,ALD-2026-05-3173,2026-05-06,2026-06-05,152.42,USD,HPO-2026-05-3173,PAID,2026-05-24,2026-05,usage overage block 2026-05,JE-HAP-2026-05-3173
HAP-2026-05-3174,VEND-131,Northwood Supply,NOR-2026-05-3174,2026-05-06,2026-06-05,1800.0,USD,HPO-2026-05-3174,PAID,2026-05-24,2026-05,premium support 2026-05,JE-HAP-2026-05-3174
HAP-2026-05-3175,VEND-135,Beacon Components,BEA-2026-05-3175,2026-05-06,2026-06-05,115.61,USD,HPO-2026-05-3175,PAID,2026-05-24,2026-05,warehouse consumables 2026-05,JE-HAP-2026-05-3175
HAP-2026-05-3176,VEND-139,Nimbus Systems,NIM-2026-05-3176,2026-05-06,2026-06-05,60.22,USD,HPO-2026-05-3176,PAID,2026-05-24,2026-05,security monitoring hosts 2026-05,JE-HAP-2026-05-3176
HAP-2026-05-3177,VEND-143,Alder Partners,ALD-2026-05-3177,2026-05-06,2026-06-05,105.33,USD,HPO-2026-05-3177,PAID,2026-05-24,2026-05,usage overage block 2026-05,JE-HAP-2026-05-3177
HAP-2026-05-3178,VEND-147,Northwood Studio,NOR-2026-05-3178,2026-05-06,2026-06-05,16200.44,USD,HPO-2026-05-3178,PAID,2026-05-24,2026-05,premium support 2026-05,JE-HAP-2026-05-3178
HAP-2026-05-3179,VEND-151,Beacon Supply,BEA-2026-05-3179,2026-05-06,2026-06-05,424.05,USD,HPO-2026-05-3179,PAID,2026-05-24,2026-05,warehouse consumables 2026-05,JE-HAP-2026-05-3179
HAP-2026-05-3180,VEND-155,Nimbus Components,NIM-2026-05-3180,2026-05-06,2026-06-05,24.66,USD,HPO-2026-05-3180,PAID,2026-05-24,2026-05,security monitoring hosts 2026-05,JE-HAP-2026-05-3180
HAP-2026-05-3181,VEND-159,Alder Systems,ALD-2026-05-3181,2026-05-06,2026-06-05,60.77,USD,HPO-2026-05-3181,PAID,2026-05-24,2026-05,usage overage block 2026-05,JE-HAP-2026-05-3181
HAP-2026-05-3182,VEND-163,Northwood Partners,NOR-2026-05-3182,2026-05-06,2026-06-05,10800.88,USD,HPO-2026-05-3182,PAID,2026-05-24,2026-05,premium support 2026-05,JE-HAP-2026-05-3182
HAP-2026-05-3183,VEND-167,Beacon Studio,BEA-2026-05-3183,2026-05-06,2026-06-05,308.99,USD,HPO-2026-05-3183,PAID,2026-05-24,2026-05,warehouse consumables 2026-05,JE-HAP-2026-05-3183
HAP-2026-05-3184,VEND-171,Nimbus Supply,NIM-2026-05-3184,2026-05-06,2026-06-05,121.1,USD,HPO-2026-05-3184,PAID,2026-05-24,2026-05,security monitoring hosts 2026-05,JE-HAP-2026-05-3184
HAP-2026-05-3185,VEND-175,Alder Components,ALD-2026-05-3185,2026-05-06,2026-06-05,16.21,USD,HPO-2026-05-3185,PAID,2026-05-24,2026-05,usage overage block 2026-05,JE-HAP-2026-05-3185
HAP-2026-05-3186,VEND-179,Northwood Systems,NOR-2026-05-3186,2026-05-06,2026-06-05,5401.32,USD,HPO-2026-05-3186,PAID,2026-05-24,2026-05,premium support 2026-05,JE-HAP-2026-05-3186
HAP-2026-05-3187,VEND-183,Beacon Partners,BEA-2026-05-3187,2026-05-06,2026-06-05,193.93,USD,HPO-2026-05-3187,PAID,2026-05-24,2026-05,warehouse consumables 2026-05,JE-HAP-2026-05-3187
HAP-2026-05-3188,VEND-187,Nimbus Studio,NIM-2026-05-3188,2026-05-06,2026-06-05,85.54,USD,HPO-2026-05-3188,PAID,2026-05-24,2026-05,security monitoring hosts 2026-05,JE-HAP-2026-05-3188
HAP-2026-05-3189,VEND-191,Alder Supply,ALD-2026-05-3189,2026-05-06,2026-06-05,136.65,USD,HPO-2026-05-3189,PAID,2026-05-24,2026-05,usage overage block 2026-05,JE-HAP-2026-05-3189
HAP-2026-05-3190,VEND-195,Northwood Components,NOR-2026-05-3190,2026-05-06,2026-06-05,19801.76,USD,HPO-2026-05-3190,PAID,2026-05-24,2026-05,premium support 2026-05,JE-HAP-2026-05-3190
HAP-2026-05-3191,VEND-177,Ginkgo Studio,GIN-2026-05-3191,2026-05-07,2026-06-06,25.87,USD,HPO-2026-05-3191,PAID,2026-05-25,2026-05,security monitoring hosts 2026-05,JE-HAP-2026-05-3191
HAP-2026-05-3192,VEND-181,Teak Supply,TEA-2026-05-3192,2026-05-07,2026-06-06,61.98,USD,HPO-2026-05-3192,PAID,2026-05-25,2026-05,usage overage block 2026-05,JE-HAP-2026-05-3192
HAP-2026-05-3193,VEND-185,Harbor Components,HAR-2026-05-3193,2026-05-07,2026-06-06,10802.09,USD,HPO-2026-05-3193,PAID,2026-05-25,2026-05,premium support 2026-05,JE-HAP-2026-05-3193
HAP-2026-05-3194,VEND-189,Timber Systems,TIM-2026-05-3194,2026-05-07,2026-06-06,310.2,USD,HPO-2026-05-3194,PAID,2026-05-25,2026-05,warehouse consumables 2026-05,JE-HAP-2026-05-3194
HAP-2026-05-3195,VEND-193,Ginkgo Partners,GIN-2026-05-3195,2026-05-07,2026-06-06,122.31,USD,HPO-2026-05-3195,PAID,2026-05-25,2026-05,security monitoring hosts 2026-05,JE-HAP-2026-05-3195
HAP-2026-05-3196,VEND-197,Teak Studio,TEA-2026-05-3196,2026-05-07,2026-06-06,17.42,USD,HPO-2026-05-3196,PAID,2026-05-25,2026-05,usage overage block 2026-05,JE-HAP-2026-05-3196
HAP-2026-05-3197,VEND-201,Harbor Supply,HAR-2026-05-3197,2026-05-07,2026-06-06,5400.0,USD,HPO-2026-05-3197,PAID,2026-05-25,2026-05,premium support 2026-05,JE-HAP-2026-05-3197
HAP-2026-05-3198,VEND-205,Timber Components,TIM-2026-05-3198,2026-05-07,2026-06-06,192.61,USD,HPO-2026-05-3198,PAID,2026-05-25,2026-05,warehouse consumables 2026-05,JE-HAP-2026-05-3198
HAP-2026-05-3199,VEND-209,Ginkgo Systems,GIN-2026-05-3199,2026-05-07,2026-06-06,84.22,USD,HPO-2026-05-3199,PAID,2026-05-25,2026-05,security monitoring hosts 2026-05,JE-HAP-2026-05-3199
HAP-2026-05-3200,VEND-213,Teak Partners,TEA-2026-05-3200,2026-05-07,2026-06-06,135.33,USD,HPO-2026-05-3200,PAID,2026-05-25,2026-05,usage overage block 2026-05,JE-HAP-2026-05-3200
HAP-2026-05-3201,VEND-217,Harbor Studio,HAR-2026-05-3201,2026-05-07,2026-06-06,19800.44,USD,HPO-2026-05-3201,PAID,2026-05-25,2026-05,premium support 2026-05,JE-HAP-2026-05-3201
HAP-2026-05-3202,VEND-221,Timber Supply,TIM-2026-05-3202,2026-05-07,2026-06-06,77.55,USD,HPO-2026-05-3202,PAID,2026-05-25,2026-05,warehouse consumables 2026-05,JE-HAP-2026-05-3202
HAP-2026-05-3203,VEND-225,Ginkgo Components,GIN-2026-05-3203,2026-05-07,2026-06-06,48.66,USD,HPO-2026-05-3203,PAID,2026-05-25,2026-05,security monitoring hosts 2026-05,JE-HAP-2026-05-3203
HAP-2026-05-3204,VEND-229,Teak Systems,TEA-2026-05-3204,2026-05-07,2026-06-06,90.77,USD,HPO-2026-05-3204,PAID,2026-05-25,2026-05,usage overage block 2026-05,JE-HAP-2026-05-3204
HAP-2026-05-3205,VEND-233,Harbor Partners,HAR-2026-05-3205,2026-05-07,2026-06-06,14400.88,USD,HPO-2026-05-3205,PAID,2026-05-25,2026-05,premium support 2026-05,JE-HAP-2026-05-3205
HAP-2026-05-3206,VEND-237,Timber Studio,TIM-2026-05-3206,2026-05-07,2026-06-06,385.99,USD,HPO-2026-05-3206,PAID,2026-05-25,2026-05,warehouse consumables 2026-05,JE-HAP-2026-05-3206
HAP-2026-05-3207,VEND-241,Ginkgo Supply,GIN-2026-05-3207,2026-05-07,2026-06-06,13.1,USD,HPO-2026-05-3207,PAID,2026-05-25,2026-05,security monitoring hosts 2026-05,JE-HAP-2026-05-3207
HAP-2026-05-3208,VEND-245,Teak Components,TEA-2026-05-3208,2026-05-07,2026-06-06,46.21,USD,HPO-2026-05-3208,PAID,2026-05-25,2026-05,usage overage block 2026-05,JE-HAP-2026-05-3208
HAP-2026-05-3209,VEND-249,Harbor Systems,HAR-2026-05-3209,2026-05-07,2026-06-06,9001.32,USD,HPO-2026-05-3209,PAID,2026-05-25,2026-05,premium support 2026-05,JE-HAP-2026-05-3209
HAP-2026-05-3210,VEND-253,Timber Partners,TIM-2026-05-3210,2026-05-07,2026-06-06,270.93,USD,HPO-2026-05-3210,PAID,2026-05-25,2026-05,warehouse consumables 2026-05,JE-HAP-2026-05-3210
HAP-2026-05-3211,VEND-257,Ginkgo Studio,GIN-2026-05-3211,2026-05-07,2026-06-06,109.54,USD,HPO-2026-05-3211,PAID,2026-05-25,2026-05,security monitoring hosts 2026-05,JE-HAP-2026-05-3211
HAP-2026-05-3212,VEND-261,Teak Supply,TEA-2026-05-3212,2026-05-07,2026-06-06,166.65,USD,HPO-2026-05-3212,PAID,2026-05-25,2026-05,usage overage block 2026-05,JE-HAP-2026-05-3212
HAP-2026-05-3213,VEND-243,Northwood Partners,NOR-2026-05-3213,2026-05-08,2026-06-07,78.76,USD,HPO-2026-05-3213,PAID,2026-05-26,2026-05,warehouse consumables 2026-05,JE-HAP-2026-05-3213
HAP-2026-05-3214,VEND-247,Beacon Studio,BEA-2026-05-3214,2026-05-08,2026-06-07,49.87,USD,HPO-2026-05-3214,PAID,2026-05-26,2026-05,security monitoring hosts 2026-05,JE-HAP-2026-05-3214
HAP-2026-05-3215,VEND-251,Nimbus Supply,NIM-2026-05-3215,2026-05-08,2026-06-07,91.98,USD,HPO-2026-05-3215,PAID,2026-05-26,2026-05,usage overage block 2026-05,JE-HAP-2026-05-3215
HAP-2026-05-3216,VEND-255,Alder Components,ALD-2026-05-3216,2026-05-08,2026-06-07,14402.09,USD,HPO-2026-05-3216,PAID,2026-05-26,2026-05,premium support 2026-05,JE-HAP-2026-05-3216
HAP-2026-05-3217,VEND-259,Northwood Systems,NOR-2026-05-3217,2026-05-08,2026-06-07,387.2,USD,HPO-2026-05-3217,PAID,2026-05-26,2026-05,warehouse consumables 2026-05,JE-HAP-2026-05-3217
HAP-2026-05-3218,VEND-263,Beacon Partners,BEA-2026-05-3218,2026-05-08,2026-06-07,14.31,USD,HPO-2026-05-3218,PAID,2026-05-26,2026-05,security monitoring hosts 2026-05,JE-HAP-2026-05-3218
HAP-2026-05-3219,VEND-267,Nimbus Studio,NIM-2026-05-3219,2026-05-08,2026-06-07,47.42,USD,HPO-2026-05-3219,PAID,2026-05-26,2026-05,usage overage block 2026-05,JE-HAP-2026-05-3219
HAP-2026-05-3220,VEND-271,Alder Supply,ALD-2026-05-3220,2026-05-08,2026-06-07,9000.0,USD,HPO-2026-05-3220,PAID,2026-05-26,2026-05,premium support 2026-05,JE-HAP-2026-05-3220
HAP-2026-05-3221,VEND-275,Northwood Components,NOR-2026-05-3221,2026-05-08,2026-06-07,269.61,USD,HPO-2026-05-3221,PAID,2026-05-26,2026-05,warehouse consumables 2026-05,JE-HAP-2026-05-3221
HAP-2026-05-3222,VEND-279,Beacon Systems,BEA-2026-05-3222,2026-05-08,2026-06-07,108.22,USD,HPO-2026-05-3222,PAID,2026-05-26,2026-05,security monitoring hosts 2026-05,JE-HAP-2026-05-3222
HAP-2026-05-3223,VEND-283,Nimbus Partners,NIM-2026-05-3223,2026-05-08,2026-06-07,165.33,USD,HPO-2026-05-3223,PAID,2026-05-26,2026-05,usage overage block 2026-05,JE-HAP-2026-05-3223
HAP-2026-05-3224,VEND-287,Alder Studio,ALD-2026-05-3224,2026-05-08,2026-06-07,3600.44,USD,HPO-2026-05-3224,PAID,2026-05-26,2026-05,premium support 2026-05,JE-HAP-2026-05-3224
HAP-2026-05-3225,VEND-291,Northwood Supply,NOR-2026-05-3225,2026-05-08,2026-06-07,154.55,USD,HPO-2026-05-3225,PAID,2026-05-26,2026-05,warehouse consumables 2026-05,JE-HAP-2026-05-3225
HAP-2026-05-3226,VEND-295,Beacon Components,BEA-2026-05-3226,2026-05-08,2026-06-07,72.66,USD,HPO-2026-05-3226,PAID,2026-05-26,2026-05,security monitoring hosts 2026-05,JE-HAP-2026-05-3226
HAP-2026-05-3227,VEND-299,Nimbus Systems,NIM-2026-05-3227,2026-05-08,2026-06-07,120.77,USD,HPO-2026-05-3227,PAID,2026-05-26,2026-05,usage overage block 2026-05,JE-HAP-2026-05-3227
HAP-2026-05-3228,VEND-303,Alder Partners,ALD-2026-05-3228,2026-05-08,2026-06-07,18000.88,USD,HPO-2026-05-3228,PAID,2026-05-26,2026-05,premium support 2026-05,JE-HAP-2026-05-3228
HAP-2026-05-3229,VEND-307,Northwood Studio,NOR-2026-05-3229,2026-05-08,2026-06-07,39.49,USD,HPO-2026-05-3229,PAID,2026-05-26,2026-05,warehouse consumables 2026-05,JE-HAP-2026-05-3229
HAP-2026-05-3230,VEND-311,Beacon Supply,BEA-2026-05-3230,2026-05-08,2026-06-07,37.1,USD,HPO-2026-05-3230,PAID,2026-05-26,2026-05,security monitoring hosts 2026-05,JE-HAP-2026-05-3230
HAP-2026-05-3231,VEND-315,Nimbus Components,NIM-2026-05-3231,2026-05-08,2026-06-07,76.21,USD,HPO-2026-05-3231,PAID,2026-05-26,2026-05,usage overage block 2026-05,JE-HAP-2026-05-3231
HAP-2026-05-3232,VEND-319,Alder Systems,ALD-2026-05-3232,2026-05-08,2026-06-07,12601.32,USD,HPO-2026-05-3232,PAID,2026-05-26,2026-05,premium support 2026-05,JE-HAP-2026-05-3232
HAP-2026-05-3233,VEND-323,Northwood Partners,NOR-2026-05-3233,2026-05-08,2026-06-07,347.93,USD,HPO-2026-05-3233,PAID,2026-05-26,2026-05,warehouse consumables 2026-05,JE-HAP-2026-05-3233
HAP-2026-05-3234,VEND-002,Amazon Web Services,AMA-2026-05-3234,2026-05-08,2026-06-07,133.54,USD,HPO-2026-05-3234,PAID,2026-05-26,2026-05,security monitoring hosts 2026-05,JE-HAP-2026-05-3234
HAP-2026-05-3235,VEND-309,Teak Systems,TEA-2026-05-3235,2026-05-09,2026-06-08,3601.65,USD,HPO-2026-05-3235,PAID,2026-05-27,2026-05,premium support 2026-05,JE-HAP-2026-05-3235
HAP-2026-05-3236,VEND-313,Harbor Partners,HAR-2026-05-3236,2026-05-09,2026-06-08,155.76,USD,HPO-2026-05-3236,PAID,2026-05-27,2026-05,warehouse consumables 2026-05,JE-HAP-2026-05-3236
HAP-2026-05-3237,VEND-317,Timber Studio,TIM-2026-05-3237,2026-05-09,2026-06-08,73.87,USD,HPO-2026-05-3237,PAID,2026-05-27,2026-05,security monitoring hosts 2026-05,JE-HAP-2026-05-3237
HAP-2026-05-3238,VEND-321,Ginkgo Supply,GIN-2026-05-3238,2026-05-09,2026-06-08,121.98,USD,HPO-2026-05-3238,PAID,2026-05-27,2026-05,usage overage block 2026-05,JE-HAP-2026-05-3238
HAP-2026-05-3239,VEND-001-DUP,Acme Supplies LLC,ACM-2026-05-3239,2026-05-09,2026-06-08,18002.09,USD,HPO-2026-05-3239,PAID,2026-05-27,2026-05,premium support 2026-05,JE-HAP-2026-05-3239
HAP-2026-05-3240,VEND-004,Office Depot,OFF-2026-05-3240,2026-05-09,2026-06-08,40.7,USD,HPO-2026-05-3240,PAID,2026-05-27,2026-05,warehouse consumables 2026-05,JE-HAP-2026-05-3240
HAP-2026-05-3241,VEND-008,Figma,FIG-2026-05-3241,2026-05-09,2026-06-08,38.31,USD,HPO-2026-05-3241,PAID,2026-05-27,2026-05,security monitoring hosts 2026-05,JE-HAP-2026-05-3241
HAP-2026-05-3242,VEND-013,Cambridge Properties,CAM-2026-05-3242,2026-05-09,2026-06-08,77.42,USD,HPO-2026-05-3242,PAID,2026-05-27,2026-05,usage overage block 2026-05,JE-HAP-2026-05-3242
HAP-2026-05-3243,VEND-017,GitHub,GIT-2026-05-3243,2026-05-09,2026-06-08,12600.0,USD,HPO-2026-05-3243,PAID,2026-05-27,2026-05,premium support 2026-05,JE-HAP-2026-05-3243
HAP-2026-05-3244,VEND-021,Misc Supplies,MIS-2026-05-3244,2026-05-09,2026-06-08,346.61,USD,HPO-2026-05-3244,PAID,2026-05-27,2026-05,warehouse consumables 2026-05,JE-HAP-2026-05-3244
HAP-2026-05-3245,VEND-025,Okta,OKT-2026-05-3245,2026-05-09,2026-06-08,132.22,USD,HPO-2026-05-3245,PAID,2026-05-27,2026-05,security monitoring hosts 2026-05,JE-HAP-2026-05-3245
HAP-2026-05-3246,VEND-029,Cloudflare,CLO-2026-05-3246,2026-05-09,2026-06-08,30.33,USD,HPO-2026-05-3246,PAID,2026-05-27,2026-05,usage overage block 2026-05,JE-HAP-2026-05-3246
HAP-2026-05-3247,VEND-033,Staples Business Advantage,STA-2026-05-3247,2026-05-09,2026-06-08,7200.44,USD,HPO-2026-05-3247,PAID,2026-05-27,2026-05,premium support 2026-05,JE-HAP-2026-05-3247
HAP-2026-05-3248,VEND-037,Comcast Business,COM-2026-05-3248,2026-05-09,2026-06-08,231.55,USD,HPO-2026-05-3248,PAID,2026-05-27,2026-05,warehouse consumables 2026-05,JE-HAP-2026-05-3248
HAP-2026-05-3249,VEND-041,HubSpot,HUB-2026-05-3249,2026-05-09,2026-06-08,96.66,USD,HPO-2026-05-3249,PAID,2026-05-27,2026-05,security monitoring hosts 2026-05,JE-HAP-2026-05-3249
HAP-2026-05-3250,VEND-045,Palo Alto Networks,PAL-2026-05-3250,2026-05-09,2026-06-08,150.77,USD,HPO-2026-05-3250,PAID,2026-05-27,2026-05,usage overage block 2026-05,JE-HAP-2026-05-3250
HAP-2026-05-3251,VEND-049,Vanta,VAN-2026-05-3251,2026-05-09,2026-06-08,1800.88,USD,HPO-2026-05-3251,PAID,2026-05-27,2026-05,premium support 2026-05,JE-HAP-2026-05-3251
HAP-2026-05-3252,VEND-053,Teak Partners,TEA-2026-05-3252,2026-05-09,2026-06-08,116.49,USD,HPO-2026-05-3252,PAID,2026-05-27,2026-05,warehouse consumables 2026-05,JE-HAP-2026-05-3252
HAP-2026-05-3253,VEND-057,Harbor Studio,HAR-2026-05-3253,2026-05-09,2026-06-08,61.1,USD,HPO-2026-05-3253,PAID,2026-05-27,2026-05,security monitoring hosts 2026-05,JE-HAP-2026-05-3253
HAP-2026-05-3254,VEND-061,Timber Supply,TIM-2026-05-3254,2026-05-09,2026-06-08,106.21,USD,HPO-2026-05-3254,PAID,2026-05-27,2026-05,usage overage block 2026-05,JE-HAP-2026-05-3254
HAP-2026-05-3255,VEND-065,Ginkgo Components,GIN-2026-05-3255,2026-05-09,2026-06-08,16201.32,USD,HPO-2026-05-3255,PAID,2026-05-27,2026-05,premium support 2026-05,JE-HAP-2026-05-3255
HAP-2026-05-3256,VEND-069,Teak Systems,TEA-2026-05-3256,2026-05-09,2026-06-08,424.93,USD,HPO-2026-05-3256,PAID,2026-05-27,2026-05,warehouse consumables 2026-05,JE-HAP-2026-05-3256
HAP-2026-05-3257,VEND-051,Northwood Supply,NOR-2026-05-3257,2026-05-10,2026-06-09,31.54,USD,HPO-2026-05-3257,PAID,2026-05-28,2026-05,usage overage block 2026-05,JE-HAP-2026-05-3257
HAP-2026-05-3258,VEND-055,Beacon Components,BEA-2026-05-3258,2026-05-10,2026-06-09,7201.65,USD,HPO-2026-05-3258,PAID,2026-05-28,2026-05,premium support 2026-05,JE-HAP-2026-05-3258
HAP-2026-05-3259,VEND-059,Nimbus Systems,NIM-2026-05-3259,2026-05-10,2026-06-09,232.76,USD,HPO-2026-05-3259,PAID,2026-05-28,2026-05,warehouse consumables 2026-05,JE-HAP-2026-05-3259
HAP-2026-05-3260,VEND-063,Alder Partners,ALD-2026-05-3260,2026-05-10,2026-06-09,97.87,USD,HPO-2026-05-3260,PAID,2026-05-28,2026-05,security monitoring hosts 2026-05,JE-HAP-2026-05-3260
HAP-2026-05-3261,VEND-067,Northwood Studio,NOR-2026-05-3261,2026-05-10,2026-06-09,151.98,USD,HPO-2026-05-3261,PAID,2026-05-28,2026-05,usage overage block 2026-05,JE-HAP-2026-05-3261
HAP-2026-05-3262,VEND-071,Beacon Supply,BEA-2026-05-3262,2026-05-10,2026-06-09,1802.09,USD,HPO-2026-05-3262,PAID,2026-05-28,2026-05,premium support 2026-05,JE-HAP-2026-05-3262
HAP-2026-05-3263,VEND-075,Nimbus Components,NIM-2026-05-3263,2026-05-10,2026-06-09,117.7,USD,HPO-2026-05-3263,PAID,2026-05-28,2026-05,warehouse consumables 2026-05,JE-HAP-2026-05-3263
HAP-2026-05-3264,VEND-079,Alder Systems,ALD-2026-05-3264,2026-05-10,2026-06-09,62.31,USD,HPO-2026-05-3264,PAID,2026-05-28,2026-05,security monitoring hosts 2026-05,JE-HAP-2026-05-3264
HAP-2026-05-3265,VEND-083,Northwood Partners,NOR-2026-05-3265,2026-05-10,2026-06-09,107.42,USD,HPO-2026-05-3265,PAID,2026-05-28,2026-05,usage overage block 2026-05,JE-HAP-2026-05-3265
HAP-2026-05-3266,VEND-087,Beacon Studio,BEA-2026-05-3266,2026-05-10,2026-06-09,16200.0,USD,HPO-2026-05-3266,PAID,2026-05-28,2026-05,premium support 2026-05,JE-HAP-2026-05-3266
HAP-2026-05-3267,VEND-091,Nimbus Supply,NIM-2026-05-3267,2026-05-10,2026-06-09,423.61,USD,HPO-2026-05-3267,PAID,2026-05-28,2026-05,warehouse consumables 2026-05,JE-HAP-2026-05-3267
HAP-2026-05-3268,VEND-095,Alder Components,ALD-2026-05-3268,2026-05-10,2026-06-09,24.22,USD,HPO-2026-05-3268,PAID,2026-05-28,2026-05,security monitoring hosts 2026-05,JE-HAP-2026-05-3268
HAP-2026-05-3269,VEND-099,Northwood Systems,NOR-2026-05-3269,2026-05-10,2026-06-09,60.33,USD,HPO-2026-05-3269,PAID,2026-05-28,2026-05,usage overage block 2026-05,JE-HAP-2026-05-3269
HAP-2026-05-3270,VEND-103,Beacon Partners,BEA-2026-05-3270,2026-05-10,2026-06-09,10800.44,USD,HPO-2026-05-3270,PAID,2026-05-28,2026-05,premium support 2026-05,JE-HAP-2026-05-3270
HAP-2026-05-3271,VEND-107,Nimbus Studio,NIM-2026-05-3271,2026-05-10,2026-06-09,308.55,USD,HPO-2026-05-3271,PAID,2026-05-28,2026-05,warehouse consumables 2026-05,JE-HAP-2026-05-3271
HAP-2026-05-3272,VEND-111,Alder Supply,ALD-2026-05-3272,2026-05-10,2026-06-09,120.66,USD,HPO-2026-05-3272,PAID,2026-05-28,2026-05,security monitoring hosts 2026-05,JE-HAP-2026-05-3272
HAP-2026-05-3273,VEND-115,Northwood Components,NOR-2026-05-3273,2026-05-10,2026-06-09,15.77,USD,HPO-2026-05-3273,PAID,2026-05-28,2026-05,usage overage block 2026-05,JE-HAP-2026-05-3273
HAP-2026-05-3274,VEND-119,Beacon Systems,BEA-2026-05-3274,2026-05-10,2026-06-09,5400.88,USD,HPO-2026-05-3274,PAID,2026-05-28,2026-05,premium support 2026-05,JE-HAP-2026-05-3274
HAP-2026-05-3275,VEND-123,Nimbus Partners,NIM-2026-05-3275,2026-05-10,2026-06-09,193.49,USD,HPO-2026-05-3275,PAID,2026-05-28,2026-05,warehouse consumables 2026-05,JE-HAP-2026-05-3275
HAP-2026-05-3276,VEND-127,Alder Studio,ALD-2026-05-3276,2026-05-10,2026-06-09,85.1,USD,HPO-2026-05-3276,PAID,2026-05-28,2026-05,security monitoring hosts 2026-05,JE-HAP-2026-05-3276
HAP-2026-05-3277,VEND-131,Northwood Supply,NOR-2026-05-3277,2026-05-10,2026-06-09,136.21,USD,HPO-2026-05-3277,PAID,2026-05-28,2026-05,usage overage block 2026-05,JE-HAP-2026-05-3277
HAP-2026-05-3278,VEND-135,Beacon Components,BEA-2026-05-3278,2026-05-10,2026-06-09,19801.32,USD,HPO-2026-05-3278,PAID,2026-05-28,2026-05,premium support 2026-05,JE-HAP-2026-05-3278
HAP-2026-05-3279,VEND-117,Teak Studio,TEA-2026-05-3279,2026-05-11,2026-06-10,25.43,USD,HPO-2026-05-3279,PAID,2026-05-29,2026-05,security monitoring hosts 2026-05,JE-HAP-2026-05-3279
HAP-2026-05-3280,VEND-121,Harbor Supply,HAR-2026-05-3280,2026-05-11,2026-06-10,61.54,USD,HPO-2026-05-3280,PAID,2026-05-29,2026-05,usage overage block 2026-05,JE-HAP-2026-05-3280
HAP-2026-05-3281,VEND-125,Timber Components,TIM-2026-05-3281,2026-05-11,2026-06-10,10801.65,USD,HPO-2026-05-3281,PAID,2026-05-29,2026-05,premium support 2026-05,JE-HAP-2026-05-3281
HAP-2026-05-3282,VEND-129,Ginkgo Systems,GIN-2026-05-3282,2026-05-11,2026-06-10,309.76,USD,HPO-2026-05-3282,PAID,2026-05-29,2026-05,warehouse consumables 2026-05,JE-HAP-2026-05-3282
HAP-2026-05-3283,VEND-133,Teak Partners,TEA-2026-05-3283,2026-05-11,2026-06-10,121.87,USD,HPO-2026-05-3283,PAID,2026-05-29,2026-05,security monitoring hosts 2026-05,JE-HAP-2026-05-3283
HAP-2026-05-3284,VEND-137,Harbor Studio,HAR-2026-05-3284,2026-05-11,2026-06-10,16.98,USD,HPO-2026-05-3284,PAID,2026-05-29,2026-05,usage overage block 2026-05,JE-HAP-2026-05-3284
HAP-2026-05-3285,VEND-141,Timber Supply,TIM-2026-05-3285,2026-05-11,2026-06-10,5402.09,USD,HPO-2026-05-3285,PAID,2026-05-29,2026-05,premium support 2026-05,JE-HAP-2026-05-3285
HAP-2026-05-3286,VEND-145,Ginkgo Components,GIN-2026-05-3286,2026-05-11,2026-06-10,194.7,USD,HPO-2026-05-3286,PAID,2026-05-29,2026-05,warehouse consumables 2026-05,JE-HAP-2026-05-3286
HAP-2026-05-3287,VEND-149,Teak Systems,TEA-2026-05-3287,2026-05-11,2026-06-10,86.31,USD,HPO-2026-05-3287,PAID,2026-05-29,2026-05,security monitoring hosts 2026-05,JE-HAP-2026-05-3287
HAP-2026-05-3288,VEND-153,Harbor Partners,HAR-2026-05-3288,2026-05-11,2026-06-10,137.42,USD,HPO-2026-05-3288,PAID,2026-05-29,2026-05,usage overage block 2026-05,JE-HAP-2026-05-3288
HAP-2026-05-3289,VEND-157,Timber Studio,TIM-2026-05-3289,2026-05-11,2026-06-10,19800.0,USD,HPO-2026-05-3289,PAID,2026-05-29,2026-05,premium support 2026-05,JE-HAP-2026-05-3289
HAP-2026-05-3290,VEND-161,Ginkgo Supply,GIN-2026-05-3290,2026-05-11,2026-06-10,77.11,USD,HPO-2026-05-3290,PAID,2026-05-29,2026-05,warehouse consumables 2026-05,JE-HAP-2026-05-3290
HAP-2026-05-3291,VEND-165,Teak Components,TEA-2026-05-3291,2026-05-11,2026-06-10,48.22,USD,HPO-2026-05-3291,PAID,2026-05-29,2026-05,security monitoring hosts 2026-05,JE-HAP-2026-05-3291
HAP-2026-05-3292,VEND-169,Harbor Systems,HAR-2026-05-3292,2026-05-11,2026-06-10,90.33,USD,HPO-2026-05-3292,PAID,2026-05-29,2026-05,usage overage block 2026-05,JE-HAP-2026-05-3292
HAP-2026-05-3293,VEND-173,Timber Partners,TIM-2026-05-3293,2026-05-11,2026-06-10,14400.44,USD,HPO-2026-05-3293,PAID,2026-05-29,2026-05,premium support 2026-05,JE-HAP-2026-05-3293
HAP-2026-05-3294,VEND-177,Ginkgo Studio,GIN-2026-05-3294,2026-05-11,2026-06-10,385.55,USD,HPO-2026-05-3294,PAID,2026-05-29,2026-05,warehouse consumables 2026-05,JE-HAP-2026-05-3294
HAP-2026-05-3295,VEND-181,Teak Supply,TEA-2026-05-3295,2026-05-11,2026-06-10,12.66,USD,HPO-2026-05-3295,PAID,2026-05-29,2026-05,security monitoring hosts 2026-05,JE-HAP-2026-05-3295
HAP-2026-05-3296,VEND-185,Harbor Components,HAR-2026-05-3296,2026-05-11,2026-06-10,45.77,USD,HPO-2026-05-3296,PAID,2026-05-29,2026-05,usage overage block 2026-05,JE-HAP-2026-05-3296
HAP-2026-05-3297,VEND-189,Timber Systems,TIM-2026-05-3297,2026-05-11,2026-06-10,9000.88,USD,HPO-2026-05-3297,PAID,2026-05-29,2026-05,premium support 2026-05,JE-HAP-2026-05-3297
HAP-2026-05-3298,VEND-193,Ginkgo Partners,GIN-2026-05-3298,2026-05-11,2026-06-10,270.49,USD,HPO-2026-05-3298,PAID,2026-05-29,2026-05,warehouse consumables 2026-05,JE-HAP-2026-05-3298
HAP-2026-05-3299,VEND-197,Teak Studio,TEA-2026-05-3299,2026-05-11,2026-06-10,109.1,USD,HPO-2026-05-3299,PAID,2026-05-29,2026-05,security monitoring hosts 2026-05,JE-HAP-2026-05-3299
HAP-2026-05-3300,VEND-201,Harbor Supply,HAR-2026-05-3300,2026-05-11,2026-06-10,166.21,USD,HPO-2026-05-3300,PAID,2026-05-29,2026-05,usage overage block 2026-05,JE-HAP-2026-05-3300
HAP-2026-05-3301,VEND-183,Beacon Partners,BEA-2026-05-3301,2026-05-12,2026-06-11,78.32,USD,HPO-2026-05-3301,PAID,2026-05-30,2026-05,warehouse consumables 2026-05,JE-HAP-2026-05-3301
HAP-2026-05-3302,VEND-187,Nimbus Studio,NIM-2026-05-3302,2026-05-12,2026-06-11,49.43,USD,HPO-2026-05-3302,PAID,2026-05-30,2026-05,security monitoring hosts 2026-05,JE-HAP-2026-05-3302
HAP-2026-05-3303,VEND-191,Alder Supply,ALD-2026-05-3303,2026-05-12,2026-06-11,91.54,USD,HPO-2026-05-3303,PAID,2026-05-30,2026-05,usage overage block 2026-05,JE-HAP-2026-05-3303
HAP-2026-05-3304,VEND-195,Northwood Components,NOR-2026-05-3304,2026-05-12,2026-06-11,14401.65,USD,HPO-2026-05-3304,PAID,2026-05-30,2026-05,premium support 2026-05,JE-HAP-2026-05-3304
HAP-2026-05-3305,VEND-199,Beacon Systems,BEA-2026-05-3305,2026-05-12,2026-06-11,386.76,USD,HPO-2026-05-3305,PAID,2026-05-30,2026-05,warehouse consumables 2026-05,JE-HAP-2026-05-3305
HAP-2026-05-3306,VEND-203,Nimbus Partners,NIM-2026-05-3306,2026-05-12,2026-06-11,13.87,USD,HPO-2026-05-3306,PAID,2026-05-30,2026-05,security monitoring hosts 2026-05,JE-HAP-2026-05-3306
HAP-2026-05-3307,VEND-207,Alder Studio,ALD-2026-05-3307,2026-05-12,2026-06-11,46.98,USD,HPO-2026-05-3307,PAID,2026-05-30,2026-05,usage overage block 2026-05,JE-HAP-2026-05-3307
HAP-2026-05-3308,VEND-211,Northwood Supply,NOR-2026-05-3308,2026-05-12,2026-06-11,9002.09,USD,HPO-2026-05-3308,PAID,2026-05-30,2026-05,premium support 2026-05,JE-HAP-2026-05-3308
HAP-2026-05-3309,VEND-215,Beacon Components,BEA-2026-05-3309,2026-05-12,2026-06-11,271.7,USD,HPO-2026-05-3309,PAID,2026-05-30,2026-05,warehouse consumables 2026-05,JE-HAP-2026-05-3309
HAP-2026-05-3310,VEND-219,Nimbus Systems,NIM-2026-05-3310,2026-05-12,2026-06-11,110.31,USD,HPO-2026-05-3310,PAID,2026-05-30,2026-05,security monitoring hosts 2026-05,JE-HAP-2026-05-3310
HAP-2026-05-3311,VEND-223,Alder Partners,ALD-2026-05-3311,2026-05-12,2026-06-11,167.42,USD,HPO-2026-05-3311,PAID,2026-05-30,2026-05,usage overage block 2026-05,JE-HAP-2026-05-3311
HAP-2026-05-3312,VEND-227,Northwood Studio,NOR-2026-05-3312,2026-05-12,2026-06-11,3600.0,USD,HPO-2026-05-3312,PAID,2026-05-30,2026-05,premium support 2026-05,JE-HAP-2026-05-3312
HAP-2026-05-3313,VEND-231,Beacon Supply,BEA-2026-05-3313,2026-05-12,2026-06-11,154.11,USD,HPO-2026-05-3313,PAID,2026-05-30,2026-05,warehouse consumables 2026-05,JE-HAP-2026-05-3313
HAP-2026-05-3314,VEND-235,Nimbus Components,NIM-2026-05-3314,2026-05-12,2026-06-11,72.22,USD,HPO-2026-05-3314,PAID,2026-05-30,2026-05,security monitoring hosts 2026-05,JE-HAP-2026-05-3314
HAP-2026-05-3315,VEND-239,Alder Systems,ALD-2026-05-3315,2026-05-12,2026-06-11,120.33,USD,HPO-2026-05-3315,PAID,2026-05-30,2026-05,usage overage block 2026-05,JE-HAP-2026-05-3315
HAP-2026-05-3316,VEND-243,Northwood Partners,NOR-2026-05-3316,2026-05-12,2026-06-11,18000.44,USD,HPO-2026-05-3316,PAID,2026-05-30,2026-05,premium support 2026-05,JE-HAP-2026-05-3316
HAP-2026-05-3317,VEND-247,Beacon Studio,BEA-2026-05-3317,2026-05-12,2026-06-11,39.05,USD,HPO-2026-05-3317,PAID,2026-05-30,2026-05,warehouse consumables 2026-05,JE-HAP-2026-05-3317
HAP-2026-05-3318,VEND-251,Nimbus Supply,NIM-2026-05-3318,2026-05-12,2026-06-11,36.66,USD,HPO-2026-05-3318,PAID,2026-05-30,2026-05,security monitoring hosts 2026-05,JE-HAP-2026-05-3318
HAP-2026-05-3319,VEND-255,Alder Components,ALD-2026-05-3319,2026-05-12,2026-06-11,75.77,USD,HPO-2026-05-3319,PAID,2026-05-30,2026-05,usage overage block 2026-05,JE-HAP-2026-05-3319
HAP-2026-05-3320,VEND-259,Northwood Systems,NOR-2026-05-3320,2026-05-12,2026-06-11,12600.88,USD,HPO-2026-05-3320,PAID,2026-05-30,2026-05,premium support 2026-05,JE-HAP-2026-05-3320
HAP-2026-05-3321,VEND-263,Beacon Partners,BEA-2026-05-3321,2026-05-12,2026-06-11,347.49,USD,HPO-2026-05-3321,PAID,2026-05-30,2026-05,warehouse consumables 2026-05,JE-HAP-2026-05-3321
HAP-2026-05-3322,VEND-267,Nimbus Studio,NIM-2026-05-3322,2026-05-12,2026-06-11,133.1,USD,HPO-2026-05-3322,PAID,2026-05-30,2026-05,security monitoring hosts 2026-05,JE-HAP-2026-05-3322
HAP-2026-05-3323,VEND-249,Harbor Systems,HAR-2026-05-3323,2026-05-13,2026-06-12,3601.21,USD,HPO-2026-05-3323,PAID,2026-05-31,2026-05,premium support 2026-05,JE-HAP-2026-05-3323
HAP-2026-05-3324,VEND-253,Timber Partners,TIM-2026-05-3324,2026-05-13,2026-06-12,155.32,USD,HPO-2026-05-3324,PAID,2026-05-31,2026-05,warehouse consumables 2026-05,JE-HAP-2026-05-3324
HAP-2026-05-3325,VEND-257,Ginkgo Studio,GIN-2026-05-3325,2026-05-13,2026-06-12,73.43,USD,HPO-2026-05-3325,PAID,2026-05-31,2026-05,security monitoring hosts 2026-05,JE-HAP-2026-05-3325
HAP-2026-05-3326,VEND-261,Teak Supply,TEA-2026-05-3326,2026-05-13,2026-06-12,121.54,USD,HPO-2026-05-3326,PAID,2026-05-31,2026-05,usage overage block 2026-05,JE-HAP-2026-05-3326
HAP-2026-05-3327,VEND-265,Harbor Components,HAR-2026-05-3327,2026-05-13,2026-06-12,18001.65,USD,HPO-2026-05-3327,PAID,2026-05-31,2026-05,premium support 2026-05,JE-HAP-2026-05-3327
HAP-2026-05-3328,VEND-269,Timber Systems,TIM-2026-05-3328,2026-05-13,2026-06-12,40.26,USD,HPO-2026-05-3328,PAID,2026-05-31,2026-05,warehouse consumables 2026-05,JE-HAP-2026-05-3328
HAP-2026-05-3329,VEND-273,Ginkgo Partners,GIN-2026-05-3329,2026-05-13,2026-06-12,37.87,USD,HPO-2026-05-3329,PAID,2026-05-31,2026-05,security monitoring hosts 2026-05,JE-HAP-2026-05-3329
HAP-2026-05-3330,VEND-277,Teak Studio,TEA-2026-05-3330,2026-05-13,2026-06-12,76.98,USD,HPO-2026-05-3330,PAID,2026-05-31,2026-05,usage overage block 2026-05,JE-HAP-2026-05-3330
HAP-2026-05-3331,VEND-281,Harbor Supply,HAR-2026-05-3331,2026-05-13,2026-06-12,12602.09,USD,HPO-2026-05-3331,PAID,2026-05-31,2026-05,premium support 2026-05,JE-HAP-2026-05-3331
HAP-2026-05-3332,VEND-285,Timber Components,TIM-2026-05-3332,2026-05-13,2026-06-12,348.7,USD,HPO-2026-05-3332,PAID,2026-05-31,2026-05,warehouse consumables 2026-05,JE-HAP-2026-05-3332
HAP-2026-05-3333,VEND-289,Ginkgo Systems,GIN-2026-05-3333,2026-05-13,2026-06-12,134.31,USD,HPO-2026-05-3333,PAID,2026-05-31,2026-05,security monitoring hosts 2026-05,JE-HAP-2026-05-3333
HAP-2026-05-3334,VEND-293,Teak Partners,TEA-2026-05-3334,2026-05-13,2026-06-12,32.42,USD,HPO-2026-05-3334,PAID,2026-05-31,2026-05,usage overage block 2026-05,JE-HAP-2026-05-3334
HAP-2026-05-3335,VEND-297,Harbor Studio,HAR-2026-05-3335,2026-05-13,2026-06-12,7200.0,USD,HPO-2026-05-3335,PAID,2026-05-31,2026-05,premium support 2026-05,JE-HAP-2026-05-3335
HAP-2026-05-3336,VEND-301,Timber Supply,TIM-2026-05-3336,2026-05-13,2026-06-12,231.11,USD,HPO-2026-05-3336,PAID,2026-05-31,2026-05,warehouse consumables 2026-05,JE-HAP-2026-05-3336
HAP-2026-05-3337,VEND-305,Ginkgo Components,GIN-2026-05-3337,2026-05-13,2026-06-12,96.22,USD,HPO-2026-05-3337,PAID,2026-05-31,2026-05,security monitoring hosts 2026-05,JE-HAP-2026-05-3337
HAP-2026-05-3338,VEND-309,Teak Systems,TEA-2026-05-3338,2026-05-13,2026-06-12,150.33,USD,HPO-2026-05-3338,PAID,2026-05-31,2026-05,usage overage block 2026-05,JE-HAP-2026-05-3338
HAP-2026-05-3339,VEND-313,Harbor Partners,HAR-2026-05-3339,2026-05-13,2026-06-12,1800.44,USD,HPO-2026-05-3339,PAID,2026-05-31,2026-05,premium support 2026-05,JE-HAP-2026-05-3339
HAP-2026-05-3340,VEND-317,Timber Studio,TIM-2026-05-3340,2026-05-13,2026-06-12,116.05,USD,HPO-2026-05-3340,PAID,2026-05-31,2026-05,warehouse consumables 2026-05,JE-HAP-2026-05-3340
HAP-2026-05-3341,VEND-321,Ginkgo Supply,GIN-2026-05-3341,2026-05-13,2026-06-12,60.66,USD,HPO-2026-05-3341,PAID,2026-05-31,2026-05,security monitoring hosts 2026-05,JE-HAP-2026-05-3341
HAP-2026-05-3342,VEND-001-DUP,Acme Supplies LLC,ACM-2026-05-3342,2026-05-13,2026-06-12,105.77,USD,HPO-2026-05-3342,PAID,2026-05-31,2026-05,usage overage block 2026-05,JE-HAP-2026-05-3342
HAP-2026-05-3343,VEND-004,Office Depot,OFF-2026-05-3343,2026-05-13,2026-06-12,16200.88,USD,HPO-2026-05-3343,PAID,2026-05-31,2026-05,premium support 2026-05,JE-HAP-2026-05-3343
HAP-2026-05-3344,VEND-008,Figma,FIG-2026-05-3344,2026-05-13,2026-06-12,424.49,USD,HPO-2026-05-3344,PAID,2026-05-31,2026-05,warehouse consumables 2026-05,JE-HAP-2026-05-3344
HAP-2026-05-3345,VEND-315,Nimbus Components,NIM-2026-05-3345,2026-05-14,2026-06-13,31.1,USD,HPO-2026-05-3345,PAID,2026-05-31,2026-05,usage overage block 2026-05,JE-HAP-2026-05-3345
HAP-2026-05-3346,VEND-319,Alder Systems,ALD-2026-05-3346,2026-05-14,2026-06-13,7201.21,USD,HPO-2026-05-3346,PAID,2026-05-31,2026-05,premium support 2026-05,JE-HAP-2026-05-3346
HAP-2026-05-3347,VEND-323,Northwood Partners,NOR-2026-05-3347,2026-05-14,2026-06-13,232.32,USD,HPO-2026-05-3347,PAID,2026-05-31,2026-05,warehouse consumables 2026-05,JE-HAP-2026-05-3347
HAP-2026-05-3348,VEND-002,Amazon Web Services,AMA-2026-05-3348,2026-05-14,2026-06-13,97.43,USD,HPO-2026-05-3348,PAID,2026-05-31,2026-05,security monitoring hosts 2026-05,JE-HAP-2026-05-3348
HAP-2026-05-3349,VEND-006,Datadog,DAT-2026-05-3349,2026-05-14,2026-06-13,151.54,USD,HPO-2026-05-3349,PAID,2026-05-31,2026-05,usage overage block 2026-05,JE-HAP-2026-05-3349
HAP-2026-05-3350,VEND-011,Hartford Insurance,HAR-2026-05-3350,2026-05-14,2026-06-13,1801.65,USD,HPO-2026-05-3350,PAID,2026-05-31,2026-05,premium support 2026-05,JE-HAP-2026-05-3350
HAP-2026-05-3351,VEND-015,Harbor Electric,HAR-2026-05-3351,2026-05-14,2026-06-13,117.26,USD,HPO-2026-05-3351,PAID,2026-05-31,2026-05,warehouse consumables 2026-05,JE-HAP-2026-05-3351
HAP-2026-05-3352,VEND-019,Freightline Logistics,FRE-2026-05-3352,2026-05-14,2026-06-13,61.87,USD,HPO-2026-05-3352,PAID,2026-05-31,2026-05,security monitoring hosts 2026-05,JE-HAP-2026-05-3352
HAP-2026-05-3353,VEND-023,Notion Labs,NOT-2026-05-3353,2026-05-14,2026-06-13,106.98,USD,HPO-2026-05-3353,PAID,2026-05-31,2026-05,usage overage block 2026-05,JE-HAP-2026-05-3353
HAP-2026-05-3354,VEND-027,Zoom Video,ZOO-2026-05-3354,2026-05-14,2026-06-13,16202.09,USD,HPO-2026-05-3354,PAID,2026-05-31,2026-05,premium support 2026-05,JE-HAP-2026-05-3354
HAP-2026-05-3355,VEND-031,Helios Hardware Supply,HEL-2026-05-3355,2026-05-14,2026-06-13,425.7,USD,HPO-2026-05-3355,PAID,2026-05-31,2026-05,warehouse consumables 2026-05,JE-HAP-2026-05-3355
HAP-2026-05-3356,VEND-035,ADP,ADP-2026-05-3356,2026-05-14,2026-06-13,26.31,USD,HPO-2026-05-3356,PAID,2026-05-31,2026-05,security monitoring hosts 2026-05,JE-HAP-2026-05-3356
HAP-2026-05-3357,VEND-039,CleanRoom Janitorial,CLE-2026-05-3357,2026-05-14,2026-06-13,62.42,USD,HPO-2026-05-3357,PAID,2026-05-31,2026-05,usage overage block 2026-05,JE-HAP-2026-05-3357
HAP-2026-05-3358,VEND-043,Adyen NV,ADY-2026-05-3358,2026-05-14,2026-06-13,10800.0,USD,HPO-2026-05-3358,PAID,2026-05-31,2026-05,premium support 2026-05,JE-HAP-2026-05-3358
HAP-2026-05-3359,VEND-047,Carta,CAR-2026-05-3359,2026-05-14,2026-06-13,308.11,USD,HPO-2026-05-3359,PAID,2026-05-31,2026-05,warehouse consumables 2026-05,JE-HAP-2026-05-3359
HAP-2026-05-3360,VEND-051,Northwood Supply,NOR-2026-05-3360,2026-05-14,2026-06-13,120.22,USD,HPO-2026-05-3360,PAID,2026-05-31,2026-05,security monitoring hosts 2026-05,JE-HAP-2026-05-3360
HAP-2026-05-3361,VEND-055,Beacon Components,BEA-2026-05-3361,2026-05-14,2026-06-13,15.33,USD,HPO-2026-05-3361,PAID,2026-05-31,2026-05,usage overage block 2026-05,JE-HAP-2026-05-3361
HAP-2026-05-3362,VEND-059,Nimbus Systems,NIM-2026-05-3362,2026-05-14,2026-06-13,5400.44,USD,HPO-2026-05-3362,PAID,2026-05-31,2026-05,premium support 2026-05,JE-HAP-2026-05-3362
HAP-2026-05-3363,VEND-063,Alder Partners,ALD-2026-05-3363,2026-05-14,2026-06-13,193.05,USD,HPO-2026-05-3363,PAID,2026-05-31,2026-05,warehouse consumables 2026-05,JE-HAP-2026-05-3363
HAP-2026-05-3364,VEND-067,Northwood Studio,NOR-2026-05-3364,2026-05-14,2026-06-13,84.66,USD,HPO-2026-05-3364,PAID,2026-05-31,2026-05,security monitoring hosts 2026-05,JE-HAP-2026-05-3364
HAP-2026-05-3365,VEND-071,Beacon Supply,BEA-2026-05-3365,2026-05-14,2026-06-13,135.77,USD,HPO-2026-05-3365,PAID,2026-05-31,2026-05,usage overage block 2026-05,JE-HAP-2026-05-3365
HAP-2026-05-3366,VEND-075,Nimbus Components,NIM-2026-05-3366,2026-05-14,2026-06-13,19800.88,USD,HPO-2026-05-3366,PAID,2026-05-31,2026-05,premium support 2026-05,JE-HAP-2026-05-3366
HAP-2026-05-3367,VEND-057,Harbor Studio,HAR-2026-05-3367,2026-05-15,2026-06-14,24.99,USD,HPO-2026-05-3367,PAID,2026-05-31,2026-05,security monitoring hosts 2026-05,JE-HAP-2026-05-3367
HAP-2026-05-3368,VEND-061,Timber Supply,TIM-2026-05-3368,2026-05-15,2026-06-14,61.1,USD,HPO-2026-05-3368,PAID,2026-05-31,2026-05,usage overage block 2026-05,JE-HAP-2026-05-3368
HAP-2026-05-3369,VEND-065,Ginkgo Components,GIN-2026-05-3369,2026-05-15,2026-06-14,10801.21,USD,HPO-2026-05-3369,PAID,2026-05-31,2026-05,premium support 2026-05,JE-HAP-2026-05-3369
HAP-2026-05-3370,VEND-069,Teak Systems,TEA-2026-05-3370,2026-05-15,2026-06-14,309.32,USD,HPO-2026-05-3370,PAID,2026-05-31,2026-05,warehouse consumables 2026-05,JE-HAP-2026-05-3370
HAP-2026-05-3371,VEND-073,Harbor Partners,HAR-2026-05-3371,2026-05-15,2026-06-14,121.43,USD,HPO-2026-05-3371,PAID,2026-05-31,2026-05,security monitoring hosts 2026-05,JE-HAP-2026-05-3371
HAP-2026-05-3372,VEND-077,Timber Studio,TIM-2026-05-3372,2026-05-15,2026-06-14,16.54,USD,HPO-2026-05-3372,PAID,2026-05-31,2026-05,usage overage block 2026-05,JE-HAP-2026-05-3372
HAP-2026-05-3373,VEND-081,Ginkgo Supply,GIN-2026-05-3373,2026-05-15,2026-06-14,5401.65,USD,HPO-2026-05-3373,PAID,2026-05-31,2026-05,premium support 2026-05,JE-HAP-2026-05-3373
HAP-2026-05-3374,VEND-085,Teak Components,TEA-2026-05-3374,2026-05-15,2026-06-14,194.26,USD,HPO-2026-05-3374,PAID,2026-05-31,2026-05,warehouse consumables 2026-05,JE-HAP-2026-05-3374
HAP-2026-05-3375,VEND-089,Harbor Systems,HAR-2026-05-3375,2026-05-15,2026-06-14,85.87,USD,HPO-2026-05-3375,PAID,2026-05-31,2026-05,security monitoring hosts 2026-05,JE-HAP-2026-05-3375
HAP-2026-05-3376,VEND-093,Timber Partners,TIM-2026-05-3376,2026-05-15,2026-06-14,136.98,USD,HPO-2026-05-3376,PAID,2026-05-31,2026-05,usage overage block 2026-05,JE-HAP-2026-05-3376
HAP-2026-05-3377,VEND-097,Ginkgo Studio,GIN-2026-05-3377,2026-05-15,2026-06-14,19802.09,USD,HPO-2026-05-3377,PAID,2026-05-31,2026-05,premium support 2026-05,JE-HAP-2026-05-3377
HAP-2026-05-3378,VEND-101,Teak Supply,TEA-2026-05-3378,2026-05-15,2026-06-14,79.2,USD,HPO-2026-05-3378,PAID,2026-05-31,2026-05,warehouse consumables 2026-05,JE-HAP-2026-05-3378
HAP-2026-05-3379,VEND-105,Harbor Components,HAR-2026-05-3379,2026-05-15,2026-06-14,50.31,USD,HPO-2026-05-3379,PAID,2026-05-31,2026-05,security monitoring hosts 2026-05,JE-HAP-2026-05-3379
HAP-2026-05-3380,VEND-109,Timber Systems,TIM-2026-05-3380,2026-05-15,2026-06-14,92.42,USD,HPO-2026-05-3380,PAID,2026-05-31,2026-05,usage overage block 2026-05,JE-HAP-2026-05-3380
HAP-2026-05-3381,VEND-113,Ginkgo Partners,GIN-2026-05-3381,2026-05-15,2026-06-14,14400.0,USD,HPO-2026-05-3381,PAID,2026-05-31,2026-05,premium support 2026-05,JE-HAP-2026-05-3381
HAP-2026-05-3382,VEND-117,Teak Studio,TEA-2026-05-3382,2026-05-15,2026-06-14,385.11,USD,HPO-2026-05-3382,PAID,2026-05-31,2026-05,warehouse consumables 2026-05,JE-HAP-2026-05-3382
HAP-2026-05-3383,VEND-121,Harbor Supply,HAR-2026-05-3383,2026-05-15,2026-06-14,12.22,USD,HPO-2026-05-3383,PAID,2026-05-31,2026-05,security monitoring hosts 2026-05,JE-HAP-2026-05-3383
HAP-2026-05-3384,VEND-125,Timber Components,TIM-2026-05-3384,2026-05-15,2026-06-14,45.33,USD,HPO-2026-05-3384,PAID,2026-05-31,2026-05,usage overage block 2026-05,JE-HAP-2026-05-3384
HAP-2026-05-3385,VEND-129,Ginkgo Systems,GIN-2026-05-3385,2026-05-15,2026-06-14,9000.44,USD,HPO-2026-05-3385,PAID,2026-05-31,2026-05,premium support 2026-05,JE-HAP-2026-05-3385
HAP-2026-05-3386,VEND-133,Teak Partners,TEA-2026-05-3386,2026-05-15,2026-06-14,270.05,USD,HPO-2026-05-3386,PAID,2026-05-31,2026-05,warehouse consumables 2026-05,JE-HAP-2026-05-3386
HAP-2026-05-3387,VEND-137,Harbor Studio,HAR-2026-05-3387,2026-05-15,2026-06-14,108.66,USD,HPO-2026-05-3387,PAID,2026-05-31,2026-05,security monitoring hosts 2026-05,JE-HAP-2026-05-3387
HAP-2026-05-3388,VEND-141,Timber Supply,TIM-2026-05-3388,2026-05-15,2026-06-14,165.77,USD,HPO-2026-05-3388,PAID,2026-05-31,2026-05,usage overage block 2026-05,JE-HAP-2026-05-3388
HAP-2026-05-3389,VEND-123,Nimbus Partners,NIM-2026-05-3389,2026-05-16,2026-06-15,77.88,USD,HPO-2026-05-3389,PAID,2026-05-31,2026-05,warehouse consumables 2026-05,JE-HAP-2026-05-3389
HAP-2026-05-3390,VEND-127,Alder Studio,ALD-2026-05-3390,2026-05-16,2026-06-15,48.99,USD,HPO-2026-05-3390,PAID,2026-05-31,2026-05,security monitoring hosts 2026-05,JE-HAP-2026-05-3390
HAP-2026-05-3391,VEND-131,Northwood Supply,NOR-2026-05-3391,2026-05-16,2026-06-15,91.1,USD,HPO-2026-05-3391,PAID,2026-05-31,2026-05,usage overage block 2026-05,JE-HAP-2026-05-3391
HAP-2026-05-3392,VEND-135,Beacon Components,BEA-2026-05-3392,2026-05-16,2026-06-15,14401.21,USD,HPO-2026-05-3392,PAID,2026-05-31,2026-05,premium support 2026-05,JE-HAP-2026-05-3392
HAP-2026-05-3393,VEND-139,Nimbus Systems,NIM-2026-05-3393,2026-05-16,2026-06-15,386.32,USD,HPO-2026-05-3393,PAID,2026-05-31,2026-05,warehouse consumables 2026-05,JE-HAP-2026-05-3393
HAP-2026-05-3394,VEND-143,Alder Partners,ALD-2026-05-3394,2026-05-16,2026-06-15,13.43,USD,HPO-2026-05-3394,PAID,2026-05-31,2026-05,security monitoring hosts 2026-05,JE-HAP-2026-05-3394
HAP-2026-05-3395,VEND-147,Northwood Studio,NOR-2026-05-3395,2026-05-16,2026-06-15,46.54,USD,HPO-2026-05-3395,PAID,2026-05-31,2026-05,usage overage block 2026-05,JE-HAP-2026-05-3395
HAP-2026-05-3396,VEND-151,Beacon Supply,BEA-2026-05-3396,2026-05-16,2026-06-15,9001.65,USD,HPO-2026-05-3396,PAID,2026-05-31,2026-05,premium support 2026-05,JE-HAP-2026-05-3396
HAP-2026-05-3397,VEND-155,Nimbus Components,NIM-2026-05-3397,2026-05-16,2026-06-15,271.26,USD,HPO-2026-05-3397,PAID,2026-05-31,2026-05,warehouse consumables 2026-05,JE-HAP-2026-05-3397
HAP-2026-05-3398,VEND-159,Alder Systems,ALD-2026-05-3398,2026-05-16,2026-06-15,109.87,USD,HPO-2026-05-3398,PAID,2026-05-31,2026-05,security monitoring hosts 2026-05,JE-HAP-2026-05-3398
HAP-2026-05-3399,VEND-163,Northwood Partners,NOR-2026-05-3399,2026-05-16,2026-06-15,166.98,USD,HPO-2026-05-3399,PAID,2026-05-31,2026-05,usage overage block 2026-05,JE-HAP-2026-05-3399
HAP-2026-05-3400,VEND-167,Beacon Studio,BEA-2026-05-3400,2026-05-16,2026-06-15,3602.09,USD,HPO-2026-05-3400,PAID,2026-05-31,2026-05,premium support 2026-05,JE-HAP-2026-05-3400
HAP-2026-05-3401,VEND-171,Nimbus Supply,NIM-2026-05-3401,2026-05-16,2026-06-15,156.2,USD,HPO-2026-05-3401,PAID,2026-05-31,2026-05,warehouse consumables 2026-05,JE-HAP-2026-05-3401
HAP-2026-05-3402,VEND-175,Alder Components,ALD-2026-05-3402,2026-05-16,2026-06-15,74.31,USD,HPO-2026-05-3402,PAID,2026-05-31,2026-05,security monitoring hosts 2026-05,JE-HAP-2026-05-3402
HAP-2026-05-3403,VEND-179,Northwood Systems,NOR-2026-05-3403,2026-05-16,2026-06-15,122.42,USD,HPO-2026-05-3403,PAID,2026-05-31,2026-05,usage overage block 2026-05,JE-HAP-2026-05-3403
HAP-2026-05-3404,VEND-183,Beacon Partners,BEA-2026-05-3404,2026-05-16,2026-06-15,18000.0,USD,HPO-2026-05-3404,PAID,2026-05-31,2026-05,premium support 2026-05,JE-HAP-2026-05-3404
HAP-2026-05-3405,VEND-187,Nimbus Studio,NIM-2026-05-3405,2026-05-16,2026-06-15,38.61,USD,HPO-2026-05-3405,PAID,2026-05-31,2026-05,warehouse consumables 2026-05,JE-HAP-2026-05-3405
HAP-2026-05-3406,VEND-191,Alder Supply,ALD-2026-05-3406,2026-05-16,2026-06-15,36.22,USD,HPO-2026-05-3406,PAID,2026-05-31,2026-05,security monitoring hosts 2026-05,JE-HAP-2026-05-3406
HAP-2026-05-3407,VEND-195,Northwood Components,NOR-2026-05-3407,2026-05-16,2026-06-15,75.33,USD,HPO-2026-05-3407,PAID,2026-05-31,2026-05,usage overage block 2026-05,JE-HAP-2026-05-3407
HAP-2026-05-3408,VEND-199,Beacon Systems,BEA-2026-05-3408,2026-05-16,2026-06-15,12600.44,USD,HPO-2026-05-3408,PAID,2026-05-31,2026-05,premium support 2026-05,JE-HAP-2026-05-3408
HAP-2026-05-3409,VEND-203,Nimbus Partners,NIM-2026-05-3409,2026-05-16,2026-06-15,347.05,USD,HPO-2026-05-3409,PAID,2026-05-31,2026-05,warehouse consumables 2026-05,JE-HAP-2026-05-3409
HAP-2026-05-3410,VEND-207,Alder Studio,ALD-2026-05-3410,2026-05-16,2026-06-15,132.66,USD,HPO-2026-05-3410,PAID,2026-05-31,2026-05,security monitoring hosts 2026-05,JE-HAP-2026-05-3410
HAP-2026-05-3411,VEND-189,Timber Systems,TIM-2026-05-3411,2026-05-17,2026-06-16,3600.77,USD,HPO-2026-05-3411,PAID,2026-05-31,2026-05,premium support 2026-05,JE-HAP-2026-05-3411
HAP-2026-05-3412,VEND-193,Ginkgo Partners,GIN-2026-05-3412,2026-05-17,2026-06-16,154.88,USD,HPO-2026-05-3412,PAID,2026-05-31,2026-05,warehouse consumables 2026-05,JE-HAP-2026-05-3412
HAP-2026-05-3413,VEND-197,Teak Studio,TEA-2026-05-3413,2026-05-17,2026-06-16,72.99,USD,HPO-2026-05-3413,PAID,2026-05-31,2026-05,security monitoring hosts 2026-05,JE-HAP-2026-05-3413
HAP-2026-05-3414,VEND-201,Harbor Supply,HAR-2026-05-3414,2026-05-17,2026-06-16,121.1,USD,HPO-2026-05-3414,PAID,2026-05-31,2026-05,usage overage block 2026-05,JE-HAP-2026-05-3414
HAP-2026-05-3415,VEND-205,Timber Components,TIM-2026-05-3415,2026-05-17,2026-06-16,18001.21,USD,HPO-2026-05-3415,PAID,2026-05-31,2026-05,premium support 2026-05,JE-HAP-2026-05-3415
HAP-2026-05-3416,VEND-209,Ginkgo Systems,GIN-2026-05-3416,2026-05-17,2026-06-16,39.82,USD,HPO-2026-05-3416,PAID,2026-05-31,2026-05,warehouse consumables 2026-05,JE-HAP-2026-05-3416
HAP-2026-05-3417,VEND-213,Teak Partners,TEA-2026-05-3417,2026-05-17,2026-06-16,37.43,USD,HPO-2026-05-3417,PAID,2026-05-31,2026-05,security monitoring hosts 2026-05,JE-HAP-2026-05-3417
HAP-2026-05-3418,VEND-217,Harbor Studio,HAR-2026-05-3418,2026-05-17,2026-06-16,76.54,USD,HPO-2026-05-3418,PAID,2026-05-31,2026-05,usage overage block 2026-05,JE-HAP-2026-05-3418
HAP-2026-05-3419,VEND-221,Timber Supply,TIM-2026-05-3419,2026-05-17,2026-06-16,12601.65,USD,HPO-2026-05-3419,PAID,2026-05-31,2026-05,premium support 2026-05,JE-HAP-2026-05-3419
HAP-2026-05-3420,VEND-225,Ginkgo Components,GIN-2026-05-3420,2026-05-17,2026-06-16,348.26,USD,HPO-2026-05-3420,PAID,2026-05-31,2026-05,warehouse consumables 2026-05,JE-HAP-2026-05-3420
HAP-2026-05-3421,VEND-229,Teak Systems,TEA-2026-05-3421,2026-05-17,2026-06-16,133.87,USD,HPO-2026-05-3421,PAID,2026-05-31,2026-05,security monitoring hosts 2026-05,JE-HAP-2026-05-3421
HAP-2026-05-3422,VEND-233,Harbor Partners,HAR-2026-05-3422,2026-05-17,2026-06-16,31.98,USD,HPO-2026-05-3422,PAID,2026-05-31,2026-05,usage overage block 2026-05,JE-HAP-2026-05-3422
HAP-2026-05-3423,VEND-237,Timber Studio,TIM-2026-05-3423,2026-05-17,2026-06-16,7202.09,USD,HPO-2026-05-3423,PAID,2026-05-31,2026-05,premium support 2026-05,JE-HAP-2026-05-3423
HAP-2026-05-3424,VEND-241,Ginkgo Supply,GIN-2026-05-3424,2026-05-17,2026-06-16,233.2,USD,HPO-2026-05-3424,PAID,2026-05-31,2026-05,warehouse consumables 2026-05,JE-HAP-2026-05-3424
HAP-2026-05-3425,VEND-245,Teak Components,TEA-2026-05-3425,2026-05-17,2026-06-16,98.31,USD,HPO-2026-05-3425,PAID,2026-05-31,2026-05,security monitoring hosts 2026-05,JE-HAP-2026-05-3425
HAP-2026-05-3426,VEND-249,Harbor Systems,HAR-2026-05-3426,2026-05-17,2026-06-16,152.42,USD,HPO-2026-05-3426,PAID,2026-05-31,2026-05,usage overage block 2026-05,JE-HAP-2026-05-3426
HAP-2026-05-3427,VEND-253,Timber Partners,TIM-2026-05-3427,2026-05-17,2026-06-16,1800.0,USD,HPO-2026-05-3427,PAID,2026-05-31,2026-05,premium support 2026-05,JE-HAP-2026-05-3427
HAP-2026-05-3428,VEND-257,Ginkgo Studio,GIN-2026-05-3428,2026-05-17,2026-06-16,115.61,USD,HPO-2026-05-3428,PAID,2026-05-31,2026-05,warehouse consumables 2026-05,JE-HAP-2026-05-3428
HAP-2026-05-3429,VEND-261,Teak Supply,TEA-2026-05-3429,2026-05-17,2026-06-16,60.22,USD,HPO-2026-05-3429,PAID,2026-05-31,2026-05,security monitoring hosts 2026-05,JE-HAP-2026-05-3429
HAP-2026-05-3430,VEND-265,Harbor Components,HAR-2026-05-3430,2026-05-17,2026-06-16,105.33,USD,HPO-2026-05-3430,PAID,2026-05-31,2026-05,usage overage block 2026-05,JE-HAP-2026-05-3430
HAP-2026-05-3431,VEND-269,Timber Systems,TIM-2026-05-3431,2026-05-17,2026-06-16,16200.44,USD,HPO-2026-05-3431,PAID,2026-05-31,2026-05,premium support 2026-05,JE-HAP-2026-05-3431
HAP-2026-05-3432,VEND-273,Ginkgo Partners,GIN-2026-05-3432,2026-05-17,2026-06-16,424.05,USD,HPO-2026-05-3432,PAID,2026-05-31,2026-05,warehouse consumables 2026-05,JE-HAP-2026-05-3432
HAP-2026-05-3433,VEND-255,Alder Components,ALD-2026-05-3433,2026-05-18,2026-06-17,30.66,USD,HPO-2026-05-3433,PAID,2026-05-31,2026-05,usage overage block 2026-05,JE-HAP-2026-05-3433
HAP-2026-05-3434,VEND-259,Northwood Systems,NOR-2026-05-3434,2026-05-18,2026-06-17,7200.77,USD,HPO-2026-05-3434,PAID,2026-05-31,2026-05,premium support 2026-05,JE-HAP-2026-05-3434
HAP-2026-05-3435,VEND-263,Beacon Partners,BEA-2026-05-3435,2026-05-18,2026-06-17,231.88,USD,HPO-2026-05-3435,PAID,2026-05-31,2026-05,warehouse consumables 2026-05,JE-HAP-2026-05-3435
HAP-2026-05-3436,VEND-267,Nimbus Studio,NIM-2026-05-3436,2026-05-18,2026-06-17,96.99,USD,HPO-2026-05-3436,PAID,2026-05-31,2026-05,security monitoring hosts 2026-05,JE-HAP-2026-05-3436
HAP-2026-05-3437,VEND-271,Alder Supply,ALD-2026-05-3437,2026-05-18,2026-06-17,151.1,USD,HPO-2026-05-3437,PAID,2026-05-31,2026-05,usage overage block 2026-05,JE-HAP-2026-05-3437
HAP-2026-05-3438,VEND-275,Northwood Components,NOR-2026-05-3438,2026-05-18,2026-06-17,1801.21,USD,HPO-2026-05-3438,PAID,2026-05-31,2026-05,premium support 2026-05,JE-HAP-2026-05-3438
HAP-2026-05-3439,VEND-279,Beacon Systems,BEA-2026-05-3439,2026-05-18,2026-06-17,116.82,USD,HPO-2026-05-3439,PAID,2026-05-31,2026-05,warehouse consumables 2026-05,JE-HAP-2026-05-3439
HAP-2026-05-3440,VEND-283,Nimbus Partners,NIM-2026-05-3440,2026-05-18,2026-06-17,61.43,USD,HPO-2026-05-3440,PAID,2026-05-31,2026-05,security monitoring hosts 2026-05,JE-HAP-2026-05-3440
HAP-2026-05-3441,VEND-287,Alder Studio,ALD-2026-05-3441,2026-05-18,2026-06-17,106.54,USD,HPO-2026-05-3441,PAID,2026-05-31,2026-05,usage overage block 2026-05,JE-HAP-2026-05-3441
HAP-2026-05-3442,VEND-291,Northwood Supply,NOR-2026-05-3442,2026-05-18,2026-06-17,16201.65,USD,HPO-2026-05-3442,PAID,2026-05-31,2026-05,premium support 2026-05,JE-HAP-2026-05-3442
HAP-2026-05-3443,VEND-295,Beacon Components,BEA-2026-05-3443,2026-05-18,2026-06-17,425.26,USD,HPO-2026-05-3443,PAID,2026-05-31,2026-05,warehouse consumables 2026-05,JE-HAP-2026-05-3443
HAP-2026-05-3444,VEND-299,Nimbus Systems,NIM-2026-05-3444,2026-05-18,2026-06-17,25.87,USD,HPO-2026-05-3444,PAID,2026-05-31,2026-05,security monitoring hosts 2026-05,JE-HAP-2026-05-3444
HAP-2026-05-3445,VEND-303,Alder Partners,ALD-2026-05-3445,2026-05-18,2026-06-17,61.98,USD,HPO-2026-05-3445,PAID,2026-05-31,2026-05,usage overage block 2026-05,JE-HAP-2026-05-3445
HAP-2026-05-3446,VEND-307,Northwood Studio,NOR-2026-05-3446,2026-05-18,2026-06-17,10802.09,USD,HPO-2026-05-3446,PAID,2026-05-31,2026-05,premium support 2026-05,JE-HAP-2026-05-3446
HAP-2026-05-3447,VEND-311,Beacon Supply,BEA-2026-05-3447,2026-05-18,2026-06-17,310.2,USD,HPO-2026-05-3447,PAID,2026-05-31,2026-05,warehouse consumables 2026-05,JE-HAP-2026-05-3447
HAP-2026-05-3448,VEND-315,Nimbus Components,NIM-2026-05-3448,2026-05-18,2026-06-17,122.31,USD,HPO-2026-05-3448,PAID,2026-05-31,2026-05,security monitoring hosts 2026-05,JE-HAP-2026-05-3448
HAP-2026-05-3449,VEND-319,Alder Systems,ALD-2026-05-3449,2026-05-18,2026-06-17,17.42,USD,HPO-2026-05-3449,PAID,2026-05-31,2026-05,usage overage block 2026-05,JE-HAP-2026-05-3449
HAP-2026-05-3450,VEND-323,Northwood Partners,NOR-2026-05-3450,2026-05-18,2026-06-17,5400.0,USD,HPO-2026-05-3450,PAID,2026-05-31,2026-05,premium support 2026-05,JE-HAP-2026-05-3450
HAP-2026-05-3451,VEND-002,Amazon Web Services,AMA-2026-05-3451,2026-05-18,2026-06-17,192.61,USD,HPO-2026-05-3451,PAID,2026-05-31,2026-05,warehouse consumables 2026-05,JE-HAP-2026-05-3451
HAP-2026-05-3452,VEND-006,Datadog,DAT-2026-05-3452,2026-05-18,2026-06-17,84.22,USD,HPO-2026-05-3452,PAID,2026-05-31,2026-05,security monitoring hosts 2026-05,JE-HAP-2026-05-3452
HAP-2026-05-3453,VEND-011,Hartford Insurance,HAR-2026-05-3453,2026-05-18,2026-06-17,135.33,USD,HPO-2026-05-3453,PAID,2026-05-31,2026-05,usage overage block 2026-05,JE-HAP-2026-05-3453
HAP-2026-05-3454,VEND-015,Harbor Electric,HAR-2026-05-3454,2026-05-18,2026-06-17,19800.44,USD,HPO-2026-05-3454,PAID,2026-05-31,2026-05,premium support 2026-05,JE-HAP-2026-05-3454
HAP-2026-05-3455,VEND-321,Ginkgo Supply,GIN-2026-05-3455,2026-05-19,2026-06-18,24.55,USD,HPO-2026-05-3455,PAID,2026-05-31,2026-05,security monitoring hosts 2026-05,JE-HAP-2026-05-3455
HAP-2026-05-3456,VEND-001-DUP,Acme Supplies LLC,ACM-2026-05-3456,2026-05-19,2026-06-18,60.66,USD,HPO-2026-05-3456,PAID,2026-05-31,2026-05,usage overage block 2026-05,JE-HAP-2026-05-3456
HAP-2026-05-3457,VEND-004,Office Depot,OFF-2026-05-3457,2026-05-19,2026-06-18,10800.77,USD,HPO-2026-05-3457,PAID,2026-05-31,2026-05,premium support 2026-05,JE-HAP-2026-05-3457
HAP-2026-05-3458,VEND-008,Figma,FIG-2026-05-3458,2026-05-19,2026-06-18,308.88,USD,HPO-2026-05-3458,PAID,2026-05-31,2026-05,warehouse consumables 2026-05,JE-HAP-2026-05-3458
HAP-2026-05-3459,VEND-013,Cambridge Properties,CAM-2026-05-3459,2026-05-19,2026-06-18,120.99,USD,HPO-2026-05-3459,PAID,2026-05-31,2026-05,security monitoring hosts 2026-05,JE-HAP-2026-05-3459
HAP-2026-05-3460,VEND-017,GitHub,GIT-2026-05-3460,2026-05-19,2026-06-18,16.1,USD,HPO-2026-05-3460,PAID,2026-05-31,2026-05,usage overage block 2026-05,JE-HAP-2026-05-3460
HAP-2026-05-3461,VEND-021,Misc Supplies,MIS-2026-05-3461,2026-05-19,2026-06-18,5401.21,USD,HPO-2026-05-3461,PAID,2026-05-31,2026-05,premium support 2026-05,JE-HAP-2026-05-3461
HAP-2026-05-3462,VEND-025,Okta,OKT-2026-05-3462,2026-05-19,2026-06-18,193.82,USD,HPO-2026-05-3462,PAID,2026-05-31,2026-05,warehouse consumables 2026-05,JE-HAP-2026-05-3462
HAP-2026-05-3463,VEND-029,Cloudflare,CLO-2026-05-3463,2026-05-19,2026-06-18,85.43,USD,HPO-2026-05-3463,PAID,2026-05-31,2026-05,security monitoring hosts 2026-05,JE-HAP-2026-05-3463
HAP-2026-05-3464,VEND-033,Staples Business Advantage,STA-2026-05-3464,2026-05-19,2026-06-18,136.54,USD,HPO-2026-05-3464,PAID,2026-05-31,2026-05,usage overage block 2026-05,JE-HAP-2026-05-3464
HAP-2026-05-3465,VEND-037,Comcast Business,COM-2026-05-3465,2026-05-19,2026-06-18,19801.65,USD,HPO-2026-05-3465,PAID,2026-05-31,2026-05,premium support 2026-05,JE-HAP-2026-05-3465
HAP-2026-05-3466,VEND-041,HubSpot,HUB-2026-05-3466,2026-05-19,2026-06-18,78.76,USD,HPO-2026-05-3466,PAID,2026-05-31,2026-05,warehouse consumables 2026-05,JE-HAP-2026-05-3466
HAP-2026-05-3467,VEND-045,Palo Alto Networks,PAL-2026-05-3467,2026-05-19,2026-06-18,49.87,USD,HPO-2026-05-3467,PAID,2026-05-31,2026-05,security monitoring hosts 2026-05,JE-HAP-2026-05-3467
HAP-2026-05-3468,VEND-049,Vanta,VAN-2026-05-3468,2026-05-19,2026-06-18,91.98,USD,HPO-2026-05-3468,PAID,2026-05-31,2026-05,usage overage block 2026-05,JE-HAP-2026-05-3468
HAP-2026-05-3469,VEND-053,Teak Partners,TEA-2026-05-3469,2026-05-19,2026-06-18,14402.09,USD,HPO-2026-05-3469,PAID,2026-05-31,2026-05,premium support 2026-05,JE-HAP-2026-05-3469
HAP-2026-05-3470,VEND-057,Harbor Studio,HAR-2026-05-3470,2026-05-19,2026-06-18,387.2,USD,HPO-2026-05-3470,PAID,2026-05-31,2026-05,warehouse consumables 2026-05,JE-HAP-2026-05-3470
HAP-2026-05-3471,VEND-061,Timber Supply,TIM-2026-05-3471,2026-05-19,2026-06-18,14.31,USD,HPO-2026-05-3471,PAID,2026-05-31,2026-05,security monitoring hosts 2026-05,JE-HAP-2026-05-3471
HAP-2026-05-3472,VEND-065,Ginkgo Components,GIN-2026-05-3472,2026-05-19,2026-06-18,47.42,USD,HPO-2026-05-3472,PAID,2026-05-31,2026-05,usage overage block 2026-05,JE-HAP-2026-05-3472
HAP-2026-05-3473,VEND-069,Teak Systems,TEA-2026-05-3473,2026-05-19,2026-06-18,9000.0,USD,HPO-2026-05-3473,PAID,2026-05-31,2026-05,premium support 2026-05,JE-HAP-2026-05-3473
HAP-2026-05-3474,VEND-073,Harbor Partners,HAR-2026-05-3474,2026-05-19,2026-06-18,269.61,USD,HPO-2026-05-3474,PAID,2026-05-31,2026-05,warehouse consumables 2026-05,JE-HAP-2026-05-3474
HAP-2026-05-3475,VEND-077,Timber Studio,TIM-2026-05-3475,2026-05-19,2026-06-18,108.22,USD,HPO-2026-05-3475,PAID,2026-05-31,2026-05,security monitoring hosts 2026-05,JE-HAP-2026-05-3475
HAP-2026-05-3476,VEND-081,Ginkgo Supply,GIN-2026-05-3476,2026-05-19,2026-06-18,165.33,USD,HPO-2026-05-3476,PAID,2026-05-31,2026-05,usage overage block 2026-05,JE-HAP-2026-05-3476
HAP-2026-05-3477,VEND-063,Alder Partners,ALD-2026-05-3477,2026-05-20,2026-06-19,77.44,USD,HPO-2026-05-3477,PAID,2026-05-31,2026-05,warehouse consumables 2026-05,JE-HAP-2026-05-3477
HAP-2026-05-3478,VEND-067,Northwood Studio,NOR-2026-05-3478,2026-05-20,2026-06-19,48.55,USD,HPO-2026-05-3478,PAID,2026-05-31,2026-05,security monitoring hosts 2026-05,JE-HAP-2026-05-3478
HAP-2026-05-3479,VEND-071,Beacon Supply,BEA-2026-05-3479,2026-05-20,2026-06-19,90.66,USD,HPO-2026-05-3479,PAID,2026-05-31,2026-05,usage overage block 2026-05,JE-HAP-2026-05-3479
HAP-2026-05-3480,VEND-075,Nimbus Components,NIM-2026-05-3480,2026-05-20,2026-06-19,14400.77,USD,HPO-2026-05-3480,PAID,2026-05-31,2026-05,premium support 2026-05,JE-HAP-2026-05-3480
HAP-2026-05-3481,VEND-079,Alder Systems,ALD-2026-05-3481,2026-05-20,2026-06-19,385.88,USD,HPO-2026-05-3481,PAID,2026-05-31,2026-05,warehouse consumables 2026-05,JE-HAP-2026-05-3481
HAP-2026-05-3482,VEND-083,Northwood Partners,NOR-2026-05-3482,2026-05-20,2026-06-19,12.99,USD,HPO-2026-05-3482,PAID,2026-05-31,2026-05,security monitoring hosts 2026-05,JE-HAP-2026-05-3482
HAP-2026-05-3483,VEND-087,Beacon Studio,BEA-2026-05-3483,2026-05-20,2026-06-19,46.1,USD,HPO-2026-05-3483,PAID,2026-05-31,2026-05,usage overage block 2026-05,JE-HAP-2026-05-3483
HAP-2026-05-3484,VEND-091,Nimbus Supply,NIM-2026-05-3484,2026-05-20,2026-06-19,9001.21,USD,HPO-2026-05-3484,PAID,2026-05-31,2026-05,premium support 2026-05,JE-HAP-2026-05-3484
HAP-2026-05-3485,VEND-095,Alder Components,ALD-2026-05-3485,2026-05-20,2026-06-19,270.82,USD,HPO-2026-05-3485,PAID,2026-05-31,2026-05,warehouse consumables 2026-05,JE-HAP-2026-05-3485
HAP-2026-05-3486,VEND-099,Northwood Systems,NOR-2026-05-3486,2026-05-20,2026-06-19,109.43,USD,HPO-2026-05-3486,PAID,2026-05-31,2026-05,security monitoring hosts 2026-05,JE-HAP-2026-05-3486
HAP-2026-05-3487,VEND-103,Beacon Partners,BEA-2026-05-3487,2026-05-20,2026-06-19,166.54,USD,HPO-2026-05-3487,PAID,2026-05-31,2026-05,usage overage block 2026-05,JE-HAP-2026-05-3487
HAP-2026-05-3488,VEND-107,Nimbus Studio,NIM-2026-05-3488,2026-05-20,2026-06-19,3601.65,USD,HPO-2026-05-3488,PAID,2026-05-31,2026-05,premium support 2026-05,JE-HAP-2026-05-3488
HAP-2026-05-3489,VEND-111,Alder Supply,ALD-2026-05-3489,2026-05-20,2026-06-19,155.76,USD,HPO-2026-05-3489,PAID,2026-05-31,2026-05,warehouse consumables 2026-05,JE-HAP-2026-05-3489
HAP-2026-05-3490,VEND-115,Northwood Components,NOR-2026-05-3490,2026-05-20,2026-06-19,73.87,USD,HPO-2026-05-3490,PAID,2026-05-31,2026-05,security monitoring hosts 2026-05,JE-HAP-2026-05-3490
HAP-2026-05-3491,VEND-119,Beacon Systems,BEA-2026-05-3491,2026-05-20,2026-06-19,121.98,USD,HPO-2026-05-3491,PAID,2026-05-31,2026-05,usage overage block 2026-05,JE-HAP-2026-05-3491
HAP-2026-05-3492,VEND-123,Nimbus Partners,NIM-2026-05-3492,2026-05-20,2026-06-19,18002.09,USD,HPO-2026-05-3492,PAID,2026-05-31,2026-05,premium support 2026-05,JE-HAP-2026-05-3492
HAP-2026-05-3493,VEND-127,Alder Studio,ALD-2026-05-3493,2026-05-20,2026-06-19,40.7,USD,HPO-2026-05-3493,PAID,2026-05-31,2026-05,warehouse consumables 2026-05,JE-HAP-2026-05-3493
HAP-2026-05-3494,VEND-131,Northwood Supply,NOR-2026-05-3494,2026-05-20,2026-06-19,38.31,USD,HPO-2026-05-3494,PAID,2026-05-31,2026-05,security monitoring hosts 2026-05,JE-HAP-2026-05-3494
HAP-2026-05-3495,VEND-135,Beacon Components,BEA-2026-05-3495,2026-05-20,2026-06-19,77.42,USD,HPO-2026-05-3495,PAID,2026-05-31,2026-05,usage overage block 2026-05,JE-HAP-2026-05-3495
HAP-2026-05-3496,VEND-139,Nimbus Systems,NIM-2026-05-3496,2026-05-20,2026-06-19,12600.0,USD,HPO-2026-05-3496,PAID,2026-05-31,2026-05,premium support 2026-05,JE-HAP-2026-05-3496
HAP-2026-05-3497,VEND-143,Alder Partners,ALD-2026-05-3497,2026-05-20,2026-06-19,346.61,USD,HPO-2026-05-3497,PAID,2026-05-31,2026-05,warehouse consumables 2026-05,JE-HAP-2026-05-3497
HAP-2026-05-3498,VEND-147,Northwood Studio,NOR-2026-05-3498,2026-05-20,2026-06-19,132.22,USD,HPO-2026-05-3498,PAID,2026-05-31,2026-05,security monitoring hosts 2026-05,JE-HAP-2026-05-3498
HAP-2026-05-3499,VEND-129,Ginkgo Systems,GIN-2026-05-3499,2026-05-21,2026-06-20,3600.33,USD,HPO-2026-05-3499,PAID,2026-05-31,2026-05,premium support 2026-05,JE-HAP-2026-05-3499
HAP-2026-05-3500,VEND-133,Teak Partners,TEA-2026-05-3500,2026-05-21,2026-06-20,154.44,USD,HPO-2026-05-3500,PAID,2026-05-31,2026-05,warehouse consumables 2026-05,JE-HAP-2026-05-3500
HAP-2026-05-3501,VEND-137,Harbor Studio,HAR-2026-05-3501,2026-05-21,2026-06-20,72.55,USD,HPO-2026-05-3501,PAID,2026-05-31,2026-05,security monitoring hosts 2026-05,JE-HAP-2026-05-3501
HAP-2026-05-3502,VEND-141,Timber Supply,TIM-2026-05-3502,2026-05-21,2026-06-20,120.66,USD,HPO-2026-05-3502,PAID,2026-05-31,2026-05,usage overage block 2026-05,JE-HAP-2026-05-3502
HAP-2026-05-3503,VEND-145,Ginkgo Components,GIN-2026-05-3503,2026-05-21,2026-06-20,18000.77,USD,HPO-2026-05-3503,PAID,2026-05-31,2026-05,premium support 2026-05,JE-HAP-2026-05-3503
HAP-2026-05-3504,VEND-149,Teak Systems,TEA-2026-05-3504,2026-05-21,2026-06-20,39.38,USD,HPO-2026-05-3504,PAID,2026-05-31,2026-05,warehouse consumables 2026-05,JE-HAP-2026-05-3504
HAP-2026-05-3505,VEND-153,Harbor Partners,HAR-2026-05-3505,2026-05-21,2026-06-20,36.99,USD,HPO-2026-05-3505,PAID,2026-05-31,2026-05,security monitoring hosts 2026-05,JE-HAP-2026-05-3505
HAP-2026-05-3506,VEND-157,Timber Studio,TIM-2026-05-3506,2026-05-21,2026-06-20,76.1,USD,HPO-2026-05-3506,PAID,2026-05-31,2026-05,usage overage block 2026-05,JE-HAP-2026-05-3506
HAP-2026-05-3507,VEND-161,Ginkgo Supply,GIN-2026-05-3507,2026-05-21,2026-06-20,12601.21,USD,HPO-2026-05-3507,PAID,2026-05-31,2026-05,premium support 2026-05,JE-HAP-2026-05-3507
HAP-2026-05-3508,VEND-165,Teak Components,TEA-2026-05-3508,2026-05-21,2026-06-20,347.82,USD,HPO-2026-05-3508,PAID,2026-05-31,2026-05,warehouse consumables 2026-05,JE-HAP-2026-05-3508
HAP-2026-05-3509,VEND-169,Harbor Systems,HAR-2026-05-3509,2026-05-21,2026-06-20,133.43,USD,HPO-2026-05-3509,PAID,2026-05-31,2026-05,security monitoring hosts 2026-05,JE-HAP-2026-05-3509
HAP-2026-05-3510,VEND-173,Timber Partners,TIM-2026-05-3510,2026-05-21,2026-06-20,31.54,USD,HPO-2026-05-3510,PAID,2026-05-31,2026-05,usage overage block 2026-05,JE-HAP-2026-05-3510
HAP-2026-05-3511,VEND-177,Ginkgo Studio,GIN-2026-05-3511,2026-05-21,2026-06-20,7201.65,USD,HPO-2026-05-3511,PAID,2026-05-31,2026-05,premium support 2026-05,JE-HAP-2026-05-3511
HAP-2026-05-3512,VEND-181,Teak Supply,TEA-2026-05-3512,2026-05-21,2026-06-20,232.76,USD,HPO-2026-05-3512,PAID,2026-05-31,2026-05,warehouse consumables 2026-05,JE-HAP-2026-05-3512
HAP-2026-05-3513,VEND-185,Harbor Components,HAR-2026-05-3513,2026-05-21,2026-06-20,97.87,USD,HPO-2026-05-3513,PAID,2026-05-31,2026-05,security monitoring hosts 2026-05,JE-HAP-2026-05-3513
HAP-2026-05-3514,VEND-189,Timber Systems,TIM-2026-05-3514,2026-05-21,2026-06-20,151.98,USD,HPO-2026-05-3514,PAID,2026-05-31,2026-05,usage overage block 2026-05,JE-HAP-2026-05-3514
HAP-2026-05-3515,VEND-193,Ginkgo Partners,GIN-2026-05-3515,2026-05-21,2026-06-20,1802.09,USD,HPO-2026-05-3515,PAID,2026-05-31,2026-05,premium support 2026-05,JE-HAP-2026-05-3515
HAP-2026-05-3516,VEND-197,Teak Studio,TEA-2026-05-3516,2026-05-21,2026-06-20,117.7,USD,HPO-2026-05-3516,PAID,2026-05-31,2026-05,warehouse consumables 2026-05,JE-HAP-2026-05-3516
HAP-2026-05-3517,VEND-201,Harbor Supply,HAR-2026-05-3517,2026-05-21,2026-06-20,62.31,USD,HPO-2026-05-3517,PAID,2026-05-31,2026-05,security monitoring hosts 2026-05,JE-HAP-2026-05-3517
HAP-2026-05-3518,VEND-205,Timber Components,TIM-2026-05-3518,2026-05-21,2026-06-20,107.42,USD,HPO-2026-05-3518,PAID,2026-05-31,2026-05,usage overage block 2026-05,JE-HAP-2026-05-3518
HAP-2026-05-3519,VEND-209,Ginkgo Systems,GIN-2026-05-3519,2026-05-21,2026-06-20,16200.0,USD,HPO-2026-05-3519,PAID,2026-05-31,2026-05,premium support 2026-05,JE-HAP-2026-05-3519
HAP-2026-05-3520,VEND-213,Teak Partners,TEA-2026-05-3520,2026-05-21,2026-06-20,423.61,USD,HPO-2026-05-3520,PAID,2026-05-31,2026-05,warehouse consumables 2026-05,JE-HAP-2026-05-3520
HAP-2026-06-3521,VEND-195,Northwood Components,NOR-2026-06-3521,2026-06-02,2026-07-02,30.22,USD,HPO-2026-06-3521,PAID,2026-06-20,2026-06,usage overage block 2026-06,JE-HAP-2026-06-3521
HAP-2026-06-3522,VEND-199,Beacon Systems,BEA-2026-06-3522,2026-06-02,2026-07-02,7200.33,USD,HPO-2026-06-3522,PAID,2026-06-20,2026-06,premium support 2026-06,JE-HAP-2026-06-3522
HAP-2026-06-3523,VEND-203,Nimbus Partners,NIM-2026-06-3523,2026-06-02,2026-07-02,231.44,USD,HPO-2026-06-3523,PAID,2026-06-20,2026-06,warehouse consumables 2026-06,JE-HAP-2026-06-3523
HAP-2026-06-3524,VEND-207,Alder Studio,ALD-2026-06-3524,2026-06-02,2026-07-02,96.55,USD,HPO-2026-06-3524,PAID,2026-06-20,2026-06,security monitoring hosts 2026-06,JE-HAP-2026-06-3524
HAP-2026-06-3525,VEND-211,Northwood Supply,NOR-2026-06-3525,2026-06-02,2026-07-02,150.66,USD,HPO-2026-06-3525,PAID,2026-06-20,2026-06,usage overage block 2026-06,JE-HAP-2026-06-3525
HAP-2026-06-3526,VEND-215,Beacon Components,BEA-2026-06-3526,2026-06-02,2026-07-02,1800.77,USD,HPO-2026-06-3526,PAID,2026-06-20,2026-06,premium support 2026-06,JE-HAP-2026-06-3526
HAP-2026-06-3527,VEND-219,Nimbus Systems,NIM-2026-06-3527,2026-06-02,2026-07-02,116.38,USD,HPO-2026-06-3527,PAID,2026-06-20,2026-06,warehouse consumables 2026-06,JE-HAP-2026-06-3527
HAP-2026-06-3528,VEND-223,Alder Partners,ALD-2026-06-3528,2026-06-02,2026-07-02,60.99,USD,HPO-2026-06-3528,PAID,2026-06-20,2026-06,security monitoring hosts 2026-06,JE-HAP-2026-06-3528
HAP-2026-06-3529,VEND-227,Northwood Studio,NOR-2026-06-3529,2026-06-02,2026-07-02,106.1,USD,HPO-2026-06-3529,PAID,2026-06-20,2026-06,usage overage block 2026-06,JE-HAP-2026-06-3529
HAP-2026-06-3530,VEND-231,Beacon Supply,BEA-2026-06-3530,2026-06-02,2026-07-02,16201.21,USD,HPO-2026-06-3530,PAID,2026-06-20,2026-06,premium support 2026-06,JE-HAP-2026-06-3530
HAP-2026-06-3531,VEND-235,Nimbus Components,NIM-2026-06-3531,2026-06-02,2026-07-02,424.82,USD,HPO-2026-06-3531,PAID,2026-06-20,2026-06,warehouse consumables 2026-06,JE-HAP-2026-06-3531
HAP-2026-06-3532,VEND-239,Alder Systems,ALD-2026-06-3532,2026-06-02,2026-07-02,25.43,USD,HPO-2026-06-3532,PAID,2026-06-20,2026-06,security monitoring hosts 2026-06,JE-HAP-2026-06-3532
HAP-2026-06-3533,VEND-243,Northwood Partners,NOR-2026-06-3533,2026-06-02,2026-07-02,61.54,USD,HPO-2026-06-3533,PAID,2026-06-20,2026-06,usage overage block 2026-06,JE-HAP-2026-06-3533
HAP-2026-06-3534,VEND-247,Beacon Studio,BEA-2026-06-3534,2026-06-02,2026-07-02,10801.65,USD,HPO-2026-06-3534,PAID,2026-06-20,2026-06,premium support 2026-06,JE-HAP-2026-06-3534
HAP-2026-06-3535,VEND-251,Nimbus Supply,NIM-2026-06-3535,2026-06-02,2026-07-02,309.76,USD,HPO-2026-06-3535,PAID,2026-06-20,2026-06,warehouse consumables 2026-06,JE-HAP-2026-06-3535
HAP-2026-06-3536,VEND-255,Alder Components,ALD-2026-06-3536,2026-06-02,2026-07-02,121.87,USD,HPO-2026-06-3536,PAID,2026-06-20,2026-06,security monitoring hosts 2026-06,JE-HAP-2026-06-3536
HAP-2026-06-3537,VEND-259,Northwood Systems,NOR-2026-06-3537,2026-06-02,2026-07-02,16.98,USD,HPO-2026-06-3537,PAID,2026-06-20,2026-06,usage overage block 2026-06,JE-HAP-2026-06-3537
HAP-2026-06-3538,VEND-263,Beacon Partners,BEA-2026-06-3538,2026-06-02,2026-07-02,5402.09,USD,HPO-2026-06-3538,PAID,2026-06-20,2026-06,premium support 2026-06,JE-HAP-2026-06-3538
HAP-2026-06-3539,VEND-267,Nimbus Studio,NIM-2026-06-3539,2026-06-02,2026-07-02,194.7,USD,HPO-2026-06-3539,PAID,2026-06-20,2026-06,warehouse consumables 2026-06,JE-HAP-2026-06-3539
HAP-2026-06-3540,VEND-271,Alder Supply,ALD-2026-06-3540,2026-06-02,2026-07-02,86.31,USD,HPO-2026-06-3540,PAID,2026-06-20,2026-06,security monitoring hosts 2026-06,JE-HAP-2026-06-3540
HAP-2026-06-3541,VEND-275,Northwood Components,NOR-2026-06-3541,2026-06-02,2026-07-02,137.42,USD,HPO-2026-06-3541,PAID,2026-06-20,2026-06,usage overage block 2026-06,JE-HAP-2026-06-3541
HAP-2026-06-3542,VEND-279,Beacon Systems,BEA-2026-06-3542,2026-06-02,2026-07-02,19800.0,USD,HPO-2026-06-3542,PAID,2026-06-20,2026-06,premium support 2026-06,JE-HAP-2026-06-3542
HAP-2026-06-3543,VEND-261,Teak Supply,TEA-2026-06-3543,2026-06-03,2026-07-03,24.11,USD,HPO-2026-06-3543,PAID,2026-06-21,2026-06,security monitoring hosts 2026-06,JE-HAP-2026-06-3543
HAP-2026-06-3544,VEND-265,Harbor Components,HAR-2026-06-3544,2026-06-03,2026-07-03,60.22,USD,HPO-2026-06-3544,PAID,2026-06-21,2026-06,usage overage block 2026-06,JE-HAP-2026-06-3544
HAP-2026-06-3545,VEND-269,Timber Systems,TIM-2026-06-3545,2026-06-03,2026-07-03,10800.33,USD,HPO-2026-06-3545,PAID,2026-06-21,2026-06,premium support 2026-06,JE-HAP-2026-06-3545
HAP-2026-06-3546,VEND-273,Ginkgo Partners,GIN-2026-06-3546,2026-06-03,2026-07-03,308.44,USD,HPO-2026-06-3546,PAID,2026-06-21,2026-06,warehouse consumables 2026-06,JE-HAP-2026-06-3546
HAP-2026-06-3547,VEND-277,Teak Studio,TEA-2026-06-3547,2026-06-03,2026-07-03,120.55,USD,HPO-2026-06-3547,PAID,2026-06-21,2026-06,security monitoring hosts 2026-06,JE-HAP-2026-06-3547
HAP-2026-06-3548,VEND-281,Harbor Supply,HAR-2026-06-3548,2026-06-03,2026-07-03,15.66,USD,HPO-2026-06-3548,PAID,2026-06-21,2026-06,usage overage block 2026-06,JE-HAP-2026-06-3548
HAP-2026-06-3549,VEND-285,Timber Components,TIM-2026-06-3549,2026-06-03,2026-07-03,5400.77,USD,HPO-2026-06-3549,PAID,2026-06-21,2026-06,premium support 2026-06,JE-HAP-2026-06-3549
HAP-2026-06-3550,VEND-289,Ginkgo Systems,GIN-2026-06-3550,2026-06-03,2026-07-03,193.38,USD,HPO-2026-06-3550,PAID,2026-06-21,2026-06,warehouse consumables 2026-06,JE-HAP-2026-06-3550
HAP-2026-06-3551,VEND-293,Teak Partners,TEA-2026-06-3551,2026-06-03,2026-07-03,84.99,USD,HPO-2026-06-3551,PAID,2026-06-21,2026-06,security monitoring hosts 2026-06,JE-HAP-2026-06-3551
HAP-2026-06-3552,VEND-297,Harbor Studio,HAR-2026-06-3552,2026-06-03,2026-07-03,136.1,USD,HPO-2026-06-3552,PAID,2026-06-21,2026-06,usage overage block 2026-06,JE-HAP-2026-06-3552
HAP-2026-06-3553,VEND-301,Timber Supply,TIM-2026-06-3553,2026-06-03,2026-07-03,19801.21,USD,HPO-2026-06-3553,PAID,2026-06-21,2026-06,premium support 2026-06,JE-HAP-2026-06-3553
HAP-2026-06-3554,VEND-305,Ginkgo Components,GIN-2026-06-3554,2026-06-03,2026-07-03,78.32,USD,HPO-2026-06-3554,PAID,2026-06-21,2026-06,warehouse consumables 2026-06,JE-HAP-2026-06-3554
HAP-2026-06-3555,VEND-309,Teak Systems,TEA-2026-06-3555,2026-06-03,2026-07-03,49.43,USD,HPO-2026-06-3555,PAID,2026-06-21,2026-06,security monitoring hosts 2026-06,JE-HAP-2026-06-3555
HAP-2026-06-3556,VEND-313,Harbor Partners,HAR-2026-06-3556,2026-06-03,2026-07-03,91.54,USD,HPO-2026-06-3556,PAID,2026-06-21,2026-06,usage overage block 2026-06,JE-HAP-2026-06-3556
HAP-2026-06-3557,VEND-317,Timber Studio,TIM-2026-06-3557,2026-06-03,2026-07-03,14401.65,USD,HPO-2026-06-3557,PAID,2026-06-21,2026-06,premium support 2026-06,JE-HAP-2026-06-3557
HAP-2026-06-3558,VEND-321,Ginkgo Supply,GIN-2026-06-3558,2026-06-03,2026-07-03,386.76,USD,HPO-2026-06-3558,PAID,2026-06-21,2026-06,warehouse consumables 2026-06,JE-HAP-2026-06-3558
HAP-2026-06-3559,VEND-001-DUP,Acme Supplies LLC,ACM-2026-06-3559,2026-06-03,2026-07-03,13.87,USD,HPO-2026-06-3559,PAID,2026-06-21,2026-06,security monitoring hosts 2026-06,JE-HAP-2026-06-3559
HAP-2026-06-3560,VEND-004,Office Depot,OFF-2026-06-3560,2026-06-03,2026-07-03,46.98,USD,HPO-2026-06-3560,PAID,2026-06-21,2026-06,usage overage block 2026-06,JE-HAP-2026-06-3560
HAP-2026-06-3561,VEND-008,Figma,FIG-2026-06-3561,2026-06-03,2026-07-03,9002.09,USD,HPO-2026-06-3561,PAID,2026-06-21,2026-06,premium support 2026-06,JE-HAP-2026-06-3561
HAP-2026-06-3562,VEND-013,Cambridge Properties,CAM-2026-06-3562,2026-06-03,2026-07-03,271.7,USD,HPO-2026-06-3562,PAID,2026-06-21,2026-06,warehouse consumables 2026-06,JE-HAP-2026-06-3562
HAP-2026-06-3563,VEND-017,GitHub,GIT-2026-06-3563,2026-06-03,2026-07-03,110.31,USD,HPO-2026-06-3563,PAID,2026-06-21,2026-06,security monitoring hosts 2026-06,JE-HAP-2026-06-3563
HAP-2026-06-3564,VEND-021,Misc Supplies,MIS-2026-06-3564,2026-06-03,2026-07-03,167.42,USD,HPO-2026-06-3564,PAID,2026-06-21,2026-06,usage overage block 2026-06,JE-HAP-2026-06-3564
HAP-2026-06-3565,VEND-002,Amazon Web Services,AMA-2026-06-3565,2026-06-04,2026-07-04,77.0,USD,HPO-2026-06-3565,PAID,2026-06-22,2026-06,warehouse consumables 2026-06,JE-HAP-2026-06-3565
HAP-2026-06-3566,VEND-006,Datadog,DAT-2026-06-3566,2026-06-04,2026-07-04,48.11,USD,HPO-2026-06-3566,PAID,2026-06-22,2026-06,security monitoring hosts 2026-06,JE-HAP-2026-06-3566
HAP-2026-06-3567,VEND-011,Hartford Insurance,HAR-2026-06-3567,2026-06-04,2026-07-04,90.22,USD,HPO-2026-06-3567,PAID,2026-06-22,2026-06,usage overage block 2026-06,JE-HAP-2026-06-3567
HAP-2026-06-3568,VEND-015,Harbor Electric,HAR-2026-06-3568,2026-06-04,2026-07-04,14400.33,USD,HPO-2026-06-3568,PAID,2026-06-22,2026-06,premium support 2026-06,JE-HAP-2026-06-3568
HAP-2026-06-3569,VEND-019,Freightline Logistics,FRE-2026-06-3569,2026-06-04,2026-07-04,385.44,USD,HPO-2026-06-3569,PAID,2026-06-22,2026-06,warehouse consumables 2026-06,JE-HAP-2026-06-3569
HAP-2026-06-3570,VEND-023,Notion Labs,NOT-2026-06-3570,2026-06-04,2026-07-04,12.55,USD,HPO-2026-06-3570,PAID,2026-06-22,2026-06,security monitoring hosts 2026-06,JE-HAP-2026-06-3570
HAP-2026-06-3571,VEND-027,Zoom Video,ZOO-2026-06-3571,2026-06-04,2026-07-04,45.66,USD,HPO-2026-06-3571,PAID,2026-06-22,2026-06,usage overage block 2026-06,JE-HAP-2026-06-3571
HAP-2026-06-3572,VEND-031,Helios Hardware Supply,HEL-2026-06-3572,2026-06-04,2026-07-04,9000.77,USD,HPO-2026-06-3572,PAID,2026-06-22,2026-06,premium support 2026-06,JE-HAP-2026-06-3572
HAP-2026-06-3573,VEND-035,ADP,ADP-2026-06-3573,2026-06-04,2026-07-04,270.38,USD,HPO-2026-06-3573,PAID,2026-06-22,2026-06,warehouse consumables 2026-06,JE-HAP-2026-06-3573
HAP-2026-06-3574,VEND-039,CleanRoom Janitorial,CLE-2026-06-3574,2026-06-04,2026-07-04,108.99,USD,HPO-2026-06-3574,PAID,2026-06-22,2026-06,security monitoring hosts 2026-06,JE-HAP-2026-06-3574
HAP-2026-06-3575,VEND-043,Adyen NV,ADY-2026-06-3575,2026-06-04,2026-07-04,166.1,USD,HPO-2026-06-3575,PAID,2026-06-22,2026-06,usage overage block 2026-06,JE-HAP-2026-06-3575
HAP-2026-06-3576,VEND-047,Carta,CAR-2026-06-3576,2026-06-04,2026-07-04,3601.21,USD,HPO-2026-06-3576,PAID,2026-06-22,2026-06,premium support 2026-06,JE-HAP-2026-06-3576
HAP-2026-06-3577,VEND-051,Northwood Supply,NOR-2026-06-3577,2026-06-04,2026-07-04,155.32,USD,HPO-2026-06-3577,PAID,2026-06-22,2026-06,warehouse consumables 2026-06,JE-HAP-2026-06-3577
HAP-2026-06-3578,VEND-055,Beacon Components,BEA-2026-06-3578,2026-06-04,2026-07-04,73.43,USD,HPO-2026-06-3578,PAID,2026-06-22,2026-06,security monitoring hosts 2026-06,JE-HAP-2026-06-3578
HAP-2026-06-3579,VEND-059,Nimbus Systems,NIM-2026-06-3579,2026-06-04,2026-07-04,121.54,USD,HPO-2026-06-3579,PAID,2026-06-22,2026-06,usage overage block 2026-06,JE-HAP-2026-06-3579
HAP-2026-06-3580,VEND-063,Alder Partners,ALD-2026-06-3580,2026-06-04,2026-07-04,18001.65,USD,HPO-2026-06-3580,PAID,2026-06-22,2026-06,premium support 2026-06,JE-HAP-2026-06-3580
HAP-2026-06-3581,VEND-067,Northwood Studio,NOR-2026-06-3581,2026-06-04,2026-07-04,40.26,USD,HPO-2026-06-3581,PAID,2026-06-22,2026-06,warehouse consumables 2026-06,JE-HAP-2026-06-3581
HAP-2026-06-3582,VEND-071,Beacon Supply,BEA-2026-06-3582,2026-06-04,2026-07-04,37.87,USD,HPO-2026-06-3582,PAID,2026-06-22,2026-06,security monitoring hosts 2026-06,JE-HAP-2026-06-3582
HAP-2026-06-3583,VEND-075,Nimbus Components,NIM-2026-06-3583,2026-06-04,2026-07-04,76.98,USD,HPO-2026-06-3583,PAID,2026-06-22,2026-06,usage overage block 2026-06,JE-HAP-2026-06-3583
HAP-2026-06-3584,VEND-079,Alder Systems,ALD-2026-06-3584,2026-06-04,2026-07-04,12602.09,USD,HPO-2026-06-3584,PAID,2026-06-22,2026-06,premium support 2026-06,JE-HAP-2026-06-3584
HAP-2026-06-3585,VEND-083,Northwood Partners,NOR-2026-06-3585,2026-06-04,2026-07-04,348.7,USD,HPO-2026-06-3585,PAID,2026-06-22,2026-06,warehouse consumables 2026-06,JE-HAP-2026-06-3585
HAP-2026-06-3586,VEND-087,Beacon Studio,BEA-2026-06-3586,2026-06-04,2026-07-04,134.31,USD,HPO-2026-06-3586,PAID,2026-06-22,2026-06,security monitoring hosts 2026-06,JE-HAP-2026-06-3586
HAP-2026-06-3587,VEND-069,Teak Systems,TEA-2026-06-3587,2026-06-05,2026-07-05,3602.42,USD,HPO-2026-06-3587,PAID,2026-06-23,2026-06,premium support 2026-06,JE-HAP-2026-06-3587
HAP-2026-06-3588,VEND-073,Harbor Partners,HAR-2026-06-3588,2026-06-05,2026-07-05,154.0,USD,HPO-2026-06-3588,PAID,2026-06-23,2026-06,warehouse consumables 2026-06,JE-HAP-2026-06-3588
HAP-2026-06-3589,VEND-077,Timber Studio,TIM-2026-06-3589,2026-06-05,2026-07-05,72.11,USD,HPO-2026-06-3589,PAID,2026-06-23,2026-06,security monitoring hosts 2026-06,JE-HAP-2026-06-3589
HAP-2026-06-3590,VEND-081,Ginkgo Supply,GIN-2026-06-3590,2026-06-05,2026-07-05,120.22,USD,HPO-2026-06-3590,PAID,2026-06-23,2026-06,usage overage block 2026-06,JE-HAP-2026-06-3590
HAP-2026-06-3591,VEND-085,Teak Components,TEA-2026-06-3591,2026-06-05,2026-07-05,18000.33,USD,HPO-2026-06-3591,PAID,2026-06-23,2026-06,premium support 2026-06,JE-HAP-2026-06-3591
HAP-2026-06-3592,VEND-089,Harbor Systems,HAR-2026-06-3592,2026-06-05,2026-07-05,38.94,USD,HPO-2026-06-3592,PAID,2026-06-23,2026-06,warehouse consumables 2026-06,JE-HAP-2026-06-3592
HAP-2026-06-3593,VEND-093,Timber Partners,TIM-2026-06-3593,2026-06-05,2026-07-05,36.55,USD,HPO-2026-06-3593,PAID,2026-06-23,2026-06,security monitoring hosts 2026-06,JE-HAP-2026-06-3593
HAP-2026-06-3594,VEND-097,Ginkgo Studio,GIN-2026-06-3594,2026-06-05,2026-07-05,75.66,USD,HPO-2026-06-3594,PAID,2026-06-23,2026-06,usage overage block 2026-06,JE-HAP-2026-06-3594
HAP-2026-06-3595,VEND-101,Teak Supply,TEA-2026-06-3595,2026-06-05,2026-07-05,12600.77,USD,HPO-2026-06-3595,PAID,2026-06-23,2026-06,premium support 2026-06,JE-HAP-2026-06-3595
HAP-2026-06-3596,VEND-105,Harbor Components,HAR-2026-06-3596,2026-06-05,2026-07-05,347.38,USD,HPO-2026-06-3596,PAID,2026-06-23,2026-06,warehouse consumables 2026-06,JE-HAP-2026-06-3596
HAP-2026-06-3597,VEND-109,Timber Systems,TIM-2026-06-3597,2026-06-05,2026-07-05,132.99,USD,HPO-2026-06-3597,PAID,2026-06-23,2026-06,security monitoring hosts 2026-06,JE-HAP-2026-06-3597
HAP-2026-06-3598,VEND-113,Ginkgo Partners,GIN-2026-06-3598,2026-06-05,2026-07-05,31.1,USD,HPO-2026-06-3598,PAID,2026-06-23,2026-06,usage overage block 2026-06,JE-HAP-2026-06-3598
HAP-2026-06-3599,VEND-117,Teak Studio,TEA-2026-06-3599,2026-06-05,2026-07-05,7201.21,USD,HPO-2026-06-3599,PAID,2026-06-23,2026-06,premium support 2026-06,JE-HAP-2026-06-3599
HAP-2026-06-3600,VEND-121,Harbor Supply,HAR-2026-06-3600,2026-06-05,2026-07-05,232.32,USD,HPO-2026-06-3600,PAID,2026-06-23,2026-06,warehouse consumables 2026-06,JE-HAP-2026-06-3600
HAP-2026-06-3601,VEND-125,Timber Components,TIM-2026-06-3601,2026-06-05,2026-07-05,97.43,USD,HPO-2026-06-3601,PAID,2026-06-23,2026-06,security monitoring hosts 2026-06,JE-HAP-2026-06-3601
HAP-2026-06-3602,VEND-129,Ginkgo Systems,GIN-2026-06-3602,2026-06-05,2026-07-05,151.54,USD,HPO-2026-06-3602,PAID,2026-06-23,2026-06,usage overage block 2026-06,JE-HAP-2026-06-3602
HAP-2026-06-3603,VEND-133,Teak Partners,TEA-2026-06-3603,2026-06-05,2026-07-05,1801.65,USD,HPO-2026-06-3603,PAID,2026-06-23,2026-06,premium support 2026-06,JE-HAP-2026-06-3603
HAP-2026-06-3604,VEND-137,Harbor Studio,HAR-2026-06-3604,2026-06-05,2026-07-05,117.26,USD,HPO-2026-06-3604,PAID,2026-06-23,2026-06,warehouse consumables 2026-06,JE-HAP-2026-06-3604
HAP-2026-06-3605,VEND-141,Timber Supply,TIM-2026-06-3605,2026-06-05,2026-07-05,61.87,USD,HPO-2026-06-3605,PAID,2026-06-23,2026-06,security monitoring hosts 2026-06,JE-HAP-2026-06-3605
HAP-2026-06-3606,VEND-145,Ginkgo Components,GIN-2026-06-3606,2026-06-05,2026-07-05,106.98,USD,HPO-2026-06-3606,PAID,2026-06-23,2026-06,usage overage block 2026-06,JE-HAP-2026-06-3606
HAP-2026-06-3607,VEND-149,Teak Systems,TEA-2026-06-3607,2026-06-05,2026-07-05,16202.09,USD,HPO-2026-06-3607,PAID,2026-06-23,2026-06,premium support 2026-06,JE-HAP-2026-06-3607
HAP-2026-06-3608,VEND-153,Harbor Partners,HAR-2026-06-3608,2026-06-05,2026-07-05,425.7,USD,HPO-2026-06-3608,PAID,2026-06-23,2026-06,warehouse consumables 2026-06,JE-HAP-2026-06-3608
HAP-2026-06-3609,VEND-135,Beacon Components,BEA-2026-06-3609,2026-06-06,2026-07-06,32.31,USD,HPO-2026-06-3609,PAID,2026-06-24,2026-06,usage overage block 2026-06,JE-HAP-2026-06-3609
HAP-2026-06-3610,VEND-139,Nimbus Systems,NIM-2026-06-3610,2026-06-06,2026-07-06,7202.42,USD,HPO-2026-06-3610,PAID,2026-06-24,2026-06,premium support 2026-06,JE-HAP-2026-06-3610
HAP-2026-06-3611,VEND-143,Alder Partners,ALD-2026-06-3611,2026-06-06,2026-07-06,231.0,USD,HPO-2026-06-3611,PAID,2026-06-24,2026-06,warehouse consumables 2026-06,JE-HAP-2026-06-3611
HAP-2026-06-3612,VEND-147,Northwood Studio,NOR-2026-06-3612,2026-06-06,2026-07-06,96.11,USD,HPO-2026-06-3612,PAID,2026-06-24,2026-06,security monitoring hosts 2026-06,JE-HAP-2026-06-3612
HAP-2026-06-3613,VEND-151,Beacon Supply,BEA-2026-06-3613,2026-06-06,2026-07-06,150.22,USD,HPO-2026-06-3613,PAID,2026-06-24,2026-06,usage overage block 2026-06,JE-HAP-2026-06-3613
HAP-2026-06-3614,VEND-155,Nimbus Components,NIM-2026-06-3614,2026-06-06,2026-07-06,1800.33,USD,HPO-2026-06-3614,PAID,2026-06-24,2026-06,premium support 2026-06,JE-HAP-2026-06-3614
HAP-2026-06-3615,VEND-159,Alder Systems,ALD-2026-06-3615,2026-06-06,2026-07-06,115.94,USD,HPO-2026-06-3615,PAID,2026-06-24,2026-06,warehouse consumables 2026-06,JE-HAP-2026-06-3615
HAP-2026-06-3616,VEND-163,Northwood Partners,NOR-2026-06-3616,2026-06-06,2026-07-06,60.55,USD,HPO-2026-06-3616,PAID,2026-06-24,2026-06,security monitoring hosts 2026-06,JE-HAP-2026-06-3616
HAP-2026-06-3617,VEND-167,Beacon Studio,BEA-2026-06-3617,2026-06-06,2026-07-06,105.66,USD,HPO-2026-06-3617,PAID,2026-06-24,2026-06,usage overage block 2026-06,JE-HAP-2026-06-3617
HAP-2026-06-3618,VEND-171,Nimbus Supply,NIM-2026-06-3618,2026-06-06,2026-07-06,16200.77,USD,HPO-2026-06-3618,PAID,2026-06-24,2026-06,premium support 2026-06,JE-HAP-2026-06-3618
HAP-2026-06-3619,VEND-175,Alder Components,ALD-2026-06-3619,2026-06-06,2026-07-06,424.38,USD,HPO-2026-06-3619,PAID,2026-06-24,2026-06,warehouse consumables 2026-06,JE-HAP-2026-06-3619
HAP-2026-06-3620,VEND-179,Northwood Systems,NOR-2026-06-3620,2026-06-06,2026-07-06,24.99,USD,HPO-2026-06-3620,PAID,2026-06-24,2026-06,security monitoring hosts 2026-06,JE-HAP-2026-06-3620
HAP-2026-06-3621,VEND-183,Beacon Partners,BEA-2026-06-3621,2026-06-06,2026-07-06,61.1,USD,HPO-2026-06-3621,PAID,2026-06-24,2026-06,usage overage block 2026-06,JE-HAP-2026-06-3621
HAP-2026-06-3622,VEND-187,Nimbus Studio,NIM-2026-06-3622,2026-06-06,2026-07-06,10801.21,USD,HPO-2026-06-3622,PAID,2026-06-24,2026-06,premium support 2026-06,JE-HAP-2026-06-3622
HAP-2026-06-3623,VEND-191,Alder Supply,ALD-2026-06-3623,2026-06-06,2026-07-06,309.32,USD,HPO-2026-06-3623,PAID,2026-06-24,2026-06,warehouse consumables 2026-06,JE-HAP-2026-06-3623
HAP-2026-06-3624,VEND-195,Northwood Components,NOR-2026-06-3624,2026-06-06,2026-07-06,121.43,USD,HPO-2026-06-3624,PAID,2026-06-24,2026-06,security monitoring hosts 2026-06,JE-HAP-2026-06-3624
HAP-2026-06-3625,VEND-199,Beacon Systems,BEA-2026-06-3625,2026-06-06,2026-07-06,16.54,USD,HPO-2026-06-3625,PAID,2026-06-24,2026-06,usage overage block 2026-06,JE-HAP-2026-06-3625
HAP-2026-06-3626,VEND-203,Nimbus Partners,NIM-2026-06-3626,2026-06-06,2026-07-06,5401.65,USD,HPO-2026-06-3626,PAID,2026-06-24,2026-06,premium support 2026-06,JE-HAP-2026-06-3626
HAP-2026-06-3627,VEND-207,Alder Studio,ALD-2026-06-3627,2026-06-06,2026-07-06,194.26,USD,HPO-2026-06-3627,PAID,2026-06-24,2026-06,warehouse consumables 2026-06,JE-HAP-2026-06-3627
HAP-2026-06-3628,VEND-211,Northwood Supply,NOR-2026-06-3628,2026-06-06,2026-07-06,85.87,USD,HPO-2026-06-3628,PAID,2026-06-24,2026-06,security monitoring hosts 2026-06,JE-HAP-2026-06-3628
HAP-2026-06-3629,VEND-215,Beacon Components,BEA-2026-06-3629,2026-06-06,2026-07-06,136.98,USD,HPO-2026-06-3629,PAID,2026-06-24,2026-06,usage overage block 2026-06,JE-HAP-2026-06-3629
HAP-2026-06-3630,VEND-219,Nimbus Systems,NIM-2026-06-3630,2026-06-06,2026-07-06,19802.09,USD,HPO-2026-06-3630,PAID,2026-06-24,2026-06,premium support 2026-06,JE-HAP-2026-06-3630
HAP-2026-06-3631,VEND-201,Harbor Supply,HAR-2026-06-3631,2026-06-07,2026-07-07,26.2,USD,HPO-2026-06-3631,PAID,2026-06-25,2026-06,security monitoring hosts 2026-06,JE-HAP-2026-06-3631
HAP-2026-06-3632,VEND-205,Timber Components,TIM-2026-06-3632,2026-06-07,2026-07-07,62.31,USD,HPO-2026-06-3632,PAID,2026-06-25,2026-06,usage overage block 2026-06,JE-HAP-2026-06-3632
HAP-2026-06-3633,VEND-209,Ginkgo Systems,GIN-2026-06-3633,2026-06-07,2026-07-07,10802.42,USD,HPO-2026-06-3633,PAID,2026-06-25,2026-06,premium support 2026-06,JE-HAP-2026-06-3633
HAP-2026-06-3634,VEND-213,Teak Partners,TEA-2026-06-3634,2026-06-07,2026-07-07,308.0,USD,HPO-2026-06-3634,PAID,2026-06-25,2026-06,warehouse consumables 2026-06,JE-HAP-2026-06-3634
HAP-2026-06-3635,VEND-217,Harbor Studio,HAR-2026-06-3635,2026-06-07,2026-07-07,120.11,USD,HPO-2026-06-3635,PAID,2026-06-25,2026-06,security monitoring hosts 2026-06,JE-HAP-2026-06-3635
HAP-2026-06-3636,VEND-221,Timber Supply,TIM-2026-06-3636,2026-06-07,2026-07-07,15.22,USD,HPO-2026-06-3636,PAID,2026-06-25,2026-06,usage overage block 2026-06,JE-HAP-2026-06-3636
HAP-2026-06-3637,VEND-225,Ginkgo Components,GIN-2026-06-3637,2026-06-07,2026-07-07,5400.33,USD,HPO-2026-06-3637,PAID,2026-06-25,2026-06,premium support 2026-06,JE-HAP-2026-06-3637
HAP-2026-06-3638,VEND-229,Teak Systems,TEA-2026-06-3638,2026-06-07,2026-07-07,192.94,USD,HPO-2026-06-3638,PAID,2026-06-25,2026-06,warehouse consumables 2026-06,JE-HAP-2026-06-3638
HAP-2026-06-3639,VEND-233,Harbor Partners,HAR-2026-06-3639,2026-06-07,2026-07-07,84.55,USD,HPO-2026-06-3639,PAID,2026-06-25,2026-06,security monitoring hosts 2026-06,JE-HAP-2026-06-3639
HAP-2026-06-3640,VEND-237,Timber Studio,TIM-2026-06-3640,2026-06-07,2026-07-07,135.66,USD,HPO-2026-06-3640,PAID,2026-06-25,2026-06,usage overage block 2026-06,JE-HAP-2026-06-3640
HAP-2026-06-3641,VEND-241,Ginkgo Supply,GIN-2026-06-3641,2026-06-07,2026-07-07,19800.77,USD,HPO-2026-06-3641,PAID,2026-06-25,2026-06,premium support 2026-06,JE-HAP-2026-06-3641
HAP-2026-06-3642,VEND-245,Teak Components,TEA-2026-06-3642,2026-06-07,2026-07-07,77.88,USD,HPO-2026-06-3642,PAID,2026-06-25,2026-06,warehouse consumables 2026-06,JE-HAP-2026-06-3642
HAP-2026-06-3643,VEND-249,Harbor Systems,HAR-2026-06-3643,2026-06-07,2026-07-07,48.99,USD,HPO-2026-06-3643,PAID,2026-06-25,2026-06,security monitoring hosts 2026-06,JE-HAP-2026-06-3643
HAP-2026-06-3644,VEND-253,Timber Partners,TIM-2026-06-3644,2026-06-07,2026-07-07,91.1,USD,HPO-2026-06-3644,PAID,2026-06-25,2026-06,usage overage block 2026-06,JE-HAP-2026-06-3644
HAP-2026-06-3645,VEND-257,Ginkgo Studio,GIN-2026-06-3645,2026-06-07,2026-07-07,14401.21,USD,HPO-2026-06-3645,PAID,2026-06-25,2026-06,premium support 2026-06,JE-HAP-2026-06-3645
HAP-2026-06-3646,VEND-261,Teak Supply,TEA-2026-06-3646,2026-06-07,2026-07-07,386.32,USD,HPO-2026-06-3646,PAID,2026-06-25,2026-06,warehouse consumables 2026-06,JE-HAP-2026-06-3646
HAP-2026-06-3647,VEND-265,Harbor Components,HAR-2026-06-3647,2026-06-07,2026-07-07,13.43,USD,HPO-2026-06-3647,PAID,2026-06-25,2026-06,security monitoring hosts 2026-06,JE-HAP-2026-06-3647
HAP-2026-06-3648,VEND-269,Timber Systems,TIM-2026-06-3648,2026-06-07,2026-07-07,46.54,USD,HPO-2026-06-3648,PAID,2026-06-25,2026-06,usage overage block 2026-06,JE-HAP-2026-06-3648
HAP-2026-06-3649,VEND-273,Ginkgo Partners,GIN-2026-06-3649,2026-06-07,2026-07-07,9001.65,USD,HPO-2026-06-3649,PAID,2026-06-25,2026-06,premium support 2026-06,JE-HAP-2026-06-3649
HAP-2026-06-3650,VEND-277,Teak Studio,TEA-2026-06-3650,2026-06-07,2026-07-07,271.26,USD,HPO-2026-06-3650,PAID,2026-06-25,2026-06,warehouse consumables 2026-06,JE-HAP-2026-06-3650
HAP-2026-06-3651,VEND-281,Harbor Supply,HAR-2026-06-3651,2026-06-07,2026-07-07,109.87,USD,HPO-2026-06-3651,PAID,2026-06-25,2026-06,security monitoring hosts 2026-06,JE-HAP-2026-06-3651
HAP-2026-06-3652,VEND-285,Timber Components,TIM-2026-06-3652,2026-06-07,2026-07-07,166.98,USD,HPO-2026-06-3652,PAID,2026-06-25,2026-06,usage overage block 2026-06,JE-HAP-2026-06-3652
HAP-2026-06-3653,VEND-267,Nimbus Studio,NIM-2026-06-3653,2026-06-08,2026-07-08,79.09,USD,HPO-2026-06-3653,PAID,2026-06-26,2026-06,warehouse consumables 2026-06,JE-HAP-2026-06-3653
HAP-2026-06-3654,VEND-271,Alder Supply,ALD-2026-06-3654,2026-06-08,2026-07-08,50.2,USD,HPO-2026-06-3654,PAID,2026-06-26,2026-06,security monitoring hosts 2026-06,JE-HAP-2026-06-3654
HAP-2026-06-3655,VEND-275,Northwood Components,NOR-2026-06-3655,2026-06-08,2026-07-08,92.31,USD,HPO-2026-06-3655,PAID,2026-06-26,2026-06,usage overage block 2026-06,JE-HAP-2026-06-3655
HAP-2026-06-3656,VEND-279,Beacon Systems,BEA-2026-06-3656,2026-06-08,2026-07-08,14402.42,USD,HPO-2026-06-3656,PAID,2026-06-26,2026-06,premium support 2026-06,JE-HAP-2026-06-3656
HAP-2026-06-3657,VEND-283,Nimbus Partners,NIM-2026-06-3657,2026-06-08,2026-07-08,385.0,USD,HPO-2026-06-3657,PAID,2026-06-26,2026-06,warehouse consumables 2026-06,JE-HAP-2026-06-3657
HAP-2026-06-3658,VEND-287,Alder Studio,ALD-2026-06-3658,2026-06-08,2026-07-08,12.11,USD,HPO-2026-06-3658,PAID,2026-06-26,2026-06,security monitoring hosts 2026-06,JE-HAP-2026-06-3658
HAP-2026-06-3659,VEND-291,Northwood Supply,NOR-2026-06-3659,2026-06-08,2026-07-08,45.22,USD,HPO-2026-06-3659,PAID,2026-06-26,2026-06,usage overage block 2026-06,JE-HAP-2026-06-3659
HAP-2026-06-3660,VEND-295,Beacon Components,BEA-2026-06-3660,2026-06-08,2026-07-08,9000.33,USD,HPO-2026-06-3660,PAID,2026-06-26,2026-06,premium support 2026-06,JE-HAP-2026-06-3660
HAP-2026-06-3661,VEND-299,Nimbus Systems,NIM-2026-06-3661,2026-06-08,2026-07-08,269.94,USD,HPO-2026-06-3661,PAID,2026-06-26,2026-06,warehouse consumables 2026-06,JE-HAP-2026-06-3661
HAP-2026-06-3662,VEND-303,Alder Partners,ALD-2026-06-3662,2026-06-08,2026-07-08,108.55,USD,HPO-2026-06-3662,PAID,2026-06-26,2026-06,security monitoring hosts 2026-06,JE-HAP-2026-06-3662
HAP-2026-06-3663,VEND-307,Northwood Studio,NOR-2026-06-3663,2026-06-08,2026-07-08,165.66,USD,HPO-2026-06-3663,PAID,2026-06-26,2026-06,usage overage block 2026-06,JE-HAP-2026-06-3663
HAP-2026-06-3664,VEND-311,Beacon Supply,BEA-2026-06-3664,2026-06-08,2026-07-08,3600.77,USD,HPO-2026-06-3664,PAID,2026-06-26,2026-06,premium support 2026-06,JE-HAP-2026-06-3664
HAP-2026-06-3665,VEND-315,Nimbus Components,NIM-2026-06-3665,2026-06-08,2026-07-08,154.88,USD,HPO-2026-06-3665,PAID,2026-06-26,2026-06,warehouse consumables 2026-06,JE-HAP-2026-06-3665
HAP-2026-06-3666,VEND-319,Alder Systems,ALD-2026-06-3666,2026-06-08,2026-07-08,72.99,USD,HPO-2026-06-3666,PAID,2026-06-26,2026-06,security monitoring hosts 2026-06,JE-HAP-2026-06-3666
HAP-2026-06-3667,VEND-323,Northwood Partners,NOR-2026-06-3667,2026-06-08,2026-07-08,121.1,USD,HPO-2026-06-3667,PAID,2026-06-26,2026-06,usage overage block 2026-06,JE-HAP-2026-06-3667
HAP-2026-06-3668,VEND-002,Amazon Web Services,AMA-2026-06-3668,2026-06-08,2026-07-08,18001.21,USD,HPO-2026-06-3668,PAID,2026-06-26,2026-06,premium support 2026-06,JE-HAP-2026-06-3668
HAP-2026-06-3669,VEND-006,Datadog,DAT-2026-06-3669,2026-06-08,2026-07-08,39.82,USD,HPO-2026-06-3669,PAID,2026-06-26,2026-06,warehouse consumables 2026-06,JE-HAP-2026-06-3669
HAP-2026-06-3670,VEND-011,Hartford Insurance,HAR-2026-06-3670,2026-06-08,2026-07-08,37.43,USD,HPO-2026-06-3670,PAID,2026-06-26,2026-06,security monitoring hosts 2026-06,JE-HAP-2026-06-3670
HAP-2026-06-3671,VEND-015,Harbor Electric,HAR-2026-06-3671,2026-06-08,2026-07-08,76.54,USD,HPO-2026-06-3671,PAID,2026-06-26,2026-06,usage overage block 2026-06,JE-HAP-2026-06-3671
HAP-2026-06-3672,VEND-019,Freightline Logistics,FRE-2026-06-3672,2026-06-08,2026-07-08,12601.65,USD,HPO-2026-06-3672,PAID,2026-06-26,2026-06,premium support 2026-06,JE-HAP-2026-06-3672
HAP-2026-06-3673,VEND-023,Notion Labs,NOT-2026-06-3673,2026-06-08,2026-07-08,348.26,USD,HPO-2026-06-3673,PAID,2026-06-26,2026-06,warehouse consumables 2026-06,JE-HAP-2026-06-3673
HAP-2026-06-3674,VEND-027,Zoom Video,ZOO-2026-06-3674,2026-06-08,2026-07-08,133.87,USD,HPO-2026-06-3674,PAID,2026-06-26,2026-06,security monitoring hosts 2026-06,JE-HAP-2026-06-3674
HAP-2026-06-3675,VEND-008,Figma,FIG-2026-06-3675,2026-06-09,2026-07-09,3601.98,USD,HPO-2026-06-3675,PAID,2026-06-27,2026-06,premium support 2026-06,JE-HAP-2026-06-3675
HAP-2026-06-3676,VEND-013,Cambridge Properties,CAM-2026-06-3676,2026-06-09,2026-07-09,156.09,USD,HPO-2026-06-3676,PAID,2026-06-27,2026-06,warehouse consumables 2026-06,JE-HAP-2026-06-3676
HAP-2026-06-3677,VEND-017,GitHub,GIT-2026-06-3677,2026-06-09,2026-07-09,74.2,USD,HPO-2026-06-3677,PAID,2026-06-27,2026-06,security monitoring hosts 2026-06,JE-HAP-2026-06-3677
HAP-2026-06-3678,VEND-021,Misc Supplies,MIS-2026-06-3678,2026-06-09,2026-07-09,122.31,USD,HPO-2026-06-3678,PAID,2026-06-27,2026-06,usage overage block 2026-06,JE-HAP-2026-06-3678
HAP-2026-06-3679,VEND-025,Okta,OKT-2026-06-3679,2026-06-09,2026-07-09,18002.42,USD,HPO-2026-06-3679,PAID,2026-06-27,2026-06,premium support 2026-06,JE-HAP-2026-06-3679
HAP-2026-06-3680,VEND-029,Cloudflare,CLO-2026-06-3680,2026-06-09,2026-07-09,38.5,USD,HPO-2026-06-3680,PAID,2026-06-27,2026-06,warehouse consumables 2026-06,JE-HAP-2026-06-3680
HAP-2026-06-3681,VEND-033,Staples Business Advantage,STA-2026-06-3681,2026-06-09,2026-07-09,36.11,USD,HPO-2026-06-3681,PAID,2026-06-27,2026-06,security monitoring hosts 2026-06,JE-HAP-2026-06-3681
HAP-2026-06-3682,VEND-037,Comcast Business,COM-2026-06-3682,2026-06-09,2026-07-09,75.22,USD,HPO-2026-06-3682,PAID,2026-06-27,2026-06,usage overage block 2026-06,JE-HAP-2026-06-3682
HAP-2026-06-3683,VEND-041,HubSpot,HUB-2026-06-3683,2026-06-09,2026-07-09,12600.33,USD,HPO-2026-06-3683,PAID,2026-06-27,2026-06,premium support 2026-06,JE-HAP-2026-06-3683
HAP-2026-06-3684,VEND-045,Palo Alto Networks,PAL-2026-06-3684,2026-06-09,2026-07-09,346.94,USD,HPO-2026-06-3684,PAID,2026-06-27,2026-06,warehouse consumables 2026-06,JE-HAP-2026-06-3684
HAP-2026-06-3685,VEND-049,Vanta,VAN-2026-06-3685,2026-06-09,2026-07-09,132.55,USD,HPO-2026-06-3685,PAID,2026-06-27,2026-06,security monitoring hosts 2026-06,JE-HAP-2026-06-3685
HAP-2026-06-3686,VEND-053,Teak Partners,TEA-2026-06-3686,2026-06-09,2026-07-09,30.66,USD,HPO-2026-06-3686,PAID,2026-06-27,2026-06,usage overage block 2026-06,JE-HAP-2026-06-3686
HAP-2026-06-3687,VEND-057,Harbor Studio,HAR-2026-06-3687,2026-06-09,2026-07-09,7200.77,USD,HPO-2026-06-3687,PAID,2026-06-27,2026-06,premium support 2026-06,JE-HAP-2026-06-3687
HAP-2026-06-3688,VEND-061,Timber Supply,TIM-2026-06-3688,2026-06-09,2026-07-09,231.88,USD,HPO-2026-06-3688,PAID,2026-06-27,2026-06,warehouse consumables 2026-06,JE-HAP-2026-06-3688
HAP-2026-06-3689,VEND-065,Ginkgo Components,GIN-2026-06-3689,2026-06-09,2026-07-09,96.99,USD,HPO-2026-06-3689,PAID,2026-06-27,2026-06,security monitoring hosts 2026-06,JE-HAP-2026-06-3689
HAP-2026-06-3690,VEND-069,Teak Systems,TEA-2026-06-3690,2026-06-09,2026-07-09,151.1,USD,HPO-2026-06-3690,PAID,2026-06-27,2026-06,usage overage block 2026-06,JE-HAP-2026-06-3690
HAP-2026-06-3691,VEND-073,Harbor Partners,HAR-2026-06-3691,2026-06-09,2026-07-09,1801.21,USD,HPO-2026-06-3691,PAID,2026-06-27,2026-06,premium support 2026-06,JE-HAP-2026-06-3691
HAP-2026-06-3692,VEND-077,Timber Studio,TIM-2026-06-3692,2026-06-09,2026-07-09,116.82,USD,HPO-2026-06-3692,PAID,2026-06-27,2026-06,warehouse consumables 2026-06,JE-HAP-2026-06-3692
HAP-2026-06-3693,VEND-081,Ginkgo Supply,GIN-2026-06-3693,2026-06-09,2026-07-09,61.43,USD,HPO-2026-06-3693,PAID,2026-06-27,2026-06,security monitoring hosts 2026-06,JE-HAP-2026-06-3693
HAP-2026-06-3694,VEND-085,Teak Components,TEA-2026-06-3694,2026-06-09,2026-07-09,106.54,USD,HPO-2026-06-3694,PAID,2026-06-27,2026-06,usage overage block 2026-06,JE-HAP-2026-06-3694
HAP-2026-06-3695,VEND-089,Harbor Systems,HAR-2026-06-3695,2026-06-09,2026-07-09,16201.65,USD,HPO-2026-06-3695,PAID,2026-06-27,2026-06,premium support 2026-06,JE-HAP-2026-06-3695
HAP-2026-06-3696,VEND-093,Timber Partners,TIM-2026-06-3696,2026-06-09,2026-07-09,425.26,USD,HPO-2026-06-3696,PAID,2026-06-27,2026-06,warehouse consumables 2026-06,JE-HAP-2026-06-3696
HAP-2026-06-3697,VEND-075,Nimbus Components,NIM-2026-06-3697,2026-06-10,2026-07-10,31.87,USD,HPO-2026-06-3697,PAID,2026-06-28,2026-06,usage overage block 2026-06,JE-HAP-2026-06-3697
HAP-2026-06-3698,VEND-079,Alder Systems,ALD-2026-06-3698,2026-06-10,2026-07-10,7201.98,USD,HPO-2026-06-3698,PAID,2026-06-28,2026-06,premium support 2026-06,JE-HAP-2026-06-3698
HAP-2026-06-3699,VEND-083,Northwood Partners,NOR-2026-06-3699,2026-06-10,2026-07-10,233.09,USD,HPO-2026-06-3699,PAID,2026-06-28,2026-06,warehouse consumables 2026-06,JE-HAP-2026-06-3699
HAP-2026-06-3700,VEND-087,Beacon Studio,BEA-2026-06-3700,2026-06-10,2026-07-10,98.2,USD,HPO-2026-06-3700,PAID,2026-06-28,2026-06,security monitoring hosts 2026-06,JE-HAP-2026-06-3700
HAP-2026-06-3701,VEND-091,Nimbus Supply,NIM-2026-06-3701,2026-06-10,2026-07-10,152.31,USD,HPO-2026-06-3701,PAID,2026-06-28,2026-06,usage overage block 2026-06,JE-HAP-2026-06-3701
HAP-2026-06-3702,VEND-095,Alder Components,ALD-2026-06-3702,2026-06-10,2026-07-10,1802.42,USD,HPO-2026-06-3702,PAID,2026-06-28,2026-06,premium support 2026-06,JE-HAP-2026-06-3702
HAP-2026-06-3703,VEND-099,Northwood Systems,NOR-2026-06-3703,2026-06-10,2026-07-10,115.5,USD,HPO-2026-06-3703,PAID,2026-06-28,2026-06,warehouse consumables 2026-06,JE-HAP-2026-06-3703
HAP-2026-06-3704,VEND-103,Beacon Partners,BEA-2026-06-3704,2026-06-10,2026-07-10,60.11,USD,HPO-2026-06-3704,PAID,2026-06-28,2026-06,security monitoring hosts 2026-06,JE-HAP-2026-06-3704
HAP-2026-06-3705,VEND-107,Nimbus Studio,NIM-2026-06-3705,2026-06-10,2026-07-10,105.22,USD,HPO-2026-06-3705,PAID,2026-06-28,2026-06,usage overage block 2026-06,JE-HAP-2026-06-3705
HAP-2026-06-3706,VEND-111,Alder Supply,ALD-2026-06-3706,2026-06-10,2026-07-10,16200.33,USD,HPO-2026-06-3706,PAID,2026-06-28,2026-06,premium support 2026-06,JE-HAP-2026-06-3706
HAP-2026-06-3707,VEND-115,Northwood Components,NOR-2026-06-3707,2026-06-10,2026-07-10,423.94,USD,HPO-2026-06-3707,PAID,2026-06-28,2026-06,warehouse consumables 2026-06,JE-HAP-2026-06-3707
HAP-2026-06-3708,VEND-119,Beacon Systems,BEA-2026-06-3708,2026-06-10,2026-07-10,24.55,USD,HPO-2026-06-3708,PAID,2026-06-28,2026-06,security monitoring hosts 2026-06,JE-HAP-2026-06-3708
HAP-2026-06-3709,VEND-123,Nimbus Partners,NIM-2026-06-3709,2026-06-10,2026-07-10,60.66,USD,HPO-2026-06-3709,PAID,2026-06-28,2026-06,usage overage block 2026-06,JE-HAP-2026-06-3709
HAP-2026-06-3710,VEND-127,Alder Studio,ALD-2026-06-3710,2026-06-10,2026-07-10,10800.77,USD,HPO-2026-06-3710,PAID,2026-06-28,2026-06,premium support 2026-06,JE-HAP-2026-06-3710
HAP-2026-06-3711,VEND-131,Northwood Supply,NOR-2026-06-3711,2026-06-10,2026-07-10,308.88,USD,HPO-2026-06-3711,PAID,2026-06-28,2026-06,warehouse consumables 2026-06,JE-HAP-2026-06-3711
HAP-2026-06-3712,VEND-135,Beacon Components,BEA-2026-06-3712,2026-06-10,2026-07-10,120.99,USD,HPO-2026-06-3712,PAID,2026-06-28,2026-06,security monitoring hosts 2026-06,JE-HAP-2026-06-3712
HAP-2026-06-3713,VEND-139,Nimbus Systems,NIM-2026-06-3713,2026-06-10,2026-07-10,16.1,USD,HPO-2026-06-3713,PAID,2026-06-28,2026-06,usage overage block 2026-06,JE-HAP-2026-06-3713
HAP-2026-06-3714,VEND-143,Alder Partners,ALD-2026-06-3714,2026-06-10,2026-07-10,5401.21,USD,HPO-2026-06-3714,PAID,2026-06-28,2026-06,premium support 2026-06,JE-HAP-2026-06-3714
HAP-2026-06-3715,VEND-147,Northwood Studio,NOR-2026-06-3715,2026-06-10,2026-07-10,193.82,USD,HPO-2026-06-3715,PAID,2026-06-28,2026-06,warehouse consumables 2026-06,JE-HAP-2026-06-3715
HAP-2026-06-3716,VEND-151,Beacon Supply,BEA-2026-06-3716,2026-06-10,2026-07-10,85.43,USD,HPO-2026-06-3716,PAID,2026-06-28,2026-06,security monitoring hosts 2026-06,JE-HAP-2026-06-3716
HAP-2026-06-3717,VEND-155,Nimbus Components,NIM-2026-06-3717,2026-06-10,2026-07-10,136.54,USD,HPO-2026-06-3717,PAID,2026-06-28,2026-06,usage overage block 2026-06,JE-HAP-2026-06-3717
HAP-2026-06-3718,VEND-159,Alder Systems,ALD-2026-06-3718,2026-06-10,2026-07-10,19801.65,USD,HPO-2026-06-3718,PAID,2026-06-28,2026-06,premium support 2026-06,JE-HAP-2026-06-3718
HAP-2026-06-3719,VEND-141,Timber Supply,TIM-2026-06-3719,2026-06-11,2026-07-11,25.76,USD,HPO-2026-06-3719,PAID,2026-06-29,2026-06,security monitoring hosts 2026-06,JE-HAP-2026-06-3719
HAP-2026-06-3720,VEND-145,Ginkgo Components,GIN-2026-06-3720,2026-06-11,2026-07-11,61.87,USD,HPO-2026-06-3720,PAID,2026-06-29,2026-06,usage overage block 2026-06,JE-HAP-2026-06-3720
HAP-2026-06-3721,VEND-149,Teak Systems,TEA-2026-06-3721,2026-06-11,2026-07-11,10801.98,USD,HPO-2026-06-3721,PAID,2026-06-29,2026-06,premium support 2026-06,JE-HAP-2026-06-3721
HAP-2026-06-3722,VEND-153,Harbor Partners,HAR-2026-06-3722,2026-06-11,2026-07-11,310.09,USD,HPO-2026-06-3722,PAID,2026-06-29,2026-06,warehouse consumables 2026-06,JE-HAP-2026-06-3722
HAP-2026-06-3723,VEND-157,Timber Studio,TIM-2026-06-3723,2026-06-11,2026-07-11,122.2,USD,HPO-2026-06-3723,PAID,2026-06-29,2026-06,security monitoring hosts 2026-06,JE-HAP-2026-06-3723
HAP-2026-06-3724,VEND-161,Ginkgo Supply,GIN-2026-06-3724,2026-06-11,2026-07-11,17.31,USD,HPO-2026-06-3724,PAID,2026-06-29,2026-06,usage overage block 2026-06,JE-HAP-2026-06-3724
HAP-2026-06-3725,VEND-165,Teak Components,TEA-2026-06-3725,2026-06-11,2026-07-11,5402.42,USD,HPO-2026-06-3725,PAID,2026-06-29,2026-06,premium support 2026-06,JE-HAP-2026-06-3725
HAP-2026-06-3726,VEND-169,Harbor Systems,HAR-2026-06-3726,2026-06-11,2026-07-11,192.5,USD,HPO-2026-06-3726,PAID,2026-06-29,2026-06,warehouse consumables 2026-06,JE-HAP-2026-06-3726
HAP-2026-06-3727,VEND-173,Timber Partners,TIM-2026-06-3727,2026-06-11,2026-07-11,84.11,USD,HPO-2026-06-3727,PAID,2026-06-29,2026-06,security monitoring hosts 2026-06,JE-HAP-2026-06-3727
HAP-2026-06-3728,VEND-177,Ginkgo Studio,GIN-2026-06-3728,2026-06-11,2026-07-11,135.22,USD,HPO-2026-06-3728,PAID,2026-06-29,2026-06,usage overage block 2026-06,JE-HAP-2026-06-3728
HAP-2026-06-3729,VEND-181,Teak Supply,TEA-2026-06-3729,2026-06-11,2026-07-11,19800.33,USD,HPO-2026-06-3729,PAID,2026-06-29,2026-06,premium support 2026-06,JE-HAP-2026-06-3729
HAP-2026-06-3730,VEND-185,Harbor Components,HAR-2026-06-3730,2026-06-11,2026-07-11,77.44,USD,HPO-2026-06-3730,PAID,2026-06-29,2026-06,warehouse consumables 2026-06,JE-HAP-2026-06-3730
HAP-2026-06-3731,VEND-189,Timber Systems,TIM-2026-06-3731,2026-06-11,2026-07-11,48.55,USD,HPO-2026-06-3731,PAID,2026-06-29,2026-06,security monitoring hosts 2026-06,JE-HAP-2026-06-3731
HAP-2026-06-3732,VEND-193,Ginkgo Partners,GIN-2026-06-3732,2026-06-11,2026-07-11,90.66,USD,HPO-2026-06-3732,PAID,2026-06-29,2026-06,usage overage block 2026-06,JE-HAP-2026-06-3732
HAP-2026-06-3733,VEND-197,Teak Studio,TEA-2026-06-3733,2026-06-11,2026-07-11,14400.77,USD,HPO-2026-06-3733,PAID,2026-06-29,2026-06,premium support 2026-06,JE-HAP-2026-06-3733
HAP-2026-06-3734,VEND-201,Harbor Supply,HAR-2026-06-3734,2026-06-11,2026-07-11,385.88,USD,HPO-2026-06-3734,PAID,2026-06-29,2026-06,warehouse consumables 2026-06,JE-HAP-2026-06-3734
HAP-2026-06-3735,VEND-205,Timber Components,TIM-2026-06-3735,2026-06-11,2026-07-11,12.99,USD,HPO-2026-06-3735,PAID,2026-06-29,2026-06,security monitoring hosts 2026-06,JE-HAP-2026-06-3735
HAP-2026-06-3736,VEND-209,Ginkgo Systems,GIN-2026-06-3736,2026-06-11,2026-07-11,46.1,USD,HPO-2026-06-3736,PAID,2026-06-29,2026-06,usage overage block 2026-06,JE-HAP-2026-06-3736
HAP-2026-06-3737,VEND-213,Teak Partners,TEA-2026-06-3737,2026-06-11,2026-07-11,9001.21,USD,HPO-2026-06-3737,PAID,2026-06-29,2026-06,premium support 2026-06,JE-HAP-2026-06-3737
HAP-2026-06-3738,VEND-217,Harbor Studio,HAR-2026-06-3738,2026-06-11,2026-07-11,270.82,USD,HPO-2026-06-3738,PAID,2026-06-29,2026-06,warehouse consumables 2026-06,JE-HAP-2026-06-3738
HAP-2026-06-3739,VEND-221,Timber Supply,TIM-2026-06-3739,2026-06-11,2026-07-11,109.43,USD,HPO-2026-06-3739,PAID,2026-06-29,2026-06,security monitoring hosts 2026-06,JE-HAP-2026-06-3739
HAP-2026-06-3740,VEND-225,Ginkgo Components,GIN-2026-06-3740,2026-06-11,2026-07-11,166.54,USD,HPO-2026-06-3740,PAID,2026-06-29,2026-06,usage overage block 2026-06,JE-HAP-2026-06-3740
HAP-2026-06-3741,VEND-207,Alder Studio,ALD-2026-06-3741,2026-06-12,2026-07-12,78.65,USD,HPO-2026-06-3741,PAID,2026-06-30,2026-06,warehouse consumables 2026-06,JE-HAP-2026-06-3741
HAP-2026-06-3742,VEND-211,Northwood Supply,NOR-2026-06-3742,2026-06-12,2026-07-12,49.76,USD,HPO-2026-06-3742,PAID,2026-06-30,2026-06,security monitoring hosts 2026-06,JE-HAP-2026-06-3742
HAP-2026-06-3743,VEND-215,Beacon Components,BEA-2026-06-3743,2026-06-12,2026-07-12,91.87,USD,HPO-2026-06-3743,PAID,2026-06-30,2026-06,usage overage block 2026-06,JE-HAP-2026-06-3743
HAP-2026-06-3744,VEND-219,Nimbus Systems,NIM-2026-06-3744,2026-06-12,2026-07-12,14401.98,USD,HPO-2026-06-3744,PAID,2026-06-30,2026-06,premium support 2026-06,JE-HAP-2026-06-3744
HAP-2026-06-3745,VEND-223,Alder Partners,ALD-2026-06-3745,2026-06-12,2026-07-12,387.09,USD,HPO-2026-06-3745,PAID,2026-06-30,2026-06,warehouse consumables 2026-06,JE-HAP-2026-06-3745
HAP-2026-06-3746,VEND-227,Northwood Studio,NOR-2026-06-3746,2026-06-12,2026-07-12,14.2,USD,HPO-2026-06-3746,PAID,2026-06-30,2026-06,security monitoring hosts 2026-06,JE-HAP-2026-06-3746
HAP-2026-06-3747,VEND-231,Beacon Supply,BEA-2026-06-3747,2026-06-12,2026-07-12,47.31,USD,HPO-2026-06-3747,PAID,2026-06-30,2026-06,usage overage block 2026-06,JE-HAP-2026-06-3747
HAP-2026-06-3748,VEND-235,Nimbus Components,NIM-2026-06-3748,2026-06-12,2026-07-12,9002.42,USD,HPO-2026-06-3748,PAID,2026-06-30,2026-06,premium support 2026-06,JE-HAP-2026-06-3748
HAP-2026-06-3749,VEND-239,Alder Systems,ALD-2026-06-3749,2026-06-12,2026-07-12,269.5,USD,HPO-2026-06-3749,PAID,2026-06-30,2026-06,warehouse consumables 2026-06,JE-HAP-2026-06-3749
HAP-2026-06-3750,VEND-243,Northwood Partners,NOR-2026-06-3750,2026-06-12,2026-07-12,108.11,USD,HPO-2026-06-3750,PAID,2026-06-30,2026-06,security monitoring hosts 2026-06,JE-HAP-2026-06-3750
HAP-2026-06-3751,VEND-247,Beacon Studio,BEA-2026-06-3751,2026-06-12,2026-07-12,165.22,USD,HPO-2026-06-3751,PAID,2026-06-30,2026-06,usage overage block 2026-06,JE-HAP-2026-06-3751
HAP-2026-06-3752,VEND-251,Nimbus Supply,NIM-2026-06-3752,2026-06-12,2026-07-12,3600.33,USD,HPO-2026-06-3752,PAID,2026-06-30,2026-06,premium support 2026-06,JE-HAP-2026-06-3752
HAP-2026-06-3753,VEND-255,Alder Components,ALD-2026-06-3753,2026-06-12,2026-07-12,154.44,USD,HPO-2026-06-3753,PAID,2026-06-30,2026-06,warehouse consumables 2026-06,JE-HAP-2026-06-3753
HAP-2026-06-3754,VEND-259,Northwood Systems,NOR-2026-06-3754,2026-06-12,2026-07-12,72.55,USD,HPO-2026-06-3754,PAID,2026-06-30,2026-06,security monitoring hosts 2026-06,JE-HAP-2026-06-3754
HAP-2026-06-3755,VEND-263,Beacon Partners,BEA-2026-06-3755,2026-06-12,2026-07-12,120.66,USD,HPO-2026-06-3755,PAID,2026-06-30,2026-06,usage overage block 2026-06,JE-HAP-2026-06-3755
HAP-2026-06-3756,VEND-267,Nimbus Studio,NIM-2026-06-3756,2026-06-12,2026-07-12,18000.77,USD,HPO-2026-06-3756,PAID,2026-06-30,2026-06,premium support 2026-06,JE-HAP-2026-06-3756
HAP-2026-06-3757,VEND-271,Alder Supply,ALD-2026-06-3757,2026-06-12,2026-07-12,39.38,USD,HPO-2026-06-3757,PAID,2026-06-30,2026-06,warehouse consumables 2026-06,JE-HAP-2026-06-3757
HAP-2026-06-3758,VEND-275,Northwood Components,NOR-2026-06-3758,2026-06-12,2026-07-12,36.99,USD,HPO-2026-06-3758,PAID,2026-06-30,2026-06,security monitoring hosts 2026-06,JE-HAP-2026-06-3758
HAP-2026-06-3759,VEND-279,Beacon Systems,BEA-2026-06-3759,2026-06-12,2026-07-12,76.1,USD,HPO-2026-06-3759,PAID,2026-06-30,2026-06,usage overage block 2026-06,JE-HAP-2026-06-3759
HAP-2026-06-3760,VEND-283,Nimbus Partners,NIM-2026-06-3760,2026-06-12,2026-07-12,12601.21,USD,HPO-2026-06-3760,PAID,2026-06-30,2026-06,premium support 2026-06,JE-HAP-2026-06-3760
HAP-2026-06-3761,VEND-287,Alder Studio,ALD-2026-06-3761,2026-06-12,2026-07-12,347.82,USD,HPO-2026-06-3761,PAID,2026-06-30,2026-06,warehouse consumables 2026-06,JE-HAP-2026-06-3761
HAP-2026-06-3762,VEND-291,Northwood Supply,NOR-2026-06-3762,2026-06-12,2026-07-12,133.43,USD,HPO-2026-06-3762,PAID,2026-06-30,2026-06,security monitoring hosts 2026-06,JE-HAP-2026-06-3762
HAP-2026-06-3763,VEND-273,Ginkgo Partners,GIN-2026-06-3763,2026-06-13,2026-07-13,3601.54,USD,HPO-2026-06-3763,PAID,2026-06-30,2026-06,premium support 2026-06,JE-HAP-2026-06-3763
HAP-2026-06-3764,VEND-277,Teak Studio,TEA-2026-06-3764,2026-06-13,2026-07-13,155.65,USD,HPO-2026-06-3764,PAID,2026-06-30,2026-06,warehouse consumables 2026-06,JE-HAP-2026-06-3764
HAP-2026-06-3765,VEND-281,Harbor Supply,HAR-2026-06-3765,2026-06-13,2026-07-13,73.76,USD,HPO-2026-06-3765,PAID,2026-06-30,2026-06,security monitoring hosts 2026-06,JE-HAP-2026-06-3765
HAP-2026-06-3766,VEND-285,Timber Components,TIM-2026-06-3766,2026-06-13,2026-07-13,121.87,USD,HPO-2026-06-3766,PAID,2026-06-30,2026-06,usage overage block 2026-06,JE-HAP-2026-06-3766
HAP-2026-06-3767,VEND-289,Ginkgo Systems,GIN-2026-06-3767,2026-06-13,2026-07-13,18001.98,USD,HPO-2026-06-3767,PAID,2026-06-30,2026-06,premium support 2026-06,JE-HAP-2026-06-3767
HAP-2026-06-3768,VEND-293,Teak Partners,TEA-2026-06-3768,2026-06-13,2026-07-13,40.59,USD,HPO-2026-06-3768,PAID,2026-06-30,2026-06,warehouse consumables 2026-06,JE-HAP-2026-06-3768
HAP-2026-06-3769,VEND-297,Harbor Studio,HAR-2026-06-3769,2026-06-13,2026-07-13,38.2,USD,HPO-2026-06-3769,PAID,2026-06-30,2026-06,security monitoring hosts 2026-06,JE-HAP-2026-06-3769
HAP-2026-06-3770,VEND-301,Timber Supply,TIM-2026-06-3770,2026-06-13,2026-07-13,77.31,USD,HPO-2026-06-3770,PAID,2026-06-30,2026-06,usage overage block 2026-06,JE-HAP-2026-06-3770
HAP-2026-06-3771,VEND-305,Ginkgo Components,GIN-2026-06-3771,2026-06-13,2026-07-13,12602.42,USD,HPO-2026-06-3771,PAID,2026-06-30,2026-06,premium support 2026-06,JE-HAP-2026-06-3771
HAP-2026-06-3772,VEND-309,Teak Systems,TEA-2026-06-3772,2026-06-13,2026-07-13,346.5,USD,HPO-2026-06-3772,PAID,2026-06-30,2026-06,warehouse consumables 2026-06,JE-HAP-2026-06-3772
HAP-2026-06-3773,VEND-313,Harbor Partners,HAR-2026-06-3773,2026-06-13,2026-07-13,132.11,USD,HPO-2026-06-3773,PAID,2026-06-30,2026-06,security monitoring hosts 2026-06,JE-HAP-2026-06-3773
HAP-2026-06-3774,VEND-317,Timber Studio,TIM-2026-06-3774,2026-06-13,2026-07-13,30.22,USD,HPO-2026-06-3774,PAID,2026-06-30,2026-06,usage overage block 2026-06,JE-HAP-2026-06-3774
HAP-2026-06-3775,VEND-321,Ginkgo Supply,GIN-2026-06-3775,2026-06-13,2026-07-13,7200.33,USD,HPO-2026-06-3775,PAID,2026-06-30,2026-06,premium support 2026-06,JE-HAP-2026-06-3775
HAP-2026-06-3776,VEND-001-DUP,Acme Supplies LLC,ACM-2026-06-3776,2026-06-13,2026-07-13,231.44,USD,HPO-2026-06-3776,PAID,2026-06-30,2026-06,warehouse consumables 2026-06,JE-HAP-2026-06-3776
HAP-2026-06-3777,VEND-004,Office Depot,OFF-2026-06-3777,2026-06-13,2026-07-13,96.55,USD,HPO-2026-06-3777,PAID,2026-06-30,2026-06,security monitoring hosts 2026-06,JE-HAP-2026-06-3777
HAP-2026-06-3778,VEND-008,Figma,FIG-2026-06-3778,2026-06-13,2026-07-13,150.66,USD,HPO-2026-06-3778,PAID,2026-06-30,2026-06,usage overage block 2026-06,JE-HAP-2026-06-3778
HAP-2026-06-3779,VEND-013,Cambridge Properties,CAM-2026-06-3779,2026-06-13,2026-07-13,1800.77,USD,HPO-2026-06-3779,PAID,2026-06-30,2026-06,premium support 2026-06,JE-HAP-2026-06-3779
HAP-2026-06-3780,VEND-017,GitHub,GIT-2026-06-3780,2026-06-13,2026-07-13,116.38,USD,HPO-2026-06-3780,PAID,2026-06-30,2026-06,warehouse consumables 2026-06,JE-HAP-2026-06-3780
HAP-2026-06-3781,VEND-021,Misc Supplies,MIS-2026-06-3781,2026-06-13,2026-07-13,60.99,USD,HPO-2026-06-3781,PAID,2026-06-30,2026-06,security monitoring hosts 2026-06,JE-HAP-2026-06-3781
HAP-2026-06-3782,VEND-025,Okta,OKT-2026-06-3782,2026-06-13,2026-07-13,106.1,USD,HPO-2026-06-3782,PAID,2026-06-30,2026-06,usage overage block 2026-06,JE-HAP-2026-06-3782
HAP-2026-06-3783,VEND-029,Cloudflare,CLO-2026-06-3783,2026-06-13,2026-07-13,16201.21,USD,HPO-2026-06-3783,PAID,2026-06-30,2026-06,premium support 2026-06,JE-HAP-2026-06-3783
HAP-2026-06-3784,VEND-033,Staples Business Advantage,STA-2026-06-3784,2026-06-13,2026-07-13,424.82,USD,HPO-2026-06-3784,PAID,2026-06-30,2026-06,warehouse consumables 2026-06,JE-HAP-2026-06-3784
HAP-2026-06-3785,VEND-015,Harbor Electric,HAR-2026-06-3785,2026-06-14,2026-07-14,31.43,USD,HPO-2026-06-3785,PAID,2026-06-30,2026-06,usage overage block 2026-06,JE-HAP-2026-06-3785
HAP-2026-06-3786,VEND-019,Freightline Logistics,FRE-2026-06-3786,2026-06-14,2026-07-14,7201.54,USD,HPO-2026-06-3786,PAID,2026-06-30,2026-06,premium support 2026-06,JE-HAP-2026-06-3786
HAP-2026-06-3787,VEND-023,Notion Labs,NOT-2026-06-3787,2026-06-14,2026-07-14,232.65,USD,HPO-2026-06-3787,PAID,2026-06-30,2026-06,warehouse consumables 2026-06,JE-HAP-2026-06-3787
HAP-2026-06-3788,VEND-027,Zoom Video,ZOO-2026-06-3788,2026-06-14,2026-07-14,97.76,USD,HPO-2026-06-3788,PAID,2026-06-30,2026-06,security monitoring hosts 2026-06,JE-HAP-2026-06-3788
HAP-2026-06-3789,VEND-031,Helios Hardware Supply,HEL-2026-06-3789,2026-06-14,2026-07-14,151.87,USD,HPO-2026-06-3789,PAID,2026-06-30,2026-06,usage overage block 2026-06,JE-HAP-2026-06-3789
HAP-2026-06-3790,VEND-035,ADP,ADP-2026-06-3790,2026-06-14,2026-07-14,1801.98,USD,HPO-2026-06-3790,PAID,2026-06-30,2026-06,premium support 2026-06,JE-HAP-2026-06-3790
HAP-2026-06-3791,VEND-039,CleanRoom Janitorial,CLE-2026-06-3791,2026-06-14,2026-07-14,117.59,USD,HPO-2026-06-3791,PAID,2026-06-30,2026-06,warehouse consumables 2026-06,JE-HAP-2026-06-3791
HAP-2026-06-3792,VEND-043,Adyen NV,ADY-2026-06-3792,2026-06-14,2026-07-14,62.2,USD,HPO-2026-06-3792,PAID,2026-06-30,2026-06,security monitoring hosts 2026-06,JE-HAP-2026-06-3792
HAP-2026-06-3793,VEND-047,Carta,CAR-2026-06-3793,2026-06-14,2026-07-14,107.31,USD,HPO-2026-06-3793,PAID,2026-06-30,2026-06,usage overage block 2026-06,JE-HAP-2026-06-3793
HAP-2026-06-3794,VEND-051,Northwood Supply,NOR-2026-06-3794,2026-06-14,2026-07-14,16202.42,USD,HPO-2026-06-3794,PAID,2026-06-30,2026-06,premium support 2026-06,JE-HAP-2026-06-3794
HAP-2026-06-3795,VEND-055,Beacon Components,BEA-2026-06-3795,2026-06-14,2026-07-14,423.5,USD,HPO-2026-06-3795,PAID,2026-06-30,2026-06,warehouse consumables 2026-06,JE-HAP-2026-06-3795
HAP-2026-06-3796,VEND-059,Nimbus Systems,NIM-2026-06-3796,2026-06-14,2026-07-14,24.11,USD,HPO-2026-06-3796,PAID,2026-06-30,2026-06,security monitoring hosts 2026-06,JE-HAP-2026-06-3796
HAP-2026-06-3797,VEND-063,Alder Partners,ALD-2026-06-3797,2026-06-14,2026-07-14,60.22,USD,HPO-2026-06-3797,PAID,2026-06-30,2026-06,usage overage block 2026-06,JE-HAP-2026-06-3797
HAP-2026-06-3798,VEND-067,Northwood Studio,NOR-2026-06-3798,2026-06-14,2026-07-14,10800.33,USD,HPO-2026-06-3798,PAID,2026-06-30,2026-06,premium support 2026-06,JE-HAP-2026-06-3798
HAP-2026-06-3799,VEND-071,Beacon Supply,BEA-2026-06-3799,2026-06-14,2026-07-14,308.44,USD,HPO-2026-06-3799,PAID,2026-06-30,2026-06,warehouse consumables 2026-06,JE-HAP-2026-06-3799
HAP-2026-06-3800,VEND-075,Nimbus Components,NIM-2026-06-3800,2026-06-14,2026-07-14,120.55,USD,HPO-2026-06-3800,PAID,2026-06-30,2026-06,security monitoring hosts 2026-06,JE-HAP-2026-06-3800
HAP-2026-06-3801,VEND-079,Alder Systems,ALD-2026-06-3801,2026-06-14,2026-07-14,15.66,USD,HPO-2026-06-3801,PAID,2026-06-30,2026-06,usage overage block 2026-06,JE-HAP-2026-06-3801
HAP-2026-06-3802,VEND-083,Northwood Partners,NOR-2026-06-3802,2026-06-14,2026-07-14,5400.77,USD,HPO-2026-06-3802,PAID,2026-06-30,2026-06,premium support 2026-06,JE-HAP-2026-06-3802
HAP-2026-06-3803,VEND-087,Beacon Studio,BEA-2026-06-3803,2026-06-14,2026-07-14,193.38,USD,HPO-2026-06-3803,PAID,2026-06-30,2026-06,warehouse consumables 2026-06,JE-HAP-2026-06-3803
HAP-2026-06-3804,VEND-091,Nimbus Supply,NIM-2026-06-3804,2026-06-14,2026-07-14,84.99,USD,HPO-2026-06-3804,PAID,2026-06-30,2026-06,security monitoring hosts 2026-06,JE-HAP-2026-06-3804
HAP-2026-06-3805,VEND-095,Alder Components,ALD-2026-06-3805,2026-06-14,2026-07-14,136.1,USD,HPO-2026-06-3805,PAID,2026-06-30,2026-06,usage overage block 2026-06,JE-HAP-2026-06-3805
HAP-2026-06-3806,VEND-099,Northwood Systems,NOR-2026-06-3806,2026-06-14,2026-07-14,19801.21,USD,HPO-2026-06-3806,PAID,2026-06-30,2026-06,premium support 2026-06,JE-HAP-2026-06-3806
HAP-2026-06-3807,VEND-081,Ginkgo Supply,GIN-2026-06-3807,2026-06-15,2026-07-15,25.32,USD,HPO-2026-06-3807,PAID,2026-06-30,2026-06,security monitoring hosts 2026-06,JE-HAP-2026-06-3807
HAP-2026-06-3808,VEND-085,Teak Components,TEA-2026-06-3808,2026-06-15,2026-07-15,61.43,USD,HPO-2026-06-3808,PAID,2026-06-30,2026-06,usage overage block 2026-06,JE-HAP-2026-06-3808
HAP-2026-06-3809,VEND-089,Harbor Systems,HAR-2026-06-3809,2026-06-15,2026-07-15,10801.54,USD,HPO-2026-06-3809,PAID,2026-06-30,2026-06,premium support 2026-06,JE-HAP-2026-06-3809
HAP-2026-06-3810,VEND-093,Timber Partners,TIM-2026-06-3810,2026-06-15,2026-07-15,309.65,USD,HPO-2026-06-3810,PAID,2026-06-30,2026-06,warehouse consumables 2026-06,JE-HAP-2026-06-3810
HAP-2026-06-3811,VEND-097,Ginkgo Studio,GIN-2026-06-3811,2026-06-15,2026-07-15,121.76,USD,HPO-2026-06-3811,PAID,2026-06-30,2026-06,security monitoring hosts 2026-06,JE-HAP-2026-06-3811
HAP-2026-06-3812,VEND-101,Teak Supply,TEA-2026-06-3812,2026-06-15,2026-07-15,16.87,USD,HPO-2026-06-3812,PAID,2026-06-30,2026-06,usage overage block 2026-06,JE-HAP-2026-06-3812
HAP-2026-06-3813,VEND-105,Harbor Components,HAR-2026-06-3813,2026-06-15,2026-07-15,5401.98,USD,HPO-2026-06-3813,PAID,2026-06-30,2026-06,premium support 2026-06,JE-HAP-2026-06-3813
HAP-2026-06-3814,VEND-109,Timber Systems,TIM-2026-06-3814,2026-06-15,2026-07-15,194.59,USD,HPO-2026-06-3814,PAID,2026-06-30,2026-06,warehouse consumables 2026-06,JE-HAP-2026-06-3814
HAP-2026-06-3815,VEND-113,Ginkgo Partners,GIN-2026-06-3815,2026-06-15,2026-07-15,86.2,USD,HPO-2026-06-3815,PAID,2026-06-30,2026-06,security monitoring hosts 2026-06,JE-HAP-2026-06-3815
HAP-2026-06-3816,VEND-117,Teak Studio,TEA-2026-06-3816,2026-06-15,2026-07-15,137.31,USD,HPO-2026-06-3816,PAID,2026-06-30,2026-06,usage overage block 2026-06,JE-HAP-2026-06-3816
HAP-2026-06-3817,VEND-121,Harbor Supply,HAR-2026-06-3817,2026-06-15,2026-07-15,19802.42,USD,HPO-2026-06-3817,PAID,2026-06-30,2026-06,premium support 2026-06,JE-HAP-2026-06-3817
HAP-2026-06-3818,VEND-125,Timber Components,TIM-2026-06-3818,2026-06-15,2026-07-15,77.0,USD,HPO-2026-06-3818,PAID,2026-06-30,2026-06,warehouse consumables 2026-06,JE-HAP-2026-06-3818
HAP-2026-06-3819,VEND-129,Ginkgo Systems,GIN-2026-06-3819,2026-06-15,2026-07-15,48.11,USD,HPO-2026-06-3819,PAID,2026-06-30,2026-06,security monitoring hosts 2026-06,JE-HAP-2026-06-3819
HAP-2026-06-3820,VEND-133,Teak Partners,TEA-2026-06-3820,2026-06-15,2026-07-15,90.22,USD,HPO-2026-06-3820,PAID,2026-06-30,2026-06,usage overage block 2026-06,JE-HAP-2026-06-3820
HAP-2026-06-3821,VEND-137,Harbor Studio,HAR-2026-06-3821,2026-06-15,2026-07-15,14400.33,USD,HPO-2026-06-3821,PAID,2026-06-30,2026-06,premium support 2026-06,JE-HAP-2026-06-3821
HAP-2026-06-3822,VEND-141,Timber Supply,TIM-2026-06-3822,2026-06-15,2026-07-15,385.44,USD,HPO-2026-06-3822,PAID,2026-06-30,2026-06,warehouse consumables 2026-06,JE-HAP-2026-06-3822
HAP-2026-06-3823,VEND-145,Ginkgo Components,GIN-2026-06-3823,2026-06-15,2026-07-15,12.55,USD,HPO-2026-06-3823,PAID,2026-06-30,2026-06,security monitoring hosts 2026-06,JE-HAP-2026-06-3823
HAP-2026-06-3824,VEND-149,Teak Systems,TEA-2026-06-3824,2026-06-15,2026-07-15,45.66,USD,HPO-2026-06-3824,PAID,2026-06-30,2026-06,usage overage block 2026-06,JE-HAP-2026-06-3824
HAP-2026-06-3825,VEND-153,Harbor Partners,HAR-2026-06-3825,2026-06-15,2026-07-15,9000.77,USD,HPO-2026-06-3825,PAID,2026-06-30,2026-06,premium support 2026-06,JE-HAP-2026-06-3825
HAP-2026-06-3826,VEND-157,Timber Studio,TIM-2026-06-3826,2026-06-15,2026-07-15,270.38,USD,HPO-2026-06-3826,PAID,2026-06-30,2026-06,warehouse consumables 2026-06,JE-HAP-2026-06-3826
HAP-2026-06-3827,VEND-161,Ginkgo Supply,GIN-2026-06-3827,2026-06-15,2026-07-15,108.99,USD,HPO-2026-06-3827,PAID,2026-06-30,2026-06,security monitoring hosts 2026-06,JE-HAP-2026-06-3827
HAP-2026-06-3828,VEND-165,Teak Components,TEA-2026-06-3828,2026-06-15,2026-07-15,166.1,USD,HPO-2026-06-3828,PAID,2026-06-30,2026-06,usage overage block 2026-06,JE-HAP-2026-06-3828
HAP-2026-06-3829,VEND-147,Northwood Studio,NOR-2026-06-3829,2026-06-16,2026-07-16,78.21,USD,HPO-2026-06-3829,PAID,2026-06-30,2026-06,warehouse consumables 2026-06,JE-HAP-2026-06-3829
HAP-2026-06-3830,VEND-151,Beacon Supply,BEA-2026-06-3830,2026-06-16,2026-07-16,49.32,USD,HPO-2026-06-3830,PAID,2026-06-30,2026-06,security monitoring hosts 2026-06,JE-HAP-2026-06-3830
HAP-2026-06-3831,VEND-155,Nimbus Components,NIM-2026-06-3831,2026-06-16,2026-07-16,91.43,USD,HPO-2026-06-3831,PAID,2026-06-30,2026-06,usage overage block 2026-06,JE-HAP-2026-06-3831
HAP-2026-06-3832,VEND-159,Alder Systems,ALD-2026-06-3832,2026-06-16,2026-07-16,14401.54,USD,HPO-2026-06-3832,PAID,2026-06-30,2026-06,premium support 2026-06,JE-HAP-2026-06-3832
HAP-2026-06-3833,VEND-163,Northwood Partners,NOR-2026-06-3833,2026-06-16,2026-07-16,386.65,USD,HPO-2026-06-3833,PAID,2026-06-30,2026-06,warehouse consumables 2026-06,JE-HAP-2026-06-3833
HAP-2026-06-3834,VEND-167,Beacon Studio,BEA-2026-06-3834,2026-06-16,2026-07-16,13.76,USD,HPO-2026-06-3834,PAID,2026-06-30,2026-06,security monitoring hosts 2026-06,JE-HAP-2026-06-3834
HAP-2026-06-3835,VEND-171,Nimbus Supply,NIM-2026-06-3835,2026-06-16,2026-07-16,46.87,USD,HPO-2026-06-3835,PAID,2026-06-30,2026-06,usage overage block 2026-06,JE-HAP-2026-06-3835
HAP-2026-06-3836,VEND-175,Alder Components,ALD-2026-06-3836,2026-06-16,2026-07-16,9001.98,USD,HPO-2026-06-3836,PAID,2026-06-30,2026-06,premium support 2026-06,JE-HAP-2026-06-3836
HAP-2026-06-3837,VEND-179,Northwood Systems,NOR-2026-06-3837,2026-06-16,2026-07-16,271.59,USD,HPO-2026-06-3837,PAID,2026-06-30,2026-06,warehouse consumables 2026-06,JE-HAP-2026-06-3837
HAP-2026-06-3838,VEND-183,Beacon Partners,BEA-2026-06-3838,2026-06-16,2026-07-16,110.2,USD,HPO-2026-06-3838,PAID,2026-06-30,2026-06,security monitoring hosts 2026-06,JE-HAP-2026-06-3838
HAP-2026-06-3839,VEND-187,Nimbus Studio,NIM-2026-06-3839,2026-06-16,2026-07-16,167.31,USD,HPO-2026-06-3839,PAID,2026-06-30,2026-06,usage overage block 2026-06,JE-HAP-2026-06-3839
HAP-2026-06-3840,VEND-191,Alder Supply,ALD-2026-06-3840,2026-06-16,2026-07-16,3602.42,USD,HPO-2026-06-3840,PAID,2026-06-30,2026-06,premium support 2026-06,JE-HAP-2026-06-3840
HAP-2026-06-3841,VEND-195,Northwood Components,NOR-2026-06-3841,2026-06-16,2026-07-16,154.0,USD,HPO-2026-06-3841,PAID,2026-06-30,2026-06,warehouse consumables 2026-06,JE-HAP-2026-06-3841
HAP-2026-06-3842,VEND-199,Beacon Systems,BEA-2026-06-3842,2026-06-16,2026-07-16,72.11,USD,HPO-2026-06-3842,PAID,2026-06-30,2026-06,security monitoring hosts 2026-06,JE-HAP-2026-06-3842
HAP-2026-06-3843,VEND-203,Nimbus Partners,NIM-2026-06-3843,2026-06-16,2026-07-16,120.22,USD,HPO-2026-06-3843,PAID,2026-06-30,2026-06,usage overage block 2026-06,JE-HAP-2026-06-3843
HAP-2026-06-3844,VEND-207,Alder Studio,ALD-2026-06-3844,2026-06-16,2026-07-16,18000.33,USD,HPO-2026-06-3844,PAID,2026-06-30,2026-06,premium support 2026-06,JE-HAP-2026-06-3844
HAP-2026-06-3845,VEND-211,Northwood Supply,NOR-2026-06-3845,2026-06-16,2026-07-16,38.94,USD,HPO-2026-06-3845,PAID,2026-06-30,2026-06,warehouse consumables 2026-06,JE-HAP-2026-06-3845
HAP-2026-06-3846,VEND-215,Beacon Components,BEA-2026-06-3846,2026-06-16,2026-07-16,36.55,USD,HPO-2026-06-3846,PAID,2026-06-30,2026-06,security monitoring hosts 2026-06,JE-HAP-2026-06-3846
HAP-2026-06-3847,VEND-219,Nimbus Systems,NIM-2026-06-3847,2026-06-16,2026-07-16,75.66,USD,HPO-2026-06-3847,PAID,2026-06-30,2026-06,usage overage block 2026-06,JE-HAP-2026-06-3847
HAP-2026-06-3848,VEND-223,Alder Partners,ALD-2026-06-3848,2026-06-16,2026-07-16,12600.77,USD,HPO-2026-06-3848,PAID,2026-06-30,2026-06,premium support 2026-06,JE-HAP-2026-06-3848
HAP-2026-06-3849,VEND-227,Northwood Studio,NOR-2026-06-3849,2026-06-16,2026-07-16,347.38,USD,HPO-2026-06-3849,PAID,2026-06-30,2026-06,warehouse consumables 2026-06,JE-HAP-2026-06-3849
HAP-2026-06-3850,VEND-231,Beacon Supply,BEA-2026-06-3850,2026-06-16,2026-07-16,132.99,USD,HPO-2026-06-3850,PAID,2026-06-30,2026-06,security monitoring hosts 2026-06,JE-HAP-2026-06-3850
HAP-2026-06-3851,VEND-213,Teak Partners,TEA-2026-06-3851,2026-06-17,2026-07-17,3601.1,USD,HPO-2026-06-3851,PAID,2026-06-30,2026-06,premium support 2026-06,JE-HAP-2026-06-3851
HAP-2026-06-3852,VEND-217,Harbor Studio,HAR-2026-06-3852,2026-06-17,2026-07-17,155.21,USD,HPO-2026-06-3852,PAID,2026-06-30,2026-06,warehouse consumables 2026-06,JE-HAP-2026-06-3852
HAP-2026-06-3853,VEND-221,Timber Supply,TIM-2026-06-3853,2026-06-17,2026-07-17,73.32,USD,HPO-2026-06-3853,PAID,2026-06-30,2026-06,security monitoring hosts 2026-06,JE-HAP-2026-06-3853
HAP-2026-06-3854,VEND-225,Ginkgo Components,GIN-2026-06-3854,2026-06-17,2026-07-17,121.43,USD,HPO-2026-06-3854,PAID,2026-06-30,2026-06,usage overage block 2026-06,JE-HAP-2026-06-3854
HAP-2026-06-3855,VEND-229,Teak Systems,TEA-2026-06-3855,2026-06-17,2026-07-17,18001.54,USD,HPO-2026-06-3855,PAID,2026-06-30,2026-06,premium support 2026-06,JE-HAP-2026-06-3855
HAP-2026-06-3856,VEND-233,Harbor Partners,HAR-2026-06-3856,2026-06-17,2026-07-17,40.15,USD,HPO-2026-06-3856,PAID,2026-06-30,2026-06,warehouse consumables 2026-06,JE-HAP-2026-06-3856
HAP-2026-06-3857,VEND-237,Timber Studio,TIM-2026-06-3857,2026-06-17,2026-07-17,37.76,USD,HPO-2026-06-3857,PAID,2026-06-30,2026-06,security monitoring hosts 2026-06,JE-HAP-2026-06-3857
HAP-2026-06-3858,VEND-241,Ginkgo Supply,GIN-2026-06-3858,2026-06-17,2026-07-17,76.87,USD,HPO-2026-06-3858,PAID,2026-06-30,2026-06,usage overage block 2026-06,JE-HAP-2026-06-3858
HAP-2026-06-3859,VEND-245,Teak Components,TEA-2026-06-3859,2026-06-17,2026-07-17,12601.98,USD,HPO-2026-06-3859,PAID,2026-06-30,2026-06,premium support 2026-06,JE-HAP-2026-06-3859
HAP-2026-06-3860,VEND-249,Harbor Systems,HAR-2026-06-3860,2026-06-17,2026-07-17,348.59,USD,HPO-2026-06-3860,PAID,2026-06-30,2026-06,warehouse consumables 2026-06,JE-HAP-2026-06-3860
HAP-2026-06-3861,VEND-253,Timber Partners,TIM-2026-06-3861,2026-06-17,2026-07-17,134.2,USD,HPO-2026-06-3861,PAID,2026-06-30,2026-06,security monitoring hosts 2026-06,JE-HAP-2026-06-3861
HAP-2026-06-3862,VEND-257,Ginkgo Studio,GIN-2026-06-3862,2026-06-17,2026-07-17,32.31,USD,HPO-2026-06-3862,PAID,2026-06-30,2026-06,usage overage block 2026-06,JE-HAP-2026-06-3862
HAP-2026-06-3863,VEND-261,Teak Supply,TEA-2026-06-3863,2026-06-17,2026-07-17,7202.42,USD,HPO-2026-06-3863,PAID,2026-06-30,2026-06,premium support 2026-06,JE-HAP-2026-06-3863
HAP-2026-06-3864,VEND-265,Harbor Components,HAR-2026-06-3864,2026-06-17,2026-07-17,231.0,USD,HPO-2026-06-3864,PAID,2026-06-30,2026-06,warehouse consumables 2026-06,JE-HAP-2026-06-3864
HAP-2026-06-3865,VEND-269,Timber Systems,TIM-2026-06-3865,2026-06-17,2026-07-17,96.11,USD,HPO-2026-06-3865,PAID,2026-06-30,2026-06,security monitoring hosts 2026-06,JE-HAP-2026-06-3865
HAP-2026-06-3866,VEND-273,Ginkgo Partners,GIN-2026-06-3866,2026-06-17,2026-07-17,150.22,USD,HPO-2026-06-3866,PAID,2026-06-30,2026-06,usage overage block 2026-06,JE-HAP-2026-06-3866
HAP-2026-06-3867,VEND-277,Teak Studio,TEA-2026-06-3867,2026-06-17,2026-07-17,1800.33,USD,HPO-2026-06-3867,PAID,2026-06-30,2026-06,premium support 2026-06,JE-HAP-2026-06-3867
HAP-2026-06-3868,VEND-281,Harbor Supply,HAR-2026-06-3868,2026-06-17,2026-07-17,115.94,USD,HPO-2026-06-3868,PAID,2026-06-30,2026-06,warehouse consumables 2026-06,JE-HAP-2026-06-3868
HAP-2026-06-3869,VEND-285,Timber Components,TIM-2026-06-3869,2026-06-17,2026-07-17,60.55,USD,HPO-2026-06-3869,PAID,2026-06-30,2026-06,security monitoring hosts 2026-06,JE-HAP-2026-06-3869
HAP-2026-06-3870,VEND-289,Ginkgo Systems,GIN-2026-06-3870,2026-06-17,2026-07-17,105.66,USD,HPO-2026-06-3870,PAID,2026-06-30,2026-06,usage overage block 2026-06,JE-HAP-2026-06-3870
HAP-2026-06-3871,VEND-293,Teak Partners,TEA-2026-06-3871,2026-06-17,2026-07-17,16200.77,USD,HPO-2026-06-3871,PAID,2026-06-30,2026-06,premium support 2026-06,JE-HAP-2026-06-3871
HAP-2026-06-3872,VEND-297,Harbor Studio,HAR-2026-06-3872,2026-06-17,2026-07-17,424.38,USD,HPO-2026-06-3872,PAID,2026-06-30,2026-06,warehouse consumables 2026-06,JE-HAP-2026-06-3872
HAP-2026-06-3873,VEND-279,Beacon Systems,BEA-2026-06-3873,2026-06-18,2026-07-18,30.99,USD,HPO-2026-06-3873,PAID,2026-06-30,2026-06,usage overage block 2026-06,JE-HAP-2026-06-3873
HAP-2026-06-3874,VEND-283,Nimbus Partners,NIM-2026-06-3874,2026-06-18,2026-07-18,7201.1,USD,HPO-2026-06-3874,PAID,2026-06-30,2026-06,premium support 2026-06,JE-HAP-2026-06-3874
HAP-2026-06-3875,VEND-287,Alder Studio,ALD-2026-06-3875,2026-06-18,2026-07-18,232.21,USD,HPO-2026-06-3875,PAID,2026-06-30,2026-06,warehouse consumables 2026-06,JE-HAP-2026-06-3875
HAP-2026-06-3876,VEND-291,Northwood Supply,NOR-2026-06-3876,2026-06-18,2026-07-18,97.32,USD,HPO-2026-06-3876,PAID,2026-06-30,2026-06,security monitoring hosts 2026-06,JE-HAP-2026-06-3876
HAP-2026-06-3877,VEND-295,Beacon Components,BEA-2026-06-3877,2026-06-18,2026-07-18,151.43,USD,HPO-2026-06-3877,PAID,2026-06-30,2026-06,usage overage block 2026-06,JE-HAP-2026-06-3877
HAP-2026-06-3878,VEND-299,Nimbus Systems,NIM-2026-06-3878,2026-06-18,2026-07-18,1801.54,USD,HPO-2026-06-3878,PAID,2026-06-30,2026-06,premium support 2026-06,JE-HAP-2026-06-3878
HAP-2026-06-3879,VEND-303,Alder Partners,ALD-2026-06-3879,2026-06-18,2026-07-18,117.15,USD,HPO-2026-06-3879,PAID,2026-06-30,2026-06,warehouse consumables 2026-06,JE-HAP-2026-06-3879
HAP-2026-06-3880,VEND-307,Northwood Studio,NOR-2026-06-3880,2026-06-18,2026-07-18,61.76,USD,HPO-2026-06-3880,PAID,2026-06-30,2026-06,security monitoring hosts 2026-06,JE-HAP-2026-06-3880
HAP-2026-06-3881,VEND-311,Beacon Supply,BEA-2026-06-3881,2026-06-18,2026-07-18,106.87,USD,HPO-2026-06-3881,PAID,2026-06-30,2026-06,usage overage block 2026-06,JE-HAP-2026-06-3881
HAP-2026-06-3882,VEND-315,Nimbus Components,NIM-2026-06-3882,2026-06-18,2026-07-18,16201.98,USD,HPO-2026-06-3882,PAID,2026-06-30,2026-06,premium support 2026-06,JE-HAP-2026-06-3882
HAP-2026-06-3883,VEND-319,Alder Systems,ALD-2026-06-3883,2026-06-18,2026-07-18,425.59,USD,HPO-2026-06-3883,PAID,2026-06-30,2026-06,warehouse consumables 2026-06,JE-HAP-2026-06-3883
HAP-2026-06-3884,VEND-323,Northwood Partners,NOR-2026-06-3884,2026-06-18,2026-07-18,26.2,USD,HPO-2026-06-3884,PAID,2026-06-30,2026-06,security monitoring hosts 2026-06,JE-HAP-2026-06-3884
HAP-2026-06-3885,VEND-002,Amazon Web Services,AMA-2026-06-3885,2026-06-18,2026-07-18,62.31,USD,HPO-2026-06-3885,PAID,2026-06-30,2026-06,usage overage block 2026-06,JE-HAP-2026-06-3885
HAP-2026-06-3886,VEND-006,Datadog,DAT-2026-06-3886,2026-06-18,2026-07-18,10802.42,USD,HPO-2026-06-3886,PAID,2026-06-30,2026-06,premium support 2026-06,JE-HAP-2026-06-3886
HAP-2026-06-3887,VEND-011,Hartford Insurance,HAR-2026-06-3887,2026-06-18,2026-07-18,308.0,USD,HPO-2026-06-3887,PAID,2026-06-30,2026-06,warehouse consumables 2026-06,JE-HAP-2026-06-3887
HAP-2026-06-3888,VEND-015,Harbor Electric,HAR-2026-06-3888,2026-06-18,2026-07-18,120.11,USD,HPO-2026-06-3888,PAID,2026-06-30,2026-06,security monitoring hosts 2026-06,JE-HAP-2026-06-3888
HAP-2026-06-3889,VEND-019,Freightline Logistics,FRE-2026-06-3889,2026-06-18,2026-07-18,15.22,USD,HPO-2026-06-3889,PAID,2026-06-30,2026-06,usage overage block 2026-06,JE-HAP-2026-06-3889
HAP-2026-06-3890,VEND-023,Notion Labs,NOT-2026-06-3890,2026-06-18,2026-07-18,5400.33,USD,HPO-2026-06-3890,PAID,2026-06-30,2026-06,premium support 2026-06,JE-HAP-2026-06-3890
HAP-2026-06-3891,VEND-027,Zoom Video,ZOO-2026-06-3891,2026-06-18,2026-07-18,192.94,USD,HPO-2026-06-3891,PAID,2026-06-30,2026-06,warehouse consumables 2026-06,JE-HAP-2026-06-3891
HAP-2026-06-3892,VEND-031,Helios Hardware Supply,HEL-2026-06-3892,2026-06-18,2026-07-18,84.55,USD,HPO-2026-06-3892,PAID,2026-06-30,2026-06,security monitoring hosts 2026-06,JE-HAP-2026-06-3892
HAP-2026-06-3893,VEND-035,ADP,ADP-2026-06-3893,2026-06-18,2026-07-18,135.66,USD,HPO-2026-06-3893,PAID,2026-06-30,2026-06,usage overage block 2026-06,JE-HAP-2026-06-3893
HAP-2026-06-3894,VEND-039,CleanRoom Janitorial,CLE-2026-06-3894,2026-06-18,2026-07-18,19800.77,USD,HPO-2026-06-3894,PAID,2026-06-30,2026-06,premium support 2026-06,JE-HAP-2026-06-3894
HAP-2026-06-3895,VEND-021,Misc Supplies,MIS-2026-06-3895,2026-06-19,2026-07-19,24.88,USD,HPO-2026-06-3895,PAID,2026-06-30,2026-06,security monitoring hosts 2026-06,JE-HAP-2026-06-3895
HAP-2026-06-3896,VEND-025,Okta,OKT-2026-06-3896,2026-06-19,2026-07-19,60.99,USD,HPO-2026-06-3896,PAID,2026-06-30,2026-06,usage overage block 2026-06,JE-HAP-2026-06-3896
HAP-2026-06-3897,VEND-029,Cloudflare,CLO-2026-06-3897,2026-06-19,2026-07-19,10801.1,USD,HPO-2026-06-3897,PAID,2026-06-30,2026-06,premium support 2026-06,JE-HAP-2026-06-3897
HAP-2026-06-3898,VEND-033,Staples Business Advantage,STA-2026-06-3898,2026-06-19,2026-07-19,309.21,USD,HPO-2026-06-3898,PAID,2026-06-30,2026-06,warehouse consumables 2026-06,JE-HAP-2026-06-3898
HAP-2026-06-3899,VEND-037,Comcast Business,COM-2026-06-3899,2026-06-19,2026-07-19,121.32,USD,HPO-2026-06-3899,PAID,2026-06-30,2026-06,security monitoring hosts 2026-06,JE-HAP-2026-06-3899
HAP-2026-06-3900,VEND-041,HubSpot,HUB-2026-06-3900,2026-06-19,2026-07-19,16.43,USD,HPO-2026-06-3900,PAID,2026-06-30,2026-06,usage overage block 2026-06,JE-HAP-2026-06-3900
HAP-2026-06-3901,VEND-045,Palo Alto Networks,PAL-2026-06-3901,2026-06-19,2026-07-19,5401.54,USD,HPO-2026-06-3901,PAID,2026-06-30,2026-06,premium support 2026-06,JE-HAP-2026-06-3901
HAP-2026-06-3902,VEND-049,Vanta,VAN-2026-06-3902,2026-06-19,2026-07-19,194.15,USD,HPO-2026-06-3902,PAID,2026-06-30,2026-06,warehouse consumables 2026-06,JE-HAP-2026-06-3902
HAP-2026-06-3903,VEND-053,Teak Partners,TEA-2026-06-3903,2026-06-19,2026-07-19,85.76,USD,HPO-2026-06-3903,PAID,2026-06-30,2026-06,security monitoring hosts 2026-06,JE-HAP-2026-06-3903
HAP-2026-06-3904,VEND-057,Harbor Studio,HAR-2026-06-3904,2026-06-19,2026-07-19,136.87,USD,HPO-2026-06-3904,PAID,2026-06-30,2026-06,usage overage block 2026-06,JE-HAP-2026-06-3904
HAP-2026-06-3905,VEND-061,Timber Supply,TIM-2026-06-3905,2026-06-19,2026-07-19,19801.98,USD,HPO-2026-06-3905,PAID,2026-06-30,2026-06,premium support 2026-06,JE-HAP-2026-06-3905
HAP-2026-06-3906,VEND-065,Ginkgo Components,GIN-2026-06-3906,2026-06-19,2026-07-19,79.09,USD,HPO-2026-06-3906,PAID,2026-06-30,2026-06,warehouse consumables 2026-06,JE-HAP-2026-06-3906
HAP-2026-06-3907,VEND-069,Teak Systems,TEA-2026-06-3907,2026-06-19,2026-07-19,50.2,USD,HPO-2026-06-3907,PAID,2026-06-30,2026-06,security monitoring hosts 2026-06,JE-HAP-2026-06-3907
HAP-2026-06-3908,VEND-073,Harbor Partners,HAR-2026-06-3908,2026-06-19,2026-07-19,92.31,USD,HPO-2026-06-3908,PAID,2026-06-30,2026-06,usage overage block 2026-06,JE-HAP-2026-06-3908
HAP-2026-06-3909,VEND-077,Timber Studio,TIM-2026-06-3909,2026-06-19,2026-07-19,14402.42,USD,HPO-2026-06-3909,PAID,2026-06-30,2026-06,premium support 2026-06,JE-HAP-2026-06-3909
HAP-2026-06-3910,VEND-081,Ginkgo Supply,GIN-2026-06-3910,2026-06-19,2026-07-19,385.0,USD,HPO-2026-06-3910,PAID,2026-06-30,2026-06,warehouse consumables 2026-06,JE-HAP-2026-06-3910
HAP-2026-06-3911,VEND-085,Teak Components,TEA-2026-06-3911,2026-06-19,2026-07-19,12.11,USD,HPO-2026-06-3911,PAID,2026-06-30,2026-06,security monitoring hosts 2026-06,JE-HAP-2026-06-3911
HAP-2026-06-3912,VEND-089,Harbor Systems,HAR-2026-06-3912,2026-06-19,2026-07-19,45.22,USD,HPO-2026-06-3912,PAID,2026-06-30,2026-06,usage overage block 2026-06,JE-HAP-2026-06-3912
HAP-2026-06-3913,VEND-093,Timber Partners,TIM-2026-06-3913,2026-06-19,2026-07-19,9000.33,USD,HPO-2026-06-3913,PAID,2026-06-30,2026-06,premium support 2026-06,JE-HAP-2026-06-3913
HAP-2026-06-3914,VEND-097,Ginkgo Studio,GIN-2026-06-3914,2026-06-19,2026-07-19,269.94,USD,HPO-2026-06-3914,PAID,2026-06-30,2026-06,warehouse consumables 2026-06,JE-HAP-2026-06-3914
HAP-2026-06-3915,VEND-101,Teak Supply,TEA-2026-06-3915,2026-06-19,2026-07-19,108.55,USD,HPO-2026-06-3915,PAID,2026-06-30,2026-06,security monitoring hosts 2026-06,JE-HAP-2026-06-3915
HAP-2026-06-3916,VEND-105,Harbor Components,HAR-2026-06-3916,2026-06-19,2026-07-19,165.66,USD,HPO-2026-06-3916,PAID,2026-06-30,2026-06,usage overage block 2026-06,JE-HAP-2026-06-3916
HAP-2026-06-3917,VEND-087,Beacon Studio,BEA-2026-06-3917,2026-06-20,2026-07-20,77.77,USD,HPO-2026-06-3917,PAID,2026-06-30,2026-06,warehouse consumables 2026-06,JE-HAP-2026-06-3917
HAP-2026-06-3918,VEND-091,Nimbus Supply,NIM-2026-06-3918,2026-06-20,2026-07-20,48.88,USD,HPO-2026-06-3918,PAID,2026-06-30,2026-06,security monitoring hosts 2026-06,JE-HAP-2026-06-3918
HAP-2026-06-3919,VEND-095,Alder Components,ALD-2026-06-3919,2026-06-20,2026-07-20,90.99,USD,HPO-2026-06-3919,PAID,2026-06-30,2026-06,usage overage block 2026-06,JE-HAP-2026-06-3919
HAP-2026-06-3920,VEND-099,Northwood Systems,NOR-2026-06-3920,2026-06-20,2026-07-20,14401.1,USD,HPO-2026-06-3920,PAID,2026-06-30,2026-06,premium support 2026-06,JE-HAP-2026-06-3920
HAP-2026-06-3921,VEND-103,Beacon Partners,BEA-2026-06-3921,2026-06-20,2026-07-20,386.21,USD,HPO-2026-06-3921,PAID,2026-06-30,2026-06,warehouse consumables 2026-06,JE-HAP-2026-06-3921
HAP-2026-06-3922,VEND-107,Nimbus Studio,NIM-2026-06-3922,2026-06-20,2026-07-20,13.32,USD,HPO-2026-06-3922,PAID,2026-06-30,2026-06,security monitoring hosts 2026-06,JE-HAP-2026-06-3922
HAP-2026-06-3923,VEND-111,Alder Supply,ALD-2026-06-3923,2026-06-20,2026-07-20,46.43,USD,HPO-2026-06-3923,PAID,2026-06-30,2026-06,usage overage block 2026-06,JE-HAP-2026-06-3923
HAP-2026-06-3924,VEND-115,Northwood Components,NOR-2026-06-3924,2026-06-20,2026-07-20,9001.54,USD,HPO-2026-06-3924,PAID,2026-06-30,2026-06,premium support 2026-06,JE-HAP-2026-06-3924
HAP-2026-06-3925,VEND-119,Beacon Systems,BEA-2026-06-3925,2026-06-20,2026-07-20,271.15,USD,HPO-2026-06-3925,PAID,2026-06-30,2026-06,warehouse consumables 2026-06,JE-HAP-2026-06-3925
HAP-2026-06-3926,VEND-123,Nimbus Partners,NIM-2026-06-3926,2026-06-20,2026-07-20,109.76,USD,HPO-2026-06-3926,PAID,2026-06-30,2026-06,security monitoring hosts 2026-06,JE-HAP-2026-06-3926
HAP-2026-06-3927,VEND-127,Alder Studio,ALD-2026-06-3927,2026-06-20,2026-07-20,166.87,USD,HPO-2026-06-3927,PAID,2026-06-30,2026-06,usage overage block 2026-06,JE-HAP-2026-06-3927
HAP-2026-06-3928,VEND-131,Northwood Supply,NOR-2026-06-3928,2026-06-20,2026-07-20,3601.98,USD,HPO-2026-06-3928,PAID,2026-06-30,2026-06,premium support 2026-06,JE-HAP-2026-06-3928
HAP-2026-06-3929,VEND-135,Beacon Components,BEA-2026-06-3929,2026-06-20,2026-07-20,156.09,USD,HPO-2026-06-3929,PAID,2026-06-30,2026-06,warehouse consumables 2026-06,JE-HAP-2026-06-3929
HAP-2026-06-3930,VEND-139,Nimbus Systems,NIM-2026-06-3930,2026-06-20,2026-07-20,74.2,USD,HPO-2026-06-3930,PAID,2026-06-30,2026-06,security monitoring hosts 2026-06,JE-HAP-2026-06-3930
HAP-2026-06-3931,VEND-143,Alder Partners,ALD-2026-06-3931,2026-06-20,2026-07-20,122.31,USD,HPO-2026-06-3931,PAID,2026-06-30,2026-06,usage overage block 2026-06,JE-HAP-2026-06-3931
HAP-2026-06-3932,VEND-147,Northwood Studio,NOR-2026-06-3932,2026-06-20,2026-07-20,18002.42,USD,HPO-2026-06-3932,PAID,2026-06-30,2026-06,premium support 2026-06,JE-HAP-2026-06-3932
HAP-2026-06-3933,VEND-151,Beacon Supply,BEA-2026-06-3933,2026-06-20,2026-07-20,38.5,USD,HPO-2026-06-3933,PAID,2026-06-30,2026-06,warehouse consumables 2026-06,JE-HAP-2026-06-3933
HAP-2026-06-3934,VEND-155,Nimbus Components,NIM-2026-06-3934,2026-06-20,2026-07-20,36.11,USD,HPO-2026-06-3934,PAID,2026-06-30,2026-06,security monitoring hosts 2026-06,JE-HAP-2026-06-3934
HAP-2026-06-3935,VEND-159,Alder Systems,ALD-2026-06-3935,2026-06-20,2026-07-20,75.22,USD,HPO-2026-06-3935,PAID,2026-06-30,2026-06,usage overage block 2026-06,JE-HAP-2026-06-3935
HAP-2026-06-3936,VEND-163,Northwood Partners,NOR-2026-06-3936,2026-06-20,2026-07-20,12600.33,USD,HPO-2026-06-3936,PAID,2026-06-30,2026-06,premium support 2026-06,JE-HAP-2026-06-3936
HAP-2026-06-3937,VEND-167,Beacon Studio,BEA-2026-06-3937,2026-06-20,2026-07-20,346.94,USD,HPO-2026-06-3937,PAID,2026-06-30,2026-06,warehouse consumables 2026-06,JE-HAP-2026-06-3937
HAP-2026-06-3938,VEND-171,Nimbus Supply,NIM-2026-06-3938,2026-06-20,2026-07-20,132.55,USD,HPO-2026-06-3938,PAID,2026-06-30,2026-06,security monitoring hosts 2026-06,JE-HAP-2026-06-3938
HAP-2026-06-3939,VEND-153,Harbor Partners,HAR-2026-06-3939,2026-06-21,2026-07-21,3600.66,USD,HPO-2026-06-3939,PAID,2026-06-30,2026-06,premium support 2026-06,JE-HAP-2026-06-3939
HAP-2026-06-3940,VEND-157,Timber Studio,TIM-2026-06-3940,2026-06-21,2026-07-21,154.77,USD,HPO-2026-06-3940,PAID,2026-06-30,2026-06,warehouse consumables 2026-06,JE-HAP-2026-06-3940
HAP-2026-06-3941,VEND-161,Ginkgo Supply,GIN-2026-06-3941,2026-06-21,2026-07-21,72.88,USD,HPO-2026-06-3941,PAID,2026-06-30,2026-06,security monitoring hosts 2026-06,JE-HAP-2026-06-3941
HAP-2026-06-3942,VEND-165,Teak Components,TEA-2026-06-3942,2026-06-21,2026-07-21,120.99,USD,HPO-2026-06-3942,PAID,2026-06-30,2026-06,usage overage block 2026-06,JE-HAP-2026-06-3942
HAP-2026-06-3943,VEND-169,Harbor Systems,HAR-2026-06-3943,2026-06-21,2026-07-21,18001.1,USD,HPO-2026-06-3943,PAID,2026-06-30,2026-06,premium support 2026-06,JE-HAP-2026-06-3943
HAP-2026-06-3944,VEND-173,Timber Partners,TIM-2026-06-3944,2026-06-21,2026-07-21,39.71,USD,HPO-2026-06-3944,PAID,2026-06-30,2026-06,warehouse consumables 2026-06,JE-HAP-2026-06-3944
HAP-2026-06-3945,VEND-177,Ginkgo Studio,GIN-2026-06-3945,2026-06-21,2026-07-21,37.32,USD,HPO-2026-06-3945,PAID,2026-06-30,2026-06,security monitoring hosts 2026-06,JE-HAP-2026-06-3945
HAP-2026-06-3946,VEND-181,Teak Supply,TEA-2026-06-3946,2026-06-21,2026-07-21,76.43,USD,HPO-2026-06-3946,PAID,2026-06-30,2026-06,usage overage block 2026-06,JE-HAP-2026-06-3946
HAP-2026-06-3947,VEND-185,Harbor Components,HAR-2026-06-3947,2026-06-21,2026-07-21,12601.54,USD,HPO-2026-06-3947,PAID,2026-06-30,2026-06,premium support 2026-06,JE-HAP-2026-06-3947
HAP-2026-06-3948,VEND-189,Timber Systems,TIM-2026-06-3948,2026-06-21,2026-07-21,348.15,USD,HPO-2026-06-3948,PAID,2026-06-30,2026-06,warehouse consumables 2026-06,JE-HAP-2026-06-3948
HAP-2026-06-3949,VEND-193,Ginkgo Partners,GIN-2026-06-3949,2026-06-21,2026-07-21,133.76,USD,HPO-2026-06-3949,PAID,2026-06-30,2026-06,security monitoring hosts 2026-06,JE-HAP-2026-06-3949
HAP-2026-06-3950,VEND-197,Teak Studio,TEA-2026-06-3950,2026-06-21,2026-07-21,31.87,USD,HPO-2026-06-3950,PAID,2026-06-30,2026-06,usage overage block 2026-06,JE-HAP-2026-06-3950
HAP-2026-06-3951,VEND-201,Harbor Supply,HAR-2026-06-3951,2026-06-21,2026-07-21,7201.98,USD,HPO-2026-06-3951,PAID,2026-06-30,2026-06,premium support 2026-06,JE-HAP-2026-06-3951
HAP-2026-06-3952,VEND-205,Timber Components,TIM-2026-06-3952,2026-06-21,2026-07-21,233.09,USD,HPO-2026-06-3952,PAID,2026-06-30,2026-06,warehouse consumables 2026-06,JE-HAP-2026-06-3952
HAP-2026-06-3953,VEND-209,Ginkgo Systems,GIN-2026-06-3953,2026-06-21,2026-07-21,98.2,USD,HPO-2026-06-3953,PAID,2026-06-30,2026-06,security monitoring hosts 2026-06,JE-HAP-2026-06-3953
HAP-2026-06-3954,VEND-213,Teak Partners,TEA-2026-06-3954,2026-06-21,2026-07-21,152.31,USD,HPO-2026-06-3954,PAID,2026-06-30,2026-06,usage overage block 2026-06,JE-HAP-2026-06-3954
HAP-2026-06-3955,VEND-217,Harbor Studio,HAR-2026-06-3955,2026-06-21,2026-07-21,1802.42,USD,HPO-2026-06-3955,PAID,2026-06-30,2026-06,premium support 2026-06,JE-HAP-2026-06-3955
HAP-2026-06-3956,VEND-221,Timber Supply,TIM-2026-06-3956,2026-06-21,2026-07-21,115.5,USD,HPO-2026-06-3956,PAID,2026-06-30,2026-06,warehouse consumables 2026-06,JE-HAP-2026-06-3956
HAP-2026-06-3957,VEND-225,Ginkgo Components,GIN-2026-06-3957,2026-06-21,2026-07-21,60.11,USD,HPO-2026-06-3957,PAID,2026-06-30,2026-06,security monitoring hosts 2026-06,JE-HAP-2026-06-3957
HAP-2026-06-3958,VEND-229,Teak Systems,TEA-2026-06-3958,2026-06-21,2026-07-21,105.22,USD,HPO-2026-06-3958,PAID,2026-06-30,2026-06,usage overage block 2026-06,JE-HAP-2026-06-3958
HAP-2026-06-3959,VEND-233,Harbor Partners,HAR-2026-06-3959,2026-06-21,2026-07-21,16200.33,USD,HPO-2026-06-3959,PAID,2026-06-30,2026-06,premium support 2026-06,JE-HAP-2026-06-3959
HAP-2026-06-3960,VEND-237,Timber Studio,TIM-2026-06-3960,2026-06-21,2026-07-21,423.94,USD,HPO-2026-06-3960,PAID,2026-06-30,2026-06,warehouse consumables 2026-06,JE-HAP-2026-06-3960
HAP-2026-07-3961,VEND-219,Nimbus Systems,NIM-2026-07-3961,2026-07-02,2026-08-01,30.55,USD,HPO-2026-07-3961,PAID,2026-07-20,2026-07,usage overage block 2026-07,JE-HAP-2026-07-3961
HAP-2026-07-3962,VEND-223,Alder Partners,ALD-2026-07-3962,2026-07-02,2026-08-01,7200.66,USD,HPO-2026-07-3962,PAID,2026-07-20,2026-07,premium support 2026-07,JE-HAP-2026-07-3962
HAP-2026-07-3963,VEND-227,Northwood Studio,NOR-2026-07-3963,2026-07-02,2026-08-01,231.77,USD,HPO-2026-07-3963,PAID,2026-07-20,2026-07,warehouse consumables 2026-07,JE-HAP-2026-07-3963
HAP-2026-07-3964,VEND-231,Beacon Supply,BEA-2026-07-3964,2026-07-02,2026-08-01,96.88,USD,HPO-2026-07-3964,PAID,2026-07-20,2026-07,security monitoring hosts 2026-07,JE-HAP-2026-07-3964
HAP-2026-07-3965,VEND-235,Nimbus Components,NIM-2026-07-3965,2026-07-02,2026-08-01,150.99,USD,HPO-2026-07-3965,PAID,2026-07-20,2026-07,usage overage block 2026-07,JE-HAP-2026-07-3965
HAP-2026-07-3966,VEND-239,Alder Systems,ALD-2026-07-3966,2026-07-02,2026-08-01,1801.1,USD,HPO-2026-07-3966,PAID,2026-07-20,2026-07,premium support 2026-07,JE-HAP-2026-07-3966
HAP-2026-07-3967,VEND-243,Northwood Partners,NOR-2026-07-3967,2026-07-02,2026-08-01,116.71,USD,HPO-2026-07-3967,PAID,2026-07-20,2026-07,warehouse consumables 2026-07,JE-HAP-2026-07-3967
HAP-2026-07-3968,VEND-247,Beacon Studio,BEA-2026-07-3968,2026-07-02,2026-08-01,61.32,USD,HPO-2026-07-3968,PAID,2026-07-20,2026-07,security monitoring hosts 2026-07,JE-HAP-2026-07-3968
HAP-2026-07-3969,VEND-251,Nimbus Supply,NIM-2026-07-3969,2026-07-02,2026-08-01,106.43,USD,HPO-2026-07-3969,PAID,2026-07-20,2026-07,usage overage block 2026-07,JE-HAP-2026-07-3969
HAP-2026-07-3970,VEND-255,Alder Components,ALD-2026-07-3970,2026-07-02,2026-08-01,16201.54,USD,HPO-2026-07-3970,PAID,2026-07-20,2026-07,premium support 2026-07,JE-HAP-2026-07-3970
HAP-2026-07-3971,VEND-259,Northwood Systems,NOR-2026-07-3971,2026-07-02,2026-08-01,425.15,USD,HPO-2026-07-3971,PAID,2026-07-20,2026-07,warehouse consumables 2026-07,JE-HAP-2026-07-3971
HAP-2026-07-3972,VEND-263,Beacon Partners,BEA-2026-07-3972,2026-07-02,2026-08-01,25.76,USD,HPO-2026-07-3972,PAID,2026-07-20,2026-07,security monitoring hosts 2026-07,JE-HAP-2026-07-3972
HAP-2026-07-3973,VEND-267,Nimbus Studio,NIM-2026-07-3973,2026-07-02,2026-08-01,61.87,USD,HPO-2026-07-3973,PAID,2026-07-20,2026-07,usage overage block 2026-07,JE-HAP-2026-07-3973
HAP-2026-07-3974,VEND-271,Alder Supply,ALD-2026-07-3974,2026-07-02,2026-08-01,10801.98,USD,HPO-2026-07-3974,PAID,2026-07-20,2026-07,premium support 2026-07,JE-HAP-2026-07-3974
HAP-2026-07-3975,VEND-275,Northwood Components,NOR-2026-07-3975,2026-07-02,2026-08-01,310.09,USD,HPO-2026-07-3975,PAID,2026-07-20,2026-07,warehouse consumables 2026-07,JE-HAP-2026-07-3975
HAP-2026-07-3976,VEND-279,Beacon Systems,BEA-2026-07-3976,2026-07-02,2026-08-01,122.2,USD,HPO-2026-07-3976,PAID,2026-07-20,2026-07,security monitoring hosts 2026-07,JE-HAP-2026-07-3976
HAP-2026-07-3977,VEND-283,Nimbus Partners,NIM-2026-07-3977,2026-07-02,2026-08-01,17.31,USD,HPO-2026-07-3977,PAID,2026-07-20,2026-07,usage overage block 2026-07,JE-HAP-2026-07-3977
HAP-2026-07-3978,VEND-287,Alder Studio,ALD-2026-07-3978,2026-07-02,2026-08-01,5402.42,USD,HPO-2026-07-3978,PAID,2026-07-20,2026-07,premium support 2026-07,JE-HAP-2026-07-3978
HAP-2026-07-3979,VEND-291,Northwood Supply,NOR-2026-07-3979,2026-07-02,2026-08-01,192.5,USD,HPO-2026-07-3979,PAID,2026-07-20,2026-07,warehouse consumables 2026-07,JE-HAP-2026-07-3979
HAP-2026-07-3980,VEND-295,Beacon Components,BEA-2026-07-3980,2026-07-02,2026-08-01,84.11,USD,HPO-2026-07-3980,PAID,2026-07-20,2026-07,security monitoring hosts 2026-07,JE-HAP-2026-07-3980
HAP-2026-07-3981,VEND-299,Nimbus Systems,NIM-2026-07-3981,2026-07-02,2026-08-01,135.22,USD,HPO-2026-07-3981,PAID,2026-07-20,2026-07,usage overage block 2026-07,JE-HAP-2026-07-3981
HAP-2026-07-3982,VEND-303,Alder Partners,ALD-2026-07-3982,2026-07-02,2026-08-01,19800.33,USD,HPO-2026-07-3982,PAID,2026-07-20,2026-07,premium support 2026-07,JE-HAP-2026-07-3982
HAP-2026-07-3983,VEND-285,Timber Components,TIM-2026-07-3983,2026-07-03,2026-08-02,24.44,USD,HPO-2026-07-3983,PAID,2026-07-21,2026-07,security monitoring hosts 2026-07,JE-HAP-2026-07-3983
HAP-2026-07-3984,VEND-289,Ginkgo Systems,GIN-2026-07-3984,2026-07-03,2026-08-02,60.55,USD,HPO-2026-07-3984,PAID,2026-07-21,2026-07,usage overage block 2026-07,JE-HAP-2026-07-3984
HAP-2026-07-3985,VEND-293,Teak Partners,TEA-2026-07-3985,2026-07-03,2026-08-02,10800.66,USD,HPO-2026-07-3985,PAID,2026-07-21,2026-07,premium support 2026-07,JE-HAP-2026-07-3985
HAP-2026-07-3986,VEND-297,Harbor Studio,HAR-2026-07-3986,2026-07-03,2026-08-02,308.77,USD,HPO-2026-07-3986,PAID,2026-07-21,2026-07,warehouse consumables 2026-07,JE-HAP-2026-07-3986
HAP-2026-07-3987,VEND-301,Timber Supply,TIM-2026-07-3987,2026-07-03,2026-08-02,120.88,USD,HPO-2026-07-3987,PAID,2026-07-21,2026-07,security monitoring hosts 2026-07,JE-HAP-2026-07-3987
HAP-2026-07-3988,VEND-305,Ginkgo Components,GIN-2026-07-3988,2026-07-03,2026-08-02,15.99,USD,HPO-2026-07-3988,PAID,2026-07-21,2026-07,usage overage block 2026-07,JE-HAP-2026-07-3988
HAP-2026-07-3989,VEND-309,Teak Systems,TEA-2026-07-3989,2026-07-03,2026-08-02,5401.1,USD,HPO-2026-07-3989,PAID,2026-07-21,2026-07,premium support 2026-07,JE-HAP-2026-07-3989
HAP-2026-07-3990,VEND-313,Harbor Partners,HAR-2026-07-3990,2026-07-03,2026-08-02,193.71,USD,HPO-2026-07-3990,PAID,2026-07-21,2026-07,warehouse consumables 2026-07,JE-HAP-2026-07-3990
HAP-2026-07-3991,VEND-317,Timber Studio,TIM-2026-07-3991,2026-07-03,2026-08-02,85.32,USD,HPO-2026-07-3991,PAID,2026-07-21,2026-07,security monitoring hosts 2026-07,JE-HAP-2026-07-3991
HAP-2026-07-3992,VEND-321,Ginkgo Supply,GIN-2026-07-3992,2026-07-03,2026-08-02,136.43,USD,HPO-2026-07-3992,PAID,2026-07-21,2026-07,usage overage block 2026-07,JE-HAP-2026-07-3992
HAP-2026-07-3993,VEND-001-DUP,Acme Supplies LLC,ACM-2026-07-3993,2026-07-03,2026-08-02,19801.54,USD,HPO-2026-07-3993,PAID,2026-07-21,2026-07,premium support 2026-07,JE-HAP-2026-07-3993
HAP-2026-07-3994,VEND-004,Office Depot,OFF-2026-07-3994,2026-07-03,2026-08-02,78.65,USD,HPO-2026-07-3994,PAID,2026-07-21,2026-07,warehouse consumables 2026-07,JE-HAP-2026-07-3994
HAP-2026-07-3995,VEND-008,Figma,FIG-2026-07-3995,2026-07-03,2026-08-02,49.76,USD,HPO-2026-07-3995,PAID,2026-07-21,2026-07,security monitoring hosts 2026-07,JE-HAP-2026-07-3995
HAP-2026-07-3996,VEND-013,Cambridge Properties,CAM-2026-07-3996,2026-07-03,2026-08-02,91.87,USD,HPO-2026-07-3996,PAID,2026-07-21,2026-07,usage overage block 2026-07,JE-HAP-2026-07-3996
HAP-2026-07-3997,VEND-017,GitHub,GIT-2026-07-3997,2026-07-03,2026-08-02,14401.98,USD,HPO-2026-07-3997,PAID,2026-07-21,2026-07,premium support 2026-07,JE-HAP-2026-07-3997
HAP-2026-07-3998,VEND-021,Misc Supplies,MIS-2026-07-3998,2026-07-03,2026-08-02,387.09,USD,HPO-2026-07-3998,PAID,2026-07-21,2026-07,warehouse consumables 2026-07,JE-HAP-2026-07-3998
HAP-2026-07-3999,VEND-025,Okta,OKT-2026-07-3999,2026-07-03,2026-08-02,14.2,USD,HPO-2026-07-3999,PAID,2026-07-21,2026-07,security monitoring hosts 2026-07,JE-HAP-2026-07-3999
HAP-2026-07-4000,VEND-029,Cloudflare,CLO-2026-07-4000,2026-07-03,2026-08-02,47.31,USD,HPO-2026-07-4000,PAID,2026-07-21,2026-07,usage overage block 2026-07,JE-HAP-2026-07-4000
HAP-2026-07-4001,VEND-033,Staples Business Advantage,STA-2026-07-4001,2026-07-03,2026-08-02,9002.42,USD,HPO-2026-07-4001,PAID,2026-07-21,2026-07,premium support 2026-07,JE-HAP-2026-07-4001
HAP-2026-07-4002,VEND-037,Comcast Business,COM-2026-07-4002,2026-07-03,2026-08-02,269.5,USD,HPO-2026-07-4002,PAID,2026-07-21,2026-07,warehouse consumables 2026-07,JE-HAP-2026-07-4002
HAP-2026-07-4003,VEND-041,HubSpot,HUB-2026-07-4003,2026-07-03,2026-08-02,108.11,USD,HPO-2026-07-4003,PAID,2026-07-21,2026-07,security monitoring hosts 2026-07,JE-HAP-2026-07-4003
HAP-2026-07-4004,VEND-045,Palo Alto Networks,PAL-2026-07-4004,2026-07-03,2026-08-02,165.22,USD,HPO-2026-07-4004,PAID,2026-07-21,2026-07,usage overage block 2026-07,JE-HAP-2026-07-4004
HAP-2026-07-4005,VEND-027,Zoom Video,ZOO-2026-07-4005,2026-07-04,2026-08-03,77.33,USD,HPO-2026-07-4005,PAID,2026-07-22,2026-07,warehouse consumables 2026-07,JE-HAP-2026-07-4005
HAP-2026-07-4006,VEND-031,Helios Hardware Supply,HEL-2026-07-4006,2026-07-04,2026-08-03,48.44,USD,HPO-2026-07-4006,PAID,2026-07-22,2026-07,security monitoring hosts 2026-07,JE-HAP-2026-07-4006
HAP-2026-07-4007,VEND-035,ADP,ADP-2026-07-4007,2026-07-04,2026-08-03,90.55,USD,HPO-2026-07-4007,PAID,2026-07-22,2026-07,usage overage block 2026-07,JE-HAP-2026-07-4007
HAP-2026-07-4008,VEND-039,CleanRoom Janitorial,CLE-2026-07-4008,2026-07-04,2026-08-03,14400.66,USD,HPO-2026-07-4008,PAID,2026-07-22,2026-07,premium support 2026-07,JE-HAP-2026-07-4008
HAP-2026-07-4009,VEND-043,Adyen NV,ADY-2026-07-4009,2026-07-04,2026-08-03,385.77,USD,HPO-2026-07-4009,PAID,2026-07-22,2026-07,warehouse consumables 2026-07,JE-HAP-2026-07-4009
HAP-2026-07-4010,VEND-047,Carta,CAR-2026-07-4010,2026-07-04,2026-08-03,12.88,USD,HPO-2026-07-4010,PAID,2026-07-22,2026-07,security monitoring hosts 2026-07,JE-HAP-2026-07-4010
HAP-2026-07-4011,VEND-051,Northwood Supply,NOR-2026-07-4011,2026-07-04,2026-08-03,45.99,USD,HPO-2026-07-4011,PAID,2026-07-22,2026-07,usage overage block 2026-07,JE-HAP-2026-07-4011
HAP-2026-07-4012,VEND-055,Beacon Components,BEA-2026-07-4012,2026-07-04,2026-08-03,9001.1,USD,HPO-2026-07-4012,PAID,2026-07-22,2026-07,premium support 2026-07,JE-HAP-2026-07-4012
HAP-2026-07-4013,VEND-059,Nimbus Systems,NIM-2026-07-4013,2026-07-04,2026-08-03,270.71,USD,HPO-2026-07-4013,PAID,2026-07-22,2026-07,warehouse consumables 2026-07,JE-HAP-2026-07-4013
HAP-2026-07-4014,VEND-063,Alder Partners,ALD-2026-07-4014,2026-07-04,2026-08-03,109.32,USD,HPO-2026-07-4014,PAID,2026-07-22,2026-07,security monitoring hosts 2026-07,JE-HAP-2026-07-4014
HAP-2026-07-4015,VEND-067,Northwood Studio,NOR-2026-07-4015,2026-07-04,2026-08-03,166.43,USD,HPO-2026-07-4015,PAID,2026-07-22,2026-07,usage overage block 2026-07,JE-HAP-2026-07-4015
HAP-2026-07-4016,VEND-071,Beacon Supply,BEA-2026-07-4016,2026-07-04,2026-08-03,3601.54,USD,HPO-2026-07-4016,PAID,2026-07-22,2026-07,premium support 2026-07,JE-HAP-2026-07-4016
HAP-2026-07-4017,VEND-075,Nimbus Components,NIM-2026-07-4017,2026-07-04,2026-08-03,155.65,USD,HPO-2026-07-4017,PAID,2026-07-22,2026-07,warehouse consumables 2026-07,JE-HAP-2026-07-4017
HAP-2026-07-4018,VEND-079,Alder Systems,ALD-2026-07-4018,2026-07-04,2026-08-03,73.76,USD,HPO-2026-07-4018,PAID,2026-07-22,2026-07,security monitoring hosts 2026-07,JE-HAP-2026-07-4018
HAP-2026-07-4019,VEND-083,Northwood Partners,NOR-2026-07-4019,2026-07-04,2026-08-03,121.87,USD,HPO-2026-07-4019,PAID,2026-07-22,2026-07,usage overage block 2026-07,JE-HAP-2026-07-4019
HAP-2026-07-4020,VEND-087,Beacon Studio,BEA-2026-07-4020,2026-07-04,2026-08-03,18001.98,USD,HPO-2026-07-4020,PAID,2026-07-22,2026-07,premium support 2026-07,JE-HAP-2026-07-4020
HAP-2026-07-4021,VEND-091,Nimbus Supply,NIM-2026-07-4021,2026-07-04,2026-08-03,40.59,USD,HPO-2026-07-4021,PAID,2026-07-22,2026-07,warehouse consumables 2026-07,JE-HAP-2026-07-4021
HAP-2026-07-4022,VEND-095,Alder Components,ALD-2026-07-4022,2026-07-04,2026-08-03,38.2,USD,HPO-2026-07-4022,PAID,2026-07-22,2026-07,security monitoring hosts 2026-07,JE-HAP-2026-07-4022
HAP-2026-07-4023,VEND-099,Northwood Systems,NOR-2026-07-4023,2026-07-04,2026-08-03,77.31,USD,HPO-2026-07-4023,PAID,2026-07-22,2026-07,usage overage block 2026-07,JE-HAP-2026-07-4023
HAP-2026-07-4024,VEND-103,Beacon Partners,BEA-2026-07-4024,2026-07-04,2026-08-03,12602.42,USD,HPO-2026-07-4024,PAID,2026-07-22,2026-07,premium support 2026-07,JE-HAP-2026-07-4024
HAP-2026-07-4025,VEND-107,Nimbus Studio,NIM-2026-07-4025,2026-07-04,2026-08-03,346.5,USD,HPO-2026-07-4025,PAID,2026-07-22,2026-07,warehouse consumables 2026-07,JE-HAP-2026-07-4025
HAP-2026-07-4026,VEND-111,Alder Supply,ALD-2026-07-4026,2026-07-04,2026-08-03,132.11,USD,HPO-2026-07-4026,PAID,2026-07-22,2026-07,security monitoring hosts 2026-07,JE-HAP-2026-07-4026
HAP-2026-07-4027,VEND-093,Timber Partners,TIM-2026-07-4027,2026-07-05,2026-08-04,3600.22,USD,HPO-2026-07-4027,PAID,2026-07-23,2026-07,premium support 2026-07,JE-HAP-2026-07-4027
HAP-2026-07-4028,VEND-097,Ginkgo Studio,GIN-2026-07-4028,2026-07-05,2026-08-04,154.33,USD,HPO-2026-07-4028,PAID,2026-07-23,2026-07,warehouse consumables 2026-07,JE-HAP-2026-07-4028
HAP-2026-07-4029,VEND-101,Teak Supply,TEA-2026-07-4029,2026-07-05,2026-08-04,72.44,USD,HPO-2026-07-4029,PAID,2026-07-23,2026-07,security monitoring hosts 2026-07,JE-HAP-2026-07-4029
HAP-2026-07-4030,VEND-105,Harbor Components,HAR-2026-07-4030,2026-07-05,2026-08-04,120.55,USD,HPO-2026-07-4030,PAID,2026-07-23,2026-07,usage overage block 2026-07,JE-HAP-2026-07-4030
HAP-2026-07-4031,VEND-109,Timber Systems,TIM-2026-07-4031,2026-07-05,2026-08-04,18000.66,USD,HPO-2026-07-4031,PAID,2026-07-23,2026-07,premium support 2026-07,JE-HAP-2026-07-4031
HAP-2026-07-4032,VEND-113,Ginkgo Partners,GIN-2026-07-4032,2026-07-05,2026-08-04,39.27,USD,HPO-2026-07-4032,PAID,2026-07-23,2026-07,warehouse consumables 2026-07,JE-HAP-2026-07-4032
HAP-2026-07-4033,VEND-117,Teak Studio,TEA-2026-07-4033,2026-07-05,2026-08-04,36.88,USD,HPO-2026-07-4033,PAID,2026-07-23,2026-07,security monitoring hosts 2026-07,JE-HAP-2026-07-4033
HAP-2026-07-4034,VEND-121,Harbor Supply,HAR-2026-07-4034,2026-07-05,2026-08-04,75.99,USD,HPO-2026-07-4034,PAID,2026-07-23,2026-07,usage overage block 2026-07,JE-HAP-2026-07-4034
HAP-2026-07-4035,VEND-125,Timber Components,TIM-2026-07-4035,2026-07-05,2026-08-04,12601.1,USD,HPO-2026-07-4035,PAID,2026-07-23,2026-07,premium support 2026-07,JE-HAP-2026-07-4035
HAP-2026-07-4036,VEND-129,Ginkgo Systems,GIN-2026-07-4036,2026-07-05,2026-08-04,347.71,USD,HPO-2026-07-4036,PAID,2026-07-23,2026-07,warehouse consumables 2026-07,JE-HAP-2026-07-4036
HAP-2026-07-4037,VEND-133,Teak Partners,TEA-2026-07-4037,2026-07-05,2026-08-04,133.32,USD,HPO-2026-07-4037,PAID,2026-07-23,2026-07,security monitoring hosts 2026-07,JE-HAP-2026-07-4037
HAP-2026-07-4038,VEND-137,Harbor Studio,HAR-2026-07-4038,2026-07-05,2026-08-04,31.43,USD,HPO-2026-07-4038,PAID,2026-07-23,2026-07,usage overage block 2026-07,JE-HAP-2026-07-4038
HAP-2026-07-4039,VEND-141,Timber Supply,TIM-2026-07-4039,2026-07-05,2026-08-04,7201.54,USD,HPO-2026-07-4039,PAID,2026-07-23,2026-07,premium support 2026-07,JE-HAP-2026-07-4039
HAP-2026-07-4040,VEND-145,Ginkgo Components,GIN-2026-07-4040,2026-07-05,2026-08-04,232.65,USD,HPO-2026-07-4040,PAID,2026-07-23,2026-07,warehouse consumables 2026-07,JE-HAP-2026-07-4040
HAP-2026-07-4041,VEND-149,Teak Systems,TEA-2026-07-4041,2026-07-05,2026-08-04,97.76,USD,HPO-2026-07-4041,PAID,2026-07-23,2026-07,security monitoring hosts 2026-07,JE-HAP-2026-07-4041
HAP-2026-07-4042,VEND-153,Harbor Partners,HAR-2026-07-4042,2026-07-05,2026-08-04,151.87,USD,HPO-2026-07-4042,PAID,2026-07-23,2026-07,usage overage block 2026-07,JE-HAP-2026-07-4042
HAP-2026-07-4043,VEND-157,Timber Studio,TIM-2026-07-4043,2026-07-05,2026-08-04,1801.98,USD,HPO-2026-07-4043,PAID,2026-07-23,2026-07,premium support 2026-07,JE-HAP-2026-07-4043
HAP-2026-07-4044,VEND-161,Ginkgo Supply,GIN-2026-07-4044,2026-07-05,2026-08-04,117.59,USD,HPO-2026-07-4044,PAID,2026-07-23,2026-07,warehouse consumables 2026-07,JE-HAP-2026-07-4044
HAP-2026-07-4045,VEND-165,Teak Components,TEA-2026-07-4045,2026-07-05,2026-08-04,62.2,USD,HPO-2026-07-4045,PAID,2026-07-23,2026-07,security monitoring hosts 2026-07,JE-HAP-2026-07-4045
HAP-2026-07-4046,VEND-169,Harbor Systems,HAR-2026-07-4046,2026-07-05,2026-08-04,107.31,USD,HPO-2026-07-4046,PAID,2026-07-23,2026-07,usage overage block 2026-07,JE-HAP-2026-07-4046
HAP-2026-07-4047,VEND-173,Timber Partners,TIM-2026-07-4047,2026-07-05,2026-08-04,16202.42,USD,HPO-2026-07-4047,PAID,2026-07-23,2026-07,premium support 2026-07,JE-HAP-2026-07-4047
HAP-2026-07-4048,VEND-177,Ginkgo Studio,GIN-2026-07-4048,2026-07-05,2026-08-04,423.5,USD,HPO-2026-07-4048,PAID,2026-07-23,2026-07,warehouse consumables 2026-07,JE-HAP-2026-07-4048
HAP-2026-07-4049,VEND-159,Alder Systems,ALD-2026-07-4049,2026-07-06,2026-08-05,30.11,USD,HPO-2026-07-4049,PAID,2026-07-24,2026-07,usage overage block 2026-07,JE-HAP-2026-07-4049
HAP-2026-07-4050,VEND-163,Northwood Partners,NOR-2026-07-4050,2026-07-06,2026-08-05,7200.22,USD,HPO-2026-07-4050,PAID,2026-07-24,2026-07,premium support 2026-07,JE-HAP-2026-07-4050
HAP-2026-07-4051,VEND-167,Beacon Studio,BEA-2026-07-4051,2026-07-06,2026-08-05,231.33,USD,HPO-2026-07-4051,PAID,2026-07-24,2026-07,warehouse consumables 2026-07,JE-HAP-2026-07-4051
HAP-2026-07-4052,VEND-171,Nimbus Supply,NIM-2026-07-4052,2026-07-06,2026-08-05,96.44,USD,HPO-2026-07-4052,PAID,2026-07-24,2026-07,security monitoring hosts 2026-07,JE-HAP-2026-07-4052
HAP-2026-07-4053,VEND-175,Alder Components,ALD-2026-07-4053,2026-07-06,2026-08-05,150.55,USD,HPO-2026-07-4053,PAID,2026-07-24,2026-07,usage overage block 2026-07,JE-HAP-2026-07-4053
HAP-2026-07-4054,VEND-179,Northwood Systems,NOR-2026-07-4054,2026-07-06,2026-08-05,1800.66,USD,HPO-2026-07-4054,PAID,2026-07-24,2026-07,premium support 2026-07,JE-HAP-2026-07-4054
HAP-2026-07-4055,VEND-183,Beacon Partners,BEA-2026-07-4055,2026-07-06,2026-08-05,116.27,USD,HPO-2026-07-4055,PAID,2026-07-24,2026-07,warehouse consumables 2026-07,JE-HAP-2026-07-4055
HAP-2026-07-4056,VEND-187,Nimbus Studio,NIM-2026-07-4056,2026-07-06,2026-08-05,60.88,USD,HPO-2026-07-4056,PAID,2026-07-24,2026-07,security monitoring hosts 2026-07,JE-HAP-2026-07-4056
HAP-2026-07-4057,VEND-191,Alder Supply,ALD-2026-07-4057,2026-07-06,2026-08-05,105.99,USD,HPO-2026-07-4057,PAID,2026-07-24,2026-07,usage overage block 2026-07,JE-HAP-2026-07-4057
HAP-2026-07-4058,VEND-195,Northwood Components,NOR-2026-07-4058,2026-07-06,2026-08-05,16201.1,USD,HPO-2026-07-4058,PAID,2026-07-24,2026-07,premium support 2026-07,JE-HAP-2026-07-4058
HAP-2026-07-4059,VEND-199,Beacon Systems,BEA-2026-07-4059,2026-07-06,2026-08-05,424.71,USD,HPO-2026-07-4059,PAID,2026-07-24,2026-07,warehouse consumables 2026-07,JE-HAP-2026-07-4059
HAP-2026-07-4060,VEND-203,Nimbus Partners,NIM-2026-07-4060,2026-07-06,2026-08-05,25.32,USD,HPO-2026-07-4060,PAID,2026-07-24,2026-07,security monitoring hosts 2026-07,JE-HAP-2026-07-4060
HAP-2026-07-4061,VEND-207,Alder Studio,ALD-2026-07-4061,2026-07-06,2026-08-05,61.43,USD,HPO-2026-07-4061,PAID,2026-07-24,2026-07,usage overage block 2026-07,JE-HAP-2026-07-4061
HAP-2026-07-4062,VEND-211,Northwood Supply,NOR-2026-07-4062,2026-07-06,2026-08-05,10801.54,USD,HPO-2026-07-4062,PAID,2026-07-24,2026-07,premium support 2026-07,JE-HAP-2026-07-4062
HAP-2026-07-4063,VEND-215,Beacon Components,BEA-2026-07-4063,2026-07-06,2026-08-05,309.65,USD,HPO-2026-07-4063,PAID,2026-07-24,2026-07,warehouse consumables 2026-07,JE-HAP-2026-07-4063
HAP-2026-07-4064,VEND-219,Nimbus Systems,NIM-2026-07-4064,2026-07-06,2026-08-05,121.76,USD,HPO-2026-07-4064,PAID,2026-07-24,2026-07,security monitoring hosts 2026-07,JE-HAP-2026-07-4064
HAP-2026-07-4065,VEND-223,Alder Partners,ALD-2026-07-4065,2026-07-06,2026-08-05,16.87,USD,HPO-2026-07-4065,PAID,2026-07-24,2026-07,usage overage block 2026-07,JE-HAP-2026-07-4065
HAP-2026-07-4066,VEND-227,Northwood Studio,NOR-2026-07-4066,2026-07-06,2026-08-05,5401.98,USD,HPO-2026-07-4066,PAID,2026-07-24,2026-07,premium support 2026-07,JE-HAP-2026-07-4066
HAP-2026-07-4067,VEND-231,Beacon Supply,BEA-2026-07-4067,2026-07-06,2026-08-05,194.59,USD,HPO-2026-07-4067,PAID,2026-07-24,2026-07,warehouse consumables 2026-07,JE-HAP-2026-07-4067
HAP-2026-07-4068,VEND-235,Nimbus Components,NIM-2026-07-4068,2026-07-06,2026-08-05,86.2,USD,HPO-2026-07-4068,PAID,2026-07-24,2026-07,security monitoring hosts 2026-07,JE-HAP-2026-07-4068
HAP-2026-07-4069,VEND-239,Alder Systems,ALD-2026-07-4069,2026-07-06,2026-08-05,137.31,USD,HPO-2026-07-4069,PAID,2026-07-24,2026-07,usage overage block 2026-07,JE-HAP-2026-07-4069
HAP-2026-07-4070,VEND-243,Northwood Partners,NOR-2026-07-4070,2026-07-06,2026-08-05,19802.42,USD,HPO-2026-07-4070,PAID,2026-07-24,2026-07,premium support 2026-07,JE-HAP-2026-07-4070
HAP-2026-07-4071,VEND-225,Ginkgo Components,GIN-2026-07-4071,2026-07-07,2026-08-06,24.0,USD,HPO-2026-07-4071,PAID,2026-07-25,2026-07,security monitoring hosts 2026-07,JE-HAP-2026-07-4071
HAP-2026-07-4072,VEND-229,Teak Systems,TEA-2026-07-4072,2026-07-07,2026-08-06,60.11,USD,HPO-2026-07-4072,PAID,2026-07-25,2026-07,usage overage block 2026-07,JE-HAP-2026-07-4072
HAP-2026-07-4073,VEND-233,Harbor Partners,HAR-2026-07-4073,2026-07-07,2026-08-06,10800.22,USD,HPO-2026-07-4073,PAID,2026-07-25,2026-07,premium support 2026-07,JE-HAP-2026-07-4073
HAP-2026-07-4074,VEND-237,Timber Studio,TIM-2026-07-4074,2026-07-07,2026-08-06,308.33,USD,HPO-2026-07-4074,PAID,2026-07-25,2026-07,warehouse consumables 2026-07,JE-HAP-2026-07-4074
HAP-2026-07-4075,VEND-241,Ginkgo Supply,GIN-2026-07-4075,2026-07-07,2026-08-06,120.44,USD,HPO-2026-07-4075,PAID,2026-07-25,2026-07,security monitoring hosts 2026-07,JE-HAP-2026-07-4075
HAP-2026-07-4076,VEND-245,Teak Components,TEA-2026-07-4076,2026-07-07,2026-08-06,15.55,USD,HPO-2026-07-4076,PAID,2026-07-25,2026-07,usage overage block 2026-07,JE-HAP-2026-07-4076
HAP-2026-07-4077,VEND-249,Harbor Systems,HAR-2026-07-4077,2026-07-07,2026-08-06,5400.66,USD,HPO-2026-07-4077,PAID,2026-07-25,2026-07,premium support 2026-07,JE-HAP-2026-07-4077
HAP-2026-07-4078,VEND-253,Timber Partners,TIM-2026-07-4078,2026-07-07,2026-08-06,193.27,USD,HPO-2026-07-4078,PAID,2026-07-25,2026-07,warehouse consumables 2026-07,JE-HAP-2026-07-4078
HAP-2026-07-4079,VEND-257,Ginkgo Studio,GIN-2026-07-4079,2026-07-07,2026-08-06,84.88,USD,HPO-2026-07-4079,PAID,2026-07-25,2026-07,security monitoring hosts 2026-07,JE-HAP-2026-07-4079
HAP-2026-07-4080,VEND-261,Teak Supply,TEA-2026-07-4080,2026-07-07,2026-08-06,135.99,USD,HPO-2026-07-4080,PAID,2026-07-25,2026-07,usage overage block 2026-07,JE-HAP-2026-07-4080
HAP-2026-07-4081,VEND-265,Harbor Components,HAR-2026-07-4081,2026-07-07,2026-08-06,19801.1,USD,HPO-2026-07-4081,PAID,2026-07-25,2026-07,premium support 2026-07,JE-HAP-2026-07-4081
HAP-2026-07-4082,VEND-269,Timber Systems,TIM-2026-07-4082,2026-07-07,2026-08-06,78.21,USD,HPO-2026-07-4082,PAID,2026-07-25,2026-07,warehouse consumables 2026-07,JE-HAP-2026-07-4082
HAP-2026-07-4083,VEND-273,Ginkgo Partners,GIN-2026-07-4083,2026-07-07,2026-08-06,49.32,USD,HPO-2026-07-4083,PAID,2026-07-25,2026-07,security monitoring hosts 2026-07,JE-HAP-2026-07-4083
HAP-2026-07-4084,VEND-277,Teak Studio,TEA-2026-07-4084,2026-07-07,2026-08-06,91.43,USD,HPO-2026-07-4084,PAID,2026-07-25,2026-07,usage overage block 2026-07,JE-HAP-2026-07-4084
HAP-2026-07-4085,VEND-281,Harbor Supply,HAR-2026-07-4085,2026-07-07,2026-08-06,14401.54,USD,HPO-2026-07-4085,PAID,2026-07-25,2026-07,premium support 2026-07,JE-HAP-2026-07-4085
HAP-2026-07-4086,VEND-285,Timber Components,TIM-2026-07-4086,2026-07-07,2026-08-06,386.65,USD,HPO-2026-07-4086,PAID,2026-07-25,2026-07,warehouse consumables 2026-07,JE-HAP-2026-07-4086
HAP-2026-07-4087,VEND-289,Ginkgo Systems,GIN-2026-07-4087,2026-07-07,2026-08-06,13.76,USD,HPO-2026-07-4087,PAID,2026-07-25,2026-07,security monitoring hosts 2026-07,JE-HAP-2026-07-4087
HAP-2026-07-4088,VEND-293,Teak Partners,TEA-2026-07-4088,2026-07-07,2026-08-06,46.87,USD,HPO-2026-07-4088,PAID,2026-07-25,2026-07,usage overage block 2026-07,JE-HAP-2026-07-4088
HAP-2026-07-4089,VEND-297,Harbor Studio,HAR-2026-07-4089,2026-07-07,2026-08-06,9001.98,USD,HPO-2026-07-4089,PAID,2026-07-25,2026-07,premium support 2026-07,JE-HAP-2026-07-4089
HAP-2026-07-4090,VEND-301,Timber Supply,TIM-2026-07-4090,2026-07-07,2026-08-06,271.59,USD,HPO-2026-07-4090,PAID,2026-07-25,2026-07,warehouse consumables 2026-07,JE-HAP-2026-07-4090
HAP-2026-07-4091,VEND-305,Ginkgo Components,GIN-2026-07-4091,2026-07-07,2026-08-06,110.2,USD,HPO-2026-07-4091,PAID,2026-07-25,2026-07,security monitoring hosts 2026-07,JE-HAP-2026-07-4091
HAP-2026-07-4092,VEND-309,Teak Systems,TEA-2026-07-4092,2026-07-07,2026-08-06,167.31,USD,HPO-2026-07-4092,PAID,2026-07-25,2026-07,usage overage block 2026-07,JE-HAP-2026-07-4092
HAP-2026-07-4093,VEND-291,Northwood Supply,NOR-2026-07-4093,2026-07-08,2026-08-07,79.42,USD,HPO-2026-07-4093,PAID,2026-07-26,2026-07,warehouse consumables 2026-07,JE-HAP-2026-07-4093
HAP-2026-07-4094,VEND-295,Beacon Components,BEA-2026-07-4094,2026-07-08,2026-08-07,48.0,USD,HPO-2026-07-4094,PAID,2026-07-26,2026-07,security monitoring hosts 2026-07,JE-HAP-2026-07-4094
HAP-2026-07-4095,VEND-299,Nimbus Systems,NIM-2026-07-4095,2026-07-08,2026-08-07,90.11,USD,HPO-2026-07-4095,PAID,2026-07-26,2026-07,usage overage block 2026-07,JE-HAP-2026-07-4095
HAP-2026-07-4096,VEND-303,Alder Partners,ALD-2026-07-4096,2026-07-08,2026-08-07,14400.22,USD,HPO-2026-07-4096,PAID,2026-07-26,2026-07,premium support 2026-07,JE-HAP-2026-07-4096
HAP-2026-07-4097,VEND-307,Northwood Studio,NOR-2026-07-4097,2026-07-08,2026-08-07,385.33,USD,HPO-2026-07-4097,PAID,2026-07-26,2026-07,warehouse consumables 2026-07,JE-HAP-2026-07-4097
HAP-2026-07-4098,VEND-311,Beacon Supply,BEA-2026-07-4098,2026-07-08,2026-08-07,12.44,USD,HPO-2026-07-4098,PAID,2026-07-26,2026-07,security monitoring hosts 2026-07,JE-HAP-2026-07-4098
HAP-2026-07-4099,VEND-315,Nimbus Components,NIM-2026-07-4099,2026-07-08,2026-08-07,45.55,USD,HPO-2026-07-4099,PAID,2026-07-26,2026-07,usage overage block 2026-07,JE-HAP-2026-07-4099
HAP-2026-07-4100,VEND-319,Alder Systems,ALD-2026-07-4100,2026-07-08,2026-08-07,9000.66,USD,HPO-2026-07-4100,PAID,2026-07-26,2026-07,premium support 2026-07,JE-HAP-2026-07-4100
HAP-2026-07-4101,VEND-323,Northwood Partners,NOR-2026-07-4101,2026-07-08,2026-08-07,270.27,USD,HPO-2026-07-4101,PAID,2026-07-26,2026-07,warehouse consumables 2026-07,JE-HAP-2026-07-4101
HAP-2026-07-4102,VEND-002,Amazon Web Services,AMA-2026-07-4102,2026-07-08,2026-08-07,108.88,USD,HPO-2026-07-4102,PAID,2026-07-26,2026-07,security monitoring hosts 2026-07,JE-HAP-2026-07-4102
HAP-2026-07-4103,VEND-006,Datadog,DAT-2026-07-4103,2026-07-08,2026-08-07,165.99,USD,HPO-2026-07-4103,PAID,2026-07-26,2026-07,usage overage block 2026-07,JE-HAP-2026-07-4103
HAP-2026-07-4104,VEND-011,Hartford Insurance,HAR-2026-07-4104,2026-07-08,2026-08-07,3601.1,USD,HPO-2026-07-4104,PAID,2026-07-26,2026-07,premium support 2026-07,JE-HAP-2026-07-4104
HAP-2026-07-4105,VEND-015,Harbor Electric,HAR-2026-07-4105,2026-07-08,2026-08-07,155.21,USD,HPO-2026-07-4105,PAID,2026-07-26,2026-07,warehouse consumables 2026-07,JE-HAP-2026-07-4105
HAP-2026-07-4106,VEND-019,Freightline Logistics,FRE-2026-07-4106,2026-07-08,2026-08-07,73.32,USD,HPO-2026-07-4106,PAID,2026-07-26,2026-07,security monitoring hosts 2026-07,JE-HAP-2026-07-4106
HAP-2026-07-4107,VEND-023,Notion Labs,NOT-2026-07-4107,2026-07-08,2026-08-07,121.43,USD,HPO-2026-07-4107,PAID,2026-07-26,2026-07,usage overage block 2026-07,JE-HAP-2026-07-4107
HAP-2026-07-4108,VEND-027,Zoom Video,ZOO-2026-07-4108,2026-07-08,2026-08-07,18001.54,USD,HPO-2026-07-4108,PAID,2026-07-26,2026-07,premium support 2026-07,JE-HAP-2026-07-4108
HAP-2026-07-4109,VEND-031,Helios Hardware Supply,HEL-2026-07-4109,2026-07-08,2026-08-07,40.15,USD,HPO-2026-07-4109,PAID,2026-07-26,2026-07,warehouse consumables 2026-07,JE-HAP-2026-07-4109
HAP-2026-07-4110,VEND-035,ADP,ADP-2026-07-4110,2026-07-08,2026-08-07,37.76,USD,HPO-2026-07-4110,PAID,2026-07-26,2026-07,security monitoring hosts 2026-07,JE-HAP-2026-07-4110
HAP-2026-07-4111,VEND-039,CleanRoom Janitorial,CLE-2026-07-4111,2026-07-08,2026-08-07,76.87,USD,HPO-2026-07-4111,PAID,2026-07-26,2026-07,usage overage block 2026-07,JE-HAP-2026-07-4111
HAP-2026-07-4112,VEND-043,Adyen NV,ADY-2026-07-4112,2026-07-08,2026-08-07,12601.98,USD,HPO-2026-07-4112,PAID,2026-07-26,2026-07,premium support 2026-07,JE-HAP-2026-07-4112
HAP-2026-07-4113,VEND-047,Carta,CAR-2026-07-4113,2026-07-08,2026-08-07,348.59,USD,HPO-2026-07-4113,PAID,2026-07-26,2026-07,warehouse consumables 2026-07,JE-HAP-2026-07-4113
HAP-2026-07-4114,VEND-051,Northwood Supply,NOR-2026-07-4114,2026-07-08,2026-08-07,134.2,USD,HPO-2026-07-4114,PAID,2026-07-26,2026-07,security monitoring hosts 2026-07,JE-HAP-2026-07-4114
HAP-2026-07-4115,VEND-033,Staples Business Advantage,STA-2026-07-4115,2026-07-09,2026-08-08,3602.31,USD,HPO-2026-07-4115,PAID,2026-07-27,2026-07,premium support 2026-07,JE-HAP-2026-07-4115
HAP-2026-07-4116,VEND-037,Comcast Business,COM-2026-07-4116,2026-07-09,2026-08-08,156.42,USD,HPO-2026-07-4116,PAID,2026-07-27,2026-07,warehouse consumables 2026-07,JE-HAP-2026-07-4116
HAP-2026-07-4117,VEND-041,HubSpot,HUB-2026-07-4117,2026-07-09,2026-08-08,72.0,USD,HPO-2026-07-4117,PAID,2026-07-27,2026-07,security monitoring hosts 2026-07,JE-HAP-2026-07-4117
HAP-2026-07-4118,VEND-045,Palo Alto Networks,PAL-2026-07-4118,2026-07-09,2026-08-08,120.11,USD,HPO-2026-07-4118,PAID,2026-07-27,2026-07,usage overage block 2026-07,JE-HAP-2026-07-4118
HAP-2026-07-4119,VEND-049,Vanta,VAN-2026-07-4119,2026-07-09,2026-08-08,18000.22,USD,HPO-2026-07-4119,PAID,2026-07-27,2026-07,premium support 2026-07,JE-HAP-2026-07-4119
HAP-2026-07-4120,VEND-053,Teak Partners,TEA-2026-07-4120,2026-07-09,2026-08-08,38.83,USD,HPO-2026-07-4120,PAID,2026-07-27,2026-07,warehouse consumables 2026-07,JE-HAP-2026-07-4120
HAP-2026-07-4121,VEND-057,Harbor Studio,HAR-2026-07-4121,2026-07-09,2026-08-08,36.44,USD,HPO-2026-07-4121,PAID,2026-07-27,2026-07,security monitoring hosts 2026-07,JE-HAP-2026-07-4121
HAP-2026-07-4122,VEND-061,Timber Supply,TIM-2026-07-4122,2026-07-09,2026-08-08,75.55,USD,HPO-2026-07-4122,PAID,2026-07-27,2026-07,usage overage block 2026-07,JE-HAP-2026-07-4122
HAP-2026-07-4123,VEND-065,Ginkgo Components,GIN-2026-07-4123,2026-07-09,2026-08-08,12600.66,USD,HPO-2026-07-4123,PAID,2026-07-27,2026-07,premium support 2026-07,JE-HAP-2026-07-4123
HAP-2026-07-4124,VEND-069,Teak Systems,TEA-2026-07-4124,2026-07-09,2026-08-08,347.27,USD,HPO-2026-07-4124,PAID,2026-07-27,2026-07,warehouse consumables 2026-07,JE-HAP-2026-07-4124
HAP-2026-07-4125,VEND-073,Harbor Partners,HAR-2026-07-4125,2026-07-09,2026-08-08,132.88,USD,HPO-2026-07-4125,PAID,2026-07-27,2026-07,security monitoring hosts 2026-07,JE-HAP-2026-07-4125
HAP-2026-07-4126,VEND-077,Timber Studio,TIM-2026-07-4126,2026-07-09,2026-08-08,30.99,USD,HPO-2026-07-4126,PAID,2026-07-27,2026-07,usage overage block 2026-07,JE-HAP-2026-07-4126
HAP-2026-07-4127,VEND-081,Ginkgo Supply,GIN-2026-07-4127,2026-07-09,2026-08-08,7201.1,USD,HPO-2026-07-4127,PAID,2026-07-27,2026-07,premium support 2026-07,JE-HAP-2026-07-4127
HAP-2026-07-4128,VEND-085,Teak Components,TEA-2026-07-4128,2026-07-09,2026-08-08,232.21,USD,HPO-2026-07-4128,PAID,2026-07-27,2026-07,warehouse consumables 2026-07,JE-HAP-2026-07-4128
HAP-2026-07-4129,VEND-089,Harbor Systems,HAR-2026-07-4129,2026-07-09,2026-08-08,97.32,USD,HPO-2026-07-4129,PAID,2026-07-27,2026-07,security monitoring hosts 2026-07,JE-HAP-2026-07-4129
HAP-2026-07-4130,VEND-093,Timber Partners,TIM-2026-07-4130,2026-07-09,2026-08-08,151.43,USD,HPO-2026-07-4130,PAID,2026-07-27,2026-07,usage overage block 2026-07,JE-HAP-2026-07-4130
HAP-2026-07-4131,VEND-097,Ginkgo Studio,GIN-2026-07-4131,2026-07-09,2026-08-08,1801.54,USD,HPO-2026-07-4131,PAID,2026-07-27,2026-07,premium support 2026-07,JE-HAP-2026-07-4131
HAP-2026-07-4132,VEND-101,Teak Supply,TEA-2026-07-4132,2026-07-09,2026-08-08,117.15,USD,HPO-2026-07-4132,PAID,2026-07-27,2026-07,warehouse consumables 2026-07,JE-HAP-2026-07-4132
HAP-2026-07-4133,VEND-105,Harbor Components,HAR-2026-07-4133,2026-07-09,2026-08-08,61.76,USD,HPO-2026-07-4133,PAID,2026-07-27,2026-07,security monitoring hosts 2026-07,JE-HAP-2026-07-4133
HAP-2026-07-4134,VEND-109,Timber Systems,TIM-2026-07-4134,2026-07-09,2026-08-08,106.87,USD,HPO-2026-07-4134,PAID,2026-07-27,2026-07,usage overage block 2026-07,JE-HAP-2026-07-4134
HAP-2026-07-4135,VEND-113,Ginkgo Partners,GIN-2026-07-4135,2026-07-09,2026-08-08,16201.98,USD,HPO-2026-07-4135,PAID,2026-07-27,2026-07,premium support 2026-07,JE-HAP-2026-07-4135
HAP-2026-07-4136,VEND-117,Teak Studio,TEA-2026-07-4136,2026-07-09,2026-08-08,425.59,USD,HPO-2026-07-4136,PAID,2026-07-27,2026-07,warehouse consumables 2026-07,JE-HAP-2026-07-4136
HAP-2026-07-4137,VEND-099,Northwood Systems,NOR-2026-07-4137,2026-07-10,2026-08-09,32.2,USD,HPO-2026-07-4137,PAID,2026-07-28,2026-07,usage overage block 2026-07,JE-HAP-2026-07-4137
HAP-2026-07-4138,VEND-103,Beacon Partners,BEA-2026-07-4138,2026-07-10,2026-08-09,7202.31,USD,HPO-2026-07-4138,PAID,2026-07-28,2026-07,premium support 2026-07,JE-HAP-2026-07-4138
HAP-2026-07-4139,VEND-107,Nimbus Studio,NIM-2026-07-4139,2026-07-10,2026-08-09,233.42,USD,HPO-2026-07-4139,PAID,2026-07-28,2026-07,warehouse consumables 2026-07,JE-HAP-2026-07-4139
HAP-2026-07-4140,VEND-111,Alder Supply,ALD-2026-07-4140,2026-07-10,2026-08-09,96.0,USD,HPO-2026-07-4140,PAID,2026-07-28,2026-07,security monitoring hosts 2026-07,JE-HAP-2026-07-4140
HAP-2026-07-4141,VEND-115,Northwood Components,NOR-2026-07-4141,2026-07-10,2026-08-09,150.11,USD,HPO-2026-07-4141,PAID,2026-07-28,2026-07,usage overage block 2026-07,JE-HAP-2026-07-4141
HAP-2026-07-4142,VEND-119,Beacon Systems,BEA-2026-07-4142,2026-07-10,2026-08-09,1800.22,USD,HPO-2026-07-4142,PAID,2026-07-28,2026-07,premium support 2026-07,JE-HAP-2026-07-4142
HAP-2026-07-4143,VEND-123,Nimbus Partners,NIM-2026-07-4143,2026-07-10,2026-08-09,115.83,USD,HPO-2026-07-4143,PAID,2026-07-28,2026-07,warehouse consumables 2026-07,JE-HAP-2026-07-4143
HAP-2026-07-4144,VEND-127,Alder Studio,ALD-2026-07-4144,2026-07-10,2026-08-09,60.44,USD,HPO-2026-07-4144,PAID,2026-07-28,2026-07,security monitoring hosts 2026-07,JE-HAP-2026-07-4144
HAP-2026-07-4145,VEND-131,Northwood Supply,NOR-2026-07-4145,2026-07-10,2026-08-09,105.55,USD,HPO-2026-07-4145,PAID,2026-07-28,2026-07,usage overage block 2026-07,JE-HAP-2026-07-4145
HAP-2026-07-4146,VEND-135,Beacon Components,BEA-2026-07-4146,2026-07-10,2026-08-09,16200.66,USD,HPO-2026-07-4146,PAID,2026-07-28,2026-07,premium support 2026-07,JE-HAP-2026-07-4146
HAP-2026-07-4147,VEND-139,Nimbus Systems,NIM-2026-07-4147,2026-07-10,2026-08-09,424.27,USD,HPO-2026-07-4147,PAID,2026-07-28,2026-07,warehouse consumables 2026-07,JE-HAP-2026-07-4147
HAP-2026-07-4148,VEND-143,Alder Partners,ALD-2026-07-4148,2026-07-10,2026-08-09,24.88,USD,HPO-2026-07-4148,PAID,2026-07-28,2026-07,security monitoring hosts 2026-07,JE-HAP-2026-07-4148
HAP-2026-07-4149,VEND-147,Northwood Studio,NOR-2026-07-4149,2026-07-10,2026-08-09,60.99,USD,HPO-2026-07-4149,PAID,2026-07-28,2026-07,usage overage block 2026-07,JE-HAP-2026-07-4149
HAP-2026-07-4150,VEND-151,Beacon Supply,BEA-2026-07-4150,2026-07-10,2026-08-09,10801.1,USD,HPO-2026-07-4150,PAID,2026-07-28,2026-07,premium support 2026-07,JE-HAP-2026-07-4150
HAP-2026-07-4151,VEND-155,Nimbus Components,NIM-2026-07-4151,2026-07-10,2026-08-09,309.21,USD,HPO-2026-07-4151,PAID,2026-07-28,2026-07,warehouse consumables 2026-07,JE-HAP-2026-07-4151
HAP-2026-07-4152,VEND-159,Alder Systems,ALD-2026-07-4152,2026-07-10,2026-08-09,121.32,USD,HPO-2026-07-4152,PAID,2026-07-28,2026-07,security monitoring hosts 2026-07,JE-HAP-2026-07-4152
HAP-2026-07-4153,VEND-163,Northwood Partners,NOR-2026-07-4153,2026-07-10,2026-08-09,16.43,USD,HPO-2026-07-4153,PAID,2026-07-28,2026-07,usage overage block 2026-07,JE-HAP-2026-07-4153
HAP-2026-07-4154,VEND-167,Beacon Studio,BEA-2026-07-4154,2026-07-10,2026-08-09,5401.54,USD,HPO-2026-07-4154,PAID,2026-07-28,2026-07,premium support 2026-07,JE-HAP-2026-07-4154
HAP-2026-07-4155,VEND-171,Nimbus Supply,NIM-2026-07-4155,2026-07-10,2026-08-09,194.15,USD,HPO-2026-07-4155,PAID,2026-07-28,2026-07,warehouse consumables 2026-07,JE-HAP-2026-07-4155
HAP-2026-07-4156,VEND-175,Alder Components,ALD-2026-07-4156,2026-07-10,2026-08-09,85.76,USD,HPO-2026-07-4156,PAID,2026-07-28,2026-07,security monitoring hosts 2026-07,JE-HAP-2026-07-4156
HAP-2026-07-4157,VEND-179,Northwood Systems,NOR-2026-07-4157,2026-07-10,2026-08-09,136.87,USD,HPO-2026-07-4157,PAID,2026-07-28,2026-07,usage overage block 2026-07,JE-HAP-2026-07-4157
HAP-2026-07-4158,VEND-183,Beacon Partners,BEA-2026-07-4158,2026-07-10,2026-08-09,19801.98,USD,HPO-2026-07-4158,PAID,2026-07-28,2026-07,premium support 2026-07,JE-HAP-2026-07-4158
HAP-2026-07-4159,VEND-165,Teak Components,TEA-2026-07-4159,2026-07-11,2026-08-10,26.09,USD,HPO-2026-07-4159,PAID,2026-07-29,2026-07,security monitoring hosts 2026-07,JE-HAP-2026-07-4159
HAP-2026-07-4160,VEND-169,Harbor Systems,HAR-2026-07-4160,2026-07-11,2026-08-10,62.2,USD,HPO-2026-07-4160,PAID,2026-07-29,2026-07,usage overage block 2026-07,JE-HAP-2026-07-4160
HAP-2026-07-4161,VEND-173,Timber Partners,TIM-2026-07-4161,2026-07-11,2026-08-10,10802.31,USD,HPO-2026-07-4161,PAID,2026-07-29,2026-07,premium support 2026-07,JE-HAP-2026-07-4161
HAP-2026-07-4162,VEND-177,Ginkgo Studio,GIN-2026-07-4162,2026-07-11,2026-08-10,310.42,USD,HPO-2026-07-4162,PAID,2026-07-29,2026-07,warehouse consumables 2026-07,JE-HAP-2026-07-4162
HAP-2026-07-4163,VEND-181,Teak Supply,TEA-2026-07-4163,2026-07-11,2026-08-10,120.0,USD,HPO-2026-07-4163,PAID,2026-07-29,2026-07,security monitoring hosts 2026-07,JE-HAP-2026-07-4163
HAP-2026-07-4164,VEND-185,Harbor Components,HAR-2026-07-4164,2026-07-11,2026-08-10,15.11,USD,HPO-2026-07-4164,PAID,2026-07-29,2026-07,usage overage block 2026-07,JE-HAP-2026-07-4164
HAP-2026-07-4165,VEND-189,Timber Systems,TIM-2026-07-4165,2026-07-11,2026-08-10,5400.22,USD,HPO-2026-07-4165,PAID,2026-07-29,2026-07,premium support 2026-07,JE-HAP-2026-07-4165
HAP-2026-07-4166,VEND-193,Ginkgo Partners,GIN-2026-07-4166,2026-07-11,2026-08-10,192.83,USD,HPO-2026-07-4166,PAID,2026-07-29,2026-07,warehouse consumables 2026-07,JE-HAP-2026-07-4166
HAP-2026-07-4167,VEND-197,Teak Studio,TEA-2026-07-4167,2026-07-11,2026-08-10,84.44,USD,HPO-2026-07-4167,PAID,2026-07-29,2026-07,security monitoring hosts 2026-07,JE-HAP-2026-07-4167
HAP-2026-07-4168,VEND-201,Harbor Supply,HAR-2026-07-4168,2026-07-11,2026-08-10,135.55,USD,HPO-2026-07-4168,PAID,2026-07-29,2026-07,usage overage block 2026-07,JE-HAP-2026-07-4168
HAP-2026-07-4169,VEND-205,Timber Components,TIM-2026-07-4169,2026-07-11,2026-08-10,19800.66,USD,HPO-2026-07-4169,PAID,2026-07-29,2026-07,premium support 2026-07,JE-HAP-2026-07-4169
HAP-2026-07-4170,VEND-209,Ginkgo Systems,GIN-2026-07-4170,2026-07-11,2026-08-10,77.77,USD,HPO-2026-07-4170,PAID,2026-07-29,2026-07,warehouse consumables 2026-07,JE-HAP-2026-07-4170
HAP-2026-07-4171,VEND-213,Teak Partners,TEA-2026-07-4171,2026-07-11,2026-08-10,48.88,USD,HPO-2026-07-4171,PAID,2026-07-29,2026-07,security monitoring hosts 2026-07,JE-HAP-2026-07-4171
HAP-2026-07-4172,VEND-217,Harbor Studio,HAR-2026-07-4172,2026-07-11,2026-08-10,90.99,USD,HPO-2026-07-4172,PAID,2026-07-29,2026-07,usage overage block 2026-07,JE-HAP-2026-07-4172
HAP-2026-07-4173,VEND-221,Timber Supply,TIM-2026-07-4173,2026-07-11,2026-08-10,14401.1,USD,HPO-2026-07-4173,PAID,2026-07-29,2026-07,premium support 2026-07,JE-HAP-2026-07-4173
HAP-2026-07-4174,VEND-225,Ginkgo Components,GIN-2026-07-4174,2026-07-11,2026-08-10,386.21,USD,HPO-2026-07-4174,PAID,2026-07-29,2026-07,warehouse consumables 2026-07,JE-HAP-2026-07-4174
HAP-2026-07-4175,VEND-229,Teak Systems,TEA-2026-07-4175,2026-07-11,2026-08-10,13.32,USD,HPO-2026-07-4175,PAID,2026-07-29,2026-07,security monitoring hosts 2026-07,JE-HAP-2026-07-4175
HAP-2026-07-4176,VEND-233,Harbor Partners,HAR-2026-07-4176,2026-07-11,2026-08-10,46.43,USD,HPO-2026-07-4176,PAID,2026-07-29,2026-07,usage overage block 2026-07,JE-HAP-2026-07-4176
HAP-2026-07-4177,VEND-237,Timber Studio,TIM-2026-07-4177,2026-07-11,2026-08-10,9001.54,USD,HPO-2026-07-4177,PAID,2026-07-29,2026-07,premium support 2026-07,JE-HAP-2026-07-4177
HAP-2026-07-4178,VEND-241,Ginkgo Supply,GIN-2026-07-4178,2026-07-11,2026-08-10,271.15,USD,HPO-2026-07-4178,PAID,2026-07-29,2026-07,warehouse consumables 2026-07,JE-HAP-2026-07-4178
HAP-2026-07-4179,VEND-245,Teak Components,TEA-2026-07-4179,2026-07-11,2026-08-10,109.76,USD,HPO-2026-07-4179,PAID,2026-07-29,2026-07,security monitoring hosts 2026-07,JE-HAP-2026-07-4179
HAP-2026-07-4180,VEND-249,Harbor Systems,HAR-2026-07-4180,2026-07-11,2026-08-10,166.87,USD,HPO-2026-07-4180,PAID,2026-07-29,2026-07,usage overage block 2026-07,JE-HAP-2026-07-4180
HAP-2026-07-4181,VEND-231,Beacon Supply,BEA-2026-07-4181,2026-07-12,2026-08-11,78.98,USD,HPO-2026-07-4181,PAID,2026-07-30,2026-07,warehouse consumables 2026-07,JE-HAP-2026-07-4181
HAP-2026-07-4182,VEND-235,Nimbus Components,NIM-2026-07-4182,2026-07-12,2026-08-11,50.09,USD,HPO-2026-07-4182,PAID,2026-07-30,2026-07,security monitoring hosts 2026-07,JE-HAP-2026-07-4182
HAP-2026-07-4183,VEND-239,Alder Systems,ALD-2026-07-4183,2026-07-12,2026-08-11,92.2,USD,HPO-2026-07-4183,PAID,2026-07-30,2026-07,usage overage block 2026-07,JE-HAP-2026-07-4183
HAP-2026-07-4184,VEND-243,Northwood Partners,NOR-2026-07-4184,2026-07-12,2026-08-11,14402.31,USD,HPO-2026-07-4184,PAID,2026-07-30,2026-07,premium support 2026-07,JE-HAP-2026-07-4184
HAP-2026-07-4185,VEND-247,Beacon Studio,BEA-2026-07-4185,2026-07-12,2026-08-11,387.42,USD,HPO-2026-07-4185,PAID,2026-07-30,2026-07,warehouse consumables 2026-07,JE-HAP-2026-07-4185
HAP-2026-07-4186,VEND-251,Nimbus Supply,NIM-2026-07-4186,2026-07-12,2026-08-11,12.0,USD,HPO-2026-07-4186,PAID,2026-07-30,2026-07,security monitoring hosts 2026-07,JE-HAP-2026-07-4186
HAP-2026-07-4187,VEND-255,Alder Components,ALD-2026-07-4187,2026-07-12,2026-08-11,45.11,USD,HPO-2026-07-4187,PAID,2026-07-30,2026-07,usage overage block 2026-07,JE-HAP-2026-07-4187
HAP-2026-07-4188,VEND-259,Northwood Systems,NOR-2026-07-4188,2026-07-12,2026-08-11,9000.22,USD,HPO-2026-07-4188,PAID,2026-07-30,2026-07,premium support 2026-07,JE-HAP-2026-07-4188
HAP-2026-07-4189,VEND-263,Beacon Partners,BEA-2026-07-4189,2026-07-12,2026-08-11,269.83,USD,HPO-2026-07-4189,PAID,2026-07-30,2026-07,warehouse consumables 2026-07,JE-HAP-2026-07-4189
HAP-2026-07-4190,VEND-267,Nimbus Studio,NIM-2026-07-4190,2026-07-12,2026-08-11,108.44,USD,HPO-2026-07-4190,PAID,2026-07-30,2026-07,security monitoring hosts 2026-07,JE-HAP-2026-07-4190
HAP-2026-07-4191,VEND-271,Alder Supply,ALD-2026-07-4191,2026-07-12,2026-08-11,165.55,USD,HPO-2026-07-4191,PAID,2026-07-30,2026-07,usage overage block 2026-07,JE-HAP-2026-07-4191
HAP-2026-07-4192,VEND-275,Northwood Components,NOR-2026-07-4192,2026-07-12,2026-08-11,3600.66,USD,HPO-2026-07-4192,PAID,2026-07-30,2026-07,premium support 2026-07,JE-HAP-2026-07-4192
HAP-2026-07-4193,VEND-279,Beacon Systems,BEA-2026-07-4193,2026-07-12,2026-08-11,154.77,USD,HPO-2026-07-4193,PAID,2026-07-30,2026-07,warehouse consumables 2026-07,JE-HAP-2026-07-4193
HAP-2026-07-4194,VEND-283,Nimbus Partners,NIM-2026-07-4194,2026-07-12,2026-08-11,72.88,USD,HPO-2026-07-4194,PAID,2026-07-30,2026-07,security monitoring hosts 2026-07,JE-HAP-2026-07-4194
HAP-2026-07-4195,VEND-287,Alder Studio,ALD-2026-07-4195,2026-07-12,2026-08-11,120.99,USD,HPO-2026-07-4195,PAID,2026-07-30,2026-07,usage overage block 2026-07,JE-HAP-2026-07-4195
HAP-2026-07-4196,VEND-291,Northwood Supply,NOR-2026-07-4196,2026-07-12,2026-08-11,18001.1,USD,HPO-2026-07-4196,PAID,2026-07-30,2026-07,premium support 2026-07,JE-HAP-2026-07-4196
HAP-2026-07-4197,VEND-295,Beacon Components,BEA-2026-07-4197,2026-07-12,2026-08-11,39.71,USD,HPO-2026-07-4197,PAID,2026-07-30,2026-07,warehouse consumables 2026-07,JE-HAP-2026-07-4197
HAP-2026-07-4198,VEND-299,Nimbus Systems,NIM-2026-07-4198,2026-07-12,2026-08-11,37.32,USD,HPO-2026-07-4198,PAID,2026-07-30,2026-07,security monitoring hosts 2026-07,JE-HAP-2026-07-4198
HAP-2026-07-4199,VEND-303,Alder Partners,ALD-2026-07-4199,2026-07-12,2026-08-11,76.43,USD,HPO-2026-07-4199,PAID,2026-07-30,2026-07,usage overage block 2026-07,JE-HAP-2026-07-4199
HAP-2026-07-4200,VEND-307,Northwood Studio,NOR-2026-07-4200,2026-07-12,2026-08-11,12601.54,USD,HPO-2026-07-4200,PAID,2026-07-30,2026-07,premium support 2026-07,JE-HAP-2026-07-4200
HAP-2026-07-4201,VEND-311,Beacon Supply,BEA-2026-07-4201,2026-07-12,2026-08-11,348.15,USD,HPO-2026-07-4201,PAID,2026-07-30,2026-07,warehouse consumables 2026-07,JE-HAP-2026-07-4201
HAP-2026-07-4202,VEND-315,Nimbus Components,NIM-2026-07-4202,2026-07-12,2026-08-11,133.76,USD,HPO-2026-07-4202,PAID,2026-07-30,2026-07,security monitoring hosts 2026-07,JE-HAP-2026-07-4202
HAP-2026-07-4203,VEND-297,Harbor Studio,HAR-2026-07-4203,2026-07-13,2026-08-12,3601.87,USD,HPO-2026-07-4203,PAID,2026-07-31,2026-07,premium support 2026-07,JE-HAP-2026-07-4203
HAP-2026-07-4204,VEND-301,Timber Supply,TIM-2026-07-4204,2026-07-13,2026-08-12,155.98,USD,HPO-2026-07-4204,PAID,2026-07-31,2026-07,warehouse consumables 2026-07,JE-HAP-2026-07-4204
HAP-2026-07-4205,VEND-305,Ginkgo Components,GIN-2026-07-4205,2026-07-13,2026-08-12,74.09,USD,HPO-2026-07-4205,PAID,2026-07-31,2026-07,security monitoring hosts 2026-07,JE-HAP-2026-07-4205
HAP-2026-07-4206,VEND-309,Teak Systems,TEA-2026-07-4206,2026-07-13,2026-08-12,122.2,USD,HPO-2026-07-4206,PAID,2026-07-31,2026-07,usage overage block 2026-07,JE-HAP-2026-07-4206
HAP-2026-07-4207,VEND-313,Harbor Partners,HAR-2026-07-4207,2026-07-13,2026-08-12,18002.31,USD,HPO-2026-07-4207,PAID,2026-07-31,2026-07,premium support 2026-07,JE-HAP-2026-07-4207
HAP-2026-07-4208,VEND-317,Timber Studio,TIM-2026-07-4208,2026-07-13,2026-08-12,40.92,USD,HPO-2026-07-4208,PAID,2026-07-31,2026-07,warehouse consumables 2026-07,JE-HAP-2026-07-4208
HAP-2026-07-4209,VEND-321,Ginkgo Supply,GIN-2026-07-4209,2026-07-13,2026-08-12,36.0,USD,HPO-2026-07-4209,PAID,2026-07-31,2026-07,security monitoring hosts 2026-07,JE-HAP-2026-07-4209
HAP-2026-07-4210,VEND-001-DUP,Acme Supplies LLC,ACM-2026-07-4210,2026-07-13,2026-08-12,75.11,USD,HPO-2026-07-4210,PAID,2026-07-31,2026-07,usage overage block 2026-07,JE-HAP-2026-07-4210
HAP-2026-07-4211,VEND-004,Office Depot,OFF-2026-07-4211,2026-07-13,2026-08-12,12600.22,USD,HPO-2026-07-4211,PAID,2026-07-31,2026-07,premium support 2026-07,JE-HAP-2026-07-4211
HAP-2026-07-4212,VEND-008,Figma,FIG-2026-07-4212,2026-07-13,2026-08-12,346.83,USD,HPO-2026-07-4212,PAID,2026-07-31,2026-07,warehouse consumables 2026-07,JE-HAP-2026-07-4212
HAP-2026-07-4213,VEND-013,Cambridge Properties,CAM-2026-07-4213,2026-07-13,2026-08-12,132.44,USD,HPO-2026-07-4213,PAID,2026-07-31,2026-07,security monitoring hosts 2026-07,JE-HAP-2026-07-4213
HAP-2026-07-4214,VEND-017,GitHub,GIT-2026-07-4214,2026-07-13,2026-08-12,30.55,USD,HPO-2026-07-4214,PAID,2026-07-31,2026-07,usage overage block 2026-07,JE-HAP-2026-07-4214
HAP-2026-07-4215,VEND-021,Misc Supplies,MIS-2026-07-4215,2026-07-13,2026-08-12,7200.66,USD,HPO-2026-07-4215,PAID,2026-07-31,2026-07,premium support 2026-07,JE-HAP-2026-07-4215
HAP-2026-07-4216,VEND-025,Okta,OKT-2026-07-4216,2026-07-13,2026-08-12,231.77,USD,HPO-2026-07-4216,PAID,2026-07-31,2026-07,warehouse consumables 2026-07,JE-HAP-2026-07-4216
HAP-2026-07-4217,VEND-029,Cloudflare,CLO-2026-07-4217,2026-07-13,2026-08-12,96.88,USD,HPO-2026-07-4217,PAID,2026-07-31,2026-07,security monitoring hosts 2026-07,JE-HAP-2026-07-4217
HAP-2026-07-4218,VEND-033,Staples Business Advantage,STA-2026-07-4218,2026-07-13,2026-08-12,150.99,USD,HPO-2026-07-4218,PAID,2026-07-31,2026-07,usage overage block 2026-07,JE-HAP-2026-07-4218
HAP-2026-07-4219,VEND-037,Comcast Business,COM-2026-07-4219,2026-07-13,2026-08-12,1801.1,USD,HPO-2026-07-4219,PAID,2026-07-31,2026-07,premium support 2026-07,JE-HAP-2026-07-4219
HAP-2026-07-4220,VEND-041,HubSpot,HUB-2026-07-4220,2026-07-13,2026-08-12,116.71,USD,HPO-2026-07-4220,PAID,2026-07-31,2026-07,warehouse consumables 2026-07,JE-HAP-2026-07-4220
HAP-2026-07-4221,VEND-045,Palo Alto Networks,PAL-2026-07-4221,2026-07-13,2026-08-12,61.32,USD,HPO-2026-07-4221,PAID,2026-07-31,2026-07,security monitoring hosts 2026-07,JE-HAP-2026-07-4221
HAP-2026-07-4222,VEND-049,Vanta,VAN-2026-07-4222,2026-07-13,2026-08-12,106.43,USD,HPO-2026-07-4222,PAID,2026-07-31,2026-07,usage overage block 2026-07,JE-HAP-2026-07-4222
HAP-2026-07-4223,VEND-053,Teak Partners,TEA-2026-07-4223,2026-07-13,2026-08-12,16201.54,USD,HPO-2026-07-4223,PAID,2026-07-31,2026-07,premium support 2026-07,JE-HAP-2026-07-4223
HAP-2026-07-4224,VEND-057,Harbor Studio,HAR-2026-07-4224,2026-07-13,2026-08-12,425.15,USD,HPO-2026-07-4224,PAID,2026-07-31,2026-07,warehouse consumables 2026-07,JE-HAP-2026-07-4224
HAP-2026-07-4225,VEND-039,CleanRoom Janitorial,CLE-2026-07-4225,2026-07-14,2026-08-13,31.76,USD,HPO-2026-07-4225,PAID,2026-07-31,2026-07,usage overage block 2026-07,JE-HAP-2026-07-4225
HAP-2026-07-4226,VEND-043,Adyen NV,ADY-2026-07-4226,2026-07-14,2026-08-13,7201.87,USD,HPO-2026-07-4226,PAID,2026-07-31,2026-07,premium support 2026-07,JE-HAP-2026-07-4226
HAP-2026-07-4227,VEND-047,Carta,CAR-2026-07-4227,2026-07-14,2026-08-13,232.98,USD,HPO-2026-07-4227,PAID,2026-07-31,2026-07,warehouse consumables 2026-07,JE-HAP-2026-07-4227
HAP-2026-07-4228,VEND-051,Northwood Supply,NOR-2026-07-4228,2026-07-14,2026-08-13,98.09,USD,HPO-2026-07-4228,PAID,2026-07-31,2026-07,security monitoring hosts 2026-07,JE-HAP-2026-07-4228
HAP-2026-07-4229,VEND-055,Beacon Components,BEA-2026-07-4229,2026-07-14,2026-08-13,152.2,USD,HPO-2026-07-4229,PAID,2026-07-31,2026-07,usage overage block 2026-07,JE-HAP-2026-07-4229
HAP-2026-07-4230,VEND-059,Nimbus Systems,NIM-2026-07-4230,2026-07-14,2026-08-13,1802.31,USD,HPO-2026-07-4230,PAID,2026-07-31,2026-07,premium support 2026-07,JE-HAP-2026-07-4230
HAP-2026-07-4231,VEND-063,Alder Partners,ALD-2026-07-4231,2026-07-14,2026-08-13,117.92,USD,HPO-2026-07-4231,PAID,2026-07-31,2026-07,warehouse consumables 2026-07,JE-HAP-2026-07-4231
HAP-2026-07-4232,VEND-067,Northwood Studio,NOR-2026-07-4232,2026-07-14,2026-08-13,60.0,USD,HPO-2026-07-4232,PAID,2026-07-31,2026-07,security monitoring hosts 2026-07,JE-HAP-2026-07-4232
HAP-2026-07-4233,VEND-071,Beacon Supply,BEA-2026-07-4233,2026-07-14,2026-08-13,105.11,USD,HPO-2026-07-4233,PAID,2026-07-31,2026-07,usage overage block 2026-07,JE-HAP-2026-07-4233
HAP-2026-07-4234,VEND-075,Nimbus Components,NIM-2026-07-4234,2026-07-14,2026-08-13,16200.22,USD,HPO-2026-07-4234,PAID,2026-07-31,2026-07,premium support 2026-07,JE-HAP-2026-07-4234
HAP-2026-07-4235,VEND-079,Alder Systems,ALD-2026-07-4235,2026-07-14,2026-08-13,423.83,USD,HPO-2026-07-4235,PAID,2026-07-31,2026-07,warehouse consumables 2026-07,JE-HAP-2026-07-4235
HAP-2026-07-4236,VEND-083,Northwood Partners,NOR-2026-07-4236,2026-07-14,2026-08-13,24.44,USD,HPO-2026-07-4236,PAID,2026-07-31,2026-07,security monitoring hosts 2026-07,JE-HAP-2026-07-4236
HAP-2026-07-4237,VEND-087,Beacon Studio,BEA-2026-07-4237,2026-07-14,2026-08-13,60.55,USD,HPO-2026-07-4237,PAID,2026-07-31,2026-07,usage overage block 2026-07,JE-HAP-2026-07-4237
HAP-2026-07-4238,VEND-091,Nimbus Supply,NIM-2026-07-4238,2026-07-14,2026-08-13,10800.66,USD,HPO-2026-07-4238,PAID,2026-07-31,2026-07,premium support 2026-07,JE-HAP-2026-07-4238
HAP-2026-07-4239,VEND-095,Alder Components,ALD-2026-07-4239,2026-07-14,2026-08-13,308.77,USD,HPO-2026-07-4239,PAID,2026-07-31,2026-07,warehouse consumables 2026-07,JE-HAP-2026-07-4239
HAP-2026-07-4240,VEND-099,Northwood Systems,NOR-2026-07-4240,2026-07-14,2026-08-13,120.88,USD,HPO-2026-07-4240,PAID,2026-07-31,2026-07,security monitoring hosts 2026-07,JE-HAP-2026-07-4240
HAP-2026-07-4241,VEND-103,Beacon Partners,BEA-2026-07-4241,2026-07-14,2026-08-13,15.99,USD,HPO-2026-07-4241,PAID,2026-07-31,2026-07,usage overage block 2026-07,JE-HAP-2026-07-4241
HAP-2026-07-4242,VEND-107,Nimbus Studio,NIM-2026-07-4242,2026-07-14,2026-08-13,5401.1,USD,HPO-2026-07-4242,PAID,2026-07-31,2026-07,premium support 2026-07,JE-HAP-2026-07-4242
HAP-2026-07-4243,VEND-111,Alder Supply,ALD-2026-07-4243,2026-07-14,2026-08-13,193.71,USD,HPO-2026-07-4243,PAID,2026-07-31,2026-07,warehouse consumables 2026-07,JE-HAP-2026-07-4243
HAP-2026-07-4244,VEND-115,Northwood Components,NOR-2026-07-4244,2026-07-14,2026-08-13,85.32,USD,HPO-2026-07-4244,PAID,2026-07-31,2026-07,security monitoring hosts 2026-07,JE-HAP-2026-07-4244
HAP-2026-07-4245,VEND-119,Beacon Systems,BEA-2026-07-4245,2026-07-14,2026-08-13,136.43,USD,HPO-2026-07-4245,PAID,2026-07-31,2026-07,usage overage block 2026-07,JE-HAP-2026-07-4245
HAP-2026-07-4246,VEND-123,Nimbus Partners,NIM-2026-07-4246,2026-07-14,2026-08-13,19801.54,USD,HPO-2026-07-4246,PAID,2026-07-31,2026-07,premium support 2026-07,JE-HAP-2026-07-4246
HAP-2026-07-4247,VEND-105,Harbor Components,HAR-2026-07-4247,2026-07-15,2026-08-14,25.65,USD,HPO-2026-07-4247,PAID,2026-07-31,2026-07,security monitoring hosts 2026-07,JE-HAP-2026-07-4247
HAP-2026-07-4248,VEND-109,Timber Systems,TIM-2026-07-4248,2026-07-15,2026-08-14,61.76,USD,HPO-2026-07-4248,PAID,2026-07-31,2026-07,usage overage block 2026-07,JE-HAP-2026-07-4248
HAP-2026-07-4249,VEND-113,Ginkgo Partners,GIN-2026-07-4249,2026-07-15,2026-08-14,10801.87,USD,HPO-2026-07-4249,PAID,2026-07-31,2026-07,premium support 2026-07,JE-HAP-2026-07-4249
HAP-2026-07-4250,VEND-117,Teak Studio,TEA-2026-07-4250,2026-07-15,2026-08-14,309.98,USD,HPO-2026-07-4250,PAID,2026-07-31,2026-07,warehouse consumables 2026-07,JE-HAP-2026-07-4250
HAP-2026-07-4251,VEND-121,Harbor Supply,HAR-2026-07-4251,2026-07-15,2026-08-14,122.09,USD,HPO-2026-07-4251,PAID,2026-07-31,2026-07,security monitoring hosts 2026-07,JE-HAP-2026-07-4251
HAP-2026-07-4252,VEND-125,Timber Components,TIM-2026-07-4252,2026-07-15,2026-08-14,17.2,USD,HPO-2026-07-4252,PAID,2026-07-31,2026-07,usage overage block 2026-07,JE-HAP-2026-07-4252
HAP-2026-07-4253,VEND-129,Ginkgo Systems,GIN-2026-07-4253,2026-07-15,2026-08-14,5402.31,USD,HPO-2026-07-4253,PAID,2026-07-31,2026-07,premium support 2026-07,JE-HAP-2026-07-4253
HAP-2026-07-4254,VEND-133,Teak Partners,TEA-2026-07-4254,2026-07-15,2026-08-14,194.92,USD,HPO-2026-07-4254,PAID,2026-07-31,2026-07,warehouse consumables 2026-07,JE-HAP-2026-07-4254
HAP-2026-07-4255,VEND-137,Harbor Studio,HAR-2026-07-4255,2026-07-15,2026-08-14,84.0,USD,HPO-2026-07-4255,PAID,2026-07-31,2026-07,security monitoring hosts 2026-07,JE-HAP-2026-07-4255
HAP-2026-07-4256,VEND-141,Timber Supply,TIM-2026-07-4256,2026-07-15,2026-08-14,135.11,USD,HPO-2026-07-4256,PAID,2026-07-31,2026-07,usage overage block 2026-07,JE-HAP-2026-07-4256
HAP-2026-07-4257,VEND-145,Ginkgo Components,GIN-2026-07-4257,2026-07-15,2026-08-14,19800.22,USD,HPO-2026-07-4257,PAID,2026-07-31,2026-07,premium support 2026-07,JE-HAP-2026-07-4257
HAP-2026-07-4258,VEND-149,Teak Systems,TEA-2026-07-4258,2026-07-15,2026-08-14,77.33,USD,HPO-2026-07-4258,PAID,2026-07-31,2026-07,warehouse consumables 2026-07,JE-HAP-2026-07-4258
HAP-2026-07-4259,VEND-153,Harbor Partners,HAR-2026-07-4259,2026-07-15,2026-08-14,48.44,USD,HPO-2026-07-4259,PAID,2026-07-31,2026-07,security monitoring hosts 2026-07,JE-HAP-2026-07-4259
HAP-2026-07-4260,VEND-157,Timber Studio,TIM-2026-07-4260,2026-07-15,2026-08-14,90.55,USD,HPO-2026-07-4260,PAID,2026-07-31,2026-07,usage overage block 2026-07,JE-HAP-2026-07-4260
HAP-2026-07-4261,VEND-161,Ginkgo Supply,GIN-2026-07-4261,2026-07-15,2026-08-14,14400.66,USD,HPO-2026-07-4261,PAID,2026-07-31,2026-07,premium support 2026-07,JE-HAP-2026-07-4261
HAP-2026-07-4262,VEND-165,Teak Components,TEA-2026-07-4262,2026-07-15,2026-08-14,385.77,USD,HPO-2026-07-4262,PAID,2026-07-31,2026-07,warehouse consumables 2026-07,JE-HAP-2026-07-4262
HAP-2026-07-4263,VEND-169,Harbor Systems,HAR-2026-07-4263,2026-07-15,2026-08-14,12.88,USD,HPO-2026-07-4263,PAID,2026-07-31,2026-07,security monitoring hosts 2026-07,JE-HAP-2026-07-4263
HAP-2026-07-4264,VEND-173,Timber Partners,TIM-2026-07-4264,2026-07-15,2026-08-14,45.99,USD,HPO-2026-07-4264,PAID,2026-07-31,2026-07,usage overage block 2026-07,JE-HAP-2026-07-4264
HAP-2026-07-4265,VEND-177,Ginkgo Studio,GIN-2026-07-4265,2026-07-15,2026-08-14,9001.1,USD,HPO-2026-07-4265,PAID,2026-07-31,2026-07,premium support 2026-07,JE-HAP-2026-07-4265
HAP-2026-07-4266,VEND-181,Teak Supply,TEA-2026-07-4266,2026-07-15,2026-08-14,270.71,USD,HPO-2026-07-4266,PAID,2026-07-31,2026-07,warehouse consumables 2026-07,JE-HAP-2026-07-4266
HAP-2026-07-4267,VEND-185,Harbor Components,HAR-2026-07-4267,2026-07-15,2026-08-14,109.32,USD,HPO-2026-07-4267,PAID,2026-07-31,2026-07,security monitoring hosts 2026-07,JE-HAP-2026-07-4267
HAP-2026-07-4268,VEND-189,Timber Systems,TIM-2026-07-4268,2026-07-15,2026-08-14,166.43,USD,HPO-2026-07-4268,PAID,2026-07-31,2026-07,usage overage block 2026-07,JE-HAP-2026-07-4268
HAP-2026-07-4269,VEND-171,Nimbus Supply,NIM-2026-07-4269,2026-07-16,2026-08-15,78.54,USD,HPO-2026-07-4269,PAID,2026-07-31,2026-07,warehouse consumables 2026-07,JE-HAP-2026-07-4269
HAP-2026-07-4270,VEND-175,Alder Components,ALD-2026-07-4270,2026-07-16,2026-08-15,49.65,USD,HPO-2026-07-4270,PAID,2026-07-31,2026-07,security monitoring hosts 2026-07,JE-HAP-2026-07-4270
HAP-2026-07-4271,VEND-179,Northwood Systems,NOR-2026-07-4271,2026-07-16,2026-08-15,91.76,USD,HPO-2026-07-4271,PAID,2026-07-31,2026-07,usage overage block 2026-07,JE-HAP-2026-07-4271
HAP-2026-07-4272,VEND-183,Beacon Partners,BEA-2026-07-4272,2026-07-16,2026-08-15,14401.87,USD,HPO-2026-07-4272,PAID,2026-07-31,2026-07,premium support 2026-07,JE-HAP-2026-07-4272
HAP-2026-07-4273,VEND-187,Nimbus Studio,NIM-2026-07-4273,2026-07-16,2026-08-15,386.98,USD,HPO-2026-07-4273,PAID,2026-07-31,2026-07,warehouse consumables 2026-07,JE-HAP-2026-07-4273
HAP-2026-07-4274,VEND-191,Alder Supply,ALD-2026-07-4274,2026-07-16,2026-08-15,14.09,USD,HPO-2026-07-4274,PAID,2026-07-31,2026-07,security monitoring hosts 2026-07,JE-HAP-2026-07-4274
HAP-2026-07-4275,VEND-195,Northwood Components,NOR-2026-07-4275,2026-07-16,2026-08-15,47.2,USD,HPO-2026-07-4275,PAID,2026-07-31,2026-07,usage overage block 2026-07,JE-HAP-2026-07-4275
HAP-2026-07-4276,VEND-199,Beacon Systems,BEA-2026-07-4276,2026-07-16,2026-08-15,9002.31,USD,HPO-2026-07-4276,PAID,2026-07-31,2026-07,premium support 2026-07,JE-HAP-2026-07-4276
HAP-2026-07-4277,VEND-203,Nimbus Partners,NIM-2026-07-4277,2026-07-16,2026-08-15,271.92,USD,HPO-2026-07-4277,PAID,2026-07-31,2026-07,warehouse consumables 2026-07,JE-HAP-2026-07-4277
HAP-2026-07-4278,VEND-207,Alder Studio,ALD-2026-07-4278,2026-07-16,2026-08-15,108.0,USD,HPO-2026-07-4278,PAID,2026-07-31,2026-07,security monitoring hosts 2026-07,JE-HAP-2026-07-4278
HAP-2026-07-4279,VEND-211,Northwood Supply,NOR-2026-07-4279,2026-07-16,2026-08-15,165.11,USD,HPO-2026-07-4279,PAID,2026-07-31,2026-07,usage overage block 2026-07,JE-HAP-2026-07-4279
HAP-2026-07-4280,VEND-215,Beacon Components,BEA-2026-07-4280,2026-07-16,2026-08-15,3600.22,USD,HPO-2026-07-4280,PAID,2026-07-31,2026-07,premium support 2026-07,JE-HAP-2026-07-4280
HAP-2026-07-4281,VEND-219,Nimbus Systems,NIM-2026-07-4281,2026-07-16,2026-08-15,154.33,USD,HPO-2026-07-4281,PAID,2026-07-31,2026-07,warehouse consumables 2026-07,JE-HAP-2026-07-4281
HAP-2026-07-4282,VEND-223,Alder Partners,ALD-2026-07-4282,2026-07-16,2026-08-15,72.44,USD,HPO-2026-07-4282,PAID,2026-07-31,2026-07,security monitoring hosts 2026-07,JE-HAP-2026-07-4282
HAP-2026-07-4283,VEND-227,Northwood Studio,NOR-2026-07-4283,2026-07-16,2026-08-15,120.55,USD,HPO-2026-07-4283,PAID,2026-07-31,2026-07,usage overage block 2026-07,JE-HAP-2026-07-4283
HAP-2026-07-4284,VEND-231,Beacon Supply,BEA-2026-07-4284,2026-07-16,2026-08-15,18000.66,USD,HPO-2026-07-4284,PAID,2026-07-31,2026-07,premium support 2026-07,JE-HAP-2026-07-4284
HAP-2026-07-4285,VEND-235,Nimbus Components,NIM-2026-07-4285,2026-07-16,2026-08-15,39.27,USD,HPO-2026-07-4285,PAID,2026-07-31,2026-07,warehouse consumables 2026-07,JE-HAP-2026-07-4285
HAP-2026-07-4286,VEND-239,Alder Systems,ALD-2026-07-4286,2026-07-16,2026-08-15,36.88,USD,HPO-2026-07-4286,PAID,2026-07-31,2026-07,security monitoring hosts 2026-07,JE-HAP-2026-07-4286
HAP-2026-07-4287,VEND-243,Northwood Partners,NOR-2026-07-4287,2026-07-16,2026-08-15,75.99,USD,HPO-2026-07-4287,PAID,2026-07-31,2026-07,usage overage block 2026-07,JE-HAP-2026-07-4287
HAP-2026-07-4288,VEND-247,Beacon Studio,BEA-2026-07-4288,2026-07-16,2026-08-15,12601.1,USD,HPO-2026-07-4288,PAID,2026-07-31,2026-07,premium support 2026-07,JE-HAP-2026-07-4288
HAP-2026-07-4289,VEND-251,Nimbus Supply,NIM-2026-07-4289,2026-07-16,2026-08-15,347.71,USD,HPO-2026-07-4289,PAID,2026-07-31,2026-07,warehouse consumables 2026-07,JE-HAP-2026-07-4289
HAP-2026-07-4290,VEND-255,Alder Components,ALD-2026-07-4290,2026-07-16,2026-08-15,133.32,USD,HPO-2026-07-4290,PAID,2026-07-31,2026-07,security monitoring hosts 2026-07,JE-HAP-2026-07-4290
HAP-2026-07-4291,VEND-237,Timber Studio,TIM-2026-07-4291,2026-07-17,2026-08-16,3601.43,USD,HPO-2026-07-4291,PAID,2026-07-31,2026-07,premium support 2026-07,JE-HAP-2026-07-4291
HAP-2026-07-4292,VEND-241,Ginkgo Supply,GIN-2026-07-4292,2026-07-17,2026-08-16,155.54,USD,HPO-2026-07-4292,PAID,2026-07-31,2026-07,warehouse consumables 2026-07,JE-HAP-2026-07-4292
HAP-2026-07-4293,VEND-245,Teak Components,TEA-2026-07-4293,2026-07-17,2026-08-16,73.65,USD,HPO-2026-07-4293,PAID,2026-07-31,2026-07,security monitoring hosts 2026-07,JE-HAP-2026-07-4293
HAP-2026-07-4294,VEND-249,Harbor Systems,HAR-2026-07-4294,2026-07-17,2026-08-16,121.76,USD,HPO-2026-07-4294,PAID,2026-07-31,2026-07,usage overage block 2026-07,JE-HAP-2026-07-4294
HAP-2026-07-4295,VEND-253,Timber Partners,TIM-2026-07-4295,2026-07-17,2026-08-16,18001.87,USD,HPO-2026-07-4295,PAID,2026-07-31,2026-07,premium support 2026-07,JE-HAP-2026-07-4295
HAP-2026-07-4296,VEND-257,Ginkgo Studio,GIN-2026-07-4296,2026-07-17,2026-08-16,40.48,USD,HPO-2026-07-4296,PAID,2026-07-31,2026-07,warehouse consumables 2026-07,JE-HAP-2026-07-4296
HAP-2026-07-4297,VEND-261,Teak Supply,TEA-2026-07-4297,2026-07-17,2026-08-16,38.09,USD,HPO-2026-07-4297,PAID,2026-07-31,2026-07,security monitoring hosts 2026-07,JE-HAP-2026-07-4297
HAP-2026-07-4298,VEND-265,Harbor Components,HAR-2026-07-4298,2026-07-17,2026-08-16,77.2,USD,HPO-2026-07-4298,PAID,2026-07-31,2026-07,usage overage block 2026-07,JE-HAP-2026-07-4298
HAP-2026-07-4299,VEND-269,Timber Systems,TIM-2026-07-4299,2026-07-17,2026-08-16,12602.31,USD,HPO-2026-07-4299,PAID,2026-07-31,2026-07,premium support 2026-07,JE-HAP-2026-07-4299
HAP-2026-07-4300,VEND-273,Ginkgo Partners,GIN-2026-07-4300,2026-07-17,2026-08-16,348.92,USD,HPO-2026-07-4300,PAID,2026-07-31,2026-07,warehouse consumables 2026-07,JE-HAP-2026-07-4300
HAP-2026-07-4301,VEND-277,Teak Studio,TEA-2026-07-4301,2026-07-17,2026-08-16,132.0,USD,HPO-2026-07-4301,PAID,2026-07-31,2026-07,security monitoring hosts 2026-07,JE-HAP-2026-07-4301
HAP-2026-07-4302,VEND-281,Harbor Supply,HAR-2026-07-4302,2026-07-17,2026-08-16,30.11,USD,HPO-2026-07-4302,PAID,2026-07-31,2026-07,usage overage block 2026-07,JE-HAP-2026-07-4302
HAP-2026-07-4303,VEND-285,Timber Components,TIM-2026-07-4303,2026-07-17,2026-08-16,7200.22,USD,HPO-2026-07-4303,PAID,2026-07-31,2026-07,premium support 2026-07,JE-HAP-2026-07-4303
HAP-2026-07-4304,VEND-289,Ginkgo Systems,GIN-2026-07-4304,2026-07-17,2026-08-16,231.33,USD,HPO-2026-07-4304,PAID,2026-07-31,2026-07,warehouse consumables 2026-07,JE-HAP-2026-07-4304
HAP-2026-07-4305,VEND-293,Teak Partners,TEA-2026-07-4305,2026-07-17,2026-08-16,96.44,USD,HPO-2026-07-4305,PAID,2026-07-31,2026-07,security monitoring hosts 2026-07,JE-HAP-2026-07-4305
HAP-2026-07-4306,VEND-297,Harbor Studio,HAR-2026-07-4306,2026-07-17,2026-08-16,150.55,USD,HPO-2026-07-4306,PAID,2026-07-31,2026-07,usage overage block 2026-07,JE-HAP-2026-07-4306
HAP-2026-07-4307,VEND-301,Timber Supply,TIM-2026-07-4307,2026-07-17,2026-08-16,1800.66,USD,HPO-2026-07-4307,PAID,2026-07-31,2026-07,premium support 2026-07,JE-HAP-2026-07-4307
HAP-2026-07-4308,VEND-305,Ginkgo Components,GIN-2026-07-4308,2026-07-17,2026-08-16,116.27,USD,HPO-2026-07-4308,PAID,2026-07-31,2026-07,warehouse consumables 2026-07,JE-HAP-2026-07-4308
HAP-2026-07-4309,VEND-309,Teak Systems,TEA-2026-07-4309,2026-07-17,2026-08-16,60.88,USD,HPO-2026-07-4309,PAID,2026-07-31,2026-07,security monitoring hosts 2026-07,JE-HAP-2026-07-4309
HAP-2026-07-4310,VEND-313,Harbor Partners,HAR-2026-07-4310,2026-07-17,2026-08-16,105.99,USD,HPO-2026-07-4310,PAID,2026-07-31,2026-07,usage overage block 2026-07,JE-HAP-2026-07-4310
HAP-2026-07-4311,VEND-317,Timber Studio,TIM-2026-07-4311,2026-07-17,2026-08-16,16201.1,USD,HPO-2026-07-4311,PAID,2026-07-31,2026-07,premium support 2026-07,JE-HAP-2026-07-4311
HAP-2026-07-4312,VEND-321,Ginkgo Supply,GIN-2026-07-4312,2026-07-17,2026-08-16,424.71,USD,HPO-2026-07-4312,PAID,2026-07-31,2026-07,warehouse consumables 2026-07,JE-HAP-2026-07-4312
HAP-2026-07-4313,VEND-303,Alder Partners,ALD-2026-07-4313,2026-07-18,2026-08-17,31.32,USD,HPO-2026-07-4313,PAID,2026-07-31,2026-07,usage overage block 2026-07,JE-HAP-2026-07-4313
HAP-2026-07-4314,VEND-307,Northwood Studio,NOR-2026-07-4314,2026-07-18,2026-08-17,7201.43,USD,HPO-2026-07-4314,PAID,2026-07-31,2026-07,premium support 2026-07,JE-HAP-2026-07-4314
HAP-2026-07-4315,VEND-311,Beacon Supply,BEA-2026-07-4315,2026-07-18,2026-08-17,232.54,USD,HPO-2026-07-4315,PAID,2026-07-31,2026-07,warehouse consumables 2026-07,JE-HAP-2026-07-4315
HAP-2026-07-4316,VEND-315,Nimbus Components,NIM-2026-07-4316,2026-07-18,2026-08-17,97.65,USD,HPO-2026-07-4316,PAID,2026-07-31,2026-07,security monitoring hosts 2026-07,JE-HAP-2026-07-4316
HAP-2026-07-4317,VEND-319,Alder Systems,ALD-2026-07-4317,2026-07-18,2026-08-17,151.76,USD,HPO-2026-07-4317,PAID,2026-07-31,2026-07,usage overage block 2026-07,JE-HAP-2026-07-4317
HAP-2026-07-4318,VEND-323,Northwood Partners,NOR-2026-07-4318,2026-07-18,2026-08-17,1801.87,USD,HPO-2026-07-4318,PAID,2026-07-31,2026-07,premium support 2026-07,JE-HAP-2026-07-4318
HAP-2026-07-4319,VEND-002,Amazon Web Services,AMA-2026-07-4319,2026-07-18,2026-08-17,117.48,USD,HPO-2026-07-4319,PAID,2026-07-31,2026-07,warehouse consumables 2026-07,JE-HAP-2026-07-4319
HAP-2026-07-4320,VEND-006,Datadog,DAT-2026-07-4320,2026-07-18,2026-08-17,62.09,USD,HPO-2026-07-4320,PAID,2026-07-31,2026-07,security monitoring hosts 2026-07,JE-HAP-2026-07-4320
HAP-2026-07-4321,VEND-011,Hartford Insurance,HAR-2026-07-4321,2026-07-18,2026-08-17,107.2,USD,HPO-2026-07-4321,PAID,2026-07-31,2026-07,usage overage block 2026-07,JE-HAP-2026-07-4321
HAP-2026-07-4322,VEND-015,Harbor Electric,HAR-2026-07-4322,2026-07-18,2026-08-17,16202.31,USD,HPO-2026-07-4322,PAID,2026-07-31,2026-07,premium support 2026-07,JE-HAP-2026-07-4322
HAP-2026-07-4323,VEND-019,Freightline Logistics,FRE-2026-07-4323,2026-07-18,2026-08-17,425.92,USD,HPO-2026-07-4323,PAID,2026-07-31,2026-07,warehouse consumables 2026-07,JE-HAP-2026-07-4323
HAP-2026-07-4324,VEND-023,Notion Labs,NOT-2026-07-4324,2026-07-18,2026-08-17,24.0,USD,HPO-2026-07-4324,PAID,2026-07-31,2026-07,security monitoring hosts 2026-07,JE-HAP-2026-07-4324
HAP-2026-07-4325,VEND-027,Zoom Video,ZOO-2026-07-4325,2026-07-18,2026-08-17,60.11,USD,HPO-2026-07-4325,PAID,2026-07-31,2026-07,usage overage block 2026-07,JE-HAP-2026-07-4325
HAP-2026-07-4326,VEND-031,Helios Hardware Supply,HEL-2026-07-4326,2026-07-18,2026-08-17,10800.22,USD,HPO-2026-07-4326,PAID,2026-07-31,2026-07,premium support 2026-07,JE-HAP-2026-07-4326
HAP-2026-07-4327,VEND-035,ADP,ADP-2026-07-4327,2026-07-18,2026-08-17,308.33,USD,HPO-2026-07-4327,PAID,2026-07-31,2026-07,warehouse consumables 2026-07,JE-HAP-2026-07-4327
HAP-2026-07-4328,VEND-039,CleanRoom Janitorial,CLE-2026-07-4328,2026-07-18,2026-08-17,120.44,USD,HPO-2026-07-4328,PAID,2026-07-31,2026-07,security monitoring hosts 2026-07,JE-HAP-2026-07-4328
HAP-2026-07-4329,VEND-043,Adyen NV,ADY-2026-07-4329,2026-07-18,2026-08-17,15.55,USD,HPO-2026-07-4329,PAID,2026-07-31,2026-07,usage overage block 2026-07,JE-HAP-2026-07-4329
HAP-2026-07-4330,VEND-047,Carta,CAR-2026-07-4330,2026-07-18,2026-08-17,5400.66,USD,HPO-2026-07-4330,PAID,2026-07-31,2026-07,premium support 2026-07,JE-HAP-2026-07-4330
HAP-2026-07-4331,VEND-051,Northwood Supply,NOR-2026-07-4331,2026-07-18,2026-08-17,193.27,USD,HPO-2026-07-4331,PAID,2026-07-31,2026-07,warehouse consumables 2026-07,JE-HAP-2026-07-4331
HAP-2026-07-4332,VEND-055,Beacon Components,BEA-2026-07-4332,2026-07-18,2026-08-17,84.88,USD,HPO-2026-07-4332,PAID,2026-07-31,2026-07,security monitoring hosts 2026-07,JE-HAP-2026-07-4332
HAP-2026-07-4333,VEND-059,Nimbus Systems,NIM-2026-07-4333,2026-07-18,2026-08-17,135.99,USD,HPO-2026-07-4333,PAID,2026-07-31,2026-07,usage overage block 2026-07,JE-HAP-2026-07-4333
HAP-2026-07-4334,VEND-063,Alder Partners,ALD-2026-07-4334,2026-07-18,2026-08-17,19801.1,USD,HPO-2026-07-4334,PAID,2026-07-31,2026-07,premium support 2026-07,JE-HAP-2026-07-4334
HAP-2026-07-4335,VEND-045,Palo Alto Networks,PAL-2026-07-4335,2026-07-19,2026-08-18,25.21,USD,HPO-2026-07-4335,PAID,2026-07-31,2026-07,security monitoring hosts 2026-07,JE-HAP-2026-07-4335
HAP-2026-07-4336,VEND-049,Vanta,VAN-2026-07-4336,2026-07-19,2026-08-18,61.32,USD,HPO-2026-07-4336,PAID,2026-07-31,2026-07,usage overage block 2026-07,JE-HAP-2026-07-4336
HAP-2026-07-4337,VEND-053,Teak Partners,TEA-2026-07-4337,2026-07-19,2026-08-18,10801.43,USD,HPO-2026-07-4337,PAID,2026-07-31,2026-07,premium support 2026-07,JE-HAP-2026-07-4337
HAP-2026-07-4338,VEND-057,Harbor Studio,HAR-2026-07-4338,2026-07-19,2026-08-18,309.54,USD,HPO-2026-07-4338,PAID,2026-07-31,2026-07,warehouse consumables 2026-07,JE-HAP-2026-07-4338
HAP-2026-07-4339,VEND-061,Timber Supply,TIM-2026-07-4339,2026-07-19,2026-08-18,121.65,USD,HPO-2026-07-4339,PAID,2026-07-31,2026-07,security monitoring hosts 2026-07,JE-HAP-2026-07-4339
HAP-2026-07-4340,VEND-065,Ginkgo Components,GIN-2026-07-4340,2026-07-19,2026-08-18,16.76,USD,HPO-2026-07-4340,PAID,2026-07-31,2026-07,usage overage block 2026-07,JE-HAP-2026-07-4340
HAP-2026-07-4341,VEND-069,Teak Systems,TEA-2026-07-4341,2026-07-19,2026-08-18,5401.87,USD,HPO-2026-07-4341,PAID,2026-07-31,2026-07,premium support 2026-07,JE-HAP-2026-07-4341
HAP-2026-07-4342,VEND-073,Harbor Partners,HAR-2026-07-4342,2026-07-19,2026-08-18,194.48,USD,HPO-2026-07-4342,PAID,2026-07-31,2026-07,warehouse consumables 2026-07,JE-HAP-2026-07-4342
HAP-2026-07-4343,VEND-077,Timber Studio,TIM-2026-07-4343,2026-07-19,2026-08-18,86.09,USD,HPO-2026-07-4343,PAID,2026-07-31,2026-07,security monitoring hosts 2026-07,JE-HAP-2026-07-4343
HAP-2026-07-4344,VEND-081,Ginkgo Supply,GIN-2026-07-4344,2026-07-19,2026-08-18,137.2,USD,HPO-2026-07-4344,PAID,2026-07-31,2026-07,usage overage block 2026-07,JE-HAP-2026-07-4344
HAP-2026-07-4345,VEND-085,Teak Components,TEA-2026-07-4345,2026-07-19,2026-08-18,19802.31,USD,HPO-2026-07-4345,PAID,2026-07-31,2026-07,premium support 2026-07,JE-HAP-2026-07-4345
HAP-2026-07-4346,VEND-089,Harbor Systems,HAR-2026-07-4346,2026-07-19,2026-08-18,79.42,USD,HPO-2026-07-4346,PAID,2026-07-31,2026-07,warehouse consumables 2026-07,JE-HAP-2026-07-4346
HAP-2026-07-4347,VEND-093,Timber Partners,TIM-2026-07-4347,2026-07-19,2026-08-18,48.0,USD,HPO-2026-07-4347,PAID,2026-07-31,2026-07,security monitoring hosts 2026-07,JE-HAP-2026-07-4347
HAP-2026-07-4348,VEND-097,Ginkgo Studio,GIN-2026-07-4348,2026-07-19,2026-08-18,90.11,USD,HPO-2026-07-4348,PAID,2026-07-31,2026-07,usage overage block 2026-07,JE-HAP-2026-07-4348
HAP-2026-07-4349,VEND-101,Teak Supply,TEA-2026-07-4349,2026-07-19,2026-08-18,14400.22,USD,HPO-2026-07-4349,PAID,2026-07-31,2026-07,premium support 2026-07,JE-HAP-2026-07-4349
HAP-2026-07-4350,VEND-105,Harbor Components,HAR-2026-07-4350,2026-07-19,2026-08-18,385.33,USD,HPO-2026-07-4350,PAID,2026-07-31,2026-07,warehouse consumables 2026-07,JE-HAP-2026-07-4350
HAP-2026-07-4351,VEND-109,Timber Systems,TIM-2026-07-4351,2026-07-19,2026-08-18,12.44,USD,HPO-2026-07-4351,PAID,2026-07-31,2026-07,security monitoring hosts 2026-07,JE-HAP-2026-07-4351
HAP-2026-07-4352,VEND-113,Ginkgo Partners,GIN-2026-07-4352,2026-07-19,2026-08-18,45.55,USD,HPO-2026-07-4352,PAID,2026-07-31,2026-07,usage overage block 2026-07,JE-HAP-2026-07-4352
HAP-2026-07-4353,VEND-117,Teak Studio,TEA-2026-07-4353,2026-07-19,2026-08-18,9000.66,USD,HPO-2026-07-4353,PAID,2026-07-31,2026-07,premium support 2026-07,JE-HAP-2026-07-4353
HAP-2026-07-4354,VEND-121,Harbor Supply,HAR-2026-07-4354,2026-07-19,2026-08-18,270.27,USD,HPO-2026-07-4354,PAID,2026-07-31,2026-07,warehouse consumables 2026-07,JE-HAP-2026-07-4354
HAP-2026-07-4355,VEND-125,Timber Components,TIM-2026-07-4355,2026-07-19,2026-08-18,108.88,USD,HPO-2026-07-4355,PAID,2026-07-31,2026-07,security monitoring hosts 2026-07,JE-HAP-2026-07-4355
HAP-2026-07-4356,VEND-129,Ginkgo Systems,GIN-2026-07-4356,2026-07-19,2026-08-18,165.99,USD,HPO-2026-07-4356,PAID,2026-07-31,2026-07,usage overage block 2026-07,JE-HAP-2026-07-4356
HAP-2026-07-4357,VEND-111,Alder Supply,ALD-2026-07-4357,2026-07-20,2026-08-19,78.1,USD,HPO-2026-07-4357,PAID,2026-07-31,2026-07,warehouse consumables 2026-07,JE-HAP-2026-07-4357
HAP-2026-07-4358,VEND-115,Northwood Components,NOR-2026-07-4358,2026-07-20,2026-08-19,49.21,USD,HPO-2026-07-4358,PAID,2026-07-31,2026-07,security monitoring hosts 2026-07,JE-HAP-2026-07-4358
HAP-2026-07-4359,VEND-119,Beacon Systems,BEA-2026-07-4359,2026-07-20,2026-08-19,91.32,USD,HPO-2026-07-4359,PAID,2026-07-31,2026-07,usage overage block 2026-07,JE-HAP-2026-07-4359
HAP-2026-07-4360,VEND-123,Nimbus Partners,NIM-2026-07-4360,2026-07-20,2026-08-19,14401.43,USD,HPO-2026-07-4360,PAID,2026-07-31,2026-07,premium support 2026-07,JE-HAP-2026-07-4360
HAP-2026-07-4361,VEND-127,Alder Studio,ALD-2026-07-4361,2026-07-20,2026-08-19,386.54,USD,HPO-2026-07-4361,PAID,2026-07-31,2026-07,warehouse consumables 2026-07,JE-HAP-2026-07-4361
HAP-2026-07-4362,VEND-131,Northwood Supply,NOR-2026-07-4362,2026-07-20,2026-08-19,13.65,USD,HPO-2026-07-4362,PAID,2026-07-31,2026-07,security monitoring hosts 2026-07,JE-HAP-2026-07-4362
HAP-2026-07-4363,VEND-135,Beacon Components,BEA-2026-07-4363,2026-07-20,2026-08-19,46.76,USD,HPO-2026-07-4363,PAID,2026-07-31,2026-07,usage overage block 2026-07,JE-HAP-2026-07-4363
HAP-2026-07-4364,VEND-139,Nimbus Systems,NIM-2026-07-4364,2026-07-20,2026-08-19,9001.87,USD,HPO-2026-07-4364,PAID,2026-07-31,2026-07,premium support 2026-07,JE-HAP-2026-07-4364
HAP-2026-07-4365,VEND-143,Alder Partners,ALD-2026-07-4365,2026-07-20,2026-08-19,271.48,USD,HPO-2026-07-4365,PAID,2026-07-31,2026-07,warehouse consumables 2026-07,JE-HAP-2026-07-4365
HAP-2026-07-4366,VEND-147,Northwood Studio,NOR-2026-07-4366,2026-07-20,2026-08-19,110.09,USD,HPO-2026-07-4366,PAID,2026-07-31,2026-07,security monitoring hosts 2026-07,JE-HAP-2026-07-4366
HAP-2026-07-4367,VEND-151,Beacon Supply,BEA-2026-07-4367,2026-07-20,2026-08-19,167.2,USD,HPO-2026-07-4367,PAID,2026-07-31,2026-07,usage overage block 2026-07,JE-HAP-2026-07-4367
HAP-2026-07-4368,VEND-155,Nimbus Components,NIM-2026-07-4368,2026-07-20,2026-08-19,3602.31,USD,HPO-2026-07-4368,PAID,2026-07-31,2026-07,premium support 2026-07,JE-HAP-2026-07-4368
HAP-2026-07-4369,VEND-159,Alder Systems,ALD-2026-07-4369,2026-07-20,2026-08-19,156.42,USD,HPO-2026-07-4369,PAID,2026-07-31,2026-07,warehouse consumables 2026-07,JE-HAP-2026-07-4369
HAP-2026-07-4370,VEND-163,Northwood Partners,NOR-2026-07-4370,2026-07-20,2026-08-19,72.0,USD,HPO-2026-07-4370,PAID,2026-07-31,2026-07,security monitoring hosts 2026-07,JE-HAP-2026-07-4370
HAP-2026-07-4371,VEND-167,Beacon Studio,BEA-2026-07-4371,2026-07-20,2026-08-19,120.11,USD,HPO-2026-07-4371,PAID,2026-07-31,2026-07,usage overage block 2026-07,JE-HAP-2026-07-4371
HAP-2026-07-4372,VEND-171,Nimbus Supply,NIM-2026-07-4372,2026-07-20,2026-08-19,18000.22,USD,HPO-2026-07-4372,PAID,2026-07-31,2026-07,premium support 2026-07,JE-HAP-2026-07-4372
HAP-2026-07-4373,VEND-175,Alder Components,ALD-2026-07-4373,2026-07-20,2026-08-19,38.83,USD,HPO-2026-07-4373,PAID,2026-07-31,2026-07,warehouse consumables 2026-07,JE-HAP-2026-07-4373
HAP-2026-07-4374,VEND-179,Northwood Systems,NOR-2026-07-4374,2026-07-20,2026-08-19,36.44,USD,HPO-2026-07-4374,PAID,2026-07-31,2026-07,security monitoring hosts 2026-07,JE-HAP-2026-07-4374
HAP-2026-07-4375,VEND-183,Beacon Partners,BEA-2026-07-4375,2026-07-20,2026-08-19,75.55,USD,HPO-2026-07-4375,PAID,2026-07-31,2026-07,usage overage block 2026-07,JE-HAP-2026-07-4375
HAP-2026-07-4376,VEND-187,Nimbus Studio,NIM-2026-07-4376,2026-07-20,2026-08-19,12600.66,USD,HPO-2026-07-4376,PAID,2026-07-31,2026-07,premium support 2026-07,JE-HAP-2026-07-4376
HAP-2026-07-4377,VEND-191,Alder Supply,ALD-2026-07-4377,2026-07-20,2026-08-19,347.27,USD,HPO-2026-07-4377,PAID,2026-07-31,2026-07,warehouse consumables 2026-07,JE-HAP-2026-07-4377
HAP-2026-07-4378,VEND-195,Northwood Components,NOR-2026-07-4378,2026-07-20,2026-08-19,132.88,USD,HPO-2026-07-4378,PAID,2026-07-31,2026-07,security monitoring hosts 2026-07,JE-HAP-2026-07-4378
HAP-2026-07-4379,VEND-177,Ginkgo Studio,GIN-2026-07-4379,2026-07-21,2026-08-20,3600.99,USD,HPO-2026-07-4379,PAID,2026-07-31,2026-07,premium support 2026-07,JE-HAP-2026-07-4379
HAP-2026-07-4380,VEND-181,Teak Supply,TEA-2026-07-4380,2026-07-21,2026-08-20,155.1,USD,HPO-2026-07-4380,PAID,2026-07-31,2026-07,warehouse consumables 2026-07,JE-HAP-2026-07-4380
HAP-2026-07-4381,VEND-185,Harbor Components,HAR-2026-07-4381,2026-07-21,2026-08-20,73.21,USD,HPO-2026-07-4381,PAID,2026-07-31,2026-07,security monitoring hosts 2026-07,JE-HAP-2026-07-4381
HAP-2026-07-4382,VEND-189,Timber Systems,TIM-2026-07-4382,2026-07-21,2026-08-20,121.32,USD,HPO-2026-07-4382,PAID,2026-07-31,2026-07,usage overage block 2026-07,JE-HAP-2026-07-4382
HAP-2026-07-4383,VEND-193,Ginkgo Partners,GIN-2026-07-4383,2026-07-21,2026-08-20,18001.43,USD,HPO-2026-07-4383,PAID,2026-07-31,2026-07,premium support 2026-07,JE-HAP-2026-07-4383
HAP-2026-07-4384,VEND-197,Teak Studio,TEA-2026-07-4384,2026-07-21,2026-08-20,40.04,USD,HPO-2026-07-4384,PAID,2026-07-31,2026-07,warehouse consumables 2026-07,JE-HAP-2026-07-4384
HAP-2026-07-4385,VEND-201,Harbor Supply,HAR-2026-07-4385,2026-07-21,2026-08-20,37.65,USD,HPO-2026-07-4385,PAID,2026-07-31,2026-07,security monitoring hosts 2026-07,JE-HAP-2026-07-4385
HAP-2026-07-4386,VEND-205,Timber Components,TIM-2026-07-4386,2026-07-21,2026-08-20,76.76,USD,HPO-2026-07-4386,PAID,2026-07-31,2026-07,usage overage block 2026-07,JE-HAP-2026-07-4386
HAP-2026-07-4387,VEND-209,Ginkgo Systems,GIN-2026-07-4387,2026-07-21,2026-08-20,12601.87,USD,HPO-2026-07-4387,PAID,2026-07-31,2026-07,premium support 2026-07,JE-HAP-2026-07-4387
HAP-2026-07-4388,VEND-213,Teak Partners,TEA-2026-07-4388,2026-07-21,2026-08-20,348.48,USD,HPO-2026-07-4388,PAID,2026-07-31,2026-07,warehouse consumables 2026-07,JE-HAP-2026-07-4388
HAP-2026-07-4389,VEND-217,Harbor Studio,HAR-2026-07-4389,2026-07-21,2026-08-20,134.09,USD,HPO-2026-07-4389,PAID,2026-07-31,2026-07,security monitoring hosts 2026-07,JE-HAP-2026-07-4389
HAP-2026-07-4390,VEND-221,Timber Supply,TIM-2026-07-4390,2026-07-21,2026-08-20,32.2,USD,HPO-2026-07-4390,PAID,2026-07-31,2026-07,usage overage block 2026-07,JE-HAP-2026-07-4390
HAP-2026-07-4391,VEND-225,Ginkgo Components,GIN-2026-07-4391,2026-07-21,2026-08-20,7202.31,USD,HPO-2026-07-4391,PAID,2026-07-31,2026-07,premium support 2026-07,JE-HAP-2026-07-4391
HAP-2026-07-4392,VEND-229,Teak Systems,TEA-2026-07-4392,2026-07-21,2026-08-20,233.42,USD,HPO-2026-07-4392,PAID,2026-07-31,2026-07,warehouse consumables 2026-07,JE-HAP-2026-07-4392
HAP-2026-07-4393,VEND-233,Harbor Partners,HAR-2026-07-4393,2026-07-21,2026-08-20,96.0,USD,HPO-2026-07-4393,PAID,2026-07-31,2026-07,security monitoring hosts 2026-07,JE-HAP-2026-07-4393
HAP-2026-07-4394,VEND-237,Timber Studio,TIM-2026-07-4394,2026-07-21,2026-08-20,150.11,USD,HPO-2026-07-4394,PAID,2026-07-31,2026-07,usage overage block 2026-07,JE-HAP-2026-07-4394
HAP-2026-07-4395,VEND-241,Ginkgo Supply,GIN-2026-07-4395,2026-07-21,2026-08-20,1800.22,USD,HPO-2026-07-4395,PAID,2026-07-31,2026-07,premium support 2026-07,JE-HAP-2026-07-4395
HAP-2026-07-4396,VEND-245,Teak Components,TEA-2026-07-4396,2026-07-21,2026-08-20,115.83,USD,HPO-2026-07-4396,PAID,2026-07-31,2026-07,warehouse consumables 2026-07,JE-HAP-2026-07-4396
HAP-2026-07-4397,VEND-249,Harbor Systems,HAR-2026-07-4397,2026-07-21,2026-08-20,60.44,USD,HPO-2026-07-4397,PAID,2026-07-31,2026-07,security monitoring hosts 2026-07,JE-HAP-2026-07-4397
HAP-2026-07-4398,VEND-253,Timber Partners,TIM-2026-07-4398,2026-07-21,2026-08-20,105.55,USD,HPO-2026-07-4398,PAID,2026-07-31,2026-07,usage overage block 2026-07,JE-HAP-2026-07-4398
HAP-2026-07-4399,VEND-257,Ginkgo Studio,GIN-2026-07-4399,2026-07-21,2026-08-20,16200.66,USD,HPO-2026-07-4399,PAID,2026-07-31,2026-07,premium support 2026-07,JE-HAP-2026-07-4399
HAP-2026-07-4400,VEND-261,Teak Supply,TEA-2026-07-4400,2026-07-21,2026-08-20,424.27,USD,HPO-2026-07-4400,PAID,2026-07-31,2026-07,warehouse consumables 2026-07,JE-HAP-2026-07-4400
HAP-2026-08-4401,VEND-243,Northwood Partners,NOR-2026-08-4401,2026-08-02,2026-09-01,30.88,USD,HPO-2026-08-4401,PAID,2026-08-20,2026-08,usage overage block 2026-08,JE-HAP-2026-08-4401
HAP-2026-08-4402,VEND-247,Beacon Studio,BEA-2026-08-4402,2026-08-02,2026-09-01,7200.99,USD,HPO-2026-08-4402,PAID,2026-08-20,2026-08,premium support 2026-08,JE-HAP-2026-08-4402
HAP-2026-08-4403,VEND-251,Nimbus Supply,NIM-2026-08-4403,2026-08-02,2026-09-01,232.1,USD,HPO-2026-08-4403,PAID,2026-08-20,2026-08,warehouse consumables 2026-08,JE-HAP-2026-08-4403
HAP-2026-08-4404,VEND-255,Alder Components,ALD-2026-08-4404,2026-08-02,2026-09-01,97.21,USD,HPO-2026-08-4404,PAID,2026-08-20,2026-08,security monitoring hosts 2026-08,JE-HAP-2026-08-4404
HAP-2026-08-4405,VEND-259,Northwood Systems,NOR-2026-08-4405,2026-08-02,2026-09-01,151.32,USD,HPO-2026-08-4405,PAID,2026-08-20,2026-08,usage overage block 2026-08,JE-HAP-2026-08-4405
HAP-2026-08-4406,VEND-263,Beacon Partners,BEA-2026-08-4406,2026-08-02,2026-09-01,1801.43,USD,HPO-2026-08-4406,PAID,2026-08-20,2026-08,premium support 2026-08,JE-HAP-2026-08-4406
HAP-2026-08-4407,VEND-267,Nimbus Studio,NIM-2026-08-4407,2026-08-02,2026-09-01,117.04,USD,HPO-2026-08-4407,PAID,2026-08-20,2026-08,warehouse consumables 2026-08,JE-HAP-2026-08-4407
HAP-2026-08-4408,VEND-271,Alder Supply,ALD-2026-08-4408,2026-08-02,2026-09-01,61.65,USD,HPO-2026-08-4408,PAID,2026-08-20,2026-08,security monitoring hosts 2026-08,JE-HAP-2026-08-4408
HAP-2026-08-4409,VEND-275,Northwood Components,NOR-2026-08-4409,2026-08-02,2026-09-01,106.76,USD,HPO-2026-08-4409,PAID,2026-08-20,2026-08,usage overage block 2026-08,JE-HAP-2026-08-4409
HAP-2026-08-4410,VEND-279,Beacon Systems,BEA-2026-08-4410,2026-08-02,2026-09-01,16201.87,USD,HPO-2026-08-4410,PAID,2026-08-20,2026-08,premium support 2026-08,JE-HAP-2026-08-4410
HAP-2026-08-4411,VEND-283,Nimbus Partners,NIM-2026-08-4411,2026-08-02,2026-09-01,425.48,USD,HPO-2026-08-4411,PAID,2026-08-20,2026-08,warehouse consumables 2026-08,JE-HAP-2026-08-4411
HAP-2026-08-4412,VEND-287,Alder Studio,ALD-2026-08-4412,2026-08-02,2026-09-01,26.09,USD,HPO-2026-08-4412,PAID,2026-08-20,2026-08,security monitoring hosts 2026-08,JE-HAP-2026-08-4412
HAP-2026-08-4413,VEND-291,Northwood Supply,NOR-2026-08-4413,2026-08-02,2026-09-01,62.2,USD,HPO-2026-08-4413,PAID,2026-08-20,2026-08,usage overage block 2026-08,JE-HAP-2026-08-4413
HAP-2026-08-4414,VEND-295,Beacon Components,BEA-2026-08-4414,2026-08-02,2026-09-01,10802.31,USD,HPO-2026-08-4414,PAID,2026-08-20,2026-08,premium support 2026-08,JE-HAP-2026-08-4414
HAP-2026-08-4415,VEND-299,Nimbus Systems,NIM-2026-08-4415,2026-08-02,2026-09-01,310.42,USD,HPO-2026-08-4415,PAID,2026-08-20,2026-08,warehouse consumables 2026-08,JE-HAP-2026-08-4415
HAP-2026-08-4416,VEND-303,Alder Partners,ALD-2026-08-4416,2026-08-02,2026-09-01,120.0,USD,HPO-2026-08-4416,PAID,2026-08-20,2026-08,security monitoring hosts 2026-08,JE-HAP-2026-08-4416
HAP-2026-08-4417,VEND-307,Northwood Studio,NOR-2026-08-4417,2026-08-02,2026-09-01,15.11,USD,HPO-2026-08-4417,PAID,2026-08-20,2026-08,usage overage block 2026-08,JE-HAP-2026-08-4417
HAP-2026-08-4418,VEND-311,Beacon Supply,BEA-2026-08-4418,2026-08-02,2026-09-01,5400.22,USD,HPO-2026-08-4418,PAID,2026-08-20,2026-08,premium support 2026-08,JE-HAP-2026-08-4418
HAP-2026-08-4419,VEND-315,Nimbus Components,NIM-2026-08-4419,2026-08-02,2026-09-01,192.83,USD,HPO-2026-08-4419,PAID,2026-08-20,2026-08,warehouse consumables 2026-08,JE-HAP-2026-08-4419
HAP-2026-08-4420,VEND-319,Alder Systems,ALD-2026-08-4420,2026-08-02,2026-09-01,84.44,USD,HPO-2026-08-4420,PAID,2026-08-20,2026-08,security monitoring hosts 2026-08,JE-HAP-2026-08-4420
HAP-2026-08-4421,VEND-323,Northwood Partners,NOR-2026-08-4421,2026-08-02,2026-09-01,135.55,USD,HPO-2026-08-4421,PAID,2026-08-20,2026-08,usage overage block 2026-08,JE-HAP-2026-08-4421
HAP-2026-08-4422,VEND-002,Amazon Web Services,AMA-2026-08-4422,2026-08-02,2026-09-01,19800.66,USD,HPO-2026-08-4422,PAID,2026-08-20,2026-08,premium support 2026-08,JE-HAP-2026-08-4422
HAP-2026-08-4423,VEND-309,Teak Systems,TEA-2026-08-4423,2026-08-03,2026-09-02,24.77,USD,HPO-2026-08-4423,PAID,2026-08-21,2026-08,security monitoring hosts 2026-08,JE-HAP-2026-08-4423
HAP-2026-08-4424,VEND-313,Harbor Partners,HAR-2026-08-4424,2026-08-03,2026-09-02,60.88,USD,HPO-2026-08-4424,PAID,2026-08-21,2026-08,usage overage block 2026-08,JE-HAP-2026-08-4424
HAP-2026-08-4425,VEND-317,Timber Studio,TIM-2026-08-4425,2026-08-03,2026-09-02,10800.99,USD,HPO-2026-08-4425,PAID,2026-08-21,2026-08,premium support 2026-08,JE-HAP-2026-08-4425
HAP-2026-08-4426,VEND-321,Ginkgo Supply,GIN-2026-08-4426,2026-08-03,2026-09-02,309.1,USD,HPO-2026-08-4426,PAID,2026-08-21,2026-08,warehouse consumables 2026-08,JE-HAP-2026-08-4426
HAP-2026-08-4427,VEND-001-DUP,Acme Supplies LLC,ACM-2026-08-4427,2026-08-03,2026-09-02,121.21,USD,HPO-2026-08-4427,PAID,2026-08-21,2026-08,security monitoring hosts 2026-08,JE-HAP-2026-08-4427
HAP-2026-08-4428,VEND-004,Office Depot,OFF-2026-08-4428,2026-08-03,2026-09-02,16.32,USD,HPO-2026-08-4428,PAID,2026-08-21,2026-08,usage overage block 2026-08,JE-HAP-2026-08-4428
HAP-2026-08-4429,VEND-008,Figma,FIG-2026-08-4429,2026-08-03,2026-09-02,5401.43,USD,HPO-2026-08-4429,PAID,2026-08-21,2026-08,premium support 2026-08,JE-HAP-2026-08-4429
HAP-2026-08-4430,VEND-013,Cambridge Properties,CAM-2026-08-4430,2026-08-03,2026-09-02,194.04,USD,HPO-2026-08-4430,PAID,2026-08-21,2026-08,warehouse consumables 2026-08,JE-HAP-2026-08-4430
HAP-2026-08-4431,VEND-017,GitHub,GIT-2026-08-4431,2026-08-03,2026-09-02,85.65,USD,HPO-2026-08-4431,PAID,2026-08-21,2026-08,security monitoring hosts 2026-08,JE-HAP-2026-08-4431
HAP-2026-08-4432,VEND-021,Misc Supplies,MIS-2026-08-4432,2026-08-03,2026-09-02,136.76,USD,HPO-2026-08-4432,PAID,2026-08-21,2026-08,usage overage block 2026-08,JE-HAP-2026-08-4432
HAP-2026-08-4433,VEND-025,Okta,OKT-2026-08-4433,2026-08-03,2026-09-02,19801.87,USD,HPO-2026-08-4433,PAID,2026-08-21,2026-08,premium support 2026-08,JE-HAP-2026-08-4433
HAP-2026-08-4434,VEND-029,Cloudflare,CLO-2026-08-4434,2026-08-03,2026-09-02,78.98,USD,HPO-2026-08-4434,PAID,2026-08-21,2026-08,warehouse consumables 2026-08,JE-HAP-2026-08-4434
HAP-2026-08-4435,VEND-033,Staples Business Advantage,STA-2026-08-4435,2026-08-03,2026-09-02,50.09,USD,HPO-2026-08-4435,PAID,2026-08-21,2026-08,security monitoring hosts 2026-08,JE-HAP-2026-08-4435
HAP-2026-08-4436,VEND-037,Comcast Business,COM-2026-08-4436,2026-08-03,2026-09-02,92.2,USD,HPO-2026-08-4436,PAID,2026-08-21,2026-08,usage overage block 2026-08,JE-HAP-2026-08-4436
HAP-2026-08-4437,VEND-041,HubSpot,HUB-2026-08-4437,2026-08-03,2026-09-02,14402.31,USD,HPO-2026-08-4437,PAID,2026-08-21,2026-08,premium support 2026-08,JE-HAP-2026-08-4437
HAP-2026-08-4438,VEND-045,Palo Alto Networks,PAL-2026-08-4438,2026-08-03,2026-09-02,387.42,USD,HPO-2026-08-4438,PAID,2026-08-21,2026-08,warehouse consumables 2026-08,JE-HAP-2026-08-4438
HAP-2026-08-4439,VEND-049,Vanta,VAN-2026-08-4439,2026-08-03,2026-09-02,12.0,USD,HPO-2026-08-4439,PAID,2026-08-21,2026-08,security monitoring hosts 2026-08,JE-HAP-2026-08-4439
HAP-2026-08-4440,VEND-053,Teak Partners,TEA-2026-08-4440,2026-08-03,2026-09-02,45.11,USD,HPO-2026-08-4440,PAID,2026-08-21,2026-08,usage overage block 2026-08,JE-HAP-2026-08-4440
HAP-2026-08-4441,VEND-057,Harbor Studio,HAR-2026-08-4441,2026-08-03,2026-09-02,9000.22,USD,HPO-2026-08-4441,PAID,2026-08-21,2026-08,premium support 2026-08,JE-HAP-2026-08-4441
HAP-2026-08-4442,VEND-061,Timber Supply,TIM-2026-08-4442,2026-08-03,2026-09-02,269.83,USD,HPO-2026-08-4442,PAID,2026-08-21,2026-08,warehouse consumables 2026-08,JE-HAP-2026-08-4442
HAP-2026-08-4443,VEND-065,Ginkgo Components,GIN-2026-08-4443,2026-08-03,2026-09-02,108.44,USD,HPO-2026-08-4443,PAID,2026-08-21,2026-08,security monitoring hosts 2026-08,JE-HAP-2026-08-4443
HAP-2026-08-4444,VEND-069,Teak Systems,TEA-2026-08-4444,2026-08-03,2026-09-02,165.55,USD,HPO-2026-08-4444,PAID,2026-08-21,2026-08,usage overage block 2026-08,JE-HAP-2026-08-4444
HAP-2026-08-4445,VEND-051,Northwood Supply,NOR-2026-08-4445,2026-08-04,2026-09-03,77.66,USD,HPO-2026-08-4445,PAID,2026-08-22,2026-08,warehouse consumables 2026-08,JE-HAP-2026-08-4445
HAP-2026-08-4446,VEND-055,Beacon Components,BEA-2026-08-4446,2026-08-04,2026-09-03,48.77,USD,HPO-2026-08-4446,PAID,2026-08-22,2026-08,security monitoring hosts 2026-08,JE-HAP-2026-08-4446
HAP-2026-08-4447,VEND-059,Nimbus Systems,NIM-2026-08-4447,2026-08-04,2026-09-03,90.88,USD,HPO-2026-08-4447,PAID,2026-08-22,2026-08,usage overage block 2026-08,JE-HAP-2026-08-4447
HAP-2026-08-4448,VEND-063,Alder Partners,ALD-2026-08-4448,2026-08-04,2026-09-03,14400.99,USD,HPO-2026-08-4448,PAID,2026-08-22,2026-08,premium support 2026-08,JE-HAP-2026-08-4448
HAP-2026-08-4449,VEND-067,Northwood Studio,NOR-2026-08-4449,2026-08-04,2026-09-03,386.1,USD,HPO-2026-08-4449,PAID,2026-08-22,2026-08,warehouse consumables 2026-08,JE-HAP-2026-08-4449
HAP-2026-08-4450,VEND-071,Beacon Supply,BEA-2026-08-4450,2026-08-04,2026-09-03,13.21,USD,HPO-2026-08-4450,PAID,2026-08-22,2026-08,security monitoring hosts 2026-08,JE-HAP-2026-08-4450
HAP-2026-08-4451,VEND-075,Nimbus Components,NIM-2026-08-4451,2026-08-04,2026-09-03,46.32,USD,HPO-2026-08-4451,PAID,2026-08-22,2026-08,usage overage block 2026-08,JE-HAP-2026-08-4451
HAP-2026-08-4452,VEND-079,Alder Systems,ALD-2026-08-4452,2026-08-04,2026-09-03,9001.43,USD,HPO-2026-08-4452,PAID,2026-08-22,2026-08,premium support 2026-08,JE-HAP-2026-08-4452
HAP-2026-08-4453,VEND-083,Northwood Partners,NOR-2026-08-4453,2026-08-04,2026-09-03,271.04,USD,HPO-2026-08-4453,PAID,2026-08-22,2026-08,warehouse consumables 2026-08,JE-HAP-2026-08-4453
HAP-2026-08-4454,VEND-087,Beacon Studio,BEA-2026-08-4454,2026-08-04,2026-09-03,109.65,USD,HPO-2026-08-4454,PAID,2026-08-22,2026-08,security monitoring hosts 2026-08,JE-HAP-2026-08-4454
HAP-2026-08-4455,VEND-091,Nimbus Supply,NIM-2026-08-4455,2026-08-04,2026-09-03,166.76,USD,HPO-2026-08-4455,PAID,2026-08-22,2026-08,usage overage block 2026-08,JE-HAP-2026-08-4455
HAP-2026-08-4456,VEND-095,Alder Components,ALD-2026-08-4456,2026-08-04,2026-09-03,3601.87,USD,HPO-2026-08-4456,PAID,2026-08-22,2026-08,premium support 2026-08,JE-HAP-2026-08-4456
HAP-2026-08-4457,VEND-099,Northwood Systems,NOR-2026-08-4457,2026-08-04,2026-09-03,155.98,USD,HPO-2026-08-4457,PAID,2026-08-22,2026-08,warehouse consumables 2026-08,JE-HAP-2026-08-4457
HAP-2026-08-4458,VEND-103,Beacon Partners,BEA-2026-08-4458,2026-08-04,2026-09-03,74.09,USD,HPO-2026-08-4458,PAID,2026-08-22,2026-08,security monitoring hosts 2026-08,JE-HAP-2026-08-4458
HAP-2026-08-4459,VEND-107,Nimbus Studio,NIM-2026-08-4459,2026-08-04,2026-09-03,122.2,USD,HPO-2026-08-4459,PAID,2026-08-22,2026-08,usage overage block 2026-08,JE-HAP-2026-08-4459
HAP-2026-08-4460,VEND-111,Alder Supply,ALD-2026-08-4460,2026-08-04,2026-09-03,18002.31,USD,HPO-2026-08-4460,PAID,2026-08-22,2026-08,premium support 2026-08,JE-HAP-2026-08-4460
HAP-2026-08-4461,VEND-115,Northwood Components,NOR-2026-08-4461,2026-08-04,2026-09-03,40.92,USD,HPO-2026-08-4461,PAID,2026-08-22,2026-08,warehouse consumables 2026-08,JE-HAP-2026-08-4461
HAP-2026-08-4462,VEND-119,Beacon Systems,BEA-2026-08-4462,2026-08-04,2026-09-03,36.0,USD,HPO-2026-08-4462,PAID,2026-08-22,2026-08,security monitoring hosts 2026-08,JE-HAP-2026-08-4462
HAP-2026-08-4463,VEND-123,Nimbus Partners,NIM-2026-08-4463,2026-08-04,2026-09-03,75.11,USD,HPO-2026-08-4463,PAID,2026-08-22,2026-08,usage overage block 2026-08,JE-HAP-2026-08-4463
HAP-2026-08-4464,VEND-127,Alder Studio,ALD-2026-08-4464,2026-08-04,2026-09-03,12600.22,USD,HPO-2026-08-4464,PAID,2026-08-22,2026-08,premium support 2026-08,JE-HAP-2026-08-4464
HAP-2026-08-4465,VEND-131,Northwood Supply,NOR-2026-08-4465,2026-08-04,2026-09-03,346.83,USD,HPO-2026-08-4465,PAID,2026-08-22,2026-08,warehouse consumables 2026-08,JE-HAP-2026-08-4465
HAP-2026-08-4466,VEND-135,Beacon Components,BEA-2026-08-4466,2026-08-04,2026-09-03,132.44,USD,HPO-2026-08-4466,PAID,2026-08-22,2026-08,security monitoring hosts 2026-08,JE-HAP-2026-08-4466
HAP-2026-08-4467,VEND-117,Teak Studio,TEA-2026-08-4467,2026-08-05,2026-09-04,3600.55,USD,HPO-2026-08-4467,PAID,2026-08-23,2026-08,premium support 2026-08,JE-HAP-2026-08-4467
HAP-2026-08-4468,VEND-121,Harbor Supply,HAR-2026-08-4468,2026-08-05,2026-09-04,154.66,USD,HPO-2026-08-4468,PAID,2026-08-23,2026-08,warehouse consumables 2026-08,JE-HAP-2026-08-4468
HAP-2026-08-4469,VEND-125,Timber Components,TIM-2026-08-4469,2026-08-05,2026-09-04,72.77,USD,HPO-2026-08-4469,PAID,2026-08-23,2026-08,security monitoring hosts 2026-08,JE-HAP-2026-08-4469
HAP-2026-08-4470,VEND-129,Ginkgo Systems,GIN-2026-08-4470,2026-08-05,2026-09-04,120.88,USD,HPO-2026-08-4470,PAID,2026-08-23,2026-08,usage overage block 2026-08,JE-HAP-2026-08-4470
HAP-2026-08-4471,VEND-133,Teak Partners,TEA-2026-08-4471,2026-08-05,2026-09-04,18000.99,USD,HPO-2026-08-4471,PAID,2026-08-23,2026-08,premium support 2026-08,JE-HAP-2026-08-4471
HAP-2026-08-4472,VEND-137,Harbor Studio,HAR-2026-08-4472,2026-08-05,2026-09-04,39.6,USD,HPO-2026-08-4472,PAID,2026-08-23,2026-08,warehouse consumables 2026-08,JE-HAP-2026-08-4472
HAP-2026-08-4473,VEND-141,Timber Supply,TIM-2026-08-4473,2026-08-05,2026-09-04,37.21,USD,HPO-2026-08-4473,PAID,2026-08-23,2026-08,security monitoring hosts 2026-08,JE-HAP-2026-08-4473
HAP-2026-08-4474,VEND-145,Ginkgo Components,GIN-2026-08-4474,2026-08-05,2026-09-04,76.32,USD,HPO-2026-08-4474,PAID,2026-08-23,2026-08,usage overage block 2026-08,JE-HAP-2026-08-4474
HAP-2026-08-4475,VEND-149,Teak Systems,TEA-2026-08-4475,2026-08-05,2026-09-04,12601.43,USD,HPO-2026-08-4475,PAID,2026-08-23,2026-08,premium support 2026-08,JE-HAP-2026-08-4475
HAP-2026-08-4476,VEND-153,Harbor Partners,HAR-2026-08-4476,2026-08-05,2026-09-04,348.04,USD,HPO-2026-08-4476,PAID,2026-08-23,2026-08,warehouse consumables 2026-08,JE-HAP-2026-08-4476
HAP-2026-08-4477,VEND-157,Timber Studio,TIM-2026-08-4477,2026-08-05,2026-09-04,133.65,USD,HPO-2026-08-4477,PAID,2026-08-23,2026-08,security monitoring hosts 2026-08,JE-HAP-2026-08-4477
HAP-2026-08-4478,VEND-161,Ginkgo Supply,GIN-2026-08-4478,2026-08-05,2026-09-04,31.76,USD,HPO-2026-08-4478,PAID,2026-08-23,2026-08,usage overage block 2026-08,JE-HAP-2026-08-4478
HAP-2026-08-4479,VEND-165,Teak Components,TEA-2026-08-4479,2026-08-05,2026-09-04,7201.87,USD,HPO-2026-08-4479,PAID,2026-08-23,2026-08,premium support 2026-08,JE-HAP-2026-08-4479
HAP-2026-08-4480,VEND-169,Harbor Systems,HAR-2026-08-4480,2026-08-05,2026-09-04,232.98,USD,HPO-2026-08-4480,PAID,2026-08-23,2026-08,warehouse consumables 2026-08,JE-HAP-2026-08-4480
HAP-2026-08-4481,VEND-173,Timber Partners,TIM-2026-08-4481,2026-08-05,2026-09-04,98.09,USD,HPO-2026-08-4481,PAID,2026-08-23,2026-08,security monitoring hosts 2026-08,JE-HAP-2026-08-4481
HAP-2026-08-4482,VEND-177,Ginkgo Studio,GIN-2026-08-4482,2026-08-05,2026-09-04,152.2,USD,HPO-2026-08-4482,PAID,2026-08-23,2026-08,usage overage block 2026-08,JE-HAP-2026-08-4482
HAP-2026-08-4483,VEND-181,Teak Supply,TEA-2026-08-4483,2026-08-05,2026-09-04,1802.31,USD,HPO-2026-08-4483,PAID,2026-08-23,2026-08,premium support 2026-08,JE-HAP-2026-08-4483
HAP-2026-08-4484,VEND-185,Harbor Components,HAR-2026-08-4484,2026-08-05,2026-09-04,117.92,USD,HPO-2026-08-4484,PAID,2026-08-23,2026-08,warehouse consumables 2026-08,JE-HAP-2026-08-4484
HAP-2026-08-4485,VEND-189,Timber Systems,TIM-2026-08-4485,2026-08-05,2026-09-04,60.0,USD,HPO-2026-08-4485,PAID,2026-08-23,2026-08,security monitoring hosts 2026-08,JE-HAP-2026-08-4485
HAP-2026-08-4486,VEND-193,Ginkgo Partners,GIN-2026-08-4486,2026-08-05,2026-09-04,105.11,USD,HPO-2026-08-4486,PAID,2026-08-23,2026-08,usage overage block 2026-08,JE-HAP-2026-08-4486
HAP-2026-08-4487,VEND-197,Teak Studio,TEA-2026-08-4487,2026-08-05,2026-09-04,16200.22,USD,HPO-2026-08-4487,PAID,2026-08-23,2026-08,premium support 2026-08,JE-HAP-2026-08-4487
HAP-2026-08-4488,VEND-201,Harbor Supply,HAR-2026-08-4488,2026-08-05,2026-09-04,423.83,USD,HPO-2026-08-4488,PAID,2026-08-23,2026-08,warehouse consumables 2026-08,JE-HAP-2026-08-4488
HAP-2026-08-4489,VEND-183,Beacon Partners,BEA-2026-08-4489,2026-08-06,2026-09-05,30.44,USD,HPO-2026-08-4489,PAID,2026-08-24,2026-08,usage overage block 2026-08,JE-HAP-2026-08-4489
HAP-2026-08-4490,VEND-187,Nimbus Studio,NIM-2026-08-4490,2026-08-06,2026-09-05,7200.55,USD,HPO-2026-08-4490,PAID,2026-08-24,2026-08,premium support 2026-08,JE-HAP-2026-08-4490
HAP-2026-08-4491,VEND-191,Alder Supply,ALD-2026-08-4491,2026-08-06,2026-09-05,231.66,USD,HPO-2026-08-4491,PAID,2026-08-24,2026-08,warehouse consumables 2026-08,JE-HAP-2026-08-4491
HAP-2026-08-4492,VEND-195,Northwood Components,NOR-2026-08-4492,2026-08-06,2026-09-05,96.77,USD,HPO-2026-08-4492,PAID,2026-08-24,2026-08,security monitoring hosts 2026-08,JE-HAP-2026-08-4492
HAP-2026-08-4493,VEND-199,Beacon Systems,BEA-2026-08-4493,2026-08-06,2026-09-05,150.88,USD,HPO-2026-08-4493,PAID,2026-08-24,2026-08,usage overage block 2026-08,JE-HAP-2026-08-4493
HAP-2026-08-4494,VEND-203,Nimbus Partners,NIM-2026-08-4494,2026-08-06,2026-09-05,1800.99,USD,HPO-2026-08-4494,PAID,2026-08-24,2026-08,premium support 2026-08,JE-HAP-2026-08-4494
HAP-2026-08-4495,VEND-207,Alder Studio,ALD-2026-08-4495,2026-08-06,2026-09-05,116.6,USD,HPO-2026-08-4495,PAID,2026-08-24,2026-08,warehouse consumables 2026-08,JE-HAP-2026-08-4495
HAP-2026-08-4496,VEND-211,Northwood Supply,NOR-2026-08-4496,2026-08-06,2026-09-05,61.21,USD,HPO-2026-08-4496,PAID,2026-08-24,2026-08,security monitoring hosts 2026-08,JE-HAP-2026-08-4496
HAP-2026-08-4497,VEND-215,Beacon Components,BEA-2026-08-4497,2026-08-06,2026-09-05,106.32,USD,HPO-2026-08-4497,PAID,2026-08-24,2026-08,usage overage block 2026-08,JE-HAP-2026-08-4497
HAP-2026-08-4498,VEND-219,Nimbus Systems,NIM-2026-08-4498,2026-08-06,2026-09-05,16201.43,USD,HPO-2026-08-4498,PAID,2026-08-24,2026-08,premium support 2026-08,JE-HAP-2026-08-4498
HAP-2026-08-4499,VEND-223,Alder Partners,ALD-2026-08-4499,2026-08-06,2026-09-05,425.04,USD,HPO-2026-08-4499,PAID,2026-08-24,2026-08,warehouse consumables 2026-08,JE-HAP-2026-08-4499
HAP-2026-08-4500,VEND-227,Northwood Studio,NOR-2026-08-4500,2026-08-06,2026-09-05,25.65,USD,HPO-2026-08-4500,PAID,2026-08-24,2026-08,security monitoring hosts 2026-08,JE-HAP-2026-08-4500
HAP-2026-08-4501,VEND-231,Beacon Supply,BEA-2026-08-4501,2026-08-06,2026-09-05,61.76,USD,HPO-2026-08-4501,PAID,2026-08-24,2026-08,usage overage block 2026-08,JE-HAP-2026-08-4501
HAP-2026-08-4502,VEND-235,Nimbus Components,NIM-2026-08-4502,2026-08-06,2026-09-05,10801.87,USD,HPO-2026-08-4502,PAID,2026-08-24,2026-08,premium support 2026-08,JE-HAP-2026-08-4502
HAP-2026-08-4503,VEND-239,Alder Systems,ALD-2026-08-4503,2026-08-06,2026-09-05,309.98,USD,HPO-2026-08-4503,PAID,2026-08-24,2026-08,warehouse consumables 2026-08,JE-HAP-2026-08-4503
HAP-2026-08-4504,VEND-243,Northwood Partners,NOR-2026-08-4504,2026-08-06,2026-09-05,122.09,USD,HPO-2026-08-4504,PAID,2026-08-24,2026-08,security monitoring hosts 2026-08,JE-HAP-2026-08-4504
HAP-2026-08-4505,VEND-247,Beacon Studio,BEA-2026-08-4505,2026-08-06,2026-09-05,17.2,USD,HPO-2026-08-4505,PAID,2026-08-24,2026-08,usage overage block 2026-08,JE-HAP-2026-08-4505
HAP-2026-08-4506,VEND-251,Nimbus Supply,NIM-2026-08-4506,2026-08-06,2026-09-05,5402.31,USD,HPO-2026-08-4506,PAID,2026-08-24,2026-08,premium support 2026-08,JE-HAP-2026-08-4506
HAP-2026-08-4507,VEND-255,Alder Components,ALD-2026-08-4507,2026-08-06,2026-09-05,194.92,USD,HPO-2026-08-4507,PAID,2026-08-24,2026-08,warehouse consumables 2026-08,JE-HAP-2026-08-4507
HAP-2026-08-4508,VEND-259,Northwood Systems,NOR-2026-08-4508,2026-08-06,2026-09-05,84.0,USD,HPO-2026-08-4508,PAID,2026-08-24,2026-08,security monitoring hosts 2026-08,JE-HAP-2026-08-4508
HAP-2026-08-4509,VEND-263,Beacon Partners,BEA-2026-08-4509,2026-08-06,2026-09-05,135.11,USD,HPO-2026-08-4509,PAID,2026-08-24,2026-08,usage overage block 2026-08,JE-HAP-2026-08-4509
HAP-2026-08-4510,VEND-267,Nimbus Studio,NIM-2026-08-4510,2026-08-06,2026-09-05,19800.22,USD,HPO-2026-08-4510,PAID,2026-08-24,2026-08,premium support 2026-08,JE-HAP-2026-08-4510
HAP-2026-08-4511,VEND-249,Harbor Systems,HAR-2026-08-4511,2026-08-07,2026-09-06,24.33,USD,HPO-2026-08-4511,PAID,2026-08-25,2026-08,security monitoring hosts 2026-08,JE-HAP-2026-08-4511
HAP-2026-08-4512,VEND-253,Timber Partners,TIM-2026-08-4512,2026-08-07,2026-09-06,60.44,USD,HPO-2026-08-4512,PAID,2026-08-25,2026-08,usage overage block 2026-08,JE-HAP-2026-08-4512
HAP-2026-08-4513,VEND-257,Ginkgo Studio,GIN-2026-08-4513,2026-08-07,2026-09-06,10800.55,USD,HPO-2026-08-4513,PAID,2026-08-25,2026-08,premium support 2026-08,JE-HAP-2026-08-4513
HAP-2026-08-4514,VEND-261,Teak Supply,TEA-2026-08-4514,2026-08-07,2026-09-06,308.66,USD,HPO-2026-08-4514,PAID,2026-08-25,2026-08,warehouse consumables 2026-08,JE-HAP-2026-08-4514
HAP-2026-08-4515,VEND-265,Harbor Components,HAR-2026-08-4515,2026-08-07,2026-09-06,120.77,USD,HPO-2026-08-4515,PAID,2026-08-25,2026-08,security monitoring hosts 2026-08,JE-HAP-2026-08-4515
HAP-2026-08-4516,VEND-269,Timber Systems,TIM-2026-08-4516,2026-08-07,2026-09-06,15.88,USD,HPO-2026-08-4516,PAID,2026-08-25,2026-08,usage overage block 2026-08,JE-HAP-2026-08-4516
HAP-2026-08-4517,VEND-273,Ginkgo Partners,GIN-2026-08-4517,2026-08-07,2026-09-06,5400.99,USD,HPO-2026-08-4517,PAID,2026-08-25,2026-08,premium support 2026-08,JE-HAP-2026-08-4517
HAP-2026-08-4518,VEND-277,Teak Studio,TEA-2026-08-4518,2026-08-07,2026-09-06,193.6,USD,HPO-2026-08-4518,PAID,2026-08-25,2026-08,warehouse consumables 2026-08,JE-HAP-2026-08-4518
HAP-2026-08-4519,VEND-281,Harbor Supply,HAR-2026-08-4519,2026-08-07,2026-09-06,85.21,USD,HPO-2026-08-4519,PAID,2026-08-25,2026-08,security monitoring hosts 2026-08,JE-HAP-2026-08-4519
HAP-2026-08-4520,VEND-285,Timber Components,TIM-2026-08-4520,2026-08-07,2026-09-06,136.32,USD,HPO-2026-08-4520,PAID,2026-08-25,2026-08,usage overage block 2026-08,JE-HAP-2026-08-4520
HAP-2026-08-4521,VEND-289,Ginkgo Systems,GIN-2026-08-4521,2026-08-07,2026-09-06,19801.43,USD,HPO-2026-08-4521,PAID,2026-08-25,2026-08,premium support 2026-08,JE-HAP-2026-08-4521
HAP-2026-08-4522,VEND-293,Teak Partners,TEA-2026-08-4522,2026-08-07,2026-09-06,78.54,USD,HPO-2026-08-4522,PAID,2026-08-25,2026-08,warehouse consumables 2026-08,JE-HAP-2026-08-4522
HAP-2026-08-4523,VEND-297,Harbor Studio,HAR-2026-08-4523,2026-08-07,2026-09-06,49.65,USD,HPO-2026-08-4523,PAID,2026-08-25,2026-08,security monitoring hosts 2026-08,JE-HAP-2026-08-4523
HAP-2026-08-4524,VEND-301,Timber Supply,TIM-2026-08-4524,2026-08-07,2026-09-06,91.76,USD,HPO-2026-08-4524,PAID,2026-08-25,2026-08,usage overage block 2026-08,JE-HAP-2026-08-4524
HAP-2026-08-4525,VEND-305,Ginkgo Components,GIN-2026-08-4525,2026-08-07,2026-09-06,14401.87,USD,HPO-2026-08-4525,PAID,2026-08-25,2026-08,premium support 2026-08,JE-HAP-2026-08-4525
HAP-2026-08-4526,VEND-309,Teak Systems,TEA-2026-08-4526,2026-08-07,2026-09-06,386.98,USD,HPO-2026-08-4526,PAID,2026-08-25,2026-08,warehouse consumables 2026-08,JE-HAP-2026-08-4526
HAP-2026-08-4527,VEND-313,Harbor Partners,HAR-2026-08-4527,2026-08-07,2026-09-06,14.09,USD,HPO-2026-08-4527,PAID,2026-08-25,2026-08,security monitoring hosts 2026-08,JE-HAP-2026-08-4527
HAP-2026-08-4528,VEND-317,Timber Studio,TIM-2026-08-4528,2026-08-07,2026-09-06,47.2,USD,HPO-2026-08-4528,PAID,2026-08-25,2026-08,usage overage block 2026-08,JE-HAP-2026-08-4528
HAP-2026-08-4529,VEND-321,Ginkgo Supply,GIN-2026-08-4529,2026-08-07,2026-09-06,9002.31,USD,HPO-2026-08-4529,PAID,2026-08-25,2026-08,premium support 2026-08,JE-HAP-2026-08-4529
HAP-2026-08-4530,VEND-001-DUP,Acme Supplies LLC,ACM-2026-08-4530,2026-08-07,2026-09-06,271.92,USD,HPO-2026-08-4530,PAID,2026-08-25,2026-08,warehouse consumables 2026-08,JE-HAP-2026-08-4530
HAP-2026-08-4531,VEND-004,Office Depot,OFF-2026-08-4531,2026-08-07,2026-09-06,108.0,USD,HPO-2026-08-4531,PAID,2026-08-25,2026-08,security monitoring hosts 2026-08,JE-HAP-2026-08-4531
HAP-2026-08-4532,VEND-008,Figma,FIG-2026-08-4532,2026-08-07,2026-09-06,165.11,USD,HPO-2026-08-4532,PAID,2026-08-25,2026-08,usage overage block 2026-08,JE-HAP-2026-08-4532
HAP-2026-08-4533,VEND-315,Nimbus Components,NIM-2026-08-4533,2026-08-08,2026-09-07,77.22,USD,HPO-2026-08-4533,PAID,2026-08-26,2026-08,warehouse consumables 2026-08,JE-HAP-2026-08-4533
HAP-2026-08-4534,VEND-319,Alder Systems,ALD-2026-08-4534,2026-08-08,2026-09-07,48.33,USD,HPO-2026-08-4534,PAID,2026-08-26,2026-08,security monitoring hosts 2026-08,JE-HAP-2026-08-4534
HAP-2026-08-4535,VEND-323,Northwood Partners,NOR-2026-08-4535,2026-08-08,2026-09-07,90.44,USD,HPO-2026-08-4535,PAID,2026-08-26,2026-08,usage overage block 2026-08,JE-HAP-2026-08-4535
HAP-2026-08-4536,VEND-002,Amazon Web Services,AMA-2026-08-4536,2026-08-08,2026-09-07,14400.55,USD,HPO-2026-08-4536,PAID,2026-08-26,2026-08,premium support 2026-08,JE-HAP-2026-08-4536
HAP-2026-08-4537,VEND-006,Datadog,DAT-2026-08-4537,2026-08-08,2026-09-07,385.66,USD,HPO-2026-08-4537,PAID,2026-08-26,2026-08,warehouse consumables 2026-08,JE-HAP-2026-08-4537
HAP-2026-08-4538,VEND-011,Hartford Insurance,HAR-2026-08-4538,2026-08-08,2026-09-07,12.77,USD,HPO-2026-08-4538,PAID,2026-08-26,2026-08,security monitoring hosts 2026-08,JE-HAP-2026-08-4538
HAP-2026-08-4539,VEND-015,Harbor Electric,HAR-2026-08-4539,2026-08-08,2026-09-07,45.88,USD,HPO-2026-08-4539,PAID,2026-08-26,2026-08,usage overage block 2026-08,JE-HAP-2026-08-4539
HAP-2026-08-4540,VEND-019,Freightline Logistics,FRE-2026-08-4540,2026-08-08,2026-09-07,9000.99,USD,HPO-2026-08-4540,PAID,2026-08-26,2026-08,premium support 2026-08,JE-HAP-2026-08-4540
HAP-2026-08-4541,VEND-023,Notion Labs,NOT-2026-08-4541,2026-08-08,2026-09-07,270.6,USD,HPO-2026-08-4541,PAID,2026-08-26,2026-08,warehouse consumables 2026-08,JE-HAP-2026-08-4541
HAP-2026-08-4542,VEND-027,Zoom Video,ZOO-2026-08-4542,2026-08-08,2026-09-07,109.21,USD,HPO-2026-08-4542,PAID,2026-08-26,2026-08,security monitoring hosts 2026-08,JE-HAP-2026-08-4542
HAP-2026-08-4543,VEND-031,Helios Hardware Supply,HEL-2026-08-4543,2026-08-08,2026-09-07,166.32,USD,HPO-2026-08-4543,PAID,2026-08-26,2026-08,usage overage block 2026-08,JE-HAP-2026-08-4543
HAP-2026-08-4544,VEND-035,ADP,ADP-2026-08-4544,2026-08-08,2026-09-07,3601.43,USD,HPO-2026-08-4544,PAID,2026-08-26,2026-08,premium support 2026-08,JE-HAP-2026-08-4544
HAP-2026-08-4545,VEND-039,CleanRoom Janitorial,CLE-2026-08-4545,2026-08-08,2026-09-07,155.54,USD,HPO-2026-08-4545,PAID,2026-08-26,2026-08,warehouse consumables 2026-08,JE-HAP-2026-08-4545
HAP-2026-08-4546,VEND-043,Adyen NV,ADY-2026-08-4546,2026-08-08,2026-09-07,73.65,USD,HPO-2026-08-4546,PAID,2026-08-26,2026-08,security monitoring hosts 2026-08,JE-HAP-2026-08-4546
HAP-2026-08-4547,VEND-047,Carta,CAR-2026-08-4547,2026-08-08,2026-09-07,121.76,USD,HPO-2026-08-4547,PAID,2026-08-26,2026-08,usage overage block 2026-08,JE-HAP-2026-08-4547
HAP-2026-08-4548,VEND-051,Northwood Supply,NOR-2026-08-4548,2026-08-08,2026-09-07,18001.87,USD,HPO-2026-08-4548,PAID,2026-08-26,2026-08,premium support 2026-08,JE-HAP-2026-08-4548
HAP-2026-08-4549,VEND-055,Beacon Components,BEA-2026-08-4549,2026-08-08,2026-09-07,40.48,USD,HPO-2026-08-4549,PAID,2026-08-26,2026-08,warehouse consumables 2026-08,JE-HAP-2026-08-4549
HAP-2026-08-4550,VEND-059,Nimbus Systems,NIM-2026-08-4550,2026-08-08,2026-09-07,38.09,USD,HPO-2026-08-4550,PAID,2026-08-26,2026-08,security monitoring hosts 2026-08,JE-HAP-2026-08-4550
HAP-2026-08-4551,VEND-063,Alder Partners,ALD-2026-08-4551,2026-08-08,2026-09-07,77.2,USD,HPO-2026-08-4551,PAID,2026-08-26,2026-08,usage overage block 2026-08,JE-HAP-2026-08-4551
HAP-2026-08-4552,VEND-067,Northwood Studio,NOR-2026-08-4552,2026-08-08,2026-09-07,12602.31,USD,HPO-2026-08-4552,PAID,2026-08-26,2026-08,premium support 2026-08,JE-HAP-2026-08-4552
HAP-2026-08-4553,VEND-071,Beacon Supply,BEA-2026-08-4553,2026-08-08,2026-09-07,348.92,USD,HPO-2026-08-4553,PAID,2026-08-26,2026-08,warehouse consumables 2026-08,JE-HAP-2026-08-4553
HAP-2026-08-4554,VEND-075,Nimbus Components,NIM-2026-08-4554,2026-08-08,2026-09-07,132.0,USD,HPO-2026-08-4554,PAID,2026-08-26,2026-08,security monitoring hosts 2026-08,JE-HAP-2026-08-4554
HAP-2026-08-4555,VEND-057,Harbor Studio,HAR-2026-08-4555,2026-08-09,2026-09-08,3600.11,USD,HPO-2026-08-4555,PAID,2026-08-27,2026-08,premium support 2026-08,JE-HAP-2026-08-4555
HAP-2026-08-4556,VEND-061,Timber Supply,TIM-2026-08-4556,2026-08-09,2026-09-08,154.22,USD,HPO-2026-08-4556,PAID,2026-08-27,2026-08,warehouse consumables 2026-08,JE-HAP-2026-08-4556
HAP-2026-08-4557,VEND-065,Ginkgo Components,GIN-2026-08-4557,2026-08-09,2026-09-08,72.33,USD,HPO-2026-08-4557,PAID,2026-08-27,2026-08,security monitoring hosts 2026-08,JE-HAP-2026-08-4557
HAP-2026-08-4558,VEND-069,Teak Systems,TEA-2026-08-4558,2026-08-09,2026-09-08,120.44,USD,HPO-2026-08-4558,PAID,2026-08-27,2026-08,usage overage block 2026-08,JE-HAP-2026-08-4558
HAP-2026-08-4559,VEND-073,Harbor Partners,HAR-2026-08-4559,2026-08-09,2026-09-08,18000.55,USD,HPO-2026-08-4559,PAID,2026-08-27,2026-08,premium support 2026-08,JE-HAP-2026-08-4559
HAP-2026-08-4560,VEND-077,Timber Studio,TIM-2026-08-4560,2026-08-09,2026-09-08,39.16,USD,HPO-2026-08-4560,PAID,2026-08-27,2026-08,warehouse consumables 2026-08,JE-HAP-2026-08-4560
HAP-2026-08-4561,VEND-081,Ginkgo Supply,GIN-2026-08-4561,2026-08-09,2026-09-08,36.77,USD,HPO-2026-08-4561,PAID,2026-08-27,2026-08,security monitoring hosts 2026-08,JE-HAP-2026-08-4561
HAP-2026-08-4562,VEND-085,Teak Components,TEA-2026-08-4562,2026-08-09,2026-09-08,75.88,USD,HPO-2026-08-4562,PAID,2026-08-27,2026-08,usage overage block 2026-08,JE-HAP-2026-08-4562
HAP-2026-08-4563,VEND-089,Harbor Systems,HAR-2026-08-4563,2026-08-09,2026-09-08,12600.99,USD,HPO-2026-08-4563,PAID,2026-08-27,2026-08,premium support 2026-08,JE-HAP-2026-08-4563
HAP-2026-08-4564,VEND-093,Timber Partners,TIM-2026-08-4564,2026-08-09,2026-09-08,347.6,USD,HPO-2026-08-4564,PAID,2026-08-27,2026-08,warehouse consumables 2026-08,JE-HAP-2026-08-4564
HAP-2026-08-4565,VEND-097,Ginkgo Studio,GIN-2026-08-4565,2026-08-09,2026-09-08,133.21,USD,HPO-2026-08-4565,PAID,2026-08-27,2026-08,security monitoring hosts 2026-08,JE-HAP-2026-08-4565
HAP-2026-08-4566,VEND-101,Teak Supply,TEA-2026-08-4566,2026-08-09,2026-09-08,31.32,USD,HPO-2026-08-4566,PAID,2026-08-27,2026-08,usage overage block 2026-08,JE-HAP-2026-08-4566
HAP-2026-08-4567,VEND-105,Harbor Components,HAR-2026-08-4567,2026-08-09,2026-09-08,7201.43,USD,HPO-2026-08-4567,PAID,2026-08-27,2026-08,premium support 2026-08,JE-HAP-2026-08-4567
HAP-2026-08-4568,VEND-109,Timber Systems,TIM-2026-08-4568,2026-08-09,2026-09-08,232.54,USD,HPO-2026-08-4568,PAID,2026-08-27,2026-08,warehouse consumables 2026-08,JE-HAP-2026-08-4568
HAP-2026-08-4569,VEND-113,Ginkgo Partners,GIN-2026-08-4569,2026-08-09,2026-09-08,97.65,USD,HPO-2026-08-4569,PAID,2026-08-27,2026-08,security monitoring hosts 2026-08,JE-HAP-2026-08-4569
HAP-2026-08-4570,VEND-117,Teak Studio,TEA-2026-08-4570,2026-08-09,2026-09-08,151.76,USD,HPO-2026-08-4570,PAID,2026-08-27,2026-08,usage overage block 2026-08,JE-HAP-2026-08-4570
HAP-2026-08-4571,VEND-121,Harbor Supply,HAR-2026-08-4571,2026-08-09,2026-09-08,1801.87,USD,HPO-2026-08-4571,PAID,2026-08-27,2026-08,premium support 2026-08,JE-HAP-2026-08-4571
HAP-2026-08-4572,VEND-125,Timber Components,TIM-2026-08-4572,2026-08-09,2026-09-08,117.48,USD,HPO-2026-08-4572,PAID,2026-08-27,2026-08,warehouse consumables 2026-08,JE-HAP-2026-08-4572
HAP-2026-08-4573,VEND-129,Ginkgo Systems,GIN-2026-08-4573,2026-08-09,2026-09-08,62.09,USD,HPO-2026-08-4573,PAID,2026-08-27,2026-08,security monitoring hosts 2026-08,JE-HAP-2026-08-4573
HAP-2026-08-4574,VEND-133,Teak Partners,TEA-2026-08-4574,2026-08-09,2026-09-08,107.2,USD,HPO-2026-08-4574,PAID,2026-08-27,2026-08,usage overage block 2026-08,JE-HAP-2026-08-4574
HAP-2026-08-4575,VEND-137,Harbor Studio,HAR-2026-08-4575,2026-08-09,2026-09-08,16202.31,USD,HPO-2026-08-4575,PAID,2026-08-27,2026-08,premium support 2026-08,JE-HAP-2026-08-4575
HAP-2026-08-4576,VEND-141,Timber Supply,TIM-2026-08-4576,2026-08-09,2026-09-08,425.92,USD,HPO-2026-08-4576,PAID,2026-08-27,2026-08,warehouse consumables 2026-08,JE-HAP-2026-08-4576
HAP-2026-08-4577,VEND-123,Nimbus Partners,NIM-2026-08-4577,2026-08-10,2026-09-09,30.0,USD,HPO-2026-08-4577,PAID,2026-08-28,2026-08,usage overage block 2026-08,JE-HAP-2026-08-4577
HAP-2026-08-4578,VEND-127,Alder Studio,ALD-2026-08-4578,2026-08-10,2026-09-09,7200.11,USD,HPO-2026-08-4578,PAID,2026-08-28,2026-08,premium support 2026-08,JE-HAP-2026-08-4578
HAP-2026-08-4579,VEND-131,Northwood Supply,NOR-2026-08-4579,2026-08-10,2026-09-09,231.22,USD,HPO-2026-08-4579,PAID,2026-08-28,2026-08,warehouse consumables 2026-08,JE-HAP-2026-08-4579
HAP-2026-08-4580,VEND-135,Beacon Components,BEA-2026-08-4580,2026-08-10,2026-09-09,96.33,USD,HPO-2026-08-4580,PAID,2026-08-28,2026-08,security monitoring hosts 2026-08,JE-HAP-2026-08-4580
HAP-2026-08-4581,VEND-139,Nimbus Systems,NIM-2026-08-4581,2026-08-10,2026-09-09,150.44,USD,HPO-2026-08-4581,PAID,2026-08-28,2026-08,usage overage block 2026-08,JE-HAP-2026-08-4581
HAP-2026-08-4582,VEND-143,Alder Partners,ALD-2026-08-4582,2026-08-10,2026-09-09,1800.55,USD,HPO-2026-08-4582,PAID,2026-08-28,2026-08,premium support 2026-08,JE-HAP-2026-08-4582
HAP-2026-08-4583,VEND-147,Northwood Studio,NOR-2026-08-4583,2026-08-10,2026-09-09,116.16,USD,HPO-2026-08-4583,PAID,2026-08-28,2026-08,warehouse consumables 2026-08,JE-HAP-2026-08-4583
HAP-2026-08-4584,VEND-151,Beacon Supply,BEA-2026-08-4584,2026-08-10,2026-09-09,60.77,USD,HPO-2026-08-4584,PAID,2026-08-28,2026-08,security monitoring hosts 2026-08,JE-HAP-2026-08-4584
HAP-2026-08-4585,VEND-155,Nimbus Components,NIM-2026-08-4585,2026-08-10,2026-09-09,105.88,USD,HPO-2026-08-4585,PAID,2026-08-28,2026-08,usage overage block 2026-08,JE-HAP-2026-08-4585
HAP-2026-08-4586,VEND-159,Alder Systems,ALD-2026-08-4586,2026-08-10,2026-09-09,16200.99,USD,HPO-2026-08-4586,PAID,2026-08-28,2026-08,premium support 2026-08,JE-HAP-2026-08-4586
HAP-2026-08-4587,VEND-163,Northwood Partners,NOR-2026-08-4587,2026-08-10,2026-09-09,424.6,USD,HPO-2026-08-4587,PAID,2026-08-28,2026-08,warehouse consumables 2026-08,JE-HAP-2026-08-4587
HAP-2026-08-4588,VEND-167,Beacon Studio,BEA-2026-08-4588,2026-08-10,2026-09-09,25.21,USD,HPO-2026-08-4588,PAID,2026-08-28,2026-08,security monitoring hosts 2026-08,JE-HAP-2026-08-4588
HAP-2026-08-4589,VEND-171,Nimbus Supply,NIM-2026-08-4589,2026-08-10,2026-09-09,61.32,USD,HPO-2026-08-4589,PAID,2026-08-28,2026-08,usage overage block 2026-08,JE-HAP-2026-08-4589
HAP-2026-08-4590,VEND-175,Alder Components,ALD-2026-08-4590,2026-08-10,2026-09-09,10801.43,USD,HPO-2026-08-4590,PAID,2026-08-28,2026-08,premium support 2026-08,JE-HAP-2026-08-4590
HAP-2026-08-4591,VEND-179,Northwood Systems,NOR-2026-08-4591,2026-08-10,2026-09-09,309.54,USD,HPO-2026-08-4591,PAID,2026-08-28,2026-08,warehouse consumables 2026-08,JE-HAP-2026-08-4591
HAP-2026-08-4592,VEND-183,Beacon Partners,BEA-2026-08-4592,2026-08-10,2026-09-09,121.65,USD,HPO-2026-08-4592,PAID,2026-08-28,2026-08,security monitoring hosts 2026-08,JE-HAP-2026-08-4592
HAP-2026-08-4593,VEND-187,Nimbus Studio,NIM-2026-08-4593,2026-08-10,2026-09-09,16.76,USD,HPO-2026-08-4593,PAID,2026-08-28,2026-08,usage overage block 2026-08,JE-HAP-2026-08-4593
HAP-2026-08-4594,VEND-191,Alder Supply,ALD-2026-08-4594,2026-08-10,2026-09-09,5401.87,USD,HPO-2026-08-4594,PAID,2026-08-28,2026-08,premium support 2026-08,JE-HAP-2026-08-4594
HAP-2026-08-4595,VEND-195,Northwood Components,NOR-2026-08-4595,2026-08-10,2026-09-09,194.48,USD,HPO-2026-08-4595,PAID,2026-08-28,2026-08,warehouse consumables 2026-08,JE-HAP-2026-08-4595
HAP-2026-08-4596,VEND-199,Beacon Systems,BEA-2026-08-4596,2026-08-10,2026-09-09,86.09,USD,HPO-2026-08-4596,PAID,2026-08-28,2026-08,security monitoring hosts 2026-08,JE-HAP-2026-08-4596
HAP-2026-08-4597,VEND-203,Nimbus Partners,NIM-2026-08-4597,2026-08-10,2026-09-09,137.2,USD,HPO-2026-08-4597,PAID,2026-08-28,2026-08,usage overage block 2026-08,JE-HAP-2026-08-4597
HAP-2026-08-4598,VEND-207,Alder Studio,ALD-2026-08-4598,2026-08-10,2026-09-09,19802.31,USD,HPO-2026-08-4598,PAID,2026-08-28,2026-08,premium support 2026-08,JE-HAP-2026-08-4598
HAP-2026-08-4599,VEND-189,Timber Systems,TIM-2026-08-4599,2026-08-11,2026-09-10,26.42,USD,HPO-2026-08-4599,PAID,2026-08-29,2026-08,security monitoring hosts 2026-08,JE-HAP-2026-08-4599
HAP-2026-08-4600,VEND-193,Ginkgo Partners,GIN-2026-08-4600,2026-08-11,2026-09-10,60.0,USD,HPO-2026-08-4600,PAID,2026-08-29,2026-08,usage overage block 2026-08,JE-HAP-2026-08-4600
HAP-2026-08-4601,VEND-197,Teak Studio,TEA-2026-08-4601,2026-08-11,2026-09-10,10800.11,USD,HPO-2026-08-4601,PAID,2026-08-29,2026-08,premium support 2026-08,JE-HAP-2026-08-4601
HAP-2026-08-4602,VEND-201,Harbor Supply,HAR-2026-08-4602,2026-08-11,2026-09-10,308.22,USD,HPO-2026-08-4602,PAID,2026-08-29,2026-08,warehouse consumables 2026-08,JE-HAP-2026-08-4602
HAP-2026-08-4603,VEND-205,Timber Components,TIM-2026-08-4603,2026-08-11,2026-09-10,120.33,USD,HPO-2026-08-4603,PAID,2026-08-29,2026-08,security monitoring hosts 2026-08,JE-HAP-2026-08-4603
HAP-2026-08-4604,VEND-209,Ginkgo Systems,GIN-2026-08-4604,2026-08-11,2026-09-10,15.44,USD,HPO-2026-08-4604,PAID,2026-08-29,2026-08,usage overage block 2026-08,JE-HAP-2026-08-4604
HAP-2026-08-4605,VEND-213,Teak Partners,TEA-2026-08-4605,2026-08-11,2026-09-10,5400.55,USD,HPO-2026-08-4605,PAID,2026-08-29,2026-08,premium support 2026-08,JE-HAP-2026-08-4605
HAP-2026-08-4606,VEND-217,Harbor Studio,HAR-2026-08-4606,2026-08-11,2026-09-10,193.16,USD,HPO-2026-08-4606,PAID,2026-08-29,2026-08,warehouse consumables 2026-08,JE-HAP-2026-08-4606
HAP-2026-08-4607,VEND-221,Timber Supply,TIM-2026-08-4607,2026-08-11,2026-09-10,84.77,USD,HPO-2026-08-4607,PAID,2026-08-29,2026-08,security monitoring hosts 2026-08,JE-HAP-2026-08-4607
HAP-2026-08-4608,VEND-225,Ginkgo Components,GIN-2026-08-4608,2026-08-11,2026-09-10,135.88,USD,HPO-2026-08-4608,PAID,2026-08-29,2026-08,usage overage block 2026-08,JE-HAP-2026-08-4608
HAP-2026-08-4609,VEND-229,Teak Systems,TEA-2026-08-4609,2026-08-11,2026-09-10,19800.99,USD,HPO-2026-08-4609,PAID,2026-08-29,2026-08,premium support 2026-08,JE-HAP-2026-08-4609
HAP-2026-08-4610,VEND-233,Harbor Partners,HAR-2026-08-4610,2026-08-11,2026-09-10,78.1,USD,HPO-2026-08-4610,PAID,2026-08-29,2026-08,warehouse consumables 2026-08,JE-HAP-2026-08-4610
HAP-2026-08-4611,VEND-237,Timber Studio,TIM-2026-08-4611,2026-08-11,2026-09-10,49.21,USD,HPO-2026-08-4611,PAID,2026-08-29,2026-08,security monitoring hosts 2026-08,JE-HAP-2026-08-4611
HAP-2026-08-4612,VEND-241,Ginkgo Supply,GIN-2026-08-4612,2026-08-11,2026-09-10,91.32,USD,HPO-2026-08-4612,PAID,2026-08-29,2026-08,usage overage block 2026-08,JE-HAP-2026-08-4612
HAP-2026-08-4613,VEND-245,Teak Components,TEA-2026-08-4613,2026-08-11,2026-09-10,14401.43,USD,HPO-2026-08-4613,PAID,2026-08-29,2026-08,premium support 2026-08,JE-HAP-2026-08-4613
HAP-2026-08-4614,VEND-249,Harbor Systems,HAR-2026-08-4614,2026-08-11,2026-09-10,386.54,USD,HPO-2026-08-4614,PAID,2026-08-29,2026-08,warehouse consumables 2026-08,JE-HAP-2026-08-4614
HAP-2026-08-4615,VEND-253,Timber Partners,TIM-2026-08-4615,2026-08-11,2026-09-10,13.65,USD,HPO-2026-08-4615,PAID,2026-08-29,2026-08,security monitoring hosts 2026-08,JE-HAP-2026-08-4615
HAP-2026-08-4616,VEND-257,Ginkgo Studio,GIN-2026-08-4616,2026-08-11,2026-09-10,46.76,USD,HPO-2026-08-4616,PAID,2026-08-29,2026-08,usage overage block 2026-08,JE-HAP-2026-08-4616
HAP-2026-08-4617,VEND-261,Teak Supply,TEA-2026-08-4617,2026-08-11,2026-09-10,9001.87,USD,HPO-2026-08-4617,PAID,2026-08-29,2026-08,premium support 2026-08,JE-HAP-2026-08-4617
HAP-2026-08-4618,VEND-265,Harbor Components,HAR-2026-08-4618,2026-08-11,2026-09-10,271.48,USD,HPO-2026-08-4618,PAID,2026-08-29,2026-08,warehouse consumables 2026-08,JE-HAP-2026-08-4618
HAP-2026-08-4619,VEND-269,Timber Systems,TIM-2026-08-4619,2026-08-11,2026-09-10,110.09,USD,HPO-2026-08-4619,PAID,2026-08-29,2026-08,security monitoring hosts 2026-08,JE-HAP-2026-08-4619
HAP-2026-08-4620,VEND-273,Ginkgo Partners,GIN-2026-08-4620,2026-08-11,2026-09-10,167.2,USD,HPO-2026-08-4620,PAID,2026-08-29,2026-08,usage overage block 2026-08,JE-HAP-2026-08-4620
HAP-2026-08-4621,VEND-255,Alder Components,ALD-2026-08-4621,2026-08-12,2026-09-11,79.31,USD,HPO-2026-08-4621,PAID,2026-08-30,2026-08,warehouse consumables 2026-08,JE-HAP-2026-08-4621
HAP-2026-08-4622,VEND-259,Northwood Systems,NOR-2026-08-4622,2026-08-12,2026-09-11,50.42,USD,HPO-2026-08-4622,PAID,2026-08-30,2026-08,security monitoring hosts 2026-08,JE-HAP-2026-08-4622
HAP-2026-08-4623,VEND-263,Beacon Partners,BEA-2026-08-4623,2026-08-12,2026-09-11,90.0,USD,HPO-2026-08-4623,PAID,2026-08-30,2026-08,usage overage block 2026-08,JE-HAP-2026-08-4623
HAP-2026-08-4624,VEND-267,Nimbus Studio,NIM-2026-08-4624,2026-08-12,2026-09-11,14400.11,USD,HPO-2026-08-4624,PAID,2026-08-30,2026-08,premium support 2026-08,JE-HAP-2026-08-4624
HAP-2026-08-4625,VEND-271,Alder Supply,ALD-2026-08-4625,2026-08-12,2026-09-11,385.22,USD,HPO-2026-08-4625,PAID,2026-08-30,2026-08,warehouse consumables 2026-08,JE-HAP-2026-08-4625
HAP-2026-08-4626,VEND-275,Northwood Components,NOR-2026-08-4626,2026-08-12,2026-09-11,12.33,USD,HPO-2026-08-4626,PAID,2026-08-30,2026-08,security monitoring hosts 2026-08,JE-HAP-2026-08-4626
HAP-2026-08-4627,VEND-279,Beacon Systems,BEA-2026-08-4627,2026-08-12,2026-09-11,45.44,USD,HPO-2026-08-4627,PAID,2026-08-30,2026-08,usage overage block 2026-08,JE-HAP-2026-08-4627
HAP-2026-08-4628,VEND-283,Nimbus Partners,NIM-2026-08-4628,2026-08-12,2026-09-11,9000.55,USD,HPO-2026-08-4628,PAID,2026-08-30,2026-08,premium support 2026-08,JE-HAP-2026-08-4628
HAP-2026-08-4629,VEND-287,Alder Studio,ALD-2026-08-4629,2026-08-12,2026-09-11,270.16,USD,HPO-2026-08-4629,PAID,2026-08-30,2026-08,warehouse consumables 2026-08,JE-HAP-2026-08-4629
HAP-2026-08-4630,VEND-291,Northwood Supply,NOR-2026-08-4630,2026-08-12,2026-09-11,108.77,USD,HPO-2026-08-4630,PAID,2026-08-30,2026-08,security monitoring hosts 2026-08,JE-HAP-2026-08-4630
HAP-2026-08-4631,VEND-295,Beacon Components,BEA-2026-08-4631,2026-08-12,2026-09-11,165.88,USD,HPO-2026-08-4631,PAID,2026-08-30,2026-08,usage overage block 2026-08,JE-HAP-2026-08-4631
HAP-2026-08-4632,VEND-299,Nimbus Systems,NIM-2026-08-4632,2026-08-12,2026-09-11,3600.99,USD,HPO-2026-08-4632,PAID,2026-08-30,2026-08,premium support 2026-08,JE-HAP-2026-08-4632
HAP-2026-08-4633,VEND-303,Alder Partners,ALD-2026-08-4633,2026-08-12,2026-09-11,155.1,USD,HPO-2026-08-4633,PAID,2026-08-30,2026-08,warehouse consumables 2026-08,JE-HAP-2026-08-4633
HAP-2026-08-4634,VEND-307,Northwood Studio,NOR-2026-08-4634,2026-08-12,2026-09-11,73.21,USD,HPO-2026-08-4634,PAID,2026-08-30,2026-08,security monitoring hosts 2026-08,JE-HAP-2026-08-4634
HAP-2026-08-4635,VEND-311,Beacon Supply,BEA-2026-08-4635,2026-08-12,2026-09-11,121.32,USD,HPO-2026-08-4635,PAID,2026-08-30,2026-08,usage overage block 2026-08,JE-HAP-2026-08-4635
HAP-2026-08-4636,VEND-315,Nimbus Components,NIM-2026-08-4636,2026-08-12,2026-09-11,18001.43,USD,HPO-2026-08-4636,PAID,2026-08-30,2026-08,premium support 2026-08,JE-HAP-2026-08-4636
HAP-2026-08-4637,VEND-319,Alder Systems,ALD-2026-08-4637,2026-08-12,2026-09-11,40.04,USD,HPO-2026-08-4637,PAID,2026-08-30,2026-08,warehouse consumables 2026-08,JE-HAP-2026-08-4637
HAP-2026-08-4638,VEND-323,Northwood Partners,NOR-2026-08-4638,2026-08-12,2026-09-11,37.65,USD,HPO-2026-08-4638,PAID,2026-08-30,2026-08,security monitoring hosts 2026-08,JE-HAP-2026-08-4638
HAP-2026-08-4639,VEND-002,Amazon Web Services,AMA-2026-08-4639,2026-08-12,2026-09-11,76.76,USD,HPO-2026-08-4639,PAID,2026-08-30,2026-08,usage overage block 2026-08,JE-HAP-2026-08-4639
HAP-2026-08-4640,VEND-006,Datadog,DAT-2026-08-4640,2026-08-12,2026-09-11,12601.87,USD,HPO-2026-08-4640,PAID,2026-08-30,2026-08,premium support 2026-08,JE-HAP-2026-08-4640
HAP-2026-08-4641,VEND-011,Hartford Insurance,HAR-2026-08-4641,2026-08-12,2026-09-11,348.48,USD,HPO-2026-08-4641,PAID,2026-08-30,2026-08,warehouse consumables 2026-08,JE-HAP-2026-08-4641
HAP-2026-08-4642,VEND-015,Harbor Electric,HAR-2026-08-4642,2026-08-12,2026-09-11,134.09,USD,HPO-2026-08-4642,PAID,2026-08-30,2026-08,security monitoring hosts 2026-08,JE-HAP-2026-08-4642
HAP-2026-08-4643,VEND-321,Ginkgo Supply,GIN-2026-08-4643,2026-08-13,2026-09-12,3602.2,USD,HPO-2026-08-4643,PAID,2026-08-31,2026-08,premium support 2026-08,JE-HAP-2026-08-4643
HAP-2026-08-4644,VEND-001-DUP,Acme Supplies LLC,ACM-2026-08-4644,2026-08-13,2026-09-12,156.31,USD,HPO-2026-08-4644,PAID,2026-08-31,2026-08,warehouse consumables 2026-08,JE-HAP-2026-08-4644
HAP-2026-08-4645,VEND-004,Office Depot,OFF-2026-08-4645,2026-08-13,2026-09-12,74.42,USD,HPO-2026-08-4645,PAID,2026-08-31,2026-08,security monitoring hosts 2026-08,JE-HAP-2026-08-4645
HAP-2026-08-4646,VEND-008,Figma,FIG-2026-08-4646,2026-08-13,2026-09-12,120.0,USD,HPO-2026-08-4646,PAID,2026-08-31,2026-08,usage overage block 2026-08,JE-HAP-2026-08-4646
HAP-2026-08-4647,VEND-013,Cambridge Properties,CAM-2026-08-4647,2026-08-13,2026-09-12,18000.11,USD,HPO-2026-08-4647,PAID,2026-08-31,2026-08,premium support 2026-08,JE-HAP-2026-08-4647
HAP-2026-08-4648,VEND-017,GitHub,GIT-2026-08-4648,2026-08-13,2026-09-12,38.72,USD,HPO-2026-08-4648,PAID,2026-08-31,2026-08,warehouse consumables 2026-08,JE-HAP-2026-08-4648
HAP-2026-08-4649,VEND-021,Misc Supplies,MIS-2026-08-4649,2026-08-13,2026-09-12,36.33,USD,HPO-2026-08-4649,PAID,2026-08-31,2026-08,security monitoring hosts 2026-08,JE-HAP-2026-08-4649
HAP-2026-08-4650,VEND-025,Okta,OKT-2026-08-4650,2026-08-13,2026-09-12,75.44,USD,HPO-2026-08-4650,PAID,2026-08-31,2026-08,usage overage block 2026-08,JE-HAP-2026-08-4650
HAP-2026-08-4651,VEND-029,Cloudflare,CLO-2026-08-4651,2026-08-13,2026-09-12,12600.55,USD,HPO-2026-08-4651,PAID,2026-08-31,2026-08,premium support 2026-08,JE-HAP-2026-08-4651
HAP-2026-08-4652,VEND-033,Staples Business Advantage,STA-2026-08-4652,2026-08-13,2026-09-12,347.16,USD,HPO-2026-08-4652,PAID,2026-08-31,2026-08,warehouse consumables 2026-08,JE-HAP-2026-08-4652
HAP-2026-08-4653,VEND-037,Comcast Business,COM-2026-08-4653,2026-08-13,2026-09-12,132.77,USD,HPO-2026-08-4653,PAID,2026-08-31,2026-08,security monitoring hosts 2026-08,JE-HAP-2026-08-4653
HAP-2026-08-4654,VEND-041,HubSpot,HUB-2026-08-4654,2026-08-13,2026-09-12,30.88,USD,HPO-2026-08-4654,PAID,2026-08-31,2026-08,usage overage block 2026-08,JE-HAP-2026-08-4654
HAP-2026-08-4655,VEND-045,Palo Alto Networks,PAL-2026-08-4655,2026-08-13,2026-09-12,7200.99,USD,HPO-2026-08-4655,PAID,2026-08-31,2026-08,premium support 2026-08,JE-HAP-2026-08-4655
HAP-2026-08-4656,VEND-049,Vanta,VAN-2026-08-4656,2026-08-13,2026-09-12,232.1,USD,HPO-2026-08-4656,PAID,2026-08-31,2026-08,warehouse consumables 2026-08,JE-HAP-2026-08-4656
HAP-2026-08-4657,VEND-053,Teak Partners,TEA-2026-08-4657,2026-08-13,2026-09-12,97.21,USD,HPO-2026-08-4657,PAID,2026-08-31,2026-08,security monitoring hosts 2026-08,JE-HAP-2026-08-4657
HAP-2026-08-4658,VEND-057,Harbor Studio,HAR-2026-08-4658,2026-08-13,2026-09-12,151.32,USD,HPO-2026-08-4658,PAID,2026-08-31,2026-08,usage overage block 2026-08,JE-HAP-2026-08-4658
HAP-2026-08-4659,VEND-061,Timber Supply,TIM-2026-08-4659,2026-08-13,2026-09-12,1801.43,USD,HPO-2026-08-4659,PAID,2026-08-31,2026-08,premium support 2026-08,JE-HAP-2026-08-4659
HAP-2026-08-4660,VEND-065,Ginkgo Components,GIN-2026-08-4660,2026-08-13,2026-09-12,117.04,USD,HPO-2026-08-4660,PAID,2026-08-31,2026-08,warehouse consumables 2026-08,JE-HAP-2026-08-4660
HAP-2026-08-4661,VEND-069,Teak Systems,TEA-2026-08-4661,2026-08-13,2026-09-12,61.65,USD,HPO-2026-08-4661,PAID,2026-08-31,2026-08,security monitoring hosts 2026-08,JE-HAP-2026-08-4661
HAP-2026-08-4662,VEND-073,Harbor Partners,HAR-2026-08-4662,2026-08-13,2026-09-12,106.76,USD,HPO-2026-08-4662,PAID,2026-08-31,2026-08,usage overage block 2026-08,JE-HAP-2026-08-4662
HAP-2026-08-4663,VEND-077,Timber Studio,TIM-2026-08-4663,2026-08-13,2026-09-12,16201.87,USD,HPO-2026-08-4663,PAID,2026-08-31,2026-08,premium support 2026-08,JE-HAP-2026-08-4663
HAP-2026-08-4664,VEND-081,Ginkgo Supply,GIN-2026-08-4664,2026-08-13,2026-09-12,425.48,USD,HPO-2026-08-4664,PAID,2026-08-31,2026-08,warehouse consumables 2026-08,JE-HAP-2026-08-4664
HAP-2026-08-4665,VEND-063,Alder Partners,ALD-2026-08-4665,2026-08-14,2026-09-13,32.09,USD,HPO-2026-08-4665,PAID,2026-08-31,2026-08,usage overage block 2026-08,JE-HAP-2026-08-4665
HAP-2026-08-4666,VEND-067,Northwood Studio,NOR-2026-08-4666,2026-08-14,2026-09-13,7202.2,USD,HPO-2026-08-4666,PAID,2026-08-31,2026-08,premium support 2026-08,JE-HAP-2026-08-4666
HAP-2026-08-4667,VEND-071,Beacon Supply,BEA-2026-08-4667,2026-08-14,2026-09-13,233.31,USD,HPO-2026-08-4667,PAID,2026-08-31,2026-08,warehouse consumables 2026-08,JE-HAP-2026-08-4667
HAP-2026-08-4668,VEND-075,Nimbus Components,NIM-2026-08-4668,2026-08-14,2026-09-13,98.42,USD,HPO-2026-08-4668,PAID,2026-08-31,2026-08,security monitoring hosts 2026-08,JE-HAP-2026-08-4668
HAP-2026-08-4669,VEND-079,Alder Systems,ALD-2026-08-4669,2026-08-14,2026-09-13,150.0,USD,HPO-2026-08-4669,PAID,2026-08-31,2026-08,usage overage block 2026-08,JE-HAP-2026-08-4669
HAP-2026-08-4670,VEND-083,Northwood Partners,NOR-2026-08-4670,2026-08-14,2026-09-13,1800.11,USD,HPO-2026-08-4670,PAID,2026-08-31,2026-08,premium support 2026-08,JE-HAP-2026-08-4670
HAP-2026-08-4671,VEND-087,Beacon Studio,BEA-2026-08-4671,2026-08-14,2026-09-13,115.72,USD,HPO-2026-08-4671,PAID,2026-08-31,2026-08,warehouse consumables 2026-08,JE-HAP-2026-08-4671
HAP-2026-08-4672,VEND-091,Nimbus Supply,NIM-2026-08-4672,2026-08-14,2026-09-13,60.33,USD,HPO-2026-08-4672,PAID,2026-08-31,2026-08,security monitoring hosts 2026-08,JE-HAP-2026-08-4672
HAP-2026-08-4673,VEND-095,Alder Components,ALD-2026-08-4673,2026-08-14,2026-09-13,105.44,USD,HPO-2026-08-4673,PAID,2026-08-31,2026-08,usage overage block 2026-08,JE-HAP-2026-08-4673
HAP-2026-08-4674,VEND-099,Northwood Systems,NOR-2026-08-4674,2026-08-14,2026-09-13,16200.55,USD,HPO-2026-08-4674,PAID,2026-08-31,2026-08,premium support 2026-08,JE-HAP-2026-08-4674
HAP-2026-08-4675,VEND-103,Beacon Partners,BEA-2026-08-4675,2026-08-14,2026-09-13,424.16,USD,HPO-2026-08-4675,PAID,2026-08-31,2026-08,warehouse consumables 2026-08,JE-HAP-2026-08-4675
HAP-2026-08-4676,VEND-107,Nimbus Studio,NIM-2026-08-4676,2026-08-14,2026-09-13,24.77,USD,HPO-2026-08-4676,PAID,2026-08-31,2026-08,security monitoring hosts 2026-08,JE-HAP-2026-08-4676
HAP-2026-08-4677,VEND-111,Alder Supply,ALD-2026-08-4677,2026-08-14,2026-09-13,60.88,USD,HPO-2026-08-4677,PAID,2026-08-31,2026-08,usage overage block 2026-08,JE-HAP-2026-08-4677
HAP-2026-08-4678,VEND-115,Northwood Components,NOR-2026-08-4678,2026-08-14,2026-09-13,10800.99,USD,HPO-2026-08-4678,PAID,2026-08-31,2026-08,premium support 2026-08,JE-HAP-2026-08-4678
HAP-2026-08-4679,VEND-119,Beacon Systems,BEA-2026-08-4679,2026-08-14,2026-09-13,309.1,USD,HPO-2026-08-4679,PAID,2026-08-31,2026-08,warehouse consumables 2026-08,JE-HAP-2026-08-4679
HAP-2026-08-4680,VEND-123,Nimbus Partners,NIM-2026-08-4680,2026-08-14,2026-09-13,121.21,USD,HPO-2026-08-4680,PAID,2026-08-31,2026-08,security monitoring hosts 2026-08,JE-HAP-2026-08-4680
HAP-2026-08-4681,VEND-127,Alder Studio,ALD-2026-08-4681,2026-08-14,2026-09-13,16.32,USD,HPO-2026-08-4681,PAID,2026-08-31,2026-08,usage overage block 2026-08,JE-HAP-2026-08-4681
HAP-2026-08-4682,VEND-131,Northwood Supply,NOR-2026-08-4682,2026-08-14,2026-09-13,5401.43,USD,HPO-2026-08-4682,PAID,2026-08-31,2026-08,premium support 2026-08,JE-HAP-2026-08-4682
HAP-2026-08-4683,VEND-135,Beacon Components,BEA-2026-08-4683,2026-08-14,2026-09-13,194.04,USD,HPO-2026-08-4683,PAID,2026-08-31,2026-08,warehouse consumables 2026-08,JE-HAP-2026-08-4683
HAP-2026-08-4684,VEND-139,Nimbus Systems,NIM-2026-08-4684,2026-08-14,2026-09-13,85.65,USD,HPO-2026-08-4684,PAID,2026-08-31,2026-08,security monitoring hosts 2026-08,JE-HAP-2026-08-4684
HAP-2026-08-4685,VEND-143,Alder Partners,ALD-2026-08-4685,2026-08-14,2026-09-13,136.76,USD,HPO-2026-08-4685,PAID,2026-08-31,2026-08,usage overage block 2026-08,JE-HAP-2026-08-4685
HAP-2026-08-4686,VEND-147,Northwood Studio,NOR-2026-08-4686,2026-08-14,2026-09-13,19801.87,USD,HPO-2026-08-4686,PAID,2026-08-31,2026-08,premium support 2026-08,JE-HAP-2026-08-4686
HAP-2026-08-4687,VEND-129,Ginkgo Systems,GIN-2026-08-4687,2026-08-15,2026-09-14,25.98,USD,HPO-2026-08-4687,PAID,2026-08-31,2026-08,security monitoring hosts 2026-08,JE-HAP-2026-08-4687
HAP-2026-08-4688,VEND-133,Teak Partners,TEA-2026-08-4688,2026-08-15,2026-09-14,62.09,USD,HPO-2026-08-4688,PAID,2026-08-31,2026-08,usage overage block 2026-08,JE-HAP-2026-08-4688
HAP-2026-08-4689,VEND-137,Harbor Studio,HAR-2026-08-4689,2026-08-15,2026-09-14,10802.2,USD,HPO-2026-08-4689,PAID,2026-08-31,2026-08,premium support 2026-08,JE-HAP-2026-08-4689
HAP-2026-08-4690,VEND-141,Timber Supply,TIM-2026-08-4690,2026-08-15,2026-09-14,310.31,USD,HPO-2026-08-4690,PAID,2026-08-31,2026-08,warehouse consumables 2026-08,JE-HAP-2026-08-4690
HAP-2026-08-4691,VEND-145,Ginkgo Components,GIN-2026-08-4691,2026-08-15,2026-09-14,122.42,USD,HPO-2026-08-4691,PAID,2026-08-31,2026-08,security monitoring hosts 2026-08,JE-HAP-2026-08-4691
HAP-2026-08-4692,VEND-149,Teak Systems,TEA-2026-08-4692,2026-08-15,2026-09-14,15.0,USD,HPO-2026-08-4692,PAID,2026-08-31,2026-08,usage overage block 2026-08,JE-HAP-2026-08-4692
HAP-2026-08-4693,VEND-153,Harbor Partners,HAR-2026-08-4693,2026-08-15,2026-09-14,5400.11,USD,HPO-2026-08-4693,PAID,2026-08-31,2026-08,premium support 2026-08,JE-HAP-2026-08-4693
HAP-2026-08-4694,VEND-157,Timber Studio,TIM-2026-08-4694,2026-08-15,2026-09-14,192.72,USD,HPO-2026-08-4694,PAID,2026-08-31,2026-08,warehouse consumables 2026-08,JE-HAP-2026-08-4694
HAP-2026-08-4695,VEND-161,Ginkgo Supply,GIN-2026-08-4695,2026-08-15,2026-09-14,84.33,USD,HPO-2026-08-4695,PAID,2026-08-31,2026-08,security monitoring hosts 2026-08,JE-HAP-2026-08-4695
HAP-2026-08-4696,VEND-165,Teak Components,TEA-2026-08-4696,2026-08-15,2026-09-14,135.44,USD,HPO-2026-08-4696,PAID,2026-08-31,2026-08,usage overage block 2026-08,JE-HAP-2026-08-4696
HAP-2026-08-4697,VEND-169,Harbor Systems,HAR-2026-08-4697,2026-08-15,2026-09-14,19800.55,USD,HPO-2026-08-4697,PAID,2026-08-31,2026-08,premium support 2026-08,JE-HAP-2026-08-4697
HAP-2026-08-4698,VEND-173,Timber Partners,TIM-2026-08-4698,2026-08-15,2026-09-14,77.66,USD,HPO-2026-08-4698,PAID,2026-08-31,2026-08,warehouse consumables 2026-08,JE-HAP-2026-08-4698
HAP-2026-08-4699,VEND-177,Ginkgo Studio,GIN-2026-08-4699,2026-08-15,2026-09-14,48.77,USD,HPO-2026-08-4699,PAID,2026-08-31,2026-08,security monitoring hosts 2026-08,JE-HAP-2026-08-4699
HAP-2026-08-4700,VEND-181,Teak Supply,TEA-2026-08-4700,2026-08-15,2026-09-14,90.88,USD,HPO-2026-08-4700,PAID,2026-08-31,2026-08,usage overage block 2026-08,JE-HAP-2026-08-4700
HAP-2026-08-4701,VEND-185,Harbor Components,HAR-2026-08-4701,2026-08-15,2026-09-14,14400.99,USD,HPO-2026-08-4701,PAID,2026-08-31,2026-08,premium support 2026-08,JE-HAP-2026-08-4701
HAP-2026-08-4702,VEND-189,Timber Systems,TIM-2026-08-4702,2026-08-15,2026-09-14,386.1,USD,HPO-2026-08-4702,PAID,2026-08-31,2026-08,warehouse consumables 2026-08,JE-HAP-2026-08-4702
HAP-2026-08-4703,VEND-193,Ginkgo Partners,GIN-2026-08-4703,2026-08-15,2026-09-14,13.21,USD,HPO-2026-08-4703,PAID,2026-08-31,2026-08,security monitoring hosts 2026-08,JE-HAP-2026-08-4703
HAP-2026-08-4704,VEND-197,Teak Studio,TEA-2026-08-4704,2026-08-15,2026-09-14,46.32,USD,HPO-2026-08-4704,PAID,2026-08-31,2026-08,usage overage block 2026-08,JE-HAP-2026-08-4704
HAP-2026-08-4705,VEND-201,Harbor Supply,HAR-2026-08-4705,2026-08-15,2026-09-14,9001.43,USD,HPO-2026-08-4705,PAID,2026-08-31,2026-08,premium support 2026-08,JE-HAP-2026-08-4705
HAP-2026-08-4706,VEND-205,Timber Components,TIM-2026-08-4706,2026-08-15,2026-09-14,271.04,USD,HPO-2026-08-4706,PAID,2026-08-31,2026-08,warehouse consumables 2026-08,JE-HAP-2026-08-4706
HAP-2026-08-4707,VEND-209,Ginkgo Systems,GIN-2026-08-4707,2026-08-15,2026-09-14,109.65,USD,HPO-2026-08-4707,PAID,2026-08-31,2026-08,security monitoring hosts 2026-08,JE-HAP-2026-08-4707
HAP-2026-08-4708,VEND-213,Teak Partners,TEA-2026-08-4708,2026-08-15,2026-09-14,166.76,USD,HPO-2026-08-4708,PAID,2026-08-31,2026-08,usage overage block 2026-08,JE-HAP-2026-08-4708
HAP-2026-08-4709,VEND-195,Northwood Components,NOR-2026-08-4709,2026-08-16,2026-09-15,78.87,USD,HPO-2026-08-4709,PAID,2026-08-31,2026-08,warehouse consumables 2026-08,JE-HAP-2026-08-4709
HAP-2026-08-4710,VEND-199,Beacon Systems,BEA-2026-08-4710,2026-08-16,2026-09-15,49.98,USD,HPO-2026-08-4710,PAID,2026-08-31,2026-08,security monitoring hosts 2026-08,JE-HAP-2026-08-4710
HAP-2026-08-4711,VEND-203,Nimbus Partners,NIM-2026-08-4711,2026-08-16,2026-09-15,92.09,USD,HPO-2026-08-4711,PAID,2026-08-31,2026-08,usage overage block 2026-08,JE-HAP-2026-08-4711
HAP-2026-08-4712,VEND-207,Alder Studio,ALD-2026-08-4712,2026-08-16,2026-09-15,14402.2,USD,HPO-2026-08-4712,PAID,2026-08-31,2026-08,premium support 2026-08,JE-HAP-2026-08-4712
HAP-2026-08-4713,VEND-211,Northwood Supply,NOR-2026-08-4713,2026-08-16,2026-09-15,387.31,USD,HPO-2026-08-4713,PAID,2026-08-31,2026-08,warehouse consumables 2026-08,JE-HAP-2026-08-4713
HAP-2026-08-4714,VEND-215,Beacon Components,BEA-2026-08-4714,2026-08-16,2026-09-15,14.42,USD,HPO-2026-08-4714,PAID,2026-08-31,2026-08,security monitoring hosts 2026-08,JE-HAP-2026-08-4714
HAP-2026-08-4715,VEND-219,Nimbus Systems,NIM-2026-08-4715,2026-08-16,2026-09-15,45.0,USD,HPO-2026-08-4715,PAID,2026-08-31,2026-08,usage overage block 2026-08,JE-HAP-2026-08-4715
HAP-2026-08-4716,VEND-223,Alder Partners,ALD-2026-08-4716,2026-08-16,2026-09-15,9000.11,USD,HPO-2026-08-4716,PAID,2026-08-31,2026-08,premium support 2026-08,JE-HAP-2026-08-4716
HAP-2026-08-4717,VEND-227,Northwood Studio,NOR-2026-08-4717,2026-08-16,2026-09-15,269.72,USD,HPO-2026-08-4717,PAID,2026-08-31,2026-08,warehouse consumables 2026-08,JE-HAP-2026-08-4717
HAP-2026-08-4718,VEND-231,Beacon Supply,BEA-2026-08-4718,2026-08-16,2026-09-15,108.33,USD,HPO-2026-08-4718,PAID,2026-08-31,2026-08,security monitoring hosts 2026-08,JE-HAP-2026-08-4718
HAP-2026-08-4719,VEND-235,Nimbus Components,NIM-2026-08-4719,2026-08-16,2026-09-15,165.44,USD,HPO-2026-08-4719,PAID,2026-08-31,2026-08,usage overage block 2026-08,JE-HAP-2026-08-4719
HAP-2026-08-4720,VEND-239,Alder Systems,ALD-2026-08-4720,2026-08-16,2026-09-15,3600.55,USD,HPO-2026-08-4720,PAID,2026-08-31,2026-08,premium support 2026-08,JE-HAP-2026-08-4720
HAP-2026-08-4721,VEND-243,Northwood Partners,NOR-2026-08-4721,2026-08-16,2026-09-15,154.66,USD,HPO-2026-08-4721,PAID,2026-08-31,2026-08,warehouse consumables 2026-08,JE-HAP-2026-08-4721
HAP-2026-08-4722,VEND-247,Beacon Studio,BEA-2026-08-4722,2026-08-16,2026-09-15,72.77,USD,HPO-2026-08-4722,PAID,2026-08-31,2026-08,security monitoring hosts 2026-08,JE-HAP-2026-08-4722
HAP-2026-08-4723,VEND-251,Nimbus Supply,NIM-2026-08-4723,2026-08-16,2026-09-15,120.88,USD,HPO-2026-08-4723,PAID,2026-08-31,2026-08,usage overage block 2026-08,JE-HAP-2026-08-4723
HAP-2026-08-4724,VEND-255,Alder Components,ALD-2026-08-4724,2026-08-16,2026-09-15,18000.99,USD,HPO-2026-08-4724,PAID,2026-08-31,2026-08,premium support 2026-08,JE-HAP-2026-08-4724
HAP-2026-08-4725,VEND-259,Northwood Systems,NOR-2026-08-4725,2026-08-16,2026-09-15,39.6,USD,HPO-2026-08-4725,PAID,2026-08-31,2026-08,warehouse consumables 2026-08,JE-HAP-2026-08-4725
HAP-2026-08-4726,VEND-263,Beacon Partners,BEA-2026-08-4726,2026-08-16,2026-09-15,37.21,USD,HPO-2026-08-4726,PAID,2026-08-31,2026-08,security monitoring hosts 2026-08,JE-HAP-2026-08-4726
HAP-2026-08-4727,VEND-267,Nimbus Studio,NIM-2026-08-4727,2026-08-16,2026-09-15,76.32,USD,HPO-2026-08-4727,PAID,2026-08-31,2026-08,usage overage block 2026-08,JE-HAP-2026-08-4727
HAP-2026-08-4728,VEND-271,Alder Supply,ALD-2026-08-4728,2026-08-16,2026-09-15,12601.43,USD,HPO-2026-08-4728,PAID,2026-08-31,2026-08,premium support 2026-08,JE-HAP-2026-08-4728
HAP-2026-08-4729,VEND-275,Northwood Components,NOR-2026-08-4729,2026-08-16,2026-09-15,348.04,USD,HPO-2026-08-4729,PAID,2026-08-31,2026-08,warehouse consumables 2026-08,JE-HAP-2026-08-4729
HAP-2026-08-4730,VEND-279,Beacon Systems,BEA-2026-08-4730,2026-08-16,2026-09-15,133.65,USD,HPO-2026-08-4730,PAID,2026-08-31,2026-08,security monitoring hosts 2026-08,JE-HAP-2026-08-4730
HAP-2026-08-4731,VEND-261,Teak Supply,TEA-2026-08-4731,2026-08-17,2026-09-16,3601.76,USD,HPO-2026-08-4731,PAID,2026-08-31,2026-08,premium support 2026-08,JE-HAP-2026-08-4731
HAP-2026-08-4732,VEND-265,Harbor Components,HAR-2026-08-4732,2026-08-17,2026-09-16,155.87,USD,HPO-2026-08-4732,PAID,2026-08-31,2026-08,warehouse consumables 2026-08,JE-HAP-2026-08-4732
HAP-2026-08-4733,VEND-269,Timber Systems,TIM-2026-08-4733,2026-08-17,2026-09-16,73.98,USD,HPO-2026-08-4733,PAID,2026-08-31,2026-08,security monitoring hosts 2026-08,JE-HAP-2026-08-4733
HAP-2026-08-4734,VEND-273,Ginkgo Partners,GIN-2026-08-4734,2026-08-17,2026-09-16,122.09,USD,HPO-2026-08-4734,PAID,2026-08-31,2026-08,usage overage block 2026-08,JE-HAP-2026-08-4734
HAP-2026-08-4735,VEND-277,Teak Studio,TEA-2026-08-4735,2026-08-17,2026-09-16,18002.2,USD,HPO-2026-08-4735,PAID,2026-08-31,2026-08,premium support 2026-08,JE-HAP-2026-08-4735
HAP-2026-08-4736,VEND-281,Harbor Supply,HAR-2026-08-4736,2026-08-17,2026-09-16,40.81,USD,HPO-2026-08-4736,PAID,2026-08-31,2026-08,warehouse consumables 2026-08,JE-HAP-2026-08-4736
HAP-2026-08-4737,VEND-285,Timber Components,TIM-2026-08-4737,2026-08-17,2026-09-16,38.42,USD,HPO-2026-08-4737,PAID,2026-08-31,2026-08,security monitoring hosts 2026-08,JE-HAP-2026-08-4737
HAP-2026-08-4738,VEND-289,Ginkgo Systems,GIN-2026-08-4738,2026-08-17,2026-09-16,75.0,USD,HPO-2026-08-4738,PAID,2026-08-31,2026-08,usage overage block 2026-08,JE-HAP-2026-08-4738
HAP-2026-08-4739,VEND-293,Teak Partners,TEA-2026-08-4739,2026-08-17,2026-09-16,12600.11,USD,HPO-2026-08-4739,PAID,2026-08-31,2026-08,premium support 2026-08,JE-HAP-2026-08-4739
HAP-2026-08-4740,VEND-297,Harbor Studio,HAR-2026-08-4740,2026-08-17,2026-09-16,346.72,USD,HPO-2026-08-4740,PAID,2026-08-31,2026-08,warehouse consumables 2026-08,JE-HAP-2026-08-4740
HAP-2026-08-4741,VEND-301,Timber Supply,TIM-2026-08-4741,2026-08-17,2026-09-16,132.33,USD,HPO-2026-08-4741,PAID,2026-08-31,2026-08,security monitoring hosts 2026-08,JE-HAP-2026-08-4741
HAP-2026-08-4742,VEND-305,Ginkgo Components,GIN-2026-08-4742,2026-08-17,2026-09-16,30.44,USD,HPO-2026-08-4742,PAID,2026-08-31,2026-08,usage overage block 2026-08,JE-HAP-2026-08-4742
HAP-2026-08-4743,VEND-309,Teak Systems,TEA-2026-08-4743,2026-08-17,2026-09-16,7200.55,USD,HPO-2026-08-4743,PAID,2026-08-31,2026-08,premium support 2026-08,JE-HAP-2026-08-4743
HAP-2026-08-4744,VEND-313,Harbor Partners,HAR-2026-08-4744,2026-08-17,2026-09-16,231.66,USD,HPO-2026-08-4744,PAID,2026-08-31,2026-08,warehouse consumables 2026-08,JE-HAP-2026-08-4744
HAP-2026-08-4745,VEND-317,Timber Studio,TIM-2026-08-4745,2026-08-17,2026-09-16,96.77,USD,HPO-2026-08-4745,PAID,2026-08-31,2026-08,security monitoring hosts 2026-08,JE-HAP-2026-08-4745
HAP-2026-08-4746,VEND-321,Ginkgo Supply,GIN-2026-08-4746,2026-08-17,2026-09-16,150.88,USD,HPO-2026-08-4746,PAID,2026-08-31,2026-08,usage overage block 2026-08,JE-HAP-2026-08-4746
HAP-2026-08-4747,VEND-001-DUP,Acme Supplies LLC,ACM-2026-08-4747,2026-08-17,2026-09-16,1800.99,USD,HPO-2026-08-4747,PAID,2026-08-31,2026-08,premium support 2026-08,JE-HAP-2026-08-4747
HAP-2026-08-4748,VEND-004,Office Depot,OFF-2026-08-4748,2026-08-17,2026-09-16,116.6,USD,HPO-2026-08-4748,PAID,2026-08-31,2026-08,warehouse consumables 2026-08,JE-HAP-2026-08-4748
HAP-2026-08-4749,VEND-008,Figma,FIG-2026-08-4749,2026-08-17,2026-09-16,61.21,USD,HPO-2026-08-4749,PAID,2026-08-31,2026-08,security monitoring hosts 2026-08,JE-HAP-2026-08-4749
HAP-2026-08-4750,VEND-013,Cambridge Properties,CAM-2026-08-4750,2026-08-17,2026-09-16,106.32,USD,HPO-2026-08-4750,PAID,2026-08-31,2026-08,usage overage block 2026-08,JE-HAP-2026-08-4750
HAP-2026-08-4751,VEND-017,GitHub,GIT-2026-08-4751,2026-08-17,2026-09-16,16201.43,USD,HPO-2026-08-4751,PAID,2026-08-31,2026-08,premium support 2026-08,JE-HAP-2026-08-4751
HAP-2026-08-4752,VEND-021,Misc Supplies,MIS-2026-08-4752,2026-08-17,2026-09-16,425.04,USD,HPO-2026-08-4752,PAID,2026-08-31,2026-08,warehouse consumables 2026-08,JE-HAP-2026-08-4752
HAP-2026-08-4753,VEND-002,Amazon Web Services,AMA-2026-08-4753,2026-08-18,2026-09-17,31.65,USD,HPO-2026-08-4753,PAID,2026-08-31,2026-08,usage overage block 2026-08,JE-HAP-2026-08-4753
HAP-2026-08-4754,VEND-006,Datadog,DAT-2026-08-4754,2026-08-18,2026-09-17,7201.76,USD,HPO-2026-08-4754,PAID,2026-08-31,2026-08,premium support 2026-08,JE-HAP-2026-08-4754
HAP-2026-08-4755,VEND-011,Hartford Insurance,HAR-2026-08-4755,2026-08-18,2026-09-17,232.87,USD,HPO-2026-08-4755,PAID,2026-08-31,2026-08,warehouse consumables 2026-08,JE-HAP-2026-08-4755
HAP-2026-08-4756,VEND-015,Harbor Electric,HAR-2026-08-4756,2026-08-18,2026-09-17,97.98,USD,HPO-2026-08-4756,PAID,2026-08-31,2026-08,security monitoring hosts 2026-08,JE-HAP-2026-08-4756
HAP-2026-08-4757,VEND-019,Freightline Logistics,FRE-2026-08-4757,2026-08-18,2026-09-17,152.09,USD,HPO-2026-08-4757,PAID,2026-08-31,2026-08,usage overage block 2026-08,JE-HAP-2026-08-4757
HAP-2026-08-4758,VEND-023,Notion Labs,NOT-2026-08-4758,2026-08-18,2026-09-17,1802.2,USD,HPO-2026-08-4758,PAID,2026-08-31,2026-08,premium support 2026-08,JE-HAP-2026-08-4758
HAP-2026-08-4759,VEND-027,Zoom Video,ZOO-2026-08-4759,2026-08-18,2026-09-17,117.81,USD,HPO-2026-08-4759,PAID,2026-08-31,2026-08,warehouse consumables 2026-08,JE-HAP-2026-08-4759
HAP-2026-08-4760,VEND-031,Helios Hardware Supply,HEL-2026-08-4760,2026-08-18,2026-09-17,62.42,USD,HPO-2026-08-4760,PAID,2026-08-31,2026-08,security monitoring hosts 2026-08,JE-HAP-2026-08-4760
HAP-2026-08-4761,VEND-035,ADP,ADP-2026-08-4761,2026-08-18,2026-09-17,105.0,USD,HPO-2026-08-4761,PAID,2026-08-31,2026-08,usage overage block 2026-08,JE-HAP-2026-08-4761
HAP-2026-08-4762,VEND-039,CleanRoom Janitorial,CLE-2026-08-4762,2026-08-18,2026-09-17,16200.11,USD,HPO-2026-08-4762,PAID,2026-08-31,2026-08,premium support 2026-08,JE-HAP-2026-08-4762
HAP-2026-08-4763,VEND-043,Adyen NV,ADY-2026-08-4763,2026-08-18,2026-09-17,423.72,USD,HPO-2026-08-4763,PAID,2026-08-31,2026-08,warehouse consumables 2026-08,JE-HAP-2026-08-4763
HAP-2026-08-4764,VEND-047,Carta,CAR-2026-08-4764,2026-08-18,2026-09-17,24.33,USD,HPO-2026-08-4764,PAID,2026-08-31,2026-08,security monitoring hosts 2026-08,JE-HAP-2026-08-4764
HAP-2026-08-4765,VEND-051,Northwood Supply,NOR-2026-08-4765,2026-08-18,2026-09-17,60.44,USD,HPO-2026-08-4765,PAID,2026-08-31,2026-08,usage overage block 2026-08,JE-HAP-2026-08-4765
HAP-2026-08-4766,VEND-055,Beacon Components,BEA-2026-08-4766,2026-08-18,2026-09-17,10800.55,USD,HPO-2026-08-4766,PAID,2026-08-31,2026-08,premium support 2026-08,JE-HAP-2026-08-4766
HAP-2026-08-4767,VEND-059,Nimbus Systems,NIM-2026-08-4767,2026-08-18,2026-09-17,308.66,USD,HPO-2026-08-4767,PAID,2026-08-31,2026-08,warehouse consumables 2026-08,JE-HAP-2026-08-4767
HAP-2026-08-4768,VEND-063,Alder Partners,ALD-2026-08-4768,2026-08-18,2026-09-17,120.77,USD,HPO-2026-08-4768,PAID,2026-08-31,2026-08,security monitoring hosts 2026-08,JE-HAP-2026-08-4768
HAP-2026-08-4769,VEND-067,Northwood Studio,NOR-2026-08-4769,2026-08-18,2026-09-17,15.88,USD,HPO-2026-08-4769,PAID,2026-08-31,2026-08,usage overage block 2026-08,JE-HAP-2026-08-4769
HAP-2026-08-4770,VEND-071,Beacon Supply,BEA-2026-08-4770,2026-08-18,2026-09-17,5400.99,USD,HPO-2026-08-4770,PAID,2026-08-31,2026-08,premium support 2026-08,JE-HAP-2026-08-4770
HAP-2026-08-4771,VEND-075,Nimbus Components,NIM-2026-08-4771,2026-08-18,2026-09-17,193.6,USD,HPO-2026-08-4771,PAID,2026-08-31,2026-08,warehouse consumables 2026-08,JE-HAP-2026-08-4771
HAP-2026-08-4772,VEND-079,Alder Systems,ALD-2026-08-4772,2026-08-18,2026-09-17,85.21,USD,HPO-2026-08-4772,PAID,2026-08-31,2026-08,security monitoring hosts 2026-08,JE-HAP-2026-08-4772
HAP-2026-08-4773,VEND-083,Northwood Partners,NOR-2026-08-4773,2026-08-18,2026-09-17,136.32,USD,HPO-2026-08-4773,PAID,2026-08-31,2026-08,usage overage block 2026-08,JE-HAP-2026-08-4773
HAP-2026-08-4774,VEND-087,Beacon Studio,BEA-2026-08-4774,2026-08-18,2026-09-17,19801.43,USD,HPO-2026-08-4774,PAID,2026-08-31,2026-08,premium support 2026-08,JE-HAP-2026-08-4774
HAP-2026-08-4775,VEND-069,Teak Systems,TEA-2026-08-4775,2026-08-19,2026-09-18,25.54,USD,HPO-2026-08-4775,PAID,2026-08-31,2026-08,security monitoring hosts 2026-08,JE-HAP-2026-08-4775
HAP-2026-08-4776,VEND-073,Harbor Partners,HAR-2026-08-4776,2026-08-19,2026-09-18,61.65,USD,HPO-2026-08-4776,PAID,2026-08-31,2026-08,usage overage block 2026-08,JE-HAP-2026-08-4776
HAP-2026-08-4777,VEND-077,Timber Studio,TIM-2026-08-4777,2026-08-19,2026-09-18,10801.76,USD,HPO-2026-08-4777,PAID,2026-08-31,2026-08,premium support 2026-08,JE-HAP-2026-08-4777
HAP-2026-08-4778,VEND-081,Ginkgo Supply,GIN-2026-08-4778,2026-08-19,2026-09-18,309.87,USD,HPO-2026-08-4778,PAID,2026-08-31,2026-08,warehouse consumables 2026-08,JE-HAP-2026-08-4778
HAP-2026-08-4779,VEND-085,Teak Components,TEA-2026-08-4779,2026-08-19,2026-09-18,121.98,USD,HPO-2026-08-4779,PAID,2026-08-31,2026-08,security monitoring hosts 2026-08,JE-HAP-2026-08-4779
HAP-2026-08-4780,VEND-089,Harbor Systems,HAR-2026-08-4780,2026-08-19,2026-09-18,17.09,USD,HPO-2026-08-4780,PAID,2026-08-31,2026-08,usage overage block 2026-08,JE-HAP-2026-08-4780
HAP-2026-08-4781,VEND-093,Timber Partners,TIM-2026-08-4781,2026-08-19,2026-09-18,5402.2,USD,HPO-2026-08-4781,PAID,2026-08-31,2026-08,premium support 2026-08,JE-HAP-2026-08-4781
HAP-2026-08-4782,VEND-097,Ginkgo Studio,GIN-2026-08-4782,2026-08-19,2026-09-18,194.81,USD,HPO-2026-08-4782,PAID,2026-08-31,2026-08,warehouse consumables 2026-08,JE-HAP-2026-08-4782
HAP-2026-08-4783,VEND-101,Teak Supply,TEA-2026-08-4783,2026-08-19,2026-09-18,86.42,USD,HPO-2026-08-4783,PAID,2026-08-31,2026-08,security monitoring hosts 2026-08,JE-HAP-2026-08-4783
HAP-2026-08-4784,VEND-105,Harbor Components,HAR-2026-08-4784,2026-08-19,2026-09-18,135.0,USD,HPO-2026-08-4784,PAID,2026-08-31,2026-08,usage overage block 2026-08,JE-HAP-2026-08-4784
HAP-2026-08-4785,VEND-109,Timber Systems,TIM-2026-08-4785,2026-08-19,2026-09-18,19800.11,USD,HPO-2026-08-4785,PAID,2026-08-31,2026-08,premium support 2026-08,JE-HAP-2026-08-4785
HAP-2026-08-4786,VEND-113,Ginkgo Partners,GIN-2026-08-4786,2026-08-19,2026-09-18,77.22,USD,HPO-2026-08-4786,PAID,2026-08-31,2026-08,warehouse consumables 2026-08,JE-HAP-2026-08-4786
HAP-2026-08-4787,VEND-117,Teak Studio,TEA-2026-08-4787,2026-08-19,2026-09-18,48.33,USD,HPO-2026-08-4787,PAID,2026-08-31,2026-08,security monitoring hosts 2026-08,JE-HAP-2026-08-4787
HAP-2026-08-4788,VEND-121,Harbor Supply,HAR-2026-08-4788,2026-08-19,2026-09-18,90.44,USD,HPO-2026-08-4788,PAID,2026-08-31,2026-08,usage overage block 2026-08,JE-HAP-2026-08-4788
HAP-2026-08-4789,VEND-125,Timber Components,TIM-2026-08-4789,2026-08-19,2026-09-18,14400.55,USD,HPO-2026-08-4789,PAID,2026-08-31,2026-08,premium support 2026-08,JE-HAP-2026-08-4789
HAP-2026-08-4790,VEND-129,Ginkgo Systems,GIN-2026-08-4790,2026-08-19,2026-09-18,385.66,USD,HPO-2026-08-4790,PAID,2026-08-31,2026-08,warehouse consumables 2026-08,JE-HAP-2026-08-4790
HAP-2026-08-4791,VEND-133,Teak Partners,TEA-2026-08-4791,2026-08-19,2026-09-18,12.77,USD,HPO-2026-08-4791,PAID,2026-08-31,2026-08,security monitoring hosts 2026-08,JE-HAP-2026-08-4791
HAP-2026-08-4792,VEND-137,Harbor Studio,HAR-2026-08-4792,2026-08-19,2026-09-18,45.88,USD,HPO-2026-08-4792,PAID,2026-08-31,2026-08,usage overage block 2026-08,JE-HAP-2026-08-4792
HAP-2026-08-4793,VEND-141,Timber Supply,TIM-2026-08-4793,2026-08-19,2026-09-18,9000.99,USD,HPO-2026-08-4793,PAID,2026-08-31,2026-08,premium support 2026-08,JE-HAP-2026-08-4793
HAP-2026-08-4794,VEND-145,Ginkgo Components,GIN-2026-08-4794,2026-08-19,2026-09-18,270.6,USD,HPO-2026-08-4794,PAID,2026-08-31,2026-08,warehouse consumables 2026-08,JE-HAP-2026-08-4794
HAP-2026-08-4795,VEND-149,Teak Systems,TEA-2026-08-4795,2026-08-19,2026-09-18,109.21,USD,HPO-2026-08-4795,PAID,2026-08-31,2026-08,security monitoring hosts 2026-08,JE-HAP-2026-08-4795
HAP-2026-08-4796,VEND-153,Harbor Partners,HAR-2026-08-4796,2026-08-19,2026-09-18,166.32,USD,HPO-2026-08-4796,PAID,2026-08-31,2026-08,usage overage block 2026-08,JE-HAP-2026-08-4796
HAP-2026-08-4797,VEND-135,Beacon Components,BEA-2026-08-4797,2026-08-20,2026-09-19,78.43,USD,HPO-2026-08-4797,PAID,2026-08-31,2026-08,warehouse consumables 2026-08,JE-HAP-2026-08-4797
HAP-2026-08-4798,VEND-139,Nimbus Systems,NIM-2026-08-4798,2026-08-20,2026-09-19,49.54,USD,HPO-2026-08-4798,PAID,2026-08-31,2026-08,security monitoring hosts 2026-08,JE-HAP-2026-08-4798
HAP-2026-08-4799,VEND-143,Alder Partners,ALD-2026-08-4799,2026-08-20,2026-09-19,91.65,USD,HPO-2026-08-4799,PAID,2026-08-31,2026-08,usage overage block 2026-08,JE-HAP-2026-08-4799
HAP-2026-08-4800,VEND-147,Northwood Studio,NOR-2026-08-4800,2026-08-20,2026-09-19,14401.76,USD,HPO-2026-08-4800,PAID,2026-08-31,2026-08,premium support 2026-08,JE-HAP-2026-08-4800
HAP-2026-08-4801,VEND-151,Beacon Supply,BEA-2026-08-4801,2026-08-20,2026-09-19,386.87,USD,HPO-2026-08-4801,PAID,2026-08-31,2026-08,warehouse consumables 2026-08,JE-HAP-2026-08-4801
HAP-2026-08-4802,VEND-155,Nimbus Components,NIM-2026-08-4802,2026-08-20,2026-09-19,13.98,USD,HPO-2026-08-4802,PAID,2026-08-31,2026-08,security monitoring hosts 2026-08,JE-HAP-2026-08-4802
HAP-2026-08-4803,VEND-159,Alder Systems,ALD-2026-08-4803,2026-08-20,2026-09-19,47.09,USD,HPO-2026-08-4803,PAID,2026-08-31,2026-08,usage overage block 2026-08,JE-HAP-2026-08-4803
HAP-2026-08-4804,VEND-163,Northwood Partners,NOR-2026-08-4804,2026-08-20,2026-09-19,9002.2,USD,HPO-2026-08-4804,PAID,2026-08-31,2026-08,premium support 2026-08,JE-HAP-2026-08-4804
HAP-2026-08-4805,VEND-167,Beacon Studio,BEA-2026-08-4805,2026-08-20,2026-09-19,271.81,USD,HPO-2026-08-4805,PAID,2026-08-31,2026-08,warehouse consumables 2026-08,JE-HAP-2026-08-4805
HAP-2026-08-4806,VEND-171,Nimbus Supply,NIM-2026-08-4806,2026-08-20,2026-09-19,110.42,USD,HPO-2026-08-4806,PAID,2026-08-31,2026-08,security monitoring hosts 2026-08,JE-HAP-2026-08-4806
HAP-2026-08-4807,VEND-175,Alder Components,ALD-2026-08-4807,2026-08-20,2026-09-19,165.0,USD,HPO-2026-08-4807,PAID,2026-08-31,2026-08,usage overage block 2026-08,JE-HAP-2026-08-4807
HAP-2026-08-4808,VEND-179,Northwood Systems,NOR-2026-08-4808,2026-08-20,2026-09-19,3600.11,USD,HPO-2026-08-4808,PAID,2026-08-31,2026-08,premium support 2026-08,JE-HAP-2026-08-4808
HAP-2026-08-4809,VEND-183,Beacon Partners,BEA-2026-08-4809,2026-08-20,2026-09-19,154.22,USD,HPO-2026-08-4809,PAID,2026-08-31,2026-08,warehouse consumables 2026-08,JE-HAP-2026-08-4809
HAP-2026-08-4810,VEND-187,Nimbus Studio,NIM-2026-08-4810,2026-08-20,2026-09-19,72.33,USD,HPO-2026-08-4810,PAID,2026-08-31,2026-08,security monitoring hosts 2026-08,JE-HAP-2026-08-4810
HAP-2026-08-4811,VEND-191,Alder Supply,ALD-2026-08-4811,2026-08-20,2026-09-19,120.44,USD,HPO-2026-08-4811,PAID,2026-08-31,2026-08,usage overage block 2026-08,JE-HAP-2026-08-4811
HAP-2026-08-4812,VEND-195,Northwood Components,NOR-2026-08-4812,2026-08-20,2026-09-19,18000.55,USD,HPO-2026-08-4812,PAID,2026-08-31,2026-08,premium support 2026-08,JE-HAP-2026-08-4812
HAP-2026-08-4813,VEND-199,Beacon Systems,BEA-2026-08-4813,2026-08-20,2026-09-19,39.16,USD,HPO-2026-08-4813,PAID,2026-08-31,2026-08,warehouse consumables 2026-08,JE-HAP-2026-08-4813
HAP-2026-08-4814,VEND-203,Nimbus Partners,NIM-2026-08-4814,2026-08-20,2026-09-19,36.77,USD,HPO-2026-08-4814,PAID,2026-08-31,2026-08,security monitoring hosts 2026-08,JE-HAP-2026-08-4814
HAP-2026-08-4815,VEND-207,Alder Studio,ALD-2026-08-4815,2026-08-20,2026-09-19,75.88,USD,HPO-2026-08-4815,PAID,2026-08-31,2026-08,usage overage block 2026-08,JE-HAP-2026-08-4815
HAP-2026-08-4816,VEND-211,Northwood Supply,NOR-2026-08-4816,2026-08-20,2026-09-19,12600.99,USD,HPO-2026-08-4816,PAID,2026-08-31,2026-08,premium support 2026-08,JE-HAP-2026-08-4816
HAP-2026-08-4817,VEND-215,Beacon Components,BEA-2026-08-4817,2026-08-20,2026-09-19,347.6,USD,HPO-2026-08-4817,PAID,2026-08-31,2026-08,warehouse consumables 2026-08,JE-HAP-2026-08-4817
HAP-2026-08-4818,VEND-219,Nimbus Systems,NIM-2026-08-4818,2026-08-20,2026-09-19,133.21,USD,HPO-2026-08-4818,PAID,2026-08-31,2026-08,security monitoring hosts 2026-08,JE-HAP-2026-08-4818
HAP-2026-08-4819,VEND-201,Harbor Supply,HAR-2026-08-4819,2026-08-21,2026-09-20,3601.32,USD,HPO-2026-08-4819,PAID,2026-08-31,2026-08,premium support 2026-08,JE-HAP-2026-08-4819
HAP-2026-08-4820,VEND-205,Timber Components,TIM-2026-08-4820,2026-08-21,2026-09-20,155.43,USD,HPO-2026-08-4820,PAID,2026-08-31,2026-08,warehouse consumables 2026-08,JE-HAP-2026-08-4820
HAP-2026-08-4821,VEND-209,Ginkgo Systems,GIN-2026-08-4821,2026-08-21,2026-09-20,73.54,USD,HPO-2026-08-4821,PAID,2026-08-31,2026-08,security monitoring hosts 2026-08,JE-HAP-2026-08-4821
HAP-2026-08-4822,VEND-213,Teak Partners,TEA-2026-08-4822,2026-08-21,2026-09-20,121.65,USD,HPO-2026-08-4822,PAID,2026-08-31,2026-08,usage overage block 2026-08,JE-HAP-2026-08-4822
HAP-2026-08-4823,VEND-217,Harbor Studio,HAR-2026-08-4823,2026-08-21,2026-09-20,18001.76,USD,HPO-2026-08-4823,PAID,2026-08-31,2026-08,premium support 2026-08,JE-HAP-2026-08-4823
HAP-2026-08-4824,VEND-221,Timber Supply,TIM-2026-08-4824,2026-08-21,2026-09-20,40.37,USD,HPO-2026-08-4824,PAID,2026-08-31,2026-08,warehouse consumables 2026-08,JE-HAP-2026-08-4824
HAP-2026-08-4825,VEND-225,Ginkgo Components,GIN-2026-08-4825,2026-08-21,2026-09-20,37.98,USD,HPO-2026-08-4825,PAID,2026-08-31,2026-08,security monitoring hosts 2026-08,JE-HAP-2026-08-4825
HAP-2026-08-4826,VEND-229,Teak Systems,TEA-2026-08-4826,2026-08-21,2026-09-20,77.09,USD,HPO-2026-08-4826,PAID,2026-08-31,2026-08,usage overage block 2026-08,JE-HAP-2026-08-4826
HAP-2026-08-4827,VEND-233,Harbor Partners,HAR-2026-08-4827,2026-08-21,2026-09-20,12602.2,USD,HPO-2026-08-4827,PAID,2026-08-31,2026-08,premium support 2026-08,JE-HAP-2026-08-4827
HAP-2026-08-4828,VEND-237,Timber Studio,TIM-2026-08-4828,2026-08-21,2026-09-20,348.81,USD,HPO-2026-08-4828,PAID,2026-08-31,2026-08,warehouse consumables 2026-08,JE-HAP-2026-08-4828
HAP-2026-08-4829,VEND-241,Ginkgo Supply,GIN-2026-08-4829,2026-08-21,2026-09-20,134.42,USD,HPO-2026-08-4829,PAID,2026-08-31,2026-08,security monitoring hosts 2026-08,JE-HAP-2026-08-4829
HAP-2026-08-4830,VEND-245,Teak Components,TEA-2026-08-4830,2026-08-21,2026-09-20,30.0,USD,HPO-2026-08-4830,PAID,2026-08-31,2026-08,usage overage block 2026-08,JE-HAP-2026-08-4830
HAP-2026-08-4831,VEND-249,Harbor Systems,HAR-2026-08-4831,2026-08-21,2026-09-20,7200.11,USD,HPO-2026-08-4831,PAID,2026-08-31,2026-08,premium support 2026-08,JE-HAP-2026-08-4831
HAP-2026-08-4832,VEND-253,Timber Partners,TIM-2026-08-4832,2026-08-21,2026-09-20,231.22,USD,HPO-2026-08-4832,PAID,2026-08-31,2026-08,warehouse consumables 2026-08,JE-HAP-2026-08-4832
HAP-2026-08-4833,VEND-257,Ginkgo Studio,GIN-2026-08-4833,2026-08-21,2026-09-20,96.33,USD,HPO-2026-08-4833,PAID,2026-08-31,2026-08,security monitoring hosts 2026-08,JE-HAP-2026-08-4833
HAP-2026-08-4834,VEND-261,Teak Supply,TEA-2026-08-4834,2026-08-21,2026-09-20,150.44,USD,HPO-2026-08-4834,PAID,2026-08-31,2026-08,usage overage block 2026-08,JE-HAP-2026-08-4834
HAP-2026-08-4835,VEND-265,Harbor Components,HAR-2026-08-4835,2026-08-21,2026-09-20,1800.55,USD,HPO-2026-08-4835,PAID,2026-08-31,2026-08,premium support 2026-08,JE-HAP-2026-08-4835
HAP-2026-08-4836,VEND-269,Timber Systems,TIM-2026-08-4836,2026-08-21,2026-09-20,116.16,USD,HPO-2026-08-4836,PAID,2026-08-31,2026-08,warehouse consumables 2026-08,JE-HAP-2026-08-4836
HAP-2026-08-4837,VEND-273,Ginkgo Partners,GIN-2026-08-4837,2026-08-21,2026-09-20,60.77,USD,HPO-2026-08-4837,PAID,2026-08-31,2026-08,security monitoring hosts 2026-08,JE-HAP-2026-08-4837
HAP-2026-08-4838,VEND-277,Teak Studio,TEA-2026-08-4838,2026-08-21,2026-09-20,105.88,USD,HPO-2026-08-4838,PAID,2026-08-31,2026-08,usage overage block 2026-08,JE-HAP-2026-08-4838
HAP-2026-08-4839,VEND-281,Harbor Supply,HAR-2026-08-4839,2026-08-21,2026-09-20,16200.99,USD,HPO-2026-08-4839,PAID,2026-08-31,2026-08,premium support 2026-08,JE-HAP-2026-08-4839
HAP-2026-08-4840,VEND-285,Timber Components,TIM-2026-08-4840,2026-08-21,2026-09-20,424.6,USD,HPO-2026-08-4840,PAID,2026-08-31,2026-08,warehouse consumables 2026-08,JE-HAP-2026-08-4840
