psp_reference,merchant,customer_id,customer_name,card_scheme,year,hour_of_day,minute_of_hour,day_of_year,is_credit,usd_amount,amount_minor,currency,ip_country,issuing_country,device_type,shopper_interaction,has_fraudulent_dispute,is_refused_by_adyen,processor,settled_date
MX-100000001,Maximor Demo Corp,CUST-002,Helios Analytics,Mastercard,2025,1,3,275,False,25.13,2513,USD,US,US,MacOS,Ecommerce,False,False,stripe,2025-10-02
MX-100000002,Maximor Demo Corp,CUST-003,Acme Industrial,NexPay,2025,2,6,276,False,32.26,3226,USD,US,US,iOS,Ecommerce,False,False,stripe,2025-10-03
MX-100000003,Maximor Demo Corp,CUST-004,Brightline Media,GlobalCard,2025,3,9,277,False,39.39,3939,USD,US,US,Android,Ecommerce,False,False,stripe,2025-10-04
MX-100000004,Maximor Demo Corp,CUST-005,Quiet Harbor,Amex,2025,4,12,278,False,46.52,4652,USD,US,US,Windows,Ecommerce,False,False,stripe,2025-10-05
MX-100000005,Maximor Demo Corp,CUST-006,Pinnacle Retail,Visa,2025,5,15,279,False,53.65,5365,USD,US,US,MacOS,Ecommerce,False,False,adyen,2025-10-06
MX-100000006,Maximor Demo Corp,CUST-007,Atlas Robotics,Mastercard,2025,6,18,280,False,60.78,6078,USD,US,US,iOS,Ecommerce,False,False,stripe,2025-10-07
MX-100000007,Maximor Demo Corp,CUST-008,Lumen Labs,NexPay,2025,7,21,281,False,67.91,6791,USD,US,US,Android,Ecommerce,False,False,stripe,2025-10-08
MX-100000008,Maximor Demo Corp,CUST-009,Northstar LLC,GlobalCard,2025,8,24,282,False,75.04,7504,USD,US,US,Windows,Ecommerce,False,False,stripe,2025-10-09
MX-100000009,Maximor Demo Corp,CUST-010,Meridian Health,Amex,2025,9,27,283,False,82.17,8217,USD,US,US,MacOS,Ecommerce,False,False,stripe,2025-10-10
MX-100000010,Maximor Demo Corp,CUST-011,Beacon Biotech,Visa,2025,10,30,284,False,89.3,8930,USD,US,US,iOS,Ecommerce,False,False,adyen,2025-10-11
MX-100000011,Maximor Demo Corp,CUST-012,Copperline Logistics,Mastercard,2025,11,33,285,False,96.43,9643,USD,US,US,Android,Ecommerce,False,False,stripe,2025-10-12
MX-100000012,Maximor Demo Corp,CUST-013,Summit Civic,NexPay,2025,12,36,286,False,103.56,10356,USD,US,US,Windows,Ecommerce,False,False,stripe,2025-10-13
MX-100000013,Maximor Demo Corp,CUST-014,Redwood Clinics,GlobalCard,2025,13,39,287,False,110.69,11069,USD,US,US,MacOS,Ecommerce,False,False,stripe,2025-10-14
MX-100000014,Maximor Demo Corp,CUST-015,Ironclad Software,Amex,2025,14,42,288,False,117.82,11782,USD,US,US,iOS,Ecommerce,False,False,stripe,2025-10-15
MX-100000015,Maximor Demo Corp,CUST-001,Northwind Labs,Visa,2025,15,45,289,False,124.95,12495,USD,US,US,Android,Ecommerce,False,False,adyen,2025-10-16
MX-100000016,Maximor Demo Corp,CUST-002,Helios Analytics,Mastercard,2025,16,48,290,False,132.08,13208,USD,US,US,Windows,Ecommerce,False,False,stripe,2025-10-17
MX-100000017,Maximor Demo Corp,CUST-003,Acme Industrial,NexPay,2025,17,51,291,True,139.21,13921,USD,US,US,MacOS,Ecommerce,False,False,stripe,2025-10-18
MX-100000018,Maximor Demo Corp,CUST-004,Brightline Media,GlobalCard,2025,18,54,292,False,146.34,14634,USD,US,US,iOS,Ecommerce,False,False,stripe,2025-10-19
MX-100000019,Maximor Demo Corp,CUST-005,Quiet Harbor,Amex,2025,19,57,293,False,153.47,15347,USD,US,US,Android,Ecommerce,False,False,stripe,2025-10-20
MX-100000020,Maximor Demo Corp,CUST-006,Pinnacle Retail,Visa,2025,20,0,294,False,160.6,16060,USD,US,US,Windows,Ecommerce,False,False,adyen,2025-10-21
MX-100000021,Maximor Demo Corp,CUST-007,Atlas Robotics,Mastercard,2025,21,3,295,False,167.73,16773,USD,US,US,MacOS,Ecommerce,False,False,stripe,2025-10-22
MX-100000022,Maximor Demo Corp,CUST-008,Lumen Labs,NexPay,2025,22,6,296,False,174.86,17486,USD,US,US,iOS,Ecommerce,False,False,stripe,2025-10-23
MX-100000023,Maximor Demo Corp,CUST-009,Northstar LLC,GlobalCard,2025,23,9,297,False,181.99,18199,USD,US,US,Android,Ecommerce,False,False,stripe,2025-10-24
MX-100000024,Maximor Demo Corp,CUST-010,Meridian Health,Amex,2025,0,12,298,False,189.12,18912,USD,US,US,Windows,Ecommerce,False,False,stripe,2025-10-25
MX-100000025,Maximor Demo Corp,CUST-011,Beacon Biotech,Visa,2025,1,15,299,False,196.25,19625,USD,US,US,MacOS,Ecommerce,False,False,adyen,2025-10-26
MX-100000026,Maximor Demo Corp,CUST-012,Copperline Logistics,Mastercard,2025,2,18,300,False,203.38,20338,USD,US,US,iOS,Ecommerce,False,False,stripe,2025-10-27
MX-100000027,Maximor Demo Corp,CUST-013,Summit Civic,NexPay,2025,3,21,301,False,210.51,21051,USD,US,US,Android,Ecommerce,False,False,stripe,2025-10-28
MX-100000028,Maximor Demo Corp,CUST-014,Redwood Clinics,GlobalCard,2025,4,24,302,False,217.64,21764,USD,US,US,Windows,Ecommerce,False,False,stripe,2025-10-29
MX-100000029,Maximor Demo Corp,CUST-015,Ironclad Software,Amex,2025,5,27,303,False,224.77,22477,USD,US,US,MacOS,Ecommerce,False,False,stripe,2025-10-30
MX-100000030,Maximor Demo Corp,CUST-001,Northwind Labs,Visa,2025,6,30,304,False,231.9,23190,USD,US,US,iOS,Ecommerce,False,False,adyen,2025-10-31
MX-100000031,Maximor Demo Corp,CUST-002,Helios Analytics,Mastercard,2025,7,33,305,False,239.03,23903,USD,US,US,Android,Ecommerce,False,False,stripe,2025-11-01
MX-100000032,Maximor Demo Corp,CUST-003,Acme Industrial,NexPay,2025,8,36,306,False,246.16,24616,USD,US,US,Windows,Ecommerce,False,False,stripe,2025-11-02
MX-100000033,Maximor Demo Corp,CUST-004,Brightline Media,GlobalCard,2025,9,39,307,False,253.29,25329,USD,US,US,MacOS,Ecommerce,False,False,stripe,2025-11-03
MX-100000034,Maximor Demo Corp,CUST-005,Quiet Harbor,Amex,2025,10,42,308,True,260.42,26042,USD,US,US,iOS,Ecommerce,False,False,stripe,2025-11-04
MX-100000035,Maximor Demo Corp,CUST-006,Pinnacle Retail,Visa,2025,11,45,309,False,267.55,26755,USD,US,US,Android,Ecommerce,False,False,adyen,2025-11-05
MX-100000036,Maximor Demo Corp,CUST-007,Atlas Robotics,Mastercard,2025,12,48,310,False,274.68,27468,USD,US,US,Windows,Ecommerce,False,False,stripe,2025-11-06
MX-100000037,Maximor Demo Corp,CUST-008,Lumen Labs,NexPay,2025,13,51,311,False,281.81,28181,USD,US,US,MacOS,Ecommerce,False,False,stripe,2025-11-07
MX-100000038,Maximor Demo Corp,CUST-009,Northstar LLC,GlobalCard,2025,14,54,312,False,288.94,28894,USD,US,US,iOS,Ecommerce,False,False,stripe,2025-11-08
MX-100000039,Maximor Demo Corp,CUST-010,Meridian Health,Amex,2025,15,57,313,False,296.07,29607,USD,US,US,Android,Ecommerce,False,False,stripe,2025-11-09
MX-100000040,Maximor Demo Corp,CUST-011,Beacon Biotech,Visa,2025,16,0,314,False,303.2,30320,USD,US,US,Windows,Ecommerce,False,False,adyen,2025-11-10
MX-100000041,Maximor Demo Corp,CUST-012,Copperline Logistics,Mastercard,2025,17,3,315,False,310.33,31033,USD,US,US,MacOS,Ecommerce,False,False,stripe,2025-11-11
MX-100000042,Maximor Demo Corp,CUST-013,Summit Civic,NexPay,2025,18,6,316,False,317.46,31746,USD,US,US,iOS,Ecommerce,False,False,stripe,2025-11-12
MX-100000043,Maximor Demo Corp,CUST-014,Redwood Clinics,GlobalCard,2025,19,9,317,False,324.59,32459,USD,US,US,Android,Ecommerce,False,False,stripe,2025-11-13
MX-100000044,Maximor Demo Corp,CUST-015,Ironclad Software,Amex,2025,20,12,318,False,331.72,33172,USD,US,US,Windows,Ecommerce,False,False,stripe,2025-11-14
MX-100000045,Maximor Demo Corp,CUST-001,Northwind Labs,Visa,2025,21,15,319,False,338.85,33885,USD,US,US,MacOS,Ecommerce,False,False,adyen,2025-11-15
MX-100000046,Maximor Demo Corp,CUST-002,Helios Analytics,Mastercard,2025,22,18,320,False,345.98,34598,USD,US,US,iOS,Ecommerce,False,False,stripe,2025-11-16
MX-100000047,Maximor Demo Corp,CUST-003,Acme Industrial,NexPay,2025,23,21,321,False,353.11,35311,USD,US,US,Android,Ecommerce,False,False,stripe,2025-11-17
MX-100000048,Maximor Demo Corp,CUST-004,Brightline Media,GlobalCard,2025,0,24,322,False,360.24,36024,USD,US,US,Windows,Ecommerce,False,False,stripe,2025-11-18
MX-100000049,Maximor Demo Corp,CUST-005,Quiet Harbor,Amex,2025,1,27,323,False,367.37,36737,USD,US,US,MacOS,Ecommerce,False,False,stripe,2025-11-19
MX-100000050,Maximor Demo Corp,CUST-006,Pinnacle Retail,Visa,2025,2,30,324,False,374.5,37450,USD,US,US,iOS,Ecommerce,False,False,adyen,2025-11-20
MX-100000051,Maximor Demo Corp,CUST-007,Atlas Robotics,Mastercard,2025,3,33,325,True,381.63,38163,USD,US,US,Android,Ecommerce,False,False,stripe,2025-11-21
MX-100000052,Maximor Demo Corp,CUST-008,Lumen Labs,NexPay,2025,4,36,326,False,388.76,38876,USD,US,US,Windows,Ecommerce,False,False,stripe,2025-11-22
MX-100000053,Maximor Demo Corp,CUST-009,Northstar LLC,GlobalCard,2025,5,39,327,False,395.89,39589,USD,US,US,MacOS,Ecommerce,False,False,stripe,2025-11-23
MX-100000054,Maximor Demo Corp,CUST-010,Meridian Health,Amex,2025,6,42,328,False,403.02,40302,USD,US,US,iOS,Ecommerce,False,False,stripe,2025-11-24
MX-100000055,Maximor Demo Corp,CUST-011,Beacon Biotech,Visa,2025,7,45,329,False,410.15,41015,USD,US,US,Android,Ecommerce,False,False,adyen,2025-11-25
MX-100000056,Maximor Demo Corp,CUST-012,Copperline Logistics,Mastercard,2025,8,48,330,False,417.28,41728,USD,US,US,Windows,Ecommerce,False,False,stripe,2025-11-26
MX-100000057,Maximor Demo Corp,CUST-013,Summit Civic,NexPay,2025,9,51,331,False,424.41,42441,USD,US,US,MacOS,Ecommerce,False,False,stripe,2025-11-27
MX-100000058,Maximor Demo Corp,CUST-014,Redwood Clinics,GlobalCard,2025,10,54,332,False,431.54,43154,USD,US,US,iOS,Ecommerce,False,False,stripe,2025-11-28
MX-100000059,Maximor Demo Corp,CUST-015,Ironclad Software,Amex,2025,11,57,333,False,18.67,1867,USD,US,US,Android,Ecommerce,False,False,stripe,2025-11-29
MX-100000060,Maximor Demo Corp,CUST-001,Northwind Labs,Visa,2025,12,0,334,False,25.8,2580,USD,US,US,Windows,Ecommerce,False,False,adyen,2025-11-30
MX-100000061,Maximor Demo Corp,CUST-002,Helios Analytics,Mastercard,2025,13,3,335,False,32.93,3293,USD,US,US,MacOS,Ecommerce,False,False,stripe,2025-12-01
MX-100000062,Maximor Demo Corp,CUST-003,Acme Industrial,NexPay,2025,14,6,336,False,40.06,4006,USD,US,US,iOS,Ecommerce,False,False,stripe,2025-12-02
MX-100000063,Maximor Demo Corp,CUST-004,Brightline Media,GlobalCard,2025,15,9,337,False,47.19,4719,USD,US,US,Android,Ecommerce,False,False,stripe,2025-12-03
MX-100000064,Maximor Demo Corp,CUST-005,Quiet Harbor,Amex,2025,16,12,338,False,54.32,5432,USD,US,US,Windows,Ecommerce,False,False,stripe,2025-12-04
MX-100000065,Maximor Demo Corp,CUST-006,Pinnacle Retail,Visa,2025,17,15,339,False,61.45,6145,USD,US,US,MacOS,Ecommerce,False,False,adyen,2025-12-05
MX-100000066,Maximor Demo Corp,CUST-007,Atlas Robotics,Mastercard,2025,18,18,340,False,68.58,6858,USD,US,US,iOS,Ecommerce,False,False,stripe,2025-12-06
MX-100000067,Maximor Demo Corp,CUST-008,Lumen Labs,NexPay,2025,19,21,341,False,75.71,7571,USD,US,US,Android,Ecommerce,False,False,stripe,2025-12-07
MX-100000068,Maximor Demo Corp,CUST-009,Northstar LLC,GlobalCard,2025,20,24,342,True,82.84,8284,USD,US,US,Windows,Ecommerce,False,False,stripe,2025-12-08
MX-100000069,Maximor Demo Corp,CUST-010,Meridian Health,Amex,2025,21,27,343,False,89.97,8997,USD,US,US,MacOS,Ecommerce,False,False,stripe,2025-12-09
MX-100000070,Maximor Demo Corp,CUST-011,Beacon Biotech,Visa,2025,22,30,344,False,97.1,9710,USD,US,US,iOS,Ecommerce,False,False,adyen,2025-12-10
MX-100000071,Maximor Demo Corp,CUST-012,Copperline Logistics,Mastercard,2025,23,33,345,False,104.23,10423,USD,US,US,Android,Ecommerce,False,False,stripe,2025-12-11
MX-100000072,Maximor Demo Corp,CUST-013,Summit Civic,NexPay,2025,0,36,346,False,111.36,11136,USD,US,US,Windows,Ecommerce,False,False,stripe,2025-12-12
MX-100000073,Maximor Demo Corp,CUST-014,Redwood Clinics,GlobalCard,2025,1,39,347,False,118.49,11849,USD,US,US,MacOS,Ecommerce,False,False,stripe,2025-12-13
MX-100000074,Maximor Demo Corp,CUST-015,Ironclad Software,Amex,2025,2,42,348,False,125.62,12562,USD,US,US,iOS,Ecommerce,False,False,stripe,2025-12-14
MX-100000075,Maximor Demo Corp,CUST-001,Northwind Labs,Visa,2025,3,45,349,False,132.75,13275,USD,US,US,Android,Ecommerce,False,False,adyen,2025-12-15
MX-100000076,Maximor Demo Corp,CUST-002,Helios Analytics,Mastercard,2025,4,48,350,False,139.88,13988,USD,US,US,Windows,Ecommerce,False,False,stripe,2025-12-16
MX-100000077,Maximor Demo Corp,CUST-003,Acme Industrial,NexPay,2025,5,51,351,False,147.01,14701,USD,US,US,MacOS,Ecommerce,False,False,stripe,2025-12-17
MX-100000078,Maximor Demo Corp,CUST-004,Brightline Media,GlobalCard,2025,6,54,352,False,154.14,15414,USD,US,US,iOS,Ecommerce,False,False,stripe,2025-12-18
MX-100000079,Maximor Demo Corp,CUST-005,Quiet Harbor,Amex,2025,7,57,353,False,161.27,16127,USD,US,US,Android,Ecommerce,False,False,stripe,2025-12-19
MX-100000080,Maximor Demo Corp,CUST-006,Pinnacle Retail,Visa,2025,8,0,354,False,168.4,16840,USD,US,US,Windows,Ecommerce,False,False,adyen,2025-12-20
MX-100000081,Maximor Demo Corp,CUST-007,Atlas Robotics,Mastercard,2025,9,3,355,False,175.53,17553,USD,US,US,MacOS,Ecommerce,False,False,stripe,2025-12-21
MX-100000082,Maximor Demo Corp,CUST-008,Lumen Labs,NexPay,2025,10,6,356,False,182.66,18266,USD,US,US,iOS,Ecommerce,False,False,stripe,2025-12-22
MX-100000083,Maximor Demo Corp,CUST-009,Northstar LLC,GlobalCard,2025,11,9,357,False,189.79,18979,USD,US,US,Android,Ecommerce,False,False,stripe,2025-12-23
MX-100000084,Maximor Demo Corp,CUST-010,Meridian Health,Amex,2025,12,12,358,False,196.92,19692,USD,US,US,Windows,Ecommerce,False,False,stripe,2025-12-24
MX-100000085,Maximor Demo Corp,CUST-011,Beacon Biotech,Visa,2025,13,15,359,True,204.05,20405,USD,US,US,MacOS,Ecommerce,False,False,adyen,2025-12-25
MX-100000086,Maximor Demo Corp,CUST-012,Copperline Logistics,Mastercard,2025,14,18,360,False,211.18,21118,USD,US,US,iOS,Ecommerce,False,False,stripe,2025-12-26
MX-100000087,Maximor Demo Corp,CUST-013,Summit Civic,NexPay,2025,15,21,361,False,218.31,21831,USD,US,US,Android,Ecommerce,False,False,stripe,2025-12-27
MX-100000088,Maximor Demo Corp,CUST-014,Redwood Clinics,GlobalCard,2025,16,24,362,False,225.44,22544,USD,US,US,Windows,Ecommerce,False,False,stripe,2025-12-28
MX-100000089,Maximor Demo Corp,CUST-015,Ironclad Software,Amex,2025,17,27,363,False,232.57,23257,USD,US,US,MacOS,Ecommerce,False,False,stripe,2025-12-29
MX-100000090,Maximor Demo Corp,CUST-001,Northwind Labs,Visa,2025,18,30,364,False,239.7,23970,USD,US,US,iOS,Ecommerce,False,False,adyen,2025-12-30
MX-100000091,Maximor Demo Corp,CUST-002,Helios Analytics,Mastercard,2025,19,33,365,False,246.83,24683,USD,US,US,Android,Ecommerce,False,False,stripe,2025-12-31
MX-100000092,Maximor Demo Corp,CUST-003,Acme Industrial,NexPay,2026,20,36,1,False,253.96,25396,USD,US,US,Windows,Ecommerce,False,False,stripe,2026-01-01
MX-100000093,Maximor Demo Corp,CUST-004,Brightline Media,GlobalCard,2026,21,39,2,False,261.09,26109,USD,US,US,MacOS,Ecommerce,False,False,stripe,2026-01-02
MX-100000094,Maximor Demo Corp,CUST-005,Quiet Harbor,Amex,2026,22,42,3,False,268.22,26822,USD,US,US,iOS,Ecommerce,False,False,stripe,2026-01-03
MX-100000095,Maximor Demo Corp,CUST-006,Pinnacle Retail,Visa,2026,23,45,4,False,275.35,27535,USD,US,US,Android,Ecommerce,False,False,adyen,2026-01-04
MX-100000096,Maximor Demo Corp,CUST-007,Atlas Robotics,Mastercard,2026,0,48,5,False,282.48,28248,USD,US,US,Windows,Ecommerce,False,False,stripe,2026-01-05
MX-100000097,Maximor Demo Corp,CUST-008,Lumen Labs,NexPay,2026,1,51,6,False,289.61,28961,USD,US,US,MacOS,Ecommerce,False,False,stripe,2026-01-06
MX-100000098,Maximor Demo Corp,CUST-009,Northstar LLC,GlobalCard,2026,2,54,7,False,296.74,29674,USD,US,US,iOS,Ecommerce,False,False,stripe,2026-01-07
MX-100000099,Maximor Demo Corp,CUST-010,Meridian Health,Amex,2026,3,57,8,False,303.87,30387,USD,US,US,Android,Ecommerce,False,False,stripe,2026-01-08
MX-100000100,Maximor Demo Corp,CUST-011,Beacon Biotech,Visa,2026,4,0,9,False,311.0,31100,USD,US,US,Windows,Ecommerce,False,False,adyen,2026-01-09
MX-100000101,Maximor Demo Corp,CUST-012,Copperline Logistics,Mastercard,2026,5,3,10,False,318.13,31813,USD,US,US,MacOS,Ecommerce,False,False,stripe,2026-01-10
MX-100000102,Maximor Demo Corp,CUST-013,Summit Civic,NexPay,2026,6,6,11,True,325.26,32526,USD,US,US,iOS,Ecommerce,False,False,stripe,2026-01-11
MX-100000103,Maximor Demo Corp,CUST-014,Redwood Clinics,GlobalCard,2026,7,9,12,False,332.39,33239,USD,US,US,Android,Ecommerce,False,False,stripe,2026-01-12
MX-100000104,Maximor Demo Corp,CUST-015,Ironclad Software,Amex,2026,8,12,13,False,339.52,33952,USD,US,US,Windows,Ecommerce,False,False,stripe,2026-01-13
MX-100000105,Maximor Demo Corp,CUST-001,Northwind Labs,Visa,2026,9,15,14,False,346.65,34665,USD,US,US,MacOS,Ecommerce,False,False,adyen,2026-01-14
MX-100000106,Maximor Demo Corp,CUST-002,Helios Analytics,Mastercard,2026,10,18,15,False,353.78,35378,USD,US,US,iOS,Ecommerce,False,False,stripe,2026-01-15
MX-100000107,Maximor Demo Corp,CUST-003,Acme Industrial,NexPay,2026,11,21,16,False,360.91,36091,USD,US,US,Android,Ecommerce,False,False,stripe,2026-01-16
MX-100000108,Maximor Demo Corp,CUST-004,Brightline Media,GlobalCard,2026,12,24,17,False,368.04,36804,USD,US,US,Windows,Ecommerce,False,False,stripe,2026-01-17
MX-100000109,Maximor Demo Corp,CUST-005,Quiet Harbor,Amex,2026,13,27,18,False,375.17,37517,USD,US,US,MacOS,Ecommerce,False,False,stripe,2026-01-18
MX-100000110,Maximor Demo Corp,CUST-006,Pinnacle Retail,Visa,2026,14,30,19,False,382.3,38230,USD,US,US,iOS,Ecommerce,False,False,adyen,2026-01-19
MX-100000111,Maximor Demo Corp,CUST-007,Atlas Robotics,Mastercard,2026,15,33,20,False,389.43,38943,USD,US,US,Android,Ecommerce,False,False,stripe,2026-01-20
MX-100000112,Maximor Demo Corp,CUST-008,Lumen Labs,NexPay,2026,16,36,21,False,396.56,39656,USD,US,US,Windows,Ecommerce,False,False,stripe,2026-01-21
MX-100000113,Maximor Demo Corp,CUST-009,Northstar LLC,GlobalCard,2026,17,39,22,False,403.69,40369,USD,US,US,MacOS,Ecommerce,False,False,stripe,2026-01-22
MX-100000114,Maximor Demo Corp,CUST-010,Meridian Health,Amex,2026,18,42,23,False,410.82,41082,USD,US,US,iOS,Ecommerce,False,False,stripe,2026-01-23
MX-100000115,Maximor Demo Corp,CUST-011,Beacon Biotech,Visa,2026,19,45,24,False,417.95,41795,USD,US,US,Android,Ecommerce,False,False,adyen,2026-01-24
MX-100000116,Maximor Demo Corp,CUST-012,Copperline Logistics,Mastercard,2026,20,48,25,False,425.08,42508,USD,US,US,Windows,Ecommerce,False,False,stripe,2026-01-25
MX-100000117,Maximor Demo Corp,CUST-013,Summit Civic,NexPay,2026,21,51,26,False,432.21,43221,USD,US,US,MacOS,Ecommerce,False,False,stripe,2026-01-26
MX-100000118,Maximor Demo Corp,CUST-014,Redwood Clinics,GlobalCard,2026,22,54,27,False,19.34,1934,USD,US,US,iOS,Ecommerce,False,False,stripe,2026-01-27
MX-100000119,Maximor Demo Corp,CUST-015,Ironclad Software,Amex,2026,23,57,28,True,26.47,2647,USD,US,US,Android,Ecommerce,False,False,stripe,2026-01-28
MX-100000120,Maximor Demo Corp,CUST-001,Northwind Labs,Visa,2026,0,0,29,False,33.6,3360,USD,US,US,Windows,Ecommerce,False,False,adyen,2026-01-29
MX-100000121,Maximor Demo Corp,CUST-002,Helios Analytics,Mastercard,2026,1,3,30,False,40.73,4073,USD,US,US,MacOS,Ecommerce,False,False,stripe,2026-01-30
MX-100000122,Maximor Demo Corp,CUST-003,Acme Industrial,NexPay,2026,2,6,31,False,47.86,4786,USD,US,US,iOS,Ecommerce,False,False,stripe,2026-01-31
MX-100000123,Maximor Demo Corp,CUST-004,Brightline Media,GlobalCard,2026,3,9,32,False,54.99,5499,USD,US,US,Android,Ecommerce,False,False,stripe,2026-02-01
MX-100000124,Maximor Demo Corp,CUST-005,Quiet Harbor,Amex,2026,4,12,33,False,62.12,6212,USD,US,US,Windows,Ecommerce,False,False,stripe,2026-02-02
MX-100000125,Maximor Demo Corp,CUST-006,Pinnacle Retail,Visa,2026,5,15,34,False,69.25,6925,USD,US,US,MacOS,Ecommerce,False,False,adyen,2026-02-03
MX-100000126,Maximor Demo Corp,CUST-007,Atlas Robotics,Mastercard,2026,6,18,35,False,76.38,7638,USD,US,US,iOS,Ecommerce,False,False,stripe,2026-02-04
MX-100000127,Maximor Demo Corp,CUST-008,Lumen Labs,NexPay,2026,7,21,36,False,83.51,8351,USD,US,US,Android,Ecommerce,False,False,stripe,2026-02-05
MX-100000128,Maximor Demo Corp,CUST-009,Northstar LLC,GlobalCard,2026,8,24,37,False,90.64,9064,USD,US,US,Windows,Ecommerce,False,False,stripe,2026-02-06
MX-100000129,Maximor Demo Corp,CUST-010,Meridian Health,Amex,2026,9,27,38,False,97.77,9777,USD,US,US,MacOS,Ecommerce,False,False,stripe,2026-02-07
MX-100000130,Maximor Demo Corp,CUST-011,Beacon Biotech,Visa,2026,10,30,39,False,104.9,10490,USD,US,US,iOS,Ecommerce,False,False,adyen,2026-02-08
MX-100000131,Maximor Demo Corp,CUST-012,Copperline Logistics,Mastercard,2026,11,33,40,False,112.03,11203,USD,US,US,Android,Ecommerce,False,False,stripe,2026-02-09
MX-100000132,Maximor Demo Corp,CUST-013,Summit Civic,NexPay,2026,12,36,41,False,119.16,11916,USD,US,US,Windows,Ecommerce,False,False,stripe,2026-02-10
MX-100000133,Maximor Demo Corp,CUST-014,Redwood Clinics,GlobalCard,2026,13,39,42,False,126.29,12629,USD,US,US,MacOS,Ecommerce,False,False,stripe,2026-02-11
MX-100000134,Maximor Demo Corp,CUST-015,Ironclad Software,Amex,2026,14,42,43,False,133.42,13342,USD,US,US,iOS,Ecommerce,False,False,stripe,2026-02-12
MX-100000135,Maximor Demo Corp,CUST-001,Northwind Labs,Visa,2026,15,45,44,False,140.55,14055,USD,US,US,Android,Ecommerce,False,False,adyen,2026-02-13
MX-100000136,Maximor Demo Corp,CUST-002,Helios Analytics,Mastercard,2026,16,48,45,True,147.68,14768,USD,US,US,Windows,Ecommerce,False,False,stripe,2026-02-14
MX-100000137,Maximor Demo Corp,CUST-003,Acme Industrial,NexPay,2026,17,51,46,False,154.81,15481,USD,US,US,MacOS,Ecommerce,False,False,stripe,2026-02-15
MX-100000138,Maximor Demo Corp,CUST-004,Brightline Media,GlobalCard,2026,18,54,47,False,161.94,16194,USD,US,US,iOS,Ecommerce,False,False,stripe,2026-02-16
MX-100000139,Maximor Demo Corp,CUST-005,Quiet Harbor,Amex,2026,19,57,48,False,169.07,16907,USD,US,US,Android,Ecommerce,False,False,stripe,2026-02-17
MX-100000140,Maximor Demo Corp,CUST-006,Pinnacle Retail,Visa,2026,20,0,49,False,176.2,17620,USD,US,US,Windows,Ecommerce,False,False,adyen,2026-02-18
MX-100000141,Maximor Demo Corp,CUST-007,Atlas Robotics,Mastercard,2026,21,3,50,False,183.33,18333,USD,US,US,MacOS,Ecommerce,False,False,stripe,2026-02-19
MX-100000142,Maximor Demo Corp,CUST-008,Lumen Labs,NexPay,2026,22,6,51,False,190.46,19046,USD,US,US,iOS,Ecommerce,False,False,stripe,2026-02-20
MX-100000143,Maximor Demo Corp,CUST-009,Northstar LLC,GlobalCard,2026,23,9,52,False,197.59,19759,USD,US,US,Android,Ecommerce,False,False,stripe,2026-02-21
MX-100000144,Maximor Demo Corp,CUST-010,Meridian Health,Amex,2026,0,12,53,False,204.72,20472,USD,US,US,Windows,Ecommerce,False,False,stripe,2026-02-22
MX-100000145,Maximor Demo Corp,CUST-011,Beacon Biotech,Visa,2026,1,15,54,False,211.85,21185,USD,US,US,MacOS,Ecommerce,False,False,adyen,2026-02-23
MX-100000146,Maximor Demo Corp,CUST-012,Copperline Logistics,Mastercard,2026,2,18,55,False,218.98,21898,USD,US,US,iOS,Ecommerce,False,False,stripe,2026-02-24
MX-100000147,Maximor Demo Corp,CUST-013,Summit Civic,NexPay,2026,3,21,56,False,226.11,22611,USD,US,US,Android,Ecommerce,False,False,stripe,2026-02-25
MX-100000148,Maximor Demo Corp,CUST-014,Redwood Clinics,GlobalCard,2026,4,24,57,False,233.24,23324,USD,US,US,Windows,Ecommerce,False,False,stripe,2026-02-26
MX-100000149,Maximor Demo Corp,CUST-015,Ironclad Software,Amex,2026,5,27,58,False,240.37,24037,USD,US,US,MacOS,Ecommerce,False,False,stripe,2026-02-27
MX-100000150,Maximor Demo Corp,CUST-001,Northwind Labs,Visa,2026,6,30,59,False,247.5,24750,USD,US,US,iOS,Ecommerce,False,False,adyen,2026-02-28
MX-100000151,Maximor Demo Corp,CUST-002,Helios Analytics,Mastercard,2026,7,33,60,False,254.63,25463,USD,US,US,Android,Ecommerce,False,False,stripe,2026-03-01
MX-100000152,Maximor Demo Corp,CUST-003,Acme Industrial,NexPay,2026,8,36,61,False,261.76,26176,USD,US,US,Windows,Ecommerce,False,False,stripe,2026-03-02
MX-100000153,Maximor Demo Corp,CUST-004,Brightline Media,GlobalCard,2026,9,39,62,True,268.89,26889,USD,US,US,MacOS,Ecommerce,False,False,stripe,2026-03-03
MX-100000154,Maximor Demo Corp,CUST-005,Quiet Harbor,Amex,2026,10,42,63,False,276.02,27602,USD,US,US,iOS,Ecommerce,False,False,stripe,2026-03-04
MX-100000155,Maximor Demo Corp,CUST-006,Pinnacle Retail,Visa,2026,11,45,64,False,283.15,28315,USD,US,US,Android,Ecommerce,False,False,adyen,2026-03-05
MX-100000156,Maximor Demo Corp,CUST-007,Atlas Robotics,Mastercard,2026,12,48,65,False,290.28,29028,USD,US,US,Windows,Ecommerce,False,False,stripe,2026-03-06
MX-100000157,Maximor Demo Corp,CUST-008,Lumen Labs,NexPay,2026,13,51,66,False,297.41,29741,USD,US,US,MacOS,Ecommerce,False,False,stripe,2026-03-07
MX-100000158,Maximor Demo Corp,CUST-009,Northstar LLC,GlobalCard,2026,14,54,67,False,304.54,30454,USD,US,US,iOS,Ecommerce,False,False,stripe,2026-03-08
MX-100000159,Maximor Demo Corp,CUST-010,Meridian Health,Amex,2026,15,57,68,False,311.67,31167,USD,US,US,Android,Ecommerce,False,False,stripe,2026-03-09
MX-100000160,Maximor Demo Corp,CUST-011,Beacon Biotech,Visa,2026,16,0,69,False,318.8,31880,USD,US,US,Windows,Ecommerce,False,False,adyen,2026-03-10
MX-100000161,Maximor Demo Corp,CUST-012,Copperline Logistics,Mastercard,2026,17,3,70,False,325.93,32593,USD,US,US,MacOS,Ecommerce,False,False,stripe,2026-03-11
MX-100000162,Maximor Demo Corp,CUST-013,Summit Civic,NexPay,2026,18,6,71,False,333.06,33306,USD,US,US,iOS,Ecommerce,False,False,stripe,2026-03-12
MX-100000163,Maximor Demo Corp,CUST-014,Redwood Clinics,GlobalCard,2026,19,9,72,False,340.19,34019,USD,US,US,Android,Ecommerce,False,False,stripe,2026-03-13
MX-100000164,Maximor Demo Corp,CUST-015,Ironclad Software,Amex,2026,20,12,73,False,347.32,34732,USD,US,US,Windows,Ecommerce,False,False,stripe,2026-03-14
MX-100000165,Maximor Demo Corp,CUST-001,Northwind Labs,Visa,2026,21,15,74,False,354.45,35445,USD,US,US,MacOS,Ecommerce,False,False,adyen,2026-03-15
MX-100000166,Maximor Demo Corp,CUST-002,Helios Analytics,Mastercard,2026,22,18,75,False,361.58,36158,USD,US,US,iOS,Ecommerce,False,False,stripe,2026-03-16
MX-100000167,Maximor Demo Corp,CUST-003,Acme Industrial,NexPay,2026,23,21,76,False,368.71,36871,USD,US,US,Android,Ecommerce,False,False,stripe,2026-03-17
MX-100000168,Maximor Demo Corp,CUST-004,Brightline Media,GlobalCard,2026,0,24,77,False,375.84,37584,USD,US,US,Windows,Ecommerce,False,False,stripe,2026-03-18
MX-100000169,Maximor Demo Corp,CUST-005,Quiet Harbor,Amex,2026,1,27,78,False,382.97,38297,USD,US,US,MacOS,Ecommerce,False,False,stripe,2026-03-19
MX-100000170,Maximor Demo Corp,CUST-006,Pinnacle Retail,Visa,2026,2,30,79,True,390.1,39010,USD,US,US,iOS,Ecommerce,False,False,adyen,2026-03-20
MX-100000171,Maximor Demo Corp,CUST-007,Atlas Robotics,Mastercard,2026,3,33,80,False,397.23,39723,USD,US,US,Android,Ecommerce,False,False,stripe,2026-03-21
MX-100000172,Maximor Demo Corp,CUST-008,Lumen Labs,NexPay,2026,4,36,81,False,404.36,40436,USD,US,US,Windows,Ecommerce,False,False,stripe,2026-03-22
MX-100000173,Maximor Demo Corp,CUST-009,Northstar LLC,GlobalCard,2026,5,39,82,False,411.49,41149,USD,US,US,MacOS,Ecommerce,False,False,stripe,2026-03-23
MX-100000174,Maximor Demo Corp,CUST-010,Meridian Health,Amex,2026,6,42,83,False,418.62,41862,USD,US,US,iOS,Ecommerce,False,False,stripe,2026-03-24
MX-100000175,Maximor Demo Corp,CUST-011,Beacon Biotech,Visa,2026,7,45,84,False,425.75,42575,USD,US,US,Android,Ecommerce,False,False,adyen,2026-03-25
MX-100000176,Maximor Demo Corp,CUST-012,Copperline Logistics,Mastercard,2026,8,48,85,False,432.88,43288,USD,US,US,Windows,Ecommerce,False,False,stripe,2026-03-26
MX-100000177,Maximor Demo Corp,CUST-013,Summit Civic,NexPay,2026,9,51,86,False,20.01,2001,USD,US,US,MacOS,Ecommerce,False,False,stripe,2026-03-27
MX-100000178,Maximor Demo Corp,CUST-014,Redwood Clinics,GlobalCard,2026,10,54,87,False,27.14,2714,USD,US,US,iOS,Ecommerce,False,False,stripe,2026-03-28
MX-100000179,Maximor Demo Corp,CUST-015,Ironclad Software,Amex,2026,11,57,88,False,34.27,3427,USD,US,US,Android,Ecommerce,False,False,stripe,2026-03-29
MX-100000180,Maximor Demo Corp,CUST-001,Northwind Labs,Visa,2026,12,0,89,False,41.4,4140,USD,US,US,Windows,Ecommerce,False,False,adyen,2026-03-30
MX-100000181,Maximor Demo Corp,CUST-002,Helios Analytics,Mastercard,2026,13,3,90,False,48.53,4853,USD,US,US,MacOS,Ecommerce,False,False,stripe,2026-03-31
MX-100000182,Maximor Demo Corp,CUST-003,Acme Industrial,NexPay,2026,14,6,91,False,55.66,5566,USD,US,US,iOS,Ecommerce,False,False,stripe,2026-04-01
MX-100000183,Maximor Demo Corp,CUST-004,Brightline Media,GlobalCard,2026,15,9,92,False,62.79,6279,USD,US,US,Android,Ecommerce,False,False,stripe,2026-04-02
MX-100000184,Maximor Demo Corp,CUST-005,Quiet Harbor,Amex,2026,16,12,93,False,69.92,6992,USD,US,US,Windows,Ecommerce,False,False,stripe,2026-04-03
MX-100000185,Maximor Demo Corp,CUST-006,Pinnacle Retail,Visa,2026,17,15,94,False,77.05,7705,USD,US,US,MacOS,Ecommerce,False,False,adyen,2026-04-04
MX-100000186,Maximor Demo Corp,CUST-007,Atlas Robotics,Mastercard,2026,18,18,95,False,84.18,8418,USD,US,US,iOS,Ecommerce,False,False,stripe,2026-04-05
MX-100000187,Maximor Demo Corp,CUST-008,Lumen Labs,NexPay,2026,19,21,96,True,91.31,9131,USD,US,US,Android,Ecommerce,False,False,stripe,2026-04-06
MX-100000188,Maximor Demo Corp,CUST-009,Northstar LLC,GlobalCard,2026,20,24,97,False,98.44,9844,USD,US,US,Windows,Ecommerce,False,False,stripe,2026-04-07
MX-100000189,Maximor Demo Corp,CUST-010,Meridian Health,Amex,2026,21,27,98,False,105.57,10557,USD,US,US,MacOS,Ecommerce,False,False,stripe,2026-04-08
MX-100000190,Maximor Demo Corp,CUST-011,Beacon Biotech,Visa,2026,22,30,99,False,112.7,11270,USD,US,US,iOS,Ecommerce,False,False,adyen,2026-04-09
MX-100000191,Maximor Demo Corp,CUST-012,Copperline Logistics,Mastercard,2026,23,33,100,False,119.83,11983,USD,US,US,Android,Ecommerce,False,False,stripe,2026-04-10
MX-100000192,Maximor Demo Corp,CUST-013,Summit Civic,NexPay,2026,0,36,101,False,126.96,12696,USD,US,US,Windows,Ecommerce,False,False,stripe,2026-04-11
MX-100000193,Maximor Demo Corp,CUST-014,Redwood Clinics,GlobalCard,2026,1,39,102,False,134.09,13409,USD,US,US,MacOS,Ecommerce,False,False,stripe,2026-04-12
MX-100000194,Maximor Demo Corp,CUST-015,Ironclad Software,Amex,2026,2,42,103,False,141.22,14122,USD,US,US,iOS,Ecommerce,False,False,stripe,2026-04-13
MX-100000195,Maximor Demo Corp,CUST-001,Northwind Labs,Visa,2026,3,45,104,False,148.35,14835,USD,US,US,Android,Ecommerce,False,False,adyen,2026-04-14
MX-100000196,Maximor Demo Corp,CUST-002,Helios Analytics,Mastercard,2026,4,48,105,False,155.48,15548,USD,US,US,Windows,Ecommerce,False,False,stripe,2026-04-15
MX-100000197,Maximor Demo Corp,CUST-003,Acme Industrial,NexPay,2026,5,51,106,False,162.61,16261,USD,US,US,MacOS,Ecommerce,False,False,stripe,2026-04-16
MX-100000198,Maximor Demo Corp,CUST-004,Brightline Media,GlobalCard,2026,6,54,107,False,169.74,16974,USD,US,US,iOS,Ecommerce,False,False,stripe,2026-04-17
MX-100000199,Maximor Demo Corp,CUST-005,Quiet Harbor,Amex,2026,7,57,108,False,176.87,17687,USD,US,US,Android,Ecommerce,False,False,stripe,2026-04-18
MX-100000200,Maximor Demo Corp,CUST-006,Pinnacle Retail,Visa,2026,8,0,109,False,184.0,18400,USD,US,US,Windows,Ecommerce,False,False,adyen,2026-04-19
MX-100000201,Maximor Demo Corp,CUST-007,Atlas Robotics,Mastercard,2026,9,3,110,False,191.13,19113,USD,US,US,MacOS,Ecommerce,False,False,stripe,2026-04-20
MX-100000202,Maximor Demo Corp,CUST-008,Lumen Labs,NexPay,2026,10,6,111,False,198.26,19826,USD,US,US,iOS,Ecommerce,False,False,stripe,2026-04-21
MX-100000203,Maximor Demo Corp,CUST-009,Northstar LLC,GlobalCard,2026,11,9,112,False,205.39,20539,USD,US,US,Android,Ecommerce,False,False,stripe,2026-04-22
MX-100000204,Maximor Demo Corp,CUST-010,Meridian Health,Amex,2026,12,12,113,True,212.52,21252,USD,US,US,Windows,Ecommerce,False,False,stripe,2026-04-23
MX-100000205,Maximor Demo Corp,CUST-011,Beacon Biotech,Visa,2026,13,15,114,False,219.65,21965,USD,US,US,MacOS,Ecommerce,False,False,adyen,2026-04-24
MX-100000206,Maximor Demo Corp,CUST-012,Copperline Logistics,Mastercard,2026,14,18,115,False,226.78,22678,USD,US,US,iOS,Ecommerce,False,False,stripe,2026-04-25
MX-100000207,Maximor Demo Corp,CUST-013,Summit Civic,NexPay,2026,15,21,116,False,233.91,23391,USD,US,US,Android,Ecommerce,False,False,stripe,2026-04-26
MX-100000208,Maximor Demo Corp,CUST-014,Redwood Clinics,GlobalCard,2026,16,24,117,False,241.04,24104,USD,US,US,Windows,Ecommerce,False,False,stripe,2026-04-27
MX-100000209,Maximor Demo Corp,CUST-015,Ironclad Software,Amex,2026,17,27,118,False,248.17,24817,USD,US,US,MacOS,Ecommerce,False,False,stripe,2026-04-28
MX-100000210,Maximor Demo Corp,CUST-001,Northwind Labs,Visa,2026,18,30,119,False,255.3,25530,USD,US,US,iOS,Ecommerce,False,False,adyen,2026-04-29
MX-100000211,Maximor Demo Corp,CUST-002,Helios Analytics,Mastercard,2026,19,33,120,False,262.43,26243,USD,US,US,Android,Ecommerce,False,False,stripe,2026-04-30
MX-100000212,Maximor Demo Corp,CUST-003,Acme Industrial,NexPay,2026,20,36,121,False,269.56,26956,USD,US,US,Windows,Ecommerce,False,False,stripe,2026-05-01
MX-100000213,Maximor Demo Corp,CUST-004,Brightline Media,GlobalCard,2026,21,39,122,False,276.69,27669,USD,US,US,MacOS,Ecommerce,False,False,stripe,2026-05-02
MX-100000214,Maximor Demo Corp,CUST-005,Quiet Harbor,Amex,2026,22,42,123,False,283.82,28382,USD,US,US,iOS,Ecommerce,False,False,stripe,2026-05-03
MX-100000215,Maximor Demo Corp,CUST-006,Pinnacle Retail,Visa,2026,23,45,124,False,290.95,29095,USD,US,US,Android,Ecommerce,False,False,adyen,2026-05-04
MX-100000216,Maximor Demo Corp,CUST-007,Atlas Robotics,Mastercard,2026,0,48,125,False,298.08,29808,USD,US,US,Windows,Ecommerce,False,False,stripe,2026-05-05
MX-100000217,Maximor Demo Corp,CUST-008,Lumen Labs,NexPay,2026,1,51,126,False,305.21,30521,USD,US,US,MacOS,Ecommerce,False,False,stripe,2026-05-06
MX-100000218,Maximor Demo Corp,CUST-009,Northstar LLC,GlobalCard,2026,2,54,127,False,312.34,31234,USD,US,US,iOS,Ecommerce,False,False,stripe,2026-05-07
MX-100000219,Maximor Demo Corp,CUST-010,Meridian Health,Amex,2026,3,57,128,False,319.47,31947,USD,US,US,Android,Ecommerce,False,False,stripe,2026-05-08
MX-100000220,Maximor Demo Corp,CUST-011,Beacon Biotech,Visa,2026,4,0,129,False,326.6,32660,USD,US,US,Windows,Ecommerce,False,False,adyen,2026-05-09
MX-100000221,Maximor Demo Corp,CUST-012,Copperline Logistics,Mastercard,2026,5,3,130,True,333.73,33373,USD,US,US,MacOS,Ecommerce,False,False,stripe,2026-05-10
MX-100000222,Maximor Demo Corp,CUST-013,Summit Civic,NexPay,2026,6,6,131,False,340.86,34086,USD,US,US,iOS,Ecommerce,False,False,stripe,2026-05-11
MX-100000223,Maximor Demo Corp,CUST-014,Redwood Clinics,GlobalCard,2026,7,9,132,False,347.99,34799,USD,US,US,Android,Ecommerce,False,False,stripe,2026-05-12
MX-100000224,Maximor Demo Corp,CUST-015,Ironclad Software,Amex,2026,8,12,133,False,355.12,35512,USD,US,US,Windows,Ecommerce,False,False,stripe,2026-05-13
MX-100000225,Maximor Demo Corp,CUST-001,Northwind Labs,Visa,2026,9,15,134,False,362.25,36225,USD,US,US,MacOS,Ecommerce,False,False,adyen,2026-05-14
MX-100000226,Maximor Demo Corp,CUST-002,Helios Analytics,Mastercard,2026,10,18,135,False,369.38,36938,USD,US,US,iOS,Ecommerce,False,False,stripe,2026-05-15
MX-100000227,Maximor Demo Corp,CUST-003,Acme Industrial,NexPay,2026,11,21,136,False,376.51,37651,USD,US,US,Android,Ecommerce,False,False,stripe,2026-05-16
MX-100000228,Maximor Demo Corp,CUST-004,Brightline Media,GlobalCard,2026,12,24,137,False,383.64,38364,USD,US,US,Windows,Ecommerce,False,False,stripe,2026-05-17
MX-100000229,Maximor Demo Corp,CUST-005,Quiet Harbor,Amex,2026,13,27,138,False,390.77,39077,USD,US,US,MacOS,Ecommerce,False,False,stripe,2026-05-18
MX-100000230,Maximor Demo Corp,CUST-006,Pinnacle Retail,Visa,2026,14,30,139,False,397.9,39790,USD,US,US,iOS,Ecommerce,False,False,adyen,2026-05-19
MX-100000231,Maximor Demo Corp,CUST-007,Atlas Robotics,Mastercard,2026,15,33,140,False,405.03,40503,USD,US,US,Android,Ecommerce,False,False,stripe,2026-05-20
MX-100000232,Maximor Demo Corp,CUST-008,Lumen Labs,NexPay,2026,16,36,141,False,412.16,41216,USD,US,US,Windows,Ecommerce,False,False,stripe,2026-05-21
MX-100000233,Maximor Demo Corp,CUST-009,Northstar LLC,GlobalCard,2026,17,39,142,False,419.29,41929,USD,US,US,MacOS,Ecommerce,False,False,stripe,2026-05-22
MX-100000234,Maximor Demo Corp,CUST-010,Meridian Health,Amex,2026,18,42,143,False,426.42,42642,USD,US,US,iOS,Ecommerce,False,False,stripe,2026-05-23
MX-100000235,Maximor Demo Corp,CUST-011,Beacon Biotech,Visa,2026,19,45,144,False,433.55,43355,USD,US,US,Android,Ecommerce,False,False,adyen,2026-05-24
MX-100000236,Maximor Demo Corp,CUST-012,Copperline Logistics,Mastercard,2026,20,48,145,False,20.68,2068,USD,US,US,Windows,Ecommerce,False,False,stripe,2026-05-25
MX-100000237,Maximor Demo Corp,CUST-013,Summit Civic,NexPay,2026,21,51,146,False,27.81,2781,USD,US,US,MacOS,Ecommerce,False,False,stripe,2026-05-26
MX-100000238,Maximor Demo Corp,CUST-014,Redwood Clinics,GlobalCard,2026,22,54,147,True,34.94,3494,USD,US,US,iOS,Ecommerce,False,False,stripe,2026-05-27
MX-100000239,Maximor Demo Corp,CUST-015,Ironclad Software,Amex,2026,23,57,148,False,42.07,4207,USD,US,US,Android,Ecommerce,False,False,stripe,2026-05-28
MX-100000240,Maximor Demo Corp,CUST-001,Northwind Labs,Visa,2026,0,0,149,False,49.2,4920,USD,US,US,Windows,Ecommerce,False,False,adyen,2026-05-29
MX-100000241,Maximor Demo Corp,CUST-002,Helios Analytics,Mastercard,2026,1,3,150,False,56.33,5633,USD,US,US,MacOS,Ecommerce,False,False,stripe,2026-05-30
MX-100000242,Maximor Demo Corp,CUST-003,Acme Industrial,NexPay,2026,2,6,151,False,63.46,6346,USD,US,US,iOS,Ecommerce,False,False,stripe,2026-05-31
MX-100000243,Maximor Demo Corp,CUST-004,Brightline Media,GlobalCard,2026,3,9,152,False,70.59,7059,USD,US,US,Android,Ecommerce,False,False,stripe,2026-06-01
MX-100000244,Maximor Demo Corp,CUST-005,Quiet Harbor,Amex,2026,4,12,153,False,77.72,7772,USD,US,US,Windows,Ecommerce,False,False,stripe,2026-06-02
MX-100000245,Maximor Demo Corp,CUST-006,Pinnacle Retail,Visa,2026,5,15,154,False,84.85,8485,USD,US,US,MacOS,Ecommerce,False,False,adyen,2026-06-03
MX-100000246,Maximor Demo Corp,CUST-007,Atlas Robotics,Mastercard,2026,6,18,155,False,91.98,9198,USD,US,US,iOS,Ecommerce,False,False,stripe,2026-06-04
MX-100000247,Maximor Demo Corp,CUST-008,Lumen Labs,NexPay,2026,7,21,156,False,99.11,9911,USD,US,US,Android,Ecommerce,False,False,stripe,2026-06-05
MX-100000248,Maximor Demo Corp,CUST-009,Northstar LLC,GlobalCard,2026,8,24,157,False,106.24,10624,USD,US,US,Windows,Ecommerce,False,False,stripe,2026-06-06
MX-100000249,Maximor Demo Corp,CUST-010,Meridian Health,Amex,2026,9,27,158,False,113.37,11337,USD,US,US,MacOS,Ecommerce,False,False,stripe,2026-06-07
MX-100000250,Maximor Demo Corp,CUST-011,Beacon Biotech,Visa,2026,10,30,159,False,120.5,12050,USD,US,US,iOS,Ecommerce,False,False,adyen,2026-06-08
MX-100000251,Maximor Demo Corp,CUST-012,Copperline Logistics,Mastercard,2026,11,33,160,False,127.63,12763,USD,US,US,Android,Ecommerce,False,False,stripe,2026-06-09
MX-100000252,Maximor Demo Corp,CUST-013,Summit Civic,NexPay,2026,12,36,161,False,134.76,13476,USD,US,US,Windows,Ecommerce,False,False,stripe,2026-06-10
MX-100000253,Maximor Demo Corp,CUST-014,Redwood Clinics,GlobalCard,2026,13,39,162,False,141.89,14189,USD,US,US,MacOS,Ecommerce,False,False,stripe,2026-06-11
MX-100000254,Maximor Demo Corp,CUST-015,Ironclad Software,Amex,2026,14,42,163,False,149.02,14902,USD,US,US,iOS,Ecommerce,False,False,stripe,2026-06-12
MX-100000255,Maximor Demo Corp,CUST-001,Northwind Labs,Visa,2026,15,45,164,True,156.15,15615,USD,US,US,Android,Ecommerce,False,False,adyen,2026-06-13
MX-100000256,Maximor Demo Corp,CUST-002,Helios Analytics,Mastercard,2026,16,48,165,False,163.28,16328,USD,US,US,Windows,Ecommerce,False,False,stripe,2026-06-14
MX-100000257,Maximor Demo Corp,CUST-003,Acme Industrial,NexPay,2026,17,51,166,False,170.41,17041,USD,US,US,MacOS,Ecommerce,False,False,stripe,2026-06-15
MX-100000258,Maximor Demo Corp,CUST-004,Brightline Media,GlobalCard,2026,18,54,167,False,177.54,17754,USD,US,US,iOS,Ecommerce,False,False,stripe,2026-06-16
MX-100000259,Maximor Demo Corp,CUST-005,Quiet Harbor,Amex,2026,19,57,168,False,184.67,18467,USD,US,US,Android,Ecommerce,False,False,stripe,2026-06-17
MX-100000260,Maximor Demo Corp,CUST-006,Pinnacle Retail,Visa,2026,20,0,169,False,191.8,19180,USD,US,US,Windows,Ecommerce,False,False,adyen,2026-06-18
MX-100000261,Maximor Demo Corp,CUST-007,Atlas Robotics,Mastercard,2026,21,3,170,False,198.93,19893,USD,US,US,MacOS,Ecommerce,False,False,stripe,2026-06-19
MX-100000262,Maximor Demo Corp,CUST-008,Lumen Labs,NexPay,2026,22,6,171,False,206.06,20606,USD,US,US,iOS,Ecommerce,False,False,stripe,2026-06-20
MX-100000263,Maximor Demo Corp,CUST-009,Northstar LLC,GlobalCard,2026,23,9,172,False,213.19,21319,USD,US,US,Android,Ecommerce,False,False,stripe,2026-06-21
MX-100000264,Maximor Demo Corp,CUST-010,Meridian Health,Amex,2026,0,12,173,False,220.32,22032,USD,US,US,Windows,Ecommerce,False,False,stripe,2026-06-22
MX-100000265,Maximor Demo Corp,CUST-011,Beacon Biotech,Visa,2026,1,15,174,False,227.45,22745,USD,US,US,MacOS,Ecommerce,False,False,adyen,2026-06-23
MX-100000266,Maximor Demo Corp,CUST-012,Copperline Logistics,Mastercard,2026,2,18,175,False,234.58,23458,USD,US,US,iOS,Ecommerce,False,False,stripe,2026-06-24
MX-100000267,Maximor Demo Corp,CUST-013,Summit Civic,NexPay,2026,3,21,176,False,241.71,24171,USD,US,US,Android,Ecommerce,False,False,stripe,2026-06-25
MX-100000268,Maximor Demo Corp,CUST-014,Redwood Clinics,GlobalCard,2026,4,24,177,False,248.84,24884,USD,US,US,Windows,Ecommerce,False,False,stripe,2026-06-26
MX-100000269,Maximor Demo Corp,CUST-015,Ironclad Software,Amex,2026,5,27,178,False,255.97,25597,USD,US,US,MacOS,Ecommerce,False,False,stripe,2026-06-27
MX-100000270,Maximor Demo Corp,CUST-001,Northwind Labs,Visa,2026,6,30,179,False,263.1,26310,USD,US,US,iOS,Ecommerce,False,False,adyen,2026-06-28
MX-100000271,Maximor Demo Corp,CUST-002,Helios Analytics,Mastercard,2026,7,33,180,False,270.23,27023,USD,US,US,Android,Ecommerce,False,False,stripe,2026-06-29
MX-100000272,Maximor Demo Corp,CUST-003,Acme Industrial,NexPay,2026,8,36,181,True,277.36,27736,USD,US,US,Windows,Ecommerce,False,False,stripe,2026-06-30
MX-100000273,Maximor Demo Corp,CUST-004,Brightline Media,GlobalCard,2026,9,39,182,False,284.49,28449,USD,US,US,MacOS,Ecommerce,False,False,stripe,2026-07-01
MX-100000274,Maximor Demo Corp,CUST-005,Quiet Harbor,Amex,2026,10,42,183,False,291.62,29162,USD,US,US,iOS,Ecommerce,False,False,stripe,2026-07-02
MX-100000275,Maximor Demo Corp,CUST-006,Pinnacle Retail,Visa,2026,11,45,184,False,298.75,29875,USD,US,US,Android,Ecommerce,False,False,adyen,2026-07-03
MX-100000276,Maximor Demo Corp,CUST-007,Atlas Robotics,Mastercard,2026,12,48,185,False,305.88,30588,USD,US,US,Windows,Ecommerce,False,False,stripe,2026-07-04
MX-100000277,Maximor Demo Corp,CUST-008,Lumen Labs,NexPay,2026,13,51,186,False,313.01,31301,USD,US,US,MacOS,Ecommerce,False,False,stripe,2026-07-05
MX-100000278,Maximor Demo Corp,CUST-009,Northstar LLC,GlobalCard,2026,14,54,187,False,320.14,32014,USD,US,US,iOS,Ecommerce,False,False,stripe,2026-07-06
MX-100000279,Maximor Demo Corp,CUST-010,Meridian Health,Amex,2026,15,57,188,False,327.27,32727,USD,US,US,Android,Ecommerce,False,False,stripe,2026-07-07
MX-100000280,Maximor Demo Corp,CUST-011,Beacon Biotech,Visa,2026,16,0,189,False,334.4,33440,USD,US,US,Windows,Ecommerce,False,False,adyen,2026-07-08
MX-100000281,Maximor Demo Corp,CUST-012,Copperline Logistics,Mastercard,2026,17,3,190,False,341.53,34153,USD,US,US,MacOS,Ecommerce,False,False,stripe,2026-07-09
MX-100000282,Maximor Demo Corp,CUST-013,Summit Civic,NexPay,2026,18,6,191,False,348.66,34866,USD,US,US,iOS,Ecommerce,False,False,stripe,2026-07-10
MX-100000283,Maximor Demo Corp,CUST-014,Redwood Clinics,GlobalCard,2026,19,9,192,False,355.79,35579,USD,US,US,Android,Ecommerce,False,False,stripe,2026-07-11
MX-100000284,Maximor Demo Corp,CUST-015,Ironclad Software,Amex,2026,20,12,193,False,362.92,36292,USD,US,US,Windows,Ecommerce,False,False,stripe,2026-07-12
MX-100000285,Maximor Demo Corp,CUST-001,Northwind Labs,Visa,2026,21,15,194,False,370.05,37005,USD,US,US,MacOS,Ecommerce,False,False,adyen,2026-07-13
MX-100000286,Maximor Demo Corp,CUST-002,Helios Analytics,Mastercard,2026,22,18,195,False,377.18,37718,USD,US,US,iOS,Ecommerce,False,False,stripe,2026-07-14
MX-100000287,Maximor Demo Corp,CUST-003,Acme Industrial,NexPay,2026,23,21,196,False,384.31,38431,USD,US,US,Android,Ecommerce,False,False,stripe,2026-07-15
MX-100000288,Maximor Demo Corp,CUST-004,Brightline Media,GlobalCard,2026,0,24,197,False,391.44,39144,USD,US,US,Windows,Ecommerce,False,False,stripe,2026-07-16
MX-100000289,Maximor Demo Corp,CUST-005,Quiet Harbor,Amex,2026,1,27,198,True,398.57,39857,USD,US,US,MacOS,Ecommerce,False,False,stripe,2026-07-17
MX-100000290,Maximor Demo Corp,CUST-006,Pinnacle Retail,Visa,2026,2,30,199,False,405.7,40570,USD,US,US,iOS,Ecommerce,False,False,adyen,2026-07-18
MX-100000291,Maximor Demo Corp,CUST-007,Atlas Robotics,Mastercard,2026,3,33,200,False,412.83,41283,USD,US,US,Android,Ecommerce,False,False,stripe,2026-07-19
MX-100000292,Maximor Demo Corp,CUST-008,Lumen Labs,NexPay,2026,4,36,201,False,419.96,41996,USD,US,US,Windows,Ecommerce,False,False,stripe,2026-07-20
MX-100000293,Maximor Demo Corp,CUST-009,Northstar LLC,GlobalCard,2026,5,39,202,False,427.09,42709,USD,US,US,MacOS,Ecommerce,False,False,stripe,2026-07-21
MX-100000294,Maximor Demo Corp,CUST-010,Meridian Health,Amex,2026,6,42,203,False,434.22,43422,USD,US,US,iOS,Ecommerce,False,False,stripe,2026-07-22
MX-100000295,Maximor Demo Corp,CUST-011,Beacon Biotech,Visa,2026,7,45,204,False,21.35,2135,USD,US,US,Android,Ecommerce,False,False,adyen,2026-07-23
MX-100000296,Maximor Demo Corp,CUST-012,Copperline Logistics,Mastercard,2026,8,48,205,False,28.48,2848,USD,US,US,Windows,Ecommerce,False,False,stripe,2026-07-24
MX-100000297,Maximor Demo Corp,CUST-013,Summit Civic,NexPay,2026,9,51,206,False,35.61,3561,USD,US,US,MacOS,Ecommerce,False,False,stripe,2026-07-25
MX-100000298,Maximor Demo Corp,CUST-014,Redwood Clinics,GlobalCard,2026,10,54,207,False,42.74,4274,USD,US,US,iOS,Ecommerce,False,False,stripe,2026-07-26
MX-100000299,Maximor Demo Corp,CUST-015,Ironclad Software,Amex,2026,11,57,208,False,49.87,4987,USD,US,US,Android,Ecommerce,False,False,stripe,2026-07-27
MX-100000300,Maximor Demo Corp,CUST-001,Northwind Labs,Visa,2026,12,0,209,False,57.0,5700,USD,US,US,Windows,Ecommerce,False,False,adyen,2026-07-28
MX-100000301,Maximor Demo Corp,CUST-002,Helios Analytics,Mastercard,2026,13,3,210,False,64.13,6413,USD,US,US,MacOS,Ecommerce,False,False,stripe,2026-07-29
MX-100000302,Maximor Demo Corp,CUST-003,Acme Industrial,NexPay,2026,14,6,211,False,71.26,7126,USD,US,US,iOS,Ecommerce,False,False,stripe,2026-07-30
MX-100000303,Maximor Demo Corp,CUST-004,Brightline Media,GlobalCard,2026,15,9,212,False,78.39,7839,USD,US,US,Android,Ecommerce,False,False,stripe,2026-07-31
MX-100000304,Maximor Demo Corp,CUST-005,Quiet Harbor,Amex,2026,16,12,213,False,85.52,8552,USD,US,US,Windows,Ecommerce,False,False,stripe,2026-08-01
MX-100000305,Maximor Demo Corp,CUST-006,Pinnacle Retail,Visa,2026,17,15,214,False,92.65,9265,USD,US,US,MacOS,Ecommerce,False,False,adyen,2026-08-02
MX-100000306,Maximor Demo Corp,CUST-007,Atlas Robotics,Mastercard,2026,18,18,215,True,99.78,9978,USD,US,US,iOS,Ecommerce,False,False,stripe,2026-08-03
MX-100000307,Maximor Demo Corp,CUST-008,Lumen Labs,NexPay,2026,19,21,216,False,106.91,10691,USD,US,US,Android,Ecommerce,False,False,stripe,2026-08-04
MX-100000308,Maximor Demo Corp,CUST-009,Northstar LLC,GlobalCard,2026,20,24,217,False,114.04,11404,USD,US,US,Windows,Ecommerce,False,False,stripe,2026-08-05
MX-100000309,Maximor Demo Corp,CUST-010,Meridian Health,Amex,2026,21,27,218,False,121.17,12117,USD,US,US,MacOS,Ecommerce,False,False,stripe,2026-08-06
MX-100000310,Maximor Demo Corp,CUST-011,Beacon Biotech,Visa,2026,22,30,219,False,128.3,12830,USD,US,US,iOS,Ecommerce,False,False,adyen,2026-08-07
MX-100000311,Maximor Demo Corp,CUST-012,Copperline Logistics,Mastercard,2026,23,33,220,False,135.43,13543,USD,US,US,Android,Ecommerce,False,False,stripe,2026-08-08
MX-100000312,Maximor Demo Corp,CUST-013,Summit Civic,NexPay,2026,0,36,221,False,142.56,14256,USD,US,US,Windows,Ecommerce,False,False,stripe,2026-08-09
MX-100000313,Maximor Demo Corp,CUST-014,Redwood Clinics,GlobalCard,2026,1,39,222,False,149.69,14969,USD,US,US,MacOS,Ecommerce,False,False,stripe,2026-08-10
MX-100000314,Maximor Demo Corp,CUST-015,Ironclad Software,Amex,2026,2,42,223,False,156.82,15682,USD,US,US,iOS,Ecommerce,False,False,stripe,2026-08-11
MX-100000315,Maximor Demo Corp,CUST-001,Northwind Labs,Visa,2026,3,45,224,False,163.95,16395,USD,US,US,Android,Ecommerce,False,False,adyen,2026-08-12
MX-100000316,Maximor Demo Corp,CUST-002,Helios Analytics,Mastercard,2026,4,48,225,False,171.08,17108,USD,US,US,Windows,Ecommerce,False,False,stripe,2026-08-13
MX-100000317,Maximor Demo Corp,CUST-003,Acme Industrial,NexPay,2026,5,51,226,False,178.21,17821,USD,US,US,MacOS,Ecommerce,False,False,stripe,2026-08-14
MX-100000318,Maximor Demo Corp,CUST-004,Brightline Media,GlobalCard,2026,6,54,227,False,185.34,18534,USD,US,US,iOS,Ecommerce,False,False,stripe,2026-08-15
MX-100000319,Maximor Demo Corp,CUST-005,Quiet Harbor,Amex,2026,7,57,228,False,192.47,19247,USD,US,US,Android,Ecommerce,False,False,stripe,2026-08-16
MX-100000320,Maximor Demo Corp,CUST-006,Pinnacle Retail,Visa,2026,8,0,229,False,199.6,19960,USD,US,US,Windows,Ecommerce,False,False,adyen,2026-08-17
MX-100000321,Maximor Demo Corp,CUST-007,Atlas Robotics,Mastercard,2026,9,3,230,False,206.73,20673,USD,US,US,MacOS,Ecommerce,False,False,stripe,2026-08-18
MX-100000322,Maximor Demo Corp,CUST-008,Lumen Labs,NexPay,2026,10,6,231,False,213.86,21386,USD,US,US,iOS,Ecommerce,False,False,stripe,2026-08-19
MX-100000323,Maximor Demo Corp,CUST-009,Northstar LLC,GlobalCard,2026,11,9,232,True,220.99,22099,USD,US,US,Android,Ecommerce,False,False,stripe,2026-08-20
MX-100000324,Maximor Demo Corp,CUST-010,Meridian Health,Amex,2026,12,12,233,False,228.12,22812,USD,US,US,Windows,Ecommerce,False,False,stripe,2026-08-21
MX-100000325,Maximor Demo Corp,CUST-011,Beacon Biotech,Visa,2026,13,15,234,False,235.25,23525,USD,US,US,MacOS,Ecommerce,False,False,adyen,2026-08-22
MX-100000326,Maximor Demo Corp,CUST-012,Copperline Logistics,Mastercard,2026,14,18,235,False,242.38,24238,USD,US,US,iOS,Ecommerce,False,False,stripe,2026-08-23
MX-100000327,Maximor Demo Corp,CUST-013,Summit Civic,NexPay,2026,15,21,236,False,249.51,24951,USD,US,US,Android,Ecommerce,False,False,stripe,2026-08-24
MX-100000328,Maximor Demo Corp,CUST-014,Redwood Clinics,GlobalCard,2026,16,24,237,False,256.64,25664,USD,US,US,Windows,Ecommerce,False,False,stripe,2026-08-25
MX-100000329,Maximor Demo Corp,CUST-015,Ironclad Software,Amex,2026,17,27,238,False,263.77,26377,USD,US,US,MacOS,Ecommerce,False,False,stripe,2026-08-26
MX-100000330,Maximor Demo Corp,CUST-001,Northwind Labs,Visa,2026,18,30,239,False,270.9,27090,USD,US,US,iOS,Ecommerce,False,False,adyen,2026-08-27
MX-100000331,Maximor Demo Corp,CUST-002,Helios Analytics,Mastercard,2026,19,33,240,False,278.03,27803,USD,US,US,Android,Ecommerce,False,False,stripe,2026-08-28
MX-100000332,Maximor Demo Corp,CUST-003,Acme Industrial,NexPay,2026,20,36,241,False,285.16,28516,USD,US,US,Windows,Ecommerce,False,False,stripe,2026-08-29
MX-100000333,Maximor Demo Corp,CUST-004,Brightline Media,GlobalCard,2026,21,39,242,False,292.29,29229,USD,US,US,MacOS,Ecommerce,False,False,stripe,2026-08-30
MX-100000334,Maximor Demo Corp,CUST-005,Quiet Harbor,Amex,2026,22,42,243,False,299.42,29942,USD,US,US,iOS,Ecommerce,False,False,stripe,2026-08-31
MX-100000335,Maximor Demo Corp,CUST-006,Pinnacle Retail,Visa,2026,23,45,244,False,306.55,30655,USD,US,US,Android,Ecommerce,False,False,adyen,2026-09-01
MX-100000336,Maximor Demo Corp,CUST-007,Atlas Robotics,Mastercard,2026,0,48,245,False,313.68,31368,USD,US,US,Windows,Ecommerce,False,False,stripe,2026-09-02
MX-100000337,Maximor Demo Corp,CUST-008,Lumen Labs,NexPay,2026,1,51,246,False,320.81,32081,USD,US,US,MacOS,Ecommerce,False,False,stripe,2026-09-03
MX-100000338,Maximor Demo Corp,CUST-009,Northstar LLC,GlobalCard,2026,2,54,247,False,327.94,32794,USD,US,US,iOS,Ecommerce,False,False,stripe,2026-09-04
MX-100000339,Maximor Demo Corp,CUST-010,Meridian Health,Amex,2026,3,57,248,False,335.07,33507,USD,US,US,Android,Ecommerce,False,False,stripe,2026-09-05
MX-100000340,Maximor Demo Corp,CUST-011,Beacon Biotech,Visa,2026,4,0,249,True,342.2,34220,USD,US,US,Windows,Ecommerce,False,False,adyen,2026-09-06
MX-100000341,Maximor Demo Corp,CUST-012,Copperline Logistics,Mastercard,2026,5,3,250,False,349.33,34933,USD,US,US,MacOS,Ecommerce,False,False,stripe,2026-09-07
MX-100000342,Maximor Demo Corp,CUST-013,Summit Civic,NexPay,2026,6,6,251,False,356.46,35646,USD,US,US,iOS,Ecommerce,False,False,stripe,2026-09-08
MX-100000343,Maximor Demo Corp,CUST-014,Redwood Clinics,GlobalCard,2026,7,9,252,False,363.59,36359,USD,US,US,Android,Ecommerce,False,False,stripe,2026-09-09
MX-100000344,Maximor Demo Corp,CUST-015,Ironclad Software,Amex,2026,8,12,253,False,370.72,37072,USD,US,US,Windows,Ecommerce,False,False,stripe,2026-09-10
MX-100000345,Maximor Demo Corp,CUST-001,Northwind Labs,Visa,2026,9,15,254,False,377.85,37785,USD,US,US,MacOS,Ecommerce,False,False,adyen,2026-09-11
MX-100000346,Maximor Demo Corp,CUST-002,Helios Analytics,Mastercard,2026,10,18,255,False,384.98,38498,USD,US,US,iOS,Ecommerce,False,False,stripe,2026-09-12
MX-100000347,Maximor Demo Corp,CUST-003,Acme Industrial,NexPay,2026,11,21,256,False,392.11,39211,USD,US,US,Android,Ecommerce,False,False,stripe,2026-09-13
MX-100000348,Maximor Demo Corp,CUST-004,Brightline Media,GlobalCard,2026,12,24,257,False,399.24,39924,USD,US,US,Windows,Ecommerce,False,False,stripe,2026-09-14
MX-100000349,Maximor Demo Corp,CUST-005,Quiet Harbor,Amex,2026,13,27,258,False,406.37,40637,USD,US,US,MacOS,Ecommerce,False,False,stripe,2026-09-15
MX-100000350,Maximor Demo Corp,CUST-006,Pinnacle Retail,Visa,2025,14,30,274,False,413.5,41350,USD,US,US,iOS,Ecommerce,False,False,adyen,2025-10-01
MX-100000351,Maximor Demo Corp,CUST-007,Atlas Robotics,Mastercard,2025,15,33,275,False,420.63,42063,USD,US,US,Android,Ecommerce,False,False,stripe,2025-10-02
MX-100000352,Maximor Demo Corp,CUST-008,Lumen Labs,NexPay,2025,16,36,276,False,427.76,42776,USD,US,US,Windows,Ecommerce,False,False,stripe,2025-10-03
MX-100000353,Maximor Demo Corp,CUST-009,Northstar LLC,GlobalCard,2025,17,39,277,False,434.89,43489,USD,US,US,MacOS,Ecommerce,False,False,stripe,2025-10-04
MX-100000354,Maximor Demo Corp,CUST-010,Meridian Health,Amex,2025,18,42,278,False,22.02,2202,USD,US,US,iOS,Ecommerce,False,False,stripe,2025-10-05
MX-100000355,Maximor Demo Corp,CUST-011,Beacon Biotech,Visa,2025,19,45,279,False,29.15,2915,USD,US,US,Android,Ecommerce,False,False,adyen,2025-10-06
MX-100000356,Maximor Demo Corp,CUST-012,Copperline Logistics,Mastercard,2025,20,48,280,False,36.28,3628,USD,US,US,Windows,Ecommerce,False,False,stripe,2025-10-07
MX-100000357,Maximor Demo Corp,CUST-013,Summit Civic,NexPay,2025,21,51,281,True,43.41,4341,USD,US,US,MacOS,Ecommerce,False,False,stripe,2025-10-08
MX-100000358,Maximor Demo Corp,CUST-014,Redwood Clinics,GlobalCard,2025,22,54,282,False,50.54,5054,USD,US,US,iOS,Ecommerce,False,False,stripe,2025-10-09
MX-100000359,Maximor Demo Corp,CUST-015,Ironclad Software,Amex,2025,23,57,283,False,57.67,5767,USD,US,US,Android,Ecommerce,False,False,stripe,2025-10-10
MX-100000360,Maximor Demo Corp,CUST-001,Northwind Labs,Visa,2025,0,0,284,False,64.8,6480,USD,US,US,Windows,Ecommerce,False,False,adyen,2025-10-11
MX-100000361,Maximor Demo Corp,CUST-002,Helios Analytics,Mastercard,2025,1,3,285,False,71.93,7193,USD,US,US,MacOS,Ecommerce,False,False,stripe,2025-10-12
MX-100000362,Maximor Demo Corp,CUST-003,Acme Industrial,NexPay,2025,2,6,286,False,79.06,7906,USD,US,US,iOS,Ecommerce,False,False,stripe,2025-10-13
MX-100000363,Maximor Demo Corp,CUST-004,Brightline Media,GlobalCard,2025,3,9,287,False,86.19,8619,USD,US,US,Android,Ecommerce,False,False,stripe,2025-10-14
MX-100000364,Maximor Demo Corp,CUST-005,Quiet Harbor,Amex,2025,4,12,288,False,93.32,9332,USD,US,US,Windows,Ecommerce,False,False,stripe,2025-10-15
MX-100000365,Maximor Demo Corp,CUST-006,Pinnacle Retail,Visa,2025,5,15,289,False,100.45,10045,USD,US,US,MacOS,Ecommerce,False,False,adyen,2025-10-16
MX-100000366,Maximor Demo Corp,CUST-007,Atlas Robotics,Mastercard,2025,6,18,290,False,107.58,10758,USD,US,US,iOS,Ecommerce,False,False,stripe,2025-10-17
MX-100000367,Maximor Demo Corp,CUST-008,Lumen Labs,NexPay,2025,7,21,291,False,114.71,11471,USD,US,US,Android,Ecommerce,False,False,stripe,2025-10-18
MX-100000368,Maximor Demo Corp,CUST-009,Northstar LLC,GlobalCard,2025,8,24,292,False,121.84,12184,USD,US,US,Windows,Ecommerce,False,False,stripe,2025-10-19
MX-100000369,Maximor Demo Corp,CUST-010,Meridian Health,Amex,2025,9,27,293,False,128.97,12897,USD,US,US,MacOS,Ecommerce,False,False,stripe,2025-10-20
MX-100000370,Maximor Demo Corp,CUST-011,Beacon Biotech,Visa,2025,10,30,294,False,136.1,13610,USD,US,US,iOS,Ecommerce,False,False,adyen,2025-10-21
MX-100000371,Maximor Demo Corp,CUST-012,Copperline Logistics,Mastercard,2025,11,33,295,False,143.23,14323,USD,US,US,Android,Ecommerce,False,False,stripe,2025-10-22
MX-100000372,Maximor Demo Corp,CUST-013,Summit Civic,NexPay,2025,12,36,296,False,150.36,15036,USD,US,US,Windows,Ecommerce,False,False,stripe,2025-10-23
MX-100000373,Maximor Demo Corp,CUST-014,Redwood Clinics,GlobalCard,2025,13,39,297,False,157.49,15749,USD,US,US,MacOS,Ecommerce,False,False,stripe,2025-10-24
MX-100000374,Maximor Demo Corp,CUST-015,Ironclad Software,Amex,2025,14,42,298,True,164.62,16462,USD,US,US,iOS,Ecommerce,False,False,stripe,2025-10-25
MX-100000375,Maximor Demo Corp,CUST-001,Northwind Labs,Visa,2025,15,45,299,False,171.75,17175,USD,US,US,Android,Ecommerce,False,False,adyen,2025-10-26
MX-100000376,Maximor Demo Corp,CUST-002,Helios Analytics,Mastercard,2025,16,48,300,False,178.88,17888,USD,US,US,Windows,Ecommerce,False,False,stripe,2025-10-27
MX-100000377,Maximor Demo Corp,CUST-003,Acme Industrial,NexPay,2025,17,51,301,False,186.01,18601,USD,US,US,MacOS,Ecommerce,False,False,stripe,2025-10-28
MX-100000378,Maximor Demo Corp,CUST-004,Brightline Media,GlobalCard,2025,18,54,302,False,193.14,19314,USD,US,US,iOS,Ecommerce,False,False,stripe,2025-10-29
MX-100000379,Maximor Demo Corp,CUST-005,Quiet Harbor,Amex,2025,19,57,303,False,200.27,20027,USD,US,US,Android,Ecommerce,False,False,stripe,2025-10-30
MX-100000380,Maximor Demo Corp,CUST-006,Pinnacle Retail,Visa,2025,20,0,304,False,207.4,20740,USD,US,US,Windows,Ecommerce,False,False,adyen,2025-10-31
MX-100000381,Maximor Demo Corp,CUST-007,Atlas Robotics,Mastercard,2025,21,3,305,False,214.53,21453,USD,US,US,MacOS,Ecommerce,False,False,stripe,2025-11-01
MX-100000382,Maximor Demo Corp,CUST-008,Lumen Labs,NexPay,2025,22,6,306,False,221.66,22166,USD,US,US,iOS,Ecommerce,False,False,stripe,2025-11-02
MX-100000383,Maximor Demo Corp,CUST-009,Northstar LLC,GlobalCard,2025,23,9,307,False,228.79,22879,USD,US,US,Android,Ecommerce,False,False,stripe,2025-11-03
MX-100000384,Maximor Demo Corp,CUST-010,Meridian Health,Amex,2025,0,12,308,False,235.92,23592,USD,US,US,Windows,Ecommerce,False,False,stripe,2025-11-04
MX-100000385,Maximor Demo Corp,CUST-011,Beacon Biotech,Visa,2025,1,15,309,False,243.05,24305,USD,US,US,MacOS,Ecommerce,False,False,adyen,2025-11-05
MX-100000386,Maximor Demo Corp,CUST-012,Copperline Logistics,Mastercard,2025,2,18,310,False,250.18,25018,USD,US,US,iOS,Ecommerce,False,False,stripe,2025-11-06
MX-100000387,Maximor Demo Corp,CUST-013,Summit Civic,NexPay,2025,3,21,311,False,257.31,25731,USD,US,US,Android,Ecommerce,False,False,stripe,2025-11-07
MX-100000388,Maximor Demo Corp,CUST-014,Redwood Clinics,GlobalCard,2025,4,24,312,False,264.44,26444,USD,US,US,Windows,Ecommerce,False,False,stripe,2025-11-08
MX-100000389,Maximor Demo Corp,CUST-015,Ironclad Software,Amex,2025,5,27,313,False,271.57,27157,USD,US,US,MacOS,Ecommerce,False,False,stripe,2025-11-09
MX-100000390,Maximor Demo Corp,CUST-001,Northwind Labs,Visa,2025,6,30,314,False,278.7,27870,USD,US,US,iOS,Ecommerce,False,False,adyen,2025-11-10
MX-100000391,Maximor Demo Corp,CUST-002,Helios Analytics,Mastercard,2025,7,33,315,True,285.83,28583,USD,US,US,Android,Ecommerce,False,False,stripe,2025-11-11
MX-100000392,Maximor Demo Corp,CUST-003,Acme Industrial,NexPay,2025,8,36,316,False,292.96,29296,USD,US,US,Windows,Ecommerce,False,False,stripe,2025-11-12
MX-100000393,Maximor Demo Corp,CUST-004,Brightline Media,GlobalCard,2025,9,39,317,False,300.09,30009,USD,US,US,MacOS,Ecommerce,False,False,stripe,2025-11-13
MX-100000394,Maximor Demo Corp,CUST-005,Quiet Harbor,Amex,2025,10,42,318,False,307.22,30722,USD,US,US,iOS,Ecommerce,False,False,stripe,2025-11-14
MX-100000395,Maximor Demo Corp,CUST-006,Pinnacle Retail,Visa,2025,11,45,319,False,314.35,31435,USD,US,US,Android,Ecommerce,False,False,adyen,2025-11-15
MX-100000396,Maximor Demo Corp,CUST-007,Atlas Robotics,Mastercard,2025,12,48,320,False,321.48,32148,USD,US,US,Windows,Ecommerce,False,False,stripe,2025-11-16
MX-100000397,Maximor Demo Corp,CUST-008,Lumen Labs,NexPay,2025,13,51,321,False,328.61,32861,USD,US,US,MacOS,Ecommerce,False,False,stripe,2025-11-17
MX-100000398,Maximor Demo Corp,CUST-009,Northstar LLC,GlobalCard,2025,14,54,322,False,335.74,33574,USD,US,US,iOS,Ecommerce,False,False,stripe,2025-11-18
MX-100000399,Maximor Demo Corp,CUST-010,Meridian Health,Amex,2025,15,57,323,False,342.87,34287,USD,US,US,Android,Ecommerce,False,False,stripe,2025-11-19
MX-100000400,Maximor Demo Corp,CUST-011,Beacon Biotech,Visa,2025,16,0,324,False,350.0,35000,USD,US,US,Windows,Ecommerce,False,False,adyen,2025-11-20
MX-100000401,Maximor Demo Corp,CUST-012,Copperline Logistics,Mastercard,2025,17,3,325,False,357.13,35713,USD,US,US,MacOS,Ecommerce,False,False,stripe,2025-11-21
MX-100000402,Maximor Demo Corp,CUST-013,Summit Civic,NexPay,2025,18,6,326,False,364.26,36426,USD,US,US,iOS,Ecommerce,False,False,stripe,2025-11-22
MX-100000403,Maximor Demo Corp,CUST-014,Redwood Clinics,GlobalCard,2025,19,9,327,False,371.39,37139,USD,US,US,Android,Ecommerce,False,False,stripe,2025-11-23
MX-100000404,Maximor Demo Corp,CUST-015,Ironclad Software,Amex,2025,20,12,328,False,378.52,37852,USD,US,US,Windows,Ecommerce,False,False,stripe,2025-11-24
MX-100000405,Maximor Demo Corp,CUST-001,Northwind Labs,Visa,2025,21,15,329,False,385.65,38565,USD,US,US,MacOS,Ecommerce,False,False,adyen,2025-11-25
MX-100000406,Maximor Demo Corp,CUST-002,Helios Analytics,Mastercard,2025,22,18,330,False,392.78,39278,USD,US,US,iOS,Ecommerce,False,False,stripe,2025-11-26
MX-100000407,Maximor Demo Corp,CUST-003,Acme Industrial,NexPay,2025,23,21,331,False,399.91,39991,USD,US,US,Android,Ecommerce,False,False,stripe,2025-11-27
MX-100000408,Maximor Demo Corp,CUST-004,Brightline Media,GlobalCard,2025,0,24,332,True,407.04,40704,USD,US,US,Windows,Ecommerce,False,False,stripe,2025-11-28
MX-100000409,Maximor Demo Corp,CUST-005,Quiet Harbor,Amex,2025,1,27,333,False,414.17,41417,USD,US,US,MacOS,Ecommerce,False,False,stripe,2025-11-29
MX-100000410,Maximor Demo Corp,CUST-006,Pinnacle Retail,Visa,2025,2,30,334,False,421.3,42130,USD,US,US,iOS,Ecommerce,False,False,adyen,2025-11-30
MX-100000411,Maximor Demo Corp,CUST-007,Atlas Robotics,Mastercard,2025,3,33,335,False,428.43,42843,USD,US,US,Android,Ecommerce,False,False,stripe,2025-12-01
MX-100000412,Maximor Demo Corp,CUST-008,Lumen Labs,NexPay,2025,4,36,336,False,435.56,43556,USD,US,US,Windows,Ecommerce,False,False,stripe,2025-12-02
MX-100000413,Maximor Demo Corp,CUST-009,Northstar LLC,GlobalCard,2025,5,39,337,False,22.69,2269,USD,US,US,MacOS,Ecommerce,False,False,stripe,2025-12-03
MX-100000414,Maximor Demo Corp,CUST-010,Meridian Health,Amex,2025,6,42,338,False,29.82,2982,USD,US,US,iOS,Ecommerce,False,False,stripe,2025-12-04
MX-100000415,Maximor Demo Corp,CUST-011,Beacon Biotech,Visa,2025,7,45,339,False,36.95,3695,USD,US,US,Android,Ecommerce,False,False,adyen,2025-12-05
MX-100000416,Maximor Demo Corp,CUST-012,Copperline Logistics,Mastercard,2025,8,48,340,False,44.08,4408,USD,US,US,Windows,Ecommerce,False,False,stripe,2025-12-06
MX-100000417,Maximor Demo Corp,CUST-013,Summit Civic,NexPay,2025,9,51,341,False,51.21,5121,USD,US,US,MacOS,Ecommerce,False,False,stripe,2025-12-07
MX-100000418,Maximor Demo Corp,CUST-014,Redwood Clinics,GlobalCard,2025,10,54,342,False,58.34,5834,USD,US,US,iOS,Ecommerce,False,False,stripe,2025-12-08
MX-100000419,Maximor Demo Corp,CUST-015,Ironclad Software,Amex,2025,11,57,343,False,65.47,6547,USD,US,US,Android,Ecommerce,False,False,stripe,2025-12-09
MX-100000420,Maximor Demo Corp,CUST-001,Northwind Labs,Visa,2025,12,0,344,False,72.6,7260,USD,US,US,Windows,Ecommerce,False,False,adyen,2025-12-10
MX-100000421,Maximor Demo Corp,CUST-002,Helios Analytics,Mastercard,2025,13,3,345,False,79.73,7973,USD,US,US,MacOS,Ecommerce,False,False,stripe,2025-12-11
MX-100000422,Maximor Demo Corp,CUST-003,Acme Industrial,NexPay,2025,14,6,346,False,86.86,8686,USD,US,US,iOS,Ecommerce,False,False,stripe,2025-12-12
MX-100000423,Maximor Demo Corp,CUST-004,Brightline Media,GlobalCard,2025,15,9,347,False,93.99,9399,USD,US,US,Android,Ecommerce,False,False,stripe,2025-12-13
MX-100000424,Maximor Demo Corp,CUST-005,Quiet Harbor,Amex,2025,16,12,348,False,101.12,10112,USD,US,US,Windows,Ecommerce,False,False,stripe,2025-12-14
MX-100000425,Maximor Demo Corp,CUST-006,Pinnacle Retail,Visa,2025,17,15,349,True,108.25,10825,USD,US,US,MacOS,Ecommerce,False,False,adyen,2025-12-15
MX-100000426,Maximor Demo Corp,CUST-007,Atlas Robotics,Mastercard,2025,18,18,350,False,115.38,11538,USD,US,US,iOS,Ecommerce,False,False,stripe,2025-12-16
MX-100000427,Maximor Demo Corp,CUST-008,Lumen Labs,NexPay,2025,19,21,351,False,122.51,12251,USD,US,US,Android,Ecommerce,False,False,stripe,2025-12-17
MX-100000428,Maximor Demo Corp,CUST-009,Northstar LLC,GlobalCard,2025,20,24,352,False,129.64,12964,USD,US,US,Windows,Ecommerce,False,False,stripe,2025-12-18
MX-100000429,Maximor Demo Corp,CUST-010,Meridian Health,Amex,2025,21,27,353,False,136.77,13677,USD,US,US,MacOS,Ecommerce,False,False,stripe,2025-12-19
MX-100000430,Maximor Demo Corp,CUST-011,Beacon Biotech,Visa,2025,22,30,354,False,143.9,14390,USD,US,US,iOS,Ecommerce,False,False,adyen,2025-12-20
MX-100000431,Maximor Demo Corp,CUST-012,Copperline Logistics,Mastercard,2025,23,33,355,False,151.03,15103,USD,US,US,Android,Ecommerce,False,False,stripe,2025-12-21
MX-100000432,Maximor Demo Corp,CUST-013,Summit Civic,NexPay,2025,0,36,356,False,158.16,15816,USD,US,US,Windows,Ecommerce,False,False,stripe,2025-12-22
MX-100000433,Maximor Demo Corp,CUST-014,Redwood Clinics,GlobalCard,2025,1,39,357,False,165.29,16529,USD,US,US,MacOS,Ecommerce,False,False,stripe,2025-12-23
MX-100000434,Maximor Demo Corp,CUST-015,Ironclad Software,Amex,2025,2,42,358,False,172.42,17242,USD,US,US,iOS,Ecommerce,False,False,stripe,2025-12-24
MX-100000435,Maximor Demo Corp,CUST-001,Northwind Labs,Visa,2025,3,45,359,False,179.55,17955,USD,US,US,Android,Ecommerce,False,False,adyen,2025-12-25
MX-100000436,Maximor Demo Corp,CUST-002,Helios Analytics,Mastercard,2025,4,48,360,False,186.68,18668,USD,US,US,Windows,Ecommerce,False,False,stripe,2025-12-26
MX-100000437,Maximor Demo Corp,CUST-003,Acme Industrial,NexPay,2025,5,51,361,False,193.81,19381,USD,US,US,MacOS,Ecommerce,False,False,stripe,2025-12-27
MX-100000438,Maximor Demo Corp,CUST-004,Brightline Media,GlobalCard,2025,6,54,362,False,200.94,20094,USD,US,US,iOS,Ecommerce,False,False,stripe,2025-12-28
MX-100000439,Maximor Demo Corp,CUST-005,Quiet Harbor,Amex,2025,7,57,363,False,208.07,20807,USD,US,US,Android,Ecommerce,False,False,stripe,2025-12-29
MX-100000440,Maximor Demo Corp,CUST-006,Pinnacle Retail,Visa,2025,8,0,364,False,215.2,21520,USD,US,US,Windows,Ecommerce,False,False,adyen,2025-12-30
MX-100000441,Maximor Demo Corp,CUST-007,Atlas Robotics,Mastercard,2025,9,3,365,False,222.33,22233,USD,US,US,MacOS,Ecommerce,False,False,stripe,2025-12-31
MX-100000442,Maximor Demo Corp,CUST-008,Lumen Labs,NexPay,2026,10,6,1,True,229.46,22946,USD,US,US,iOS,Ecommerce,False,False,stripe,2026-01-01
MX-100000443,Maximor Demo Corp,CUST-009,Northstar LLC,GlobalCard,2026,11,9,2,False,236.59,23659,USD,US,US,Android,Ecommerce,False,False,stripe,2026-01-02
MX-100000444,Maximor Demo Corp,CUST-010,Meridian Health,Amex,2026,12,12,3,False,243.72,24372,USD,US,US,Windows,Ecommerce,False,False,stripe,2026-01-03
MX-100000445,Maximor Demo Corp,CUST-011,Beacon Biotech,Visa,2026,13,15,4,False,250.85,25085,USD,US,US,MacOS,Ecommerce,False,False,adyen,2026-01-04
MX-100000446,Maximor Demo Corp,CUST-012,Copperline Logistics,Mastercard,2026,14,18,5,False,257.98,25798,USD,US,US,iOS,Ecommerce,False,False,stripe,2026-01-05
MX-100000447,Maximor Demo Corp,CUST-013,Summit Civic,NexPay,2026,15,21,6,False,265.11,26511,USD,US,US,Android,Ecommerce,False,False,stripe,2026-01-06
MX-100000448,Maximor Demo Corp,CUST-014,Redwood Clinics,GlobalCard,2026,16,24,7,False,272.24,27224,USD,US,US,Windows,Ecommerce,False,False,stripe,2026-01-07
MX-100000449,Maximor Demo Corp,CUST-015,Ironclad Software,Amex,2026,17,27,8,False,279.37,27937,USD,US,US,MacOS,Ecommerce,False,False,stripe,2026-01-08
MX-100000450,Maximor Demo Corp,CUST-001,Northwind Labs,Visa,2026,18,30,9,False,286.5,28650,USD,US,US,iOS,Ecommerce,False,False,adyen,2026-01-09
MX-100000451,Maximor Demo Corp,CUST-002,Helios Analytics,Mastercard,2026,19,33,10,False,293.63,29363,USD,US,US,Android,Ecommerce,False,False,stripe,2026-01-10
MX-100000452,Maximor Demo Corp,CUST-003,Acme Industrial,NexPay,2026,20,36,11,False,300.76,30076,USD,US,US,Windows,Ecommerce,False,False,stripe,2026-01-11
MX-100000453,Maximor Demo Corp,CUST-004,Brightline Media,GlobalCard,2026,21,39,12,False,307.89,30789,USD,US,US,MacOS,Ecommerce,False,False,stripe,2026-01-12
MX-100000454,Maximor Demo Corp,CUST-005,Quiet Harbor,Amex,2026,22,42,13,False,315.02,31502,USD,US,US,iOS,Ecommerce,False,False,stripe,2026-01-13
MX-100000455,Maximor Demo Corp,CUST-006,Pinnacle Retail,Visa,2026,23,45,14,False,322.15,32215,USD,US,US,Android,Ecommerce,False,False,adyen,2026-01-14
MX-100000456,Maximor Demo Corp,CUST-007,Atlas Robotics,Mastercard,2026,0,48,15,False,329.28,32928,USD,US,US,Windows,Ecommerce,False,False,stripe,2026-01-15
MX-100000457,Maximor Demo Corp,CUST-008,Lumen Labs,NexPay,2026,1,51,16,False,336.41,33641,USD,US,US,MacOS,Ecommerce,False,False,stripe,2026-01-16
MX-100000458,Maximor Demo Corp,CUST-009,Northstar LLC,GlobalCard,2026,2,54,17,False,343.54,34354,USD,US,US,iOS,Ecommerce,False,False,stripe,2026-01-17
MX-100000459,Maximor Demo Corp,CUST-010,Meridian Health,Amex,2026,3,57,18,True,350.67,35067,USD,US,US,Android,Ecommerce,False,False,stripe,2026-01-18
MX-100000460,Maximor Demo Corp,CUST-011,Beacon Biotech,Visa,2026,4,0,19,False,357.8,35780,USD,US,US,Windows,Ecommerce,False,False,adyen,2026-01-19
MX-100000461,Maximor Demo Corp,CUST-012,Copperline Logistics,Mastercard,2026,5,3,20,False,364.93,36493,USD,US,US,MacOS,Ecommerce,False,False,stripe,2026-01-20
MX-100000462,Maximor Demo Corp,CUST-013,Summit Civic,NexPay,2026,6,6,21,False,372.06,37206,USD,US,US,iOS,Ecommerce,False,False,stripe,2026-01-21
MX-100000463,Maximor Demo Corp,CUST-014,Redwood Clinics,GlobalCard,2026,7,9,22,False,379.19,37919,USD,US,US,Android,Ecommerce,False,False,stripe,2026-01-22
MX-100000464,Maximor Demo Corp,CUST-015,Ironclad Software,Amex,2026,8,12,23,False,386.32,38632,USD,US,US,Windows,Ecommerce,False,False,stripe,2026-01-23
MX-100000465,Maximor Demo Corp,CUST-001,Northwind Labs,Visa,2026,9,15,24,False,393.45,39345,USD,US,US,MacOS,Ecommerce,False,False,adyen,2026-01-24
MX-100000466,Maximor Demo Corp,CUST-002,Helios Analytics,Mastercard,2026,10,18,25,False,400.58,40058,USD,US,US,iOS,Ecommerce,False,False,stripe,2026-01-25
MX-100000467,Maximor Demo Corp,CUST-003,Acme Industrial,NexPay,2026,11,21,26,False,407.71,40771,USD,US,US,Android,Ecommerce,False,False,stripe,2026-01-26
MX-100000468,Maximor Demo Corp,CUST-004,Brightline Media,GlobalCard,2026,12,24,27,False,414.84,41484,USD,US,US,Windows,Ecommerce,False,False,stripe,2026-01-27
MX-100000469,Maximor Demo Corp,CUST-005,Quiet Harbor,Amex,2026,13,27,28,False,421.97,42197,USD,US,US,MacOS,Ecommerce,False,False,stripe,2026-01-28
MX-100000470,Maximor Demo Corp,CUST-006,Pinnacle Retail,Visa,2026,14,30,29,False,429.1,42910,USD,US,US,iOS,Ecommerce,False,False,adyen,2026-01-29
MX-100000471,Maximor Demo Corp,CUST-007,Atlas Robotics,Mastercard,2026,15,33,30,False,436.23,43623,USD,US,US,Android,Ecommerce,False,False,stripe,2026-01-30
MX-100000472,Maximor Demo Corp,CUST-008,Lumen Labs,NexPay,2026,16,36,31,False,23.36,2336,USD,US,US,Windows,Ecommerce,False,False,stripe,2026-01-31
MX-100000473,Maximor Demo Corp,CUST-009,Northstar LLC,GlobalCard,2026,17,39,32,False,30.49,3049,USD,US,US,MacOS,Ecommerce,False,False,stripe,2026-02-01
MX-100000474,Maximor Demo Corp,CUST-010,Meridian Health,Amex,2026,18,42,33,False,37.62,3762,USD,US,US,iOS,Ecommerce,False,False,stripe,2026-02-02
MX-100000475,Maximor Demo Corp,CUST-011,Beacon Biotech,Visa,2026,19,45,34,False,44.75,4475,USD,US,US,Android,Ecommerce,False,False,adyen,2026-02-03
MX-100000476,Maximor Demo Corp,CUST-012,Copperline Logistics,Mastercard,2026,20,48,35,True,51.88,5188,USD,US,US,Windows,Ecommerce,False,False,stripe,2026-02-04
MX-100000477,Maximor Demo Corp,CUST-013,Summit Civic,NexPay,2026,21,51,36,False,59.01,5901,USD,US,US,MacOS,Ecommerce,False,False,stripe,2026-02-05
MX-100000478,Maximor Demo Corp,CUST-014,Redwood Clinics,GlobalCard,2026,22,54,37,False,66.14,6614,USD,US,US,iOS,Ecommerce,False,False,stripe,2026-02-06
MX-100000479,Maximor Demo Corp,CUST-015,Ironclad Software,Amex,2026,23,57,38,False,73.27,7327,USD,US,US,Android,Ecommerce,False,False,stripe,2026-02-07
MX-100000480,Maximor Demo Corp,CUST-001,Northwind Labs,Visa,2026,0,0,39,False,80.4,8040,USD,US,US,Windows,Ecommerce,False,False,adyen,2026-02-08
MX-100000481,Maximor Demo Corp,CUST-002,Helios Analytics,Mastercard,2026,1,3,40,False,87.53,8753,USD,US,US,MacOS,Ecommerce,False,False,stripe,2026-02-09
MX-100000482,Maximor Demo Corp,CUST-003,Acme Industrial,NexPay,2026,2,6,41,False,94.66,9466,USD,US,US,iOS,Ecommerce,False,False,stripe,2026-02-10
MX-100000483,Maximor Demo Corp,CUST-004,Brightline Media,GlobalCard,2026,3,9,42,False,101.79,10179,USD,US,US,Android,Ecommerce,False,False,stripe,2026-02-11
MX-100000484,Maximor Demo Corp,CUST-005,Quiet Harbor,Amex,2026,4,12,43,False,108.92,10892,USD,US,US,Windows,Ecommerce,False,False,stripe,2026-02-12
MX-100000485,Maximor Demo Corp,CUST-006,Pinnacle Retail,Visa,2026,5,15,44,False,116.05,11605,USD,US,US,MacOS,Ecommerce,False,False,adyen,2026-02-13
MX-100000486,Maximor Demo Corp,CUST-007,Atlas Robotics,Mastercard,2026,6,18,45,False,123.18,12318,USD,US,US,iOS,Ecommerce,False,False,stripe,2026-02-14
MX-100000487,Maximor Demo Corp,CUST-008,Lumen Labs,NexPay,2026,7,21,46,False,130.31,13031,USD,US,US,Android,Ecommerce,False,False,stripe,2026-02-15
MX-100000488,Maximor Demo Corp,CUST-009,Northstar LLC,GlobalCard,2026,8,24,47,False,137.44,13744,USD,US,US,Windows,Ecommerce,False,False,stripe,2026-02-16
MX-100000489,Maximor Demo Corp,CUST-010,Meridian Health,Amex,2026,9,27,48,False,144.57,14457,USD,US,US,MacOS,Ecommerce,False,False,stripe,2026-02-17
MX-100000490,Maximor Demo Corp,CUST-011,Beacon Biotech,Visa,2026,10,30,49,False,151.7,15170,USD,US,US,iOS,Ecommerce,False,False,adyen,2026-02-18
MX-100000491,Maximor Demo Corp,CUST-012,Copperline Logistics,Mastercard,2026,11,33,50,False,158.83,15883,USD,US,US,Android,Ecommerce,False,False,stripe,2026-02-19
MX-100000492,Maximor Demo Corp,CUST-013,Summit Civic,NexPay,2026,12,36,51,False,165.96,16596,USD,US,US,Windows,Ecommerce,False,False,stripe,2026-02-20
MX-100000493,Maximor Demo Corp,CUST-014,Redwood Clinics,GlobalCard,2026,13,39,52,True,173.09,17309,USD,US,US,MacOS,Ecommerce,False,False,stripe,2026-02-21
MX-100000494,Maximor Demo Corp,CUST-015,Ironclad Software,Amex,2026,14,42,53,False,180.22,18022,USD,US,US,iOS,Ecommerce,False,False,stripe,2026-02-22
MX-100000495,Maximor Demo Corp,CUST-001,Northwind Labs,Visa,2026,15,45,54,False,187.35,18735,USD,US,US,Android,Ecommerce,False,False,adyen,2026-02-23
MX-100000496,Maximor Demo Corp,CUST-002,Helios Analytics,Mastercard,2026,16,48,55,False,194.48,19448,USD,US,US,Windows,Ecommerce,False,False,stripe,2026-02-24
MX-100000497,Maximor Demo Corp,CUST-003,Acme Industrial,NexPay,2026,17,51,56,False,201.61,20161,USD,US,US,MacOS,Ecommerce,False,False,stripe,2026-02-25
MX-100000498,Maximor Demo Corp,CUST-004,Brightline Media,GlobalCard,2026,18,54,57,False,208.74,20874,USD,US,US,iOS,Ecommerce,False,False,stripe,2026-02-26
MX-100000499,Maximor Demo Corp,CUST-005,Quiet Harbor,Amex,2026,19,57,58,False,215.87,21587,USD,US,US,Android,Ecommerce,False,False,stripe,2026-02-27
MX-100000500,Maximor Demo Corp,CUST-006,Pinnacle Retail,Visa,2026,20,0,59,False,223.0,22300,USD,US,US,Windows,Ecommerce,False,False,adyen,2026-02-28
MX-100000501,Maximor Demo Corp,CUST-007,Atlas Robotics,Mastercard,2026,21,3,60,False,230.13,23013,USD,US,US,MacOS,Ecommerce,False,False,stripe,2026-03-01
MX-100000502,Maximor Demo Corp,CUST-008,Lumen Labs,NexPay,2026,22,6,61,False,237.26,23726,USD,US,US,iOS,Ecommerce,False,False,stripe,2026-03-02
MX-100000503,Maximor Demo Corp,CUST-009,Northstar LLC,GlobalCard,2026,23,9,62,False,244.39,24439,USD,US,US,Android,Ecommerce,False,False,stripe,2026-03-03
MX-100000504,Maximor Demo Corp,CUST-010,Meridian Health,Amex,2026,0,12,63,False,251.52,25152,USD,US,US,Windows,Ecommerce,False,False,stripe,2026-03-04
MX-100000505,Maximor Demo Corp,CUST-011,Beacon Biotech,Visa,2026,1,15,64,False,258.65,25865,USD,US,US,MacOS,Ecommerce,False,False,adyen,2026-03-05
MX-100000506,Maximor Demo Corp,CUST-012,Copperline Logistics,Mastercard,2026,2,18,65,False,265.78,26578,USD,US,US,iOS,Ecommerce,False,False,stripe,2026-03-06
MX-100000507,Maximor Demo Corp,CUST-013,Summit Civic,NexPay,2026,3,21,66,False,272.91,27291,USD,US,US,Android,Ecommerce,False,False,stripe,2026-03-07
MX-100000508,Maximor Demo Corp,CUST-014,Redwood Clinics,GlobalCard,2026,4,24,67,False,280.04,28004,USD,US,US,Windows,Ecommerce,False,False,stripe,2026-03-08
MX-100000509,Maximor Demo Corp,CUST-015,Ironclad Software,Amex,2026,5,27,68,False,287.17,28717,USD,US,US,MacOS,Ecommerce,False,False,stripe,2026-03-09
MX-100000510,Maximor Demo Corp,CUST-001,Northwind Labs,Visa,2026,6,30,69,True,294.3,29430,USD,US,US,iOS,Ecommerce,False,False,adyen,2026-03-10
MX-100000511,Maximor Demo Corp,CUST-002,Helios Analytics,Mastercard,2026,7,33,70,False,301.43,30143,USD,US,US,Android,Ecommerce,False,False,stripe,2026-03-11
MX-100000512,Maximor Demo Corp,CUST-003,Acme Industrial,NexPay,2026,8,36,71,False,308.56,30856,USD,US,US,Windows,Ecommerce,False,False,stripe,2026-03-12
MX-100000513,Maximor Demo Corp,CUST-004,Brightline Media,GlobalCard,2026,9,39,72,False,315.69,31569,USD,US,US,MacOS,Ecommerce,False,False,stripe,2026-03-13
MX-100000514,Maximor Demo Corp,CUST-005,Quiet Harbor,Amex,2026,10,42,73,False,322.82,32282,USD,US,US,iOS,Ecommerce,False,False,stripe,2026-03-14
MX-100000515,Maximor Demo Corp,CUST-006,Pinnacle Retail,Visa,2026,11,45,74,False,329.95,32995,USD,US,US,Android,Ecommerce,False,False,adyen,2026-03-15
MX-100000516,Maximor Demo Corp,CUST-007,Atlas Robotics,Mastercard,2026,12,48,75,False,337.08,33708,USD,US,US,Windows,Ecommerce,False,False,stripe,2026-03-16
MX-100000517,Maximor Demo Corp,CUST-008,Lumen Labs,NexPay,2026,13,51,76,False,344.21,34421,USD,US,US,MacOS,Ecommerce,False,False,stripe,2026-03-17
MX-100000518,Maximor Demo Corp,CUST-009,Northstar LLC,GlobalCard,2026,14,54,77,False,351.34,35134,USD,US,US,iOS,Ecommerce,False,False,stripe,2026-03-18
MX-100000519,Maximor Demo Corp,CUST-010,Meridian Health,Amex,2026,15,57,78,False,358.47,35847,USD,US,US,Android,Ecommerce,False,False,stripe,2026-03-19
MX-100000520,Maximor Demo Corp,CUST-011,Beacon Biotech,Visa,2026,16,0,79,False,365.6,36560,USD,US,US,Windows,Ecommerce,False,False,adyen,2026-03-20
MX-100000521,Maximor Demo Corp,CUST-012,Copperline Logistics,Mastercard,2026,17,3,80,False,372.73,37273,USD,US,US,MacOS,Ecommerce,False,False,stripe,2026-03-21
MX-100000522,Maximor Demo Corp,CUST-013,Summit Civic,NexPay,2026,18,6,81,False,379.86,37986,USD,US,US,iOS,Ecommerce,False,False,stripe,2026-03-22
MX-100000523,Maximor Demo Corp,CUST-014,Redwood Clinics,GlobalCard,2026,19,9,82,False,386.99,38699,USD,US,US,Android,Ecommerce,False,False,stripe,2026-03-23
MX-100000524,Maximor Demo Corp,CUST-015,Ironclad Software,Amex,2026,20,12,83,False,394.12,39412,USD,US,US,Windows,Ecommerce,False,False,stripe,2026-03-24
MX-100000525,Maximor Demo Corp,CUST-001,Northwind Labs,Visa,2026,21,15,84,False,401.25,40125,USD,US,US,MacOS,Ecommerce,False,False,adyen,2026-03-25
MX-100000526,Maximor Demo Corp,CUST-002,Helios Analytics,Mastercard,2026,22,18,85,False,408.38,40838,USD,US,US,iOS,Ecommerce,False,False,stripe,2026-03-26
MX-100000527,Maximor Demo Corp,CUST-003,Acme Industrial,NexPay,2026,23,21,86,True,415.51,41551,USD,US,US,Android,Ecommerce,False,False,stripe,2026-03-27
MX-100000528,Maximor Demo Corp,CUST-004,Brightline Media,GlobalCard,2026,0,24,87,False,422.64,42264,USD,US,US,Windows,Ecommerce,False,False,stripe,2026-03-28
MX-100000529,Maximor Demo Corp,CUST-005,Quiet Harbor,Amex,2026,1,27,88,False,429.77,42977,USD,US,US,MacOS,Ecommerce,False,False,stripe,2026-03-29
MX-100000530,Maximor Demo Corp,CUST-006,Pinnacle Retail,Visa,2026,2,30,89,False,436.9,43690,USD,US,US,iOS,Ecommerce,False,False,adyen,2026-03-30
MX-100000531,Maximor Demo Corp,CUST-007,Atlas Robotics,Mastercard,2026,3,33,90,False,24.03,2403,USD,US,US,Android,Ecommerce,False,False,stripe,2026-03-31
MX-100000532,Maximor Demo Corp,CUST-008,Lumen Labs,NexPay,2026,4,36,91,False,31.16,3116,USD,US,US,Windows,Ecommerce,False,False,stripe,2026-04-01
MX-100000533,Maximor Demo Corp,CUST-009,Northstar LLC,GlobalCard,2026,5,39,92,False,38.29,3829,USD,US,US,MacOS,Ecommerce,False,False,stripe,2026-04-02
MX-100000534,Maximor Demo Corp,CUST-010,Meridian Health,Amex,2026,6,42,93,False,45.42,4542,USD,US,US,iOS,Ecommerce,False,False,stripe,2026-04-03
MX-100000535,Maximor Demo Corp,CUST-011,Beacon Biotech,Visa,2026,7,45,94,False,52.55,5255,USD,US,US,Android,Ecommerce,False,False,adyen,2026-04-04
MX-100000536,Maximor Demo Corp,CUST-012,Copperline Logistics,Mastercard,2026,8,48,95,False,59.68,5968,USD,US,US,Windows,Ecommerce,False,False,stripe,2026-04-05
MX-100000537,Maximor Demo Corp,CUST-013,Summit Civic,NexPay,2026,9,51,96,False,66.81,6681,USD,US,US,MacOS,Ecommerce,False,False,stripe,2026-04-06
MX-100000538,Maximor Demo Corp,CUST-014,Redwood Clinics,GlobalCard,2026,10,54,97,False,73.94,7394,USD,US,US,iOS,Ecommerce,False,False,stripe,2026-04-07
MX-100000539,Maximor Demo Corp,CUST-015,Ironclad Software,Amex,2026,11,57,98,False,81.07,8107,USD,US,US,Android,Ecommerce,False,False,stripe,2026-04-08
MX-100000540,Maximor Demo Corp,CUST-001,Northwind Labs,Visa,2026,12,0,99,False,88.2,8820,USD,US,US,Windows,Ecommerce,False,False,adyen,2026-04-09
MX-100000541,Maximor Demo Corp,CUST-002,Helios Analytics,Mastercard,2026,13,3,100,False,95.33,9533,USD,US,US,MacOS,Ecommerce,False,False,stripe,2026-04-10
MX-100000542,Maximor Demo Corp,CUST-003,Acme Industrial,NexPay,2026,14,6,101,False,102.46,10246,USD,US,US,iOS,Ecommerce,False,False,stripe,2026-04-11
MX-100000543,Maximor Demo Corp,CUST-004,Brightline Media,GlobalCard,2026,15,9,102,False,109.59,10959,USD,US,US,Android,Ecommerce,False,False,stripe,2026-04-12
MX-100000544,Maximor Demo Corp,CUST-005,Quiet Harbor,Amex,2026,16,12,103,True,116.72,11672,USD,US,US,Windows,Ecommerce,False,False,stripe,2026-04-13
MX-100000545,Maximor Demo Corp,CUST-006,Pinnacle Retail,Visa,2026,17,15,104,False,123.85,12385,USD,US,US,MacOS,Ecommerce,False,False,adyen,2026-04-14
MX-100000546,Maximor Demo Corp,CUST-007,Atlas Robotics,Mastercard,2026,18,18,105,False,130.98,13098,USD,US,US,iOS,Ecommerce,False,False,stripe,2026-04-15
MX-100000547,Maximor Demo Corp,CUST-008,Lumen Labs,NexPay,2026,19,21,106,False,138.11,13811,USD,US,US,Android,Ecommerce,False,False,stripe,2026-04-16
MX-100000548,Maximor Demo Corp,CUST-009,Northstar LLC,GlobalCard,2026,20,24,107,False,145.24,14524,USD,US,US,Windows,Ecommerce,False,False,stripe,2026-04-17
MX-100000549,Maximor Demo Corp,CUST-010,Meridian Health,Amex,2026,21,27,108,False,152.37,15237,USD,US,US,MacOS,Ecommerce,False,False,stripe,2026-04-18
MX-100000550,Maximor Demo Corp,CUST-011,Beacon Biotech,Visa,2026,22,30,109,False,159.5,15950,USD,US,US,iOS,Ecommerce,False,False,adyen,2026-04-19
MX-100000551,Maximor Demo Corp,CUST-012,Copperline Logistics,Mastercard,2026,23,33,110,False,166.63,16663,USD,US,US,Android,Ecommerce,False,False,stripe,2026-04-20
MX-100000552,Maximor Demo Corp,CUST-013,Summit Civic,NexPay,2026,0,36,111,False,173.76,17376,USD,US,US,Windows,Ecommerce,False,False,stripe,2026-04-21
MX-100000553,Maximor Demo Corp,CUST-014,Redwood Clinics,GlobalCard,2026,1,39,112,False,180.89,18089,USD,US,US,MacOS,Ecommerce,False,False,stripe,2026-04-22
MX-100000554,Maximor Demo Corp,CUST-015,Ironclad Software,Amex,2026,2,42,113,False,188.02,18802,USD,US,US,iOS,Ecommerce,False,False,stripe,2026-04-23
MX-100000555,Maximor Demo Corp,CUST-001,Northwind Labs,Visa,2026,3,45,114,False,195.15,19515,USD,US,US,Android,Ecommerce,False,False,adyen,2026-04-24
MX-100000556,Maximor Demo Corp,CUST-002,Helios Analytics,Mastercard,2026,4,48,115,False,202.28,20228,USD,US,US,Windows,Ecommerce,False,False,stripe,2026-04-25
MX-100000557,Maximor Demo Corp,CUST-003,Acme Industrial,NexPay,2026,5,51,116,False,209.41,20941,USD,US,US,MacOS,Ecommerce,False,False,stripe,2026-04-26
MX-100000558,Maximor Demo Corp,CUST-004,Brightline Media,GlobalCard,2026,6,54,117,False,216.54,21654,USD,US,US,iOS,Ecommerce,False,False,stripe,2026-04-27
MX-100000559,Maximor Demo Corp,CUST-005,Quiet Harbor,Amex,2026,7,57,118,False,223.67,22367,USD,US,US,Android,Ecommerce,False,False,stripe,2026-04-28
MX-100000560,Maximor Demo Corp,CUST-006,Pinnacle Retail,Visa,2026,8,0,119,False,230.8,23080,USD,US,US,Windows,Ecommerce,False,False,adyen,2026-04-29
MX-100000561,Maximor Demo Corp,CUST-007,Atlas Robotics,Mastercard,2026,9,3,120,True,237.93,23793,USD,US,US,MacOS,Ecommerce,False,False,stripe,2026-04-30
MX-100000562,Maximor Demo Corp,CUST-008,Lumen Labs,NexPay,2026,10,6,121,False,245.06,24506,USD,US,US,iOS,Ecommerce,False,False,stripe,2026-05-01
MX-100000563,Maximor Demo Corp,CUST-009,Northstar LLC,GlobalCard,2026,11,9,122,False,252.19,25219,USD,US,US,Android,Ecommerce,False,False,stripe,2026-05-02
MX-100000564,Maximor Demo Corp,CUST-010,Meridian Health,Amex,2026,12,12,123,False,259.32,25932,USD,US,US,Windows,Ecommerce,False,False,stripe,2026-05-03
MX-100000565,Maximor Demo Corp,CUST-011,Beacon Biotech,Visa,2026,13,15,124,False,266.45,26645,USD,US,US,MacOS,Ecommerce,False,False,adyen,2026-05-04
MX-100000566,Maximor Demo Corp,CUST-012,Copperline Logistics,Mastercard,2026,14,18,125,False,273.58,27358,USD,US,US,iOS,Ecommerce,False,False,stripe,2026-05-05
MX-100000567,Maximor Demo Corp,CUST-013,Summit Civic,NexPay,2026,15,21,126,False,280.71,28071,USD,US,US,Android,Ecommerce,False,False,stripe,2026-05-06
MX-100000568,Maximor Demo Corp,CUST-014,Redwood Clinics,GlobalCard,2026,16,24,127,False,287.84,28784,USD,US,US,Windows,Ecommerce,False,False,stripe,2026-05-07
MX-100000569,Maximor Demo Corp,CUST-015,Ironclad Software,Amex,2026,17,27,128,False,294.97,29497,USD,US,US,MacOS,Ecommerce,False,False,stripe,2026-05-08
MX-100000570,Maximor Demo Corp,CUST-001,Northwind Labs,Visa,2026,18,30,129,False,302.1,30210,USD,US,US,iOS,Ecommerce,False,False,adyen,2026-05-09
MX-100000571,Maximor Demo Corp,CUST-002,Helios Analytics,Mastercard,2026,19,33,130,False,309.23,30923,USD,US,US,Android,Ecommerce,False,False,stripe,2026-05-10
MX-100000572,Maximor Demo Corp,CUST-003,Acme Industrial,NexPay,2026,20,36,131,False,316.36,31636,USD,US,US,Windows,Ecommerce,False,False,stripe,2026-05-11
MX-100000573,Maximor Demo Corp,CUST-004,Brightline Media,GlobalCard,2026,21,39,132,False,323.49,32349,USD,US,US,MacOS,Ecommerce,False,False,stripe,2026-05-12
MX-100000574,Maximor Demo Corp,CUST-005,Quiet Harbor,Amex,2026,22,42,133,False,330.62,33062,USD,US,US,iOS,Ecommerce,False,False,stripe,2026-05-13
MX-100000575,Maximor Demo Corp,CUST-006,Pinnacle Retail,Visa,2026,23,45,134,False,337.75,33775,USD,US,US,Android,Ecommerce,False,False,adyen,2026-05-14
MX-100000576,Maximor Demo Corp,CUST-007,Atlas Robotics,Mastercard,2026,0,48,135,False,344.88,34488,USD,US,US,Windows,Ecommerce,False,False,stripe,2026-05-15
MX-100000577,Maximor Demo Corp,CUST-008,Lumen Labs,NexPay,2026,1,51,136,False,352.01,35201,USD,US,US,MacOS,Ecommerce,False,False,stripe,2026-05-16
MX-100000578,Maximor Demo Corp,CUST-009,Northstar LLC,GlobalCard,2026,2,54,137,True,359.14,35914,USD,US,US,iOS,Ecommerce,False,False,stripe,2026-05-17
MX-100000579,Maximor Demo Corp,CUST-010,Meridian Health,Amex,2026,3,57,138,False,366.27,36627,USD,US,US,Android,Ecommerce,False,False,stripe,2026-05-18
MX-100000580,Maximor Demo Corp,CUST-011,Beacon Biotech,Visa,2026,4,0,139,False,373.4,37340,USD,US,US,Windows,Ecommerce,False,False,adyen,2026-05-19
MX-100000581,Maximor Demo Corp,CUST-012,Copperline Logistics,Mastercard,2026,5,3,140,False,380.53,38053,USD,US,US,MacOS,Ecommerce,False,False,stripe,2026-05-20
MX-100000582,Maximor Demo Corp,CUST-013,Summit Civic,NexPay,2026,6,6,141,False,387.66,38766,USD,US,US,iOS,Ecommerce,False,False,stripe,2026-05-21
MX-100000583,Maximor Demo Corp,CUST-014,Redwood Clinics,GlobalCard,2026,7,9,142,False,394.79,39479,USD,US,US,Android,Ecommerce,False,False,stripe,2026-05-22
MX-100000584,Maximor Demo Corp,CUST-015,Ironclad Software,Amex,2026,8,12,143,False,401.92,40192,USD,US,US,Windows,Ecommerce,False,False,stripe,2026-05-23
MX-100000585,Maximor Demo Corp,CUST-001,Northwind Labs,Visa,2026,9,15,144,False,409.05,40905,USD,US,US,MacOS,Ecommerce,False,False,adyen,2026-05-24
MX-100000586,Maximor Demo Corp,CUST-002,Helios Analytics,Mastercard,2026,10,18,145,False,416.18,41618,USD,US,US,iOS,Ecommerce,False,False,stripe,2026-05-25
MX-100000587,Maximor Demo Corp,CUST-003,Acme Industrial,NexPay,2026,11,21,146,False,423.31,42331,USD,US,US,Android,Ecommerce,False,False,stripe,2026-05-26
MX-100000588,Maximor Demo Corp,CUST-004,Brightline Media,GlobalCard,2026,12,24,147,False,430.44,43044,USD,US,US,Windows,Ecommerce,False,False,stripe,2026-05-27
MX-100000589,Maximor Demo Corp,CUST-005,Quiet Harbor,Amex,2026,13,27,148,False,437.57,43757,USD,US,US,MacOS,Ecommerce,False,False,stripe,2026-05-28
MX-100000590,Maximor Demo Corp,CUST-006,Pinnacle Retail,Visa,2026,14,30,149,False,24.7,2470,USD,US,US,iOS,Ecommerce,False,False,adyen,2026-05-29
MX-100000591,Maximor Demo Corp,CUST-007,Atlas Robotics,Mastercard,2026,15,33,150,False,31.83,3183,USD,US,US,Android,Ecommerce,False,False,stripe,2026-05-30
MX-100000592,Maximor Demo Corp,CUST-008,Lumen Labs,NexPay,2026,16,36,151,False,38.96,3896,USD,US,US,Windows,Ecommerce,False,False,stripe,2026-05-31
MX-100000593,Maximor Demo Corp,CUST-009,Northstar LLC,GlobalCard,2026,17,39,152,False,46.09,4609,USD,US,US,MacOS,Ecommerce,False,False,stripe,2026-06-01
MX-100000594,Maximor Demo Corp,CUST-010,Meridian Health,Amex,2026,18,42,153,False,53.22,5322,USD,US,US,iOS,Ecommerce,False,False,stripe,2026-06-02
MX-100000595,Maximor Demo Corp,CUST-011,Beacon Biotech,Visa,2026,19,45,154,True,60.35,6035,USD,US,US,Android,Ecommerce,False,False,adyen,2026-06-03
MX-100000596,Maximor Demo Corp,CUST-012,Copperline Logistics,Mastercard,2026,20,48,155,False,67.48,6748,USD,US,US,Windows,Ecommerce,False,False,stripe,2026-06-04
MX-100000597,Maximor Demo Corp,CUST-013,Summit Civic,NexPay,2026,21,51,156,False,74.61,7461,USD,US,US,MacOS,Ecommerce,False,False,stripe,2026-06-05
MX-100000598,Maximor Demo Corp,CUST-014,Redwood Clinics,GlobalCard,2026,22,54,157,False,81.74,8174,USD,US,US,iOS,Ecommerce,False,False,stripe,2026-06-06
MX-100000599,Maximor Demo Corp,CUST-015,Ironclad Software,Amex,2026,23,57,158,False,88.87,8887,USD,US,US,Android,Ecommerce,False,False,stripe,2026-06-07
MX-100000600,Maximor Demo Corp,CUST-001,Northwind Labs,Visa,2026,0,0,159,False,96.0,9600,USD,US,US,Windows,Ecommerce,False,False,adyen,2026-06-08
MX-100000601,Maximor Demo Corp,CUST-002,Helios Analytics,Mastercard,2026,1,3,160,False,103.13,10313,USD,US,US,MacOS,Ecommerce,False,False,stripe,2026-06-09
MX-100000602,Maximor Demo Corp,CUST-003,Acme Industrial,NexPay,2026,2,6,161,False,110.26,11026,USD,US,US,iOS,Ecommerce,False,False,stripe,2026-06-10
MX-100000603,Maximor Demo Corp,CUST-004,Brightline Media,GlobalCard,2026,3,9,162,False,117.39,11739,USD,US,US,Android,Ecommerce,False,False,stripe,2026-06-11
MX-100000604,Maximor Demo Corp,CUST-005,Quiet Harbor,Amex,2026,4,12,163,False,124.52,12452,USD,US,US,Windows,Ecommerce,False,False,stripe,2026-06-12
MX-100000605,Maximor Demo Corp,CUST-006,Pinnacle Retail,Visa,2026,5,15,164,False,131.65,13165,USD,US,US,MacOS,Ecommerce,False,False,adyen,2026-06-13
MX-100000606,Maximor Demo Corp,CUST-007,Atlas Robotics,Mastercard,2026,6,18,165,False,138.78,13878,USD,US,US,iOS,Ecommerce,False,False,stripe,2026-06-14
MX-100000607,Maximor Demo Corp,CUST-008,Lumen Labs,NexPay,2026,7,21,166,False,145.91,14591,USD,US,US,Android,Ecommerce,False,False,stripe,2026-06-15
MX-100000608,Maximor Demo Corp,CUST-009,Northstar LLC,GlobalCard,2026,8,24,167,False,153.04,15304,USD,US,US,Windows,Ecommerce,False,False,stripe,2026-06-16
MX-100000609,Maximor Demo Corp,CUST-010,Meridian Health,Amex,2026,9,27,168,False,160.17,16017,USD,US,US,MacOS,Ecommerce,False,False,stripe,2026-06-17
MX-100000610,Maximor Demo Corp,CUST-011,Beacon Biotech,Visa,2026,10,30,169,False,167.3,16730,USD,US,US,iOS,Ecommerce,False,False,adyen,2026-06-18
MX-100000611,Maximor Demo Corp,CUST-012,Copperline Logistics,Mastercard,2026,11,33,170,False,174.43,17443,USD,US,US,Android,Ecommerce,False,False,stripe,2026-06-19
MX-100000612,Maximor Demo Corp,CUST-013,Summit Civic,NexPay,2026,12,36,171,True,181.56,18156,USD,US,US,Windows,Ecommerce,False,False,stripe,2026-06-20
MX-100000613,Maximor Demo Corp,CUST-014,Redwood Clinics,GlobalCard,2026,13,39,172,False,188.69,18869,USD,US,US,MacOS,Ecommerce,False,False,stripe,2026-06-21
MX-100000614,Maximor Demo Corp,CUST-015,Ironclad Software,Amex,2026,14,42,173,False,195.82,19582,USD,US,US,iOS,Ecommerce,False,False,stripe,2026-06-22
MX-100000615,Maximor Demo Corp,CUST-001,Northwind Labs,Visa,2026,15,45,174,False,202.95,20295,USD,US,US,Android,Ecommerce,False,False,adyen,2026-06-23
MX-100000616,Maximor Demo Corp,CUST-002,Helios Analytics,Mastercard,2026,16,48,175,False,210.08,21008,USD,US,US,Windows,Ecommerce,False,False,stripe,2026-06-24
MX-100000617,Maximor Demo Corp,CUST-003,Acme Industrial,NexPay,2026,17,51,176,False,217.21,21721,USD,US,US,MacOS,Ecommerce,False,False,stripe,2026-06-25
MX-100000618,Maximor Demo Corp,CUST-004,Brightline Media,GlobalCard,2026,18,54,177,False,224.34,22434,USD,US,US,iOS,Ecommerce,False,False,stripe,2026-06-26
MX-100000619,Maximor Demo Corp,CUST-005,Quiet Harbor,Amex,2026,19,57,178,False,231.47,23147,USD,US,US,Android,Ecommerce,False,False,stripe,2026-06-27
MX-100000620,Maximor Demo Corp,CUST-006,Pinnacle Retail,Visa,2026,20,0,179,False,238.6,23860,USD,US,US,Windows,Ecommerce,False,False,adyen,2026-06-28
MX-100000621,Maximor Demo Corp,CUST-007,Atlas Robotics,Mastercard,2026,21,3,180,False,245.73,24573,USD,US,US,MacOS,Ecommerce,False,False,stripe,2026-06-29
MX-100000622,Maximor Demo Corp,CUST-008,Lumen Labs,NexPay,2026,22,6,181,False,252.86,25286,USD,US,US,iOS,Ecommerce,False,False,stripe,2026-06-30
MX-100000623,Maximor Demo Corp,CUST-009,Northstar LLC,GlobalCard,2026,23,9,182,False,259.99,25999,USD,US,US,Android,Ecommerce,False,False,stripe,2026-07-01
MX-100000624,Maximor Demo Corp,CUST-010,Meridian Health,Amex,2026,0,12,183,False,267.12,26712,USD,US,US,Windows,Ecommerce,False,False,stripe,2026-07-02
MX-100000625,Maximor Demo Corp,CUST-011,Beacon Biotech,Visa,2026,1,15,184,False,274.25,27425,USD,US,US,MacOS,Ecommerce,False,False,adyen,2026-07-03
MX-100000626,Maximor Demo Corp,CUST-012,Copperline Logistics,Mastercard,2026,2,18,185,False,281.38,28138,USD,US,US,iOS,Ecommerce,False,False,stripe,2026-07-04
MX-100000627,Maximor Demo Corp,CUST-013,Summit Civic,NexPay,2026,3,21,186,False,288.51,28851,USD,US,US,Android,Ecommerce,False,False,stripe,2026-07-05
MX-100000628,Maximor Demo Corp,CUST-014,Redwood Clinics,GlobalCard,2026,4,24,187,False,295.64,29564,USD,US,US,Windows,Ecommerce,False,False,stripe,2026-07-06
MX-100000629,Maximor Demo Corp,CUST-015,Ironclad Software,Amex,2026,5,27,188,True,302.77,30277,USD,US,US,MacOS,Ecommerce,False,False,stripe,2026-07-07
MX-100000630,Maximor Demo Corp,CUST-001,Northwind Labs,Visa,2026,6,30,189,False,309.9,30990,USD,US,US,iOS,Ecommerce,False,False,adyen,2026-07-08
MX-100000631,Maximor Demo Corp,CUST-002,Helios Analytics,Mastercard,2026,7,33,190,False,317.03,31703,USD,US,US,Android,Ecommerce,False,False,stripe,2026-07-09
MX-100000632,Maximor Demo Corp,CUST-003,Acme Industrial,NexPay,2026,8,36,191,False,324.16,32416,USD,US,US,Windows,Ecommerce,False,False,stripe,2026-07-10
MX-100000633,Maximor Demo Corp,CUST-004,Brightline Media,GlobalCard,2026,9,39,192,False,331.29,33129,USD,US,US,MacOS,Ecommerce,False,False,stripe,2026-07-11
MX-100000634,Maximor Demo Corp,CUST-005,Quiet Harbor,Amex,2026,10,42,193,False,338.42,33842,USD,US,US,iOS,Ecommerce,False,False,stripe,2026-07-12
MX-100000635,Maximor Demo Corp,CUST-006,Pinnacle Retail,Visa,2026,11,45,194,False,345.55,34555,USD,US,US,Android,Ecommerce,False,False,adyen,2026-07-13
MX-100000636,Maximor Demo Corp,CUST-007,Atlas Robotics,Mastercard,2026,12,48,195,False,352.68,35268,USD,US,US,Windows,Ecommerce,False,False,stripe,2026-07-14
MX-100000637,Maximor Demo Corp,CUST-008,Lumen Labs,NexPay,2026,13,51,196,False,359.81,35981,USD,US,US,MacOS,Ecommerce,False,False,stripe,2026-07-15
MX-100000638,Maximor Demo Corp,CUST-009,Northstar LLC,GlobalCard,2026,14,54,197,False,366.94,36694,USD,US,US,iOS,Ecommerce,False,False,stripe,2026-07-16
MX-100000639,Maximor Demo Corp,CUST-010,Meridian Health,Amex,2026,15,57,198,False,374.07,37407,USD,US,US,Android,Ecommerce,False,False,stripe,2026-07-17
MX-100000640,Maximor Demo Corp,CUST-011,Beacon Biotech,Visa,2026,16,0,199,False,381.2,38120,USD,US,US,Windows,Ecommerce,False,False,adyen,2026-07-18
MX-100000641,Maximor Demo Corp,CUST-012,Copperline Logistics,Mastercard,2026,17,3,200,False,388.33,38833,USD,US,US,MacOS,Ecommerce,False,False,stripe,2026-07-19
MX-100000642,Maximor Demo Corp,CUST-013,Summit Civic,NexPay,2026,18,6,201,False,395.46,39546,USD,US,US,iOS,Ecommerce,False,False,stripe,2026-07-20
MX-100000643,Maximor Demo Corp,CUST-014,Redwood Clinics,GlobalCard,2026,19,9,202,False,402.59,40259,USD,US,US,Android,Ecommerce,False,False,stripe,2026-07-21
MX-100000644,Maximor Demo Corp,CUST-015,Ironclad Software,Amex,2026,20,12,203,False,409.72,40972,USD,US,US,Windows,Ecommerce,False,False,stripe,2026-07-22
MX-100000645,Maximor Demo Corp,CUST-001,Northwind Labs,Visa,2026,21,15,204,False,416.85,41685,USD,US,US,MacOS,Ecommerce,False,False,adyen,2026-07-23
MX-100000646,Maximor Demo Corp,CUST-002,Helios Analytics,Mastercard,2026,22,18,205,True,423.98,42398,USD,US,US,iOS,Ecommerce,False,False,stripe,2026-07-24
MX-100000647,Maximor Demo Corp,CUST-003,Acme Industrial,NexPay,2026,23,21,206,False,431.11,43111,USD,US,US,Android,Ecommerce,False,False,stripe,2026-07-25
MX-100000648,Maximor Demo Corp,CUST-004,Brightline Media,GlobalCard,2026,0,24,207,False,18.24,1824,USD,US,US,Windows,Ecommerce,False,False,stripe,2026-07-26
MX-100000649,Maximor Demo Corp,CUST-005,Quiet Harbor,Amex,2026,1,27,208,False,25.37,2537,USD,US,US,MacOS,Ecommerce,False,False,stripe,2026-07-27
MX-100000650,Maximor Demo Corp,CUST-006,Pinnacle Retail,Visa,2026,2,30,209,False,32.5,3250,USD,US,US,iOS,Ecommerce,False,False,adyen,2026-07-28
MX-100000651,Maximor Demo Corp,CUST-007,Atlas Robotics,Mastercard,2026,3,33,210,False,39.63,3963,USD,US,US,Android,Ecommerce,False,False,stripe,2026-07-29
MX-100000652,Maximor Demo Corp,CUST-008,Lumen Labs,NexPay,2026,4,36,211,False,46.76,4676,USD,US,US,Windows,Ecommerce,False,False,stripe,2026-07-30
MX-100000653,Maximor Demo Corp,CUST-009,Northstar LLC,GlobalCard,2026,5,39,212,False,53.89,5389,USD,US,US,MacOS,Ecommerce,False,False,stripe,2026-07-31
MX-100000654,Maximor Demo Corp,CUST-010,Meridian Health,Amex,2026,6,42,213,False,61.02,6102,USD,US,US,iOS,Ecommerce,False,False,stripe,2026-08-01
MX-100000655,Maximor Demo Corp,CUST-011,Beacon Biotech,Visa,2026,7,45,214,False,68.15,6815,USD,US,US,Android,Ecommerce,False,False,adyen,2026-08-02
MX-100000656,Maximor Demo Corp,CUST-012,Copperline Logistics,Mastercard,2026,8,48,215,False,75.28,7528,USD,US,US,Windows,Ecommerce,False,False,stripe,2026-08-03
MX-100000657,Maximor Demo Corp,CUST-013,Summit Civic,NexPay,2026,9,51,216,False,82.41,8241,USD,US,US,MacOS,Ecommerce,False,False,stripe,2026-08-04
MX-100000658,Maximor Demo Corp,CUST-014,Redwood Clinics,GlobalCard,2026,10,54,217,False,89.54,8954,USD,US,US,iOS,Ecommerce,False,False,stripe,2026-08-05
MX-100000659,Maximor Demo Corp,CUST-015,Ironclad Software,Amex,2026,11,57,218,False,96.67,9667,USD,US,US,Android,Ecommerce,False,False,stripe,2026-08-06
MX-100000660,Maximor Demo Corp,CUST-001,Northwind Labs,Visa,2026,12,0,219,False,103.8,10380,USD,US,US,Windows,Ecommerce,False,False,adyen,2026-08-07
MX-100000661,Maximor Demo Corp,CUST-002,Helios Analytics,Mastercard,2026,13,3,220,False,110.93,11093,USD,US,US,MacOS,Ecommerce,False,False,stripe,2026-08-08
MX-100000662,Maximor Demo Corp,CUST-003,Acme Industrial,NexPay,2026,14,6,221,False,118.06,11806,USD,US,US,iOS,Ecommerce,False,False,stripe,2026-08-09
MX-100000663,Maximor Demo Corp,CUST-004,Brightline Media,GlobalCard,2026,15,9,222,True,125.19,12519,USD,US,US,Android,Ecommerce,False,False,stripe,2026-08-10
MX-100000664,Maximor Demo Corp,CUST-005,Quiet Harbor,Amex,2026,16,12,223,False,132.32,13232,USD,US,US,Windows,Ecommerce,False,False,stripe,2026-08-11
MX-100000665,Maximor Demo Corp,CUST-006,Pinnacle Retail,Visa,2026,17,15,224,False,139.45,13945,USD,US,US,MacOS,Ecommerce,False,False,adyen,2026-08-12
MX-100000666,Maximor Demo Corp,CUST-007,Atlas Robotics,Mastercard,2026,18,18,225,False,146.58,14658,USD,US,US,iOS,Ecommerce,False,False,stripe,2026-08-13
MX-100000667,Maximor Demo Corp,CUST-008,Lumen Labs,NexPay,2026,19,21,226,False,153.71,15371,USD,US,US,Android,Ecommerce,False,False,stripe,2026-08-14
MX-100000668,Maximor Demo Corp,CUST-009,Northstar LLC,GlobalCard,2026,20,24,227,False,160.84,16084,USD,US,US,Windows,Ecommerce,False,False,stripe,2026-08-15
MX-100000669,Maximor Demo Corp,CUST-010,Meridian Health,Amex,2026,21,27,228,False,167.97,16797,USD,US,US,MacOS,Ecommerce,False,False,stripe,2026-08-16
MX-100000670,Maximor Demo Corp,CUST-011,Beacon Biotech,Visa,2026,22,30,229,False,175.1,17510,USD,US,US,iOS,Ecommerce,False,False,adyen,2026-08-17
MX-100000671,Maximor Demo Corp,CUST-012,Copperline Logistics,Mastercard,2026,23,33,230,False,182.23,18223,USD,US,US,Android,Ecommerce,False,False,stripe,2026-08-18
MX-100000672,Maximor Demo Corp,CUST-013,Summit Civic,NexPay,2026,0,36,231,False,189.36,18936,USD,US,US,Windows,Ecommerce,False,False,stripe,2026-08-19
MX-100000673,Maximor Demo Corp,CUST-014,Redwood Clinics,GlobalCard,2026,1,39,232,False,196.49,19649,USD,US,US,MacOS,Ecommerce,False,False,stripe,2026-08-20
MX-100000674,Maximor Demo Corp,CUST-015,Ironclad Software,Amex,2026,2,42,233,False,203.62,20362,USD,US,US,iOS,Ecommerce,False,False,stripe,2026-08-21
MX-100000675,Maximor Demo Corp,CUST-001,Northwind Labs,Visa,2026,3,45,234,False,210.75,21075,USD,US,US,Android,Ecommerce,False,False,adyen,2026-08-22
MX-100000676,Maximor Demo Corp,CUST-002,Helios Analytics,Mastercard,2026,4,48,235,False,217.88,21788,USD,US,US,Windows,Ecommerce,False,False,stripe,2026-08-23
MX-100000677,Maximor Demo Corp,CUST-003,Acme Industrial,NexPay,2026,5,51,236,False,225.01,22501,USD,US,US,MacOS,Ecommerce,False,False,stripe,2026-08-24
MX-100000678,Maximor Demo Corp,CUST-004,Brightline Media,GlobalCard,2026,6,54,237,False,232.14,23214,USD,US,US,iOS,Ecommerce,False,False,stripe,2026-08-25
MX-100000679,Maximor Demo Corp,CUST-005,Quiet Harbor,Amex,2026,7,57,238,False,239.27,23927,USD,US,US,Android,Ecommerce,False,False,stripe,2026-08-26
MX-100000680,Maximor Demo Corp,CUST-006,Pinnacle Retail,Visa,2026,8,0,239,True,246.4,24640,USD,US,US,Windows,Ecommerce,False,False,adyen,2026-08-27
MX-100000681,Maximor Demo Corp,CUST-007,Atlas Robotics,Mastercard,2026,9,3,240,False,253.53,25353,USD,US,US,MacOS,Ecommerce,False,False,stripe,2026-08-28
MX-100000682,Maximor Demo Corp,CUST-008,Lumen Labs,NexPay,2026,10,6,241,False,260.66,26066,USD,US,US,iOS,Ecommerce,False,False,stripe,2026-08-29
MX-100000683,Maximor Demo Corp,CUST-009,Northstar LLC,GlobalCard,2026,11,9,242,False,267.79,26779,USD,US,US,Android,Ecommerce,False,False,stripe,2026-08-30
MX-100000684,Maximor Demo Corp,CUST-010,Meridian Health,Amex,2026,12,12,243,False,274.92,27492,USD,US,US,Windows,Ecommerce,False,False,stripe,2026-08-31
MX-100000685,Maximor Demo Corp,CUST-011,Beacon Biotech,Visa,2026,13,15,244,False,282.05,28205,USD,US,US,MacOS,Ecommerce,False,False,adyen,2026-09-01
MX-100000686,Maximor Demo Corp,CUST-012,Copperline Logistics,Mastercard,2026,14,18,245,False,289.18,28918,USD,US,US,iOS,Ecommerce,False,False,stripe,2026-09-02
MX-100000687,Maximor Demo Corp,CUST-013,Summit Civic,NexPay,2026,15,21,246,False,296.31,29631,USD,US,US,Android,Ecommerce,False,False,stripe,2026-09-03
MX-100000688,Maximor Demo Corp,CUST-014,Redwood Clinics,GlobalCard,2026,16,24,247,False,303.44,30344,USD,US,US,Windows,Ecommerce,False,False,stripe,2026-09-04
MX-100000689,Maximor Demo Corp,CUST-015,Ironclad Software,Amex,2026,17,27,248,False,310.57,31057,USD,US,US,MacOS,Ecommerce,False,False,stripe,2026-09-05
MX-100000690,Maximor Demo Corp,CUST-001,Northwind Labs,Visa,2026,18,30,249,False,317.7,31770,USD,US,US,iOS,Ecommerce,False,False,adyen,2026-09-06
MX-100000691,Maximor Demo Corp,CUST-002,Helios Analytics,Mastercard,2026,19,33,250,False,324.83,32483,USD,US,US,Android,Ecommerce,False,False,stripe,2026-09-07
MX-100000692,Maximor Demo Corp,CUST-003,Acme Industrial,NexPay,2026,20,36,251,False,331.96,33196,USD,US,US,Windows,Ecommerce,False,False,stripe,2026-09-08
MX-100000693,Maximor Demo Corp,CUST-004,Brightline Media,GlobalCard,2026,21,39,252,False,339.09,33909,USD,US,US,MacOS,Ecommerce,False,False,stripe,2026-09-09
MX-100000694,Maximor Demo Corp,CUST-005,Quiet Harbor,Amex,2026,22,42,253,False,346.22,34622,USD,US,US,iOS,Ecommerce,False,False,stripe,2026-09-10
MX-100000695,Maximor Demo Corp,CUST-006,Pinnacle Retail,Visa,2026,23,45,254,False,353.35,35335,USD,US,US,Android,Ecommerce,False,False,adyen,2026-09-11
MX-100000696,Maximor Demo Corp,CUST-007,Atlas Robotics,Mastercard,2026,0,48,255,False,360.48,36048,USD,US,US,Windows,Ecommerce,False,False,stripe,2026-09-12
MX-100000697,Maximor Demo Corp,CUST-008,Lumen Labs,NexPay,2026,1,51,256,True,367.61,36761,USD,US,US,MacOS,Ecommerce,False,False,stripe,2026-09-13
MX-100000698,Maximor Demo Corp,CUST-009,Northstar LLC,GlobalCard,2026,2,54,257,False,374.74,37474,USD,US,US,iOS,Ecommerce,False,False,stripe,2026-09-14
MX-100000699,Maximor Demo Corp,CUST-010,Meridian Health,Amex,2026,3,57,258,False,381.87,38187,USD,US,US,Android,Ecommerce,False,False,stripe,2026-09-15
MX-100000700,Maximor Demo Corp,CUST-011,Beacon Biotech,Visa,2025,4,0,274,False,389.0,38900,USD,US,US,Windows,Ecommerce,False,False,adyen,2025-10-01
MX-100000701,Maximor Demo Corp,CUST-012,Copperline Logistics,Mastercard,2025,5,3,275,False,396.13,39613,USD,US,US,MacOS,Ecommerce,False,False,stripe,2025-10-02
MX-100000702,Maximor Demo Corp,CUST-013,Summit Civic,NexPay,2025,6,6,276,False,403.26,40326,USD,US,US,iOS,Ecommerce,False,False,stripe,2025-10-03
MX-100000703,Maximor Demo Corp,CUST-014,Redwood Clinics,GlobalCard,2025,7,9,277,False,410.39,41039,USD,US,US,Android,Ecommerce,False,False,stripe,2025-10-04
MX-100000704,Maximor Demo Corp,CUST-015,Ironclad Software,Amex,2025,8,12,278,False,417.52,41752,USD,US,US,Windows,Ecommerce,False,False,stripe,2025-10-05
MX-100000705,Maximor Demo Corp,CUST-001,Northwind Labs,Visa,2025,9,15,279,False,424.65,42465,USD,US,US,MacOS,Ecommerce,False,False,adyen,2025-10-06
MX-100000706,Maximor Demo Corp,CUST-002,Helios Analytics,Mastercard,2025,10,18,280,False,431.78,43178,USD,US,US,iOS,Ecommerce,False,False,stripe,2025-10-07
MX-100000707,Maximor Demo Corp,CUST-003,Acme Industrial,NexPay,2025,11,21,281,False,18.91,1891,USD,US,US,Android,Ecommerce,False,False,stripe,2025-10-08
MX-100000708,Maximor Demo Corp,CUST-004,Brightline Media,GlobalCard,2025,12,24,282,False,26.04,2604,USD,US,US,Windows,Ecommerce,False,False,stripe,2025-10-09
MX-100000709,Maximor Demo Corp,CUST-005,Quiet Harbor,Amex,2025,13,27,283,False,33.17,3317,USD,US,US,MacOS,Ecommerce,False,False,stripe,2025-10-10
MX-100000710,Maximor Demo Corp,CUST-006,Pinnacle Retail,Visa,2025,14,30,284,False,40.3,4030,USD,US,US,iOS,Ecommerce,False,False,adyen,2025-10-11
MX-100000711,Maximor Demo Corp,CUST-007,Atlas Robotics,Mastercard,2025,15,33,285,False,47.43,4743,USD,US,US,Android,Ecommerce,False,False,stripe,2025-10-12
MX-100000712,Maximor Demo Corp,CUST-008,Lumen Labs,NexPay,2025,16,36,286,False,54.56,5456,USD,US,US,Windows,Ecommerce,False,False,stripe,2025-10-13
MX-100000713,Maximor Demo Corp,CUST-009,Northstar LLC,GlobalCard,2025,17,39,287,False,61.69,6169,USD,US,US,MacOS,Ecommerce,False,False,stripe,2025-10-14
MX-100000714,Maximor Demo Corp,CUST-010,Meridian Health,Amex,2025,18,42,288,True,68.82,6882,USD,US,US,iOS,Ecommerce,False,False,stripe,2025-10-15
MX-100000715,Maximor Demo Corp,CUST-011,Beacon Biotech,Visa,2025,19,45,289,False,75.95,7595,USD,US,US,Android,Ecommerce,False,False,adyen,2025-10-16
MX-100000716,Maximor Demo Corp,CUST-012,Copperline Logistics,Mastercard,2025,20,48,290,False,83.08,8308,USD,US,US,Windows,Ecommerce,False,False,stripe,2025-10-17
MX-100000717,Maximor Demo Corp,CUST-013,Summit Civic,NexPay,2025,21,51,291,False,90.21,9021,USD,US,US,MacOS,Ecommerce,False,False,stripe,2025-10-18
MX-100000718,Maximor Demo Corp,CUST-014,Redwood Clinics,GlobalCard,2025,22,54,292,False,97.34,9734,USD,US,US,iOS,Ecommerce,False,False,stripe,2025-10-19
MX-100000719,Maximor Demo Corp,CUST-015,Ironclad Software,Amex,2025,23,57,293,False,104.47,10447,USD,US,US,Android,Ecommerce,False,False,stripe,2025-10-20
MX-100000720,Maximor Demo Corp,CUST-001,Northwind Labs,Visa,2025,0,0,294,False,111.6,11160,USD,US,US,Windows,Ecommerce,False,False,adyen,2025-10-21
MX-100000721,Maximor Demo Corp,CUST-002,Helios Analytics,Mastercard,2025,1,3,295,False,118.73,11873,USD,US,US,MacOS,Ecommerce,False,False,stripe,2025-10-22
MX-100000722,Maximor Demo Corp,CUST-003,Acme Industrial,NexPay,2025,2,6,296,False,125.86,12586,USD,US,US,iOS,Ecommerce,False,False,stripe,2025-10-23
MX-100000723,Maximor Demo Corp,CUST-004,Brightline Media,GlobalCard,2025,3,9,297,False,132.99,13299,USD,US,US,Android,Ecommerce,False,False,stripe,2025-10-24
MX-100000724,Maximor Demo Corp,CUST-005,Quiet Harbor,Amex,2025,4,12,298,False,140.12,14012,USD,US,US,Windows,Ecommerce,False,False,stripe,2025-10-25
MX-100000725,Maximor Demo Corp,CUST-006,Pinnacle Retail,Visa,2025,5,15,299,False,147.25,14725,USD,US,US,MacOS,Ecommerce,False,False,adyen,2025-10-26
MX-100000726,Maximor Demo Corp,CUST-007,Atlas Robotics,Mastercard,2025,6,18,300,False,154.38,15438,USD,US,US,iOS,Ecommerce,False,False,stripe,2025-10-27
MX-100000727,Maximor Demo Corp,CUST-008,Lumen Labs,NexPay,2025,7,21,301,False,161.51,16151,USD,US,US,Android,Ecommerce,False,False,stripe,2025-10-28
MX-100000728,Maximor Demo Corp,CUST-009,Northstar LLC,GlobalCard,2025,8,24,302,False,168.64,16864,USD,US,US,Windows,Ecommerce,False,False,stripe,2025-10-29
MX-100000729,Maximor Demo Corp,CUST-010,Meridian Health,Amex,2025,9,27,303,False,175.77,17577,USD,US,US,MacOS,Ecommerce,False,False,stripe,2025-10-30
MX-100000730,Maximor Demo Corp,CUST-011,Beacon Biotech,Visa,2025,10,30,304,False,182.9,18290,USD,US,US,iOS,Ecommerce,False,False,adyen,2025-10-31
MX-100000731,Maximor Demo Corp,CUST-012,Copperline Logistics,Mastercard,2025,11,33,305,True,190.03,19003,USD,US,US,Android,Ecommerce,False,False,stripe,2025-11-01
MX-100000732,Maximor Demo Corp,CUST-013,Summit Civic,NexPay,2025,12,36,306,False,197.16,19716,USD,US,US,Windows,Ecommerce,False,False,stripe,2025-11-02
MX-100000733,Maximor Demo Corp,CUST-014,Redwood Clinics,GlobalCard,2025,13,39,307,False,204.29,20429,USD,US,US,MacOS,Ecommerce,False,False,stripe,2025-11-03
MX-100000734,Maximor Demo Corp,CUST-015,Ironclad Software,Amex,2025,14,42,308,False,211.42,21142,USD,US,US,iOS,Ecommerce,False,False,stripe,2025-11-04
MX-100000735,Maximor Demo Corp,CUST-001,Northwind Labs,Visa,2025,15,45,309,False,218.55,21855,USD,US,US,Android,Ecommerce,False,False,adyen,2025-11-05
MX-100000736,Maximor Demo Corp,CUST-002,Helios Analytics,Mastercard,2025,16,48,310,False,225.68,22568,USD,US,US,Windows,Ecommerce,False,False,stripe,2025-11-06
MX-100000737,Maximor Demo Corp,CUST-003,Acme Industrial,NexPay,2025,17,51,311,False,232.81,23281,USD,US,US,MacOS,Ecommerce,False,False,stripe,2025-11-07
MX-100000738,Maximor Demo Corp,CUST-004,Brightline Media,GlobalCard,2025,18,54,312,False,239.94,23994,USD,US,US,iOS,Ecommerce,False,False,stripe,2025-11-08
MX-100000739,Maximor Demo Corp,CUST-005,Quiet Harbor,Amex,2025,19,57,313,False,247.07,24707,USD,US,US,Android,Ecommerce,False,False,stripe,2025-11-09
MX-100000740,Maximor Demo Corp,CUST-006,Pinnacle Retail,Visa,2025,20,0,314,False,254.2,25420,USD,US,US,Windows,Ecommerce,False,False,adyen,2025-11-10
MX-100000741,Maximor Demo Corp,CUST-007,Atlas Robotics,Mastercard,2025,21,3,315,False,261.33,26133,USD,US,US,MacOS,Ecommerce,False,False,stripe,2025-11-11
MX-100000742,Maximor Demo Corp,CUST-008,Lumen Labs,NexPay,2025,22,6,316,False,268.46,26846,USD,US,US,iOS,Ecommerce,False,False,stripe,2025-11-12
MX-100000743,Maximor Demo Corp,CUST-009,Northstar LLC,GlobalCard,2025,23,9,317,False,275.59,27559,USD,US,US,Android,Ecommerce,False,False,stripe,2025-11-13
MX-100000744,Maximor Demo Corp,CUST-010,Meridian Health,Amex,2025,0,12,318,False,282.72,28272,USD,US,US,Windows,Ecommerce,False,False,stripe,2025-11-14
MX-100000745,Maximor Demo Corp,CUST-011,Beacon Biotech,Visa,2025,1,15,319,False,289.85,28985,USD,US,US,MacOS,Ecommerce,False,False,adyen,2025-11-15
MX-100000746,Maximor Demo Corp,CUST-012,Copperline Logistics,Mastercard,2025,2,18,320,False,296.98,29698,USD,US,US,iOS,Ecommerce,False,False,stripe,2025-11-16
MX-100000747,Maximor Demo Corp,CUST-013,Summit Civic,NexPay,2025,3,21,321,False,304.11,30411,USD,US,US,Android,Ecommerce,False,False,stripe,2025-11-17
MX-100000748,Maximor Demo Corp,CUST-014,Redwood Clinics,GlobalCard,2025,4,24,322,True,311.24,31124,USD,US,US,Windows,Ecommerce,False,False,stripe,2025-11-18
MX-100000749,Maximor Demo Corp,CUST-015,Ironclad Software,Amex,2025,5,27,323,False,318.37,31837,USD,US,US,MacOS,Ecommerce,False,False,stripe,2025-11-19
MX-100000750,Maximor Demo Corp,CUST-001,Northwind Labs,Visa,2025,6,30,324,False,325.5,32550,USD,US,US,iOS,Ecommerce,False,False,adyen,2025-11-20
MX-100000751,Maximor Demo Corp,CUST-002,Helios Analytics,Mastercard,2025,7,33,325,False,332.63,33263,USD,US,US,Android,Ecommerce,False,False,stripe,2025-11-21
MX-100000752,Maximor Demo Corp,CUST-003,Acme Industrial,NexPay,2025,8,36,326,False,339.76,33976,USD,US,US,Windows,Ecommerce,False,False,stripe,2025-11-22
MX-100000753,Maximor Demo Corp,CUST-004,Brightline Media,GlobalCard,2025,9,39,327,False,346.89,34689,USD,US,US,MacOS,Ecommerce,False,False,stripe,2025-11-23
MX-100000754,Maximor Demo Corp,CUST-005,Quiet Harbor,Amex,2025,10,42,328,False,354.02,35402,USD,US,US,iOS,Ecommerce,False,False,stripe,2025-11-24
MX-100000755,Maximor Demo Corp,CUST-006,Pinnacle Retail,Visa,2025,11,45,329,False,361.15,36115,USD,US,US,Android,Ecommerce,False,False,adyen,2025-11-25
MX-100000756,Maximor Demo Corp,CUST-007,Atlas Robotics,Mastercard,2025,12,48,330,False,368.28,36828,USD,US,US,Windows,Ecommerce,False,False,stripe,2025-11-26
MX-100000757,Maximor Demo Corp,CUST-008,Lumen Labs,NexPay,2025,13,51,331,False,375.41,37541,USD,US,US,MacOS,Ecommerce,False,False,stripe,2025-11-27
MX-100000758,Maximor Demo Corp,CUST-009,Northstar LLC,GlobalCard,2025,14,54,332,False,382.54,38254,USD,US,US,iOS,Ecommerce,False,False,stripe,2025-11-28
MX-100000759,Maximor Demo Corp,CUST-010,Meridian Health,Amex,2025,15,57,333,False,389.67,38967,USD,US,US,Android,Ecommerce,False,False,stripe,2025-11-29
MX-100000760,Maximor Demo Corp,CUST-011,Beacon Biotech,Visa,2025,16,0,334,False,396.8,39680,USD,US,US,Windows,Ecommerce,False,False,adyen,2025-11-30
MX-100000761,Maximor Demo Corp,CUST-012,Copperline Logistics,Mastercard,2025,17,3,335,False,403.93,40393,USD,US,US,MacOS,Ecommerce,False,False,stripe,2025-12-01
MX-100000762,Maximor Demo Corp,CUST-013,Summit Civic,NexPay,2025,18,6,336,False,411.06,41106,USD,US,US,iOS,Ecommerce,False,False,stripe,2025-12-02
MX-100000763,Maximor Demo Corp,CUST-014,Redwood Clinics,GlobalCard,2025,19,9,337,False,418.19,41819,USD,US,US,Android,Ecommerce,False,False,stripe,2025-12-03
MX-100000764,Maximor Demo Corp,CUST-015,Ironclad Software,Amex,2025,20,12,338,False,425.32,42532,USD,US,US,Windows,Ecommerce,False,False,stripe,2025-12-04
MX-100000765,Maximor Demo Corp,CUST-001,Northwind Labs,Visa,2025,21,15,339,True,432.45,43245,USD,US,US,MacOS,Ecommerce,False,False,adyen,2025-12-05
MX-100000766,Maximor Demo Corp,CUST-002,Helios Analytics,Mastercard,2025,22,18,340,False,19.58,1958,USD,US,US,iOS,Ecommerce,False,False,stripe,2025-12-06
MX-100000767,Maximor Demo Corp,CUST-003,Acme Industrial,NexPay,2025,23,21,341,False,26.71,2671,USD,US,US,Android,Ecommerce,False,False,stripe,2025-12-07
MX-100000768,Maximor Demo Corp,CUST-004,Brightline Media,GlobalCard,2025,0,24,342,False,33.84,3384,USD,US,US,Windows,Ecommerce,False,False,stripe,2025-12-08
MX-100000769,Maximor Demo Corp,CUST-005,Quiet Harbor,Amex,2025,1,27,343,False,40.97,4097,USD,US,US,MacOS,Ecommerce,False,False,stripe,2025-12-09
MX-100000770,Maximor Demo Corp,CUST-006,Pinnacle Retail,Visa,2025,2,30,344,False,48.1,4810,USD,US,US,iOS,Ecommerce,False,False,adyen,2025-12-10
MX-100000771,Maximor Demo Corp,CUST-007,Atlas Robotics,Mastercard,2025,3,33,345,False,55.23,5523,USD,US,US,Android,Ecommerce,False,False,stripe,2025-12-11
MX-100000772,Maximor Demo Corp,CUST-008,Lumen Labs,NexPay,2025,4,36,346,False,62.36,6236,USD,US,US,Windows,Ecommerce,False,False,stripe,2025-12-12
MX-100000773,Maximor Demo Corp,CUST-009,Northstar LLC,GlobalCard,2025,5,39,347,False,69.49,6949,USD,US,US,MacOS,Ecommerce,False,False,stripe,2025-12-13
MX-100000774,Maximor Demo Corp,CUST-010,Meridian Health,Amex,2025,6,42,348,False,76.62,7662,USD,US,US,iOS,Ecommerce,False,False,stripe,2025-12-14
MX-100000775,Maximor Demo Corp,CUST-011,Beacon Biotech,Visa,2025,7,45,349,False,83.75,8375,USD,US,US,Android,Ecommerce,False,False,adyen,2025-12-15
MX-100000776,Maximor Demo Corp,CUST-012,Copperline Logistics,Mastercard,2025,8,48,350,False,90.88,9088,USD,US,US,Windows,Ecommerce,False,False,stripe,2025-12-16
MX-100000777,Maximor Demo Corp,CUST-013,Summit Civic,NexPay,2025,9,51,351,False,98.01,9801,USD,US,US,MacOS,Ecommerce,False,False,stripe,2025-12-17
MX-100000778,Maximor Demo Corp,CUST-014,Redwood Clinics,GlobalCard,2025,10,54,352,False,105.14,10514,USD,US,US,iOS,Ecommerce,False,False,stripe,2025-12-18
MX-100000779,Maximor Demo Corp,CUST-015,Ironclad Software,Amex,2025,11,57,353,False,112.27,11227,USD,US,US,Android,Ecommerce,False,False,stripe,2025-12-19
MX-100000780,Maximor Demo Corp,CUST-001,Northwind Labs,Visa,2025,12,0,354,False,119.4,11940,USD,US,US,Windows,Ecommerce,False,False,adyen,2025-12-20
MX-100000781,Maximor Demo Corp,CUST-002,Helios Analytics,Mastercard,2025,13,3,355,False,126.53,12653,USD,US,US,MacOS,Ecommerce,False,False,stripe,2025-12-21
MX-100000782,Maximor Demo Corp,CUST-003,Acme Industrial,NexPay,2025,14,6,356,True,133.66,13366,USD,US,US,iOS,Ecommerce,False,False,stripe,2025-12-22
MX-100000783,Maximor Demo Corp,CUST-004,Brightline Media,GlobalCard,2025,15,9,357,False,140.79,14079,USD,US,US,Android,Ecommerce,False,False,stripe,2025-12-23
MX-100000784,Maximor Demo Corp,CUST-005,Quiet Harbor,Amex,2025,16,12,358,False,147.92,14792,USD,US,US,Windows,Ecommerce,False,False,stripe,2025-12-24
MX-100000785,Maximor Demo Corp,CUST-006,Pinnacle Retail,Visa,2025,17,15,359,False,155.05,15505,USD,US,US,MacOS,Ecommerce,False,False,adyen,2025-12-25
MX-100000786,Maximor Demo Corp,CUST-007,Atlas Robotics,Mastercard,2025,18,18,360,False,162.18,16218,USD,US,US,iOS,Ecommerce,False,False,stripe,2025-12-26
MX-100000787,Maximor Demo Corp,CUST-008,Lumen Labs,NexPay,2025,19,21,361,False,169.31,16931,USD,US,US,Android,Ecommerce,False,False,stripe,2025-12-27
MX-100000788,Maximor Demo Corp,CUST-009,Northstar LLC,GlobalCard,2025,20,24,362,False,176.44,17644,USD,US,US,Windows,Ecommerce,False,False,stripe,2025-12-28
MX-100000789,Maximor Demo Corp,CUST-010,Meridian Health,Amex,2025,21,27,363,False,183.57,18357,USD,US,US,MacOS,Ecommerce,False,False,stripe,2025-12-29
MX-100000790,Maximor Demo Corp,CUST-011,Beacon Biotech,Visa,2025,22,30,364,False,190.7,19070,USD,US,US,iOS,Ecommerce,False,False,adyen,2025-12-30
MX-100000791,Maximor Demo Corp,CUST-012,Copperline Logistics,Mastercard,2025,23,33,365,False,197.83,19783,USD,US,US,Android,Ecommerce,False,False,stripe,2025-12-31
MX-100000792,Maximor Demo Corp,CUST-013,Summit Civic,NexPay,2026,0,36,1,False,204.96,20496,USD,US,US,Windows,Ecommerce,False,False,stripe,2026-01-01
MX-100000793,Maximor Demo Corp,CUST-014,Redwood Clinics,GlobalCard,2026,1,39,2,False,212.09,21209,USD,US,US,MacOS,Ecommerce,False,False,stripe,2026-01-02
MX-100000794,Maximor Demo Corp,CUST-015,Ironclad Software,Amex,2026,2,42,3,False,219.22,21922,USD,US,US,iOS,Ecommerce,False,False,stripe,2026-01-03
MX-100000795,Maximor Demo Corp,CUST-001,Northwind Labs,Visa,2026,3,45,4,False,226.35,22635,USD,US,US,Android,Ecommerce,False,False,adyen,2026-01-04
MX-100000796,Maximor Demo Corp,CUST-002,Helios Analytics,Mastercard,2026,4,48,5,False,233.48,23348,USD,US,US,Windows,Ecommerce,False,False,stripe,2026-01-05
MX-100000797,Maximor Demo Corp,CUST-003,Acme Industrial,NexPay,2026,5,51,6,False,240.61,24061,USD,US,US,MacOS,Ecommerce,False,False,stripe,2026-01-06
MX-100000798,Maximor Demo Corp,CUST-004,Brightline Media,GlobalCard,2026,6,54,7,False,247.74,24774,USD,US,US,iOS,Ecommerce,False,False,stripe,2026-01-07
MX-100000799,Maximor Demo Corp,CUST-005,Quiet Harbor,Amex,2026,7,57,8,True,254.87,25487,USD,US,US,Android,Ecommerce,False,False,stripe,2026-01-08
MX-100000800,Maximor Demo Corp,CUST-006,Pinnacle Retail,Visa,2026,8,0,9,False,262.0,26200,USD,US,US,Windows,Ecommerce,False,False,adyen,2026-01-09
MX-100000801,Maximor Demo Corp,CUST-007,Atlas Robotics,Mastercard,2026,9,3,10,False,269.13,26913,USD,US,US,MacOS,Ecommerce,False,False,stripe,2026-01-10
MX-100000802,Maximor Demo Corp,CUST-008,Lumen Labs,NexPay,2026,10,6,11,False,276.26,27626,USD,US,US,iOS,Ecommerce,False,False,stripe,2026-01-11
MX-100000803,Maximor Demo Corp,CUST-009,Northstar LLC,GlobalCard,2026,11,9,12,False,283.39,28339,USD,US,US,Android,Ecommerce,False,False,stripe,2026-01-12
MX-100000804,Maximor Demo Corp,CUST-010,Meridian Health,Amex,2026,12,12,13,False,290.52,29052,USD,US,US,Windows,Ecommerce,False,False,stripe,2026-01-13
MX-100000805,Maximor Demo Corp,CUST-011,Beacon Biotech,Visa,2026,13,15,14,False,297.65,29765,USD,US,US,MacOS,Ecommerce,False,False,adyen,2026-01-14
MX-100000806,Maximor Demo Corp,CUST-012,Copperline Logistics,Mastercard,2026,14,18,15,False,304.78,30478,USD,US,US,iOS,Ecommerce,False,False,stripe,2026-01-15
MX-100000807,Maximor Demo Corp,CUST-013,Summit Civic,NexPay,2026,15,21,16,False,311.91,31191,USD,US,US,Android,Ecommerce,False,False,stripe,2026-01-16
MX-100000808,Maximor Demo Corp,CUST-014,Redwood Clinics,GlobalCard,2026,16,24,17,False,319.04,31904,USD,US,US,Windows,Ecommerce,False,False,stripe,2026-01-17
MX-100000809,Maximor Demo Corp,CUST-015,Ironclad Software,Amex,2026,17,27,18,False,326.17,32617,USD,US,US,MacOS,Ecommerce,False,False,stripe,2026-01-18
MX-100000810,Maximor Demo Corp,CUST-001,Northwind Labs,Visa,2026,18,30,19,False,333.3,33330,USD,US,US,iOS,Ecommerce,False,False,adyen,2026-01-19
MX-100000811,Maximor Demo Corp,CUST-002,Helios Analytics,Mastercard,2026,19,33,20,False,340.43,34043,USD,US,US,Android,Ecommerce,False,False,stripe,2026-01-20
MX-100000812,Maximor Demo Corp,CUST-003,Acme Industrial,NexPay,2026,20,36,21,False,347.56,34756,USD,US,US,Windows,Ecommerce,False,False,stripe,2026-01-21
MX-100000813,Maximor Demo Corp,CUST-004,Brightline Media,GlobalCard,2026,21,39,22,False,354.69,35469,USD,US,US,MacOS,Ecommerce,False,False,stripe,2026-01-22
MX-100000814,Maximor Demo Corp,CUST-005,Quiet Harbor,Amex,2026,22,42,23,False,361.82,36182,USD,US,US,iOS,Ecommerce,False,False,stripe,2026-01-23
MX-100000815,Maximor Demo Corp,CUST-006,Pinnacle Retail,Visa,2026,23,45,24,False,368.95,36895,USD,US,US,Android,Ecommerce,False,False,adyen,2026-01-24
MX-100000816,Maximor Demo Corp,CUST-007,Atlas Robotics,Mastercard,2026,0,48,25,True,376.08,37608,USD,US,US,Windows,Ecommerce,False,False,stripe,2026-01-25
MX-100000817,Maximor Demo Corp,CUST-008,Lumen Labs,NexPay,2026,1,51,26,False,383.21,38321,USD,US,US,MacOS,Ecommerce,False,False,stripe,2026-01-26
MX-100000818,Maximor Demo Corp,CUST-009,Northstar LLC,GlobalCard,2026,2,54,27,False,390.34,39034,USD,US,US,iOS,Ecommerce,False,False,stripe,2026-01-27
MX-100000819,Maximor Demo Corp,CUST-010,Meridian Health,Amex,2026,3,57,28,False,397.47,39747,USD,US,US,Android,Ecommerce,False,False,stripe,2026-01-28
MX-100000820,Maximor Demo Corp,CUST-011,Beacon Biotech,Visa,2026,4,0,29,False,404.6,40460,USD,US,US,Windows,Ecommerce,False,False,adyen,2026-01-29
MX-100000821,Maximor Demo Corp,CUST-012,Copperline Logistics,Mastercard,2026,5,3,30,False,411.73,41173,USD,US,US,MacOS,Ecommerce,False,False,stripe,2026-01-30
MX-100000822,Maximor Demo Corp,CUST-013,Summit Civic,NexPay,2026,6,6,31,False,418.86,41886,USD,US,US,iOS,Ecommerce,False,False,stripe,2026-01-31
MX-100000823,Maximor Demo Corp,CUST-014,Redwood Clinics,GlobalCard,2026,7,9,32,False,425.99,42599,USD,US,US,Android,Ecommerce,False,False,stripe,2026-02-01
MX-100000824,Maximor Demo Corp,CUST-015,Ironclad Software,Amex,2026,8,12,33,False,433.12,43312,USD,US,US,Windows,Ecommerce,False,False,stripe,2026-02-02
MX-100000825,Maximor Demo Corp,CUST-001,Northwind Labs,Visa,2026,9,15,34,False,20.25,2025,USD,US,US,MacOS,Ecommerce,False,False,adyen,2026-02-03
MX-100000826,Maximor Demo Corp,CUST-002,Helios Analytics,Mastercard,2026,10,18,35,False,27.38,2738,USD,US,US,iOS,Ecommerce,False,False,stripe,2026-02-04
MX-100000827,Maximor Demo Corp,CUST-003,Acme Industrial,NexPay,2026,11,21,36,False,34.51,3451,USD,US,US,Android,Ecommerce,False,False,stripe,2026-02-05
MX-100000828,Maximor Demo Corp,CUST-004,Brightline Media,GlobalCard,2026,12,24,37,False,41.64,4164,USD,US,US,Windows,Ecommerce,False,False,stripe,2026-02-06
MX-100000829,Maximor Demo Corp,CUST-005,Quiet Harbor,Amex,2026,13,27,38,False,48.77,4877,USD,US,US,MacOS,Ecommerce,False,False,stripe,2026-02-07
MX-100000830,Maximor Demo Corp,CUST-006,Pinnacle Retail,Visa,2026,14,30,39,False,55.9,5590,USD,US,US,iOS,Ecommerce,False,False,adyen,2026-02-08
MX-100000831,Maximor Demo Corp,CUST-007,Atlas Robotics,Mastercard,2026,15,33,40,False,63.03,6303,USD,US,US,Android,Ecommerce,False,False,stripe,2026-02-09
MX-100000832,Maximor Demo Corp,CUST-008,Lumen Labs,NexPay,2026,16,36,41,False,70.16,7016,USD,US,US,Windows,Ecommerce,False,False,stripe,2026-02-10
MX-100000833,Maximor Demo Corp,CUST-009,Northstar LLC,GlobalCard,2026,17,39,42,True,77.29,7729,USD,US,US,MacOS,Ecommerce,False,False,stripe,2026-02-11
MX-100000834,Maximor Demo Corp,CUST-010,Meridian Health,Amex,2026,18,42,43,False,84.42,8442,USD,US,US,iOS,Ecommerce,False,False,stripe,2026-02-12
MX-100000835,Maximor Demo Corp,CUST-011,Beacon Biotech,Visa,2026,19,45,44,False,91.55,9155,USD,US,US,Android,Ecommerce,False,False,adyen,2026-02-13
MX-100000836,Maximor Demo Corp,CUST-012,Copperline Logistics,Mastercard,2026,20,48,45,False,98.68,9868,USD,US,US,Windows,Ecommerce,False,False,stripe,2026-02-14
MX-100000837,Maximor Demo Corp,CUST-013,Summit Civic,NexPay,2026,21,51,46,False,105.81,10581,USD,US,US,MacOS,Ecommerce,False,False,stripe,2026-02-15
MX-100000838,Maximor Demo Corp,CUST-014,Redwood Clinics,GlobalCard,2026,22,54,47,False,112.94,11294,USD,US,US,iOS,Ecommerce,False,False,stripe,2026-02-16
MX-100000839,Maximor Demo Corp,CUST-015,Ironclad Software,Amex,2026,23,57,48,False,120.07,12007,USD,US,US,Android,Ecommerce,False,False,stripe,2026-02-17
MX-100000840,Maximor Demo Corp,CUST-001,Northwind Labs,Visa,2026,0,0,49,False,127.2,12720,USD,US,US,Windows,Ecommerce,False,False,adyen,2026-02-18
MX-100000841,Maximor Demo Corp,CUST-002,Helios Analytics,Mastercard,2026,1,3,50,False,134.33,13433,USD,US,US,MacOS,Ecommerce,False,False,stripe,2026-02-19
MX-100000842,Maximor Demo Corp,CUST-003,Acme Industrial,NexPay,2026,2,6,51,False,141.46,14146,USD,US,US,iOS,Ecommerce,False,False,stripe,2026-02-20
MX-100000843,Maximor Demo Corp,CUST-004,Brightline Media,GlobalCard,2026,3,9,52,False,148.59,14859,USD,US,US,Android,Ecommerce,False,False,stripe,2026-02-21
MX-100000844,Maximor Demo Corp,CUST-005,Quiet Harbor,Amex,2026,4,12,53,False,155.72,15572,USD,US,US,Windows,Ecommerce,False,False,stripe,2026-02-22
MX-100000845,Maximor Demo Corp,CUST-006,Pinnacle Retail,Visa,2026,5,15,54,False,162.85,16285,USD,US,US,MacOS,Ecommerce,False,False,adyen,2026-02-23
MX-100000846,Maximor Demo Corp,CUST-007,Atlas Robotics,Mastercard,2026,6,18,55,False,169.98,16998,USD,US,US,iOS,Ecommerce,False,False,stripe,2026-02-24
MX-100000847,Maximor Demo Corp,CUST-008,Lumen Labs,NexPay,2026,7,21,56,False,177.11,17711,USD,US,US,Android,Ecommerce,False,False,stripe,2026-02-25
MX-100000848,Maximor Demo Corp,CUST-009,Northstar LLC,GlobalCard,2026,8,24,57,False,184.24,18424,USD,US,US,Windows,Ecommerce,False,False,stripe,2026-02-26
MX-100000849,Maximor Demo Corp,CUST-010,Meridian Health,Amex,2026,9,27,58,False,191.37,19137,USD,US,US,MacOS,Ecommerce,False,False,stripe,2026-02-27
MX-100000850,Maximor Demo Corp,CUST-011,Beacon Biotech,Visa,2026,10,30,59,True,198.5,19850,USD,US,US,iOS,Ecommerce,False,False,adyen,2026-02-28
MX-100000851,Maximor Demo Corp,CUST-012,Copperline Logistics,Mastercard,2026,11,33,60,False,205.63,20563,USD,US,US,Android,Ecommerce,False,False,stripe,2026-03-01
MX-100000852,Maximor Demo Corp,CUST-013,Summit Civic,NexPay,2026,12,36,61,False,212.76,21276,USD,US,US,Windows,Ecommerce,False,False,stripe,2026-03-02
MX-100000853,Maximor Demo Corp,CUST-014,Redwood Clinics,GlobalCard,2026,13,39,62,False,219.89,21989,USD,US,US,MacOS,Ecommerce,False,False,stripe,2026-03-03
MX-100000854,Maximor Demo Corp,CUST-015,Ironclad Software,Amex,2026,14,42,63,False,227.02,22702,USD,US,US,iOS,Ecommerce,False,False,stripe,2026-03-04
MX-100000855,Maximor Demo Corp,CUST-001,Northwind Labs,Visa,2026,15,45,64,False,234.15,23415,USD,US,US,Android,Ecommerce,False,False,adyen,2026-03-05
MX-100000856,Maximor Demo Corp,CUST-002,Helios Analytics,Mastercard,2026,16,48,65,False,241.28,24128,USD,US,US,Windows,Ecommerce,False,False,stripe,2026-03-06
MX-100000857,Maximor Demo Corp,CUST-003,Acme Industrial,NexPay,2026,17,51,66,False,248.41,24841,USD,US,US,MacOS,Ecommerce,False,False,stripe,2026-03-07
MX-100000858,Maximor Demo Corp,CUST-004,Brightline Media,GlobalCard,2026,18,54,67,False,255.54,25554,USD,US,US,iOS,Ecommerce,False,False,stripe,2026-03-08
MX-100000859,Maximor Demo Corp,CUST-005,Quiet Harbor,Amex,2026,19,57,68,False,262.67,26267,USD,US,US,Android,Ecommerce,False,False,stripe,2026-03-09
MX-100000860,Maximor Demo Corp,CUST-006,Pinnacle Retail,Visa,2026,20,0,69,False,269.8,26980,USD,US,US,Windows,Ecommerce,False,False,adyen,2026-03-10
MX-100000861,Maximor Demo Corp,CUST-007,Atlas Robotics,Mastercard,2026,21,3,70,False,276.93,27693,USD,US,US,MacOS,Ecommerce,False,False,stripe,2026-03-11
MX-100000862,Maximor Demo Corp,CUST-008,Lumen Labs,NexPay,2026,22,6,71,False,284.06,28406,USD,US,US,iOS,Ecommerce,False,False,stripe,2026-03-12
MX-100000863,Maximor Demo Corp,CUST-009,Northstar LLC,GlobalCard,2026,23,9,72,False,291.19,29119,USD,US,US,Android,Ecommerce,False,False,stripe,2026-03-13
MX-100000864,Maximor Demo Corp,CUST-010,Meridian Health,Amex,2026,0,12,73,False,298.32,29832,USD,US,US,Windows,Ecommerce,False,False,stripe,2026-03-14
MX-100000865,Maximor Demo Corp,CUST-011,Beacon Biotech,Visa,2026,1,15,74,False,305.45,30545,USD,US,US,MacOS,Ecommerce,False,False,adyen,2026-03-15
MX-100000866,Maximor Demo Corp,CUST-012,Copperline Logistics,Mastercard,2026,2,18,75,False,312.58,31258,USD,US,US,iOS,Ecommerce,False,False,stripe,2026-03-16
MX-100000867,Maximor Demo Corp,CUST-013,Summit Civic,NexPay,2026,3,21,76,True,319.71,31971,USD,US,US,Android,Ecommerce,False,False,stripe,2026-03-17
MX-100000868,Maximor Demo Corp,CUST-014,Redwood Clinics,GlobalCard,2026,4,24,77,False,326.84,32684,USD,US,US,Windows,Ecommerce,False,False,stripe,2026-03-18
MX-100000869,Maximor Demo Corp,CUST-015,Ironclad Software,Amex,2026,5,27,78,False,333.97,33397,USD,US,US,MacOS,Ecommerce,False,False,stripe,2026-03-19
MX-100000870,Maximor Demo Corp,CUST-001,Northwind Labs,Visa,2026,6,30,79,False,341.1,34110,USD,US,US,iOS,Ecommerce,False,False,adyen,2026-03-20
MX-100000871,Maximor Demo Corp,CUST-002,Helios Analytics,Mastercard,2026,7,33,80,False,348.23,34823,USD,US,US,Android,Ecommerce,False,False,stripe,2026-03-21
MX-100000872,Maximor Demo Corp,CUST-003,Acme Industrial,NexPay,2026,8,36,81,False,355.36,35536,USD,US,US,Windows,Ecommerce,False,False,stripe,2026-03-22
MX-100000873,Maximor Demo Corp,CUST-004,Brightline Media,GlobalCard,2026,9,39,82,False,362.49,36249,USD,US,US,MacOS,Ecommerce,False,False,stripe,2026-03-23
MX-100000874,Maximor Demo Corp,CUST-005,Quiet Harbor,Amex,2026,10,42,83,False,369.62,36962,USD,US,US,iOS,Ecommerce,False,False,stripe,2026-03-24
MX-100000875,Maximor Demo Corp,CUST-006,Pinnacle Retail,Visa,2026,11,45,84,False,376.75,37675,USD,US,US,Android,Ecommerce,False,False,adyen,2026-03-25
MX-100000876,Maximor Demo Corp,CUST-007,Atlas Robotics,Mastercard,2026,12,48,85,False,383.88,38388,USD,US,US,Windows,Ecommerce,False,False,stripe,2026-03-26
MX-100000877,Maximor Demo Corp,CUST-008,Lumen Labs,NexPay,2026,13,51,86,False,391.01,39101,USD,US,US,MacOS,Ecommerce,False,False,stripe,2026-03-27
MX-100000878,Maximor Demo Corp,CUST-009,Northstar LLC,GlobalCard,2026,14,54,87,False,398.14,39814,USD,US,US,iOS,Ecommerce,False,False,stripe,2026-03-28
MX-100000879,Maximor Demo Corp,CUST-010,Meridian Health,Amex,2026,15,57,88,False,405.27,40527,USD,US,US,Android,Ecommerce,False,False,stripe,2026-03-29
MX-100000880,Maximor Demo Corp,CUST-011,Beacon Biotech,Visa,2026,16,0,89,False,412.4,41240,USD,US,US,Windows,Ecommerce,False,False,adyen,2026-03-30
MX-100000881,Maximor Demo Corp,CUST-012,Copperline Logistics,Mastercard,2026,17,3,90,False,419.53,41953,USD,US,US,MacOS,Ecommerce,False,False,stripe,2026-03-31
MX-100000882,Maximor Demo Corp,CUST-013,Summit Civic,NexPay,2026,18,6,91,False,426.66,42666,USD,US,US,iOS,Ecommerce,False,False,stripe,2026-04-01
MX-100000883,Maximor Demo Corp,CUST-014,Redwood Clinics,GlobalCard,2026,19,9,92,False,433.79,43379,USD,US,US,Android,Ecommerce,False,False,stripe,2026-04-02
MX-100000884,Maximor Demo Corp,CUST-015,Ironclad Software,Amex,2026,20,12,93,True,20.92,2092,USD,US,US,Windows,Ecommerce,False,False,stripe,2026-04-03
MX-100000885,Maximor Demo Corp,CUST-001,Northwind Labs,Visa,2026,21,15,94,False,28.05,2805,USD,US,US,MacOS,Ecommerce,False,False,adyen,2026-04-04
MX-100000886,Maximor Demo Corp,CUST-002,Helios Analytics,Mastercard,2026,22,18,95,False,35.18,3518,USD,US,US,iOS,Ecommerce,False,False,stripe,2026-04-05
MX-100000887,Maximor Demo Corp,CUST-003,Acme Industrial,NexPay,2026,23,21,96,False,42.31,4231,USD,US,US,Android,Ecommerce,False,False,stripe,2026-04-06
MX-100000888,Maximor Demo Corp,CUST-004,Brightline Media,GlobalCard,2026,0,24,97,False,49.44,4944,USD,US,US,Windows,Ecommerce,False,False,stripe,2026-04-07
MX-100000889,Maximor Demo Corp,CUST-005,Quiet Harbor,Amex,2026,1,27,98,False,56.57,5657,USD,US,US,MacOS,Ecommerce,False,False,stripe,2026-04-08
MX-100000890,Maximor Demo Corp,CUST-006,Pinnacle Retail,Visa,2026,2,30,99,False,63.7,6370,USD,US,US,iOS,Ecommerce,False,False,adyen,2026-04-09
MX-100000891,Maximor Demo Corp,CUST-007,Atlas Robotics,Mastercard,2026,3,33,100,False,70.83,7083,USD,US,US,Android,Ecommerce,False,False,stripe,2026-04-10
MX-100000892,Maximor Demo Corp,CUST-008,Lumen Labs,NexPay,2026,4,36,101,False,77.96,7796,USD,US,US,Windows,Ecommerce,False,False,stripe,2026-04-11
MX-100000893,Maximor Demo Corp,CUST-009,Northstar LLC,GlobalCard,2026,5,39,102,False,85.09,8509,USD,US,US,MacOS,Ecommerce,False,False,stripe,2026-04-12
MX-100000894,Maximor Demo Corp,CUST-010,Meridian Health,Amex,2026,6,42,103,False,92.22,9222,USD,US,US,iOS,Ecommerce,False,False,stripe,2026-04-13
MX-100000895,Maximor Demo Corp,CUST-011,Beacon Biotech,Visa,2026,7,45,104,False,99.35,9935,USD,US,US,Android,Ecommerce,False,False,adyen,2026-04-14
MX-100000896,Maximor Demo Corp,CUST-012,Copperline Logistics,Mastercard,2026,8,48,105,False,106.48,10648,USD,US,US,Windows,Ecommerce,False,False,stripe,2026-04-15
MX-100000897,Maximor Demo Corp,CUST-013,Summit Civic,NexPay,2026,9,51,106,False,113.61,11361,USD,US,US,MacOS,Ecommerce,False,False,stripe,2026-04-16
MX-100000898,Maximor Demo Corp,CUST-014,Redwood Clinics,GlobalCard,2026,10,54,107,False,120.74,12074,USD,US,US,iOS,Ecommerce,False,False,stripe,2026-04-17
MX-100000899,Maximor Demo Corp,CUST-015,Ironclad Software,Amex,2026,11,57,108,False,127.87,12787,USD,US,US,Android,Ecommerce,False,False,stripe,2026-04-18
MX-100000900,Maximor Demo Corp,CUST-001,Northwind Labs,Visa,2026,12,0,109,False,135.0,13500,USD,US,US,Windows,Ecommerce,False,False,adyen,2026-04-19
MX-100000901,Maximor Demo Corp,CUST-002,Helios Analytics,Mastercard,2026,13,3,110,True,142.13,14213,USD,US,US,MacOS,Ecommerce,False,False,stripe,2026-04-20
MX-100000902,Maximor Demo Corp,CUST-003,Acme Industrial,NexPay,2026,14,6,111,False,149.26,14926,USD,US,US,iOS,Ecommerce,False,False,stripe,2026-04-21
MX-100000903,Maximor Demo Corp,CUST-004,Brightline Media,GlobalCard,2026,15,9,112,False,156.39,15639,USD,US,US,Android,Ecommerce,False,False,stripe,2026-04-22
MX-100000904,Maximor Demo Corp,CUST-005,Quiet Harbor,Amex,2026,16,12,113,False,163.52,16352,USD,US,US,Windows,Ecommerce,False,False,stripe,2026-04-23
MX-100000905,Maximor Demo Corp,CUST-006,Pinnacle Retail,Visa,2026,17,15,114,False,170.65,17065,USD,US,US,MacOS,Ecommerce,False,False,adyen,2026-04-24
MX-100000906,Maximor Demo Corp,CUST-007,Atlas Robotics,Mastercard,2026,18,18,115,False,177.78,17778,USD,US,US,iOS,Ecommerce,False,False,stripe,2026-04-25
MX-100000907,Maximor Demo Corp,CUST-008,Lumen Labs,NexPay,2026,19,21,116,False,184.91,18491,USD,US,US,Android,Ecommerce,False,False,stripe,2026-04-26
MX-100000908,Maximor Demo Corp,CUST-009,Northstar LLC,GlobalCard,2026,20,24,117,False,192.04,19204,USD,US,US,Windows,Ecommerce,False,False,stripe,2026-04-27
MX-100000909,Maximor Demo Corp,CUST-010,Meridian Health,Amex,2026,21,27,118,False,199.17,19917,USD,US,US,MacOS,Ecommerce,False,False,stripe,2026-04-28
MX-100000910,Maximor Demo Corp,CUST-011,Beacon Biotech,Visa,2026,22,30,119,False,206.3,20630,USD,US,US,iOS,Ecommerce,False,False,adyen,2026-04-29
MX-100000911,Maximor Demo Corp,CUST-012,Copperline Logistics,Mastercard,2026,23,33,120,False,213.43,21343,USD,US,US,Android,Ecommerce,False,False,stripe,2026-04-30
MX-100000912,Maximor Demo Corp,CUST-013,Summit Civic,NexPay,2026,0,36,121,False,220.56,22056,USD,US,US,Windows,Ecommerce,False,False,stripe,2026-05-01
MX-100000913,Maximor Demo Corp,CUST-014,Redwood Clinics,GlobalCard,2026,1,39,122,False,227.69,22769,USD,US,US,MacOS,Ecommerce,False,False,stripe,2026-05-02
MX-100000914,Maximor Demo Corp,CUST-015,Ironclad Software,Amex,2026,2,42,123,False,234.82,23482,USD,US,US,iOS,Ecommerce,False,False,stripe,2026-05-03
MX-100000915,Maximor Demo Corp,CUST-001,Northwind Labs,Visa,2026,3,45,124,False,241.95,24195,USD,US,US,Android,Ecommerce,False,False,adyen,2026-05-04
MX-100000916,Maximor Demo Corp,CUST-002,Helios Analytics,Mastercard,2026,4,48,125,False,249.08,24908,USD,US,US,Windows,Ecommerce,False,False,stripe,2026-05-05
MX-100000917,Maximor Demo Corp,CUST-003,Acme Industrial,NexPay,2026,5,51,126,False,256.21,25621,USD,US,US,MacOS,Ecommerce,False,False,stripe,2026-05-06
MX-100000918,Maximor Demo Corp,CUST-004,Brightline Media,GlobalCard,2026,6,54,127,True,263.34,26334,USD,US,US,iOS,Ecommerce,False,False,stripe,2026-05-07
MX-100000919,Maximor Demo Corp,CUST-005,Quiet Harbor,Amex,2026,7,57,128,False,270.47,27047,USD,US,US,Android,Ecommerce,False,False,stripe,2026-05-08
MX-100000920,Maximor Demo Corp,CUST-006,Pinnacle Retail,Visa,2026,8,0,129,False,277.6,27760,USD,US,US,Windows,Ecommerce,False,False,adyen,2026-05-09
MX-100000921,Maximor Demo Corp,CUST-007,Atlas Robotics,Mastercard,2026,9,3,130,False,284.73,28473,USD,US,US,MacOS,Ecommerce,False,False,stripe,2026-05-10
MX-100000922,Maximor Demo Corp,CUST-008,Lumen Labs,NexPay,2026,10,6,131,False,291.86,29186,USD,US,US,iOS,Ecommerce,False,False,stripe,2026-05-11
MX-100000923,Maximor Demo Corp,CUST-009,Northstar LLC,GlobalCard,2026,11,9,132,False,298.99,29899,USD,US,US,Android,Ecommerce,False,False,stripe,2026-05-12
MX-100000924,Maximor Demo Corp,CUST-010,Meridian Health,Amex,2026,12,12,133,False,306.12,30612,USD,US,US,Windows,Ecommerce,False,False,stripe,2026-05-13
MX-100000925,Maximor Demo Corp,CUST-011,Beacon Biotech,Visa,2026,13,15,134,False,313.25,31325,USD,US,US,MacOS,Ecommerce,False,False,adyen,2026-05-14
MX-100000926,Maximor Demo Corp,CUST-012,Copperline Logistics,Mastercard,2026,14,18,135,False,320.38,32038,USD,US,US,iOS,Ecommerce,False,False,stripe,2026-05-15
MX-100000927,Maximor Demo Corp,CUST-013,Summit Civic,NexPay,2026,15,21,136,False,327.51,32751,USD,US,US,Android,Ecommerce,False,False,stripe,2026-05-16
MX-100000928,Maximor Demo Corp,CUST-014,Redwood Clinics,GlobalCard,2026,16,24,137,False,334.64,33464,USD,US,US,Windows,Ecommerce,False,False,stripe,2026-05-17
MX-100000929,Maximor Demo Corp,CUST-015,Ironclad Software,Amex,2026,17,27,138,False,341.77,34177,USD,US,US,MacOS,Ecommerce,False,False,stripe,2026-05-18
MX-100000930,Maximor Demo Corp,CUST-001,Northwind Labs,Visa,2026,18,30,139,False,348.9,34890,USD,US,US,iOS,Ecommerce,False,False,adyen,2026-05-19
MX-100000931,Maximor Demo Corp,CUST-002,Helios Analytics,Mastercard,2026,19,33,140,False,356.03,35603,USD,US,US,Android,Ecommerce,False,False,stripe,2026-05-20
MX-100000932,Maximor Demo Corp,CUST-003,Acme Industrial,NexPay,2026,20,36,141,False,363.16,36316,USD,US,US,Windows,Ecommerce,False,False,stripe,2026-05-21
MX-100000933,Maximor Demo Corp,CUST-004,Brightline Media,GlobalCard,2026,21,39,142,False,370.29,37029,USD,US,US,MacOS,Ecommerce,False,False,stripe,2026-05-22
MX-100000934,Maximor Demo Corp,CUST-005,Quiet Harbor,Amex,2026,22,42,143,False,377.42,37742,USD,US,US,iOS,Ecommerce,False,False,stripe,2026-05-23
MX-100000935,Maximor Demo Corp,CUST-006,Pinnacle Retail,Visa,2026,23,45,144,True,384.55,38455,USD,US,US,Android,Ecommerce,False,False,adyen,2026-05-24
MX-100000936,Maximor Demo Corp,CUST-007,Atlas Robotics,Mastercard,2026,0,48,145,False,391.68,39168,USD,US,US,Windows,Ecommerce,False,False,stripe,2026-05-25
MX-100000937,Maximor Demo Corp,CUST-008,Lumen Labs,NexPay,2026,1,51,146,False,398.81,39881,USD,US,US,MacOS,Ecommerce,False,False,stripe,2026-05-26
MX-100000938,Maximor Demo Corp,CUST-009,Northstar LLC,GlobalCard,2026,2,54,147,False,405.94,40594,USD,US,US,iOS,Ecommerce,False,False,stripe,2026-05-27
MX-100000939,Maximor Demo Corp,CUST-010,Meridian Health,Amex,2026,3,57,148,False,413.07,41307,USD,US,US,Android,Ecommerce,False,False,stripe,2026-05-28
MX-100000940,Maximor Demo Corp,CUST-011,Beacon Biotech,Visa,2026,4,0,149,False,420.2,42020,USD,US,US,Windows,Ecommerce,False,False,adyen,2026-05-29
MX-100000941,Maximor Demo Corp,CUST-012,Copperline Logistics,Mastercard,2026,5,3,150,False,427.33,42733,USD,US,US,MacOS,Ecommerce,False,False,stripe,2026-05-30
MX-100000942,Maximor Demo Corp,CUST-013,Summit Civic,NexPay,2026,6,6,151,False,434.46,43446,USD,US,US,iOS,Ecommerce,False,False,stripe,2026-05-31
MX-100000943,Maximor Demo Corp,CUST-014,Redwood Clinics,GlobalCard,2026,7,9,152,False,21.59,2159,USD,US,US,Android,Ecommerce,False,False,stripe,2026-06-01
MX-100000944,Maximor Demo Corp,CUST-015,Ironclad Software,Amex,2026,8,12,153,False,28.72,2872,USD,US,US,Windows,Ecommerce,False,False,stripe,2026-06-02
MX-100000945,Maximor Demo Corp,CUST-001,Northwind Labs,Visa,2026,9,15,154,False,35.85,3585,USD,US,US,MacOS,Ecommerce,False,False,adyen,2026-06-03
MX-100000946,Maximor Demo Corp,CUST-002,Helios Analytics,Mastercard,2026,10,18,155,False,42.98,4298,USD,US,US,iOS,Ecommerce,False,False,stripe,2026-06-04
MX-100000947,Maximor Demo Corp,CUST-003,Acme Industrial,NexPay,2026,11,21,156,False,50.11,5011,USD,US,US,Android,Ecommerce,False,False,stripe,2026-06-05
MX-100000948,Maximor Demo Corp,CUST-004,Brightline Media,GlobalCard,2026,12,24,157,False,57.24,5724,USD,US,US,Windows,Ecommerce,False,False,stripe,2026-06-06
MX-100000949,Maximor Demo Corp,CUST-005,Quiet Harbor,Amex,2026,13,27,158,False,64.37,6437,USD,US,US,MacOS,Ecommerce,False,False,stripe,2026-06-07
MX-100000950,Maximor Demo Corp,CUST-006,Pinnacle Retail,Visa,2026,14,30,159,False,71.5,7150,USD,US,US,iOS,Ecommerce,False,False,adyen,2026-06-08
MX-100000951,Maximor Demo Corp,CUST-007,Atlas Robotics,Mastercard,2026,15,33,160,False,78.63,7863,USD,US,US,Android,Ecommerce,False,False,stripe,2026-06-09
MX-100000952,Maximor Demo Corp,CUST-008,Lumen Labs,NexPay,2026,16,36,161,True,85.76,8576,USD,US,US,Windows,Ecommerce,False,False,stripe,2026-06-10
MX-100000953,Maximor Demo Corp,CUST-009,Northstar LLC,GlobalCard,2026,17,39,162,False,92.89,9289,USD,US,US,MacOS,Ecommerce,False,False,stripe,2026-06-11
MX-100000954,Maximor Demo Corp,CUST-010,Meridian Health,Amex,2026,18,42,163,False,100.02,10002,USD,US,US,iOS,Ecommerce,False,False,stripe,2026-06-12
MX-100000955,Maximor Demo Corp,CUST-011,Beacon Biotech,Visa,2026,19,45,164,False,107.15,10715,USD,US,US,Android,Ecommerce,False,False,adyen,2026-06-13
MX-100000956,Maximor Demo Corp,CUST-012,Copperline Logistics,Mastercard,2026,20,48,165,False,114.28,11428,USD,US,US,Windows,Ecommerce,False,False,stripe,2026-06-14
MX-100000957,Maximor Demo Corp,CUST-013,Summit Civic,NexPay,2026,21,51,166,False,121.41,12141,USD,US,US,MacOS,Ecommerce,False,False,stripe,2026-06-15
MX-100000958,Maximor Demo Corp,CUST-014,Redwood Clinics,GlobalCard,2026,22,54,167,False,128.54,12854,USD,US,US,iOS,Ecommerce,False,False,stripe,2026-06-16
MX-100000959,Maximor Demo Corp,CUST-015,Ironclad Software,Amex,2026,23,57,168,False,135.67,13567,USD,US,US,Android,Ecommerce,False,False,stripe,2026-06-17
MX-100000960,Maximor Demo Corp,CUST-001,Northwind Labs,Visa,2026,0,0,169,False,142.8,14280,USD,US,US,Windows,Ecommerce,False,False,adyen,2026-06-18
MX-100000961,Maximor Demo Corp,CUST-002,Helios Analytics,Mastercard,2026,1,3,170,False,149.93,14993,USD,US,US,MacOS,Ecommerce,False,False,stripe,2026-06-19
MX-100000962,Maximor Demo Corp,CUST-003,Acme Industrial,NexPay,2026,2,6,171,False,157.06,15706,USD,US,US,iOS,Ecommerce,False,False,stripe,2026-06-20
MX-100000963,Maximor Demo Corp,CUST-004,Brightline Media,GlobalCard,2026,3,9,172,False,164.19,16419,USD,US,US,Android,Ecommerce,False,False,stripe,2026-06-21
MX-100000964,Maximor Demo Corp,CUST-005,Quiet Harbor,Amex,2026,4,12,173,False,171.32,17132,USD,US,US,Windows,Ecommerce,False,False,stripe,2026-06-22
MX-100000965,Maximor Demo Corp,CUST-006,Pinnacle Retail,Visa,2026,5,15,174,False,178.45,17845,USD,US,US,MacOS,Ecommerce,False,False,adyen,2026-06-23
MX-100000966,Maximor Demo Corp,CUST-007,Atlas Robotics,Mastercard,2026,6,18,175,False,185.58,18558,USD,US,US,iOS,Ecommerce,False,False,stripe,2026-06-24
MX-100000967,Maximor Demo Corp,CUST-008,Lumen Labs,NexPay,2026,7,21,176,False,192.71,19271,USD,US,US,Android,Ecommerce,False,False,stripe,2026-06-25
MX-100000968,Maximor Demo Corp,CUST-009,Northstar LLC,GlobalCard,2026,8,24,177,False,199.84,19984,USD,US,US,Windows,Ecommerce,False,False,stripe,2026-06-26
MX-100000969,Maximor Demo Corp,CUST-010,Meridian Health,Amex,2026,9,27,178,True,206.97,20697,USD,US,US,MacOS,Ecommerce,False,False,stripe,2026-06-27
MX-100000970,Maximor Demo Corp,CUST-011,Beacon Biotech,Visa,2026,10,30,179,False,214.1,21410,USD,US,US,iOS,Ecommerce,False,False,adyen,2026-06-28
MX-100000971,Maximor Demo Corp,CUST-012,Copperline Logistics,Mastercard,2026,11,33,180,False,221.23,22123,USD,US,US,Android,Ecommerce,False,False,stripe,2026-06-29
MX-100000972,Maximor Demo Corp,CUST-013,Summit Civic,NexPay,2026,12,36,181,False,228.36,22836,USD,US,US,Windows,Ecommerce,False,False,stripe,2026-06-30
MX-100000973,Maximor Demo Corp,CUST-014,Redwood Clinics,GlobalCard,2026,13,39,182,False,235.49,23549,USD,US,US,MacOS,Ecommerce,False,False,stripe,2026-07-01
MX-100000974,Maximor Demo Corp,CUST-015,Ironclad Software,Amex,2026,14,42,183,False,242.62,24262,USD,US,US,iOS,Ecommerce,False,False,stripe,2026-07-02
MX-100000975,Maximor Demo Corp,CUST-001,Northwind Labs,Visa,2026,15,45,184,False,249.75,24975,USD,US,US,Android,Ecommerce,False,False,adyen,2026-07-03
MX-100000976,Maximor Demo Corp,CUST-002,Helios Analytics,Mastercard,2026,16,48,185,False,256.88,25688,USD,US,US,Windows,Ecommerce,False,False,stripe,2026-07-04
MX-100000977,Maximor Demo Corp,CUST-003,Acme Industrial,NexPay,2026,17,51,186,False,264.01,26401,USD,US,US,MacOS,Ecommerce,False,False,stripe,2026-07-05
MX-100000978,Maximor Demo Corp,CUST-004,Brightline Media,GlobalCard,2026,18,54,187,False,271.14,27114,USD,US,US,iOS,Ecommerce,False,False,stripe,2026-07-06
MX-100000979,Maximor Demo Corp,CUST-005,Quiet Harbor,Amex,2026,19,57,188,False,278.27,27827,USD,US,US,Android,Ecommerce,False,False,stripe,2026-07-07
MX-100000980,Maximor Demo Corp,CUST-006,Pinnacle Retail,Visa,2026,20,0,189,False,285.4,28540,USD,US,US,Windows,Ecommerce,False,False,adyen,2026-07-08
MX-100000981,Maximor Demo Corp,CUST-007,Atlas Robotics,Mastercard,2026,21,3,190,False,292.53,29253,USD,US,US,MacOS,Ecommerce,False,False,stripe,2026-07-09
MX-100000982,Maximor Demo Corp,CUST-008,Lumen Labs,NexPay,2026,22,6,191,False,299.66,29966,USD,US,US,iOS,Ecommerce,False,False,stripe,2026-07-10
MX-100000983,Maximor Demo Corp,CUST-009,Northstar LLC,GlobalCard,2026,23,9,192,False,306.79,30679,USD,US,US,Android,Ecommerce,False,False,stripe,2026-07-11
MX-100000984,Maximor Demo Corp,CUST-010,Meridian Health,Amex,2026,0,12,193,False,313.92,31392,USD,US,US,Windows,Ecommerce,False,False,stripe,2026-07-12
MX-100000985,Maximor Demo Corp,CUST-011,Beacon Biotech,Visa,2026,1,15,194,False,321.05,32105,USD,US,US,MacOS,Ecommerce,False,False,adyen,2026-07-13
MX-100000986,Maximor Demo Corp,CUST-012,Copperline Logistics,Mastercard,2026,2,18,195,True,328.18,32818,USD,US,US,iOS,Ecommerce,False,False,stripe,2026-07-14
MX-100000987,Maximor Demo Corp,CUST-013,Summit Civic,NexPay,2026,3,21,196,False,335.31,33531,USD,US,US,Android,Ecommerce,False,False,stripe,2026-07-15
MX-100000988,Maximor Demo Corp,CUST-014,Redwood Clinics,GlobalCard,2026,4,24,197,False,342.44,34244,USD,US,US,Windows,Ecommerce,False,False,stripe,2026-07-16
MX-100000989,Maximor Demo Corp,CUST-015,Ironclad Software,Amex,2026,5,27,198,False,349.57,34957,USD,US,US,MacOS,Ecommerce,False,False,stripe,2026-07-17
MX-100000990,Maximor Demo Corp,CUST-001,Northwind Labs,Visa,2026,6,30,199,False,356.7,35670,USD,US,US,iOS,Ecommerce,False,False,adyen,2026-07-18
MX-100000991,Maximor Demo Corp,CUST-002,Helios Analytics,Mastercard,2026,7,33,200,False,363.83,36383,USD,US,US,Android,Ecommerce,False,False,stripe,2026-07-19
MX-100000992,Maximor Demo Corp,CUST-003,Acme Industrial,NexPay,2026,8,36,201,False,370.96,37096,USD,US,US,Windows,Ecommerce,False,False,stripe,2026-07-20
MX-100000993,Maximor Demo Corp,CUST-004,Brightline Media,GlobalCard,2026,9,39,202,False,378.09,37809,USD,US,US,MacOS,Ecommerce,False,False,stripe,2026-07-21
MX-100000994,Maximor Demo Corp,CUST-005,Quiet Harbor,Amex,2026,10,42,203,False,385.22,38522,USD,US,US,iOS,Ecommerce,False,False,stripe,2026-07-22
MX-100000995,Maximor Demo Corp,CUST-006,Pinnacle Retail,Visa,2026,11,45,204,False,392.35,39235,USD,US,US,Android,Ecommerce,False,False,adyen,2026-07-23
MX-100000996,Maximor Demo Corp,CUST-007,Atlas Robotics,Mastercard,2026,12,48,205,False,399.48,39948,USD,US,US,Windows,Ecommerce,False,False,stripe,2026-07-24
MX-100000997,Maximor Demo Corp,CUST-008,Lumen Labs,NexPay,2026,13,51,206,False,406.61,40661,USD,US,US,MacOS,Ecommerce,False,False,stripe,2026-07-25
MX-100000998,Maximor Demo Corp,CUST-009,Northstar LLC,GlobalCard,2026,14,54,207,False,413.74,41374,USD,US,US,iOS,Ecommerce,False,False,stripe,2026-07-26
MX-100000999,Maximor Demo Corp,CUST-010,Meridian Health,Amex,2026,15,57,208,False,420.87,42087,USD,US,US,Android,Ecommerce,False,False,stripe,2026-07-27
MX-100001000,Maximor Demo Corp,CUST-011,Beacon Biotech,Visa,2026,16,0,209,False,428.0,42800,USD,US,US,Windows,Ecommerce,False,False,adyen,2026-07-28
MX-100001001,Maximor Demo Corp,CUST-012,Copperline Logistics,Mastercard,2026,17,3,210,False,435.13,43513,USD,US,US,MacOS,Ecommerce,False,False,stripe,2026-07-29
MX-100001002,Maximor Demo Corp,CUST-013,Summit Civic,NexPay,2026,18,6,211,False,22.26,2226,USD,US,US,iOS,Ecommerce,False,False,stripe,2026-07-30
MX-100001003,Maximor Demo Corp,CUST-014,Redwood Clinics,GlobalCard,2026,19,9,212,True,29.39,2939,USD,US,US,Android,Ecommerce,False,False,stripe,2026-07-31
MX-100001004,Maximor Demo Corp,CUST-015,Ironclad Software,Amex,2026,20,12,213,False,36.52,3652,USD,US,US,Windows,Ecommerce,False,False,stripe,2026-08-01
MX-100001005,Maximor Demo Corp,CUST-001,Northwind Labs,Visa,2026,21,15,214,False,43.65,4365,USD,US,US,MacOS,Ecommerce,False,False,adyen,2026-08-02
MX-100001006,Maximor Demo Corp,CUST-002,Helios Analytics,Mastercard,2026,22,18,215,False,50.78,5078,USD,US,US,iOS,Ecommerce,False,False,stripe,2026-08-03
MX-100001007,Maximor Demo Corp,CUST-003,Acme Industrial,NexPay,2026,23,21,216,False,57.91,5791,USD,US,US,Android,Ecommerce,False,False,stripe,2026-08-04
MX-100001008,Maximor Demo Corp,CUST-004,Brightline Media,GlobalCard,2026,0,24,217,False,65.04,6504,USD,US,US,Windows,Ecommerce,False,False,stripe,2026-08-05
MX-100001009,Maximor Demo Corp,CUST-005,Quiet Harbor,Amex,2026,1,27,218,False,72.17,7217,USD,US,US,MacOS,Ecommerce,False,False,stripe,2026-08-06
MX-100001010,Maximor Demo Corp,CUST-006,Pinnacle Retail,Visa,2026,2,30,219,False,79.3,7930,USD,US,US,iOS,Ecommerce,False,False,adyen,2026-08-07
MX-100001011,Maximor Demo Corp,CUST-007,Atlas Robotics,Mastercard,2026,3,33,220,False,86.43,8643,USD,US,US,Android,Ecommerce,False,False,stripe,2026-08-08
MX-100001012,Maximor Demo Corp,CUST-008,Lumen Labs,NexPay,2026,4,36,221,False,93.56,9356,USD,US,US,Windows,Ecommerce,False,False,stripe,2026-08-09
MX-100001013,Maximor Demo Corp,CUST-009,Northstar LLC,GlobalCard,2026,5,39,222,False,100.69,10069,USD,US,US,MacOS,Ecommerce,False,False,stripe,2026-08-10
MX-100001014,Maximor Demo Corp,CUST-010,Meridian Health,Amex,2026,6,42,223,False,107.82,10782,USD,US,US,iOS,Ecommerce,False,False,stripe,2026-08-11
MX-100001015,Maximor Demo Corp,CUST-011,Beacon Biotech,Visa,2026,7,45,224,False,114.95,11495,USD,US,US,Android,Ecommerce,False,False,adyen,2026-08-12
MX-100001016,Maximor Demo Corp,CUST-012,Copperline Logistics,Mastercard,2026,8,48,225,False,122.08,12208,USD,US,US,Windows,Ecommerce,False,False,stripe,2026-08-13
MX-100001017,Maximor Demo Corp,CUST-013,Summit Civic,NexPay,2026,9,51,226,False,129.21,12921,USD,US,US,MacOS,Ecommerce,False,False,stripe,2026-08-14
MX-100001018,Maximor Demo Corp,CUST-014,Redwood Clinics,GlobalCard,2026,10,54,227,False,136.34,13634,USD,US,US,iOS,Ecommerce,False,False,stripe,2026-08-15
MX-100001019,Maximor Demo Corp,CUST-015,Ironclad Software,Amex,2026,11,57,228,False,143.47,14347,USD,US,US,Android,Ecommerce,False,False,stripe,2026-08-16
MX-100001020,Maximor Demo Corp,CUST-001,Northwind Labs,Visa,2026,12,0,229,True,150.6,15060,USD,US,US,Windows,Ecommerce,False,False,adyen,2026-08-17
MX-100001021,Maximor Demo Corp,CUST-002,Helios Analytics,Mastercard,2026,13,3,230,False,157.73,15773,USD,US,US,MacOS,Ecommerce,False,False,stripe,2026-08-18
MX-100001022,Maximor Demo Corp,CUST-003,Acme Industrial,NexPay,2026,14,6,231,False,164.86,16486,USD,US,US,iOS,Ecommerce,False,False,stripe,2026-08-19
MX-100001023,Maximor Demo Corp,CUST-004,Brightline Media,GlobalCard,2026,15,9,232,False,171.99,17199,USD,US,US,Android,Ecommerce,False,False,stripe,2026-08-20
MX-100001024,Maximor Demo Corp,CUST-005,Quiet Harbor,Amex,2026,16,12,233,False,179.12,17912,USD,US,US,Windows,Ecommerce,False,False,stripe,2026-08-21
MX-100001025,Maximor Demo Corp,CUST-006,Pinnacle Retail,Visa,2026,17,15,234,False,186.25,18625,USD,US,US,MacOS,Ecommerce,False,False,adyen,2026-08-22
MX-100001026,Maximor Demo Corp,CUST-007,Atlas Robotics,Mastercard,2026,18,18,235,False,193.38,19338,USD,US,US,iOS,Ecommerce,False,False,stripe,2026-08-23
MX-100001027,Maximor Demo Corp,CUST-008,Lumen Labs,NexPay,2026,19,21,236,False,200.51,20051,USD,US,US,Android,Ecommerce,False,False,stripe,2026-08-24
MX-100001028,Maximor Demo Corp,CUST-009,Northstar LLC,GlobalCard,2026,20,24,237,False,207.64,20764,USD,US,US,Windows,Ecommerce,False,False,stripe,2026-08-25
MX-100001029,Maximor Demo Corp,CUST-010,Meridian Health,Amex,2026,21,27,238,False,214.77,21477,USD,US,US,MacOS,Ecommerce,False,False,stripe,2026-08-26
MX-100001030,Maximor Demo Corp,CUST-011,Beacon Biotech,Visa,2026,22,30,239,False,221.9,22190,USD,US,US,iOS,Ecommerce,False,False,adyen,2026-08-27
MX-100001031,Maximor Demo Corp,CUST-012,Copperline Logistics,Mastercard,2026,23,33,240,False,229.03,22903,USD,US,US,Android,Ecommerce,False,False,stripe,2026-08-28
MX-100001032,Maximor Demo Corp,CUST-013,Summit Civic,NexPay,2026,0,36,241,False,236.16,23616,USD,US,US,Windows,Ecommerce,False,False,stripe,2026-08-29
MX-100001033,Maximor Demo Corp,CUST-014,Redwood Clinics,GlobalCard,2026,1,39,242,False,243.29,24329,USD,US,US,MacOS,Ecommerce,False,False,stripe,2026-08-30
MX-100001034,Maximor Demo Corp,CUST-015,Ironclad Software,Amex,2026,2,42,243,False,250.42,25042,USD,US,US,iOS,Ecommerce,False,False,stripe,2026-08-31
MX-100001035,Maximor Demo Corp,CUST-001,Northwind Labs,Visa,2026,3,45,244,False,257.55,25755,USD,US,US,Android,Ecommerce,False,False,adyen,2026-09-01
MX-100001036,Maximor Demo Corp,CUST-002,Helios Analytics,Mastercard,2026,4,48,245,False,264.68,26468,USD,US,US,Windows,Ecommerce,False,False,stripe,2026-09-02
MX-100001037,Maximor Demo Corp,CUST-003,Acme Industrial,NexPay,2026,5,51,246,True,271.81,27181,USD,US,US,MacOS,Ecommerce,False,False,stripe,2026-09-03
MX-100001038,Maximor Demo Corp,CUST-004,Brightline Media,GlobalCard,2026,6,54,247,False,278.94,27894,USD,US,US,iOS,Ecommerce,False,False,stripe,2026-09-04
MX-100001039,Maximor Demo Corp,CUST-005,Quiet Harbor,Amex,2026,7,57,248,False,286.07,28607,USD,US,US,Android,Ecommerce,False,False,stripe,2026-09-05
MX-100001040,Maximor Demo Corp,CUST-006,Pinnacle Retail,Visa,2026,8,0,249,False,293.2,29320,USD,US,US,Windows,Ecommerce,False,False,adyen,2026-09-06
MX-100001041,Maximor Demo Corp,CUST-007,Atlas Robotics,Mastercard,2026,9,3,250,False,300.33,30033,USD,US,US,MacOS,Ecommerce,False,False,stripe,2026-09-07
MX-100001042,Maximor Demo Corp,CUST-008,Lumen Labs,NexPay,2026,10,6,251,False,307.46,30746,USD,US,US,iOS,Ecommerce,False,False,stripe,2026-09-08
MX-100001043,Maximor Demo Corp,CUST-009,Northstar LLC,GlobalCard,2026,11,9,252,False,314.59,31459,USD,US,US,Android,Ecommerce,False,False,stripe,2026-09-09
MX-100001044,Maximor Demo Corp,CUST-010,Meridian Health,Amex,2026,12,12,253,False,321.72,32172,USD,US,US,Windows,Ecommerce,False,False,stripe,2026-09-10
MX-100001045,Maximor Demo Corp,CUST-011,Beacon Biotech,Visa,2026,13,15,254,False,328.85,32885,USD,US,US,MacOS,Ecommerce,False,False,adyen,2026-09-11
MX-100001046,Maximor Demo Corp,CUST-012,Copperline Logistics,Mastercard,2026,14,18,255,False,335.98,33598,USD,US,US,iOS,Ecommerce,False,False,stripe,2026-09-12
MX-100001047,Maximor Demo Corp,CUST-013,Summit Civic,NexPay,2026,15,21,256,False,343.11,34311,USD,US,US,Android,Ecommerce,False,False,stripe,2026-09-13
MX-100001048,Maximor Demo Corp,CUST-014,Redwood Clinics,GlobalCard,2026,16,24,257,False,350.24,35024,USD,US,US,Windows,Ecommerce,False,False,stripe,2026-09-14
MX-100001049,Maximor Demo Corp,CUST-015,Ironclad Software,Amex,2026,17,27,258,False,357.37,35737,USD,US,US,MacOS,Ecommerce,False,False,stripe,2026-09-15
MX-100001050,Maximor Demo Corp,CUST-001,Northwind Labs,Visa,2025,18,30,274,False,364.5,36450,USD,US,US,iOS,Ecommerce,False,False,adyen,2025-10-01
MX-100001051,Maximor Demo Corp,CUST-002,Helios Analytics,Mastercard,2025,19,33,275,False,371.63,37163,USD,US,US,Android,Ecommerce,False,False,stripe,2025-10-02
MX-100001052,Maximor Demo Corp,CUST-003,Acme Industrial,NexPay,2025,20,36,276,False,378.76,37876,USD,US,US,Windows,Ecommerce,False,False,stripe,2025-10-03
MX-100001053,Maximor Demo Corp,CUST-004,Brightline Media,GlobalCard,2025,21,39,277,False,385.89,38589,USD,US,US,MacOS,Ecommerce,False,False,stripe,2025-10-04
MX-100001054,Maximor Demo Corp,CUST-005,Quiet Harbor,Amex,2025,22,42,278,True,393.02,39302,USD,US,US,iOS,Ecommerce,False,False,stripe,2025-10-05
MX-100001055,Maximor Demo Corp,CUST-006,Pinnacle Retail,Visa,2025,23,45,279,False,400.15,40015,USD,US,US,Android,Ecommerce,False,False,adyen,2025-10-06
MX-100001056,Maximor Demo Corp,CUST-007,Atlas Robotics,Mastercard,2025,0,48,280,False,407.28,40728,USD,US,US,Windows,Ecommerce,False,False,stripe,2025-10-07
MX-100001057,Maximor Demo Corp,CUST-008,Lumen Labs,NexPay,2025,1,51,281,False,414.41,41441,USD,US,US,MacOS,Ecommerce,False,False,stripe,2025-10-08
MX-100001058,Maximor Demo Corp,CUST-009,Northstar LLC,GlobalCard,2025,2,54,282,False,421.54,42154,USD,US,US,iOS,Ecommerce,False,False,stripe,2025-10-09
MX-100001059,Maximor Demo Corp,CUST-010,Meridian Health,Amex,2025,3,57,283,False,428.67,42867,USD,US,US,Android,Ecommerce,False,False,stripe,2025-10-10
MX-100001060,Maximor Demo Corp,CUST-011,Beacon Biotech,Visa,2025,4,0,284,False,435.8,43580,USD,US,US,Windows,Ecommerce,False,False,adyen,2025-10-11
MX-100001061,Maximor Demo Corp,CUST-012,Copperline Logistics,Mastercard,2025,5,3,285,False,22.93,2293,USD,US,US,MacOS,Ecommerce,False,False,stripe,2025-10-12
MX-100001062,Maximor Demo Corp,CUST-013,Summit Civic,NexPay,2025,6,6,286,False,30.06,3006,USD,US,US,iOS,Ecommerce,False,False,stripe,2025-10-13
MX-100001063,Maximor Demo Corp,CUST-014,Redwood Clinics,GlobalCard,2025,7,9,287,False,37.19,3719,USD,US,US,Android,Ecommerce,False,False,stripe,2025-10-14
MX-100001064,Maximor Demo Corp,CUST-015,Ironclad Software,Amex,2025,8,12,288,False,44.32,4432,USD,US,US,Windows,Ecommerce,False,False,stripe,2025-10-15
MX-100001065,Maximor Demo Corp,CUST-001,Northwind Labs,Visa,2025,9,15,289,False,51.45,5145,USD,US,US,MacOS,Ecommerce,False,False,adyen,2025-10-16
MX-100001066,Maximor Demo Corp,CUST-002,Helios Analytics,Mastercard,2025,10,18,290,False,58.58,5858,USD,US,US,iOS,Ecommerce,False,False,stripe,2025-10-17
MX-100001067,Maximor Demo Corp,CUST-003,Acme Industrial,NexPay,2025,11,21,291,False,65.71,6571,USD,US,US,Android,Ecommerce,False,False,stripe,2025-10-18
MX-100001068,Maximor Demo Corp,CUST-004,Brightline Media,GlobalCard,2025,12,24,292,False,72.84,7284,USD,US,US,Windows,Ecommerce,False,False,stripe,2025-10-19
MX-100001069,Maximor Demo Corp,CUST-005,Quiet Harbor,Amex,2025,13,27,293,False,79.97,7997,USD,US,US,MacOS,Ecommerce,False,False,stripe,2025-10-20
MX-100001070,Maximor Demo Corp,CUST-006,Pinnacle Retail,Visa,2025,14,30,294,False,87.1,8710,USD,US,US,iOS,Ecommerce,False,False,adyen,2025-10-21
MX-100001071,Maximor Demo Corp,CUST-007,Atlas Robotics,Mastercard,2025,15,33,295,True,94.23,9423,USD,US,US,Android,Ecommerce,False,False,stripe,2025-10-22
MX-100001072,Maximor Demo Corp,CUST-008,Lumen Labs,NexPay,2025,16,36,296,False,101.36,10136,USD,US,US,Windows,Ecommerce,False,False,stripe,2025-10-23
MX-100001073,Maximor Demo Corp,CUST-009,Northstar LLC,GlobalCard,2025,17,39,297,False,108.49,10849,USD,US,US,MacOS,Ecommerce,False,False,stripe,2025-10-24
MX-100001074,Maximor Demo Corp,CUST-010,Meridian Health,Amex,2025,18,42,298,False,115.62,11562,USD,US,US,iOS,Ecommerce,False,False,stripe,2025-10-25
MX-100001075,Maximor Demo Corp,CUST-011,Beacon Biotech,Visa,2025,19,45,299,False,122.75,12275,USD,US,US,Android,Ecommerce,False,False,adyen,2025-10-26
MX-100001076,Maximor Demo Corp,CUST-012,Copperline Logistics,Mastercard,2025,20,48,300,False,129.88,12988,USD,US,US,Windows,Ecommerce,False,False,stripe,2025-10-27
MX-100001077,Maximor Demo Corp,CUST-013,Summit Civic,NexPay,2025,21,51,301,False,137.01,13701,USD,US,US,MacOS,Ecommerce,False,False,stripe,2025-10-28
MX-100001078,Maximor Demo Corp,CUST-014,Redwood Clinics,GlobalCard,2025,22,54,302,False,144.14,14414,USD,US,US,iOS,Ecommerce,False,False,stripe,2025-10-29
MX-100001079,Maximor Demo Corp,CUST-015,Ironclad Software,Amex,2025,23,57,303,False,151.27,15127,USD,US,US,Android,Ecommerce,False,False,stripe,2025-10-30
MX-100001080,Maximor Demo Corp,CUST-001,Northwind Labs,Visa,2025,0,0,304,False,158.4,15840,USD,US,US,Windows,Ecommerce,False,False,adyen,2025-10-31
MX-100001081,Maximor Demo Corp,CUST-002,Helios Analytics,Mastercard,2025,1,3,305,False,165.53,16553,USD,US,US,MacOS,Ecommerce,False,False,stripe,2025-11-01
MX-100001082,Maximor Demo Corp,CUST-003,Acme Industrial,NexPay,2025,2,6,306,False,172.66,17266,USD,US,US,iOS,Ecommerce,False,False,stripe,2025-11-02
MX-100001083,Maximor Demo Corp,CUST-004,Brightline Media,GlobalCard,2025,3,9,307,False,179.79,17979,USD,US,US,Android,Ecommerce,False,False,stripe,2025-11-03
MX-100001084,Maximor Demo Corp,CUST-005,Quiet Harbor,Amex,2025,4,12,308,False,186.92,18692,USD,US,US,Windows,Ecommerce,False,False,stripe,2025-11-04
MX-100001085,Maximor Demo Corp,CUST-006,Pinnacle Retail,Visa,2025,5,15,309,False,194.05,19405,USD,US,US,MacOS,Ecommerce,False,False,adyen,2025-11-05
MX-100001086,Maximor Demo Corp,CUST-007,Atlas Robotics,Mastercard,2025,6,18,310,False,201.18,20118,USD,US,US,iOS,Ecommerce,False,False,stripe,2025-11-06
MX-100001087,Maximor Demo Corp,CUST-008,Lumen Labs,NexPay,2025,7,21,311,False,208.31,20831,USD,US,US,Android,Ecommerce,False,False,stripe,2025-11-07
MX-100001088,Maximor Demo Corp,CUST-009,Northstar LLC,GlobalCard,2025,8,24,312,True,215.44,21544,USD,US,US,Windows,Ecommerce,False,False,stripe,2025-11-08
MX-100001089,Maximor Demo Corp,CUST-010,Meridian Health,Amex,2025,9,27,313,False,222.57,22257,USD,US,US,MacOS,Ecommerce,False,False,stripe,2025-11-09
MX-100001090,Maximor Demo Corp,CUST-011,Beacon Biotech,Visa,2025,10,30,314,False,229.7,22970,USD,US,US,iOS,Ecommerce,False,False,adyen,2025-11-10
MX-100001091,Maximor Demo Corp,CUST-012,Copperline Logistics,Mastercard,2025,11,33,315,False,236.83,23683,USD,US,US,Android,Ecommerce,False,False,stripe,2025-11-11
MX-100001092,Maximor Demo Corp,CUST-013,Summit Civic,NexPay,2025,12,36,316,False,243.96,24396,USD,US,US,Windows,Ecommerce,False,False,stripe,2025-11-12
MX-100001093,Maximor Demo Corp,CUST-014,Redwood Clinics,GlobalCard,2025,13,39,317,False,251.09,25109,USD,US,US,MacOS,Ecommerce,False,False,stripe,2025-11-13
MX-100001094,Maximor Demo Corp,CUST-015,Ironclad Software,Amex,2025,14,42,318,False,258.22,25822,USD,US,US,iOS,Ecommerce,False,False,stripe,2025-11-14
MX-100001095,Maximor Demo Corp,CUST-001,Northwind Labs,Visa,2025,15,45,319,False,265.35,26535,USD,US,US,Android,Ecommerce,False,False,adyen,2025-11-15
MX-100001096,Maximor Demo Corp,CUST-002,Helios Analytics,Mastercard,2025,16,48,320,False,272.48,27248,USD,US,US,Windows,Ecommerce,False,False,stripe,2025-11-16
MX-100001097,Maximor Demo Corp,CUST-003,Acme Industrial,NexPay,2025,17,51,321,False,279.61,27961,USD,US,US,MacOS,Ecommerce,False,False,stripe,2025-11-17
MX-100001098,Maximor Demo Corp,CUST-004,Brightline Media,GlobalCard,2025,18,54,322,False,286.74,28674,USD,US,US,iOS,Ecommerce,False,False,stripe,2025-11-18
MX-100001099,Maximor Demo Corp,CUST-005,Quiet Harbor,Amex,2025,19,57,323,False,293.87,29387,USD,US,US,Android,Ecommerce,False,False,stripe,2025-11-19
MX-100001100,Maximor Demo Corp,CUST-006,Pinnacle Retail,Visa,2025,20,0,324,False,301.0,30100,USD,US,US,Windows,Ecommerce,False,False,adyen,2025-11-20
MX-100001101,Maximor Demo Corp,CUST-007,Atlas Robotics,Mastercard,2025,21,3,325,False,308.13,30813,USD,US,US,MacOS,Ecommerce,False,False,stripe,2025-11-21
MX-100001102,Maximor Demo Corp,CUST-008,Lumen Labs,NexPay,2025,22,6,326,False,315.26,31526,USD,US,US,iOS,Ecommerce,False,False,stripe,2025-11-22
MX-100001103,Maximor Demo Corp,CUST-009,Northstar LLC,GlobalCard,2025,23,9,327,False,322.39,32239,USD,US,US,Android,Ecommerce,False,False,stripe,2025-11-23
MX-100001104,Maximor Demo Corp,CUST-010,Meridian Health,Amex,2025,0,12,328,False,329.52,32952,USD,US,US,Windows,Ecommerce,False,False,stripe,2025-11-24
MX-100001105,Maximor Demo Corp,CUST-011,Beacon Biotech,Visa,2025,1,15,329,True,336.65,33665,USD,US,US,MacOS,Ecommerce,False,False,adyen,2025-11-25
MX-100001106,Maximor Demo Corp,CUST-012,Copperline Logistics,Mastercard,2025,2,18,330,False,343.78,34378,USD,US,US,iOS,Ecommerce,False,False,stripe,2025-11-26
MX-100001107,Maximor Demo Corp,CUST-013,Summit Civic,NexPay,2025,3,21,331,False,350.91,35091,USD,US,US,Android,Ecommerce,False,False,stripe,2025-11-27
MX-100001108,Maximor Demo Corp,CUST-014,Redwood Clinics,GlobalCard,2025,4,24,332,False,358.04,35804,USD,US,US,Windows,Ecommerce,False,False,stripe,2025-11-28
MX-100001109,Maximor Demo Corp,CUST-015,Ironclad Software,Amex,2025,5,27,333,False,365.17,36517,USD,US,US,MacOS,Ecommerce,False,False,stripe,2025-11-29
MX-100001110,Maximor Demo Corp,CUST-001,Northwind Labs,Visa,2025,6,30,334,False,372.3,37230,USD,US,US,iOS,Ecommerce,False,False,adyen,2025-11-30
MX-100001111,Maximor Demo Corp,CUST-002,Helios Analytics,Mastercard,2025,7,33,335,False,379.43,37943,USD,US,US,Android,Ecommerce,False,False,stripe,2025-12-01
MX-100001112,Maximor Demo Corp,CUST-003,Acme Industrial,NexPay,2025,8,36,336,False,386.56,38656,USD,US,US,Windows,Ecommerce,False,False,stripe,2025-12-02
MX-100001113,Maximor Demo Corp,CUST-004,Brightline Media,GlobalCard,2025,9,39,337,False,393.69,39369,USD,US,US,MacOS,Ecommerce,False,False,stripe,2025-12-03
MX-100001114,Maximor Demo Corp,CUST-005,Quiet Harbor,Amex,2025,10,42,338,False,400.82,40082,USD,US,US,iOS,Ecommerce,False,False,stripe,2025-12-04
MX-100001115,Maximor Demo Corp,CUST-006,Pinnacle Retail,Visa,2025,11,45,339,False,407.95,40795,USD,US,US,Android,Ecommerce,False,False,adyen,2025-12-05
MX-100001116,Maximor Demo Corp,CUST-007,Atlas Robotics,Mastercard,2025,12,48,340,False,415.08,41508,USD,US,US,Windows,Ecommerce,False,False,stripe,2025-12-06
MX-100001117,Maximor Demo Corp,CUST-008,Lumen Labs,NexPay,2025,13,51,341,False,422.21,42221,USD,US,US,MacOS,Ecommerce,False,False,stripe,2025-12-07
MX-100001118,Maximor Demo Corp,CUST-009,Northstar LLC,GlobalCard,2025,14,54,342,False,429.34,42934,USD,US,US,iOS,Ecommerce,False,False,stripe,2025-12-08
MX-100001119,Maximor Demo Corp,CUST-010,Meridian Health,Amex,2025,15,57,343,False,436.47,43647,USD,US,US,Android,Ecommerce,False,False,stripe,2025-12-09
MX-100001120,Maximor Demo Corp,CUST-011,Beacon Biotech,Visa,2025,16,0,344,False,23.6,2360,USD,US,US,Windows,Ecommerce,False,False,adyen,2025-12-10
MX-100001121,Maximor Demo Corp,CUST-012,Copperline Logistics,Mastercard,2025,17,3,345,False,30.73,3073,USD,US,US,MacOS,Ecommerce,False,False,stripe,2025-12-11
MX-100001122,Maximor Demo Corp,CUST-013,Summit Civic,NexPay,2025,18,6,346,True,37.86,3786,USD,US,US,iOS,Ecommerce,False,False,stripe,2025-12-12
MX-100001123,Maximor Demo Corp,CUST-014,Redwood Clinics,GlobalCard,2025,19,9,347,False,44.99,4499,USD,US,US,Android,Ecommerce,False,False,stripe,2025-12-13
MX-100001124,Maximor Demo Corp,CUST-015,Ironclad Software,Amex,2025,20,12,348,False,52.12,5212,USD,US,US,Windows,Ecommerce,False,False,stripe,2025-12-14
MX-100001125,Maximor Demo Corp,CUST-001,Northwind Labs,Visa,2025,21,15,349,False,59.25,5925,USD,US,US,MacOS,Ecommerce,False,False,adyen,2025-12-15
MX-100001126,Maximor Demo Corp,CUST-002,Helios Analytics,Mastercard,2025,22,18,350,False,66.38,6638,USD,US,US,iOS,Ecommerce,False,False,stripe,2025-12-16
MX-100001127,Maximor Demo Corp,CUST-003,Acme Industrial,NexPay,2025,23,21,351,False,73.51,7351,USD,US,US,Android,Ecommerce,False,False,stripe,2025-12-17
MX-100001128,Maximor Demo Corp,CUST-004,Brightline Media,GlobalCard,2025,0,24,352,False,80.64,8064,USD,US,US,Windows,Ecommerce,False,False,stripe,2025-12-18
MX-100001129,Maximor Demo Corp,CUST-005,Quiet Harbor,Amex,2025,1,27,353,False,87.77,8777,USD,US,US,MacOS,Ecommerce,False,False,stripe,2025-12-19
MX-100001130,Maximor Demo Corp,CUST-006,Pinnacle Retail,Visa,2025,2,30,354,False,94.9,9490,USD,US,US,iOS,Ecommerce,False,False,adyen,2025-12-20
MX-100001131,Maximor Demo Corp,CUST-007,Atlas Robotics,Mastercard,2025,3,33,355,False,102.03,10203,USD,US,US,Android,Ecommerce,False,False,stripe,2025-12-21
MX-100001132,Maximor Demo Corp,CUST-008,Lumen Labs,NexPay,2025,4,36,356,False,109.16,10916,USD,US,US,Windows,Ecommerce,False,False,stripe,2025-12-22
MX-100001133,Maximor Demo Corp,CUST-009,Northstar LLC,GlobalCard,2025,5,39,357,False,116.29,11629,USD,US,US,MacOS,Ecommerce,False,False,stripe,2025-12-23
MX-100001134,Maximor Demo Corp,CUST-010,Meridian Health,Amex,2025,6,42,358,False,123.42,12342,USD,US,US,iOS,Ecommerce,False,False,stripe,2025-12-24
MX-100001135,Maximor Demo Corp,CUST-011,Beacon Biotech,Visa,2025,7,45,359,False,130.55,13055,USD,US,US,Android,Ecommerce,False,False,adyen,2025-12-25
MX-100001136,Maximor Demo Corp,CUST-012,Copperline Logistics,Mastercard,2025,8,48,360,False,137.68,13768,USD,US,US,Windows,Ecommerce,False,False,stripe,2025-12-26
MX-100001137,Maximor Demo Corp,CUST-013,Summit Civic,NexPay,2025,9,51,361,False,144.81,14481,USD,US,US,MacOS,Ecommerce,False,False,stripe,2025-12-27
MX-100001138,Maximor Demo Corp,CUST-014,Redwood Clinics,GlobalCard,2025,10,54,362,False,151.94,15194,USD,US,US,iOS,Ecommerce,False,False,stripe,2025-12-28
MX-100001139,Maximor Demo Corp,CUST-015,Ironclad Software,Amex,2025,11,57,363,True,159.07,15907,USD,US,US,Android,Ecommerce,False,False,stripe,2025-12-29
MX-100001140,Maximor Demo Corp,CUST-001,Northwind Labs,Visa,2025,12,0,364,False,166.2,16620,USD,US,US,Windows,Ecommerce,False,False,adyen,2025-12-30
MX-100001141,Maximor Demo Corp,CUST-002,Helios Analytics,Mastercard,2025,13,3,365,False,173.33,17333,USD,US,US,MacOS,Ecommerce,False,False,stripe,2025-12-31
MX-100001142,Maximor Demo Corp,CUST-003,Acme Industrial,NexPay,2026,14,6,1,False,180.46,18046,USD,US,US,iOS,Ecommerce,False,False,stripe,2026-01-01
MX-100001143,Maximor Demo Corp,CUST-004,Brightline Media,GlobalCard,2026,15,9,2,False,187.59,18759,USD,US,US,Android,Ecommerce,False,False,stripe,2026-01-02
MX-100001144,Maximor Demo Corp,CUST-005,Quiet Harbor,Amex,2026,16,12,3,False,194.72,19472,USD,US,US,Windows,Ecommerce,False,False,stripe,2026-01-03
MX-100001145,Maximor Demo Corp,CUST-006,Pinnacle Retail,Visa,2026,17,15,4,False,201.85,20185,USD,US,US,MacOS,Ecommerce,False,False,adyen,2026-01-04
MX-100001146,Maximor Demo Corp,CUST-007,Atlas Robotics,Mastercard,2026,18,18,5,False,208.98,20898,USD,US,US,iOS,Ecommerce,False,False,stripe,2026-01-05
MX-100001147,Maximor Demo Corp,CUST-008,Lumen Labs,NexPay,2026,19,21,6,False,216.11,21611,USD,US,US,Android,Ecommerce,False,False,stripe,2026-01-06
MX-100001148,Maximor Demo Corp,CUST-009,Northstar LLC,GlobalCard,2026,20,24,7,False,223.24,22324,USD,US,US,Windows,Ecommerce,False,False,stripe,2026-01-07
MX-100001149,Maximor Demo Corp,CUST-010,Meridian Health,Amex,2026,21,27,8,False,230.37,23037,USD,US,US,MacOS,Ecommerce,False,False,stripe,2026-01-08
MX-100001150,Maximor Demo Corp,CUST-011,Beacon Biotech,Visa,2026,22,30,9,False,237.5,23750,USD,US,US,iOS,Ecommerce,False,False,adyen,2026-01-09
MX-100001151,Maximor Demo Corp,CUST-012,Copperline Logistics,Mastercard,2026,23,33,10,False,244.63,24463,USD,US,US,Android,Ecommerce,False,False,stripe,2026-01-10
MX-100001152,Maximor Demo Corp,CUST-013,Summit Civic,NexPay,2026,0,36,11,False,251.76,25176,USD,US,US,Windows,Ecommerce,False,False,stripe,2026-01-11
MX-100001153,Maximor Demo Corp,CUST-014,Redwood Clinics,GlobalCard,2026,1,39,12,False,258.89,25889,USD,US,US,MacOS,Ecommerce,False,False,stripe,2026-01-12
MX-100001154,Maximor Demo Corp,CUST-015,Ironclad Software,Amex,2026,2,42,13,False,266.02,26602,USD,US,US,iOS,Ecommerce,False,False,stripe,2026-01-13
MX-100001155,Maximor Demo Corp,CUST-001,Northwind Labs,Visa,2026,3,45,14,False,273.15,27315,USD,US,US,Android,Ecommerce,False,False,adyen,2026-01-14
MX-100001156,Maximor Demo Corp,CUST-002,Helios Analytics,Mastercard,2026,4,48,15,True,280.28,28028,USD,US,US,Windows,Ecommerce,False,False,stripe,2026-01-15
MX-100001157,Maximor Demo Corp,CUST-003,Acme Industrial,NexPay,2026,5,51,16,False,287.41,28741,USD,US,US,MacOS,Ecommerce,False,False,stripe,2026-01-16
MX-100001158,Maximor Demo Corp,CUST-004,Brightline Media,GlobalCard,2026,6,54,17,False,294.54,29454,USD,US,US,iOS,Ecommerce,False,False,stripe,2026-01-17
MX-100001159,Maximor Demo Corp,CUST-005,Quiet Harbor,Amex,2026,7,57,18,False,301.67,30167,USD,US,US,Android,Ecommerce,False,False,stripe,2026-01-18
MX-100001160,Maximor Demo Corp,CUST-006,Pinnacle Retail,Visa,2026,8,0,19,False,308.8,30880,USD,US,US,Windows,Ecommerce,False,False,adyen,2026-01-19
MX-100001161,Maximor Demo Corp,CUST-007,Atlas Robotics,Mastercard,2026,9,3,20,False,315.93,31593,USD,US,US,MacOS,Ecommerce,False,False,stripe,2026-01-20
MX-100001162,Maximor Demo Corp,CUST-008,Lumen Labs,NexPay,2026,10,6,21,False,323.06,32306,USD,US,US,iOS,Ecommerce,False,False,stripe,2026-01-21
MX-100001163,Maximor Demo Corp,CUST-009,Northstar LLC,GlobalCard,2026,11,9,22,False,330.19,33019,USD,US,US,Android,Ecommerce,False,False,stripe,2026-01-22
MX-100001164,Maximor Demo Corp,CUST-010,Meridian Health,Amex,2026,12,12,23,False,337.32,33732,USD,US,US,Windows,Ecommerce,False,False,stripe,2026-01-23
MX-100001165,Maximor Demo Corp,CUST-011,Beacon Biotech,Visa,2026,13,15,24,False,344.45,34445,USD,US,US,MacOS,Ecommerce,False,False,adyen,2026-01-24
MX-100001166,Maximor Demo Corp,CUST-012,Copperline Logistics,Mastercard,2026,14,18,25,False,351.58,35158,USD,US,US,iOS,Ecommerce,False,False,stripe,2026-01-25
MX-100001167,Maximor Demo Corp,CUST-013,Summit Civic,NexPay,2026,15,21,26,False,358.71,35871,USD,US,US,Android,Ecommerce,False,False,stripe,2026-01-26
MX-100001168,Maximor Demo Corp,CUST-014,Redwood Clinics,GlobalCard,2026,16,24,27,False,365.84,36584,USD,US,US,Windows,Ecommerce,False,False,stripe,2026-01-27
MX-100001169,Maximor Demo Corp,CUST-015,Ironclad Software,Amex,2026,17,27,28,False,372.97,37297,USD,US,US,MacOS,Ecommerce,False,False,stripe,2026-01-28
MX-100001170,Maximor Demo Corp,CUST-001,Northwind Labs,Visa,2026,18,30,29,False,380.1,38010,USD,US,US,iOS,Ecommerce,False,False,adyen,2026-01-29
MX-100001171,Maximor Demo Corp,CUST-002,Helios Analytics,Mastercard,2026,19,33,30,False,387.23,38723,USD,US,US,Android,Ecommerce,False,False,stripe,2026-01-30
MX-100001172,Maximor Demo Corp,CUST-003,Acme Industrial,NexPay,2026,20,36,31,False,394.36,39436,USD,US,US,Windows,Ecommerce,False,False,stripe,2026-01-31
MX-100001173,Maximor Demo Corp,CUST-004,Brightline Media,GlobalCard,2026,21,39,32,True,401.49,40149,USD,US,US,MacOS,Ecommerce,False,False,stripe,2026-02-01
MX-100001174,Maximor Demo Corp,CUST-005,Quiet Harbor,Amex,2026,22,42,33,False,408.62,40862,USD,US,US,iOS,Ecommerce,False,False,stripe,2026-02-02
MX-100001175,Maximor Demo Corp,CUST-006,Pinnacle Retail,Visa,2026,23,45,34,False,415.75,41575,USD,US,US,Android,Ecommerce,False,False,adyen,2026-02-03
MX-100001176,Maximor Demo Corp,CUST-007,Atlas Robotics,Mastercard,2026,0,48,35,False,422.88,42288,USD,US,US,Windows,Ecommerce,False,False,stripe,2026-02-04
MX-100001177,Maximor Demo Corp,CUST-008,Lumen Labs,NexPay,2026,1,51,36,False,430.01,43001,USD,US,US,MacOS,Ecommerce,False,False,stripe,2026-02-05
MX-100001178,Maximor Demo Corp,CUST-009,Northstar LLC,GlobalCard,2026,2,54,37,False,437.14,43714,USD,US,US,iOS,Ecommerce,False,False,stripe,2026-02-06
MX-100001179,Maximor Demo Corp,CUST-010,Meridian Health,Amex,2026,3,57,38,False,24.27,2427,USD,US,US,Android,Ecommerce,False,False,stripe,2026-02-07
MX-100001180,Maximor Demo Corp,CUST-011,Beacon Biotech,Visa,2026,4,0,39,False,31.4,3140,USD,US,US,Windows,Ecommerce,False,False,adyen,2026-02-08
MX-100001181,Maximor Demo Corp,CUST-012,Copperline Logistics,Mastercard,2026,5,3,40,False,38.53,3853,USD,US,US,MacOS,Ecommerce,False,False,stripe,2026-02-09
MX-100001182,Maximor Demo Corp,CUST-013,Summit Civic,NexPay,2026,6,6,41,False,45.66,4566,USD,US,US,iOS,Ecommerce,False,False,stripe,2026-02-10
MX-100001183,Maximor Demo Corp,CUST-014,Redwood Clinics,GlobalCard,2026,7,9,42,False,52.79,5279,USD,US,US,Android,Ecommerce,False,False,stripe,2026-02-11
MX-100001184,Maximor Demo Corp,CUST-015,Ironclad Software,Amex,2026,8,12,43,False,59.92,5992,USD,US,US,Windows,Ecommerce,False,False,stripe,2026-02-12
MX-100001185,Maximor Demo Corp,CUST-001,Northwind Labs,Visa,2026,9,15,44,False,67.05,6705,USD,US,US,MacOS,Ecommerce,False,False,adyen,2026-02-13
MX-100001186,Maximor Demo Corp,CUST-002,Helios Analytics,Mastercard,2026,10,18,45,False,74.18,7418,USD,US,US,iOS,Ecommerce,False,False,stripe,2026-02-14
MX-100001187,Maximor Demo Corp,CUST-003,Acme Industrial,NexPay,2026,11,21,46,False,81.31,8131,USD,US,US,Android,Ecommerce,False,False,stripe,2026-02-15
MX-100001188,Maximor Demo Corp,CUST-004,Brightline Media,GlobalCard,2026,12,24,47,False,88.44,8844,USD,US,US,Windows,Ecommerce,False,False,stripe,2026-02-16
MX-100001189,Maximor Demo Corp,CUST-005,Quiet Harbor,Amex,2026,13,27,48,False,95.57,9557,USD,US,US,MacOS,Ecommerce,False,False,stripe,2026-02-17
MX-100001190,Maximor Demo Corp,CUST-006,Pinnacle Retail,Visa,2026,14,30,49,True,102.7,10270,USD,US,US,iOS,Ecommerce,False,False,adyen,2026-02-18
MX-100001191,Maximor Demo Corp,CUST-007,Atlas Robotics,Mastercard,2026,15,33,50,False,109.83,10983,USD,US,US,Android,Ecommerce,False,False,stripe,2026-02-19
MX-100001192,Maximor Demo Corp,CUST-008,Lumen Labs,NexPay,2026,16,36,51,False,116.96,11696,USD,US,US,Windows,Ecommerce,False,False,stripe,2026-02-20
MX-100001193,Maximor Demo Corp,CUST-009,Northstar LLC,GlobalCard,2026,17,39,52,False,124.09,12409,USD,US,US,MacOS,Ecommerce,False,False,stripe,2026-02-21
MX-100001194,Maximor Demo Corp,CUST-010,Meridian Health,Amex,2026,18,42,53,False,131.22,13122,USD,US,US,iOS,Ecommerce,False,False,stripe,2026-02-22
MX-100001195,Maximor Demo Corp,CUST-011,Beacon Biotech,Visa,2026,19,45,54,False,138.35,13835,USD,US,US,Android,Ecommerce,False,False,adyen,2026-02-23
MX-100001196,Maximor Demo Corp,CUST-012,Copperline Logistics,Mastercard,2026,20,48,55,False,145.48,14548,USD,US,US,Windows,Ecommerce,False,False,stripe,2026-02-24
MX-100001197,Maximor Demo Corp,CUST-013,Summit Civic,NexPay,2026,21,51,56,False,152.61,15261,USD,US,US,MacOS,Ecommerce,False,False,stripe,2026-02-25
MX-100001198,Maximor Demo Corp,CUST-014,Redwood Clinics,GlobalCard,2026,22,54,57,False,159.74,15974,USD,US,US,iOS,Ecommerce,False,False,stripe,2026-02-26
MX-100001199,Maximor Demo Corp,CUST-015,Ironclad Software,Amex,2026,23,57,58,False,166.87,16687,USD,US,US,Android,Ecommerce,False,False,stripe,2026-02-27
MX-100001200,Maximor Demo Corp,CUST-001,Northwind Labs,Visa,2026,0,0,59,False,174.0,17400,USD,US,US,Windows,Ecommerce,False,False,adyen,2026-02-28
MX-100001201,Maximor Demo Corp,CUST-002,Helios Analytics,Mastercard,2026,1,3,60,False,181.13,18113,USD,US,US,MacOS,Ecommerce,False,False,stripe,2026-03-01
MX-100001202,Maximor Demo Corp,CUST-003,Acme Industrial,NexPay,2026,2,6,61,False,188.26,18826,USD,US,US,iOS,Ecommerce,False,False,stripe,2026-03-02
MX-100001203,Maximor Demo Corp,CUST-004,Brightline Media,GlobalCard,2026,3,9,62,False,195.39,19539,USD,US,US,Android,Ecommerce,False,False,stripe,2026-03-03
MX-100001204,Maximor Demo Corp,CUST-005,Quiet Harbor,Amex,2026,4,12,63,False,202.52,20252,USD,US,US,Windows,Ecommerce,False,False,stripe,2026-03-04
MX-100001205,Maximor Demo Corp,CUST-006,Pinnacle Retail,Visa,2026,5,15,64,False,209.65,20965,USD,US,US,MacOS,Ecommerce,False,False,adyen,2026-03-05
MX-100001206,Maximor Demo Corp,CUST-007,Atlas Robotics,Mastercard,2026,6,18,65,False,216.78,21678,USD,US,US,iOS,Ecommerce,False,False,stripe,2026-03-06
MX-100001207,Maximor Demo Corp,CUST-008,Lumen Labs,NexPay,2026,7,21,66,True,223.91,22391,USD,US,US,Android,Ecommerce,False,False,stripe,2026-03-07
MX-100001208,Maximor Demo Corp,CUST-009,Northstar LLC,GlobalCard,2026,8,24,67,False,231.04,23104,USD,US,US,Windows,Ecommerce,False,False,stripe,2026-03-08
MX-100001209,Maximor Demo Corp,CUST-010,Meridian Health,Amex,2026,9,27,68,False,238.17,23817,USD,US,US,MacOS,Ecommerce,False,False,stripe,2026-03-09
MX-100001210,Maximor Demo Corp,CUST-011,Beacon Biotech,Visa,2026,10,30,69,False,245.3,24530,USD,US,US,iOS,Ecommerce,False,False,adyen,2026-03-10
MX-100001211,Maximor Demo Corp,CUST-012,Copperline Logistics,Mastercard,2026,11,33,70,False,252.43,25243,USD,US,US,Android,Ecommerce,False,False,stripe,2026-03-11
MX-100001212,Maximor Demo Corp,CUST-013,Summit Civic,NexPay,2026,12,36,71,False,259.56,25956,USD,US,US,Windows,Ecommerce,False,False,stripe,2026-03-12
MX-100001213,Maximor Demo Corp,CUST-014,Redwood Clinics,GlobalCard,2026,13,39,72,False,266.69,26669,USD,US,US,MacOS,Ecommerce,False,False,stripe,2026-03-13
MX-100001214,Maximor Demo Corp,CUST-015,Ironclad Software,Amex,2026,14,42,73,False,273.82,27382,USD,US,US,iOS,Ecommerce,False,False,stripe,2026-03-14
MX-100001215,Maximor Demo Corp,CUST-001,Northwind Labs,Visa,2026,15,45,74,False,280.95,28095,USD,US,US,Android,Ecommerce,False,False,adyen,2026-03-15
MX-100001216,Maximor Demo Corp,CUST-002,Helios Analytics,Mastercard,2026,16,48,75,False,288.08,28808,USD,US,US,Windows,Ecommerce,False,False,stripe,2026-03-16
MX-100001217,Maximor Demo Corp,CUST-003,Acme Industrial,NexPay,2026,17,51,76,False,295.21,29521,USD,US,US,MacOS,Ecommerce,False,False,stripe,2026-03-17
MX-100001218,Maximor Demo Corp,CUST-004,Brightline Media,GlobalCard,2026,18,54,77,False,302.34,30234,USD,US,US,iOS,Ecommerce,False,False,stripe,2026-03-18
MX-100001219,Maximor Demo Corp,CUST-005,Quiet Harbor,Amex,2026,19,57,78,False,309.47,30947,USD,US,US,Android,Ecommerce,False,False,stripe,2026-03-19
MX-100001220,Maximor Demo Corp,CUST-006,Pinnacle Retail,Visa,2026,20,0,79,False,316.6,31660,USD,US,US,Windows,Ecommerce,False,False,adyen,2026-03-20
MX-100001221,Maximor Demo Corp,CUST-007,Atlas Robotics,Mastercard,2026,21,3,80,False,323.73,32373,USD,US,US,MacOS,Ecommerce,False,False,stripe,2026-03-21
MX-100001222,Maximor Demo Corp,CUST-008,Lumen Labs,NexPay,2026,22,6,81,False,330.86,33086,USD,US,US,iOS,Ecommerce,False,False,stripe,2026-03-22
MX-100001223,Maximor Demo Corp,CUST-009,Northstar LLC,GlobalCard,2026,23,9,82,False,337.99,33799,USD,US,US,Android,Ecommerce,False,False,stripe,2026-03-23
MX-100001224,Maximor Demo Corp,CUST-010,Meridian Health,Amex,2026,0,12,83,True,345.12,34512,USD,US,US,Windows,Ecommerce,False,False,stripe,2026-03-24
MX-100001225,Maximor Demo Corp,CUST-011,Beacon Biotech,Visa,2026,1,15,84,False,352.25,35225,USD,US,US,MacOS,Ecommerce,False,False,adyen,2026-03-25
MX-100001226,Maximor Demo Corp,CUST-012,Copperline Logistics,Mastercard,2026,2,18,85,False,359.38,35938,USD,US,US,iOS,Ecommerce,False,False,stripe,2026-03-26
MX-100001227,Maximor Demo Corp,CUST-013,Summit Civic,NexPay,2026,3,21,86,False,366.51,36651,USD,US,US,Android,Ecommerce,False,False,stripe,2026-03-27
MX-100001228,Maximor Demo Corp,CUST-014,Redwood Clinics,GlobalCard,2026,4,24,87,False,373.64,37364,USD,US,US,Windows,Ecommerce,False,False,stripe,2026-03-28
MX-100001229,Maximor Demo Corp,CUST-015,Ironclad Software,Amex,2026,5,27,88,False,380.77,38077,USD,US,US,MacOS,Ecommerce,False,False,stripe,2026-03-29
MX-100001230,Maximor Demo Corp,CUST-001,Northwind Labs,Visa,2026,6,30,89,False,387.9,38790,USD,US,US,iOS,Ecommerce,False,False,adyen,2026-03-30
MX-100001231,Maximor Demo Corp,CUST-002,Helios Analytics,Mastercard,2026,7,33,90,False,395.03,39503,USD,US,US,Android,Ecommerce,False,False,stripe,2026-03-31
MX-100001232,Maximor Demo Corp,CUST-003,Acme Industrial,NexPay,2026,8,36,91,False,402.16,40216,USD,US,US,Windows,Ecommerce,False,False,stripe,2026-04-01
MX-100001233,Maximor Demo Corp,CUST-004,Brightline Media,GlobalCard,2026,9,39,92,False,409.29,40929,USD,US,US,MacOS,Ecommerce,False,False,stripe,2026-04-02
MX-100001234,Maximor Demo Corp,CUST-005,Quiet Harbor,Amex,2026,10,42,93,False,416.42,41642,USD,US,US,iOS,Ecommerce,False,False,stripe,2026-04-03
MX-100001235,Maximor Demo Corp,CUST-006,Pinnacle Retail,Visa,2026,11,45,94,False,423.55,42355,USD,US,US,Android,Ecommerce,False,False,adyen,2026-04-04
MX-100001236,Maximor Demo Corp,CUST-007,Atlas Robotics,Mastercard,2026,12,48,95,False,430.68,43068,USD,US,US,Windows,Ecommerce,False,False,stripe,2026-04-05
MX-100001237,Maximor Demo Corp,CUST-008,Lumen Labs,NexPay,2026,13,51,96,False,437.81,43781,USD,US,US,MacOS,Ecommerce,False,False,stripe,2026-04-06
MX-100001238,Maximor Demo Corp,CUST-009,Northstar LLC,GlobalCard,2026,14,54,97,False,24.94,2494,USD,US,US,iOS,Ecommerce,False,False,stripe,2026-04-07
MX-100001239,Maximor Demo Corp,CUST-010,Meridian Health,Amex,2026,15,57,98,False,32.07,3207,USD,US,US,Android,Ecommerce,False,False,stripe,2026-04-08
MX-100001240,Maximor Demo Corp,CUST-011,Beacon Biotech,Visa,2026,16,0,99,False,39.2,3920,USD,US,US,Windows,Ecommerce,False,False,adyen,2026-04-09
MX-100001241,Maximor Demo Corp,CUST-012,Copperline Logistics,Mastercard,2026,17,3,100,True,46.33,4633,USD,US,US,MacOS,Ecommerce,False,False,stripe,2026-04-10
MX-100001242,Maximor Demo Corp,CUST-013,Summit Civic,NexPay,2026,18,6,101,False,53.46,5346,USD,US,US,iOS,Ecommerce,False,False,stripe,2026-04-11
MX-100001243,Maximor Demo Corp,CUST-014,Redwood Clinics,GlobalCard,2026,19,9,102,False,60.59,6059,USD,US,US,Android,Ecommerce,False,False,stripe,2026-04-12
MX-100001244,Maximor Demo Corp,CUST-015,Ironclad Software,Amex,2026,20,12,103,False,67.72,6772,USD,US,US,Windows,Ecommerce,False,False,stripe,2026-04-13
MX-100001245,Maximor Demo Corp,CUST-001,Northwind Labs,Visa,2026,21,15,104,False,74.85,7485,USD,US,US,MacOS,Ecommerce,False,False,adyen,2026-04-14
MX-100001246,Maximor Demo Corp,CUST-002,Helios Analytics,Mastercard,2026,22,18,105,False,81.98,8198,USD,US,US,iOS,Ecommerce,False,False,stripe,2026-04-15
MX-100001247,Maximor Demo Corp,CUST-003,Acme Industrial,NexPay,2026,23,21,106,False,89.11,8911,USD,US,US,Android,Ecommerce,False,False,stripe,2026-04-16
MX-100001248,Maximor Demo Corp,CUST-004,Brightline Media,GlobalCard,2026,0,24,107,False,96.24,9624,USD,US,US,Windows,Ecommerce,False,False,stripe,2026-04-17
MX-100001249,Maximor Demo Corp,CUST-005,Quiet Harbor,Amex,2026,1,27,108,False,103.37,10337,USD,US,US,MacOS,Ecommerce,False,False,stripe,2026-04-18
MX-100001250,Maximor Demo Corp,CUST-006,Pinnacle Retail,Visa,2026,2,30,109,False,110.5,11050,USD,US,US,iOS,Ecommerce,False,False,adyen,2026-04-19
MX-100001251,Maximor Demo Corp,CUST-007,Atlas Robotics,Mastercard,2026,3,33,110,False,117.63,11763,USD,US,US,Android,Ecommerce,False,False,stripe,2026-04-20
MX-100001252,Maximor Demo Corp,CUST-008,Lumen Labs,NexPay,2026,4,36,111,False,124.76,12476,USD,US,US,Windows,Ecommerce,False,False,stripe,2026-04-21
MX-100001253,Maximor Demo Corp,CUST-009,Northstar LLC,GlobalCard,2026,5,39,112,False,131.89,13189,USD,US,US,MacOS,Ecommerce,False,False,stripe,2026-04-22
MX-100001254,Maximor Demo Corp,CUST-010,Meridian Health,Amex,2026,6,42,113,False,139.02,13902,USD,US,US,iOS,Ecommerce,False,False,stripe,2026-04-23
MX-100001255,Maximor Demo Corp,CUST-011,Beacon Biotech,Visa,2026,7,45,114,False,146.15,14615,USD,US,US,Android,Ecommerce,False,False,adyen,2026-04-24
MX-100001256,Maximor Demo Corp,CUST-012,Copperline Logistics,Mastercard,2026,8,48,115,False,153.28,15328,USD,US,US,Windows,Ecommerce,False,False,stripe,2026-04-25
MX-100001257,Maximor Demo Corp,CUST-013,Summit Civic,NexPay,2026,9,51,116,False,160.41,16041,USD,US,US,MacOS,Ecommerce,False,False,stripe,2026-04-26
MX-100001258,Maximor Demo Corp,CUST-014,Redwood Clinics,GlobalCard,2026,10,54,117,True,167.54,16754,USD,US,US,iOS,Ecommerce,False,False,stripe,2026-04-27
MX-100001259,Maximor Demo Corp,CUST-015,Ironclad Software,Amex,2026,11,57,118,False,174.67,17467,USD,US,US,Android,Ecommerce,False,False,stripe,2026-04-28
MX-100001260,Maximor Demo Corp,CUST-001,Northwind Labs,Visa,2026,12,0,119,False,181.8,18180,USD,US,US,Windows,Ecommerce,False,False,adyen,2026-04-29
MX-100001261,Maximor Demo Corp,CUST-002,Helios Analytics,Mastercard,2026,13,3,120,False,188.93,18893,USD,US,US,MacOS,Ecommerce,False,False,stripe,2026-04-30
MX-100001262,Maximor Demo Corp,CUST-003,Acme Industrial,NexPay,2026,14,6,121,False,196.06,19606,USD,US,US,iOS,Ecommerce,False,False,stripe,2026-05-01
MX-100001263,Maximor Demo Corp,CUST-004,Brightline Media,GlobalCard,2026,15,9,122,False,203.19,20319,USD,US,US,Android,Ecommerce,False,False,stripe,2026-05-02
MX-100001264,Maximor Demo Corp,CUST-005,Quiet Harbor,Amex,2026,16,12,123,False,210.32,21032,USD,US,US,Windows,Ecommerce,False,False,stripe,2026-05-03
MX-100001265,Maximor Demo Corp,CUST-006,Pinnacle Retail,Visa,2026,17,15,124,False,217.45,21745,USD,US,US,MacOS,Ecommerce,False,False,adyen,2026-05-04
MX-100001266,Maximor Demo Corp,CUST-007,Atlas Robotics,Mastercard,2026,18,18,125,False,224.58,22458,USD,US,US,iOS,Ecommerce,False,False,stripe,2026-05-05
MX-100001267,Maximor Demo Corp,CUST-008,Lumen Labs,NexPay,2026,19,21,126,False,231.71,23171,USD,US,US,Android,Ecommerce,False,False,stripe,2026-05-06
MX-100001268,Maximor Demo Corp,CUST-009,Northstar LLC,GlobalCard,2026,20,24,127,False,238.84,23884,USD,US,US,Windows,Ecommerce,False,False,stripe,2026-05-07
MX-100001269,Maximor Demo Corp,CUST-010,Meridian Health,Amex,2026,21,27,128,False,245.97,24597,USD,US,US,MacOS,Ecommerce,False,False,stripe,2026-05-08
MX-100001270,Maximor Demo Corp,CUST-011,Beacon Biotech,Visa,2026,22,30,129,False,253.1,25310,USD,US,US,iOS,Ecommerce,False,False,adyen,2026-05-09
MX-100001271,Maximor Demo Corp,CUST-012,Copperline Logistics,Mastercard,2026,23,33,130,False,260.23,26023,USD,US,US,Android,Ecommerce,False,False,stripe,2026-05-10
MX-100001272,Maximor Demo Corp,CUST-013,Summit Civic,NexPay,2026,0,36,131,False,267.36,26736,USD,US,US,Windows,Ecommerce,False,False,stripe,2026-05-11
MX-100001273,Maximor Demo Corp,CUST-014,Redwood Clinics,GlobalCard,2026,1,39,132,False,274.49,27449,USD,US,US,MacOS,Ecommerce,False,False,stripe,2026-05-12
MX-100001274,Maximor Demo Corp,CUST-015,Ironclad Software,Amex,2026,2,42,133,False,281.62,28162,USD,US,US,iOS,Ecommerce,False,False,stripe,2026-05-13
MX-100001275,Maximor Demo Corp,CUST-001,Northwind Labs,Visa,2026,3,45,134,True,288.75,28875,USD,US,US,Android,Ecommerce,False,False,adyen,2026-05-14
MX-100001276,Maximor Demo Corp,CUST-002,Helios Analytics,Mastercard,2026,4,48,135,False,295.88,29588,USD,US,US,Windows,Ecommerce,False,False,stripe,2026-05-15
MX-100001277,Maximor Demo Corp,CUST-003,Acme Industrial,NexPay,2026,5,51,136,False,303.01,30301,USD,US,US,MacOS,Ecommerce,False,False,stripe,2026-05-16
MX-100001278,Maximor Demo Corp,CUST-004,Brightline Media,GlobalCard,2026,6,54,137,False,310.14,31014,USD,US,US,iOS,Ecommerce,False,False,stripe,2026-05-17
MX-100001279,Maximor Demo Corp,CUST-005,Quiet Harbor,Amex,2026,7,57,138,False,317.27,31727,USD,US,US,Android,Ecommerce,False,False,stripe,2026-05-18
MX-100001280,Maximor Demo Corp,CUST-006,Pinnacle Retail,Visa,2026,8,0,139,False,324.4,32440,USD,US,US,Windows,Ecommerce,False,False,adyen,2026-05-19
MX-100001281,Maximor Demo Corp,CUST-007,Atlas Robotics,Mastercard,2026,9,3,140,False,331.53,33153,USD,US,US,MacOS,Ecommerce,False,False,stripe,2026-05-20
MX-100001282,Maximor Demo Corp,CUST-008,Lumen Labs,NexPay,2026,10,6,141,False,338.66,33866,USD,US,US,iOS,Ecommerce,False,False,stripe,2026-05-21
MX-100001283,Maximor Demo Corp,CUST-009,Northstar LLC,GlobalCard,2026,11,9,142,False,345.79,34579,USD,US,US,Android,Ecommerce,False,False,stripe,2026-05-22
MX-100001284,Maximor Demo Corp,CUST-010,Meridian Health,Amex,2026,12,12,143,False,352.92,35292,USD,US,US,Windows,Ecommerce,False,False,stripe,2026-05-23
MX-100001285,Maximor Demo Corp,CUST-011,Beacon Biotech,Visa,2026,13,15,144,False,360.05,36005,USD,US,US,MacOS,Ecommerce,False,False,adyen,2026-05-24
MX-100001286,Maximor Demo Corp,CUST-012,Copperline Logistics,Mastercard,2026,14,18,145,False,367.18,36718,USD,US,US,iOS,Ecommerce,False,False,stripe,2026-05-25
MX-100001287,Maximor Demo Corp,CUST-013,Summit Civic,NexPay,2026,15,21,146,False,374.31,37431,USD,US,US,Android,Ecommerce,False,False,stripe,2026-05-26
MX-100001288,Maximor Demo Corp,CUST-014,Redwood Clinics,GlobalCard,2026,16,24,147,False,381.44,38144,USD,US,US,Windows,Ecommerce,False,False,stripe,2026-05-27
MX-100001289,Maximor Demo Corp,CUST-015,Ironclad Software,Amex,2026,17,27,148,False,388.57,38857,USD,US,US,MacOS,Ecommerce,False,False,stripe,2026-05-28
MX-100001290,Maximor Demo Corp,CUST-001,Northwind Labs,Visa,2026,18,30,149,False,395.7,39570,USD,US,US,iOS,Ecommerce,False,False,adyen,2026-05-29
MX-100001291,Maximor Demo Corp,CUST-002,Helios Analytics,Mastercard,2026,19,33,150,False,402.83,40283,USD,US,US,Android,Ecommerce,False,False,stripe,2026-05-30
MX-100001292,Maximor Demo Corp,CUST-003,Acme Industrial,NexPay,2026,20,36,151,True,409.96,40996,USD,US,US,Windows,Ecommerce,False,False,stripe,2026-05-31
MX-100001293,Maximor Demo Corp,CUST-004,Brightline Media,GlobalCard,2026,21,39,152,False,417.09,41709,USD,US,US,MacOS,Ecommerce,False,False,stripe,2026-06-01
MX-100001294,Maximor Demo Corp,CUST-005,Quiet Harbor,Amex,2026,22,42,153,False,424.22,42422,USD,US,US,iOS,Ecommerce,False,False,stripe,2026-06-02
MX-100001295,Maximor Demo Corp,CUST-006,Pinnacle Retail,Visa,2026,23,45,154,False,431.35,43135,USD,US,US,Android,Ecommerce,False,False,adyen,2026-06-03
MX-100001296,Maximor Demo Corp,CUST-007,Atlas Robotics,Mastercard,2026,0,48,155,False,18.48,1848,USD,US,US,Windows,Ecommerce,False,False,stripe,2026-06-04
MX-100001297,Maximor Demo Corp,CUST-008,Lumen Labs,NexPay,2026,1,51,156,False,25.61,2561,USD,US,US,MacOS,Ecommerce,False,False,stripe,2026-06-05
MX-100001298,Maximor Demo Corp,CUST-009,Northstar LLC,GlobalCard,2026,2,54,157,False,32.74,3274,USD,US,US,iOS,Ecommerce,False,False,stripe,2026-06-06
MX-100001299,Maximor Demo Corp,CUST-010,Meridian Health,Amex,2026,3,57,158,False,39.87,3987,USD,US,US,Android,Ecommerce,False,False,stripe,2026-06-07
MX-100001300,Maximor Demo Corp,CUST-011,Beacon Biotech,Visa,2026,4,0,159,False,47.0,4700,USD,US,US,Windows,Ecommerce,False,False,adyen,2026-06-08
MX-100001301,Maximor Demo Corp,CUST-012,Copperline Logistics,Mastercard,2026,5,3,160,False,54.13,5413,USD,US,US,MacOS,Ecommerce,False,False,stripe,2026-06-09
MX-100001302,Maximor Demo Corp,CUST-013,Summit Civic,NexPay,2026,6,6,161,False,61.26,6126,USD,US,US,iOS,Ecommerce,False,False,stripe,2026-06-10
MX-100001303,Maximor Demo Corp,CUST-014,Redwood Clinics,GlobalCard,2026,7,9,162,False,68.39,6839,USD,US,US,Android,Ecommerce,False,False,stripe,2026-06-11
MX-100001304,Maximor Demo Corp,CUST-015,Ironclad Software,Amex,2026,8,12,163,False,75.52,7552,USD,US,US,Windows,Ecommerce,False,False,stripe,2026-06-12
MX-100001305,Maximor Demo Corp,CUST-001,Northwind Labs,Visa,2026,9,15,164,False,82.65,8265,USD,US,US,MacOS,Ecommerce,False,False,adyen,2026-06-13
MX-100001306,Maximor Demo Corp,CUST-002,Helios Analytics,Mastercard,2026,10,18,165,False,89.78,8978,USD,US,US,iOS,Ecommerce,False,False,stripe,2026-06-14
MX-100001307,Maximor Demo Corp,CUST-003,Acme Industrial,NexPay,2026,11,21,166,False,96.91,9691,USD,US,US,Android,Ecommerce,False,False,stripe,2026-06-15
MX-100001308,Maximor Demo Corp,CUST-004,Brightline Media,GlobalCard,2026,12,24,167,False,104.04,10404,USD,US,US,Windows,Ecommerce,False,False,stripe,2026-06-16
MX-100001309,Maximor Demo Corp,CUST-005,Quiet Harbor,Amex,2026,13,27,168,True,111.17,11117,USD,US,US,MacOS,Ecommerce,False,False,stripe,2026-06-17
MX-100001310,Maximor Demo Corp,CUST-006,Pinnacle Retail,Visa,2026,14,30,169,False,118.3,11830,USD,US,US,iOS,Ecommerce,False,False,adyen,2026-06-18
MX-100001311,Maximor Demo Corp,CUST-007,Atlas Robotics,Mastercard,2026,15,33,170,False,125.43,12543,USD,US,US,Android,Ecommerce,False,False,stripe,2026-06-19
MX-100001312,Maximor Demo Corp,CUST-008,Lumen Labs,NexPay,2026,16,36,171,False,132.56,13256,USD,US,US,Windows,Ecommerce,False,False,stripe,2026-06-20
MX-100001313,Maximor Demo Corp,CUST-009,Northstar LLC,GlobalCard,2026,17,39,172,False,139.69,13969,USD,US,US,MacOS,Ecommerce,False,False,stripe,2026-06-21
MX-100001314,Maximor Demo Corp,CUST-010,Meridian Health,Amex,2026,18,42,173,False,146.82,14682,USD,US,US,iOS,Ecommerce,False,False,stripe,2026-06-22
MX-100001315,Maximor Demo Corp,CUST-011,Beacon Biotech,Visa,2026,19,45,174,False,153.95,15395,USD,US,US,Android,Ecommerce,False,False,adyen,2026-06-23
MX-100001316,Maximor Demo Corp,CUST-012,Copperline Logistics,Mastercard,2026,20,48,175,False,161.08,16108,USD,US,US,Windows,Ecommerce,False,False,stripe,2026-06-24
MX-100001317,Maximor Demo Corp,CUST-013,Summit Civic,NexPay,2026,21,51,176,False,168.21,16821,USD,US,US,MacOS,Ecommerce,False,False,stripe,2026-06-25
MX-100001318,Maximor Demo Corp,CUST-014,Redwood Clinics,GlobalCard,2026,22,54,177,False,175.34,17534,USD,US,US,iOS,Ecommerce,False,False,stripe,2026-06-26
MX-100001319,Maximor Demo Corp,CUST-015,Ironclad Software,Amex,2026,23,57,178,False,182.47,18247,USD,US,US,Android,Ecommerce,False,False,stripe,2026-06-27
MX-100001320,Maximor Demo Corp,CUST-001,Northwind Labs,Visa,2026,0,0,179,False,189.6,18960,USD,US,US,Windows,Ecommerce,False,False,adyen,2026-06-28
MX-100001321,Maximor Demo Corp,CUST-002,Helios Analytics,Mastercard,2026,1,3,180,False,196.73,19673,USD,US,US,MacOS,Ecommerce,False,False,stripe,2026-06-29
MX-100001322,Maximor Demo Corp,CUST-003,Acme Industrial,NexPay,2026,2,6,181,False,203.86,20386,USD,US,US,iOS,Ecommerce,False,False,stripe,2026-06-30
MX-100001323,Maximor Demo Corp,CUST-004,Brightline Media,GlobalCard,2026,3,9,182,False,210.99,21099,USD,US,US,Android,Ecommerce,False,False,stripe,2026-07-01
MX-100001324,Maximor Demo Corp,CUST-005,Quiet Harbor,Amex,2026,4,12,183,False,218.12,21812,USD,US,US,Windows,Ecommerce,False,False,stripe,2026-07-02
MX-100001325,Maximor Demo Corp,CUST-006,Pinnacle Retail,Visa,2026,5,15,184,False,225.25,22525,USD,US,US,MacOS,Ecommerce,False,False,adyen,2026-07-03
MX-100001326,Maximor Demo Corp,CUST-007,Atlas Robotics,Mastercard,2026,6,18,185,True,232.38,23238,USD,US,US,iOS,Ecommerce,False,False,stripe,2026-07-04
MX-100001327,Maximor Demo Corp,CUST-008,Lumen Labs,NexPay,2026,7,21,186,False,239.51,23951,USD,US,US,Android,Ecommerce,False,False,stripe,2026-07-05
MX-100001328,Maximor Demo Corp,CUST-009,Northstar LLC,GlobalCard,2026,8,24,187,False,246.64,24664,USD,US,US,Windows,Ecommerce,False,False,stripe,2026-07-06
MX-100001329,Maximor Demo Corp,CUST-010,Meridian Health,Amex,2026,9,27,188,False,253.77,25377,USD,US,US,MacOS,Ecommerce,False,False,stripe,2026-07-07
MX-100001330,Maximor Demo Corp,CUST-011,Beacon Biotech,Visa,2026,10,30,189,False,260.9,26090,USD,US,US,iOS,Ecommerce,False,False,adyen,2026-07-08
MX-100001331,Maximor Demo Corp,CUST-012,Copperline Logistics,Mastercard,2026,11,33,190,False,268.03,26803,USD,US,US,Android,Ecommerce,False,False,stripe,2026-07-09
MX-100001332,Maximor Demo Corp,CUST-013,Summit Civic,NexPay,2026,12,36,191,False,275.16,27516,USD,US,US,Windows,Ecommerce,False,False,stripe,2026-07-10
MX-100001333,Maximor Demo Corp,CUST-014,Redwood Clinics,GlobalCard,2026,13,39,192,False,282.29,28229,USD,US,US,MacOS,Ecommerce,False,False,stripe,2026-07-11
MX-100001334,Maximor Demo Corp,CUST-015,Ironclad Software,Amex,2026,14,42,193,False,289.42,28942,USD,US,US,iOS,Ecommerce,False,False,stripe,2026-07-12
MX-100001335,Maximor Demo Corp,CUST-001,Northwind Labs,Visa,2026,15,45,194,False,296.55,29655,USD,US,US,Android,Ecommerce,False,False,adyen,2026-07-13
MX-100001336,Maximor Demo Corp,CUST-002,Helios Analytics,Mastercard,2026,16,48,195,False,303.68,30368,USD,US,US,Windows,Ecommerce,False,False,stripe,2026-07-14
MX-100001337,Maximor Demo Corp,CUST-003,Acme Industrial,NexPay,2026,17,51,196,False,310.81,31081,USD,US,US,MacOS,Ecommerce,False,False,stripe,2026-07-15
MX-100001338,Maximor Demo Corp,CUST-004,Brightline Media,GlobalCard,2026,18,54,197,False,317.94,31794,USD,US,US,iOS,Ecommerce,False,False,stripe,2026-07-16
MX-100001339,Maximor Demo Corp,CUST-005,Quiet Harbor,Amex,2026,19,57,198,False,325.07,32507,USD,US,US,Android,Ecommerce,False,False,stripe,2026-07-17
MX-100001340,Maximor Demo Corp,CUST-006,Pinnacle Retail,Visa,2026,20,0,199,False,332.2,33220,USD,US,US,Windows,Ecommerce,False,False,adyen,2026-07-18
MX-100001341,Maximor Demo Corp,CUST-007,Atlas Robotics,Mastercard,2026,21,3,200,False,339.33,33933,USD,US,US,MacOS,Ecommerce,False,False,stripe,2026-07-19
MX-100001342,Maximor Demo Corp,CUST-008,Lumen Labs,NexPay,2026,22,6,201,False,346.46,34646,USD,US,US,iOS,Ecommerce,False,False,stripe,2026-07-20
MX-100001343,Maximor Demo Corp,CUST-009,Northstar LLC,GlobalCard,2026,23,9,202,True,353.59,35359,USD,US,US,Android,Ecommerce,False,False,stripe,2026-07-21
MX-100001344,Maximor Demo Corp,CUST-010,Meridian Health,Amex,2026,0,12,203,False,360.72,36072,USD,US,US,Windows,Ecommerce,False,False,stripe,2026-07-22
MX-100001345,Maximor Demo Corp,CUST-011,Beacon Biotech,Visa,2026,1,15,204,False,367.85,36785,USD,US,US,MacOS,Ecommerce,False,False,adyen,2026-07-23
MX-100001346,Maximor Demo Corp,CUST-012,Copperline Logistics,Mastercard,2026,2,18,205,False,374.98,37498,USD,US,US,iOS,Ecommerce,False,False,stripe,2026-07-24
MX-100001347,Maximor Demo Corp,CUST-013,Summit Civic,NexPay,2026,3,21,206,False,382.11,38211,USD,US,US,Android,Ecommerce,False,False,stripe,2026-07-25
MX-100001348,Maximor Demo Corp,CUST-014,Redwood Clinics,GlobalCard,2026,4,24,207,False,389.24,38924,USD,US,US,Windows,Ecommerce,False,False,stripe,2026-07-26
MX-100001349,Maximor Demo Corp,CUST-015,Ironclad Software,Amex,2026,5,27,208,False,396.37,39637,USD,US,US,MacOS,Ecommerce,False,False,stripe,2026-07-27
MX-100001350,Maximor Demo Corp,CUST-001,Northwind Labs,Visa,2026,6,30,209,False,403.5,40350,USD,US,US,iOS,Ecommerce,False,False,adyen,2026-07-28
MX-100001351,Maximor Demo Corp,CUST-002,Helios Analytics,Mastercard,2026,7,33,210,False,410.63,41063,USD,US,US,Android,Ecommerce,False,False,stripe,2026-07-29
MX-100001352,Maximor Demo Corp,CUST-003,Acme Industrial,NexPay,2026,8,36,211,False,417.76,41776,USD,US,US,Windows,Ecommerce,False,False,stripe,2026-07-30
MX-100001353,Maximor Demo Corp,CUST-004,Brightline Media,GlobalCard,2026,9,39,212,False,424.89,42489,USD,US,US,MacOS,Ecommerce,False,False,stripe,2026-07-31
MX-100001354,Maximor Demo Corp,CUST-005,Quiet Harbor,Amex,2026,10,42,213,False,432.02,43202,USD,US,US,iOS,Ecommerce,False,False,stripe,2026-08-01
MX-100001355,Maximor Demo Corp,CUST-006,Pinnacle Retail,Visa,2026,11,45,214,False,19.15,1915,USD,US,US,Android,Ecommerce,False,False,adyen,2026-08-02
MX-100001356,Maximor Demo Corp,CUST-007,Atlas Robotics,Mastercard,2026,12,48,215,False,26.28,2628,USD,US,US,Windows,Ecommerce,False,False,stripe,2026-08-03
MX-100001357,Maximor Demo Corp,CUST-008,Lumen Labs,NexPay,2026,13,51,216,False,33.41,3341,USD,US,US,MacOS,Ecommerce,False,False,stripe,2026-08-04
MX-100001358,Maximor Demo Corp,CUST-009,Northstar LLC,GlobalCard,2026,14,54,217,False,40.54,4054,USD,US,US,iOS,Ecommerce,False,False,stripe,2026-08-05
MX-100001359,Maximor Demo Corp,CUST-010,Meridian Health,Amex,2026,15,57,218,False,47.67,4767,USD,US,US,Android,Ecommerce,False,False,stripe,2026-08-06
MX-100001360,Maximor Demo Corp,CUST-011,Beacon Biotech,Visa,2026,16,0,219,True,54.8,5480,USD,US,US,Windows,Ecommerce,False,False,adyen,2026-08-07
MX-100001361,Maximor Demo Corp,CUST-012,Copperline Logistics,Mastercard,2026,17,3,220,False,61.93,6193,USD,US,US,MacOS,Ecommerce,False,False,stripe,2026-08-08
MX-100001362,Maximor Demo Corp,CUST-013,Summit Civic,NexPay,2026,18,6,221,False,69.06,6906,USD,US,US,iOS,Ecommerce,False,False,stripe,2026-08-09
MX-100001363,Maximor Demo Corp,CUST-014,Redwood Clinics,GlobalCard,2026,19,9,222,False,76.19,7619,USD,US,US,Android,Ecommerce,False,False,stripe,2026-08-10
MX-100001364,Maximor Demo Corp,CUST-015,Ironclad Software,Amex,2026,20,12,223,False,83.32,8332,USD,US,US,Windows,Ecommerce,False,False,stripe,2026-08-11
MX-100001365,Maximor Demo Corp,CUST-001,Northwind Labs,Visa,2026,21,15,224,False,90.45,9045,USD,US,US,MacOS,Ecommerce,False,False,adyen,2026-08-12
MX-100001366,Maximor Demo Corp,CUST-002,Helios Analytics,Mastercard,2026,22,18,225,False,97.58,9758,USD,US,US,iOS,Ecommerce,False,False,stripe,2026-08-13
MX-100001367,Maximor Demo Corp,CUST-003,Acme Industrial,NexPay,2026,23,21,226,False,104.71,10471,USD,US,US,Android,Ecommerce,False,False,stripe,2026-08-14
MX-100001368,Maximor Demo Corp,CUST-004,Brightline Media,GlobalCard,2026,0,24,227,False,111.84,11184,USD,US,US,Windows,Ecommerce,False,False,stripe,2026-08-15
MX-100001369,Maximor Demo Corp,CUST-005,Quiet Harbor,Amex,2026,1,27,228,False,118.97,11897,USD,US,US,MacOS,Ecommerce,False,False,stripe,2026-08-16
MX-100001370,Maximor Demo Corp,CUST-006,Pinnacle Retail,Visa,2026,2,30,229,False,126.1,12610,USD,US,US,iOS,Ecommerce,False,False,adyen,2026-08-17
MX-100001371,Maximor Demo Corp,CUST-007,Atlas Robotics,Mastercard,2026,3,33,230,False,133.23,13323,USD,US,US,Android,Ecommerce,False,False,stripe,2026-08-18
MX-100001372,Maximor Demo Corp,CUST-008,Lumen Labs,NexPay,2026,4,36,231,False,140.36,14036,USD,US,US,Windows,Ecommerce,False,False,stripe,2026-08-19
MX-100001373,Maximor Demo Corp,CUST-009,Northstar LLC,GlobalCard,2026,5,39,232,False,147.49,14749,USD,US,US,MacOS,Ecommerce,False,False,stripe,2026-08-20
MX-100001374,Maximor Demo Corp,CUST-010,Meridian Health,Amex,2026,6,42,233,False,154.62,15462,USD,US,US,iOS,Ecommerce,False,False,stripe,2026-08-21
MX-100001375,Maximor Demo Corp,CUST-011,Beacon Biotech,Visa,2026,7,45,234,False,161.75,16175,USD,US,US,Android,Ecommerce,False,False,adyen,2026-08-22
MX-100001376,Maximor Demo Corp,CUST-012,Copperline Logistics,Mastercard,2026,8,48,235,False,168.88,16888,USD,US,US,Windows,Ecommerce,False,False,stripe,2026-08-23
MX-100001377,Maximor Demo Corp,CUST-013,Summit Civic,NexPay,2026,9,51,236,True,176.01,17601,USD,US,US,MacOS,Ecommerce,False,False,stripe,2026-08-24
MX-100001378,Maximor Demo Corp,CUST-014,Redwood Clinics,GlobalCard,2026,10,54,237,False,183.14,18314,USD,US,US,iOS,Ecommerce,False,False,stripe,2026-08-25
MX-100001379,Maximor Demo Corp,CUST-015,Ironclad Software,Amex,2026,11,57,238,False,190.27,19027,USD,US,US,Android,Ecommerce,False,False,stripe,2026-08-26
MX-100001380,Maximor Demo Corp,CUST-001,Northwind Labs,Visa,2026,12,0,239,False,197.4,19740,USD,US,US,Windows,Ecommerce,False,False,adyen,2026-08-27
MX-100001381,Maximor Demo Corp,CUST-002,Helios Analytics,Mastercard,2026,13,3,240,False,204.53,20453,USD,US,US,MacOS,Ecommerce,False,False,stripe,2026-08-28
MX-100001382,Maximor Demo Corp,CUST-003,Acme Industrial,NexPay,2026,14,6,241,False,211.66,21166,USD,US,US,iOS,Ecommerce,False,False,stripe,2026-08-29
MX-100001383,Maximor Demo Corp,CUST-004,Brightline Media,GlobalCard,2026,15,9,242,False,218.79,21879,USD,US,US,Android,Ecommerce,False,False,stripe,2026-08-30
MX-100001384,Maximor Demo Corp,CUST-005,Quiet Harbor,Amex,2026,16,12,243,False,225.92,22592,USD,US,US,Windows,Ecommerce,False,False,stripe,2026-08-31
MX-100001385,Maximor Demo Corp,CUST-006,Pinnacle Retail,Visa,2026,17,15,244,False,233.05,23305,USD,US,US,MacOS,Ecommerce,False,False,adyen,2026-09-01
MX-100001386,Maximor Demo Corp,CUST-007,Atlas Robotics,Mastercard,2026,18,18,245,False,240.18,24018,USD,US,US,iOS,Ecommerce,False,False,stripe,2026-09-02
MX-100001387,Maximor Demo Corp,CUST-008,Lumen Labs,NexPay,2026,19,21,246,False,247.31,24731,USD,US,US,Android,Ecommerce,False,False,stripe,2026-09-03
MX-100001388,Maximor Demo Corp,CUST-009,Northstar LLC,GlobalCard,2026,20,24,247,False,254.44,25444,USD,US,US,Windows,Ecommerce,False,False,stripe,2026-09-04
MX-100001389,Maximor Demo Corp,CUST-010,Meridian Health,Amex,2026,21,27,248,False,261.57,26157,USD,US,US,MacOS,Ecommerce,False,False,stripe,2026-09-05
MX-100001390,Maximor Demo Corp,CUST-011,Beacon Biotech,Visa,2026,22,30,249,False,268.7,26870,USD,US,US,iOS,Ecommerce,False,False,adyen,2026-09-06
MX-100001391,Maximor Demo Corp,CUST-012,Copperline Logistics,Mastercard,2026,23,33,250,False,275.83,27583,USD,US,US,Android,Ecommerce,False,False,stripe,2026-09-07
MX-100001392,Maximor Demo Corp,CUST-013,Summit Civic,NexPay,2026,0,36,251,False,282.96,28296,USD,US,US,Windows,Ecommerce,False,False,stripe,2026-09-08
MX-100001393,Maximor Demo Corp,CUST-014,Redwood Clinics,GlobalCard,2026,1,39,252,False,290.09,29009,USD,US,US,MacOS,Ecommerce,False,False,stripe,2026-09-09
MX-100001394,Maximor Demo Corp,CUST-015,Ironclad Software,Amex,2026,2,42,253,True,297.22,29722,USD,US,US,iOS,Ecommerce,False,False,stripe,2026-09-10
MX-100001395,Maximor Demo Corp,CUST-001,Northwind Labs,Visa,2026,3,45,254,False,304.35,30435,USD,US,US,Android,Ecommerce,False,False,adyen,2026-09-11
MX-100001396,Maximor Demo Corp,CUST-002,Helios Analytics,Mastercard,2026,4,48,255,False,311.48,31148,USD,US,US,Windows,Ecommerce,False,False,stripe,2026-09-12
MX-100001397,Maximor Demo Corp,CUST-003,Acme Industrial,NexPay,2026,5,51,256,False,318.61,31861,USD,US,US,MacOS,Ecommerce,False,False,stripe,2026-09-13
MX-100001398,Maximor Demo Corp,CUST-004,Brightline Media,GlobalCard,2026,6,54,257,False,325.74,32574,USD,US,US,iOS,Ecommerce,False,False,stripe,2026-09-14
MX-100001399,Maximor Demo Corp,CUST-005,Quiet Harbor,Amex,2026,7,57,258,False,332.87,33287,USD,US,US,Android,Ecommerce,False,False,stripe,2026-09-15
MX-100001400,Maximor Demo Corp,CUST-006,Pinnacle Retail,Visa,2025,8,0,274,False,340.0,34000,USD,US,US,Windows,Ecommerce,False,False,adyen,2025-10-01
MX-100001401,Maximor Demo Corp,CUST-007,Atlas Robotics,Mastercard,2025,9,3,275,False,347.13,34713,USD,US,US,MacOS,Ecommerce,False,False,stripe,2025-10-02
MX-100001402,Maximor Demo Corp,CUST-008,Lumen Labs,NexPay,2025,10,6,276,False,354.26,35426,USD,US,US,iOS,Ecommerce,False,False,stripe,2025-10-03
MX-100001403,Maximor Demo Corp,CUST-009,Northstar LLC,GlobalCard,2025,11,9,277,False,361.39,36139,USD,US,US,Android,Ecommerce,False,False,stripe,2025-10-04
MX-100001404,Maximor Demo Corp,CUST-010,Meridian Health,Amex,2025,12,12,278,False,368.52,36852,USD,US,US,Windows,Ecommerce,False,False,stripe,2025-10-05
MX-100001405,Maximor Demo Corp,CUST-011,Beacon Biotech,Visa,2025,13,15,279,False,375.65,37565,USD,US,US,MacOS,Ecommerce,False,False,adyen,2025-10-06
MX-100001406,Maximor Demo Corp,CUST-012,Copperline Logistics,Mastercard,2025,14,18,280,False,382.78,38278,USD,US,US,iOS,Ecommerce,False,False,stripe,2025-10-07
MX-100001407,Maximor Demo Corp,CUST-013,Summit Civic,NexPay,2025,15,21,281,False,389.91,38991,USD,US,US,Android,Ecommerce,False,False,stripe,2025-10-08
MX-100001408,Maximor Demo Corp,CUST-014,Redwood Clinics,GlobalCard,2025,16,24,282,False,397.04,39704,USD,US,US,Windows,Ecommerce,False,False,stripe,2025-10-09
MX-100001409,Maximor Demo Corp,CUST-015,Ironclad Software,Amex,2025,17,27,283,False,404.17,40417,USD,US,US,MacOS,Ecommerce,False,False,stripe,2025-10-10
MX-100001410,Maximor Demo Corp,CUST-001,Northwind Labs,Visa,2025,18,30,284,False,411.3,41130,USD,US,US,iOS,Ecommerce,False,False,adyen,2025-10-11
MX-100001411,Maximor Demo Corp,CUST-002,Helios Analytics,Mastercard,2025,19,33,285,True,418.43,41843,USD,US,US,Android,Ecommerce,False,False,stripe,2025-10-12
MX-100001412,Maximor Demo Corp,CUST-003,Acme Industrial,NexPay,2025,20,36,286,False,425.56,42556,USD,US,US,Windows,Ecommerce,False,False,stripe,2025-10-13
MX-100001413,Maximor Demo Corp,CUST-004,Brightline Media,GlobalCard,2025,21,39,287,False,432.69,43269,USD,US,US,MacOS,Ecommerce,False,False,stripe,2025-10-14
MX-100001414,Maximor Demo Corp,CUST-005,Quiet Harbor,Amex,2025,22,42,288,False,19.82,1982,USD,US,US,iOS,Ecommerce,False,False,stripe,2025-10-15
MX-100001415,Maximor Demo Corp,CUST-006,Pinnacle Retail,Visa,2025,23,45,289,False,26.95,2695,USD,US,US,Android,Ecommerce,False,False,adyen,2025-10-16
MX-100001416,Maximor Demo Corp,CUST-007,Atlas Robotics,Mastercard,2025,0,48,290,False,34.08,3408,USD,US,US,Windows,Ecommerce,False,False,stripe,2025-10-17
MX-100001417,Maximor Demo Corp,CUST-008,Lumen Labs,NexPay,2025,1,51,291,False,41.21,4121,USD,US,US,MacOS,Ecommerce,False,False,stripe,2025-10-18
MX-100001418,Maximor Demo Corp,CUST-009,Northstar LLC,GlobalCard,2025,2,54,292,False,48.34,4834,USD,US,US,iOS,Ecommerce,False,False,stripe,2025-10-19
MX-100001419,Maximor Demo Corp,CUST-010,Meridian Health,Amex,2025,3,57,293,False,55.47,5547,USD,US,US,Android,Ecommerce,False,False,stripe,2025-10-20
MX-100001420,Maximor Demo Corp,CUST-011,Beacon Biotech,Visa,2025,4,0,294,False,62.6,6260,USD,US,US,Windows,Ecommerce,False,False,adyen,2025-10-21
MX-100001421,Maximor Demo Corp,CUST-012,Copperline Logistics,Mastercard,2025,5,3,295,False,69.73,6973,USD,US,US,MacOS,Ecommerce,False,False,stripe,2025-10-22
MX-100001422,Maximor Demo Corp,CUST-013,Summit Civic,NexPay,2025,6,6,296,False,76.86,7686,USD,US,US,iOS,Ecommerce,False,False,stripe,2025-10-23
MX-100001423,Maximor Demo Corp,CUST-014,Redwood Clinics,GlobalCard,2025,7,9,297,False,83.99,8399,USD,US,US,Android,Ecommerce,False,False,stripe,2025-10-24
MX-100001424,Maximor Demo Corp,CUST-015,Ironclad Software,Amex,2025,8,12,298,False,91.12,9112,USD,US,US,Windows,Ecommerce,False,False,stripe,2025-10-25
MX-100001425,Maximor Demo Corp,CUST-001,Northwind Labs,Visa,2025,9,15,299,False,98.25,9825,USD,US,US,MacOS,Ecommerce,False,False,adyen,2025-10-26
MX-100001426,Maximor Demo Corp,CUST-002,Helios Analytics,Mastercard,2025,10,18,300,False,105.38,10538,USD,US,US,iOS,Ecommerce,False,False,stripe,2025-10-27
MX-100001427,Maximor Demo Corp,CUST-003,Acme Industrial,NexPay,2025,11,21,301,False,112.51,11251,USD,US,US,Android,Ecommerce,False,False,stripe,2025-10-28
MX-100001428,Maximor Demo Corp,CUST-004,Brightline Media,GlobalCard,2025,12,24,302,True,119.64,11964,USD,US,US,Windows,Ecommerce,False,False,stripe,2025-10-29
MX-100001429,Maximor Demo Corp,CUST-005,Quiet Harbor,Amex,2025,13,27,303,False,126.77,12677,USD,US,US,MacOS,Ecommerce,False,False,stripe,2025-10-30
MX-100001430,Maximor Demo Corp,CUST-006,Pinnacle Retail,Visa,2025,14,30,304,False,133.9,13390,USD,US,US,iOS,Ecommerce,False,False,adyen,2025-10-31
MX-100001431,Maximor Demo Corp,CUST-007,Atlas Robotics,Mastercard,2025,15,33,305,False,141.03,14103,USD,US,US,Android,Ecommerce,False,False,stripe,2025-11-01
MX-100001432,Maximor Demo Corp,CUST-008,Lumen Labs,NexPay,2025,16,36,306,False,148.16,14816,USD,US,US,Windows,Ecommerce,False,False,stripe,2025-11-02
MX-100001433,Maximor Demo Corp,CUST-009,Northstar LLC,GlobalCard,2025,17,39,307,False,155.29,15529,USD,US,US,MacOS,Ecommerce,False,False,stripe,2025-11-03
MX-100001434,Maximor Demo Corp,CUST-010,Meridian Health,Amex,2025,18,42,308,False,162.42,16242,USD,US,US,iOS,Ecommerce,False,False,stripe,2025-11-04
MX-100001435,Maximor Demo Corp,CUST-011,Beacon Biotech,Visa,2025,19,45,309,False,169.55,16955,USD,US,US,Android,Ecommerce,False,False,adyen,2025-11-05
MX-100001436,Maximor Demo Corp,CUST-012,Copperline Logistics,Mastercard,2025,20,48,310,False,176.68,17668,USD,US,US,Windows,Ecommerce,False,False,stripe,2025-11-06
MX-100001437,Maximor Demo Corp,CUST-013,Summit Civic,NexPay,2025,21,51,311,False,183.81,18381,USD,US,US,MacOS,Ecommerce,False,False,stripe,2025-11-07
MX-100001438,Maximor Demo Corp,CUST-014,Redwood Clinics,GlobalCard,2025,22,54,312,False,190.94,19094,USD,US,US,iOS,Ecommerce,False,False,stripe,2025-11-08
MX-100001439,Maximor Demo Corp,CUST-015,Ironclad Software,Amex,2025,23,57,313,False,198.07,19807,USD,US,US,Android,Ecommerce,False,False,stripe,2025-11-09
MX-100001440,Maximor Demo Corp,CUST-001,Northwind Labs,Visa,2025,0,0,314,False,205.2,20520,USD,US,US,Windows,Ecommerce,False,False,adyen,2025-11-10
MX-100001441,Maximor Demo Corp,CUST-002,Helios Analytics,Mastercard,2025,1,3,315,False,212.33,21233,USD,US,US,MacOS,Ecommerce,False,False,stripe,2025-11-11
MX-100001442,Maximor Demo Corp,CUST-003,Acme Industrial,NexPay,2025,2,6,316,False,219.46,21946,USD,US,US,iOS,Ecommerce,False,False,stripe,2025-11-12
MX-100001443,Maximor Demo Corp,CUST-004,Brightline Media,GlobalCard,2025,3,9,317,False,226.59,22659,USD,US,US,Android,Ecommerce,False,False,stripe,2025-11-13
MX-100001444,Maximor Demo Corp,CUST-005,Quiet Harbor,Amex,2025,4,12,318,False,233.72,23372,USD,US,US,Windows,Ecommerce,False,False,stripe,2025-11-14
MX-100001445,Maximor Demo Corp,CUST-006,Pinnacle Retail,Visa,2025,5,15,319,True,240.85,24085,USD,US,US,MacOS,Ecommerce,False,False,adyen,2025-11-15
MX-100001446,Maximor Demo Corp,CUST-007,Atlas Robotics,Mastercard,2025,6,18,320,False,247.98,24798,USD,US,US,iOS,Ecommerce,False,False,stripe,2025-11-16
MX-100001447,Maximor Demo Corp,CUST-008,Lumen Labs,NexPay,2025,7,21,321,False,255.11,25511,USD,US,US,Android,Ecommerce,False,False,stripe,2025-11-17
MX-100001448,Maximor Demo Corp,CUST-009,Northstar LLC,GlobalCard,2025,8,24,322,False,262.24,26224,USD,US,US,Windows,Ecommerce,False,False,stripe,2025-11-18
MX-100001449,Maximor Demo Corp,CUST-010,Meridian Health,Amex,2025,9,27,323,False,269.37,26937,USD,US,US,MacOS,Ecommerce,False,False,stripe,2025-11-19
MX-100001450,Maximor Demo Corp,CUST-011,Beacon Biotech,Visa,2025,10,30,324,False,276.5,27650,USD,US,US,iOS,Ecommerce,False,False,adyen,2025-11-20
MX-100001451,Maximor Demo Corp,CUST-012,Copperline Logistics,Mastercard,2025,11,33,325,False,283.63,28363,USD,US,US,Android,Ecommerce,False,False,stripe,2025-11-21
MX-100001452,Maximor Demo Corp,CUST-013,Summit Civic,NexPay,2025,12,36,326,False,290.76,29076,USD,US,US,Windows,Ecommerce,False,False,stripe,2025-11-22
MX-100001453,Maximor Demo Corp,CUST-014,Redwood Clinics,GlobalCard,2025,13,39,327,False,297.89,29789,USD,US,US,MacOS,Ecommerce,False,False,stripe,2025-11-23
MX-100001454,Maximor Demo Corp,CUST-015,Ironclad Software,Amex,2025,14,42,328,False,305.02,30502,USD,US,US,iOS,Ecommerce,False,False,stripe,2025-11-24
MX-100001455,Maximor Demo Corp,CUST-001,Northwind Labs,Visa,2025,15,45,329,False,312.15,31215,USD,US,US,Android,Ecommerce,False,False,adyen,2025-11-25
MX-100001456,Maximor Demo Corp,CUST-002,Helios Analytics,Mastercard,2025,16,48,330,False,319.28,31928,USD,US,US,Windows,Ecommerce,False,False,stripe,2025-11-26
MX-100001457,Maximor Demo Corp,CUST-003,Acme Industrial,NexPay,2025,17,51,331,False,326.41,32641,USD,US,US,MacOS,Ecommerce,False,False,stripe,2025-11-27
MX-100001458,Maximor Demo Corp,CUST-004,Brightline Media,GlobalCard,2025,18,54,332,False,333.54,33354,USD,US,US,iOS,Ecommerce,False,False,stripe,2025-11-28
MX-100001459,Maximor Demo Corp,CUST-005,Quiet Harbor,Amex,2025,19,57,333,False,340.67,34067,USD,US,US,Android,Ecommerce,False,False,stripe,2025-11-29
MX-100001460,Maximor Demo Corp,CUST-006,Pinnacle Retail,Visa,2025,20,0,334,False,347.8,34780,USD,US,US,Windows,Ecommerce,False,False,adyen,2025-11-30
MX-100001461,Maximor Demo Corp,CUST-007,Atlas Robotics,Mastercard,2025,21,3,335,False,354.93,35493,USD,US,US,MacOS,Ecommerce,False,False,stripe,2025-12-01
MX-100001462,Maximor Demo Corp,CUST-008,Lumen Labs,NexPay,2025,22,6,336,True,362.06,36206,USD,US,US,iOS,Ecommerce,False,False,stripe,2025-12-02
MX-100001463,Maximor Demo Corp,CUST-009,Northstar LLC,GlobalCard,2025,23,9,337,False,369.19,36919,USD,US,US,Android,Ecommerce,False,False,stripe,2025-12-03
MX-100001464,Maximor Demo Corp,CUST-010,Meridian Health,Amex,2025,0,12,338,False,376.32,37632,USD,US,US,Windows,Ecommerce,False,False,stripe,2025-12-04
MX-100001465,Maximor Demo Corp,CUST-011,Beacon Biotech,Visa,2025,1,15,339,False,383.45,38345,USD,US,US,MacOS,Ecommerce,False,False,adyen,2025-12-05
MX-100001466,Maximor Demo Corp,CUST-012,Copperline Logistics,Mastercard,2025,2,18,340,False,390.58,39058,USD,US,US,iOS,Ecommerce,False,False,stripe,2025-12-06
MX-100001467,Maximor Demo Corp,CUST-013,Summit Civic,NexPay,2025,3,21,341,False,397.71,39771,USD,US,US,Android,Ecommerce,False,False,stripe,2025-12-07
MX-100001468,Maximor Demo Corp,CUST-014,Redwood Clinics,GlobalCard,2025,4,24,342,False,404.84,40484,USD,US,US,Windows,Ecommerce,False,False,stripe,2025-12-08
MX-100001469,Maximor Demo Corp,CUST-015,Ironclad Software,Amex,2025,5,27,343,False,411.97,41197,USD,US,US,MacOS,Ecommerce,False,False,stripe,2025-12-09
MX-100001470,Maximor Demo Corp,CUST-001,Northwind Labs,Visa,2025,6,30,344,False,419.1,41910,USD,US,US,iOS,Ecommerce,False,False,adyen,2025-12-10
MX-100001471,Maximor Demo Corp,CUST-002,Helios Analytics,Mastercard,2025,7,33,345,False,426.23,42623,USD,US,US,Android,Ecommerce,False,False,stripe,2025-12-11
MX-100001472,Maximor Demo Corp,CUST-003,Acme Industrial,NexPay,2025,8,36,346,False,433.36,43336,USD,US,US,Windows,Ecommerce,False,False,stripe,2025-12-12
MX-100001473,Maximor Demo Corp,CUST-004,Brightline Media,GlobalCard,2025,9,39,347,False,20.49,2049,USD,US,US,MacOS,Ecommerce,False,False,stripe,2025-12-13
MX-100001474,Maximor Demo Corp,CUST-005,Quiet Harbor,Amex,2025,10,42,348,False,27.62,2762,USD,US,US,iOS,Ecommerce,False,False,stripe,2025-12-14
MX-100001475,Maximor Demo Corp,CUST-006,Pinnacle Retail,Visa,2025,11,45,349,False,34.75,3475,USD,US,US,Android,Ecommerce,False,False,adyen,2025-12-15
MX-100001476,Maximor Demo Corp,CUST-007,Atlas Robotics,Mastercard,2025,12,48,350,False,41.88,4188,USD,US,US,Windows,Ecommerce,False,False,stripe,2025-12-16
MX-100001477,Maximor Demo Corp,CUST-008,Lumen Labs,NexPay,2025,13,51,351,False,49.01,4901,USD,US,US,MacOS,Ecommerce,False,False,stripe,2025-12-17
MX-100001478,Maximor Demo Corp,CUST-009,Northstar LLC,GlobalCard,2025,14,54,352,False,56.14,5614,USD,US,US,iOS,Ecommerce,False,False,stripe,2025-12-18
MX-100001479,Maximor Demo Corp,CUST-010,Meridian Health,Amex,2025,15,57,353,True,63.27,6327,USD,US,US,Android,Ecommerce,False,False,stripe,2025-12-19
MX-100001480,Maximor Demo Corp,CUST-011,Beacon Biotech,Visa,2025,16,0,354,False,70.4,7040,USD,US,US,Windows,Ecommerce,False,False,adyen,2025-12-20
MX-100001481,Maximor Demo Corp,CUST-012,Copperline Logistics,Mastercard,2025,17,3,355,False,77.53,7753,USD,US,US,MacOS,Ecommerce,False,False,stripe,2025-12-21
MX-100001482,Maximor Demo Corp,CUST-013,Summit Civic,NexPay,2025,18,6,356,False,84.66,8466,USD,US,US,iOS,Ecommerce,False,False,stripe,2025-12-22
MX-100001483,Maximor Demo Corp,CUST-014,Redwood Clinics,GlobalCard,2025,19,9,357,False,91.79,9179,USD,US,US,Android,Ecommerce,False,False,stripe,2025-12-23
MX-100001484,Maximor Demo Corp,CUST-015,Ironclad Software,Amex,2025,20,12,358,False,98.92,9892,USD,US,US,Windows,Ecommerce,False,False,stripe,2025-12-24
MX-100001485,Maximor Demo Corp,CUST-001,Northwind Labs,Visa,2025,21,15,359,False,106.05,10605,USD,US,US,MacOS,Ecommerce,False,False,adyen,2025-12-25
MX-100001486,Maximor Demo Corp,CUST-002,Helios Analytics,Mastercard,2025,22,18,360,False,113.18,11318,USD,US,US,iOS,Ecommerce,False,False,stripe,2025-12-26
MX-100001487,Maximor Demo Corp,CUST-003,Acme Industrial,NexPay,2025,23,21,361,False,120.31,12031,USD,US,US,Android,Ecommerce,False,False,stripe,2025-12-27
MX-100001488,Maximor Demo Corp,CUST-004,Brightline Media,GlobalCard,2025,0,24,362,False,127.44,12744,USD,US,US,Windows,Ecommerce,False,False,stripe,2025-12-28
MX-100001489,Maximor Demo Corp,CUST-005,Quiet Harbor,Amex,2025,1,27,363,False,134.57,13457,USD,US,US,MacOS,Ecommerce,False,False,stripe,2025-12-29
MX-100001490,Maximor Demo Corp,CUST-006,Pinnacle Retail,Visa,2025,2,30,364,False,141.7,14170,USD,US,US,iOS,Ecommerce,False,False,adyen,2025-12-30
MX-100001491,Maximor Demo Corp,CUST-007,Atlas Robotics,Mastercard,2025,3,33,365,False,148.83,14883,USD,US,US,Android,Ecommerce,False,False,stripe,2025-12-31
MX-100001492,Maximor Demo Corp,CUST-008,Lumen Labs,NexPay,2026,4,36,1,False,155.96,15596,USD,US,US,Windows,Ecommerce,False,False,stripe,2026-01-01
MX-100001493,Maximor Demo Corp,CUST-009,Northstar LLC,GlobalCard,2026,5,39,2,False,163.09,16309,USD,US,US,MacOS,Ecommerce,False,False,stripe,2026-01-02
MX-100001494,Maximor Demo Corp,CUST-010,Meridian Health,Amex,2026,6,42,3,False,170.22,17022,USD,US,US,iOS,Ecommerce,False,False,stripe,2026-01-03
MX-100001495,Maximor Demo Corp,CUST-011,Beacon Biotech,Visa,2026,7,45,4,False,177.35,17735,USD,US,US,Android,Ecommerce,False,False,adyen,2026-01-04
MX-100001496,Maximor Demo Corp,CUST-012,Copperline Logistics,Mastercard,2026,8,48,5,True,184.48,18448,USD,US,US,Windows,Ecommerce,False,False,stripe,2026-01-05
MX-100001497,Maximor Demo Corp,CUST-013,Summit Civic,NexPay,2026,9,51,6,False,191.61,19161,USD,US,US,MacOS,Ecommerce,False,False,stripe,2026-01-06
MX-100001498,Maximor Demo Corp,CUST-014,Redwood Clinics,GlobalCard,2026,10,54,7,False,198.74,19874,USD,US,US,iOS,Ecommerce,False,False,stripe,2026-01-07
MX-100001499,Maximor Demo Corp,CUST-015,Ironclad Software,Amex,2026,11,57,8,False,205.87,20587,USD,US,US,Android,Ecommerce,False,False,stripe,2026-01-08
MX-100001500,Maximor Demo Corp,CUST-001,Northwind Labs,Visa,2026,12,0,9,False,213.0,21300,USD,US,US,Windows,Ecommerce,False,False,adyen,2026-01-09
MX-100001501,Maximor Demo Corp,CUST-002,Helios Analytics,Mastercard,2026,13,3,10,False,220.13,22013,USD,US,US,MacOS,Ecommerce,False,False,stripe,2026-01-10
MX-100001502,Maximor Demo Corp,CUST-003,Acme Industrial,NexPay,2026,14,6,11,False,227.26,22726,USD,US,US,iOS,Ecommerce,False,False,stripe,2026-01-11
MX-100001503,Maximor Demo Corp,CUST-004,Brightline Media,GlobalCard,2026,15,9,12,False,234.39,23439,USD,US,US,Android,Ecommerce,False,False,stripe,2026-01-12
MX-100001504,Maximor Demo Corp,CUST-005,Quiet Harbor,Amex,2026,16,12,13,False,241.52,24152,USD,US,US,Windows,Ecommerce,False,False,stripe,2026-01-13
MX-100001505,Maximor Demo Corp,CUST-006,Pinnacle Retail,Visa,2026,17,15,14,False,248.65,24865,USD,US,US,MacOS,Ecommerce,False,False,adyen,2026-01-14
MX-100001506,Maximor Demo Corp,CUST-007,Atlas Robotics,Mastercard,2026,18,18,15,False,255.78,25578,USD,US,US,iOS,Ecommerce,False,False,stripe,2026-01-15
MX-100001507,Maximor Demo Corp,CUST-008,Lumen Labs,NexPay,2026,19,21,16,False,262.91,26291,USD,US,US,Android,Ecommerce,False,False,stripe,2026-01-16
MX-100001508,Maximor Demo Corp,CUST-009,Northstar LLC,GlobalCard,2026,20,24,17,False,270.04,27004,USD,US,US,Windows,Ecommerce,False,False,stripe,2026-01-17
MX-100001509,Maximor Demo Corp,CUST-010,Meridian Health,Amex,2026,21,27,18,False,277.17,27717,USD,US,US,MacOS,Ecommerce,False,False,stripe,2026-01-18
MX-100001510,Maximor Demo Corp,CUST-011,Beacon Biotech,Visa,2026,22,30,19,False,284.3,28430,USD,US,US,iOS,Ecommerce,False,False,adyen,2026-01-19
MX-100001511,Maximor Demo Corp,CUST-012,Copperline Logistics,Mastercard,2026,23,33,20,False,291.43,29143,USD,US,US,Android,Ecommerce,False,False,stripe,2026-01-20
MX-100001512,Maximor Demo Corp,CUST-013,Summit Civic,NexPay,2026,0,36,21,False,298.56,29856,USD,US,US,Windows,Ecommerce,False,False,stripe,2026-01-21
MX-100001513,Maximor Demo Corp,CUST-014,Redwood Clinics,GlobalCard,2026,1,39,22,True,305.69,30569,USD,US,US,MacOS,Ecommerce,False,False,stripe,2026-01-22
MX-100001514,Maximor Demo Corp,CUST-015,Ironclad Software,Amex,2026,2,42,23,False,312.82,31282,USD,US,US,iOS,Ecommerce,False,False,stripe,2026-01-23
MX-100001515,Maximor Demo Corp,CUST-001,Northwind Labs,Visa,2026,3,45,24,False,319.95,31995,USD,US,US,Android,Ecommerce,False,False,adyen,2026-01-24
MX-100001516,Maximor Demo Corp,CUST-002,Helios Analytics,Mastercard,2026,4,48,25,False,327.08,32708,USD,US,US,Windows,Ecommerce,False,False,stripe,2026-01-25
MX-100001517,Maximor Demo Corp,CUST-003,Acme Industrial,NexPay,2026,5,51,26,False,334.21,33421,USD,US,US,MacOS,Ecommerce,False,False,stripe,2026-01-26
MX-100001518,Maximor Demo Corp,CUST-004,Brightline Media,GlobalCard,2026,6,54,27,False,341.34,34134,USD,US,US,iOS,Ecommerce,False,False,stripe,2026-01-27
MX-100001519,Maximor Demo Corp,CUST-005,Quiet Harbor,Amex,2026,7,57,28,False,348.47,34847,USD,US,US,Android,Ecommerce,False,False,stripe,2026-01-28
MX-100001520,Maximor Demo Corp,CUST-006,Pinnacle Retail,Visa,2026,8,0,29,False,355.6,35560,USD,US,US,Windows,Ecommerce,False,False,adyen,2026-01-29
MX-100001521,Maximor Demo Corp,CUST-007,Atlas Robotics,Mastercard,2026,9,3,30,False,362.73,36273,USD,US,US,MacOS,Ecommerce,False,False,stripe,2026-01-30
MX-100001522,Maximor Demo Corp,CUST-008,Lumen Labs,NexPay,2026,10,6,31,False,369.86,36986,USD,US,US,iOS,Ecommerce,False,False,stripe,2026-01-31
MX-100001523,Maximor Demo Corp,CUST-009,Northstar LLC,GlobalCard,2026,11,9,32,False,376.99,37699,USD,US,US,Android,Ecommerce,False,False,stripe,2026-02-01
MX-100001524,Maximor Demo Corp,CUST-010,Meridian Health,Amex,2026,12,12,33,False,384.12,38412,USD,US,US,Windows,Ecommerce,False,False,stripe,2026-02-02
MX-100001525,Maximor Demo Corp,CUST-011,Beacon Biotech,Visa,2026,13,15,34,False,391.25,39125,USD,US,US,MacOS,Ecommerce,False,False,adyen,2026-02-03
MX-100001526,Maximor Demo Corp,CUST-012,Copperline Logistics,Mastercard,2026,14,18,35,False,398.38,39838,USD,US,US,iOS,Ecommerce,False,False,stripe,2026-02-04
MX-100001527,Maximor Demo Corp,CUST-013,Summit Civic,NexPay,2026,15,21,36,False,405.51,40551,USD,US,US,Android,Ecommerce,False,False,stripe,2026-02-05
MX-100001528,Maximor Demo Corp,CUST-014,Redwood Clinics,GlobalCard,2026,16,24,37,False,412.64,41264,USD,US,US,Windows,Ecommerce,False,False,stripe,2026-02-06
MX-100001529,Maximor Demo Corp,CUST-015,Ironclad Software,Amex,2026,17,27,38,False,419.77,41977,USD,US,US,MacOS,Ecommerce,False,False,stripe,2026-02-07
MX-100001530,Maximor Demo Corp,CUST-001,Northwind Labs,Visa,2026,18,30,39,True,426.9,42690,USD,US,US,iOS,Ecommerce,False,False,adyen,2026-02-08
MX-100001531,Maximor Demo Corp,CUST-002,Helios Analytics,Mastercard,2026,19,33,40,False,434.03,43403,USD,US,US,Android,Ecommerce,False,False,stripe,2026-02-09
MX-100001532,Maximor Demo Corp,CUST-003,Acme Industrial,NexPay,2026,20,36,41,False,21.16,2116,USD,US,US,Windows,Ecommerce,False,False,stripe,2026-02-10
MX-100001533,Maximor Demo Corp,CUST-004,Brightline Media,GlobalCard,2026,21,39,42,False,28.29,2829,USD,US,US,MacOS,Ecommerce,False,False,stripe,2026-02-11
MX-100001534,Maximor Demo Corp,CUST-005,Quiet Harbor,Amex,2026,22,42,43,False,35.42,3542,USD,US,US,iOS,Ecommerce,False,False,stripe,2026-02-12
MX-100001535,Maximor Demo Corp,CUST-006,Pinnacle Retail,Visa,2026,23,45,44,False,42.55,4255,USD,US,US,Android,Ecommerce,False,False,adyen,2026-02-13
MX-100001536,Maximor Demo Corp,CUST-007,Atlas Robotics,Mastercard,2026,0,48,45,False,49.68,4968,USD,US,US,Windows,Ecommerce,False,False,stripe,2026-02-14
MX-100001537,Maximor Demo Corp,CUST-008,Lumen Labs,NexPay,2026,1,51,46,False,56.81,5681,USD,US,US,MacOS,Ecommerce,False,False,stripe,2026-02-15
MX-100001538,Maximor Demo Corp,CUST-009,Northstar LLC,GlobalCard,2026,2,54,47,False,63.94,6394,USD,US,US,iOS,Ecommerce,False,False,stripe,2026-02-16
MX-100001539,Maximor Demo Corp,CUST-010,Meridian Health,Amex,2026,3,57,48,False,71.07,7107,USD,US,US,Android,Ecommerce,False,False,stripe,2026-02-17
MX-100001540,Maximor Demo Corp,CUST-011,Beacon Biotech,Visa,2026,4,0,49,False,78.2,7820,USD,US,US,Windows,Ecommerce,False,False,adyen,2026-02-18
MX-100001541,Maximor Demo Corp,CUST-012,Copperline Logistics,Mastercard,2026,5,3,50,False,85.33,8533,USD,US,US,MacOS,Ecommerce,False,False,stripe,2026-02-19
MX-100001542,Maximor Demo Corp,CUST-013,Summit Civic,NexPay,2026,6,6,51,False,92.46,9246,USD,US,US,iOS,Ecommerce,False,False,stripe,2026-02-20
MX-100001543,Maximor Demo Corp,CUST-014,Redwood Clinics,GlobalCard,2026,7,9,52,False,99.59,9959,USD,US,US,Android,Ecommerce,False,False,stripe,2026-02-21
MX-100001544,Maximor Demo Corp,CUST-015,Ironclad Software,Amex,2026,8,12,53,False,106.72,10672,USD,US,US,Windows,Ecommerce,False,False,stripe,2026-02-22
MX-100001545,Maximor Demo Corp,CUST-001,Northwind Labs,Visa,2026,9,15,54,False,113.85,11385,USD,US,US,MacOS,Ecommerce,False,False,adyen,2026-02-23
MX-100001546,Maximor Demo Corp,CUST-002,Helios Analytics,Mastercard,2026,10,18,55,False,120.98,12098,USD,US,US,iOS,Ecommerce,False,False,stripe,2026-02-24
MX-100001547,Maximor Demo Corp,CUST-003,Acme Industrial,NexPay,2026,11,21,56,True,128.11,12811,USD,US,US,Android,Ecommerce,False,False,stripe,2026-02-25
MX-100001548,Maximor Demo Corp,CUST-004,Brightline Media,GlobalCard,2026,12,24,57,False,135.24,13524,USD,US,US,Windows,Ecommerce,False,False,stripe,2026-02-26
MX-100001549,Maximor Demo Corp,CUST-005,Quiet Harbor,Amex,2026,13,27,58,False,142.37,14237,USD,US,US,MacOS,Ecommerce,False,False,stripe,2026-02-27
MX-100001550,Maximor Demo Corp,CUST-006,Pinnacle Retail,Visa,2026,14,30,59,False,149.5,14950,USD,US,US,iOS,Ecommerce,False,False,adyen,2026-02-28
MX-100001551,Maximor Demo Corp,CUST-007,Atlas Robotics,Mastercard,2026,15,33,60,False,156.63,15663,USD,US,US,Android,Ecommerce,False,False,stripe,2026-03-01
MX-100001552,Maximor Demo Corp,CUST-008,Lumen Labs,NexPay,2026,16,36,61,False,163.76,16376,USD,US,US,Windows,Ecommerce,False,False,stripe,2026-03-02
MX-100001553,Maximor Demo Corp,CUST-009,Northstar LLC,GlobalCard,2026,17,39,62,False,170.89,17089,USD,US,US,MacOS,Ecommerce,False,False,stripe,2026-03-03
MX-100001554,Maximor Demo Corp,CUST-010,Meridian Health,Amex,2026,18,42,63,False,178.02,17802,USD,US,US,iOS,Ecommerce,False,False,stripe,2026-03-04
MX-100001555,Maximor Demo Corp,CUST-011,Beacon Biotech,Visa,2026,19,45,64,False,185.15,18515,USD,US,US,Android,Ecommerce,False,False,adyen,2026-03-05
MX-100001556,Maximor Demo Corp,CUST-012,Copperline Logistics,Mastercard,2026,20,48,65,False,192.28,19228,USD,US,US,Windows,Ecommerce,False,False,stripe,2026-03-06
MX-100001557,Maximor Demo Corp,CUST-013,Summit Civic,NexPay,2026,21,51,66,False,199.41,19941,USD,US,US,MacOS,Ecommerce,False,False,stripe,2026-03-07
MX-100001558,Maximor Demo Corp,CUST-014,Redwood Clinics,GlobalCard,2026,22,54,67,False,206.54,20654,USD,US,US,iOS,Ecommerce,False,False,stripe,2026-03-08
MX-100001559,Maximor Demo Corp,CUST-015,Ironclad Software,Amex,2026,23,57,68,False,213.67,21367,USD,US,US,Android,Ecommerce,False,False,stripe,2026-03-09
MX-100001560,Maximor Demo Corp,CUST-001,Northwind Labs,Visa,2026,0,0,69,False,220.8,22080,USD,US,US,Windows,Ecommerce,False,False,adyen,2026-03-10
MX-100001561,Maximor Demo Corp,CUST-002,Helios Analytics,Mastercard,2026,1,3,70,False,227.93,22793,USD,US,US,MacOS,Ecommerce,False,False,stripe,2026-03-11
MX-100001562,Maximor Demo Corp,CUST-003,Acme Industrial,NexPay,2026,2,6,71,False,235.06,23506,USD,US,US,iOS,Ecommerce,False,False,stripe,2026-03-12
MX-100001563,Maximor Demo Corp,CUST-004,Brightline Media,GlobalCard,2026,3,9,72,False,242.19,24219,USD,US,US,Android,Ecommerce,False,False,stripe,2026-03-13
MX-100001564,Maximor Demo Corp,CUST-005,Quiet Harbor,Amex,2026,4,12,73,True,249.32,24932,USD,US,US,Windows,Ecommerce,False,False,stripe,2026-03-14
MX-100001565,Maximor Demo Corp,CUST-006,Pinnacle Retail,Visa,2026,5,15,74,False,256.45,25645,USD,US,US,MacOS,Ecommerce,False,False,adyen,2026-03-15
MX-100001566,Maximor Demo Corp,CUST-007,Atlas Robotics,Mastercard,2026,6,18,75,False,263.58,26358,USD,US,US,iOS,Ecommerce,False,False,stripe,2026-03-16
MX-100001567,Maximor Demo Corp,CUST-008,Lumen Labs,NexPay,2026,7,21,76,False,270.71,27071,USD,US,US,Android,Ecommerce,False,False,stripe,2026-03-17
MX-100001568,Maximor Demo Corp,CUST-009,Northstar LLC,GlobalCard,2026,8,24,77,False,277.84,27784,USD,US,US,Windows,Ecommerce,False,False,stripe,2026-03-18
MX-100001569,Maximor Demo Corp,CUST-010,Meridian Health,Amex,2026,9,27,78,False,284.97,28497,USD,US,US,MacOS,Ecommerce,False,False,stripe,2026-03-19
MX-100001570,Maximor Demo Corp,CUST-011,Beacon Biotech,Visa,2026,10,30,79,False,292.1,29210,USD,US,US,iOS,Ecommerce,False,False,adyen,2026-03-20
MX-100001571,Maximor Demo Corp,CUST-012,Copperline Logistics,Mastercard,2026,11,33,80,False,299.23,29923,USD,US,US,Android,Ecommerce,False,False,stripe,2026-03-21
MX-100001572,Maximor Demo Corp,CUST-013,Summit Civic,NexPay,2026,12,36,81,False,306.36,30636,USD,US,US,Windows,Ecommerce,False,False,stripe,2026-03-22
MX-100001573,Maximor Demo Corp,CUST-014,Redwood Clinics,GlobalCard,2026,13,39,82,False,313.49,31349,USD,US,US,MacOS,Ecommerce,False,False,stripe,2026-03-23
MX-100001574,Maximor Demo Corp,CUST-015,Ironclad Software,Amex,2026,14,42,83,False,320.62,32062,USD,US,US,iOS,Ecommerce,False,False,stripe,2026-03-24
MX-100001575,Maximor Demo Corp,CUST-001,Northwind Labs,Visa,2026,15,45,84,False,327.75,32775,USD,US,US,Android,Ecommerce,False,False,adyen,2026-03-25
MX-100001576,Maximor Demo Corp,CUST-002,Helios Analytics,Mastercard,2026,16,48,85,False,334.88,33488,USD,US,US,Windows,Ecommerce,False,False,stripe,2026-03-26
MX-100001577,Maximor Demo Corp,CUST-003,Acme Industrial,NexPay,2026,17,51,86,False,342.01,34201,USD,US,US,MacOS,Ecommerce,False,False,stripe,2026-03-27
MX-100001578,Maximor Demo Corp,CUST-004,Brightline Media,GlobalCard,2026,18,54,87,False,349.14,34914,USD,US,US,iOS,Ecommerce,False,False,stripe,2026-03-28
MX-100001579,Maximor Demo Corp,CUST-005,Quiet Harbor,Amex,2026,19,57,88,False,356.27,35627,USD,US,US,Android,Ecommerce,False,False,stripe,2026-03-29
MX-100001580,Maximor Demo Corp,CUST-006,Pinnacle Retail,Visa,2026,20,0,89,False,363.4,36340,USD,US,US,Windows,Ecommerce,False,False,adyen,2026-03-30
MX-100001581,Maximor Demo Corp,CUST-007,Atlas Robotics,Mastercard,2026,21,3,90,True,370.53,37053,USD,US,US,MacOS,Ecommerce,False,False,stripe,2026-03-31
MX-100001582,Maximor Demo Corp,CUST-008,Lumen Labs,NexPay,2026,22,6,91,False,377.66,37766,USD,US,US,iOS,Ecommerce,False,False,stripe,2026-04-01
MX-100001583,Maximor Demo Corp,CUST-009,Northstar LLC,GlobalCard,2026,23,9,92,False,384.79,38479,USD,US,US,Android,Ecommerce,False,False,stripe,2026-04-02
MX-100001584,Maximor Demo Corp,CUST-010,Meridian Health,Amex,2026,0,12,93,False,391.92,39192,USD,US,US,Windows,Ecommerce,False,False,stripe,2026-04-03
MX-100001585,Maximor Demo Corp,CUST-011,Beacon Biotech,Visa,2026,1,15,94,False,399.05,39905,USD,US,US,MacOS,Ecommerce,False,False,adyen,2026-04-04
MX-100001586,Maximor Demo Corp,CUST-012,Copperline Logistics,Mastercard,2026,2,18,95,False,406.18,40618,USD,US,US,iOS,Ecommerce,False,False,stripe,2026-04-05
MX-100001587,Maximor Demo Corp,CUST-013,Summit Civic,NexPay,2026,3,21,96,False,413.31,41331,USD,US,US,Android,Ecommerce,False,False,stripe,2026-04-06
MX-100001588,Maximor Demo Corp,CUST-014,Redwood Clinics,GlobalCard,2026,4,24,97,False,420.44,42044,USD,US,US,Windows,Ecommerce,False,False,stripe,2026-04-07
MX-100001589,Maximor Demo Corp,CUST-015,Ironclad Software,Amex,2026,5,27,98,False,427.57,42757,USD,US,US,MacOS,Ecommerce,False,False,stripe,2026-04-08
MX-100001590,Maximor Demo Corp,CUST-001,Northwind Labs,Visa,2026,6,30,99,False,434.7,43470,USD,US,US,iOS,Ecommerce,False,False,adyen,2026-04-09
MX-100001591,Maximor Demo Corp,CUST-002,Helios Analytics,Mastercard,2026,7,33,100,False,21.83,2183,USD,US,US,Android,Ecommerce,False,False,stripe,2026-04-10
MX-100001592,Maximor Demo Corp,CUST-003,Acme Industrial,NexPay,2026,8,36,101,False,28.96,2896,USD,US,US,Windows,Ecommerce,False,False,stripe,2026-04-11
MX-100001593,Maximor Demo Corp,CUST-004,Brightline Media,GlobalCard,2026,9,39,102,False,36.09,3609,USD,US,US,MacOS,Ecommerce,False,False,stripe,2026-04-12
MX-100001594,Maximor Demo Corp,CUST-005,Quiet Harbor,Amex,2026,10,42,103,False,43.22,4322,USD,US,US,iOS,Ecommerce,False,False,stripe,2026-04-13
MX-100001595,Maximor Demo Corp,CUST-006,Pinnacle Retail,Visa,2026,11,45,104,False,50.35,5035,USD,US,US,Android,Ecommerce,False,False,adyen,2026-04-14
MX-100001596,Maximor Demo Corp,CUST-007,Atlas Robotics,Mastercard,2026,12,48,105,False,57.48,5748,USD,US,US,Windows,Ecommerce,False,False,stripe,2026-04-15
MX-100001597,Maximor Demo Corp,CUST-008,Lumen Labs,NexPay,2026,13,51,106,False,64.61,6461,USD,US,US,MacOS,Ecommerce,False,False,stripe,2026-04-16
MX-100001598,Maximor Demo Corp,CUST-009,Northstar LLC,GlobalCard,2026,14,54,107,True,71.74,7174,USD,US,US,iOS,Ecommerce,False,False,stripe,2026-04-17
MX-100001599,Maximor Demo Corp,CUST-010,Meridian Health,Amex,2026,15,57,108,False,78.87,7887,USD,US,US,Android,Ecommerce,False,False,stripe,2026-04-18
MX-100001600,Maximor Demo Corp,CUST-011,Beacon Biotech,Visa,2026,16,0,109,False,86.0,8600,USD,US,US,Windows,Ecommerce,False,False,adyen,2026-04-19
MX-100001601,Maximor Demo Corp,CUST-012,Copperline Logistics,Mastercard,2026,17,3,110,False,93.13,9313,USD,US,US,MacOS,Ecommerce,False,False,stripe,2026-04-20
MX-100001602,Maximor Demo Corp,CUST-013,Summit Civic,NexPay,2026,18,6,111,False,100.26,10026,USD,US,US,iOS,Ecommerce,False,False,stripe,2026-04-21
MX-100001603,Maximor Demo Corp,CUST-014,Redwood Clinics,GlobalCard,2026,19,9,112,False,107.39,10739,USD,US,US,Android,Ecommerce,False,False,stripe,2026-04-22
MX-100001604,Maximor Demo Corp,CUST-015,Ironclad Software,Amex,2026,20,12,113,False,114.52,11452,USD,US,US,Windows,Ecommerce,False,False,stripe,2026-04-23
MX-100001605,Maximor Demo Corp,CUST-001,Northwind Labs,Visa,2026,21,15,114,False,121.65,12165,USD,US,US,MacOS,Ecommerce,False,False,adyen,2026-04-24
MX-100001606,Maximor Demo Corp,CUST-002,Helios Analytics,Mastercard,2026,22,18,115,False,128.78,12878,USD,US,US,iOS,Ecommerce,False,False,stripe,2026-04-25
MX-100001607,Maximor Demo Corp,CUST-003,Acme Industrial,NexPay,2026,23,21,116,False,135.91,13591,USD,US,US,Android,Ecommerce,False,False,stripe,2026-04-26
MX-100001608,Maximor Demo Corp,CUST-004,Brightline Media,GlobalCard,2026,0,24,117,False,143.04,14304,USD,US,US,Windows,Ecommerce,False,False,stripe,2026-04-27
MX-100001609,Maximor Demo Corp,CUST-005,Quiet Harbor,Amex,2026,1,27,118,False,150.17,15017,USD,US,US,MacOS,Ecommerce,False,False,stripe,2026-04-28
MX-100001610,Maximor Demo Corp,CUST-006,Pinnacle Retail,Visa,2026,2,30,119,False,157.3,15730,USD,US,US,iOS,Ecommerce,False,False,adyen,2026-04-29
MX-100001611,Maximor Demo Corp,CUST-007,Atlas Robotics,Mastercard,2026,3,33,120,False,164.43,16443,USD,US,US,Android,Ecommerce,False,False,stripe,2026-04-30
MX-100001612,Maximor Demo Corp,CUST-008,Lumen Labs,NexPay,2026,4,36,121,False,171.56,17156,USD,US,US,Windows,Ecommerce,False,False,stripe,2026-05-01
MX-100001613,Maximor Demo Corp,CUST-009,Northstar LLC,GlobalCard,2026,5,39,122,False,178.69,17869,USD,US,US,MacOS,Ecommerce,False,False,stripe,2026-05-02
MX-100001614,Maximor Demo Corp,CUST-010,Meridian Health,Amex,2026,6,42,123,False,185.82,18582,USD,US,US,iOS,Ecommerce,False,False,stripe,2026-05-03
MX-100001615,Maximor Demo Corp,CUST-011,Beacon Biotech,Visa,2026,7,45,124,True,192.95,19295,USD,US,US,Android,Ecommerce,False,False,adyen,2026-05-04
MX-100001616,Maximor Demo Corp,CUST-012,Copperline Logistics,Mastercard,2026,8,48,125,False,200.08,20008,USD,US,US,Windows,Ecommerce,False,False,stripe,2026-05-05
MX-100001617,Maximor Demo Corp,CUST-013,Summit Civic,NexPay,2026,9,51,126,False,207.21,20721,USD,US,US,MacOS,Ecommerce,False,False,stripe,2026-05-06
MX-100001618,Maximor Demo Corp,CUST-014,Redwood Clinics,GlobalCard,2026,10,54,127,False,214.34,21434,USD,US,US,iOS,Ecommerce,False,False,stripe,2026-05-07
MX-100001619,Maximor Demo Corp,CUST-015,Ironclad Software,Amex,2026,11,57,128,False,221.47,22147,USD,US,US,Android,Ecommerce,False,False,stripe,2026-05-08
MX-100001620,Maximor Demo Corp,CUST-001,Northwind Labs,Visa,2026,12,0,129,False,228.6,22860,USD,US,US,Windows,Ecommerce,False,False,adyen,2026-05-09
MX-100001621,Maximor Demo Corp,CUST-002,Helios Analytics,Mastercard,2026,13,3,130,False,235.73,23573,USD,US,US,MacOS,Ecommerce,False,False,stripe,2026-05-10
MX-100001622,Maximor Demo Corp,CUST-003,Acme Industrial,NexPay,2026,14,6,131,False,242.86,24286,USD,US,US,iOS,Ecommerce,False,False,stripe,2026-05-11
MX-100001623,Maximor Demo Corp,CUST-004,Brightline Media,GlobalCard,2026,15,9,132,False,249.99,24999,USD,US,US,Android,Ecommerce,False,False,stripe,2026-05-12
MX-100001624,Maximor Demo Corp,CUST-005,Quiet Harbor,Amex,2026,16,12,133,False,257.12,25712,USD,US,US,Windows,Ecommerce,False,False,stripe,2026-05-13
MX-100001625,Maximor Demo Corp,CUST-006,Pinnacle Retail,Visa,2026,17,15,134,False,264.25,26425,USD,US,US,MacOS,Ecommerce,False,False,adyen,2026-05-14
MX-100001626,Maximor Demo Corp,CUST-007,Atlas Robotics,Mastercard,2026,18,18,135,False,271.38,27138,USD,US,US,iOS,Ecommerce,False,False,stripe,2026-05-15
MX-100001627,Maximor Demo Corp,CUST-008,Lumen Labs,NexPay,2026,19,21,136,False,278.51,27851,USD,US,US,Android,Ecommerce,False,False,stripe,2026-05-16
MX-100001628,Maximor Demo Corp,CUST-009,Northstar LLC,GlobalCard,2026,20,24,137,False,285.64,28564,USD,US,US,Windows,Ecommerce,False,False,stripe,2026-05-17
MX-100001629,Maximor Demo Corp,CUST-010,Meridian Health,Amex,2026,21,27,138,False,292.77,29277,USD,US,US,MacOS,Ecommerce,False,False,stripe,2026-05-18
MX-100001630,Maximor Demo Corp,CUST-011,Beacon Biotech,Visa,2026,22,30,139,False,299.9,29990,USD,US,US,iOS,Ecommerce,False,False,adyen,2026-05-19
MX-100001631,Maximor Demo Corp,CUST-012,Copperline Logistics,Mastercard,2026,23,33,140,False,307.03,30703,USD,US,US,Android,Ecommerce,False,False,stripe,2026-05-20
MX-100001632,Maximor Demo Corp,CUST-013,Summit Civic,NexPay,2026,0,36,141,True,314.16,31416,USD,US,US,Windows,Ecommerce,False,False,stripe,2026-05-21
MX-100001633,Maximor Demo Corp,CUST-014,Redwood Clinics,GlobalCard,2026,1,39,142,False,321.29,32129,USD,US,US,MacOS,Ecommerce,False,False,stripe,2026-05-22
MX-100001634,Maximor Demo Corp,CUST-015,Ironclad Software,Amex,2026,2,42,143,False,328.42,32842,USD,US,US,iOS,Ecommerce,False,False,stripe,2026-05-23
MX-100001635,Maximor Demo Corp,CUST-001,Northwind Labs,Visa,2026,3,45,144,False,335.55,33555,USD,US,US,Android,Ecommerce,False,False,adyen,2026-05-24
MX-100001636,Maximor Demo Corp,CUST-002,Helios Analytics,Mastercard,2026,4,48,145,False,342.68,34268,USD,US,US,Windows,Ecommerce,False,False,stripe,2026-05-25
MX-100001637,Maximor Demo Corp,CUST-003,Acme Industrial,NexPay,2026,5,51,146,False,349.81,34981,USD,US,US,MacOS,Ecommerce,False,False,stripe,2026-05-26
MX-100001638,Maximor Demo Corp,CUST-004,Brightline Media,GlobalCard,2026,6,54,147,False,356.94,35694,USD,US,US,iOS,Ecommerce,False,False,stripe,2026-05-27
MX-100001639,Maximor Demo Corp,CUST-005,Quiet Harbor,Amex,2026,7,57,148,False,364.07,36407,USD,US,US,Android,Ecommerce,False,False,stripe,2026-05-28
MX-100001640,Maximor Demo Corp,CUST-006,Pinnacle Retail,Visa,2026,8,0,149,False,371.2,37120,USD,US,US,Windows,Ecommerce,False,False,adyen,2026-05-29
MX-100001641,Maximor Demo Corp,CUST-007,Atlas Robotics,Mastercard,2026,9,3,150,False,378.33,37833,USD,US,US,MacOS,Ecommerce,False,False,stripe,2026-05-30
MX-100001642,Maximor Demo Corp,CUST-008,Lumen Labs,NexPay,2026,10,6,151,False,385.46,38546,USD,US,US,iOS,Ecommerce,False,False,stripe,2026-05-31
MX-100001643,Maximor Demo Corp,CUST-009,Northstar LLC,GlobalCard,2026,11,9,152,False,392.59,39259,USD,US,US,Android,Ecommerce,False,False,stripe,2026-06-01
MX-100001644,Maximor Demo Corp,CUST-010,Meridian Health,Amex,2026,12,12,153,False,399.72,39972,USD,US,US,Windows,Ecommerce,False,False,stripe,2026-06-02
MX-100001645,Maximor Demo Corp,CUST-011,Beacon Biotech,Visa,2026,13,15,154,False,406.85,40685,USD,US,US,MacOS,Ecommerce,False,False,adyen,2026-06-03
MX-100001646,Maximor Demo Corp,CUST-012,Copperline Logistics,Mastercard,2026,14,18,155,False,413.98,41398,USD,US,US,iOS,Ecommerce,False,False,stripe,2026-06-04
MX-100001647,Maximor Demo Corp,CUST-013,Summit Civic,NexPay,2026,15,21,156,False,421.11,42111,USD,US,US,Android,Ecommerce,False,False,stripe,2026-06-05
MX-100001648,Maximor Demo Corp,CUST-014,Redwood Clinics,GlobalCard,2026,16,24,157,False,428.24,42824,USD,US,US,Windows,Ecommerce,False,False,stripe,2026-06-06
MX-100001649,Maximor Demo Corp,CUST-015,Ironclad Software,Amex,2026,17,27,158,True,435.37,43537,USD,US,US,MacOS,Ecommerce,False,False,stripe,2026-06-07
MX-100001650,Maximor Demo Corp,CUST-001,Northwind Labs,Visa,2026,18,30,159,False,22.5,2250,USD,US,US,iOS,Ecommerce,False,False,adyen,2026-06-08
MX-100001651,Maximor Demo Corp,CUST-002,Helios Analytics,Mastercard,2026,19,33,160,False,29.63,2963,USD,US,US,Android,Ecommerce,False,False,stripe,2026-06-09
MX-100001652,Maximor Demo Corp,CUST-003,Acme Industrial,NexPay,2026,20,36,161,False,36.76,3676,USD,US,US,Windows,Ecommerce,False,False,stripe,2026-06-10
MX-100001653,Maximor Demo Corp,CUST-004,Brightline Media,GlobalCard,2026,21,39,162,False,43.89,4389,USD,US,US,MacOS,Ecommerce,False,False,stripe,2026-06-11
MX-100001654,Maximor Demo Corp,CUST-005,Quiet Harbor,Amex,2026,22,42,163,False,51.02,5102,USD,US,US,iOS,Ecommerce,False,False,stripe,2026-06-12
MX-100001655,Maximor Demo Corp,CUST-006,Pinnacle Retail,Visa,2026,23,45,164,False,58.15,5815,USD,US,US,Android,Ecommerce,False,False,adyen,2026-06-13
MX-100001656,Maximor Demo Corp,CUST-007,Atlas Robotics,Mastercard,2026,0,48,165,False,65.28,6528,USD,US,US,Windows,Ecommerce,False,False,stripe,2026-06-14
MX-100001657,Maximor Demo Corp,CUST-008,Lumen Labs,NexPay,2026,1,51,166,False,72.41,7241,USD,US,US,MacOS,Ecommerce,False,False,stripe,2026-06-15
MX-100001658,Maximor Demo Corp,CUST-009,Northstar LLC,GlobalCard,2026,2,54,167,False,79.54,7954,USD,US,US,iOS,Ecommerce,False,False,stripe,2026-06-16
MX-100001659,Maximor Demo Corp,CUST-010,Meridian Health,Amex,2026,3,57,168,False,86.67,8667,USD,US,US,Android,Ecommerce,False,False,stripe,2026-06-17
MX-100001660,Maximor Demo Corp,CUST-011,Beacon Biotech,Visa,2026,4,0,169,False,93.8,9380,USD,US,US,Windows,Ecommerce,False,False,adyen,2026-06-18
MX-100001661,Maximor Demo Corp,CUST-012,Copperline Logistics,Mastercard,2026,5,3,170,False,100.93,10093,USD,US,US,MacOS,Ecommerce,False,False,stripe,2026-06-19
MX-100001662,Maximor Demo Corp,CUST-013,Summit Civic,NexPay,2026,6,6,171,False,108.06,10806,USD,US,US,iOS,Ecommerce,False,False,stripe,2026-06-20
MX-100001663,Maximor Demo Corp,CUST-014,Redwood Clinics,GlobalCard,2026,7,9,172,False,115.19,11519,USD,US,US,Android,Ecommerce,False,False,stripe,2026-06-21
MX-100001664,Maximor Demo Corp,CUST-015,Ironclad Software,Amex,2026,8,12,173,False,122.32,12232,USD,US,US,Windows,Ecommerce,False,False,stripe,2026-06-22
MX-100001665,Maximor Demo Corp,CUST-001,Northwind Labs,Visa,2026,9,15,174,False,129.45,12945,USD,US,US,MacOS,Ecommerce,False,False,adyen,2026-06-23
MX-100001666,Maximor Demo Corp,CUST-002,Helios Analytics,Mastercard,2026,10,18,175,True,136.58,13658,USD,US,US,iOS,Ecommerce,False,False,stripe,2026-06-24
MX-100001667,Maximor Demo Corp,CUST-003,Acme Industrial,NexPay,2026,11,21,176,False,143.71,14371,USD,US,US,Android,Ecommerce,False,False,stripe,2026-06-25
MX-100001668,Maximor Demo Corp,CUST-004,Brightline Media,GlobalCard,2026,12,24,177,False,150.84,15084,USD,US,US,Windows,Ecommerce,False,False,stripe,2026-06-26
MX-100001669,Maximor Demo Corp,CUST-005,Quiet Harbor,Amex,2026,13,27,178,False,157.97,15797,USD,US,US,MacOS,Ecommerce,False,False,stripe,2026-06-27
MX-100001670,Maximor Demo Corp,CUST-006,Pinnacle Retail,Visa,2026,14,30,179,False,165.1,16510,USD,US,US,iOS,Ecommerce,False,False,adyen,2026-06-28
MX-100001671,Maximor Demo Corp,CUST-007,Atlas Robotics,Mastercard,2026,15,33,180,False,172.23,17223,USD,US,US,Android,Ecommerce,False,False,stripe,2026-06-29
MX-100001672,Maximor Demo Corp,CUST-008,Lumen Labs,NexPay,2026,16,36,181,False,179.36,17936,USD,US,US,Windows,Ecommerce,False,False,stripe,2026-06-30
MX-100001673,Maximor Demo Corp,CUST-009,Northstar LLC,GlobalCard,2026,17,39,182,False,186.49,18649,USD,US,US,MacOS,Ecommerce,False,False,stripe,2026-07-01
MX-100001674,Maximor Demo Corp,CUST-010,Meridian Health,Amex,2026,18,42,183,False,193.62,19362,USD,US,US,iOS,Ecommerce,False,False,stripe,2026-07-02
MX-100001675,Maximor Demo Corp,CUST-011,Beacon Biotech,Visa,2026,19,45,184,False,200.75,20075,USD,US,US,Android,Ecommerce,False,False,adyen,2026-07-03
MX-100001676,Maximor Demo Corp,CUST-012,Copperline Logistics,Mastercard,2026,20,48,185,False,207.88,20788,USD,US,US,Windows,Ecommerce,False,False,stripe,2026-07-04
MX-100001677,Maximor Demo Corp,CUST-013,Summit Civic,NexPay,2026,21,51,186,False,215.01,21501,USD,US,US,MacOS,Ecommerce,False,False,stripe,2026-07-05
MX-100001678,Maximor Demo Corp,CUST-014,Redwood Clinics,GlobalCard,2026,22,54,187,False,222.14,22214,USD,US,US,iOS,Ecommerce,False,False,stripe,2026-07-06
MX-100001679,Maximor Demo Corp,CUST-015,Ironclad Software,Amex,2026,23,57,188,False,229.27,22927,USD,US,US,Android,Ecommerce,False,False,stripe,2026-07-07
MX-100001680,Maximor Demo Corp,CUST-001,Northwind Labs,Visa,2026,0,0,189,False,236.4,23640,USD,US,US,Windows,Ecommerce,False,False,adyen,2026-07-08
MX-100001681,Maximor Demo Corp,CUST-002,Helios Analytics,Mastercard,2026,1,3,190,False,243.53,24353,USD,US,US,MacOS,Ecommerce,False,False,stripe,2026-07-09
MX-100001682,Maximor Demo Corp,CUST-003,Acme Industrial,NexPay,2026,2,6,191,False,250.66,25066,USD,US,US,iOS,Ecommerce,False,False,stripe,2026-07-10
MX-100001683,Maximor Demo Corp,CUST-004,Brightline Media,GlobalCard,2026,3,9,192,True,257.79,25779,USD,US,US,Android,Ecommerce,False,False,stripe,2026-07-11
MX-100001684,Maximor Demo Corp,CUST-005,Quiet Harbor,Amex,2026,4,12,193,False,264.92,26492,USD,US,US,Windows,Ecommerce,False,False,stripe,2026-07-12
MX-100001685,Maximor Demo Corp,CUST-006,Pinnacle Retail,Visa,2026,5,15,194,False,272.05,27205,USD,US,US,MacOS,Ecommerce,False,False,adyen,2026-07-13
MX-100001686,Maximor Demo Corp,CUST-007,Atlas Robotics,Mastercard,2026,6,18,195,False,279.18,27918,USD,US,US,iOS,Ecommerce,False,False,stripe,2026-07-14
MX-100001687,Maximor Demo Corp,CUST-008,Lumen Labs,NexPay,2026,7,21,196,False,286.31,28631,USD,US,US,Android,Ecommerce,False,False,stripe,2026-07-15
MX-100001688,Maximor Demo Corp,CUST-009,Northstar LLC,GlobalCard,2026,8,24,197,False,293.44,29344,USD,US,US,Windows,Ecommerce,False,False,stripe,2026-07-16
MX-100001689,Maximor Demo Corp,CUST-010,Meridian Health,Amex,2026,9,27,198,False,300.57,30057,USD,US,US,MacOS,Ecommerce,False,False,stripe,2026-07-17
MX-100001690,Maximor Demo Corp,CUST-011,Beacon Biotech,Visa,2026,10,30,199,False,307.7,30770,USD,US,US,iOS,Ecommerce,False,False,adyen,2026-07-18
MX-100001691,Maximor Demo Corp,CUST-012,Copperline Logistics,Mastercard,2026,11,33,200,False,314.83,31483,USD,US,US,Android,Ecommerce,False,False,stripe,2026-07-19
MX-100001692,Maximor Demo Corp,CUST-013,Summit Civic,NexPay,2026,12,36,201,False,321.96,32196,USD,US,US,Windows,Ecommerce,False,False,stripe,2026-07-20
MX-100001693,Maximor Demo Corp,CUST-014,Redwood Clinics,GlobalCard,2026,13,39,202,False,329.09,32909,USD,US,US,MacOS,Ecommerce,False,False,stripe,2026-07-21
MX-100001694,Maximor Demo Corp,CUST-015,Ironclad Software,Amex,2026,14,42,203,False,336.22,33622,USD,US,US,iOS,Ecommerce,False,False,stripe,2026-07-22
MX-100001695,Maximor Demo Corp,CUST-001,Northwind Labs,Visa,2026,15,45,204,False,343.35,34335,USD,US,US,Android,Ecommerce,False,False,adyen,2026-07-23
MX-100001696,Maximor Demo Corp,CUST-002,Helios Analytics,Mastercard,2026,16,48,205,False,350.48,35048,USD,US,US,Windows,Ecommerce,False,False,stripe,2026-07-24
MX-100001697,Maximor Demo Corp,CUST-003,Acme Industrial,NexPay,2026,17,51,206,False,357.61,35761,USD,US,US,MacOS,Ecommerce,False,False,stripe,2026-07-25
MX-100001698,Maximor Demo Corp,CUST-004,Brightline Media,GlobalCard,2026,18,54,207,False,364.74,36474,USD,US,US,iOS,Ecommerce,False,False,stripe,2026-07-26
MX-100001699,Maximor Demo Corp,CUST-005,Quiet Harbor,Amex,2026,19,57,208,False,371.87,37187,USD,US,US,Android,Ecommerce,False,False,stripe,2026-07-27
MX-100001700,Maximor Demo Corp,CUST-006,Pinnacle Retail,Visa,2026,20,0,209,True,379.0,37900,USD,US,US,Windows,Ecommerce,False,False,adyen,2026-07-28
MX-100001701,Maximor Demo Corp,CUST-007,Atlas Robotics,Mastercard,2026,21,3,210,False,386.13,38613,USD,US,US,MacOS,Ecommerce,False,False,stripe,2026-07-29
MX-100001702,Maximor Demo Corp,CUST-008,Lumen Labs,NexPay,2026,22,6,211,False,393.26,39326,USD,US,US,iOS,Ecommerce,False,False,stripe,2026-07-30
MX-100001703,Maximor Demo Corp,CUST-009,Northstar LLC,GlobalCard,2026,23,9,212,False,400.39,40039,USD,US,US,Android,Ecommerce,False,False,stripe,2026-07-31
MX-100001704,Maximor Demo Corp,CUST-010,Meridian Health,Amex,2026,0,12,213,False,407.52,40752,USD,US,US,Windows,Ecommerce,False,False,stripe,2026-08-01
MX-100001705,Maximor Demo Corp,CUST-011,Beacon Biotech,Visa,2026,1,15,214,False,414.65,41465,USD,US,US,MacOS,Ecommerce,False,False,adyen,2026-08-02
MX-100001706,Maximor Demo Corp,CUST-012,Copperline Logistics,Mastercard,2026,2,18,215,False,421.78,42178,USD,US,US,iOS,Ecommerce,False,False,stripe,2026-08-03
MX-100001707,Maximor Demo Corp,CUST-013,Summit Civic,NexPay,2026,3,21,216,False,428.91,42891,USD,US,US,Android,Ecommerce,False,False,stripe,2026-08-04
MX-100001708,Maximor Demo Corp,CUST-014,Redwood Clinics,GlobalCard,2026,4,24,217,False,436.04,43604,USD,US,US,Windows,Ecommerce,False,False,stripe,2026-08-05
MX-100001709,Maximor Demo Corp,CUST-015,Ironclad Software,Amex,2026,5,27,218,False,23.17,2317,USD,US,US,MacOS,Ecommerce,False,False,stripe,2026-08-06
MX-100001710,Maximor Demo Corp,CUST-001,Northwind Labs,Visa,2026,6,30,219,False,30.3,3030,USD,US,US,iOS,Ecommerce,False,False,adyen,2026-08-07
MX-100001711,Maximor Demo Corp,CUST-002,Helios Analytics,Mastercard,2026,7,33,220,False,37.43,3743,USD,US,US,Android,Ecommerce,False,False,stripe,2026-08-08
MX-100001712,Maximor Demo Corp,CUST-003,Acme Industrial,NexPay,2026,8,36,221,False,44.56,4456,USD,US,US,Windows,Ecommerce,False,False,stripe,2026-08-09
MX-100001713,Maximor Demo Corp,CUST-004,Brightline Media,GlobalCard,2026,9,39,222,False,51.69,5169,USD,US,US,MacOS,Ecommerce,False,False,stripe,2026-08-10
MX-100001714,Maximor Demo Corp,CUST-005,Quiet Harbor,Amex,2026,10,42,223,False,58.82,5882,USD,US,US,iOS,Ecommerce,False,False,stripe,2026-08-11
MX-100001715,Maximor Demo Corp,CUST-006,Pinnacle Retail,Visa,2026,11,45,224,False,65.95,6595,USD,US,US,Android,Ecommerce,False,False,adyen,2026-08-12
MX-100001716,Maximor Demo Corp,CUST-007,Atlas Robotics,Mastercard,2026,12,48,225,False,73.08,7308,USD,US,US,Windows,Ecommerce,False,False,stripe,2026-08-13
MX-100001717,Maximor Demo Corp,CUST-008,Lumen Labs,NexPay,2026,13,51,226,True,80.21,8021,USD,US,US,MacOS,Ecommerce,False,False,stripe,2026-08-14
MX-100001718,Maximor Demo Corp,CUST-009,Northstar LLC,GlobalCard,2026,14,54,227,False,87.34,8734,USD,US,US,iOS,Ecommerce,False,False,stripe,2026-08-15
MX-100001719,Maximor Demo Corp,CUST-010,Meridian Health,Amex,2026,15,57,228,False,94.47,9447,USD,US,US,Android,Ecommerce,False,False,stripe,2026-08-16
MX-100001720,Maximor Demo Corp,CUST-011,Beacon Biotech,Visa,2026,16,0,229,False,101.6,10160,USD,US,US,Windows,Ecommerce,False,False,adyen,2026-08-17
MX-100001721,Maximor Demo Corp,CUST-012,Copperline Logistics,Mastercard,2026,17,3,230,False,108.73,10873,USD,US,US,MacOS,Ecommerce,False,False,stripe,2026-08-18
MX-100001722,Maximor Demo Corp,CUST-013,Summit Civic,NexPay,2026,18,6,231,False,115.86,11586,USD,US,US,iOS,Ecommerce,False,False,stripe,2026-08-19
MX-100001723,Maximor Demo Corp,CUST-014,Redwood Clinics,GlobalCard,2026,19,9,232,False,122.99,12299,USD,US,US,Android,Ecommerce,False,False,stripe,2026-08-20
MX-100001724,Maximor Demo Corp,CUST-015,Ironclad Software,Amex,2026,20,12,233,False,130.12,13012,USD,US,US,Windows,Ecommerce,False,False,stripe,2026-08-21
MX-100001725,Maximor Demo Corp,CUST-001,Northwind Labs,Visa,2026,21,15,234,False,137.25,13725,USD,US,US,MacOS,Ecommerce,False,False,adyen,2026-08-22
MX-100001726,Maximor Demo Corp,CUST-002,Helios Analytics,Mastercard,2026,22,18,235,False,144.38,14438,USD,US,US,iOS,Ecommerce,False,False,stripe,2026-08-23
MX-100001727,Maximor Demo Corp,CUST-003,Acme Industrial,NexPay,2026,23,21,236,False,151.51,15151,USD,US,US,Android,Ecommerce,False,False,stripe,2026-08-24
MX-100001728,Maximor Demo Corp,CUST-004,Brightline Media,GlobalCard,2026,0,24,237,False,158.64,15864,USD,US,US,Windows,Ecommerce,False,False,stripe,2026-08-25
MX-100001729,Maximor Demo Corp,CUST-005,Quiet Harbor,Amex,2026,1,27,238,False,165.77,16577,USD,US,US,MacOS,Ecommerce,False,False,stripe,2026-08-26
MX-100001730,Maximor Demo Corp,CUST-006,Pinnacle Retail,Visa,2026,2,30,239,False,172.9,17290,USD,US,US,iOS,Ecommerce,False,False,adyen,2026-08-27
MX-100001731,Maximor Demo Corp,CUST-007,Atlas Robotics,Mastercard,2026,3,33,240,False,180.03,18003,USD,US,US,Android,Ecommerce,False,False,stripe,2026-08-28
MX-100001732,Maximor Demo Corp,CUST-008,Lumen Labs,NexPay,2026,4,36,241,False,187.16,18716,USD,US,US,Windows,Ecommerce,False,False,stripe,2026-08-29
MX-100001733,Maximor Demo Corp,CUST-009,Northstar LLC,GlobalCard,2026,5,39,242,False,194.29,19429,USD,US,US,MacOS,Ecommerce,False,False,stripe,2026-08-30
MX-100001734,Maximor Demo Corp,CUST-010,Meridian Health,Amex,2026,6,42,243,True,201.42,20142,USD,US,US,iOS,Ecommerce,False,False,stripe,2026-08-31
MX-100001735,Maximor Demo Corp,CUST-011,Beacon Biotech,Visa,2026,7,45,244,False,208.55,20855,USD,US,US,Android,Ecommerce,False,False,adyen,2026-09-01
MX-100001736,Maximor Demo Corp,CUST-012,Copperline Logistics,Mastercard,2026,8,48,245,False,215.68,21568,USD,US,US,Windows,Ecommerce,False,False,stripe,2026-09-02
MX-100001737,Maximor Demo Corp,CUST-013,Summit Civic,NexPay,2026,9,51,246,False,222.81,22281,USD,US,US,MacOS,Ecommerce,False,False,stripe,2026-09-03
MX-100001738,Maximor Demo Corp,CUST-014,Redwood Clinics,GlobalCard,2026,10,54,247,False,229.94,22994,USD,US,US,iOS,Ecommerce,False,False,stripe,2026-09-04
MX-100001739,Maximor Demo Corp,CUST-015,Ironclad Software,Amex,2026,11,57,248,False,237.07,23707,USD,US,US,Android,Ecommerce,False,False,stripe,2026-09-05
MX-100001740,Maximor Demo Corp,CUST-001,Northwind Labs,Visa,2026,12,0,249,False,244.2,24420,USD,US,US,Windows,Ecommerce,False,False,adyen,2026-09-06
MX-100001741,Maximor Demo Corp,CUST-002,Helios Analytics,Mastercard,2026,13,3,250,False,251.33,25133,USD,US,US,MacOS,Ecommerce,False,False,stripe,2026-09-07
MX-100001742,Maximor Demo Corp,CUST-003,Acme Industrial,NexPay,2026,14,6,251,False,258.46,25846,USD,US,US,iOS,Ecommerce,False,False,stripe,2026-09-08
MX-100001743,Maximor Demo Corp,CUST-004,Brightline Media,GlobalCard,2026,15,9,252,False,265.59,26559,USD,US,US,Android,Ecommerce,False,False,stripe,2026-09-09
MX-100001744,Maximor Demo Corp,CUST-005,Quiet Harbor,Amex,2026,16,12,253,False,272.72,27272,USD,US,US,Windows,Ecommerce,False,False,stripe,2026-09-10
MX-100001745,Maximor Demo Corp,CUST-006,Pinnacle Retail,Visa,2026,17,15,254,False,279.85,27985,USD,US,US,MacOS,Ecommerce,False,False,adyen,2026-09-11
MX-100001746,Maximor Demo Corp,CUST-007,Atlas Robotics,Mastercard,2026,18,18,255,False,286.98,28698,USD,US,US,iOS,Ecommerce,False,False,stripe,2026-09-12
MX-100001747,Maximor Demo Corp,CUST-008,Lumen Labs,NexPay,2026,19,21,256,False,294.11,29411,USD,US,US,Android,Ecommerce,False,False,stripe,2026-09-13
MX-100001748,Maximor Demo Corp,CUST-009,Northstar LLC,GlobalCard,2026,20,24,257,False,301.24,30124,USD,US,US,Windows,Ecommerce,False,False,stripe,2026-09-14
MX-100001749,Maximor Demo Corp,CUST-010,Meridian Health,Amex,2026,21,27,258,False,308.37,30837,USD,US,US,MacOS,Ecommerce,False,False,stripe,2026-09-15
MX-100001750,Maximor Demo Corp,CUST-011,Beacon Biotech,Visa,2025,22,30,274,False,315.5,31550,USD,US,US,iOS,Ecommerce,False,False,adyen,2025-10-01
MX-100001751,Maximor Demo Corp,CUST-012,Copperline Logistics,Mastercard,2025,23,33,275,True,322.63,32263,USD,US,US,Android,Ecommerce,False,False,stripe,2025-10-02
MX-100001752,Maximor Demo Corp,CUST-013,Summit Civic,NexPay,2025,0,36,276,False,329.76,32976,USD,US,US,Windows,Ecommerce,False,False,stripe,2025-10-03
MX-100001753,Maximor Demo Corp,CUST-014,Redwood Clinics,GlobalCard,2025,1,39,277,False,336.89,33689,USD,US,US,MacOS,Ecommerce,False,False,stripe,2025-10-04
MX-100001754,Maximor Demo Corp,CUST-015,Ironclad Software,Amex,2025,2,42,278,False,344.02,34402,USD,US,US,iOS,Ecommerce,False,False,stripe,2025-10-05
MX-100001755,Maximor Demo Corp,CUST-001,Northwind Labs,Visa,2025,3,45,279,False,351.15,35115,USD,US,US,Android,Ecommerce,False,False,adyen,2025-10-06
MX-100001756,Maximor Demo Corp,CUST-002,Helios Analytics,Mastercard,2025,4,48,280,False,358.28,35828,USD,US,US,Windows,Ecommerce,False,False,stripe,2025-10-07
MX-100001757,Maximor Demo Corp,CUST-003,Acme Industrial,NexPay,2025,5,51,281,False,365.41,36541,USD,US,US,MacOS,Ecommerce,False,False,stripe,2025-10-08
MX-100001758,Maximor Demo Corp,CUST-004,Brightline Media,GlobalCard,2025,6,54,282,False,372.54,37254,USD,US,US,iOS,Ecommerce,False,False,stripe,2025-10-09
MX-100001759,Maximor Demo Corp,CUST-005,Quiet Harbor,Amex,2025,7,57,283,False,379.67,37967,USD,US,US,Android,Ecommerce,False,False,stripe,2025-10-10
MX-100001760,Maximor Demo Corp,CUST-006,Pinnacle Retail,Visa,2025,8,0,284,False,386.8,38680,USD,US,US,Windows,Ecommerce,False,False,adyen,2025-10-11
MX-100001761,Maximor Demo Corp,CUST-007,Atlas Robotics,Mastercard,2025,9,3,285,False,393.93,39393,USD,US,US,MacOS,Ecommerce,False,False,stripe,2025-10-12
MX-100001762,Maximor Demo Corp,CUST-008,Lumen Labs,NexPay,2025,10,6,286,False,401.06,40106,USD,US,US,iOS,Ecommerce,False,False,stripe,2025-10-13
MX-100001763,Maximor Demo Corp,CUST-009,Northstar LLC,GlobalCard,2025,11,9,287,False,408.19,40819,USD,US,US,Android,Ecommerce,False,False,stripe,2025-10-14
MX-100001764,Maximor Demo Corp,CUST-010,Meridian Health,Amex,2025,12,12,288,False,415.32,41532,USD,US,US,Windows,Ecommerce,False,False,stripe,2025-10-15
MX-100001765,Maximor Demo Corp,CUST-011,Beacon Biotech,Visa,2025,13,15,289,False,422.45,42245,USD,US,US,MacOS,Ecommerce,False,False,adyen,2025-10-16
MX-100001766,Maximor Demo Corp,CUST-012,Copperline Logistics,Mastercard,2025,14,18,290,False,429.58,42958,USD,US,US,iOS,Ecommerce,False,False,stripe,2025-10-17
MX-100001767,Maximor Demo Corp,CUST-013,Summit Civic,NexPay,2025,15,21,291,False,436.71,43671,USD,US,US,Android,Ecommerce,False,False,stripe,2025-10-18
MX-100001768,Maximor Demo Corp,CUST-014,Redwood Clinics,GlobalCard,2025,16,24,292,True,23.84,2384,USD,US,US,Windows,Ecommerce,False,False,stripe,2025-10-19
MX-100001769,Maximor Demo Corp,CUST-015,Ironclad Software,Amex,2025,17,27,293,False,30.97,3097,USD,US,US,MacOS,Ecommerce,False,False,stripe,2025-10-20
MX-100001770,Maximor Demo Corp,CUST-001,Northwind Labs,Visa,2025,18,30,294,False,38.1,3810,USD,US,US,iOS,Ecommerce,False,False,adyen,2025-10-21
MX-100001771,Maximor Demo Corp,CUST-002,Helios Analytics,Mastercard,2025,19,33,295,False,45.23,4523,USD,US,US,Android,Ecommerce,False,False,stripe,2025-10-22
MX-100001772,Maximor Demo Corp,CUST-003,Acme Industrial,NexPay,2025,20,36,296,False,52.36,5236,USD,US,US,Windows,Ecommerce,False,False,stripe,2025-10-23
MX-100001773,Maximor Demo Corp,CUST-004,Brightline Media,GlobalCard,2025,21,39,297,False,59.49,5949,USD,US,US,MacOS,Ecommerce,False,False,stripe,2025-10-24
MX-100001774,Maximor Demo Corp,CUST-005,Quiet Harbor,Amex,2025,22,42,298,False,66.62,6662,USD,US,US,iOS,Ecommerce,False,False,stripe,2025-10-25
MX-100001775,Maximor Demo Corp,CUST-006,Pinnacle Retail,Visa,2025,23,45,299,False,73.75,7375,USD,US,US,Android,Ecommerce,False,False,adyen,2025-10-26
MX-100001776,Maximor Demo Corp,CUST-007,Atlas Robotics,Mastercard,2025,0,48,300,False,80.88,8088,USD,US,US,Windows,Ecommerce,False,False,stripe,2025-10-27
MX-100001777,Maximor Demo Corp,CUST-008,Lumen Labs,NexPay,2025,1,51,301,False,88.01,8801,USD,US,US,MacOS,Ecommerce,False,False,stripe,2025-10-28
MX-100001778,Maximor Demo Corp,CUST-009,Northstar LLC,GlobalCard,2025,2,54,302,False,95.14,9514,USD,US,US,iOS,Ecommerce,False,False,stripe,2025-10-29
MX-100001779,Maximor Demo Corp,CUST-010,Meridian Health,Amex,2025,3,57,303,False,102.27,10227,USD,US,US,Android,Ecommerce,False,False,stripe,2025-10-30
MX-100001780,Maximor Demo Corp,CUST-011,Beacon Biotech,Visa,2025,4,0,304,False,109.4,10940,USD,US,US,Windows,Ecommerce,False,False,adyen,2025-10-31
MX-100001781,Maximor Demo Corp,CUST-012,Copperline Logistics,Mastercard,2025,5,3,305,False,116.53,11653,USD,US,US,MacOS,Ecommerce,False,False,stripe,2025-11-01
MX-100001782,Maximor Demo Corp,CUST-013,Summit Civic,NexPay,2025,6,6,306,False,123.66,12366,USD,US,US,iOS,Ecommerce,False,False,stripe,2025-11-02
MX-100001783,Maximor Demo Corp,CUST-014,Redwood Clinics,GlobalCard,2025,7,9,307,False,130.79,13079,USD,US,US,Android,Ecommerce,False,False,stripe,2025-11-03
MX-100001784,Maximor Demo Corp,CUST-015,Ironclad Software,Amex,2025,8,12,308,False,137.92,13792,USD,US,US,Windows,Ecommerce,False,False,stripe,2025-11-04
MX-100001785,Maximor Demo Corp,CUST-001,Northwind Labs,Visa,2025,9,15,309,True,145.05,14505,USD,US,US,MacOS,Ecommerce,False,False,adyen,2025-11-05
MX-100001786,Maximor Demo Corp,CUST-002,Helios Analytics,Mastercard,2025,10,18,310,False,152.18,15218,USD,US,US,iOS,Ecommerce,False,False,stripe,2025-11-06
MX-100001787,Maximor Demo Corp,CUST-003,Acme Industrial,NexPay,2025,11,21,311,False,159.31,15931,USD,US,US,Android,Ecommerce,False,False,stripe,2025-11-07
MX-100001788,Maximor Demo Corp,CUST-004,Brightline Media,GlobalCard,2025,12,24,312,False,166.44,16644,USD,US,US,Windows,Ecommerce,False,False,stripe,2025-11-08
MX-100001789,Maximor Demo Corp,CUST-005,Quiet Harbor,Amex,2025,13,27,313,False,173.57,17357,USD,US,US,MacOS,Ecommerce,False,False,stripe,2025-11-09
MX-100001790,Maximor Demo Corp,CUST-006,Pinnacle Retail,Visa,2025,14,30,314,False,180.7,18070,USD,US,US,iOS,Ecommerce,False,False,adyen,2025-11-10
MX-100001791,Maximor Demo Corp,CUST-007,Atlas Robotics,Mastercard,2025,15,33,315,False,187.83,18783,USD,US,US,Android,Ecommerce,False,False,stripe,2025-11-11
MX-100001792,Maximor Demo Corp,CUST-008,Lumen Labs,NexPay,2025,16,36,316,False,194.96,19496,USD,US,US,Windows,Ecommerce,False,False,stripe,2025-11-12
MX-100001793,Maximor Demo Corp,CUST-009,Northstar LLC,GlobalCard,2025,17,39,317,False,202.09,20209,USD,US,US,MacOS,Ecommerce,False,False,stripe,2025-11-13
MX-100001794,Maximor Demo Corp,CUST-010,Meridian Health,Amex,2025,18,42,318,False,209.22,20922,USD,US,US,iOS,Ecommerce,False,False,stripe,2025-11-14
MX-100001795,Maximor Demo Corp,CUST-011,Beacon Biotech,Visa,2025,19,45,319,False,216.35,21635,USD,US,US,Android,Ecommerce,False,False,adyen,2025-11-15
MX-100001796,Maximor Demo Corp,CUST-012,Copperline Logistics,Mastercard,2025,20,48,320,False,223.48,22348,USD,US,US,Windows,Ecommerce,False,False,stripe,2025-11-16
MX-100001797,Maximor Demo Corp,CUST-013,Summit Civic,NexPay,2025,21,51,321,False,230.61,23061,USD,US,US,MacOS,Ecommerce,False,False,stripe,2025-11-17
MX-100001798,Maximor Demo Corp,CUST-014,Redwood Clinics,GlobalCard,2025,22,54,322,False,237.74,23774,USD,US,US,iOS,Ecommerce,False,False,stripe,2025-11-18
MX-100001799,Maximor Demo Corp,CUST-015,Ironclad Software,Amex,2025,23,57,323,False,244.87,24487,USD,US,US,Android,Ecommerce,False,False,stripe,2025-11-19
MX-100001800,Maximor Demo Corp,CUST-001,Northwind Labs,Visa,2025,0,0,324,False,252.0,25200,USD,US,US,Windows,Ecommerce,False,False,adyen,2025-11-20
MX-100001801,Maximor Demo Corp,CUST-002,Helios Analytics,Mastercard,2025,1,3,325,False,259.13,25913,USD,US,US,MacOS,Ecommerce,False,False,stripe,2025-11-21
MX-100001802,Maximor Demo Corp,CUST-003,Acme Industrial,NexPay,2025,2,6,326,True,266.26,26626,USD,US,US,iOS,Ecommerce,False,False,stripe,2025-11-22
MX-100001803,Maximor Demo Corp,CUST-004,Brightline Media,GlobalCard,2025,3,9,327,False,273.39,27339,USD,US,US,Android,Ecommerce,False,False,stripe,2025-11-23
MX-100001804,Maximor Demo Corp,CUST-005,Quiet Harbor,Amex,2025,4,12,328,False,280.52,28052,USD,US,US,Windows,Ecommerce,False,False,stripe,2025-11-24
MX-100001805,Maximor Demo Corp,CUST-006,Pinnacle Retail,Visa,2025,5,15,329,False,287.65,28765,USD,US,US,MacOS,Ecommerce,False,False,adyen,2025-11-25
MX-100001806,Maximor Demo Corp,CUST-007,Atlas Robotics,Mastercard,2025,6,18,330,False,294.78,29478,USD,US,US,iOS,Ecommerce,False,False,stripe,2025-11-26
MX-100001807,Maximor Demo Corp,CUST-008,Lumen Labs,NexPay,2025,7,21,331,False,301.91,30191,USD,US,US,Android,Ecommerce,False,False,stripe,2025-11-27
MX-100001808,Maximor Demo Corp,CUST-009,Northstar LLC,GlobalCard,2025,8,24,332,False,309.04,30904,USD,US,US,Windows,Ecommerce,False,False,stripe,2025-11-28
MX-100001809,Maximor Demo Corp,CUST-010,Meridian Health,Amex,2025,9,27,333,False,316.17,31617,USD,US,US,MacOS,Ecommerce,False,False,stripe,2025-11-29
MX-100001810,Maximor Demo Corp,CUST-011,Beacon Biotech,Visa,2025,10,30,334,False,323.3,32330,USD,US,US,iOS,Ecommerce,False,False,adyen,2025-11-30
MX-100001811,Maximor Demo Corp,CUST-012,Copperline Logistics,Mastercard,2025,11,33,335,False,330.43,33043,USD,US,US,Android,Ecommerce,False,False,stripe,2025-12-01
MX-100001812,Maximor Demo Corp,CUST-013,Summit Civic,NexPay,2025,12,36,336,False,337.56,33756,USD,US,US,Windows,Ecommerce,False,False,stripe,2025-12-02
MX-100001813,Maximor Demo Corp,CUST-014,Redwood Clinics,GlobalCard,2025,13,39,337,False,344.69,34469,USD,US,US,MacOS,Ecommerce,False,False,stripe,2025-12-03
MX-100001814,Maximor Demo Corp,CUST-015,Ironclad Software,Amex,2025,14,42,338,False,351.82,35182,USD,US,US,iOS,Ecommerce,False,False,stripe,2025-12-04
MX-100001815,Maximor Demo Corp,CUST-001,Northwind Labs,Visa,2025,15,45,339,False,358.95,35895,USD,US,US,Android,Ecommerce,False,False,adyen,2025-12-05
MX-100001816,Maximor Demo Corp,CUST-002,Helios Analytics,Mastercard,2025,16,48,340,False,366.08,36608,USD,US,US,Windows,Ecommerce,False,False,stripe,2025-12-06
MX-100001817,Maximor Demo Corp,CUST-003,Acme Industrial,NexPay,2025,17,51,341,False,373.21,37321,USD,US,US,MacOS,Ecommerce,False,False,stripe,2025-12-07
MX-100001818,Maximor Demo Corp,CUST-004,Brightline Media,GlobalCard,2025,18,54,342,False,380.34,38034,USD,US,US,iOS,Ecommerce,False,False,stripe,2025-12-08
MX-100001819,Maximor Demo Corp,CUST-005,Quiet Harbor,Amex,2025,19,57,343,True,387.47,38747,USD,US,US,Android,Ecommerce,False,False,stripe,2025-12-09
MX-100001820,Maximor Demo Corp,CUST-006,Pinnacle Retail,Visa,2025,20,0,344,False,394.6,39460,USD,US,US,Windows,Ecommerce,False,False,adyen,2025-12-10
MX-100001821,Maximor Demo Corp,CUST-007,Atlas Robotics,Mastercard,2025,21,3,345,False,401.73,40173,USD,US,US,MacOS,Ecommerce,False,False,stripe,2025-12-11
MX-100001822,Maximor Demo Corp,CUST-008,Lumen Labs,NexPay,2025,22,6,346,False,408.86,40886,USD,US,US,iOS,Ecommerce,False,False,stripe,2025-12-12
MX-100001823,Maximor Demo Corp,CUST-009,Northstar LLC,GlobalCard,2025,23,9,347,False,415.99,41599,USD,US,US,Android,Ecommerce,False,False,stripe,2025-12-13
MX-100001824,Maximor Demo Corp,CUST-010,Meridian Health,Amex,2025,0,12,348,False,423.12,42312,USD,US,US,Windows,Ecommerce,False,False,stripe,2025-12-14
MX-100001825,Maximor Demo Corp,CUST-011,Beacon Biotech,Visa,2025,1,15,349,False,430.25,43025,USD,US,US,MacOS,Ecommerce,False,False,adyen,2025-12-15
MX-100001826,Maximor Demo Corp,CUST-012,Copperline Logistics,Mastercard,2025,2,18,350,False,437.38,43738,USD,US,US,iOS,Ecommerce,False,False,stripe,2025-12-16
MX-100001827,Maximor Demo Corp,CUST-013,Summit Civic,NexPay,2025,3,21,351,False,24.51,2451,USD,US,US,Android,Ecommerce,False,False,stripe,2025-12-17
MX-100001828,Maximor Demo Corp,CUST-014,Redwood Clinics,GlobalCard,2025,4,24,352,False,31.64,3164,USD,US,US,Windows,Ecommerce,False,False,stripe,2025-12-18
MX-100001829,Maximor Demo Corp,CUST-015,Ironclad Software,Amex,2025,5,27,353,False,38.77,3877,USD,US,US,MacOS,Ecommerce,False,False,stripe,2025-12-19
MX-100001830,Maximor Demo Corp,CUST-001,Northwind Labs,Visa,2025,6,30,354,False,45.9,4590,USD,US,US,iOS,Ecommerce,False,False,adyen,2025-12-20
MX-100001831,Maximor Demo Corp,CUST-002,Helios Analytics,Mastercard,2025,7,33,355,False,53.03,5303,USD,US,US,Android,Ecommerce,False,False,stripe,2025-12-21
MX-100001832,Maximor Demo Corp,CUST-003,Acme Industrial,NexPay,2025,8,36,356,False,60.16,6016,USD,US,US,Windows,Ecommerce,False,False,stripe,2025-12-22
MX-100001833,Maximor Demo Corp,CUST-004,Brightline Media,GlobalCard,2025,9,39,357,False,67.29,6729,USD,US,US,MacOS,Ecommerce,False,False,stripe,2025-12-23
MX-100001834,Maximor Demo Corp,CUST-005,Quiet Harbor,Amex,2025,10,42,358,False,74.42,7442,USD,US,US,iOS,Ecommerce,False,False,stripe,2025-12-24
MX-100001835,Maximor Demo Corp,CUST-006,Pinnacle Retail,Visa,2025,11,45,359,False,81.55,8155,USD,US,US,Android,Ecommerce,False,False,adyen,2025-12-25
MX-100001836,Maximor Demo Corp,CUST-007,Atlas Robotics,Mastercard,2025,12,48,360,True,88.68,8868,USD,US,US,Windows,Ecommerce,False,False,stripe,2025-12-26
MX-100001837,Maximor Demo Corp,CUST-008,Lumen Labs,NexPay,2025,13,51,361,False,95.81,9581,USD,US,US,MacOS,Ecommerce,False,False,stripe,2025-12-27
MX-100001838,Maximor Demo Corp,CUST-009,Northstar LLC,GlobalCard,2025,14,54,362,False,102.94,10294,USD,US,US,iOS,Ecommerce,False,False,stripe,2025-12-28
MX-100001839,Maximor Demo Corp,CUST-010,Meridian Health,Amex,2025,15,57,363,False,110.07,11007,USD,US,US,Android,Ecommerce,False,False,stripe,2025-12-29
MX-100001840,Maximor Demo Corp,CUST-011,Beacon Biotech,Visa,2025,16,0,364,False,117.2,11720,USD,US,US,Windows,Ecommerce,False,False,adyen,2025-12-30
MX-100001841,Maximor Demo Corp,CUST-012,Copperline Logistics,Mastercard,2025,17,3,365,False,124.33,12433,USD,US,US,MacOS,Ecommerce,False,False,stripe,2025-12-31
MX-100001842,Maximor Demo Corp,CUST-013,Summit Civic,NexPay,2026,18,6,1,False,131.46,13146,USD,US,US,iOS,Ecommerce,False,False,stripe,2026-01-01
MX-100001843,Maximor Demo Corp,CUST-014,Redwood Clinics,GlobalCard,2026,19,9,2,False,138.59,13859,USD,US,US,Android,Ecommerce,False,False,stripe,2026-01-02
MX-100001844,Maximor Demo Corp,CUST-015,Ironclad Software,Amex,2026,20,12,3,False,145.72,14572,USD,US,US,Windows,Ecommerce,False,False,stripe,2026-01-03
MX-100001845,Maximor Demo Corp,CUST-001,Northwind Labs,Visa,2026,21,15,4,False,152.85,15285,USD,US,US,MacOS,Ecommerce,False,False,adyen,2026-01-04
MX-100001846,Maximor Demo Corp,CUST-002,Helios Analytics,Mastercard,2026,22,18,5,False,159.98,15998,USD,US,US,iOS,Ecommerce,False,False,stripe,2026-01-05
MX-100001847,Maximor Demo Corp,CUST-003,Acme Industrial,NexPay,2026,23,21,6,False,167.11,16711,USD,US,US,Android,Ecommerce,False,False,stripe,2026-01-06
MX-100001848,Maximor Demo Corp,CUST-004,Brightline Media,GlobalCard,2026,0,24,7,False,174.24,17424,USD,US,US,Windows,Ecommerce,False,False,stripe,2026-01-07
MX-100001849,Maximor Demo Corp,CUST-005,Quiet Harbor,Amex,2026,1,27,8,False,181.37,18137,USD,US,US,MacOS,Ecommerce,False,False,stripe,2026-01-08
MX-100001850,Maximor Demo Corp,CUST-006,Pinnacle Retail,Visa,2026,2,30,9,False,188.5,18850,USD,US,US,iOS,Ecommerce,False,False,adyen,2026-01-09
MX-100001851,Maximor Demo Corp,CUST-007,Atlas Robotics,Mastercard,2026,3,33,10,False,195.63,19563,USD,US,US,Android,Ecommerce,False,False,stripe,2026-01-10
MX-100001852,Maximor Demo Corp,CUST-008,Lumen Labs,NexPay,2026,4,36,11,False,202.76,20276,USD,US,US,Windows,Ecommerce,False,False,stripe,2026-01-11
MX-100001853,Maximor Demo Corp,CUST-009,Northstar LLC,GlobalCard,2026,5,39,12,True,209.89,20989,USD,US,US,MacOS,Ecommerce,False,False,stripe,2026-01-12
MX-100001854,Maximor Demo Corp,CUST-010,Meridian Health,Amex,2026,6,42,13,False,217.02,21702,USD,US,US,iOS,Ecommerce,False,False,stripe,2026-01-13
MX-100001855,Maximor Demo Corp,CUST-011,Beacon Biotech,Visa,2026,7,45,14,False,224.15,22415,USD,US,US,Android,Ecommerce,False,False,adyen,2026-01-14
MX-100001856,Maximor Demo Corp,CUST-012,Copperline Logistics,Mastercard,2026,8,48,15,False,231.28,23128,USD,US,US,Windows,Ecommerce,False,False,stripe,2026-01-15
MX-100001857,Maximor Demo Corp,CUST-013,Summit Civic,NexPay,2026,9,51,16,False,238.41,23841,USD,US,US,MacOS,Ecommerce,False,False,stripe,2026-01-16
MX-100001858,Maximor Demo Corp,CUST-014,Redwood Clinics,GlobalCard,2026,10,54,17,False,245.54,24554,USD,US,US,iOS,Ecommerce,False,False,stripe,2026-01-17
MX-100001859,Maximor Demo Corp,CUST-015,Ironclad Software,Amex,2026,11,57,18,False,252.67,25267,USD,US,US,Android,Ecommerce,False,False,stripe,2026-01-18
MX-100001860,Maximor Demo Corp,CUST-001,Northwind Labs,Visa,2026,12,0,19,False,259.8,25980,USD,US,US,Windows,Ecommerce,False,False,adyen,2026-01-19
MX-100001861,Maximor Demo Corp,CUST-002,Helios Analytics,Mastercard,2026,13,3,20,False,266.93,26693,USD,US,US,MacOS,Ecommerce,False,False,stripe,2026-01-20
MX-100001862,Maximor Demo Corp,CUST-003,Acme Industrial,NexPay,2026,14,6,21,False,274.06,27406,USD,US,US,iOS,Ecommerce,False,False,stripe,2026-01-21
MX-100001863,Maximor Demo Corp,CUST-004,Brightline Media,GlobalCard,2026,15,9,22,False,281.19,28119,USD,US,US,Android,Ecommerce,False,False,stripe,2026-01-22
MX-100001864,Maximor Demo Corp,CUST-005,Quiet Harbor,Amex,2026,16,12,23,False,288.32,28832,USD,US,US,Windows,Ecommerce,False,False,stripe,2026-01-23
MX-100001865,Maximor Demo Corp,CUST-006,Pinnacle Retail,Visa,2026,17,15,24,False,295.45,29545,USD,US,US,MacOS,Ecommerce,False,False,adyen,2026-01-24
MX-100001866,Maximor Demo Corp,CUST-007,Atlas Robotics,Mastercard,2026,18,18,25,False,302.58,30258,USD,US,US,iOS,Ecommerce,False,False,stripe,2026-01-25
MX-100001867,Maximor Demo Corp,CUST-008,Lumen Labs,NexPay,2026,19,21,26,False,309.71,30971,USD,US,US,Android,Ecommerce,False,False,stripe,2026-01-26
MX-100001868,Maximor Demo Corp,CUST-009,Northstar LLC,GlobalCard,2026,20,24,27,False,316.84,31684,USD,US,US,Windows,Ecommerce,False,False,stripe,2026-01-27
MX-100001869,Maximor Demo Corp,CUST-010,Meridian Health,Amex,2026,21,27,28,False,323.97,32397,USD,US,US,MacOS,Ecommerce,False,False,stripe,2026-01-28
MX-100001870,Maximor Demo Corp,CUST-011,Beacon Biotech,Visa,2026,22,30,29,True,331.1,33110,USD,US,US,iOS,Ecommerce,False,False,adyen,2026-01-29
MX-100001871,Maximor Demo Corp,CUST-012,Copperline Logistics,Mastercard,2026,23,33,30,False,338.23,33823,USD,US,US,Android,Ecommerce,False,False,stripe,2026-01-30
MX-100001872,Maximor Demo Corp,CUST-013,Summit Civic,NexPay,2026,0,36,31,False,345.36,34536,USD,US,US,Windows,Ecommerce,False,False,stripe,2026-01-31
MX-100001873,Maximor Demo Corp,CUST-014,Redwood Clinics,GlobalCard,2026,1,39,32,False,352.49,35249,USD,US,US,MacOS,Ecommerce,False,False,stripe,2026-02-01
MX-100001874,Maximor Demo Corp,CUST-015,Ironclad Software,Amex,2026,2,42,33,False,359.62,35962,USD,US,US,iOS,Ecommerce,False,False,stripe,2026-02-02
MX-100001875,Maximor Demo Corp,CUST-001,Northwind Labs,Visa,2026,3,45,34,False,366.75,36675,USD,US,US,Android,Ecommerce,False,False,adyen,2026-02-03
MX-100001876,Maximor Demo Corp,CUST-002,Helios Analytics,Mastercard,2026,4,48,35,False,373.88,37388,USD,US,US,Windows,Ecommerce,False,False,stripe,2026-02-04
MX-100001877,Maximor Demo Corp,CUST-003,Acme Industrial,NexPay,2026,5,51,36,False,381.01,38101,USD,US,US,MacOS,Ecommerce,False,False,stripe,2026-02-05
MX-100001878,Maximor Demo Corp,CUST-004,Brightline Media,GlobalCard,2026,6,54,37,False,388.14,38814,USD,US,US,iOS,Ecommerce,False,False,stripe,2026-02-06
MX-100001879,Maximor Demo Corp,CUST-005,Quiet Harbor,Amex,2026,7,57,38,False,395.27,39527,USD,US,US,Android,Ecommerce,False,False,stripe,2026-02-07
MX-100001880,Maximor Demo Corp,CUST-006,Pinnacle Retail,Visa,2026,8,0,39,False,402.4,40240,USD,US,US,Windows,Ecommerce,False,False,adyen,2026-02-08
MX-100001881,Maximor Demo Corp,CUST-007,Atlas Robotics,Mastercard,2026,9,3,40,False,409.53,40953,USD,US,US,MacOS,Ecommerce,False,False,stripe,2026-02-09
MX-100001882,Maximor Demo Corp,CUST-008,Lumen Labs,NexPay,2026,10,6,41,False,416.66,41666,USD,US,US,iOS,Ecommerce,False,False,stripe,2026-02-10
MX-100001883,Maximor Demo Corp,CUST-009,Northstar LLC,GlobalCard,2026,11,9,42,False,423.79,42379,USD,US,US,Android,Ecommerce,False,False,stripe,2026-02-11
MX-100001884,Maximor Demo Corp,CUST-010,Meridian Health,Amex,2026,12,12,43,False,430.92,43092,USD,US,US,Windows,Ecommerce,False,False,stripe,2026-02-12
MX-100001885,Maximor Demo Corp,CUST-011,Beacon Biotech,Visa,2026,13,15,44,False,18.05,1805,USD,US,US,MacOS,Ecommerce,False,False,adyen,2026-02-13
MX-100001886,Maximor Demo Corp,CUST-012,Copperline Logistics,Mastercard,2026,14,18,45,False,25.18,2518,USD,US,US,iOS,Ecommerce,False,False,stripe,2026-02-14
MX-100001887,Maximor Demo Corp,CUST-013,Summit Civic,NexPay,2026,15,21,46,True,32.31,3231,USD,US,US,Android,Ecommerce,False,False,stripe,2026-02-15
MX-100001888,Maximor Demo Corp,CUST-014,Redwood Clinics,GlobalCard,2026,16,24,47,False,39.44,3944,USD,US,US,Windows,Ecommerce,False,False,stripe,2026-02-16
MX-100001889,Maximor Demo Corp,CUST-015,Ironclad Software,Amex,2026,17,27,48,False,46.57,4657,USD,US,US,MacOS,Ecommerce,False,False,stripe,2026-02-17
MX-100001890,Maximor Demo Corp,CUST-001,Northwind Labs,Visa,2026,18,30,49,False,53.7,5370,USD,US,US,iOS,Ecommerce,False,False,adyen,2026-02-18
MX-100001891,Maximor Demo Corp,CUST-002,Helios Analytics,Mastercard,2026,19,33,50,False,60.83,6083,USD,US,US,Android,Ecommerce,False,False,stripe,2026-02-19
MX-100001892,Maximor Demo Corp,CUST-003,Acme Industrial,NexPay,2026,20,36,51,False,67.96,6796,USD,US,US,Windows,Ecommerce,False,False,stripe,2026-02-20
MX-100001893,Maximor Demo Corp,CUST-004,Brightline Media,GlobalCard,2026,21,39,52,False,75.09,7509,USD,US,US,MacOS,Ecommerce,False,False,stripe,2026-02-21
MX-100001894,Maximor Demo Corp,CUST-005,Quiet Harbor,Amex,2026,22,42,53,False,82.22,8222,USD,US,US,iOS,Ecommerce,False,False,stripe,2026-02-22
MX-100001895,Maximor Demo Corp,CUST-006,Pinnacle Retail,Visa,2026,23,45,54,False,89.35,8935,USD,US,US,Android,Ecommerce,False,False,adyen,2026-02-23
MX-100001896,Maximor Demo Corp,CUST-007,Atlas Robotics,Mastercard,2026,0,48,55,False,96.48,9648,USD,US,US,Windows,Ecommerce,False,False,stripe,2026-02-24
MX-100001897,Maximor Demo Corp,CUST-008,Lumen Labs,NexPay,2026,1,51,56,False,103.61,10361,USD,US,US,MacOS,Ecommerce,False,False,stripe,2026-02-25
MX-100001898,Maximor Demo Corp,CUST-009,Northstar LLC,GlobalCard,2026,2,54,57,False,110.74,11074,USD,US,US,iOS,Ecommerce,False,False,stripe,2026-02-26
MX-100001899,Maximor Demo Corp,CUST-010,Meridian Health,Amex,2026,3,57,58,False,117.87,11787,USD,US,US,Android,Ecommerce,False,False,stripe,2026-02-27
MX-100001900,Maximor Demo Corp,CUST-011,Beacon Biotech,Visa,2026,4,0,59,False,125.0,12500,USD,US,US,Windows,Ecommerce,False,False,adyen,2026-02-28
MX-100001901,Maximor Demo Corp,CUST-012,Copperline Logistics,Mastercard,2026,5,3,60,False,132.13,13213,USD,US,US,MacOS,Ecommerce,False,False,stripe,2026-03-01
MX-100001902,Maximor Demo Corp,CUST-013,Summit Civic,NexPay,2026,6,6,61,False,139.26,13926,USD,US,US,iOS,Ecommerce,False,False,stripe,2026-03-02
MX-100001903,Maximor Demo Corp,CUST-014,Redwood Clinics,GlobalCard,2026,7,9,62,False,146.39,14639,USD,US,US,Android,Ecommerce,False,False,stripe,2026-03-03
MX-100001904,Maximor Demo Corp,CUST-015,Ironclad Software,Amex,2026,8,12,63,True,153.52,15352,USD,US,US,Windows,Ecommerce,False,False,stripe,2026-03-04
MX-100001905,Maximor Demo Corp,CUST-001,Northwind Labs,Visa,2026,9,15,64,False,160.65,16065,USD,US,US,MacOS,Ecommerce,False,False,adyen,2026-03-05
MX-100001906,Maximor Demo Corp,CUST-002,Helios Analytics,Mastercard,2026,10,18,65,False,167.78,16778,USD,US,US,iOS,Ecommerce,False,False,stripe,2026-03-06
MX-100001907,Maximor Demo Corp,CUST-003,Acme Industrial,NexPay,2026,11,21,66,False,174.91,17491,USD,US,US,Android,Ecommerce,False,False,stripe,2026-03-07
MX-100001908,Maximor Demo Corp,CUST-004,Brightline Media,GlobalCard,2026,12,24,67,False,182.04,18204,USD,US,US,Windows,Ecommerce,False,False,stripe,2026-03-08
MX-100001909,Maximor Demo Corp,CUST-005,Quiet Harbor,Amex,2026,13,27,68,False,189.17,18917,USD,US,US,MacOS,Ecommerce,False,False,stripe,2026-03-09
MX-100001910,Maximor Demo Corp,CUST-006,Pinnacle Retail,Visa,2026,14,30,69,False,196.3,19630,USD,US,US,iOS,Ecommerce,False,False,adyen,2026-03-10
MX-100001911,Maximor Demo Corp,CUST-007,Atlas Robotics,Mastercard,2026,15,33,70,False,203.43,20343,USD,US,US,Android,Ecommerce,False,False,stripe,2026-03-11
MX-100001912,Maximor Demo Corp,CUST-008,Lumen Labs,NexPay,2026,16,36,71,False,210.56,21056,USD,US,US,Windows,Ecommerce,False,False,stripe,2026-03-12
MX-100001913,Maximor Demo Corp,CUST-009,Northstar LLC,GlobalCard,2026,17,39,72,False,217.69,21769,USD,US,US,MacOS,Ecommerce,False,False,stripe,2026-03-13
MX-100001914,Maximor Demo Corp,CUST-010,Meridian Health,Amex,2026,18,42,73,False,224.82,22482,USD,US,US,iOS,Ecommerce,False,False,stripe,2026-03-14
MX-100001915,Maximor Demo Corp,CUST-011,Beacon Biotech,Visa,2026,19,45,74,False,231.95,23195,USD,US,US,Android,Ecommerce,False,False,adyen,2026-03-15
MX-100001916,Maximor Demo Corp,CUST-012,Copperline Logistics,Mastercard,2026,20,48,75,False,239.08,23908,USD,US,US,Windows,Ecommerce,False,False,stripe,2026-03-16
MX-100001917,Maximor Demo Corp,CUST-013,Summit Civic,NexPay,2026,21,51,76,False,246.21,24621,USD,US,US,MacOS,Ecommerce,False,False,stripe,2026-03-17
MX-100001918,Maximor Demo Corp,CUST-014,Redwood Clinics,GlobalCard,2026,22,54,77,False,253.34,25334,USD,US,US,iOS,Ecommerce,False,False,stripe,2026-03-18
MX-100001919,Maximor Demo Corp,CUST-015,Ironclad Software,Amex,2026,23,57,78,False,260.47,26047,USD,US,US,Android,Ecommerce,False,False,stripe,2026-03-19
MX-100001920,Maximor Demo Corp,CUST-001,Northwind Labs,Visa,2026,0,0,79,False,267.6,26760,USD,US,US,Windows,Ecommerce,False,False,adyen,2026-03-20
MX-100001921,Maximor Demo Corp,CUST-002,Helios Analytics,Mastercard,2026,1,3,80,True,274.73,27473,USD,US,US,MacOS,Ecommerce,False,False,stripe,2026-03-21
MX-100001922,Maximor Demo Corp,CUST-003,Acme Industrial,NexPay,2026,2,6,81,False,281.86,28186,USD,US,US,iOS,Ecommerce,False,False,stripe,2026-03-22
MX-100001923,Maximor Demo Corp,CUST-004,Brightline Media,GlobalCard,2026,3,9,82,False,288.99,28899,USD,US,US,Android,Ecommerce,False,False,stripe,2026-03-23
MX-100001924,Maximor Demo Corp,CUST-005,Quiet Harbor,Amex,2026,4,12,83,False,296.12,29612,USD,US,US,Windows,Ecommerce,False,False,stripe,2026-03-24
MX-100001925,Maximor Demo Corp,CUST-006,Pinnacle Retail,Visa,2026,5,15,84,False,303.25,30325,USD,US,US,MacOS,Ecommerce,False,False,adyen,2026-03-25
MX-100001926,Maximor Demo Corp,CUST-007,Atlas Robotics,Mastercard,2026,6,18,85,False,310.38,31038,USD,US,US,iOS,Ecommerce,False,False,stripe,2026-03-26
MX-100001927,Maximor Demo Corp,CUST-008,Lumen Labs,NexPay,2026,7,21,86,False,317.51,31751,USD,US,US,Android,Ecommerce,False,False,stripe,2026-03-27
MX-100001928,Maximor Demo Corp,CUST-009,Northstar LLC,GlobalCard,2026,8,24,87,False,324.64,32464,USD,US,US,Windows,Ecommerce,False,False,stripe,2026-03-28
MX-100001929,Maximor Demo Corp,CUST-010,Meridian Health,Amex,2026,9,27,88,False,331.77,33177,USD,US,US,MacOS,Ecommerce,False,False,stripe,2026-03-29
MX-100001930,Maximor Demo Corp,CUST-011,Beacon Biotech,Visa,2026,10,30,89,False,338.9,33890,USD,US,US,iOS,Ecommerce,False,False,adyen,2026-03-30
MX-100001931,Maximor Demo Corp,CUST-012,Copperline Logistics,Mastercard,2026,11,33,90,False,346.03,34603,USD,US,US,Android,Ecommerce,False,False,stripe,2026-03-31
MX-100001932,Maximor Demo Corp,CUST-013,Summit Civic,NexPay,2026,12,36,91,False,353.16,35316,USD,US,US,Windows,Ecommerce,False,False,stripe,2026-04-01
MX-100001933,Maximor Demo Corp,CUST-014,Redwood Clinics,GlobalCard,2026,13,39,92,False,360.29,36029,USD,US,US,MacOS,Ecommerce,False,False,stripe,2026-04-02
MX-100001934,Maximor Demo Corp,CUST-015,Ironclad Software,Amex,2026,14,42,93,False,367.42,36742,USD,US,US,iOS,Ecommerce,False,False,stripe,2026-04-03
MX-100001935,Maximor Demo Corp,CUST-001,Northwind Labs,Visa,2026,15,45,94,False,374.55,37455,USD,US,US,Android,Ecommerce,False,False,adyen,2026-04-04
MX-100001936,Maximor Demo Corp,CUST-002,Helios Analytics,Mastercard,2026,16,48,95,False,381.68,38168,USD,US,US,Windows,Ecommerce,False,False,stripe,2026-04-05
MX-100001937,Maximor Demo Corp,CUST-003,Acme Industrial,NexPay,2026,17,51,96,False,388.81,38881,USD,US,US,MacOS,Ecommerce,False,False,stripe,2026-04-06
MX-100001938,Maximor Demo Corp,CUST-004,Brightline Media,GlobalCard,2026,18,54,97,True,395.94,39594,USD,US,US,iOS,Ecommerce,False,False,stripe,2026-04-07
MX-100001939,Maximor Demo Corp,CUST-005,Quiet Harbor,Amex,2026,19,57,98,False,403.07,40307,USD,US,US,Android,Ecommerce,False,False,stripe,2026-04-08
MX-100001940,Maximor Demo Corp,CUST-006,Pinnacle Retail,Visa,2026,20,0,99,False,410.2,41020,USD,US,US,Windows,Ecommerce,False,False,adyen,2026-04-09
MX-100001941,Maximor Demo Corp,CUST-007,Atlas Robotics,Mastercard,2026,21,3,100,False,417.33,41733,USD,US,US,MacOS,Ecommerce,False,False,stripe,2026-04-10
MX-100001942,Maximor Demo Corp,CUST-008,Lumen Labs,NexPay,2026,22,6,101,False,424.46,42446,USD,US,US,iOS,Ecommerce,False,False,stripe,2026-04-11
MX-100001943,Maximor Demo Corp,CUST-009,Northstar LLC,GlobalCard,2026,23,9,102,False,431.59,43159,USD,US,US,Android,Ecommerce,False,False,stripe,2026-04-12
MX-100001944,Maximor Demo Corp,CUST-010,Meridian Health,Amex,2026,0,12,103,False,18.72,1872,USD,US,US,Windows,Ecommerce,False,False,stripe,2026-04-13
MX-100001945,Maximor Demo Corp,CUST-011,Beacon Biotech,Visa,2026,1,15,104,False,25.85,2585,USD,US,US,MacOS,Ecommerce,False,False,adyen,2026-04-14
MX-100001946,Maximor Demo Corp,CUST-012,Copperline Logistics,Mastercard,2026,2,18,105,False,32.98,3298,USD,US,US,iOS,Ecommerce,False,False,stripe,2026-04-15
MX-100001947,Maximor Demo Corp,CUST-013,Summit Civic,NexPay,2026,3,21,106,False,40.11,4011,USD,US,US,Android,Ecommerce,False,False,stripe,2026-04-16
MX-100001948,Maximor Demo Corp,CUST-014,Redwood Clinics,GlobalCard,2026,4,24,107,False,47.24,4724,USD,US,US,Windows,Ecommerce,False,False,stripe,2026-04-17
MX-100001949,Maximor Demo Corp,CUST-015,Ironclad Software,Amex,2026,5,27,108,False,54.37,5437,USD,US,US,MacOS,Ecommerce,False,False,stripe,2026-04-18
MX-100001950,Maximor Demo Corp,CUST-001,Northwind Labs,Visa,2026,6,30,109,False,61.5,6150,USD,US,US,iOS,Ecommerce,False,False,adyen,2026-04-19
MX-100001951,Maximor Demo Corp,CUST-002,Helios Analytics,Mastercard,2026,7,33,110,False,68.63,6863,USD,US,US,Android,Ecommerce,False,False,stripe,2026-04-20
MX-100001952,Maximor Demo Corp,CUST-003,Acme Industrial,NexPay,2026,8,36,111,False,75.76,7576,USD,US,US,Windows,Ecommerce,False,False,stripe,2026-04-21
MX-100001953,Maximor Demo Corp,CUST-004,Brightline Media,GlobalCard,2026,9,39,112,False,82.89,8289,USD,US,US,MacOS,Ecommerce,False,False,stripe,2026-04-22
MX-100001954,Maximor Demo Corp,CUST-005,Quiet Harbor,Amex,2026,10,42,113,False,90.02,9002,USD,US,US,iOS,Ecommerce,False,False,stripe,2026-04-23
MX-100001955,Maximor Demo Corp,CUST-006,Pinnacle Retail,Visa,2026,11,45,114,True,97.15,9715,USD,US,US,Android,Ecommerce,False,False,adyen,2026-04-24
MX-100001956,Maximor Demo Corp,CUST-007,Atlas Robotics,Mastercard,2026,12,48,115,False,104.28,10428,USD,US,US,Windows,Ecommerce,False,False,stripe,2026-04-25
MX-100001957,Maximor Demo Corp,CUST-008,Lumen Labs,NexPay,2026,13,51,116,False,111.41,11141,USD,US,US,MacOS,Ecommerce,False,False,stripe,2026-04-26
MX-100001958,Maximor Demo Corp,CUST-009,Northstar LLC,GlobalCard,2026,14,54,117,False,118.54,11854,USD,US,US,iOS,Ecommerce,False,False,stripe,2026-04-27
MX-100001959,Maximor Demo Corp,CUST-010,Meridian Health,Amex,2026,15,57,118,False,125.67,12567,USD,US,US,Android,Ecommerce,False,False,stripe,2026-04-28
MX-100001960,Maximor Demo Corp,CUST-011,Beacon Biotech,Visa,2026,16,0,119,False,132.8,13280,USD,US,US,Windows,Ecommerce,False,False,adyen,2026-04-29
MX-100001961,Maximor Demo Corp,CUST-012,Copperline Logistics,Mastercard,2026,17,3,120,False,139.93,13993,USD,US,US,MacOS,Ecommerce,False,False,stripe,2026-04-30
MX-100001962,Maximor Demo Corp,CUST-013,Summit Civic,NexPay,2026,18,6,121,False,147.06,14706,USD,US,US,iOS,Ecommerce,False,False,stripe,2026-05-01
MX-100001963,Maximor Demo Corp,CUST-014,Redwood Clinics,GlobalCard,2026,19,9,122,False,154.19,15419,USD,US,US,Android,Ecommerce,False,False,stripe,2026-05-02
MX-100001964,Maximor Demo Corp,CUST-015,Ironclad Software,Amex,2026,20,12,123,False,161.32,16132,USD,US,US,Windows,Ecommerce,False,False,stripe,2026-05-03
MX-100001965,Maximor Demo Corp,CUST-001,Northwind Labs,Visa,2026,21,15,124,False,168.45,16845,USD,US,US,MacOS,Ecommerce,False,False,adyen,2026-05-04
MX-100001966,Maximor Demo Corp,CUST-002,Helios Analytics,Mastercard,2026,22,18,125,False,175.58,17558,USD,US,US,iOS,Ecommerce,False,False,stripe,2026-05-05
MX-100001967,Maximor Demo Corp,CUST-003,Acme Industrial,NexPay,2026,23,21,126,False,182.71,18271,USD,US,US,Android,Ecommerce,False,False,stripe,2026-05-06
MX-100001968,Maximor Demo Corp,CUST-004,Brightline Media,GlobalCard,2026,0,24,127,False,189.84,18984,USD,US,US,Windows,Ecommerce,False,False,stripe,2026-05-07
MX-100001969,Maximor Demo Corp,CUST-005,Quiet Harbor,Amex,2026,1,27,128,False,196.97,19697,USD,US,US,MacOS,Ecommerce,False,False,stripe,2026-05-08
MX-100001970,Maximor Demo Corp,CUST-006,Pinnacle Retail,Visa,2026,2,30,129,False,204.1,20410,USD,US,US,iOS,Ecommerce,False,False,adyen,2026-05-09
MX-100001971,Maximor Demo Corp,CUST-007,Atlas Robotics,Mastercard,2026,3,33,130,False,211.23,21123,USD,US,US,Android,Ecommerce,False,False,stripe,2026-05-10
MX-100001972,Maximor Demo Corp,CUST-008,Lumen Labs,NexPay,2026,4,36,131,True,218.36,21836,USD,US,US,Windows,Ecommerce,False,False,stripe,2026-05-11
MX-100001973,Maximor Demo Corp,CUST-009,Northstar LLC,GlobalCard,2026,5,39,132,False,225.49,22549,USD,US,US,MacOS,Ecommerce,False,False,stripe,2026-05-12
MX-100001974,Maximor Demo Corp,CUST-010,Meridian Health,Amex,2026,6,42,133,False,232.62,23262,USD,US,US,iOS,Ecommerce,False,False,stripe,2026-05-13
MX-100001975,Maximor Demo Corp,CUST-011,Beacon Biotech,Visa,2026,7,45,134,False,239.75,23975,USD,US,US,Android,Ecommerce,False,False,adyen,2026-05-14
MX-100001976,Maximor Demo Corp,CUST-012,Copperline Logistics,Mastercard,2026,8,48,135,False,246.88,24688,USD,US,US,Windows,Ecommerce,False,False,stripe,2026-05-15
MX-100001977,Maximor Demo Corp,CUST-013,Summit Civic,NexPay,2026,9,51,136,False,254.01,25401,USD,US,US,MacOS,Ecommerce,False,False,stripe,2026-05-16
MX-100001978,Maximor Demo Corp,CUST-014,Redwood Clinics,GlobalCard,2026,10,54,137,False,261.14,26114,USD,US,US,iOS,Ecommerce,False,False,stripe,2026-05-17
MX-100001979,Maximor Demo Corp,CUST-015,Ironclad Software,Amex,2026,11,57,138,False,268.27,26827,USD,US,US,Android,Ecommerce,False,False,stripe,2026-05-18
MX-100001980,Maximor Demo Corp,CUST-001,Northwind Labs,Visa,2026,12,0,139,False,275.4,27540,USD,US,US,Windows,Ecommerce,False,False,adyen,2026-05-19
MX-100001981,Maximor Demo Corp,CUST-002,Helios Analytics,Mastercard,2026,13,3,140,False,282.53,28253,USD,US,US,MacOS,Ecommerce,False,False,stripe,2026-05-20
MX-100001982,Maximor Demo Corp,CUST-003,Acme Industrial,NexPay,2026,14,6,141,False,289.66,28966,USD,US,US,iOS,Ecommerce,False,False,stripe,2026-05-21
MX-100001983,Maximor Demo Corp,CUST-004,Brightline Media,GlobalCard,2026,15,9,142,False,296.79,29679,USD,US,US,Android,Ecommerce,False,False,stripe,2026-05-22
MX-100001984,Maximor Demo Corp,CUST-005,Quiet Harbor,Amex,2026,16,12,143,False,303.92,30392,USD,US,US,Windows,Ecommerce,False,False,stripe,2026-05-23
MX-100001985,Maximor Demo Corp,CUST-006,Pinnacle Retail,Visa,2026,17,15,144,False,311.05,31105,USD,US,US,MacOS,Ecommerce,False,False,adyen,2026-05-24
MX-100001986,Maximor Demo Corp,CUST-007,Atlas Robotics,Mastercard,2026,18,18,145,False,318.18,31818,USD,US,US,iOS,Ecommerce,False,False,stripe,2026-05-25
MX-100001987,Maximor Demo Corp,CUST-008,Lumen Labs,NexPay,2026,19,21,146,False,325.31,32531,USD,US,US,Android,Ecommerce,False,False,stripe,2026-05-26
MX-100001988,Maximor Demo Corp,CUST-009,Northstar LLC,GlobalCard,2026,20,24,147,False,332.44,33244,USD,US,US,Windows,Ecommerce,False,False,stripe,2026-05-27
MX-100001989,Maximor Demo Corp,CUST-010,Meridian Health,Amex,2026,21,27,148,True,339.57,33957,USD,US,US,MacOS,Ecommerce,False,False,stripe,2026-05-28
MX-100001990,Maximor Demo Corp,CUST-011,Beacon Biotech,Visa,2026,22,30,149,False,346.7,34670,USD,US,US,iOS,Ecommerce,False,False,adyen,2026-05-29
MX-100001991,Maximor Demo Corp,CUST-012,Copperline Logistics,Mastercard,2026,23,33,150,False,353.83,35383,USD,US,US,Android,Ecommerce,False,False,stripe,2026-05-30
MX-100001992,Maximor Demo Corp,CUST-013,Summit Civic,NexPay,2026,0,36,151,False,360.96,36096,USD,US,US,Windows,Ecommerce,False,False,stripe,2026-05-31
MX-100001993,Maximor Demo Corp,CUST-014,Redwood Clinics,GlobalCard,2026,1,39,152,False,368.09,36809,USD,US,US,MacOS,Ecommerce,False,False,stripe,2026-06-01
MX-100001994,Maximor Demo Corp,CUST-015,Ironclad Software,Amex,2026,2,42,153,False,375.22,37522,USD,US,US,iOS,Ecommerce,False,False,stripe,2026-06-02
MX-100001995,Maximor Demo Corp,CUST-001,Northwind Labs,Visa,2026,3,45,154,False,382.35,38235,USD,US,US,Android,Ecommerce,False,False,adyen,2026-06-03
MX-100001996,Maximor Demo Corp,CUST-002,Helios Analytics,Mastercard,2026,4,48,155,False,389.48,38948,USD,US,US,Windows,Ecommerce,False,False,stripe,2026-06-04
MX-100001997,Maximor Demo Corp,CUST-003,Acme Industrial,NexPay,2026,5,51,156,False,396.61,39661,USD,US,US,MacOS,Ecommerce,False,False,stripe,2026-06-05
MX-100001998,Maximor Demo Corp,CUST-004,Brightline Media,GlobalCard,2026,6,54,157,False,403.74,40374,USD,US,US,iOS,Ecommerce,False,False,stripe,2026-06-06
MX-100001999,Maximor Demo Corp,CUST-005,Quiet Harbor,Amex,2026,7,57,158,False,410.87,41087,USD,US,US,Android,Ecommerce,False,False,stripe,2026-06-07
MX-100002000,Maximor Demo Corp,CUST-006,Pinnacle Retail,Visa,2026,8,0,159,False,418.0,41800,USD,US,US,Windows,Ecommerce,False,False,adyen,2026-06-08
MX-100002001,Maximor Demo Corp,CUST-007,Atlas Robotics,Mastercard,2026,9,3,160,False,425.13,42513,USD,US,US,MacOS,Ecommerce,False,False,stripe,2026-06-09
MX-100002002,Maximor Demo Corp,CUST-008,Lumen Labs,NexPay,2026,10,6,161,False,432.26,43226,USD,US,US,iOS,Ecommerce,False,False,stripe,2026-06-10
MX-100002003,Maximor Demo Corp,CUST-009,Northstar LLC,GlobalCard,2026,11,9,162,False,19.39,1939,USD,US,US,Android,Ecommerce,False,False,stripe,2026-06-11
MX-100002004,Maximor Demo Corp,CUST-010,Meridian Health,Amex,2026,12,12,163,False,26.52,2652,USD,US,US,Windows,Ecommerce,False,False,stripe,2026-06-12
MX-100002005,Maximor Demo Corp,CUST-011,Beacon Biotech,Visa,2026,13,15,164,False,33.65,3365,USD,US,US,MacOS,Ecommerce,False,False,adyen,2026-06-13
MX-100002006,Maximor Demo Corp,CUST-012,Copperline Logistics,Mastercard,2026,14,18,165,True,40.78,4078,USD,US,US,iOS,Ecommerce,False,False,stripe,2026-06-14
MX-100002007,Maximor Demo Corp,CUST-013,Summit Civic,NexPay,2026,15,21,166,False,47.91,4791,USD,US,US,Android,Ecommerce,False,False,stripe,2026-06-15
MX-100002008,Maximor Demo Corp,CUST-014,Redwood Clinics,GlobalCard,2026,16,24,167,False,55.04,5504,USD,US,US,Windows,Ecommerce,False,False,stripe,2026-06-16
MX-100002009,Maximor Demo Corp,CUST-015,Ironclad Software,Amex,2026,17,27,168,False,62.17,6217,USD,US,US,MacOS,Ecommerce,False,False,stripe,2026-06-17
MX-100002010,Maximor Demo Corp,CUST-001,Northwind Labs,Visa,2026,18,30,169,False,69.3,6930,USD,US,US,iOS,Ecommerce,False,False,adyen,2026-06-18
MX-100002011,Maximor Demo Corp,CUST-002,Helios Analytics,Mastercard,2026,19,33,170,False,76.43,7643,USD,US,US,Android,Ecommerce,False,False,stripe,2026-06-19
MX-100002012,Maximor Demo Corp,CUST-003,Acme Industrial,NexPay,2026,20,36,171,False,83.56,8356,USD,US,US,Windows,Ecommerce,False,False,stripe,2026-06-20
MX-100002013,Maximor Demo Corp,CUST-004,Brightline Media,GlobalCard,2026,21,39,172,False,90.69,9069,USD,US,US,MacOS,Ecommerce,False,False,stripe,2026-06-21
MX-100002014,Maximor Demo Corp,CUST-005,Quiet Harbor,Amex,2026,22,42,173,False,97.82,9782,USD,US,US,iOS,Ecommerce,False,False,stripe,2026-06-22
MX-100002015,Maximor Demo Corp,CUST-006,Pinnacle Retail,Visa,2026,23,45,174,False,104.95,10495,USD,US,US,Android,Ecommerce,False,False,adyen,2026-06-23
MX-100002016,Maximor Demo Corp,CUST-007,Atlas Robotics,Mastercard,2026,0,48,175,False,112.08,11208,USD,US,US,Windows,Ecommerce,False,False,stripe,2026-06-24
MX-100002017,Maximor Demo Corp,CUST-008,Lumen Labs,NexPay,2026,1,51,176,False,119.21,11921,USD,US,US,MacOS,Ecommerce,False,False,stripe,2026-06-25
MX-100002018,Maximor Demo Corp,CUST-009,Northstar LLC,GlobalCard,2026,2,54,177,False,126.34,12634,USD,US,US,iOS,Ecommerce,False,False,stripe,2026-06-26
MX-100002019,Maximor Demo Corp,CUST-010,Meridian Health,Amex,2026,3,57,178,False,133.47,13347,USD,US,US,Android,Ecommerce,False,False,stripe,2026-06-27
MX-100002020,Maximor Demo Corp,CUST-011,Beacon Biotech,Visa,2026,4,0,179,False,140.6,14060,USD,US,US,Windows,Ecommerce,False,False,adyen,2026-06-28
MX-100002021,Maximor Demo Corp,CUST-012,Copperline Logistics,Mastercard,2026,5,3,180,False,147.73,14773,USD,US,US,MacOS,Ecommerce,False,False,stripe,2026-06-29
MX-100002022,Maximor Demo Corp,CUST-013,Summit Civic,NexPay,2026,6,6,181,False,154.86,15486,USD,US,US,iOS,Ecommerce,False,False,stripe,2026-06-30
MX-100002023,Maximor Demo Corp,CUST-014,Redwood Clinics,GlobalCard,2026,7,9,182,True,161.99,16199,USD,US,US,Android,Ecommerce,False,False,stripe,2026-07-01
MX-100002024,Maximor Demo Corp,CUST-015,Ironclad Software,Amex,2026,8,12,183,False,169.12,16912,USD,US,US,Windows,Ecommerce,False,False,stripe,2026-07-02
MX-100002025,Maximor Demo Corp,CUST-001,Northwind Labs,Visa,2026,9,15,184,False,176.25,17625,USD,US,US,MacOS,Ecommerce,False,False,adyen,2026-07-03
MX-100002026,Maximor Demo Corp,CUST-002,Helios Analytics,Mastercard,2026,10,18,185,False,183.38,18338,USD,US,US,iOS,Ecommerce,False,False,stripe,2026-07-04
MX-100002027,Maximor Demo Corp,CUST-003,Acme Industrial,NexPay,2026,11,21,186,False,190.51,19051,USD,US,US,Android,Ecommerce,False,False,stripe,2026-07-05
MX-100002028,Maximor Demo Corp,CUST-004,Brightline Media,GlobalCard,2026,12,24,187,False,197.64,19764,USD,US,US,Windows,Ecommerce,False,False,stripe,2026-07-06
MX-100002029,Maximor Demo Corp,CUST-005,Quiet Harbor,Amex,2026,13,27,188,False,204.77,20477,USD,US,US,MacOS,Ecommerce,False,False,stripe,2026-07-07
MX-100002030,Maximor Demo Corp,CUST-006,Pinnacle Retail,Visa,2026,14,30,189,False,211.9,21190,USD,US,US,iOS,Ecommerce,False,False,adyen,2026-07-08
MX-100002031,Maximor Demo Corp,CUST-007,Atlas Robotics,Mastercard,2026,15,33,190,False,219.03,21903,USD,US,US,Android,Ecommerce,False,False,stripe,2026-07-09
MX-100002032,Maximor Demo Corp,CUST-008,Lumen Labs,NexPay,2026,16,36,191,False,226.16,22616,USD,US,US,Windows,Ecommerce,False,False,stripe,2026-07-10
MX-100002033,Maximor Demo Corp,CUST-009,Northstar LLC,GlobalCard,2026,17,39,192,False,233.29,23329,USD,US,US,MacOS,Ecommerce,False,False,stripe,2026-07-11
MX-100002034,Maximor Demo Corp,CUST-010,Meridian Health,Amex,2026,18,42,193,False,240.42,24042,USD,US,US,iOS,Ecommerce,False,False,stripe,2026-07-12
MX-100002035,Maximor Demo Corp,CUST-011,Beacon Biotech,Visa,2026,19,45,194,False,247.55,24755,USD,US,US,Android,Ecommerce,False,False,adyen,2026-07-13
MX-100002036,Maximor Demo Corp,CUST-012,Copperline Logistics,Mastercard,2026,20,48,195,False,254.68,25468,USD,US,US,Windows,Ecommerce,False,False,stripe,2026-07-14
MX-100002037,Maximor Demo Corp,CUST-013,Summit Civic,NexPay,2026,21,51,196,False,261.81,26181,USD,US,US,MacOS,Ecommerce,False,False,stripe,2026-07-15
MX-100002038,Maximor Demo Corp,CUST-014,Redwood Clinics,GlobalCard,2026,22,54,197,False,268.94,26894,USD,US,US,iOS,Ecommerce,False,False,stripe,2026-07-16
MX-100002039,Maximor Demo Corp,CUST-015,Ironclad Software,Amex,2026,23,57,198,False,276.07,27607,USD,US,US,Android,Ecommerce,False,False,stripe,2026-07-17
MX-100002040,Maximor Demo Corp,CUST-001,Northwind Labs,Visa,2026,0,0,199,True,283.2,28320,USD,US,US,Windows,Ecommerce,False,False,adyen,2026-07-18
MX-100002041,Maximor Demo Corp,CUST-002,Helios Analytics,Mastercard,2026,1,3,200,False,290.33,29033,USD,US,US,MacOS,Ecommerce,False,False,stripe,2026-07-19
MX-100002042,Maximor Demo Corp,CUST-003,Acme Industrial,NexPay,2026,2,6,201,False,297.46,29746,USD,US,US,iOS,Ecommerce,False,False,stripe,2026-07-20
MX-100002043,Maximor Demo Corp,CUST-004,Brightline Media,GlobalCard,2026,3,9,202,False,304.59,30459,USD,US,US,Android,Ecommerce,False,False,stripe,2026-07-21
MX-100002044,Maximor Demo Corp,CUST-005,Quiet Harbor,Amex,2026,4,12,203,False,311.72,31172,USD,US,US,Windows,Ecommerce,False,False,stripe,2026-07-22
MX-100002045,Maximor Demo Corp,CUST-006,Pinnacle Retail,Visa,2026,5,15,204,False,318.85,31885,USD,US,US,MacOS,Ecommerce,False,False,adyen,2026-07-23
MX-100002046,Maximor Demo Corp,CUST-007,Atlas Robotics,Mastercard,2026,6,18,205,False,325.98,32598,USD,US,US,iOS,Ecommerce,False,False,stripe,2026-07-24
MX-100002047,Maximor Demo Corp,CUST-008,Lumen Labs,NexPay,2026,7,21,206,False,333.11,33311,USD,US,US,Android,Ecommerce,False,False,stripe,2026-07-25
MX-100002048,Maximor Demo Corp,CUST-009,Northstar LLC,GlobalCard,2026,8,24,207,False,340.24,34024,USD,US,US,Windows,Ecommerce,False,False,stripe,2026-07-26
MX-100002049,Maximor Demo Corp,CUST-010,Meridian Health,Amex,2026,9,27,208,False,347.37,34737,USD,US,US,MacOS,Ecommerce,False,False,stripe,2026-07-27
MX-100002050,Maximor Demo Corp,CUST-011,Beacon Biotech,Visa,2026,10,30,209,False,354.5,35450,USD,US,US,iOS,Ecommerce,False,False,adyen,2026-07-28
MX-100002051,Maximor Demo Corp,CUST-012,Copperline Logistics,Mastercard,2026,11,33,210,False,361.63,36163,USD,US,US,Android,Ecommerce,False,False,stripe,2026-07-29
MX-100002052,Maximor Demo Corp,CUST-013,Summit Civic,NexPay,2026,12,36,211,False,368.76,36876,USD,US,US,Windows,Ecommerce,False,False,stripe,2026-07-30
MX-100002053,Maximor Demo Corp,CUST-014,Redwood Clinics,GlobalCard,2026,13,39,212,False,375.89,37589,USD,US,US,MacOS,Ecommerce,False,False,stripe,2026-07-31
MX-100002054,Maximor Demo Corp,CUST-015,Ironclad Software,Amex,2026,14,42,213,False,383.02,38302,USD,US,US,iOS,Ecommerce,False,False,stripe,2026-08-01
MX-100002055,Maximor Demo Corp,CUST-001,Northwind Labs,Visa,2026,15,45,214,False,390.15,39015,USD,US,US,Android,Ecommerce,False,False,adyen,2026-08-02
MX-100002056,Maximor Demo Corp,CUST-002,Helios Analytics,Mastercard,2026,16,48,215,False,397.28,39728,USD,US,US,Windows,Ecommerce,False,False,stripe,2026-08-03
MX-100002057,Maximor Demo Corp,CUST-003,Acme Industrial,NexPay,2026,17,51,216,True,404.41,40441,USD,US,US,MacOS,Ecommerce,False,False,stripe,2026-08-04
MX-100002058,Maximor Demo Corp,CUST-004,Brightline Media,GlobalCard,2026,18,54,217,False,411.54,41154,USD,US,US,iOS,Ecommerce,False,False,stripe,2026-08-05
MX-100002059,Maximor Demo Corp,CUST-005,Quiet Harbor,Amex,2026,19,57,218,False,418.67,41867,USD,US,US,Android,Ecommerce,False,False,stripe,2026-08-06
MX-100002060,Maximor Demo Corp,CUST-006,Pinnacle Retail,Visa,2026,20,0,219,False,425.8,42580,USD,US,US,Windows,Ecommerce,False,False,adyen,2026-08-07
MX-100002061,Maximor Demo Corp,CUST-007,Atlas Robotics,Mastercard,2026,21,3,220,False,432.93,43293,USD,US,US,MacOS,Ecommerce,False,False,stripe,2026-08-08
MX-100002062,Maximor Demo Corp,CUST-008,Lumen Labs,NexPay,2026,22,6,221,False,20.06,2006,USD,US,US,iOS,Ecommerce,False,False,stripe,2026-08-09
MX-100002063,Maximor Demo Corp,CUST-009,Northstar LLC,GlobalCard,2026,23,9,222,False,27.19,2719,USD,US,US,Android,Ecommerce,False,False,stripe,2026-08-10
MX-100002064,Maximor Demo Corp,CUST-010,Meridian Health,Amex,2026,0,12,223,False,34.32,3432,USD,US,US,Windows,Ecommerce,False,False,stripe,2026-08-11
MX-100002065,Maximor Demo Corp,CUST-011,Beacon Biotech,Visa,2026,1,15,224,False,41.45,4145,USD,US,US,MacOS,Ecommerce,False,False,adyen,2026-08-12
MX-100002066,Maximor Demo Corp,CUST-012,Copperline Logistics,Mastercard,2026,2,18,225,False,48.58,4858,USD,US,US,iOS,Ecommerce,False,False,stripe,2026-08-13
MX-100002067,Maximor Demo Corp,CUST-013,Summit Civic,NexPay,2026,3,21,226,False,55.71,5571,USD,US,US,Android,Ecommerce,False,False,stripe,2026-08-14
MX-100002068,Maximor Demo Corp,CUST-014,Redwood Clinics,GlobalCard,2026,4,24,227,False,62.84,6284,USD,US,US,Windows,Ecommerce,False,False,stripe,2026-08-15
MX-100002069,Maximor Demo Corp,CUST-015,Ironclad Software,Amex,2026,5,27,228,False,69.97,6997,USD,US,US,MacOS,Ecommerce,False,False,stripe,2026-08-16
MX-100002070,Maximor Demo Corp,CUST-001,Northwind Labs,Visa,2026,6,30,229,False,77.1,7710,USD,US,US,iOS,Ecommerce,False,False,adyen,2026-08-17
MX-100002071,Maximor Demo Corp,CUST-002,Helios Analytics,Mastercard,2026,7,33,230,False,84.23,8423,USD,US,US,Android,Ecommerce,False,False,stripe,2026-08-18
MX-100002072,Maximor Demo Corp,CUST-003,Acme Industrial,NexPay,2026,8,36,231,False,91.36,9136,USD,US,US,Windows,Ecommerce,False,False,stripe,2026-08-19
MX-100002073,Maximor Demo Corp,CUST-004,Brightline Media,GlobalCard,2026,9,39,232,False,98.49,9849,USD,US,US,MacOS,Ecommerce,False,False,stripe,2026-08-20
MX-100002074,Maximor Demo Corp,CUST-005,Quiet Harbor,Amex,2026,10,42,233,True,105.62,10562,USD,US,US,iOS,Ecommerce,False,False,stripe,2026-08-21
MX-100002075,Maximor Demo Corp,CUST-006,Pinnacle Retail,Visa,2026,11,45,234,False,112.75,11275,USD,US,US,Android,Ecommerce,False,False,adyen,2026-08-22
MX-100002076,Maximor Demo Corp,CUST-007,Atlas Robotics,Mastercard,2026,12,48,235,False,119.88,11988,USD,US,US,Windows,Ecommerce,False,False,stripe,2026-08-23
MX-100002077,Maximor Demo Corp,CUST-008,Lumen Labs,NexPay,2026,13,51,236,False,127.01,12701,USD,US,US,MacOS,Ecommerce,False,False,stripe,2026-08-24
MX-100002078,Maximor Demo Corp,CUST-009,Northstar LLC,GlobalCard,2026,14,54,237,False,134.14,13414,USD,US,US,iOS,Ecommerce,False,False,stripe,2026-08-25
MX-100002079,Maximor Demo Corp,CUST-010,Meridian Health,Amex,2026,15,57,238,False,141.27,14127,USD,US,US,Android,Ecommerce,False,False,stripe,2026-08-26
MX-100002080,Maximor Demo Corp,CUST-011,Beacon Biotech,Visa,2026,16,0,239,False,148.4,14840,USD,US,US,Windows,Ecommerce,False,False,adyen,2026-08-27
MX-100002081,Maximor Demo Corp,CUST-012,Copperline Logistics,Mastercard,2026,17,3,240,False,155.53,15553,USD,US,US,MacOS,Ecommerce,False,False,stripe,2026-08-28
MX-100002082,Maximor Demo Corp,CUST-013,Summit Civic,NexPay,2026,18,6,241,False,162.66,16266,USD,US,US,iOS,Ecommerce,False,False,stripe,2026-08-29
MX-100002083,Maximor Demo Corp,CUST-014,Redwood Clinics,GlobalCard,2026,19,9,242,False,169.79,16979,USD,US,US,Android,Ecommerce,False,False,stripe,2026-08-30
MX-100002084,Maximor Demo Corp,CUST-015,Ironclad Software,Amex,2026,20,12,243,False,176.92,17692,USD,US,US,Windows,Ecommerce,False,False,stripe,2026-08-31
MX-100002085,Maximor Demo Corp,CUST-001,Northwind Labs,Visa,2026,21,15,244,False,184.05,18405,USD,US,US,MacOS,Ecommerce,False,False,adyen,2026-09-01
MX-100002086,Maximor Demo Corp,CUST-002,Helios Analytics,Mastercard,2026,22,18,245,False,191.18,19118,USD,US,US,iOS,Ecommerce,False,False,stripe,2026-09-02
MX-100002087,Maximor Demo Corp,CUST-003,Acme Industrial,NexPay,2026,23,21,246,False,198.31,19831,USD,US,US,Android,Ecommerce,False,False,stripe,2026-09-03
MX-100002088,Maximor Demo Corp,CUST-004,Brightline Media,GlobalCard,2026,0,24,247,False,205.44,20544,USD,US,US,Windows,Ecommerce,False,False,stripe,2026-09-04
MX-100002089,Maximor Demo Corp,CUST-005,Quiet Harbor,Amex,2026,1,27,248,False,212.57,21257,USD,US,US,MacOS,Ecommerce,False,False,stripe,2026-09-05
MX-100002090,Maximor Demo Corp,CUST-006,Pinnacle Retail,Visa,2026,2,30,249,False,219.7,21970,USD,US,US,iOS,Ecommerce,False,False,adyen,2026-09-06
MX-100002091,Maximor Demo Corp,CUST-007,Atlas Robotics,Mastercard,2026,3,33,250,True,226.83,22683,USD,US,US,Android,Ecommerce,False,False,stripe,2026-09-07
MX-100002092,Maximor Demo Corp,CUST-008,Lumen Labs,NexPay,2026,4,36,251,False,233.96,23396,USD,US,US,Windows,Ecommerce,False,False,stripe,2026-09-08
MX-100002093,Maximor Demo Corp,CUST-009,Northstar LLC,GlobalCard,2026,5,39,252,False,241.09,24109,USD,US,US,MacOS,Ecommerce,False,False,stripe,2026-09-09
MX-100002094,Maximor Demo Corp,CUST-010,Meridian Health,Amex,2026,6,42,253,False,248.22,24822,USD,US,US,iOS,Ecommerce,False,False,stripe,2026-09-10
MX-100002095,Maximor Demo Corp,CUST-011,Beacon Biotech,Visa,2026,7,45,254,False,255.35,25535,USD,US,US,Android,Ecommerce,False,False,adyen,2026-09-11
MX-100002096,Maximor Demo Corp,CUST-012,Copperline Logistics,Mastercard,2026,8,48,255,False,262.48,26248,USD,US,US,Windows,Ecommerce,False,False,stripe,2026-09-12
MX-100002097,Maximor Demo Corp,CUST-013,Summit Civic,NexPay,2026,9,51,256,False,269.61,26961,USD,US,US,MacOS,Ecommerce,False,False,stripe,2026-09-13
MX-100002098,Maximor Demo Corp,CUST-014,Redwood Clinics,GlobalCard,2026,10,54,257,False,276.74,27674,USD,US,US,iOS,Ecommerce,False,False,stripe,2026-09-14
MX-100002099,Maximor Demo Corp,CUST-015,Ironclad Software,Amex,2026,11,57,258,False,283.87,28387,USD,US,US,Android,Ecommerce,False,False,stripe,2026-09-15
MX-100002100,Maximor Demo Corp,CUST-001,Northwind Labs,Visa,2025,12,0,274,False,291.0,29100,USD,US,US,Windows,Ecommerce,False,False,adyen,2025-10-01
MX-100002101,Maximor Demo Corp,CUST-002,Helios Analytics,Mastercard,2025,13,3,275,False,298.13,29813,USD,US,US,MacOS,Ecommerce,False,False,stripe,2025-10-02
MX-100002102,Maximor Demo Corp,CUST-003,Acme Industrial,NexPay,2025,14,6,276,False,305.26,30526,USD,US,US,iOS,Ecommerce,False,False,stripe,2025-10-03
MX-100002103,Maximor Demo Corp,CUST-004,Brightline Media,GlobalCard,2025,15,9,277,False,312.39,31239,USD,US,US,Android,Ecommerce,False,False,stripe,2025-10-04
MX-100002104,Maximor Demo Corp,CUST-005,Quiet Harbor,Amex,2025,16,12,278,False,319.52,31952,USD,US,US,Windows,Ecommerce,False,False,stripe,2025-10-05
MX-100002105,Maximor Demo Corp,CUST-006,Pinnacle Retail,Visa,2025,17,15,279,False,326.65,32665,USD,US,US,MacOS,Ecommerce,False,False,adyen,2025-10-06
MX-100002106,Maximor Demo Corp,CUST-007,Atlas Robotics,Mastercard,2025,18,18,280,False,333.78,33378,USD,US,US,iOS,Ecommerce,False,False,stripe,2025-10-07
MX-100002107,Maximor Demo Corp,CUST-008,Lumen Labs,NexPay,2025,19,21,281,False,340.91,34091,USD,US,US,Android,Ecommerce,False,False,stripe,2025-10-08
MX-100002108,Maximor Demo Corp,CUST-009,Northstar LLC,GlobalCard,2025,20,24,282,True,348.04,34804,USD,US,US,Windows,Ecommerce,False,False,stripe,2025-10-09
MX-100002109,Maximor Demo Corp,CUST-010,Meridian Health,Amex,2025,21,27,283,False,355.17,35517,USD,US,US,MacOS,Ecommerce,False,False,stripe,2025-10-10
MX-100002110,Maximor Demo Corp,CUST-011,Beacon Biotech,Visa,2025,22,30,284,False,362.3,36230,USD,US,US,iOS,Ecommerce,False,False,adyen,2025-10-11
MX-100002111,Maximor Demo Corp,CUST-012,Copperline Logistics,Mastercard,2025,23,33,285,False,369.43,36943,USD,US,US,Android,Ecommerce,False,False,stripe,2025-10-12
MX-100002112,Maximor Demo Corp,CUST-013,Summit Civic,NexPay,2025,0,36,286,False,376.56,37656,USD,US,US,Windows,Ecommerce,False,False,stripe,2025-10-13
MX-100002113,Maximor Demo Corp,CUST-014,Redwood Clinics,GlobalCard,2025,1,39,287,False,383.69,38369,USD,US,US,MacOS,Ecommerce,False,False,stripe,2025-10-14
MX-100002114,Maximor Demo Corp,CUST-015,Ironclad Software,Amex,2025,2,42,288,False,390.82,39082,USD,US,US,iOS,Ecommerce,False,False,stripe,2025-10-15
MX-100002115,Maximor Demo Corp,CUST-001,Northwind Labs,Visa,2025,3,45,289,False,397.95,39795,USD,US,US,Android,Ecommerce,False,False,adyen,2025-10-16
MX-100002116,Maximor Demo Corp,CUST-002,Helios Analytics,Mastercard,2025,4,48,290,False,405.08,40508,USD,US,US,Windows,Ecommerce,False,False,stripe,2025-10-17
MX-100002117,Maximor Demo Corp,CUST-003,Acme Industrial,NexPay,2025,5,51,291,False,412.21,41221,USD,US,US,MacOS,Ecommerce,False,False,stripe,2025-10-18
MX-100002118,Maximor Demo Corp,CUST-004,Brightline Media,GlobalCard,2025,6,54,292,False,419.34,41934,USD,US,US,iOS,Ecommerce,False,False,stripe,2025-10-19
MX-100002119,Maximor Demo Corp,CUST-005,Quiet Harbor,Amex,2025,7,57,293,False,426.47,42647,USD,US,US,Android,Ecommerce,False,False,stripe,2025-10-20
MX-100002120,Maximor Demo Corp,CUST-006,Pinnacle Retail,Visa,2025,8,0,294,False,433.6,43360,USD,US,US,Windows,Ecommerce,False,False,adyen,2025-10-21
MX-100002121,Maximor Demo Corp,CUST-007,Atlas Robotics,Mastercard,2025,9,3,295,False,20.73,2073,USD,US,US,MacOS,Ecommerce,False,False,stripe,2025-10-22
MX-100002122,Maximor Demo Corp,CUST-008,Lumen Labs,NexPay,2025,10,6,296,False,27.86,2786,USD,US,US,iOS,Ecommerce,False,False,stripe,2025-10-23
MX-100002123,Maximor Demo Corp,CUST-009,Northstar LLC,GlobalCard,2025,11,9,297,False,34.99,3499,USD,US,US,Android,Ecommerce,False,False,stripe,2025-10-24
MX-100002124,Maximor Demo Corp,CUST-010,Meridian Health,Amex,2025,12,12,298,False,42.12,4212,USD,US,US,Windows,Ecommerce,False,False,stripe,2025-10-25
MX-100002125,Maximor Demo Corp,CUST-011,Beacon Biotech,Visa,2025,13,15,299,True,49.25,4925,USD,US,US,MacOS,Ecommerce,False,False,adyen,2025-10-26
MX-100002126,Maximor Demo Corp,CUST-012,Copperline Logistics,Mastercard,2025,14,18,300,False,56.38,5638,USD,US,US,iOS,Ecommerce,False,False,stripe,2025-10-27
MX-100002127,Maximor Demo Corp,CUST-013,Summit Civic,NexPay,2025,15,21,301,False,63.51,6351,USD,US,US,Android,Ecommerce,False,False,stripe,2025-10-28
MX-100002128,Maximor Demo Corp,CUST-014,Redwood Clinics,GlobalCard,2025,16,24,302,False,70.64,7064,USD,US,US,Windows,Ecommerce,False,False,stripe,2025-10-29
MX-100002129,Maximor Demo Corp,CUST-015,Ironclad Software,Amex,2025,17,27,303,False,77.77,7777,USD,US,US,MacOS,Ecommerce,False,False,stripe,2025-10-30
MX-100002130,Maximor Demo Corp,CUST-001,Northwind Labs,Visa,2025,18,30,304,False,84.9,8490,USD,US,US,iOS,Ecommerce,False,False,adyen,2025-10-31
MX-100002131,Maximor Demo Corp,CUST-002,Helios Analytics,Mastercard,2025,19,33,305,False,92.03,9203,USD,US,US,Android,Ecommerce,False,False,stripe,2025-11-01
MX-100002132,Maximor Demo Corp,CUST-003,Acme Industrial,NexPay,2025,20,36,306,False,99.16,9916,USD,US,US,Windows,Ecommerce,False,False,stripe,2025-11-02
MX-100002133,Maximor Demo Corp,CUST-004,Brightline Media,GlobalCard,2025,21,39,307,False,106.29,10629,USD,US,US,MacOS,Ecommerce,False,False,stripe,2025-11-03
MX-100002134,Maximor Demo Corp,CUST-005,Quiet Harbor,Amex,2025,22,42,308,False,113.42,11342,USD,US,US,iOS,Ecommerce,False,False,stripe,2025-11-04
MX-100002135,Maximor Demo Corp,CUST-006,Pinnacle Retail,Visa,2025,23,45,309,False,120.55,12055,USD,US,US,Android,Ecommerce,False,False,adyen,2025-11-05
MX-100002136,Maximor Demo Corp,CUST-007,Atlas Robotics,Mastercard,2025,0,48,310,False,127.68,12768,USD,US,US,Windows,Ecommerce,False,False,stripe,2025-11-06
MX-100002137,Maximor Demo Corp,CUST-008,Lumen Labs,NexPay,2025,1,51,311,False,134.81,13481,USD,US,US,MacOS,Ecommerce,False,False,stripe,2025-11-07
MX-100002138,Maximor Demo Corp,CUST-009,Northstar LLC,GlobalCard,2025,2,54,312,False,141.94,14194,USD,US,US,iOS,Ecommerce,False,False,stripe,2025-11-08
MX-100002139,Maximor Demo Corp,CUST-010,Meridian Health,Amex,2025,3,57,313,False,149.07,14907,USD,US,US,Android,Ecommerce,False,False,stripe,2025-11-09
MX-100002140,Maximor Demo Corp,CUST-011,Beacon Biotech,Visa,2025,4,0,314,False,156.2,15620,USD,US,US,Windows,Ecommerce,False,False,adyen,2025-11-10
MX-100002141,Maximor Demo Corp,CUST-012,Copperline Logistics,Mastercard,2025,5,3,315,False,163.33,16333,USD,US,US,MacOS,Ecommerce,False,False,stripe,2025-11-11
MX-100002142,Maximor Demo Corp,CUST-013,Summit Civic,NexPay,2025,6,6,316,True,170.46,17046,USD,US,US,iOS,Ecommerce,False,False,stripe,2025-11-12
MX-100002143,Maximor Demo Corp,CUST-014,Redwood Clinics,GlobalCard,2025,7,9,317,False,177.59,17759,USD,US,US,Android,Ecommerce,False,False,stripe,2025-11-13
MX-100002144,Maximor Demo Corp,CUST-015,Ironclad Software,Amex,2025,8,12,318,False,184.72,18472,USD,US,US,Windows,Ecommerce,False,False,stripe,2025-11-14
MX-100002145,Maximor Demo Corp,CUST-001,Northwind Labs,Visa,2025,9,15,319,False,191.85,19185,USD,US,US,MacOS,Ecommerce,False,False,adyen,2025-11-15
MX-100002146,Maximor Demo Corp,CUST-002,Helios Analytics,Mastercard,2025,10,18,320,False,198.98,19898,USD,US,US,iOS,Ecommerce,False,False,stripe,2025-11-16
MX-100002147,Maximor Demo Corp,CUST-003,Acme Industrial,NexPay,2025,11,21,321,False,206.11,20611,USD,US,US,Android,Ecommerce,False,False,stripe,2025-11-17
MX-100002148,Maximor Demo Corp,CUST-004,Brightline Media,GlobalCard,2025,12,24,322,False,213.24,21324,USD,US,US,Windows,Ecommerce,False,False,stripe,2025-11-18
MX-100002149,Maximor Demo Corp,CUST-005,Quiet Harbor,Amex,2025,13,27,323,False,220.37,22037,USD,US,US,MacOS,Ecommerce,False,False,stripe,2025-11-19
MX-100002150,Maximor Demo Corp,CUST-006,Pinnacle Retail,Visa,2025,14,30,324,False,227.5,22750,USD,US,US,iOS,Ecommerce,False,False,adyen,2025-11-20
MX-100002151,Maximor Demo Corp,CUST-007,Atlas Robotics,Mastercard,2025,15,33,325,False,234.63,23463,USD,US,US,Android,Ecommerce,False,False,stripe,2025-11-21
MX-100002152,Maximor Demo Corp,CUST-008,Lumen Labs,NexPay,2025,16,36,326,False,241.76,24176,USD,US,US,Windows,Ecommerce,False,False,stripe,2025-11-22
MX-100002153,Maximor Demo Corp,CUST-009,Northstar LLC,GlobalCard,2025,17,39,327,False,248.89,24889,USD,US,US,MacOS,Ecommerce,False,False,stripe,2025-11-23
MX-100002154,Maximor Demo Corp,CUST-010,Meridian Health,Amex,2025,18,42,328,False,256.02,25602,USD,US,US,iOS,Ecommerce,False,False,stripe,2025-11-24
MX-100002155,Maximor Demo Corp,CUST-011,Beacon Biotech,Visa,2025,19,45,329,False,263.15,26315,USD,US,US,Android,Ecommerce,False,False,adyen,2025-11-25
MX-100002156,Maximor Demo Corp,CUST-012,Copperline Logistics,Mastercard,2025,20,48,330,False,270.28,27028,USD,US,US,Windows,Ecommerce,False,False,stripe,2025-11-26
MX-100002157,Maximor Demo Corp,CUST-013,Summit Civic,NexPay,2025,21,51,331,False,277.41,27741,USD,US,US,MacOS,Ecommerce,False,False,stripe,2025-11-27
MX-100002158,Maximor Demo Corp,CUST-014,Redwood Clinics,GlobalCard,2025,22,54,332,False,284.54,28454,USD,US,US,iOS,Ecommerce,False,False,stripe,2025-11-28
MX-100002159,Maximor Demo Corp,CUST-015,Ironclad Software,Amex,2025,23,57,333,True,291.67,29167,USD,US,US,Android,Ecommerce,False,False,stripe,2025-11-29
MX-100002160,Maximor Demo Corp,CUST-001,Northwind Labs,Visa,2025,0,0,334,False,298.8,29880,USD,US,US,Windows,Ecommerce,False,False,adyen,2025-11-30
MX-100002161,Maximor Demo Corp,CUST-002,Helios Analytics,Mastercard,2025,1,3,335,False,305.93,30593,USD,US,US,MacOS,Ecommerce,False,False,stripe,2025-12-01
MX-100002162,Maximor Demo Corp,CUST-003,Acme Industrial,NexPay,2025,2,6,336,False,313.06,31306,USD,US,US,iOS,Ecommerce,False,False,stripe,2025-12-02
MX-100002163,Maximor Demo Corp,CUST-004,Brightline Media,GlobalCard,2025,3,9,337,False,320.19,32019,USD,US,US,Android,Ecommerce,False,False,stripe,2025-12-03
MX-100002164,Maximor Demo Corp,CUST-005,Quiet Harbor,Amex,2025,4,12,338,False,327.32,32732,USD,US,US,Windows,Ecommerce,False,False,stripe,2025-12-04
MX-100002165,Maximor Demo Corp,CUST-006,Pinnacle Retail,Visa,2025,5,15,339,False,334.45,33445,USD,US,US,MacOS,Ecommerce,False,False,adyen,2025-12-05
MX-100002166,Maximor Demo Corp,CUST-007,Atlas Robotics,Mastercard,2025,6,18,340,False,341.58,34158,USD,US,US,iOS,Ecommerce,False,False,stripe,2025-12-06
MX-100002167,Maximor Demo Corp,CUST-008,Lumen Labs,NexPay,2025,7,21,341,False,348.71,34871,USD,US,US,Android,Ecommerce,False,False,stripe,2025-12-07
MX-100002168,Maximor Demo Corp,CUST-009,Northstar LLC,GlobalCard,2025,8,24,342,False,355.84,35584,USD,US,US,Windows,Ecommerce,False,False,stripe,2025-12-08
MX-100002169,Maximor Demo Corp,CUST-010,Meridian Health,Amex,2025,9,27,343,False,362.97,36297,USD,US,US,MacOS,Ecommerce,False,False,stripe,2025-12-09
MX-100002170,Maximor Demo Corp,CUST-011,Beacon Biotech,Visa,2025,10,30,344,False,370.1,37010,USD,US,US,iOS,Ecommerce,False,False,adyen,2025-12-10
MX-100002171,Maximor Demo Corp,CUST-012,Copperline Logistics,Mastercard,2025,11,33,345,False,377.23,37723,USD,US,US,Android,Ecommerce,False,False,stripe,2025-12-11
MX-100002172,Maximor Demo Corp,CUST-013,Summit Civic,NexPay,2025,12,36,346,False,384.36,38436,USD,US,US,Windows,Ecommerce,False,False,stripe,2025-12-12
MX-100002173,Maximor Demo Corp,CUST-014,Redwood Clinics,GlobalCard,2025,13,39,347,False,391.49,39149,USD,US,US,MacOS,Ecommerce,False,False,stripe,2025-12-13
MX-100002174,Maximor Demo Corp,CUST-015,Ironclad Software,Amex,2025,14,42,348,False,398.62,39862,USD,US,US,iOS,Ecommerce,False,False,stripe,2025-12-14
MX-100002175,Maximor Demo Corp,CUST-001,Northwind Labs,Visa,2025,15,45,349,False,405.75,40575,USD,US,US,Android,Ecommerce,False,False,adyen,2025-12-15
MX-100002176,Maximor Demo Corp,CUST-002,Helios Analytics,Mastercard,2025,16,48,350,True,412.88,41288,USD,US,US,Windows,Ecommerce,False,False,stripe,2025-12-16
MX-100002177,Maximor Demo Corp,CUST-003,Acme Industrial,NexPay,2025,17,51,351,False,420.01,42001,USD,US,US,MacOS,Ecommerce,False,False,stripe,2025-12-17
MX-100002178,Maximor Demo Corp,CUST-004,Brightline Media,GlobalCard,2025,18,54,352,False,427.14,42714,USD,US,US,iOS,Ecommerce,False,False,stripe,2025-12-18
MX-100002179,Maximor Demo Corp,CUST-005,Quiet Harbor,Amex,2025,19,57,353,False,434.27,43427,USD,US,US,Android,Ecommerce,False,False,stripe,2025-12-19
MX-100002180,Maximor Demo Corp,CUST-006,Pinnacle Retail,Visa,2025,20,0,354,False,21.4,2140,USD,US,US,Windows,Ecommerce,False,False,adyen,2025-12-20
MX-100002181,Maximor Demo Corp,CUST-007,Atlas Robotics,Mastercard,2025,21,3,355,False,28.53,2853,USD,US,US,MacOS,Ecommerce,False,False,stripe,2025-12-21
MX-100002182,Maximor Demo Corp,CUST-008,Lumen Labs,NexPay,2025,22,6,356,False,35.66,3566,USD,US,US,iOS,Ecommerce,False,False,stripe,2025-12-22
MX-100002183,Maximor Demo Corp,CUST-009,Northstar LLC,GlobalCard,2025,23,9,357,False,42.79,4279,USD,US,US,Android,Ecommerce,False,False,stripe,2025-12-23
MX-100002184,Maximor Demo Corp,CUST-010,Meridian Health,Amex,2025,0,12,358,False,49.92,4992,USD,US,US,Windows,Ecommerce,False,False,stripe,2025-12-24
MX-100002185,Maximor Demo Corp,CUST-011,Beacon Biotech,Visa,2025,1,15,359,False,57.05,5705,USD,US,US,MacOS,Ecommerce,False,False,adyen,2025-12-25
MX-100002186,Maximor Demo Corp,CUST-012,Copperline Logistics,Mastercard,2025,2,18,360,False,64.18,6418,USD,US,US,iOS,Ecommerce,False,False,stripe,2025-12-26
MX-100002187,Maximor Demo Corp,CUST-013,Summit Civic,NexPay,2025,3,21,361,False,71.31,7131,USD,US,US,Android,Ecommerce,False,False,stripe,2025-12-27
MX-100002188,Maximor Demo Corp,CUST-014,Redwood Clinics,GlobalCard,2025,4,24,362,False,78.44,7844,USD,US,US,Windows,Ecommerce,False,False,stripe,2025-12-28
MX-100002189,Maximor Demo Corp,CUST-015,Ironclad Software,Amex,2025,5,27,363,False,85.57,8557,USD,US,US,MacOS,Ecommerce,False,False,stripe,2025-12-29
MX-100002190,Maximor Demo Corp,CUST-001,Northwind Labs,Visa,2025,6,30,364,False,92.7,9270,USD,US,US,iOS,Ecommerce,False,False,adyen,2025-12-30
MX-100002191,Maximor Demo Corp,CUST-002,Helios Analytics,Mastercard,2025,7,33,365,False,99.83,9983,USD,US,US,Android,Ecommerce,False,False,stripe,2025-12-31
MX-100002192,Maximor Demo Corp,CUST-003,Acme Industrial,NexPay,2026,8,36,1,False,106.96,10696,USD,US,US,Windows,Ecommerce,False,False,stripe,2026-01-01
MX-100002193,Maximor Demo Corp,CUST-004,Brightline Media,GlobalCard,2026,9,39,2,True,114.09,11409,USD,US,US,MacOS,Ecommerce,False,False,stripe,2026-01-02
MX-100002194,Maximor Demo Corp,CUST-005,Quiet Harbor,Amex,2026,10,42,3,False,121.22,12122,USD,US,US,iOS,Ecommerce,False,False,stripe,2026-01-03
MX-100002195,Maximor Demo Corp,CUST-006,Pinnacle Retail,Visa,2026,11,45,4,False,128.35,12835,USD,US,US,Android,Ecommerce,False,False,adyen,2026-01-04
MX-100002196,Maximor Demo Corp,CUST-007,Atlas Robotics,Mastercard,2026,12,48,5,False,135.48,13548,USD,US,US,Windows,Ecommerce,False,False,stripe,2026-01-05
MX-100002197,Maximor Demo Corp,CUST-008,Lumen Labs,NexPay,2026,13,51,6,False,142.61,14261,USD,US,US,MacOS,Ecommerce,False,False,stripe,2026-01-06
MX-100002198,Maximor Demo Corp,CUST-009,Northstar LLC,GlobalCard,2026,14,54,7,False,149.74,14974,USD,US,US,iOS,Ecommerce,False,False,stripe,2026-01-07
MX-100002199,Maximor Demo Corp,CUST-010,Meridian Health,Amex,2026,15,57,8,False,156.87,15687,USD,US,US,Android,Ecommerce,False,False,stripe,2026-01-08
MX-100002200,Maximor Demo Corp,CUST-011,Beacon Biotech,Visa,2026,16,0,9,False,164.0,16400,USD,US,US,Windows,Ecommerce,False,False,adyen,2026-01-09
MX-100002201,Maximor Demo Corp,CUST-012,Copperline Logistics,Mastercard,2026,17,3,10,False,171.13,17113,USD,US,US,MacOS,Ecommerce,False,False,stripe,2026-01-10
MX-100002202,Maximor Demo Corp,CUST-013,Summit Civic,NexPay,2026,18,6,11,False,178.26,17826,USD,US,US,iOS,Ecommerce,False,False,stripe,2026-01-11
MX-100002203,Maximor Demo Corp,CUST-014,Redwood Clinics,GlobalCard,2026,19,9,12,False,185.39,18539,USD,US,US,Android,Ecommerce,False,False,stripe,2026-01-12
MX-100002204,Maximor Demo Corp,CUST-015,Ironclad Software,Amex,2026,20,12,13,False,192.52,19252,USD,US,US,Windows,Ecommerce,False,False,stripe,2026-01-13
MX-100002205,Maximor Demo Corp,CUST-001,Northwind Labs,Visa,2026,21,15,14,False,199.65,19965,USD,US,US,MacOS,Ecommerce,False,False,adyen,2026-01-14
MX-100002206,Maximor Demo Corp,CUST-002,Helios Analytics,Mastercard,2026,22,18,15,False,206.78,20678,USD,US,US,iOS,Ecommerce,False,False,stripe,2026-01-15
MX-100002207,Maximor Demo Corp,CUST-003,Acme Industrial,NexPay,2026,23,21,16,False,213.91,21391,USD,US,US,Android,Ecommerce,False,False,stripe,2026-01-16
MX-100002208,Maximor Demo Corp,CUST-004,Brightline Media,GlobalCard,2026,0,24,17,False,221.04,22104,USD,US,US,Windows,Ecommerce,False,False,stripe,2026-01-17
MX-100002209,Maximor Demo Corp,CUST-005,Quiet Harbor,Amex,2026,1,27,18,False,228.17,22817,USD,US,US,MacOS,Ecommerce,False,False,stripe,2026-01-18
MX-100002210,Maximor Demo Corp,CUST-006,Pinnacle Retail,Visa,2026,2,30,19,True,235.3,23530,USD,US,US,iOS,Ecommerce,False,False,adyen,2026-01-19
MX-100002211,Maximor Demo Corp,CUST-007,Atlas Robotics,Mastercard,2026,3,33,20,False,242.43,24243,USD,US,US,Android,Ecommerce,False,False,stripe,2026-01-20
MX-100002212,Maximor Demo Corp,CUST-008,Lumen Labs,NexPay,2026,4,36,21,False,249.56,24956,USD,US,US,Windows,Ecommerce,False,False,stripe,2026-01-21
MX-100002213,Maximor Demo Corp,CUST-009,Northstar LLC,GlobalCard,2026,5,39,22,False,256.69,25669,USD,US,US,MacOS,Ecommerce,False,False,stripe,2026-01-22
MX-100002214,Maximor Demo Corp,CUST-010,Meridian Health,Amex,2026,6,42,23,False,263.82,26382,USD,US,US,iOS,Ecommerce,False,False,stripe,2026-01-23
MX-100002215,Maximor Demo Corp,CUST-011,Beacon Biotech,Visa,2026,7,45,24,False,270.95,27095,USD,US,US,Android,Ecommerce,False,False,adyen,2026-01-24
MX-100002216,Maximor Demo Corp,CUST-012,Copperline Logistics,Mastercard,2026,8,48,25,False,278.08,27808,USD,US,US,Windows,Ecommerce,False,False,stripe,2026-01-25
MX-100002217,Maximor Demo Corp,CUST-013,Summit Civic,NexPay,2026,9,51,26,False,285.21,28521,USD,US,US,MacOS,Ecommerce,False,False,stripe,2026-01-26
MX-100002218,Maximor Demo Corp,CUST-014,Redwood Clinics,GlobalCard,2026,10,54,27,False,292.34,29234,USD,US,US,iOS,Ecommerce,False,False,stripe,2026-01-27
MX-100002219,Maximor Demo Corp,CUST-015,Ironclad Software,Amex,2026,11,57,28,False,299.47,29947,USD,US,US,Android,Ecommerce,False,False,stripe,2026-01-28
MX-100002220,Maximor Demo Corp,CUST-001,Northwind Labs,Visa,2026,12,0,29,False,306.6,30660,USD,US,US,Windows,Ecommerce,False,False,adyen,2026-01-29
MX-100002221,Maximor Demo Corp,CUST-002,Helios Analytics,Mastercard,2026,13,3,30,False,313.73,31373,USD,US,US,MacOS,Ecommerce,False,False,stripe,2026-01-30
MX-100002222,Maximor Demo Corp,CUST-003,Acme Industrial,NexPay,2026,14,6,31,False,320.86,32086,USD,US,US,iOS,Ecommerce,False,False,stripe,2026-01-31
MX-100002223,Maximor Demo Corp,CUST-004,Brightline Media,GlobalCard,2026,15,9,32,False,327.99,32799,USD,US,US,Android,Ecommerce,False,False,stripe,2026-02-01
MX-100002224,Maximor Demo Corp,CUST-005,Quiet Harbor,Amex,2026,16,12,33,False,335.12,33512,USD,US,US,Windows,Ecommerce,False,False,stripe,2026-02-02
MX-100002225,Maximor Demo Corp,CUST-006,Pinnacle Retail,Visa,2026,17,15,34,False,342.25,34225,USD,US,US,MacOS,Ecommerce,False,False,adyen,2026-02-03
MX-100002226,Maximor Demo Corp,CUST-007,Atlas Robotics,Mastercard,2026,18,18,35,False,349.38,34938,USD,US,US,iOS,Ecommerce,False,False,stripe,2026-02-04
MX-100002227,Maximor Demo Corp,CUST-008,Lumen Labs,NexPay,2026,19,21,36,True,356.51,35651,USD,US,US,Android,Ecommerce,False,False,stripe,2026-02-05
MX-100002228,Maximor Demo Corp,CUST-009,Northstar LLC,GlobalCard,2026,20,24,37,False,363.64,36364,USD,US,US,Windows,Ecommerce,False,False,stripe,2026-02-06
MX-100002229,Maximor Demo Corp,CUST-010,Meridian Health,Amex,2026,21,27,38,False,370.77,37077,USD,US,US,MacOS,Ecommerce,False,False,stripe,2026-02-07
MX-100002230,Maximor Demo Corp,CUST-011,Beacon Biotech,Visa,2026,22,30,39,False,377.9,37790,USD,US,US,iOS,Ecommerce,False,False,adyen,2026-02-08
MX-100002231,Maximor Demo Corp,CUST-012,Copperline Logistics,Mastercard,2026,23,33,40,False,385.03,38503,USD,US,US,Android,Ecommerce,False,False,stripe,2026-02-09
MX-100002232,Maximor Demo Corp,CUST-013,Summit Civic,NexPay,2026,0,36,41,False,392.16,39216,USD,US,US,Windows,Ecommerce,False,False,stripe,2026-02-10
MX-100002233,Maximor Demo Corp,CUST-014,Redwood Clinics,GlobalCard,2026,1,39,42,False,399.29,39929,USD,US,US,MacOS,Ecommerce,False,False,stripe,2026-02-11
MX-100002234,Maximor Demo Corp,CUST-015,Ironclad Software,Amex,2026,2,42,43,False,406.42,40642,USD,US,US,iOS,Ecommerce,False,False,stripe,2026-02-12
MX-100002235,Maximor Demo Corp,CUST-001,Northwind Labs,Visa,2026,3,45,44,False,413.55,41355,USD,US,US,Android,Ecommerce,False,False,adyen,2026-02-13
MX-100002236,Maximor Demo Corp,CUST-002,Helios Analytics,Mastercard,2026,4,48,45,False,420.68,42068,USD,US,US,Windows,Ecommerce,False,False,stripe,2026-02-14
MX-100002237,Maximor Demo Corp,CUST-003,Acme Industrial,NexPay,2026,5,51,46,False,427.81,42781,USD,US,US,MacOS,Ecommerce,False,False,stripe,2026-02-15
MX-100002238,Maximor Demo Corp,CUST-004,Brightline Media,GlobalCard,2026,6,54,47,False,434.94,43494,USD,US,US,iOS,Ecommerce,False,False,stripe,2026-02-16
MX-100002239,Maximor Demo Corp,CUST-005,Quiet Harbor,Amex,2026,7,57,48,False,22.07,2207,USD,US,US,Android,Ecommerce,False,False,stripe,2026-02-17
MX-100002240,Maximor Demo Corp,CUST-006,Pinnacle Retail,Visa,2026,8,0,49,False,29.2,2920,USD,US,US,Windows,Ecommerce,False,False,adyen,2026-02-18
MX-100002241,Maximor Demo Corp,CUST-007,Atlas Robotics,Mastercard,2026,9,3,50,False,36.33,3633,USD,US,US,MacOS,Ecommerce,False,False,stripe,2026-02-19
MX-100002242,Maximor Demo Corp,CUST-008,Lumen Labs,NexPay,2026,10,6,51,False,43.46,4346,USD,US,US,iOS,Ecommerce,False,False,stripe,2026-02-20
MX-100002243,Maximor Demo Corp,CUST-009,Northstar LLC,GlobalCard,2026,11,9,52,False,50.59,5059,USD,US,US,Android,Ecommerce,False,False,stripe,2026-02-21
MX-100002244,Maximor Demo Corp,CUST-010,Meridian Health,Amex,2026,12,12,53,True,57.72,5772,USD,US,US,Windows,Ecommerce,False,False,stripe,2026-02-22
MX-100002245,Maximor Demo Corp,CUST-011,Beacon Biotech,Visa,2026,13,15,54,False,64.85,6485,USD,US,US,MacOS,Ecommerce,False,False,adyen,2026-02-23
MX-100002246,Maximor Demo Corp,CUST-012,Copperline Logistics,Mastercard,2026,14,18,55,False,71.98,7198,USD,US,US,iOS,Ecommerce,False,False,stripe,2026-02-24
MX-100002247,Maximor Demo Corp,CUST-013,Summit Civic,NexPay,2026,15,21,56,False,79.11,7911,USD,US,US,Android,Ecommerce,False,False,stripe,2026-02-25
MX-100002248,Maximor Demo Corp,CUST-014,Redwood Clinics,GlobalCard,2026,16,24,57,False,86.24,8624,USD,US,US,Windows,Ecommerce,False,False,stripe,2026-02-26
MX-100002249,Maximor Demo Corp,CUST-015,Ironclad Software,Amex,2026,17,27,58,False,93.37,9337,USD,US,US,MacOS,Ecommerce,False,False,stripe,2026-02-27
MX-100002250,Maximor Demo Corp,CUST-001,Northwind Labs,Visa,2026,18,30,59,False,100.5,10050,USD,US,US,iOS,Ecommerce,False,False,adyen,2026-02-28
MX-100002251,Maximor Demo Corp,CUST-002,Helios Analytics,Mastercard,2026,19,33,60,False,107.63,10763,USD,US,US,Android,Ecommerce,False,False,stripe,2026-03-01
MX-100002252,Maximor Demo Corp,CUST-003,Acme Industrial,NexPay,2026,20,36,61,False,114.76,11476,USD,US,US,Windows,Ecommerce,False,False,stripe,2026-03-02
MX-100002253,Maximor Demo Corp,CUST-004,Brightline Media,GlobalCard,2026,21,39,62,False,121.89,12189,USD,US,US,MacOS,Ecommerce,False,False,stripe,2026-03-03
MX-100002254,Maximor Demo Corp,CUST-005,Quiet Harbor,Amex,2026,22,42,63,False,129.02,12902,USD,US,US,iOS,Ecommerce,False,False,stripe,2026-03-04
MX-100002255,Maximor Demo Corp,CUST-006,Pinnacle Retail,Visa,2026,23,45,64,False,136.15,13615,USD,US,US,Android,Ecommerce,False,False,adyen,2026-03-05
MX-100002256,Maximor Demo Corp,CUST-007,Atlas Robotics,Mastercard,2026,0,48,65,False,143.28,14328,USD,US,US,Windows,Ecommerce,False,False,stripe,2026-03-06
MX-100002257,Maximor Demo Corp,CUST-008,Lumen Labs,NexPay,2026,1,51,66,False,150.41,15041,USD,US,US,MacOS,Ecommerce,False,False,stripe,2026-03-07
MX-100002258,Maximor Demo Corp,CUST-009,Northstar LLC,GlobalCard,2026,2,54,67,False,157.54,15754,USD,US,US,iOS,Ecommerce,False,False,stripe,2026-03-08
MX-100002259,Maximor Demo Corp,CUST-010,Meridian Health,Amex,2026,3,57,68,False,164.67,16467,USD,US,US,Android,Ecommerce,False,False,stripe,2026-03-09
MX-100002260,Maximor Demo Corp,CUST-011,Beacon Biotech,Visa,2026,4,0,69,False,171.8,17180,USD,US,US,Windows,Ecommerce,False,False,adyen,2026-03-10
MX-100002261,Maximor Demo Corp,CUST-012,Copperline Logistics,Mastercard,2026,5,3,70,True,178.93,17893,USD,US,US,MacOS,Ecommerce,False,False,stripe,2026-03-11
MX-100002262,Maximor Demo Corp,CUST-013,Summit Civic,NexPay,2026,6,6,71,False,186.06,18606,USD,US,US,iOS,Ecommerce,False,False,stripe,2026-03-12
MX-100002263,Maximor Demo Corp,CUST-014,Redwood Clinics,GlobalCard,2026,7,9,72,False,193.19,19319,USD,US,US,Android,Ecommerce,False,False,stripe,2026-03-13
MX-100002264,Maximor Demo Corp,CUST-015,Ironclad Software,Amex,2026,8,12,73,False,200.32,20032,USD,US,US,Windows,Ecommerce,False,False,stripe,2026-03-14
MX-100002265,Maximor Demo Corp,CUST-001,Northwind Labs,Visa,2026,9,15,74,False,207.45,20745,USD,US,US,MacOS,Ecommerce,False,False,adyen,2026-03-15
MX-100002266,Maximor Demo Corp,CUST-002,Helios Analytics,Mastercard,2026,10,18,75,False,214.58,21458,USD,US,US,iOS,Ecommerce,False,False,stripe,2026-03-16
MX-100002267,Maximor Demo Corp,CUST-003,Acme Industrial,NexPay,2026,11,21,76,False,221.71,22171,USD,US,US,Android,Ecommerce,False,False,stripe,2026-03-17
MX-100002268,Maximor Demo Corp,CUST-004,Brightline Media,GlobalCard,2026,12,24,77,False,228.84,22884,USD,US,US,Windows,Ecommerce,False,False,stripe,2026-03-18
MX-100002269,Maximor Demo Corp,CUST-005,Quiet Harbor,Amex,2026,13,27,78,False,235.97,23597,USD,US,US,MacOS,Ecommerce,False,False,stripe,2026-03-19
MX-100002270,Maximor Demo Corp,CUST-006,Pinnacle Retail,Visa,2026,14,30,79,False,243.1,24310,USD,US,US,iOS,Ecommerce,False,False,adyen,2026-03-20
MX-100002271,Maximor Demo Corp,CUST-007,Atlas Robotics,Mastercard,2026,15,33,80,False,250.23,25023,USD,US,US,Android,Ecommerce,False,False,stripe,2026-03-21
MX-100002272,Maximor Demo Corp,CUST-008,Lumen Labs,NexPay,2026,16,36,81,False,257.36,25736,USD,US,US,Windows,Ecommerce,False,False,stripe,2026-03-22
MX-100002273,Maximor Demo Corp,CUST-009,Northstar LLC,GlobalCard,2026,17,39,82,False,264.49,26449,USD,US,US,MacOS,Ecommerce,False,False,stripe,2026-03-23
MX-100002274,Maximor Demo Corp,CUST-010,Meridian Health,Amex,2026,18,42,83,False,271.62,27162,USD,US,US,iOS,Ecommerce,False,False,stripe,2026-03-24
MX-100002275,Maximor Demo Corp,CUST-011,Beacon Biotech,Visa,2026,19,45,84,False,278.75,27875,USD,US,US,Android,Ecommerce,False,False,adyen,2026-03-25
MX-100002276,Maximor Demo Corp,CUST-012,Copperline Logistics,Mastercard,2026,20,48,85,False,285.88,28588,USD,US,US,Windows,Ecommerce,False,False,stripe,2026-03-26
MX-100002277,Maximor Demo Corp,CUST-013,Summit Civic,NexPay,2026,21,51,86,False,293.01,29301,USD,US,US,MacOS,Ecommerce,False,False,stripe,2026-03-27
MX-100002278,Maximor Demo Corp,CUST-014,Redwood Clinics,GlobalCard,2026,22,54,87,True,300.14,30014,USD,US,US,iOS,Ecommerce,False,False,stripe,2026-03-28
MX-100002279,Maximor Demo Corp,CUST-015,Ironclad Software,Amex,2026,23,57,88,False,307.27,30727,USD,US,US,Android,Ecommerce,False,False,stripe,2026-03-29
MX-100002280,Maximor Demo Corp,CUST-001,Northwind Labs,Visa,2026,0,0,89,False,314.4,31440,USD,US,US,Windows,Ecommerce,False,False,adyen,2026-03-30
MX-100002281,Maximor Demo Corp,CUST-002,Helios Analytics,Mastercard,2026,1,3,90,False,321.53,32153,USD,US,US,MacOS,Ecommerce,False,False,stripe,2026-03-31
MX-100002282,Maximor Demo Corp,CUST-003,Acme Industrial,NexPay,2026,2,6,91,False,328.66,32866,USD,US,US,iOS,Ecommerce,False,False,stripe,2026-04-01
MX-100002283,Maximor Demo Corp,CUST-004,Brightline Media,GlobalCard,2026,3,9,92,False,335.79,33579,USD,US,US,Android,Ecommerce,False,False,stripe,2026-04-02
MX-100002284,Maximor Demo Corp,CUST-005,Quiet Harbor,Amex,2026,4,12,93,False,342.92,34292,USD,US,US,Windows,Ecommerce,False,False,stripe,2026-04-03
MX-100002285,Maximor Demo Corp,CUST-006,Pinnacle Retail,Visa,2026,5,15,94,False,350.05,35005,USD,US,US,MacOS,Ecommerce,False,False,adyen,2026-04-04
MX-100002286,Maximor Demo Corp,CUST-007,Atlas Robotics,Mastercard,2026,6,18,95,False,357.18,35718,USD,US,US,iOS,Ecommerce,False,False,stripe,2026-04-05
MX-100002287,Maximor Demo Corp,CUST-008,Lumen Labs,NexPay,2026,7,21,96,False,364.31,36431,USD,US,US,Android,Ecommerce,False,False,stripe,2026-04-06
MX-100002288,Maximor Demo Corp,CUST-009,Northstar LLC,GlobalCard,2026,8,24,97,False,371.44,37144,USD,US,US,Windows,Ecommerce,False,False,stripe,2026-04-07
MX-100002289,Maximor Demo Corp,CUST-010,Meridian Health,Amex,2026,9,27,98,False,378.57,37857,USD,US,US,MacOS,Ecommerce,False,False,stripe,2026-04-08
MX-100002290,Maximor Demo Corp,CUST-011,Beacon Biotech,Visa,2026,10,30,99,False,385.7,38570,USD,US,US,iOS,Ecommerce,False,False,adyen,2026-04-09
MX-100002291,Maximor Demo Corp,CUST-012,Copperline Logistics,Mastercard,2026,11,33,100,False,392.83,39283,USD,US,US,Android,Ecommerce,False,False,stripe,2026-04-10
MX-100002292,Maximor Demo Corp,CUST-013,Summit Civic,NexPay,2026,12,36,101,False,399.96,39996,USD,US,US,Windows,Ecommerce,False,False,stripe,2026-04-11
MX-100002293,Maximor Demo Corp,CUST-014,Redwood Clinics,GlobalCard,2026,13,39,102,False,407.09,40709,USD,US,US,MacOS,Ecommerce,False,False,stripe,2026-04-12
MX-100002294,Maximor Demo Corp,CUST-015,Ironclad Software,Amex,2026,14,42,103,False,414.22,41422,USD,US,US,iOS,Ecommerce,False,False,stripe,2026-04-13
MX-100002295,Maximor Demo Corp,CUST-001,Northwind Labs,Visa,2026,15,45,104,True,421.35,42135,USD,US,US,Android,Ecommerce,False,False,adyen,2026-04-14
MX-100002296,Maximor Demo Corp,CUST-002,Helios Analytics,Mastercard,2026,16,48,105,False,428.48,42848,USD,US,US,Windows,Ecommerce,False,False,stripe,2026-04-15
MX-100002297,Maximor Demo Corp,CUST-003,Acme Industrial,NexPay,2026,17,51,106,False,435.61,43561,USD,US,US,MacOS,Ecommerce,False,False,stripe,2026-04-16
MX-100002298,Maximor Demo Corp,CUST-004,Brightline Media,GlobalCard,2026,18,54,107,False,22.74,2274,USD,US,US,iOS,Ecommerce,False,False,stripe,2026-04-17
MX-100002299,Maximor Demo Corp,CUST-005,Quiet Harbor,Amex,2026,19,57,108,False,29.87,2987,USD,US,US,Android,Ecommerce,False,False,stripe,2026-04-18
MX-100002300,Maximor Demo Corp,CUST-006,Pinnacle Retail,Visa,2026,20,0,109,False,37.0,3700,USD,US,US,Windows,Ecommerce,False,False,adyen,2026-04-19
MX-100002301,Maximor Demo Corp,CUST-007,Atlas Robotics,Mastercard,2026,21,3,110,False,44.13,4413,USD,US,US,MacOS,Ecommerce,False,False,stripe,2026-04-20
MX-100002302,Maximor Demo Corp,CUST-008,Lumen Labs,NexPay,2026,22,6,111,False,51.26,5126,USD,US,US,iOS,Ecommerce,False,False,stripe,2026-04-21
MX-100002303,Maximor Demo Corp,CUST-009,Northstar LLC,GlobalCard,2026,23,9,112,False,58.39,5839,USD,US,US,Android,Ecommerce,False,False,stripe,2026-04-22
MX-100002304,Maximor Demo Corp,CUST-010,Meridian Health,Amex,2026,0,12,113,False,65.52,6552,USD,US,US,Windows,Ecommerce,False,False,stripe,2026-04-23
MX-100002305,Maximor Demo Corp,CUST-011,Beacon Biotech,Visa,2026,1,15,114,False,72.65,7265,USD,US,US,MacOS,Ecommerce,False,False,adyen,2026-04-24
MX-100002306,Maximor Demo Corp,CUST-012,Copperline Logistics,Mastercard,2026,2,18,115,False,79.78,7978,USD,US,US,iOS,Ecommerce,False,False,stripe,2026-04-25
MX-100002307,Maximor Demo Corp,CUST-013,Summit Civic,NexPay,2026,3,21,116,False,86.91,8691,USD,US,US,Android,Ecommerce,False,False,stripe,2026-04-26
MX-100002308,Maximor Demo Corp,CUST-014,Redwood Clinics,GlobalCard,2026,4,24,117,False,94.04,9404,USD,US,US,Windows,Ecommerce,False,False,stripe,2026-04-27
MX-100002309,Maximor Demo Corp,CUST-015,Ironclad Software,Amex,2026,5,27,118,False,101.17,10117,USD,US,US,MacOS,Ecommerce,False,False,stripe,2026-04-28
MX-100002310,Maximor Demo Corp,CUST-001,Northwind Labs,Visa,2026,6,30,119,False,108.3,10830,USD,US,US,iOS,Ecommerce,False,False,adyen,2026-04-29
MX-100002311,Maximor Demo Corp,CUST-002,Helios Analytics,Mastercard,2026,7,33,120,False,115.43,11543,USD,US,US,Android,Ecommerce,False,False,stripe,2026-04-30
MX-100002312,Maximor Demo Corp,CUST-003,Acme Industrial,NexPay,2026,8,36,121,True,122.56,12256,USD,US,US,Windows,Ecommerce,False,False,stripe,2026-05-01
MX-100002313,Maximor Demo Corp,CUST-004,Brightline Media,GlobalCard,2026,9,39,122,False,129.69,12969,USD,US,US,MacOS,Ecommerce,False,False,stripe,2026-05-02
MX-100002314,Maximor Demo Corp,CUST-005,Quiet Harbor,Amex,2026,10,42,123,False,136.82,13682,USD,US,US,iOS,Ecommerce,False,False,stripe,2026-05-03
MX-100002315,Maximor Demo Corp,CUST-006,Pinnacle Retail,Visa,2026,11,45,124,False,143.95,14395,USD,US,US,Android,Ecommerce,False,False,adyen,2026-05-04
MX-100002316,Maximor Demo Corp,CUST-007,Atlas Robotics,Mastercard,2026,12,48,125,False,151.08,15108,USD,US,US,Windows,Ecommerce,False,False,stripe,2026-05-05
MX-100002317,Maximor Demo Corp,CUST-008,Lumen Labs,NexPay,2026,13,51,126,False,158.21,15821,USD,US,US,MacOS,Ecommerce,False,False,stripe,2026-05-06
MX-100002318,Maximor Demo Corp,CUST-009,Northstar LLC,GlobalCard,2026,14,54,127,False,165.34,16534,USD,US,US,iOS,Ecommerce,False,False,stripe,2026-05-07
MX-100002319,Maximor Demo Corp,CUST-010,Meridian Health,Amex,2026,15,57,128,False,172.47,17247,USD,US,US,Android,Ecommerce,False,False,stripe,2026-05-08
MX-100002320,Maximor Demo Corp,CUST-011,Beacon Biotech,Visa,2026,16,0,129,False,179.6,17960,USD,US,US,Windows,Ecommerce,False,False,adyen,2026-05-09
MX-100002321,Maximor Demo Corp,CUST-012,Copperline Logistics,Mastercard,2026,17,3,130,False,186.73,18673,USD,US,US,MacOS,Ecommerce,False,False,stripe,2026-05-10
MX-100002322,Maximor Demo Corp,CUST-013,Summit Civic,NexPay,2026,18,6,131,False,193.86,19386,USD,US,US,iOS,Ecommerce,False,False,stripe,2026-05-11
MX-100002323,Maximor Demo Corp,CUST-014,Redwood Clinics,GlobalCard,2026,19,9,132,False,200.99,20099,USD,US,US,Android,Ecommerce,False,False,stripe,2026-05-12
MX-100002324,Maximor Demo Corp,CUST-015,Ironclad Software,Amex,2026,20,12,133,False,208.12,20812,USD,US,US,Windows,Ecommerce,False,False,stripe,2026-05-13
MX-100002325,Maximor Demo Corp,CUST-001,Northwind Labs,Visa,2026,21,15,134,False,215.25,21525,USD,US,US,MacOS,Ecommerce,False,False,adyen,2026-05-14
MX-100002326,Maximor Demo Corp,CUST-002,Helios Analytics,Mastercard,2026,22,18,135,False,222.38,22238,USD,US,US,iOS,Ecommerce,False,False,stripe,2026-05-15
MX-100002327,Maximor Demo Corp,CUST-003,Acme Industrial,NexPay,2026,23,21,136,False,229.51,22951,USD,US,US,Android,Ecommerce,False,False,stripe,2026-05-16
MX-100002328,Maximor Demo Corp,CUST-004,Brightline Media,GlobalCard,2026,0,24,137,False,236.64,23664,USD,US,US,Windows,Ecommerce,False,False,stripe,2026-05-17
MX-100002329,Maximor Demo Corp,CUST-005,Quiet Harbor,Amex,2026,1,27,138,True,243.77,24377,USD,US,US,MacOS,Ecommerce,False,False,stripe,2026-05-18
MX-100002330,Maximor Demo Corp,CUST-006,Pinnacle Retail,Visa,2026,2,30,139,False,250.9,25090,USD,US,US,iOS,Ecommerce,False,False,adyen,2026-05-19
MX-100002331,Maximor Demo Corp,CUST-007,Atlas Robotics,Mastercard,2026,3,33,140,False,258.03,25803,USD,US,US,Android,Ecommerce,False,False,stripe,2026-05-20
MX-100002332,Maximor Demo Corp,CUST-008,Lumen Labs,NexPay,2026,4,36,141,False,265.16,26516,USD,US,US,Windows,Ecommerce,False,False,stripe,2026-05-21
MX-100002333,Maximor Demo Corp,CUST-009,Northstar LLC,GlobalCard,2026,5,39,142,False,272.29,27229,USD,US,US,MacOS,Ecommerce,False,False,stripe,2026-05-22
MX-100002334,Maximor Demo Corp,CUST-010,Meridian Health,Amex,2026,6,42,143,False,279.42,27942,USD,US,US,iOS,Ecommerce,False,False,stripe,2026-05-23
MX-100002335,Maximor Demo Corp,CUST-011,Beacon Biotech,Visa,2026,7,45,144,False,286.55,28655,USD,US,US,Android,Ecommerce,False,False,adyen,2026-05-24
MX-100002336,Maximor Demo Corp,CUST-012,Copperline Logistics,Mastercard,2026,8,48,145,False,293.68,29368,USD,US,US,Windows,Ecommerce,False,False,stripe,2026-05-25
MX-100002337,Maximor Demo Corp,CUST-013,Summit Civic,NexPay,2026,9,51,146,False,300.81,30081,USD,US,US,MacOS,Ecommerce,False,False,stripe,2026-05-26
MX-100002338,Maximor Demo Corp,CUST-014,Redwood Clinics,GlobalCard,2026,10,54,147,False,307.94,30794,USD,US,US,iOS,Ecommerce,False,False,stripe,2026-05-27
MX-100002339,Maximor Demo Corp,CUST-015,Ironclad Software,Amex,2026,11,57,148,False,315.07,31507,USD,US,US,Android,Ecommerce,False,False,stripe,2026-05-28
MX-100002340,Maximor Demo Corp,CUST-001,Northwind Labs,Visa,2026,12,0,149,False,322.2,32220,USD,US,US,Windows,Ecommerce,False,False,adyen,2026-05-29
MX-100002341,Maximor Demo Corp,CUST-002,Helios Analytics,Mastercard,2026,13,3,150,False,329.33,32933,USD,US,US,MacOS,Ecommerce,False,False,stripe,2026-05-30
MX-100002342,Maximor Demo Corp,CUST-003,Acme Industrial,NexPay,2026,14,6,151,False,336.46,33646,USD,US,US,iOS,Ecommerce,False,False,stripe,2026-05-31
MX-100002343,Maximor Demo Corp,CUST-004,Brightline Media,GlobalCard,2026,15,9,152,False,343.59,34359,USD,US,US,Android,Ecommerce,False,False,stripe,2026-06-01
MX-100002344,Maximor Demo Corp,CUST-005,Quiet Harbor,Amex,2026,16,12,153,False,350.72,35072,USD,US,US,Windows,Ecommerce,False,False,stripe,2026-06-02
MX-100002345,Maximor Demo Corp,CUST-006,Pinnacle Retail,Visa,2026,17,15,154,False,357.85,35785,USD,US,US,MacOS,Ecommerce,False,False,adyen,2026-06-03
MX-100002346,Maximor Demo Corp,CUST-007,Atlas Robotics,Mastercard,2026,18,18,155,True,364.98,36498,USD,US,US,iOS,Ecommerce,False,False,stripe,2026-06-04
MX-100002347,Maximor Demo Corp,CUST-008,Lumen Labs,NexPay,2026,19,21,156,False,372.11,37211,USD,US,US,Android,Ecommerce,False,False,stripe,2026-06-05
MX-100002348,Maximor Demo Corp,CUST-009,Northstar LLC,GlobalCard,2026,20,24,157,False,379.24,37924,USD,US,US,Windows,Ecommerce,False,False,stripe,2026-06-06
MX-100002349,Maximor Demo Corp,CUST-010,Meridian Health,Amex,2026,21,27,158,False,386.37,38637,USD,US,US,MacOS,Ecommerce,False,False,stripe,2026-06-07
MX-100002350,Maximor Demo Corp,CUST-011,Beacon Biotech,Visa,2026,22,30,159,False,393.5,39350,USD,US,US,iOS,Ecommerce,False,False,adyen,2026-06-08
MX-100002351,Maximor Demo Corp,CUST-012,Copperline Logistics,Mastercard,2026,23,33,160,False,400.63,40063,USD,US,US,Android,Ecommerce,False,False,stripe,2026-06-09
MX-100002352,Maximor Demo Corp,CUST-013,Summit Civic,NexPay,2026,0,36,161,False,407.76,40776,USD,US,US,Windows,Ecommerce,False,False,stripe,2026-06-10
MX-100002353,Maximor Demo Corp,CUST-014,Redwood Clinics,GlobalCard,2026,1,39,162,False,414.89,41489,USD,US,US,MacOS,Ecommerce,False,False,stripe,2026-06-11
MX-100002354,Maximor Demo Corp,CUST-015,Ironclad Software,Amex,2026,2,42,163,False,422.02,42202,USD,US,US,iOS,Ecommerce,False,False,stripe,2026-06-12
MX-100002355,Maximor Demo Corp,CUST-001,Northwind Labs,Visa,2026,3,45,164,False,429.15,42915,USD,US,US,Android,Ecommerce,False,False,adyen,2026-06-13
MX-100002356,Maximor Demo Corp,CUST-002,Helios Analytics,Mastercard,2026,4,48,165,False,436.28,43628,USD,US,US,Windows,Ecommerce,False,False,stripe,2026-06-14
MX-100002357,Maximor Demo Corp,CUST-003,Acme Industrial,NexPay,2026,5,51,166,False,23.41,2341,USD,US,US,MacOS,Ecommerce,False,False,stripe,2026-06-15
MX-100002358,Maximor Demo Corp,CUST-004,Brightline Media,GlobalCard,2026,6,54,167,False,30.54,3054,USD,US,US,iOS,Ecommerce,False,False,stripe,2026-06-16
MX-100002359,Maximor Demo Corp,CUST-005,Quiet Harbor,Amex,2026,7,57,168,False,37.67,3767,USD,US,US,Android,Ecommerce,False,False,stripe,2026-06-17
MX-100002360,Maximor Demo Corp,CUST-006,Pinnacle Retail,Visa,2026,8,0,169,False,44.8,4480,USD,US,US,Windows,Ecommerce,False,False,adyen,2026-06-18
MX-100002361,Maximor Demo Corp,CUST-007,Atlas Robotics,Mastercard,2026,9,3,170,False,51.93,5193,USD,US,US,MacOS,Ecommerce,False,False,stripe,2026-06-19
MX-100002362,Maximor Demo Corp,CUST-008,Lumen Labs,NexPay,2026,10,6,171,False,59.06,5906,USD,US,US,iOS,Ecommerce,False,False,stripe,2026-06-20
MX-100002363,Maximor Demo Corp,CUST-009,Northstar LLC,GlobalCard,2026,11,9,172,True,66.19,6619,USD,US,US,Android,Ecommerce,False,False,stripe,2026-06-21
MX-100002364,Maximor Demo Corp,CUST-010,Meridian Health,Amex,2026,12,12,173,False,73.32,7332,USD,US,US,Windows,Ecommerce,False,False,stripe,2026-06-22
MX-100002365,Maximor Demo Corp,CUST-011,Beacon Biotech,Visa,2026,13,15,174,False,80.45,8045,USD,US,US,MacOS,Ecommerce,False,False,adyen,2026-06-23
MX-100002366,Maximor Demo Corp,CUST-012,Copperline Logistics,Mastercard,2026,14,18,175,False,87.58,8758,USD,US,US,iOS,Ecommerce,False,False,stripe,2026-06-24
MX-100002367,Maximor Demo Corp,CUST-013,Summit Civic,NexPay,2026,15,21,176,False,94.71,9471,USD,US,US,Android,Ecommerce,False,False,stripe,2026-06-25
MX-100002368,Maximor Demo Corp,CUST-014,Redwood Clinics,GlobalCard,2026,16,24,177,False,101.84,10184,USD,US,US,Windows,Ecommerce,False,False,stripe,2026-06-26
MX-100002369,Maximor Demo Corp,CUST-015,Ironclad Software,Amex,2026,17,27,178,False,108.97,10897,USD,US,US,MacOS,Ecommerce,False,False,stripe,2026-06-27
MX-100002370,Maximor Demo Corp,CUST-001,Northwind Labs,Visa,2026,18,30,179,False,116.1,11610,USD,US,US,iOS,Ecommerce,False,False,adyen,2026-06-28
MX-100002371,Maximor Demo Corp,CUST-002,Helios Analytics,Mastercard,2026,19,33,180,False,123.23,12323,USD,US,US,Android,Ecommerce,False,False,stripe,2026-06-29
MX-100002372,Maximor Demo Corp,CUST-003,Acme Industrial,NexPay,2026,20,36,181,False,130.36,13036,USD,US,US,Windows,Ecommerce,False,False,stripe,2026-06-30
MX-100002373,Maximor Demo Corp,CUST-004,Brightline Media,GlobalCard,2026,21,39,182,False,137.49,13749,USD,US,US,MacOS,Ecommerce,False,False,stripe,2026-07-01
MX-100002374,Maximor Demo Corp,CUST-005,Quiet Harbor,Amex,2026,22,42,183,False,144.62,14462,USD,US,US,iOS,Ecommerce,False,False,stripe,2026-07-02
MX-100002375,Maximor Demo Corp,CUST-006,Pinnacle Retail,Visa,2026,23,45,184,False,151.75,15175,USD,US,US,Android,Ecommerce,False,False,adyen,2026-07-03
MX-100002376,Maximor Demo Corp,CUST-007,Atlas Robotics,Mastercard,2026,0,48,185,False,158.88,15888,USD,US,US,Windows,Ecommerce,False,False,stripe,2026-07-04
MX-100002377,Maximor Demo Corp,CUST-008,Lumen Labs,NexPay,2026,1,51,186,False,166.01,16601,USD,US,US,MacOS,Ecommerce,False,False,stripe,2026-07-05
MX-100002378,Maximor Demo Corp,CUST-009,Northstar LLC,GlobalCard,2026,2,54,187,False,173.14,17314,USD,US,US,iOS,Ecommerce,False,False,stripe,2026-07-06
MX-100002379,Maximor Demo Corp,CUST-010,Meridian Health,Amex,2026,3,57,188,False,180.27,18027,USD,US,US,Android,Ecommerce,False,False,stripe,2026-07-07
MX-100002380,Maximor Demo Corp,CUST-011,Beacon Biotech,Visa,2026,4,0,189,True,187.4,18740,USD,US,US,Windows,Ecommerce,False,False,adyen,2026-07-08
MX-100002381,Maximor Demo Corp,CUST-012,Copperline Logistics,Mastercard,2026,5,3,190,False,194.53,19453,USD,US,US,MacOS,Ecommerce,False,False,stripe,2026-07-09
MX-100002382,Maximor Demo Corp,CUST-013,Summit Civic,NexPay,2026,6,6,191,False,201.66,20166,USD,US,US,iOS,Ecommerce,False,False,stripe,2026-07-10
MX-100002383,Maximor Demo Corp,CUST-014,Redwood Clinics,GlobalCard,2026,7,9,192,False,208.79,20879,USD,US,US,Android,Ecommerce,False,False,stripe,2026-07-11
MX-100002384,Maximor Demo Corp,CUST-015,Ironclad Software,Amex,2026,8,12,193,False,215.92,21592,USD,US,US,Windows,Ecommerce,False,False,stripe,2026-07-12
MX-100002385,Maximor Demo Corp,CUST-001,Northwind Labs,Visa,2026,9,15,194,False,223.05,22305,USD,US,US,MacOS,Ecommerce,False,False,adyen,2026-07-13
MX-100002386,Maximor Demo Corp,CUST-002,Helios Analytics,Mastercard,2026,10,18,195,False,230.18,23018,USD,US,US,iOS,Ecommerce,False,False,stripe,2026-07-14
MX-100002387,Maximor Demo Corp,CUST-003,Acme Industrial,NexPay,2026,11,21,196,False,237.31,23731,USD,US,US,Android,Ecommerce,False,False,stripe,2026-07-15
MX-100002388,Maximor Demo Corp,CUST-004,Brightline Media,GlobalCard,2026,12,24,197,False,244.44,24444,USD,US,US,Windows,Ecommerce,False,False,stripe,2026-07-16
MX-100002389,Maximor Demo Corp,CUST-005,Quiet Harbor,Amex,2026,13,27,198,False,251.57,25157,USD,US,US,MacOS,Ecommerce,False,False,stripe,2026-07-17
MX-100002390,Maximor Demo Corp,CUST-006,Pinnacle Retail,Visa,2026,14,30,199,False,258.7,25870,USD,US,US,iOS,Ecommerce,False,False,adyen,2026-07-18
MX-100002391,Maximor Demo Corp,CUST-007,Atlas Robotics,Mastercard,2026,15,33,200,False,265.83,26583,USD,US,US,Android,Ecommerce,False,False,stripe,2026-07-19
MX-100002392,Maximor Demo Corp,CUST-008,Lumen Labs,NexPay,2026,16,36,201,False,272.96,27296,USD,US,US,Windows,Ecommerce,False,False,stripe,2026-07-20
MX-100002393,Maximor Demo Corp,CUST-009,Northstar LLC,GlobalCard,2026,17,39,202,False,280.09,28009,USD,US,US,MacOS,Ecommerce,False,False,stripe,2026-07-21
MX-100002394,Maximor Demo Corp,CUST-010,Meridian Health,Amex,2026,18,42,203,False,287.22,28722,USD,US,US,iOS,Ecommerce,False,False,stripe,2026-07-22
MX-100002395,Maximor Demo Corp,CUST-011,Beacon Biotech,Visa,2026,19,45,204,False,294.35,29435,USD,US,US,Android,Ecommerce,False,False,adyen,2026-07-23
MX-100002396,Maximor Demo Corp,CUST-012,Copperline Logistics,Mastercard,2026,20,48,205,False,301.48,30148,USD,US,US,Windows,Ecommerce,False,False,stripe,2026-07-24
MX-100002397,Maximor Demo Corp,CUST-013,Summit Civic,NexPay,2026,21,51,206,True,308.61,30861,USD,US,US,MacOS,Ecommerce,False,False,stripe,2026-07-25
MX-100002398,Maximor Demo Corp,CUST-014,Redwood Clinics,GlobalCard,2026,22,54,207,False,315.74,31574,USD,US,US,iOS,Ecommerce,False,False,stripe,2026-07-26
MX-100002399,Maximor Demo Corp,CUST-015,Ironclad Software,Amex,2026,23,57,208,False,322.87,32287,USD,US,US,Android,Ecommerce,False,False,stripe,2026-07-27
MX-100002400,Maximor Demo Corp,CUST-001,Northwind Labs,Visa,2026,0,0,209,False,330.0,33000,USD,US,US,Windows,Ecommerce,False,False,adyen,2026-07-28
MX-100002401,Maximor Demo Corp,CUST-002,Helios Analytics,Mastercard,2026,1,3,210,False,337.13,33713,USD,US,US,MacOS,Ecommerce,False,False,stripe,2026-07-29
MX-100002402,Maximor Demo Corp,CUST-003,Acme Industrial,NexPay,2026,2,6,211,False,344.26,34426,USD,US,US,iOS,Ecommerce,False,False,stripe,2026-07-30
MX-100002403,Maximor Demo Corp,CUST-004,Brightline Media,GlobalCard,2026,3,9,212,False,351.39,35139,USD,US,US,Android,Ecommerce,False,False,stripe,2026-07-31
MX-100002404,Maximor Demo Corp,CUST-005,Quiet Harbor,Amex,2026,4,12,213,False,358.52,35852,USD,US,US,Windows,Ecommerce,False,False,stripe,2026-08-01
MX-100002405,Maximor Demo Corp,CUST-006,Pinnacle Retail,Visa,2026,5,15,214,False,365.65,36565,USD,US,US,MacOS,Ecommerce,False,False,adyen,2026-08-02
MX-100002406,Maximor Demo Corp,CUST-007,Atlas Robotics,Mastercard,2026,6,18,215,False,372.78,37278,USD,US,US,iOS,Ecommerce,False,False,stripe,2026-08-03
MX-100002407,Maximor Demo Corp,CUST-008,Lumen Labs,NexPay,2026,7,21,216,False,379.91,37991,USD,US,US,Android,Ecommerce,False,False,stripe,2026-08-04
MX-100002408,Maximor Demo Corp,CUST-009,Northstar LLC,GlobalCard,2026,8,24,217,False,387.04,38704,USD,US,US,Windows,Ecommerce,False,False,stripe,2026-08-05
MX-100002409,Maximor Demo Corp,CUST-010,Meridian Health,Amex,2026,9,27,218,False,394.17,39417,USD,US,US,MacOS,Ecommerce,False,False,stripe,2026-08-06
MX-100002410,Maximor Demo Corp,CUST-011,Beacon Biotech,Visa,2026,10,30,219,False,401.3,40130,USD,US,US,iOS,Ecommerce,False,False,adyen,2026-08-07
MX-100002411,Maximor Demo Corp,CUST-012,Copperline Logistics,Mastercard,2026,11,33,220,False,408.43,40843,USD,US,US,Android,Ecommerce,False,False,stripe,2026-08-08
MX-100002412,Maximor Demo Corp,CUST-013,Summit Civic,NexPay,2026,12,36,221,False,415.56,41556,USD,US,US,Windows,Ecommerce,False,False,stripe,2026-08-09
MX-100002413,Maximor Demo Corp,CUST-014,Redwood Clinics,GlobalCard,2026,13,39,222,False,422.69,42269,USD,US,US,MacOS,Ecommerce,False,False,stripe,2026-08-10
MX-100002414,Maximor Demo Corp,CUST-015,Ironclad Software,Amex,2026,14,42,223,True,429.82,42982,USD,US,US,iOS,Ecommerce,False,False,stripe,2026-08-11
MX-100002415,Maximor Demo Corp,CUST-001,Northwind Labs,Visa,2026,15,45,224,False,436.95,43695,USD,US,US,Android,Ecommerce,False,False,adyen,2026-08-12
MX-100002416,Maximor Demo Corp,CUST-002,Helios Analytics,Mastercard,2026,16,48,225,False,24.08,2408,USD,US,US,Windows,Ecommerce,False,False,stripe,2026-08-13
MX-100002417,Maximor Demo Corp,CUST-003,Acme Industrial,NexPay,2026,17,51,226,False,31.21,3121,USD,US,US,MacOS,Ecommerce,False,False,stripe,2026-08-14
MX-100002418,Maximor Demo Corp,CUST-004,Brightline Media,GlobalCard,2026,18,54,227,False,38.34,3834,USD,US,US,iOS,Ecommerce,False,False,stripe,2026-08-15
MX-100002419,Maximor Demo Corp,CUST-005,Quiet Harbor,Amex,2026,19,57,228,False,45.47,4547,USD,US,US,Android,Ecommerce,False,False,stripe,2026-08-16
MX-100002420,Maximor Demo Corp,CUST-006,Pinnacle Retail,Visa,2026,20,0,229,False,52.6,5260,USD,US,US,Windows,Ecommerce,False,False,adyen,2026-08-17
MX-100002421,Maximor Demo Corp,CUST-007,Atlas Robotics,Mastercard,2026,21,3,230,False,59.73,5973,USD,US,US,MacOS,Ecommerce,False,False,stripe,2026-08-18
MX-100002422,Maximor Demo Corp,CUST-008,Lumen Labs,NexPay,2026,22,6,231,False,66.86,6686,USD,US,US,iOS,Ecommerce,False,False,stripe,2026-08-19
MX-100002423,Maximor Demo Corp,CUST-009,Northstar LLC,GlobalCard,2026,23,9,232,False,73.99,7399,USD,US,US,Android,Ecommerce,False,False,stripe,2026-08-20
MX-100002424,Maximor Demo Corp,CUST-010,Meridian Health,Amex,2026,0,12,233,False,81.12,8112,USD,US,US,Windows,Ecommerce,False,False,stripe,2026-08-21
MX-100002425,Maximor Demo Corp,CUST-011,Beacon Biotech,Visa,2026,1,15,234,False,88.25,8825,USD,US,US,MacOS,Ecommerce,False,False,adyen,2026-08-22
MX-100002426,Maximor Demo Corp,CUST-012,Copperline Logistics,Mastercard,2026,2,18,235,False,95.38,9538,USD,US,US,iOS,Ecommerce,False,False,stripe,2026-08-23
MX-100002427,Maximor Demo Corp,CUST-013,Summit Civic,NexPay,2026,3,21,236,False,102.51,10251,USD,US,US,Android,Ecommerce,False,False,stripe,2026-08-24
MX-100002428,Maximor Demo Corp,CUST-014,Redwood Clinics,GlobalCard,2026,4,24,237,False,109.64,10964,USD,US,US,Windows,Ecommerce,False,False,stripe,2026-08-25
MX-100002429,Maximor Demo Corp,CUST-015,Ironclad Software,Amex,2026,5,27,238,False,116.77,11677,USD,US,US,MacOS,Ecommerce,False,False,stripe,2026-08-26
MX-100002430,Maximor Demo Corp,CUST-001,Northwind Labs,Visa,2026,6,30,239,False,123.9,12390,USD,US,US,iOS,Ecommerce,False,False,adyen,2026-08-27
MX-100002431,Maximor Demo Corp,CUST-002,Helios Analytics,Mastercard,2026,7,33,240,True,131.03,13103,USD,US,US,Android,Ecommerce,False,False,stripe,2026-08-28
MX-100002432,Maximor Demo Corp,CUST-003,Acme Industrial,NexPay,2026,8,36,241,False,138.16,13816,USD,US,US,Windows,Ecommerce,False,False,stripe,2026-08-29
MX-100002433,Maximor Demo Corp,CUST-004,Brightline Media,GlobalCard,2026,9,39,242,False,145.29,14529,USD,US,US,MacOS,Ecommerce,False,False,stripe,2026-08-30
MX-100002434,Maximor Demo Corp,CUST-005,Quiet Harbor,Amex,2026,10,42,243,False,152.42,15242,USD,US,US,iOS,Ecommerce,False,False,stripe,2026-08-31
MX-100002435,Maximor Demo Corp,CUST-006,Pinnacle Retail,Visa,2026,11,45,244,False,159.55,15955,USD,US,US,Android,Ecommerce,False,False,adyen,2026-09-01
MX-100002436,Maximor Demo Corp,CUST-007,Atlas Robotics,Mastercard,2026,12,48,245,False,166.68,16668,USD,US,US,Windows,Ecommerce,False,False,stripe,2026-09-02
MX-100002437,Maximor Demo Corp,CUST-008,Lumen Labs,NexPay,2026,13,51,246,False,173.81,17381,USD,US,US,MacOS,Ecommerce,False,False,stripe,2026-09-03
MX-100002438,Maximor Demo Corp,CUST-009,Northstar LLC,GlobalCard,2026,14,54,247,False,180.94,18094,USD,US,US,iOS,Ecommerce,False,False,stripe,2026-09-04
MX-100002439,Maximor Demo Corp,CUST-010,Meridian Health,Amex,2026,15,57,248,False,188.07,18807,USD,US,US,Android,Ecommerce,False,False,stripe,2026-09-05
MX-100002440,Maximor Demo Corp,CUST-011,Beacon Biotech,Visa,2026,16,0,249,False,195.2,19520,USD,US,US,Windows,Ecommerce,False,False,adyen,2026-09-06
MX-100002441,Maximor Demo Corp,CUST-012,Copperline Logistics,Mastercard,2026,17,3,250,False,202.33,20233,USD,US,US,MacOS,Ecommerce,False,False,stripe,2026-09-07
MX-100002442,Maximor Demo Corp,CUST-013,Summit Civic,NexPay,2026,18,6,251,False,209.46,20946,USD,US,US,iOS,Ecommerce,False,False,stripe,2026-09-08
MX-100002443,Maximor Demo Corp,CUST-014,Redwood Clinics,GlobalCard,2026,19,9,252,False,216.59,21659,USD,US,US,Android,Ecommerce,False,False,stripe,2026-09-09
MX-100002444,Maximor Demo Corp,CUST-015,Ironclad Software,Amex,2026,20,12,253,False,223.72,22372,USD,US,US,Windows,Ecommerce,False,False,stripe,2026-09-10
MX-100002445,Maximor Demo Corp,CUST-001,Northwind Labs,Visa,2026,21,15,254,False,230.85,23085,USD,US,US,MacOS,Ecommerce,False,False,adyen,2026-09-11
MX-100002446,Maximor Demo Corp,CUST-002,Helios Analytics,Mastercard,2026,22,18,255,False,237.98,23798,USD,US,US,iOS,Ecommerce,False,False,stripe,2026-09-12
MX-100002447,Maximor Demo Corp,CUST-003,Acme Industrial,NexPay,2026,23,21,256,False,245.11,24511,USD,US,US,Android,Ecommerce,False,False,stripe,2026-09-13
MX-100002448,Maximor Demo Corp,CUST-004,Brightline Media,GlobalCard,2026,0,24,257,True,252.24,25224,USD,US,US,Windows,Ecommerce,False,False,stripe,2026-09-14
MX-100002449,Maximor Demo Corp,CUST-005,Quiet Harbor,Amex,2026,1,27,258,False,259.37,25937,USD,US,US,MacOS,Ecommerce,False,False,stripe,2026-09-15
MX-100002450,Maximor Demo Corp,CUST-006,Pinnacle Retail,Visa,2025,2,30,274,False,266.5,26650,USD,US,US,iOS,Ecommerce,False,False,adyen,2025-10-01
MX-100002451,Maximor Demo Corp,CUST-007,Atlas Robotics,Mastercard,2025,3,33,275,False,273.63,27363,USD,US,US,Android,Ecommerce,False,False,stripe,2025-10-02
MX-100002452,Maximor Demo Corp,CUST-008,Lumen Labs,NexPay,2025,4,36,276,False,280.76,28076,USD,US,US,Windows,Ecommerce,False,False,stripe,2025-10-03
MX-100002453,Maximor Demo Corp,CUST-009,Northstar LLC,GlobalCard,2025,5,39,277,False,287.89,28789,USD,US,US,MacOS,Ecommerce,False,False,stripe,2025-10-04
MX-100002454,Maximor Demo Corp,CUST-010,Meridian Health,Amex,2025,6,42,278,False,295.02,29502,USD,US,US,iOS,Ecommerce,False,False,stripe,2025-10-05
MX-100002455,Maximor Demo Corp,CUST-011,Beacon Biotech,Visa,2025,7,45,279,False,302.15,30215,USD,US,US,Android,Ecommerce,False,False,adyen,2025-10-06
MX-100002456,Maximor Demo Corp,CUST-012,Copperline Logistics,Mastercard,2025,8,48,280,False,309.28,30928,USD,US,US,Windows,Ecommerce,False,False,stripe,2025-10-07
MX-100002457,Maximor Demo Corp,CUST-013,Summit Civic,NexPay,2025,9,51,281,False,316.41,31641,USD,US,US,MacOS,Ecommerce,False,False,stripe,2025-10-08
MX-100002458,Maximor Demo Corp,CUST-014,Redwood Clinics,GlobalCard,2025,10,54,282,False,323.54,32354,USD,US,US,iOS,Ecommerce,False,False,stripe,2025-10-09
MX-100002459,Maximor Demo Corp,CUST-015,Ironclad Software,Amex,2025,11,57,283,False,330.67,33067,USD,US,US,Android,Ecommerce,False,False,stripe,2025-10-10
MX-100002460,Maximor Demo Corp,CUST-001,Northwind Labs,Visa,2025,12,0,284,False,337.8,33780,USD,US,US,Windows,Ecommerce,False,False,adyen,2025-10-11
MX-100002461,Maximor Demo Corp,CUST-002,Helios Analytics,Mastercard,2025,13,3,285,False,344.93,34493,USD,US,US,MacOS,Ecommerce,False,False,stripe,2025-10-12
MX-100002462,Maximor Demo Corp,CUST-003,Acme Industrial,NexPay,2025,14,6,286,False,352.06,35206,USD,US,US,iOS,Ecommerce,False,False,stripe,2025-10-13
MX-100002463,Maximor Demo Corp,CUST-004,Brightline Media,GlobalCard,2025,15,9,287,False,359.19,35919,USD,US,US,Android,Ecommerce,False,False,stripe,2025-10-14
MX-100002464,Maximor Demo Corp,CUST-005,Quiet Harbor,Amex,2025,16,12,288,False,366.32,36632,USD,US,US,Windows,Ecommerce,False,False,stripe,2025-10-15
MX-100002465,Maximor Demo Corp,CUST-006,Pinnacle Retail,Visa,2025,17,15,289,True,373.45,37345,USD,US,US,MacOS,Ecommerce,False,False,adyen,2025-10-16
MX-100002466,Maximor Demo Corp,CUST-007,Atlas Robotics,Mastercard,2025,18,18,290,False,380.58,38058,USD,US,US,iOS,Ecommerce,False,False,stripe,2025-10-17
MX-100002467,Maximor Demo Corp,CUST-008,Lumen Labs,NexPay,2025,19,21,291,False,387.71,38771,USD,US,US,Android,Ecommerce,False,False,stripe,2025-10-18
MX-100002468,Maximor Demo Corp,CUST-009,Northstar LLC,GlobalCard,2025,20,24,292,False,394.84,39484,USD,US,US,Windows,Ecommerce,False,False,stripe,2025-10-19
MX-100002469,Maximor Demo Corp,CUST-010,Meridian Health,Amex,2025,21,27,293,False,401.97,40197,USD,US,US,MacOS,Ecommerce,False,False,stripe,2025-10-20
MX-100002470,Maximor Demo Corp,CUST-011,Beacon Biotech,Visa,2025,22,30,294,False,409.1,40910,USD,US,US,iOS,Ecommerce,False,False,adyen,2025-10-21
MX-100002471,Maximor Demo Corp,CUST-012,Copperline Logistics,Mastercard,2025,23,33,295,False,416.23,41623,USD,US,US,Android,Ecommerce,False,False,stripe,2025-10-22
MX-100002472,Maximor Demo Corp,CUST-013,Summit Civic,NexPay,2025,0,36,296,False,423.36,42336,USD,US,US,Windows,Ecommerce,False,False,stripe,2025-10-23
MX-100002473,Maximor Demo Corp,CUST-014,Redwood Clinics,GlobalCard,2025,1,39,297,False,430.49,43049,USD,US,US,MacOS,Ecommerce,False,False,stripe,2025-10-24
MX-100002474,Maximor Demo Corp,CUST-015,Ironclad Software,Amex,2025,2,42,298,False,437.62,43762,USD,US,US,iOS,Ecommerce,False,False,stripe,2025-10-25
MX-100002475,Maximor Demo Corp,CUST-001,Northwind Labs,Visa,2025,3,45,299,False,24.75,2475,USD,US,US,Android,Ecommerce,False,False,adyen,2025-10-26
MX-100002476,Maximor Demo Corp,CUST-002,Helios Analytics,Mastercard,2025,4,48,300,False,31.88,3188,USD,US,US,Windows,Ecommerce,False,False,stripe,2025-10-27
MX-100002477,Maximor Demo Corp,CUST-003,Acme Industrial,NexPay,2025,5,51,301,False,39.01,3901,USD,US,US,MacOS,Ecommerce,False,False,stripe,2025-10-28
MX-100002478,Maximor Demo Corp,CUST-004,Brightline Media,GlobalCard,2025,6,54,302,False,46.14,4614,USD,US,US,iOS,Ecommerce,False,False,stripe,2025-10-29
MX-100002479,Maximor Demo Corp,CUST-005,Quiet Harbor,Amex,2025,7,57,303,False,53.27,5327,USD,US,US,Android,Ecommerce,False,False,stripe,2025-10-30
MX-100002480,Maximor Demo Corp,CUST-006,Pinnacle Retail,Visa,2025,8,0,304,False,60.4,6040,USD,US,US,Windows,Ecommerce,False,False,adyen,2025-10-31
MX-100002481,Maximor Demo Corp,CUST-007,Atlas Robotics,Mastercard,2025,9,3,305,False,67.53,6753,USD,US,US,MacOS,Ecommerce,False,False,stripe,2025-11-01
MX-100002482,Maximor Demo Corp,CUST-008,Lumen Labs,NexPay,2025,10,6,306,True,74.66,7466,USD,US,US,iOS,Ecommerce,False,False,stripe,2025-11-02
MX-100002483,Maximor Demo Corp,CUST-009,Northstar LLC,GlobalCard,2025,11,9,307,False,81.79,8179,USD,US,US,Android,Ecommerce,False,False,stripe,2025-11-03
MX-100002484,Maximor Demo Corp,CUST-010,Meridian Health,Amex,2025,12,12,308,False,88.92,8892,USD,US,US,Windows,Ecommerce,False,False,stripe,2025-11-04
MX-100002485,Maximor Demo Corp,CUST-011,Beacon Biotech,Visa,2025,13,15,309,False,96.05,9605,USD,US,US,MacOS,Ecommerce,False,False,adyen,2025-11-05
MX-100002486,Maximor Demo Corp,CUST-012,Copperline Logistics,Mastercard,2025,14,18,310,False,103.18,10318,USD,US,US,iOS,Ecommerce,False,False,stripe,2025-11-06
MX-100002487,Maximor Demo Corp,CUST-013,Summit Civic,NexPay,2025,15,21,311,False,110.31,11031,USD,US,US,Android,Ecommerce,False,False,stripe,2025-11-07
MX-100002488,Maximor Demo Corp,CUST-014,Redwood Clinics,GlobalCard,2025,16,24,312,False,117.44,11744,USD,US,US,Windows,Ecommerce,False,False,stripe,2025-11-08
MX-100002489,Maximor Demo Corp,CUST-015,Ironclad Software,Amex,2025,17,27,313,False,124.57,12457,USD,US,US,MacOS,Ecommerce,False,False,stripe,2025-11-09
MX-100002490,Maximor Demo Corp,CUST-001,Northwind Labs,Visa,2025,18,30,314,False,131.7,13170,USD,US,US,iOS,Ecommerce,False,False,adyen,2025-11-10
MX-100002491,Maximor Demo Corp,CUST-002,Helios Analytics,Mastercard,2025,19,33,315,False,138.83,13883,USD,US,US,Android,Ecommerce,False,False,stripe,2025-11-11
MX-100002492,Maximor Demo Corp,CUST-003,Acme Industrial,NexPay,2025,20,36,316,False,145.96,14596,USD,US,US,Windows,Ecommerce,False,False,stripe,2025-11-12
MX-100002493,Maximor Demo Corp,CUST-004,Brightline Media,GlobalCard,2025,21,39,317,False,153.09,15309,USD,US,US,MacOS,Ecommerce,False,False,stripe,2025-11-13
MX-100002494,Maximor Demo Corp,CUST-005,Quiet Harbor,Amex,2025,22,42,318,False,160.22,16022,USD,US,US,iOS,Ecommerce,False,False,stripe,2025-11-14
MX-100002495,Maximor Demo Corp,CUST-006,Pinnacle Retail,Visa,2025,23,45,319,False,167.35,16735,USD,US,US,Android,Ecommerce,False,False,adyen,2025-11-15
MX-100002496,Maximor Demo Corp,CUST-007,Atlas Robotics,Mastercard,2025,0,48,320,False,174.48,17448,USD,US,US,Windows,Ecommerce,False,False,stripe,2025-11-16
MX-100002497,Maximor Demo Corp,CUST-008,Lumen Labs,NexPay,2025,1,51,321,False,181.61,18161,USD,US,US,MacOS,Ecommerce,False,False,stripe,2025-11-17
MX-100002498,Maximor Demo Corp,CUST-009,Northstar LLC,GlobalCard,2025,2,54,322,False,188.74,18874,USD,US,US,iOS,Ecommerce,False,False,stripe,2025-11-18
MX-100002499,Maximor Demo Corp,CUST-010,Meridian Health,Amex,2025,3,57,323,True,195.87,19587,USD,US,US,Android,Ecommerce,False,False,stripe,2025-11-19
MX-100002500,Maximor Demo Corp,CUST-011,Beacon Biotech,Visa,2025,4,0,324,False,203.0,20300,USD,US,US,Windows,Ecommerce,False,False,adyen,2025-11-20
MX-100002501,Maximor Demo Corp,CUST-012,Copperline Logistics,Mastercard,2025,5,3,325,False,210.13,21013,USD,US,US,MacOS,Ecommerce,False,False,stripe,2025-11-21
MX-100002502,Maximor Demo Corp,CUST-013,Summit Civic,NexPay,2025,6,6,326,False,217.26,21726,USD,US,US,iOS,Ecommerce,False,False,stripe,2025-11-22
MX-100002503,Maximor Demo Corp,CUST-014,Redwood Clinics,GlobalCard,2025,7,9,327,False,224.39,22439,USD,US,US,Android,Ecommerce,False,False,stripe,2025-11-23
MX-100002504,Maximor Demo Corp,CUST-015,Ironclad Software,Amex,2025,8,12,328,False,231.52,23152,USD,US,US,Windows,Ecommerce,False,False,stripe,2025-11-24
MX-100002505,Maximor Demo Corp,CUST-001,Northwind Labs,Visa,2025,9,15,329,False,238.65,23865,USD,US,US,MacOS,Ecommerce,False,False,adyen,2025-11-25
MX-100002506,Maximor Demo Corp,CUST-002,Helios Analytics,Mastercard,2025,10,18,330,False,245.78,24578,USD,US,US,iOS,Ecommerce,False,False,stripe,2025-11-26
MX-100002507,Maximor Demo Corp,CUST-003,Acme Industrial,NexPay,2025,11,21,331,False,252.91,25291,USD,US,US,Android,Ecommerce,False,False,stripe,2025-11-27
MX-100002508,Maximor Demo Corp,CUST-004,Brightline Media,GlobalCard,2025,12,24,332,False,260.04,26004,USD,US,US,Windows,Ecommerce,False,False,stripe,2025-11-28
MX-100002509,Maximor Demo Corp,CUST-005,Quiet Harbor,Amex,2025,13,27,333,False,267.17,26717,USD,US,US,MacOS,Ecommerce,False,False,stripe,2025-11-29
MX-100002510,Maximor Demo Corp,CUST-006,Pinnacle Retail,Visa,2025,14,30,334,False,274.3,27430,USD,US,US,iOS,Ecommerce,False,False,adyen,2025-11-30
MX-100002511,Maximor Demo Corp,CUST-007,Atlas Robotics,Mastercard,2025,15,33,335,False,281.43,28143,USD,US,US,Android,Ecommerce,False,False,stripe,2025-12-01
MX-100002512,Maximor Demo Corp,CUST-008,Lumen Labs,NexPay,2025,16,36,336,False,288.56,28856,USD,US,US,Windows,Ecommerce,False,False,stripe,2025-12-02
MX-100002513,Maximor Demo Corp,CUST-009,Northstar LLC,GlobalCard,2025,17,39,337,False,295.69,29569,USD,US,US,MacOS,Ecommerce,False,False,stripe,2025-12-03
MX-100002514,Maximor Demo Corp,CUST-010,Meridian Health,Amex,2025,18,42,338,False,302.82,30282,USD,US,US,iOS,Ecommerce,False,False,stripe,2025-12-04
MX-100002515,Maximor Demo Corp,CUST-011,Beacon Biotech,Visa,2025,19,45,339,False,309.95,30995,USD,US,US,Android,Ecommerce,False,False,adyen,2025-12-05
MX-100002516,Maximor Demo Corp,CUST-012,Copperline Logistics,Mastercard,2025,20,48,340,True,317.08,31708,USD,US,US,Windows,Ecommerce,False,False,stripe,2025-12-06
MX-100002517,Maximor Demo Corp,CUST-013,Summit Civic,NexPay,2025,21,51,341,False,324.21,32421,USD,US,US,MacOS,Ecommerce,False,False,stripe,2025-12-07
MX-100002518,Maximor Demo Corp,CUST-014,Redwood Clinics,GlobalCard,2025,22,54,342,False,331.34,33134,USD,US,US,iOS,Ecommerce,False,False,stripe,2025-12-08
MX-100002519,Maximor Demo Corp,CUST-015,Ironclad Software,Amex,2025,23,57,343,False,338.47,33847,USD,US,US,Android,Ecommerce,False,False,stripe,2025-12-09
MX-100002520,Maximor Demo Corp,CUST-001,Northwind Labs,Visa,2025,0,0,344,False,345.6,34560,USD,US,US,Windows,Ecommerce,False,False,adyen,2025-12-10
MX-100002521,Maximor Demo Corp,CUST-002,Helios Analytics,Mastercard,2025,1,3,345,False,352.73,35273,USD,US,US,MacOS,Ecommerce,False,False,stripe,2025-12-11
MX-100002522,Maximor Demo Corp,CUST-003,Acme Industrial,NexPay,2025,2,6,346,False,359.86,35986,USD,US,US,iOS,Ecommerce,False,False,stripe,2025-12-12
MX-100002523,Maximor Demo Corp,CUST-004,Brightline Media,GlobalCard,2025,3,9,347,False,366.99,36699,USD,US,US,Android,Ecommerce,False,False,stripe,2025-12-13
MX-100002524,Maximor Demo Corp,CUST-005,Quiet Harbor,Amex,2025,4,12,348,False,374.12,37412,USD,US,US,Windows,Ecommerce,False,False,stripe,2025-12-14
MX-100002525,Maximor Demo Corp,CUST-006,Pinnacle Retail,Visa,2025,5,15,349,False,381.25,38125,USD,US,US,MacOS,Ecommerce,False,False,adyen,2025-12-15
MX-100002526,Maximor Demo Corp,CUST-007,Atlas Robotics,Mastercard,2025,6,18,350,False,388.38,38838,USD,US,US,iOS,Ecommerce,False,False,stripe,2025-12-16
MX-100002527,Maximor Demo Corp,CUST-008,Lumen Labs,NexPay,2025,7,21,351,False,395.51,39551,USD,US,US,Android,Ecommerce,False,False,stripe,2025-12-17
MX-100002528,Maximor Demo Corp,CUST-009,Northstar LLC,GlobalCard,2025,8,24,352,False,402.64,40264,USD,US,US,Windows,Ecommerce,False,False,stripe,2025-12-18
MX-100002529,Maximor Demo Corp,CUST-010,Meridian Health,Amex,2025,9,27,353,False,409.77,40977,USD,US,US,MacOS,Ecommerce,False,False,stripe,2025-12-19
MX-100002530,Maximor Demo Corp,CUST-011,Beacon Biotech,Visa,2025,10,30,354,False,416.9,41690,USD,US,US,iOS,Ecommerce,False,False,adyen,2025-12-20
MX-100002531,Maximor Demo Corp,CUST-012,Copperline Logistics,Mastercard,2025,11,33,355,False,424.03,42403,USD,US,US,Android,Ecommerce,False,False,stripe,2025-12-21
MX-100002532,Maximor Demo Corp,CUST-013,Summit Civic,NexPay,2025,12,36,356,False,431.16,43116,USD,US,US,Windows,Ecommerce,False,False,stripe,2025-12-22
MX-100002533,Maximor Demo Corp,CUST-014,Redwood Clinics,GlobalCard,2025,13,39,357,True,18.29,1829,USD,US,US,MacOS,Ecommerce,False,False,stripe,2025-12-23
MX-100002534,Maximor Demo Corp,CUST-015,Ironclad Software,Amex,2025,14,42,358,False,25.42,2542,USD,US,US,iOS,Ecommerce,False,False,stripe,2025-12-24
MX-100002535,Maximor Demo Corp,CUST-001,Northwind Labs,Visa,2025,15,45,359,False,32.55,3255,USD,US,US,Android,Ecommerce,False,False,adyen,2025-12-25
MX-100002536,Maximor Demo Corp,CUST-002,Helios Analytics,Mastercard,2025,16,48,360,False,39.68,3968,USD,US,US,Windows,Ecommerce,False,False,stripe,2025-12-26
MX-100002537,Maximor Demo Corp,CUST-003,Acme Industrial,NexPay,2025,17,51,361,False,46.81,4681,USD,US,US,MacOS,Ecommerce,False,False,stripe,2025-12-27
MX-100002538,Maximor Demo Corp,CUST-004,Brightline Media,GlobalCard,2025,18,54,362,False,53.94,5394,USD,US,US,iOS,Ecommerce,False,False,stripe,2025-12-28
MX-100002539,Maximor Demo Corp,CUST-005,Quiet Harbor,Amex,2025,19,57,363,False,61.07,6107,USD,US,US,Android,Ecommerce,False,False,stripe,2025-12-29
MX-100002540,Maximor Demo Corp,CUST-006,Pinnacle Retail,Visa,2025,20,0,364,False,68.2,6820,USD,US,US,Windows,Ecommerce,False,False,adyen,2025-12-30
MX-100002541,Maximor Demo Corp,CUST-007,Atlas Robotics,Mastercard,2025,21,3,365,False,75.33,7533,USD,US,US,MacOS,Ecommerce,False,False,stripe,2025-12-31
MX-100002542,Maximor Demo Corp,CUST-008,Lumen Labs,NexPay,2026,22,6,1,False,82.46,8246,USD,US,US,iOS,Ecommerce,False,False,stripe,2026-01-01
MX-100002543,Maximor Demo Corp,CUST-009,Northstar LLC,GlobalCard,2026,23,9,2,False,89.59,8959,USD,US,US,Android,Ecommerce,False,False,stripe,2026-01-02
MX-100002544,Maximor Demo Corp,CUST-010,Meridian Health,Amex,2026,0,12,3,False,96.72,9672,USD,US,US,Windows,Ecommerce,False,False,stripe,2026-01-03
MX-100002545,Maximor Demo Corp,CUST-011,Beacon Biotech,Visa,2026,1,15,4,False,103.85,10385,USD,US,US,MacOS,Ecommerce,False,False,adyen,2026-01-04
MX-100002546,Maximor Demo Corp,CUST-012,Copperline Logistics,Mastercard,2026,2,18,5,False,110.98,11098,USD,US,US,iOS,Ecommerce,False,False,stripe,2026-01-05
MX-100002547,Maximor Demo Corp,CUST-013,Summit Civic,NexPay,2026,3,21,6,False,118.11,11811,USD,US,US,Android,Ecommerce,False,False,stripe,2026-01-06
MX-100002548,Maximor Demo Corp,CUST-014,Redwood Clinics,GlobalCard,2026,4,24,7,False,125.24,12524,USD,US,US,Windows,Ecommerce,False,False,stripe,2026-01-07
MX-100002549,Maximor Demo Corp,CUST-015,Ironclad Software,Amex,2026,5,27,8,False,132.37,13237,USD,US,US,MacOS,Ecommerce,False,False,stripe,2026-01-08
MX-100002550,Maximor Demo Corp,CUST-001,Northwind Labs,Visa,2026,6,30,9,True,139.5,13950,USD,US,US,iOS,Ecommerce,False,False,adyen,2026-01-09
MX-100002551,Maximor Demo Corp,CUST-002,Helios Analytics,Mastercard,2026,7,33,10,False,146.63,14663,USD,US,US,Android,Ecommerce,False,False,stripe,2026-01-10
MX-100002552,Maximor Demo Corp,CUST-003,Acme Industrial,NexPay,2026,8,36,11,False,153.76,15376,USD,US,US,Windows,Ecommerce,False,False,stripe,2026-01-11
MX-100002553,Maximor Demo Corp,CUST-004,Brightline Media,GlobalCard,2026,9,39,12,False,160.89,16089,USD,US,US,MacOS,Ecommerce,False,False,stripe,2026-01-12
MX-100002554,Maximor Demo Corp,CUST-005,Quiet Harbor,Amex,2026,10,42,13,False,168.02,16802,USD,US,US,iOS,Ecommerce,False,False,stripe,2026-01-13
MX-100002555,Maximor Demo Corp,CUST-006,Pinnacle Retail,Visa,2026,11,45,14,False,175.15,17515,USD,US,US,Android,Ecommerce,False,False,adyen,2026-01-14
MX-100002556,Maximor Demo Corp,CUST-007,Atlas Robotics,Mastercard,2026,12,48,15,False,182.28,18228,USD,US,US,Windows,Ecommerce,False,False,stripe,2026-01-15
MX-100002557,Maximor Demo Corp,CUST-008,Lumen Labs,NexPay,2026,13,51,16,False,189.41,18941,USD,US,US,MacOS,Ecommerce,False,False,stripe,2026-01-16
MX-100002558,Maximor Demo Corp,CUST-009,Northstar LLC,GlobalCard,2026,14,54,17,False,196.54,19654,USD,US,US,iOS,Ecommerce,False,False,stripe,2026-01-17
MX-100002559,Maximor Demo Corp,CUST-010,Meridian Health,Amex,2026,15,57,18,False,203.67,20367,USD,US,US,Android,Ecommerce,False,False,stripe,2026-01-18
MX-100002560,Maximor Demo Corp,CUST-011,Beacon Biotech,Visa,2026,16,0,19,False,210.8,21080,USD,US,US,Windows,Ecommerce,False,False,adyen,2026-01-19
MX-100002561,Maximor Demo Corp,CUST-012,Copperline Logistics,Mastercard,2026,17,3,20,False,217.93,21793,USD,US,US,MacOS,Ecommerce,False,False,stripe,2026-01-20
MX-100002562,Maximor Demo Corp,CUST-013,Summit Civic,NexPay,2026,18,6,21,False,225.06,22506,USD,US,US,iOS,Ecommerce,False,False,stripe,2026-01-21
MX-100002563,Maximor Demo Corp,CUST-014,Redwood Clinics,GlobalCard,2026,19,9,22,False,232.19,23219,USD,US,US,Android,Ecommerce,False,False,stripe,2026-01-22
MX-100002564,Maximor Demo Corp,CUST-015,Ironclad Software,Amex,2026,20,12,23,False,239.32,23932,USD,US,US,Windows,Ecommerce,False,False,stripe,2026-01-23
MX-100002565,Maximor Demo Corp,CUST-001,Northwind Labs,Visa,2026,21,15,24,False,246.45,24645,USD,US,US,MacOS,Ecommerce,False,False,adyen,2026-01-24
MX-100002566,Maximor Demo Corp,CUST-002,Helios Analytics,Mastercard,2026,22,18,25,False,253.58,25358,USD,US,US,iOS,Ecommerce,False,False,stripe,2026-01-25
MX-100002567,Maximor Demo Corp,CUST-003,Acme Industrial,NexPay,2026,23,21,26,True,260.71,26071,USD,US,US,Android,Ecommerce,False,False,stripe,2026-01-26
MX-100002568,Maximor Demo Corp,CUST-004,Brightline Media,GlobalCard,2026,0,24,27,False,267.84,26784,USD,US,US,Windows,Ecommerce,False,False,stripe,2026-01-27
MX-100002569,Maximor Demo Corp,CUST-005,Quiet Harbor,Amex,2026,1,27,28,False,274.97,27497,USD,US,US,MacOS,Ecommerce,False,False,stripe,2026-01-28
MX-100002570,Maximor Demo Corp,CUST-006,Pinnacle Retail,Visa,2026,2,30,29,False,282.1,28210,USD,US,US,iOS,Ecommerce,False,False,adyen,2026-01-29
MX-100002571,Maximor Demo Corp,CUST-007,Atlas Robotics,Mastercard,2026,3,33,30,False,289.23,28923,USD,US,US,Android,Ecommerce,False,False,stripe,2026-01-30
MX-100002572,Maximor Demo Corp,CUST-008,Lumen Labs,NexPay,2026,4,36,31,False,296.36,29636,USD,US,US,Windows,Ecommerce,False,False,stripe,2026-01-31
MX-100002573,Maximor Demo Corp,CUST-009,Northstar LLC,GlobalCard,2026,5,39,32,False,303.49,30349,USD,US,US,MacOS,Ecommerce,False,False,stripe,2026-02-01
MX-100002574,Maximor Demo Corp,CUST-010,Meridian Health,Amex,2026,6,42,33,False,310.62,31062,USD,US,US,iOS,Ecommerce,False,False,stripe,2026-02-02
MX-100002575,Maximor Demo Corp,CUST-011,Beacon Biotech,Visa,2026,7,45,34,False,317.75,31775,USD,US,US,Android,Ecommerce,False,False,adyen,2026-02-03
MX-100002576,Maximor Demo Corp,CUST-012,Copperline Logistics,Mastercard,2026,8,48,35,False,324.88,32488,USD,US,US,Windows,Ecommerce,False,False,stripe,2026-02-04
MX-100002577,Maximor Demo Corp,CUST-013,Summit Civic,NexPay,2026,9,51,36,False,332.01,33201,USD,US,US,MacOS,Ecommerce,False,False,stripe,2026-02-05
MX-100002578,Maximor Demo Corp,CUST-014,Redwood Clinics,GlobalCard,2026,10,54,37,False,339.14,33914,USD,US,US,iOS,Ecommerce,False,False,stripe,2026-02-06
MX-100002579,Maximor Demo Corp,CUST-015,Ironclad Software,Amex,2026,11,57,38,False,346.27,34627,USD,US,US,Android,Ecommerce,False,False,stripe,2026-02-07
MX-100002580,Maximor Demo Corp,CUST-001,Northwind Labs,Visa,2026,12,0,39,False,353.4,35340,USD,US,US,Windows,Ecommerce,False,False,adyen,2026-02-08
MX-100002581,Maximor Demo Corp,CUST-002,Helios Analytics,Mastercard,2026,13,3,40,False,360.53,36053,USD,US,US,MacOS,Ecommerce,False,False,stripe,2026-02-09
MX-100002582,Maximor Demo Corp,CUST-003,Acme Industrial,NexPay,2026,14,6,41,False,367.66,36766,USD,US,US,iOS,Ecommerce,False,False,stripe,2026-02-10
MX-100002583,Maximor Demo Corp,CUST-004,Brightline Media,GlobalCard,2026,15,9,42,False,374.79,37479,USD,US,US,Android,Ecommerce,False,False,stripe,2026-02-11
MX-100002584,Maximor Demo Corp,CUST-005,Quiet Harbor,Amex,2026,16,12,43,True,381.92,38192,USD,US,US,Windows,Ecommerce,False,False,stripe,2026-02-12
MX-100002585,Maximor Demo Corp,CUST-006,Pinnacle Retail,Visa,2026,17,15,44,False,389.05,38905,USD,US,US,MacOS,Ecommerce,False,False,adyen,2026-02-13
MX-100002586,Maximor Demo Corp,CUST-007,Atlas Robotics,Mastercard,2026,18,18,45,False,396.18,39618,USD,US,US,iOS,Ecommerce,False,False,stripe,2026-02-14
MX-100002587,Maximor Demo Corp,CUST-008,Lumen Labs,NexPay,2026,19,21,46,False,403.31,40331,USD,US,US,Android,Ecommerce,False,False,stripe,2026-02-15
MX-100002588,Maximor Demo Corp,CUST-009,Northstar LLC,GlobalCard,2026,20,24,47,False,410.44,41044,USD,US,US,Windows,Ecommerce,False,False,stripe,2026-02-16
MX-100002589,Maximor Demo Corp,CUST-010,Meridian Health,Amex,2026,21,27,48,False,417.57,41757,USD,US,US,MacOS,Ecommerce,False,False,stripe,2026-02-17
MX-100002590,Maximor Demo Corp,CUST-011,Beacon Biotech,Visa,2026,22,30,49,False,424.7,42470,USD,US,US,iOS,Ecommerce,False,False,adyen,2026-02-18
MX-100002591,Maximor Demo Corp,CUST-012,Copperline Logistics,Mastercard,2026,23,33,50,False,431.83,43183,USD,US,US,Android,Ecommerce,False,False,stripe,2026-02-19
MX-100002592,Maximor Demo Corp,CUST-013,Summit Civic,NexPay,2026,0,36,51,False,18.96,1896,USD,US,US,Windows,Ecommerce,False,False,stripe,2026-02-20
MX-100002593,Maximor Demo Corp,CUST-014,Redwood Clinics,GlobalCard,2026,1,39,52,False,26.09,2609,USD,US,US,MacOS,Ecommerce,False,False,stripe,2026-02-21
MX-100002594,Maximor Demo Corp,CUST-015,Ironclad Software,Amex,2026,2,42,53,False,33.22,3322,USD,US,US,iOS,Ecommerce,False,False,stripe,2026-02-22
MX-100002595,Maximor Demo Corp,CUST-001,Northwind Labs,Visa,2026,3,45,54,False,40.35,4035,USD,US,US,Android,Ecommerce,False,False,adyen,2026-02-23
MX-100002596,Maximor Demo Corp,CUST-002,Helios Analytics,Mastercard,2026,4,48,55,False,47.48,4748,USD,US,US,Windows,Ecommerce,False,False,stripe,2026-02-24
MX-100002597,Maximor Demo Corp,CUST-003,Acme Industrial,NexPay,2026,5,51,56,False,54.61,5461,USD,US,US,MacOS,Ecommerce,False,False,stripe,2026-02-25
MX-100002598,Maximor Demo Corp,CUST-004,Brightline Media,GlobalCard,2026,6,54,57,False,61.74,6174,USD,US,US,iOS,Ecommerce,False,False,stripe,2026-02-26
MX-100002599,Maximor Demo Corp,CUST-005,Quiet Harbor,Amex,2026,7,57,58,False,68.87,6887,USD,US,US,Android,Ecommerce,False,False,stripe,2026-02-27
MX-100002600,Maximor Demo Corp,CUST-006,Pinnacle Retail,Visa,2026,8,0,59,False,76.0,7600,USD,US,US,Windows,Ecommerce,False,False,adyen,2026-02-28
MX-100002601,Maximor Demo Corp,CUST-007,Atlas Robotics,Mastercard,2026,9,3,60,True,83.13,8313,USD,US,US,MacOS,Ecommerce,False,False,stripe,2026-03-01
MX-100002602,Maximor Demo Corp,CUST-008,Lumen Labs,NexPay,2026,10,6,61,False,90.26,9026,USD,US,US,iOS,Ecommerce,False,False,stripe,2026-03-02
MX-100002603,Maximor Demo Corp,CUST-009,Northstar LLC,GlobalCard,2026,11,9,62,False,97.39,9739,USD,US,US,Android,Ecommerce,False,False,stripe,2026-03-03
MX-100002604,Maximor Demo Corp,CUST-010,Meridian Health,Amex,2026,12,12,63,False,104.52,10452,USD,US,US,Windows,Ecommerce,False,False,stripe,2026-03-04
MX-100002605,Maximor Demo Corp,CUST-011,Beacon Biotech,Visa,2026,13,15,64,False,111.65,11165,USD,US,US,MacOS,Ecommerce,False,False,adyen,2026-03-05
MX-100002606,Maximor Demo Corp,CUST-012,Copperline Logistics,Mastercard,2026,14,18,65,False,118.78,11878,USD,US,US,iOS,Ecommerce,False,False,stripe,2026-03-06
MX-100002607,Maximor Demo Corp,CUST-013,Summit Civic,NexPay,2026,15,21,66,False,125.91,12591,USD,US,US,Android,Ecommerce,False,False,stripe,2026-03-07
MX-100002608,Maximor Demo Corp,CUST-014,Redwood Clinics,GlobalCard,2026,16,24,67,False,133.04,13304,USD,US,US,Windows,Ecommerce,False,False,stripe,2026-03-08
MX-100002609,Maximor Demo Corp,CUST-015,Ironclad Software,Amex,2026,17,27,68,False,140.17,14017,USD,US,US,MacOS,Ecommerce,False,False,stripe,2026-03-09
MX-100002610,Maximor Demo Corp,CUST-001,Northwind Labs,Visa,2026,18,30,69,False,147.3,14730,USD,US,US,iOS,Ecommerce,False,False,adyen,2026-03-10
MX-100002611,Maximor Demo Corp,CUST-002,Helios Analytics,Mastercard,2026,19,33,70,False,154.43,15443,USD,US,US,Android,Ecommerce,False,False,stripe,2026-03-11
MX-100002612,Maximor Demo Corp,CUST-003,Acme Industrial,NexPay,2026,20,36,71,False,161.56,16156,USD,US,US,Windows,Ecommerce,False,False,stripe,2026-03-12
MX-100002613,Maximor Demo Corp,CUST-004,Brightline Media,GlobalCard,2026,21,39,72,False,168.69,16869,USD,US,US,MacOS,Ecommerce,False,False,stripe,2026-03-13
MX-100002614,Maximor Demo Corp,CUST-005,Quiet Harbor,Amex,2026,22,42,73,False,175.82,17582,USD,US,US,iOS,Ecommerce,False,False,stripe,2026-03-14
MX-100002615,Maximor Demo Corp,CUST-006,Pinnacle Retail,Visa,2026,23,45,74,False,182.95,18295,USD,US,US,Android,Ecommerce,False,False,adyen,2026-03-15
MX-100002616,Maximor Demo Corp,CUST-007,Atlas Robotics,Mastercard,2026,0,48,75,False,190.08,19008,USD,US,US,Windows,Ecommerce,False,False,stripe,2026-03-16
MX-100002617,Maximor Demo Corp,CUST-008,Lumen Labs,NexPay,2026,1,51,76,False,197.21,19721,USD,US,US,MacOS,Ecommerce,False,False,stripe,2026-03-17
MX-100002618,Maximor Demo Corp,CUST-009,Northstar LLC,GlobalCard,2026,2,54,77,True,204.34,20434,USD,US,US,iOS,Ecommerce,False,False,stripe,2026-03-18
MX-100002619,Maximor Demo Corp,CUST-010,Meridian Health,Amex,2026,3,57,78,False,211.47,21147,USD,US,US,Android,Ecommerce,False,False,stripe,2026-03-19
MX-100002620,Maximor Demo Corp,CUST-011,Beacon Biotech,Visa,2026,4,0,79,False,218.6,21860,USD,US,US,Windows,Ecommerce,False,False,adyen,2026-03-20
MX-100002621,Maximor Demo Corp,CUST-012,Copperline Logistics,Mastercard,2026,5,3,80,False,225.73,22573,USD,US,US,MacOS,Ecommerce,False,False,stripe,2026-03-21
MX-100002622,Maximor Demo Corp,CUST-013,Summit Civic,NexPay,2026,6,6,81,False,232.86,23286,USD,US,US,iOS,Ecommerce,False,False,stripe,2026-03-22
MX-100002623,Maximor Demo Corp,CUST-014,Redwood Clinics,GlobalCard,2026,7,9,82,False,239.99,23999,USD,US,US,Android,Ecommerce,False,False,stripe,2026-03-23
MX-100002624,Maximor Demo Corp,CUST-015,Ironclad Software,Amex,2026,8,12,83,False,247.12,24712,USD,US,US,Windows,Ecommerce,False,False,stripe,2026-03-24
MX-100002625,Maximor Demo Corp,CUST-001,Northwind Labs,Visa,2026,9,15,84,False,254.25,25425,USD,US,US,MacOS,Ecommerce,False,False,adyen,2026-03-25
MX-100002626,Maximor Demo Corp,CUST-002,Helios Analytics,Mastercard,2026,10,18,85,False,261.38,26138,USD,US,US,iOS,Ecommerce,False,False,stripe,2026-03-26
MX-100002627,Maximor Demo Corp,CUST-003,Acme Industrial,NexPay,2026,11,21,86,False,268.51,26851,USD,US,US,Android,Ecommerce,False,False,stripe,2026-03-27
MX-100002628,Maximor Demo Corp,CUST-004,Brightline Media,GlobalCard,2026,12,24,87,False,275.64,27564,USD,US,US,Windows,Ecommerce,False,False,stripe,2026-03-28
MX-100002629,Maximor Demo Corp,CUST-005,Quiet Harbor,Amex,2026,13,27,88,False,282.77,28277,USD,US,US,MacOS,Ecommerce,False,False,stripe,2026-03-29
MX-100002630,Maximor Demo Corp,CUST-006,Pinnacle Retail,Visa,2026,14,30,89,False,289.9,28990,USD,US,US,iOS,Ecommerce,False,False,adyen,2026-03-30
MX-100002631,Maximor Demo Corp,CUST-007,Atlas Robotics,Mastercard,2026,15,33,90,False,297.03,29703,USD,US,US,Android,Ecommerce,False,False,stripe,2026-03-31
MX-100002632,Maximor Demo Corp,CUST-008,Lumen Labs,NexPay,2026,16,36,91,False,304.16,30416,USD,US,US,Windows,Ecommerce,False,False,stripe,2026-04-01
MX-100002633,Maximor Demo Corp,CUST-009,Northstar LLC,GlobalCard,2026,17,39,92,False,311.29,31129,USD,US,US,MacOS,Ecommerce,False,False,stripe,2026-04-02
MX-100002634,Maximor Demo Corp,CUST-010,Meridian Health,Amex,2026,18,42,93,False,318.42,31842,USD,US,US,iOS,Ecommerce,False,False,stripe,2026-04-03
MX-100002635,Maximor Demo Corp,CUST-011,Beacon Biotech,Visa,2026,19,45,94,True,325.55,32555,USD,US,US,Android,Ecommerce,False,False,adyen,2026-04-04
MX-100002636,Maximor Demo Corp,CUST-012,Copperline Logistics,Mastercard,2026,20,48,95,False,332.68,33268,USD,US,US,Windows,Ecommerce,False,False,stripe,2026-04-05
MX-100002637,Maximor Demo Corp,CUST-013,Summit Civic,NexPay,2026,21,51,96,False,339.81,33981,USD,US,US,MacOS,Ecommerce,False,False,stripe,2026-04-06
MX-100002638,Maximor Demo Corp,CUST-014,Redwood Clinics,GlobalCard,2026,22,54,97,False,346.94,34694,USD,US,US,iOS,Ecommerce,False,False,stripe,2026-04-07
MX-100002639,Maximor Demo Corp,CUST-015,Ironclad Software,Amex,2026,23,57,98,False,354.07,35407,USD,US,US,Android,Ecommerce,False,False,stripe,2026-04-08
MX-100002640,Maximor Demo Corp,CUST-001,Northwind Labs,Visa,2026,0,0,99,False,361.2,36120,USD,US,US,Windows,Ecommerce,False,False,adyen,2026-04-09
MX-100002641,Maximor Demo Corp,CUST-002,Helios Analytics,Mastercard,2026,1,3,100,False,368.33,36833,USD,US,US,MacOS,Ecommerce,False,False,stripe,2026-04-10
MX-100002642,Maximor Demo Corp,CUST-003,Acme Industrial,NexPay,2026,2,6,101,False,375.46,37546,USD,US,US,iOS,Ecommerce,False,False,stripe,2026-04-11
MX-100002643,Maximor Demo Corp,CUST-004,Brightline Media,GlobalCard,2026,3,9,102,False,382.59,38259,USD,US,US,Android,Ecommerce,False,False,stripe,2026-04-12
MX-100002644,Maximor Demo Corp,CUST-005,Quiet Harbor,Amex,2026,4,12,103,False,389.72,38972,USD,US,US,Windows,Ecommerce,False,False,stripe,2026-04-13
MX-100002645,Maximor Demo Corp,CUST-006,Pinnacle Retail,Visa,2026,5,15,104,False,396.85,39685,USD,US,US,MacOS,Ecommerce,False,False,adyen,2026-04-14
MX-100002646,Maximor Demo Corp,CUST-007,Atlas Robotics,Mastercard,2026,6,18,105,False,403.98,40398,USD,US,US,iOS,Ecommerce,False,False,stripe,2026-04-15
MX-100002647,Maximor Demo Corp,CUST-008,Lumen Labs,NexPay,2026,7,21,106,False,411.11,41111,USD,US,US,Android,Ecommerce,False,False,stripe,2026-04-16
MX-100002648,Maximor Demo Corp,CUST-009,Northstar LLC,GlobalCard,2026,8,24,107,False,418.24,41824,USD,US,US,Windows,Ecommerce,False,False,stripe,2026-04-17
MX-100002649,Maximor Demo Corp,CUST-010,Meridian Health,Amex,2026,9,27,108,False,425.37,42537,USD,US,US,MacOS,Ecommerce,False,False,stripe,2026-04-18
MX-100002650,Maximor Demo Corp,CUST-011,Beacon Biotech,Visa,2026,10,30,109,False,432.5,43250,USD,US,US,iOS,Ecommerce,False,False,adyen,2026-04-19
MX-100002651,Maximor Demo Corp,CUST-012,Copperline Logistics,Mastercard,2026,11,33,110,False,19.63,1963,USD,US,US,Android,Ecommerce,False,False,stripe,2026-04-20
MX-100002652,Maximor Demo Corp,CUST-013,Summit Civic,NexPay,2026,12,36,111,True,26.76,2676,USD,US,US,Windows,Ecommerce,False,False,stripe,2026-04-21
MX-100002653,Maximor Demo Corp,CUST-014,Redwood Clinics,GlobalCard,2026,13,39,112,False,33.89,3389,USD,US,US,MacOS,Ecommerce,False,False,stripe,2026-04-22
MX-100002654,Maximor Demo Corp,CUST-015,Ironclad Software,Amex,2026,14,42,113,False,41.02,4102,USD,US,US,iOS,Ecommerce,False,False,stripe,2026-04-23
MX-100002655,Maximor Demo Corp,CUST-001,Northwind Labs,Visa,2026,15,45,114,False,48.15,4815,USD,US,US,Android,Ecommerce,False,False,adyen,2026-04-24
MX-100002656,Maximor Demo Corp,CUST-002,Helios Analytics,Mastercard,2026,16,48,115,False,55.28,5528,USD,US,US,Windows,Ecommerce,False,False,stripe,2026-04-25
MX-100002657,Maximor Demo Corp,CUST-003,Acme Industrial,NexPay,2026,17,51,116,False,62.41,6241,USD,US,US,MacOS,Ecommerce,False,False,stripe,2026-04-26
MX-100002658,Maximor Demo Corp,CUST-004,Brightline Media,GlobalCard,2026,18,54,117,False,69.54,6954,USD,US,US,iOS,Ecommerce,False,False,stripe,2026-04-27
MX-100002659,Maximor Demo Corp,CUST-005,Quiet Harbor,Amex,2026,19,57,118,False,76.67,7667,USD,US,US,Android,Ecommerce,False,False,stripe,2026-04-28
MX-100002660,Maximor Demo Corp,CUST-006,Pinnacle Retail,Visa,2026,20,0,119,False,83.8,8380,USD,US,US,Windows,Ecommerce,False,False,adyen,2026-04-29
MX-100002661,Maximor Demo Corp,CUST-007,Atlas Robotics,Mastercard,2026,21,3,120,False,90.93,9093,USD,US,US,MacOS,Ecommerce,False,False,stripe,2026-04-30
MX-100002662,Maximor Demo Corp,CUST-008,Lumen Labs,NexPay,2026,22,6,121,False,98.06,9806,USD,US,US,iOS,Ecommerce,False,False,stripe,2026-05-01
MX-100002663,Maximor Demo Corp,CUST-009,Northstar LLC,GlobalCard,2026,23,9,122,False,105.19,10519,USD,US,US,Android,Ecommerce,False,False,stripe,2026-05-02
MX-100002664,Maximor Demo Corp,CUST-010,Meridian Health,Amex,2026,0,12,123,False,112.32,11232,USD,US,US,Windows,Ecommerce,False,False,stripe,2026-05-03
MX-100002665,Maximor Demo Corp,CUST-011,Beacon Biotech,Visa,2026,1,15,124,False,119.45,11945,USD,US,US,MacOS,Ecommerce,False,False,adyen,2026-05-04
MX-100002666,Maximor Demo Corp,CUST-012,Copperline Logistics,Mastercard,2026,2,18,125,False,126.58,12658,USD,US,US,iOS,Ecommerce,False,False,stripe,2026-05-05
MX-100002667,Maximor Demo Corp,CUST-013,Summit Civic,NexPay,2026,3,21,126,False,133.71,13371,USD,US,US,Android,Ecommerce,False,False,stripe,2026-05-06
MX-100002668,Maximor Demo Corp,CUST-014,Redwood Clinics,GlobalCard,2026,4,24,127,False,140.84,14084,USD,US,US,Windows,Ecommerce,False,False,stripe,2026-05-07
MX-100002669,Maximor Demo Corp,CUST-015,Ironclad Software,Amex,2026,5,27,128,True,147.97,14797,USD,US,US,MacOS,Ecommerce,False,False,stripe,2026-05-08
MX-100002670,Maximor Demo Corp,CUST-001,Northwind Labs,Visa,2026,6,30,129,False,155.1,15510,USD,US,US,iOS,Ecommerce,False,False,adyen,2026-05-09
MX-100002671,Maximor Demo Corp,CUST-002,Helios Analytics,Mastercard,2026,7,33,130,False,162.23,16223,USD,US,US,Android,Ecommerce,False,False,stripe,2026-05-10
MX-100002672,Maximor Demo Corp,CUST-003,Acme Industrial,NexPay,2026,8,36,131,False,169.36,16936,USD,US,US,Windows,Ecommerce,False,False,stripe,2026-05-11
MX-100002673,Maximor Demo Corp,CUST-004,Brightline Media,GlobalCard,2026,9,39,132,False,176.49,17649,USD,US,US,MacOS,Ecommerce,False,False,stripe,2026-05-12
MX-100002674,Maximor Demo Corp,CUST-005,Quiet Harbor,Amex,2026,10,42,133,False,183.62,18362,USD,US,US,iOS,Ecommerce,False,False,stripe,2026-05-13
MX-100002675,Maximor Demo Corp,CUST-006,Pinnacle Retail,Visa,2026,11,45,134,False,190.75,19075,USD,US,US,Android,Ecommerce,False,False,adyen,2026-05-14
MX-100002676,Maximor Demo Corp,CUST-007,Atlas Robotics,Mastercard,2026,12,48,135,False,197.88,19788,USD,US,US,Windows,Ecommerce,False,False,stripe,2026-05-15
MX-100002677,Maximor Demo Corp,CUST-008,Lumen Labs,NexPay,2026,13,51,136,False,205.01,20501,USD,US,US,MacOS,Ecommerce,False,False,stripe,2026-05-16
MX-100002678,Maximor Demo Corp,CUST-009,Northstar LLC,GlobalCard,2026,14,54,137,False,212.14,21214,USD,US,US,iOS,Ecommerce,False,False,stripe,2026-05-17
MX-100002679,Maximor Demo Corp,CUST-010,Meridian Health,Amex,2026,15,57,138,False,219.27,21927,USD,US,US,Android,Ecommerce,False,False,stripe,2026-05-18
MX-100002680,Maximor Demo Corp,CUST-011,Beacon Biotech,Visa,2026,16,0,139,False,226.4,22640,USD,US,US,Windows,Ecommerce,False,False,adyen,2026-05-19
MX-100002681,Maximor Demo Corp,CUST-012,Copperline Logistics,Mastercard,2026,17,3,140,False,233.53,23353,USD,US,US,MacOS,Ecommerce,False,False,stripe,2026-05-20
MX-100002682,Maximor Demo Corp,CUST-013,Summit Civic,NexPay,2026,18,6,141,False,240.66,24066,USD,US,US,iOS,Ecommerce,False,False,stripe,2026-05-21
MX-100002683,Maximor Demo Corp,CUST-014,Redwood Clinics,GlobalCard,2026,19,9,142,False,247.79,24779,USD,US,US,Android,Ecommerce,False,False,stripe,2026-05-22
MX-100002684,Maximor Demo Corp,CUST-015,Ironclad Software,Amex,2026,20,12,143,False,254.92,25492,USD,US,US,Windows,Ecommerce,False,False,stripe,2026-05-23
MX-100002685,Maximor Demo Corp,CUST-001,Northwind Labs,Visa,2026,21,15,144,False,262.05,26205,USD,US,US,MacOS,Ecommerce,False,False,adyen,2026-05-24
MX-100002686,Maximor Demo Corp,CUST-002,Helios Analytics,Mastercard,2026,22,18,145,True,269.18,26918,USD,US,US,iOS,Ecommerce,False,False,stripe,2026-05-25
MX-100002687,Maximor Demo Corp,CUST-003,Acme Industrial,NexPay,2026,23,21,146,False,276.31,27631,USD,US,US,Android,Ecommerce,False,False,stripe,2026-05-26
MX-100002688,Maximor Demo Corp,CUST-004,Brightline Media,GlobalCard,2026,0,24,147,False,283.44,28344,USD,US,US,Windows,Ecommerce,False,False,stripe,2026-05-27
MX-100002689,Maximor Demo Corp,CUST-005,Quiet Harbor,Amex,2026,1,27,148,False,290.57,29057,USD,US,US,MacOS,Ecommerce,False,False,stripe,2026-05-28
MX-100002690,Maximor Demo Corp,CUST-006,Pinnacle Retail,Visa,2026,2,30,149,False,297.7,29770,USD,US,US,iOS,Ecommerce,False,False,adyen,2026-05-29
MX-100002691,Maximor Demo Corp,CUST-007,Atlas Robotics,Mastercard,2026,3,33,150,False,304.83,30483,USD,US,US,Android,Ecommerce,False,False,stripe,2026-05-30
MX-100002692,Maximor Demo Corp,CUST-008,Lumen Labs,NexPay,2026,4,36,151,False,311.96,31196,USD,US,US,Windows,Ecommerce,False,False,stripe,2026-05-31
MX-100002693,Maximor Demo Corp,CUST-009,Northstar LLC,GlobalCard,2026,5,39,152,False,319.09,31909,USD,US,US,MacOS,Ecommerce,False,False,stripe,2026-06-01
MX-100002694,Maximor Demo Corp,CUST-010,Meridian Health,Amex,2026,6,42,153,False,326.22,32622,USD,US,US,iOS,Ecommerce,False,False,stripe,2026-06-02
MX-100002695,Maximor Demo Corp,CUST-011,Beacon Biotech,Visa,2026,7,45,154,False,333.35,33335,USD,US,US,Android,Ecommerce,False,False,adyen,2026-06-03
MX-100002696,Maximor Demo Corp,CUST-012,Copperline Logistics,Mastercard,2026,8,48,155,False,340.48,34048,USD,US,US,Windows,Ecommerce,False,False,stripe,2026-06-04
MX-100002697,Maximor Demo Corp,CUST-013,Summit Civic,NexPay,2026,9,51,156,False,347.61,34761,USD,US,US,MacOS,Ecommerce,False,False,stripe,2026-06-05
MX-100002698,Maximor Demo Corp,CUST-014,Redwood Clinics,GlobalCard,2026,10,54,157,False,354.74,35474,USD,US,US,iOS,Ecommerce,False,False,stripe,2026-06-06
MX-100002699,Maximor Demo Corp,CUST-015,Ironclad Software,Amex,2026,11,57,158,False,361.87,36187,USD,US,US,Android,Ecommerce,False,False,stripe,2026-06-07
MX-100002700,Maximor Demo Corp,CUST-001,Northwind Labs,Visa,2026,12,0,159,False,369.0,36900,USD,US,US,Windows,Ecommerce,False,False,adyen,2026-06-08
MX-100002701,Maximor Demo Corp,CUST-002,Helios Analytics,Mastercard,2026,13,3,160,False,376.13,37613,USD,US,US,MacOS,Ecommerce,False,False,stripe,2026-06-09
MX-100002702,Maximor Demo Corp,CUST-003,Acme Industrial,NexPay,2026,14,6,161,False,383.26,38326,USD,US,US,iOS,Ecommerce,False,False,stripe,2026-06-10
MX-100002703,Maximor Demo Corp,CUST-004,Brightline Media,GlobalCard,2026,15,9,162,True,390.39,39039,USD,US,US,Android,Ecommerce,False,False,stripe,2026-06-11
MX-100002704,Maximor Demo Corp,CUST-005,Quiet Harbor,Amex,2026,16,12,163,False,397.52,39752,USD,US,US,Windows,Ecommerce,False,False,stripe,2026-06-12
MX-100002705,Maximor Demo Corp,CUST-006,Pinnacle Retail,Visa,2026,17,15,164,False,404.65,40465,USD,US,US,MacOS,Ecommerce,False,False,adyen,2026-06-13
MX-100002706,Maximor Demo Corp,CUST-007,Atlas Robotics,Mastercard,2026,18,18,165,False,411.78,41178,USD,US,US,iOS,Ecommerce,False,False,stripe,2026-06-14
MX-100002707,Maximor Demo Corp,CUST-008,Lumen Labs,NexPay,2026,19,21,166,False,418.91,41891,USD,US,US,Android,Ecommerce,False,False,stripe,2026-06-15
MX-100002708,Maximor Demo Corp,CUST-009,Northstar LLC,GlobalCard,2026,20,24,167,False,426.04,42604,USD,US,US,Windows,Ecommerce,False,False,stripe,2026-06-16
MX-100002709,Maximor Demo Corp,CUST-010,Meridian Health,Amex,2026,21,27,168,False,433.17,43317,USD,US,US,MacOS,Ecommerce,False,False,stripe,2026-06-17
MX-100002710,Maximor Demo Corp,CUST-011,Beacon Biotech,Visa,2026,22,30,169,False,20.3,2030,USD,US,US,iOS,Ecommerce,False,False,adyen,2026-06-18
MX-100002711,Maximor Demo Corp,CUST-012,Copperline Logistics,Mastercard,2026,23,33,170,False,27.43,2743,USD,US,US,Android,Ecommerce,False,False,stripe,2026-06-19
MX-100002712,Maximor Demo Corp,CUST-013,Summit Civic,NexPay,2026,0,36,171,False,34.56,3456,USD,US,US,Windows,Ecommerce,False,False,stripe,2026-06-20
MX-100002713,Maximor Demo Corp,CUST-014,Redwood Clinics,GlobalCard,2026,1,39,172,False,41.69,4169,USD,US,US,MacOS,Ecommerce,False,False,stripe,2026-06-21
MX-100002714,Maximor Demo Corp,CUST-015,Ironclad Software,Amex,2026,2,42,173,False,48.82,4882,USD,US,US,iOS,Ecommerce,False,False,stripe,2026-06-22
MX-100002715,Maximor Demo Corp,CUST-001,Northwind Labs,Visa,2026,3,45,174,False,55.95,5595,USD,US,US,Android,Ecommerce,False,False,adyen,2026-06-23
MX-100002716,Maximor Demo Corp,CUST-002,Helios Analytics,Mastercard,2026,4,48,175,False,63.08,6308,USD,US,US,Windows,Ecommerce,False,False,stripe,2026-06-24
MX-100002717,Maximor Demo Corp,CUST-003,Acme Industrial,NexPay,2026,5,51,176,False,70.21,7021,USD,US,US,MacOS,Ecommerce,False,False,stripe,2026-06-25
MX-100002718,Maximor Demo Corp,CUST-004,Brightline Media,GlobalCard,2026,6,54,177,False,77.34,7734,USD,US,US,iOS,Ecommerce,False,False,stripe,2026-06-26
MX-100002719,Maximor Demo Corp,CUST-005,Quiet Harbor,Amex,2026,7,57,178,False,84.47,8447,USD,US,US,Android,Ecommerce,False,False,stripe,2026-06-27
MX-100002720,Maximor Demo Corp,CUST-006,Pinnacle Retail,Visa,2026,8,0,179,True,91.6,9160,USD,US,US,Windows,Ecommerce,False,False,adyen,2026-06-28
MX-100002721,Maximor Demo Corp,CUST-007,Atlas Robotics,Mastercard,2026,9,3,180,False,98.73,9873,USD,US,US,MacOS,Ecommerce,False,False,stripe,2026-06-29
MX-100002722,Maximor Demo Corp,CUST-008,Lumen Labs,NexPay,2026,10,6,181,False,105.86,10586,USD,US,US,iOS,Ecommerce,False,False,stripe,2026-06-30
MX-100002723,Maximor Demo Corp,CUST-009,Northstar LLC,GlobalCard,2026,11,9,182,False,112.99,11299,USD,US,US,Android,Ecommerce,False,False,stripe,2026-07-01
MX-100002724,Maximor Demo Corp,CUST-010,Meridian Health,Amex,2026,12,12,183,False,120.12,12012,USD,US,US,Windows,Ecommerce,False,False,stripe,2026-07-02
MX-100002725,Maximor Demo Corp,CUST-011,Beacon Biotech,Visa,2026,13,15,184,False,127.25,12725,USD,US,US,MacOS,Ecommerce,False,False,adyen,2026-07-03
MX-100002726,Maximor Demo Corp,CUST-012,Copperline Logistics,Mastercard,2026,14,18,185,False,134.38,13438,USD,US,US,iOS,Ecommerce,False,False,stripe,2026-07-04
MX-100002727,Maximor Demo Corp,CUST-013,Summit Civic,NexPay,2026,15,21,186,False,141.51,14151,USD,US,US,Android,Ecommerce,False,False,stripe,2026-07-05
MX-100002728,Maximor Demo Corp,CUST-014,Redwood Clinics,GlobalCard,2026,16,24,187,False,148.64,14864,USD,US,US,Windows,Ecommerce,False,False,stripe,2026-07-06
MX-100002729,Maximor Demo Corp,CUST-015,Ironclad Software,Amex,2026,17,27,188,False,155.77,15577,USD,US,US,MacOS,Ecommerce,False,False,stripe,2026-07-07
MX-100002730,Maximor Demo Corp,CUST-001,Northwind Labs,Visa,2026,18,30,189,False,162.9,16290,USD,US,US,iOS,Ecommerce,False,False,adyen,2026-07-08
MX-100002731,Maximor Demo Corp,CUST-002,Helios Analytics,Mastercard,2026,19,33,190,False,170.03,17003,USD,US,US,Android,Ecommerce,False,False,stripe,2026-07-09
MX-100002732,Maximor Demo Corp,CUST-003,Acme Industrial,NexPay,2026,20,36,191,False,177.16,17716,USD,US,US,Windows,Ecommerce,False,False,stripe,2026-07-10
MX-100002733,Maximor Demo Corp,CUST-004,Brightline Media,GlobalCard,2026,21,39,192,False,184.29,18429,USD,US,US,MacOS,Ecommerce,False,False,stripe,2026-07-11
MX-100002734,Maximor Demo Corp,CUST-005,Quiet Harbor,Amex,2026,22,42,193,False,191.42,19142,USD,US,US,iOS,Ecommerce,False,False,stripe,2026-07-12
MX-100002735,Maximor Demo Corp,CUST-006,Pinnacle Retail,Visa,2026,23,45,194,False,198.55,19855,USD,US,US,Android,Ecommerce,False,False,adyen,2026-07-13
MX-100002736,Maximor Demo Corp,CUST-007,Atlas Robotics,Mastercard,2026,0,48,195,False,205.68,20568,USD,US,US,Windows,Ecommerce,False,False,stripe,2026-07-14
MX-100002737,Maximor Demo Corp,CUST-008,Lumen Labs,NexPay,2026,1,51,196,True,212.81,21281,USD,US,US,MacOS,Ecommerce,False,False,stripe,2026-07-15
MX-100002738,Maximor Demo Corp,CUST-009,Northstar LLC,GlobalCard,2026,2,54,197,False,219.94,21994,USD,US,US,iOS,Ecommerce,False,False,stripe,2026-07-16
MX-100002739,Maximor Demo Corp,CUST-010,Meridian Health,Amex,2026,3,57,198,False,227.07,22707,USD,US,US,Android,Ecommerce,False,False,stripe,2026-07-17
MX-100002740,Maximor Demo Corp,CUST-011,Beacon Biotech,Visa,2026,4,0,199,False,234.2,23420,USD,US,US,Windows,Ecommerce,False,False,adyen,2026-07-18
MX-100002741,Maximor Demo Corp,CUST-012,Copperline Logistics,Mastercard,2026,5,3,200,False,241.33,24133,USD,US,US,MacOS,Ecommerce,False,False,stripe,2026-07-19
MX-100002742,Maximor Demo Corp,CUST-013,Summit Civic,NexPay,2026,6,6,201,False,248.46,24846,USD,US,US,iOS,Ecommerce,False,False,stripe,2026-07-20
MX-100002743,Maximor Demo Corp,CUST-014,Redwood Clinics,GlobalCard,2026,7,9,202,False,255.59,25559,USD,US,US,Android,Ecommerce,False,False,stripe,2026-07-21
MX-100002744,Maximor Demo Corp,CUST-015,Ironclad Software,Amex,2026,8,12,203,False,262.72,26272,USD,US,US,Windows,Ecommerce,False,False,stripe,2026-07-22
MX-100002745,Maximor Demo Corp,CUST-001,Northwind Labs,Visa,2026,9,15,204,False,269.85,26985,USD,US,US,MacOS,Ecommerce,False,False,adyen,2026-07-23
MX-100002746,Maximor Demo Corp,CUST-002,Helios Analytics,Mastercard,2026,10,18,205,False,276.98,27698,USD,US,US,iOS,Ecommerce,False,False,stripe,2026-07-24
MX-100002747,Maximor Demo Corp,CUST-003,Acme Industrial,NexPay,2026,11,21,206,False,284.11,28411,USD,US,US,Android,Ecommerce,False,False,stripe,2026-07-25
MX-100002748,Maximor Demo Corp,CUST-004,Brightline Media,GlobalCard,2026,12,24,207,False,291.24,29124,USD,US,US,Windows,Ecommerce,False,False,stripe,2026-07-26
MX-100002749,Maximor Demo Corp,CUST-005,Quiet Harbor,Amex,2026,13,27,208,False,298.37,29837,USD,US,US,MacOS,Ecommerce,False,False,stripe,2026-07-27
MX-100002750,Maximor Demo Corp,CUST-006,Pinnacle Retail,Visa,2026,14,30,209,False,305.5,30550,USD,US,US,iOS,Ecommerce,False,False,adyen,2026-07-28
MX-100002751,Maximor Demo Corp,CUST-007,Atlas Robotics,Mastercard,2026,15,33,210,False,312.63,31263,USD,US,US,Android,Ecommerce,False,False,stripe,2026-07-29
MX-100002752,Maximor Demo Corp,CUST-008,Lumen Labs,NexPay,2026,16,36,211,False,319.76,31976,USD,US,US,Windows,Ecommerce,False,False,stripe,2026-07-30
MX-100002753,Maximor Demo Corp,CUST-009,Northstar LLC,GlobalCard,2026,17,39,212,False,326.89,32689,USD,US,US,MacOS,Ecommerce,False,False,stripe,2026-07-31
MX-100002754,Maximor Demo Corp,CUST-010,Meridian Health,Amex,2026,18,42,213,True,334.02,33402,USD,US,US,iOS,Ecommerce,False,False,stripe,2026-08-01
MX-100002755,Maximor Demo Corp,CUST-011,Beacon Biotech,Visa,2026,19,45,214,False,341.15,34115,USD,US,US,Android,Ecommerce,False,False,adyen,2026-08-02
MX-100002756,Maximor Demo Corp,CUST-012,Copperline Logistics,Mastercard,2026,20,48,215,False,348.28,34828,USD,US,US,Windows,Ecommerce,False,False,stripe,2026-08-03
MX-100002757,Maximor Demo Corp,CUST-013,Summit Civic,NexPay,2026,21,51,216,False,355.41,35541,USD,US,US,MacOS,Ecommerce,False,False,stripe,2026-08-04
MX-100002758,Maximor Demo Corp,CUST-014,Redwood Clinics,GlobalCard,2026,22,54,217,False,362.54,36254,USD,US,US,iOS,Ecommerce,False,False,stripe,2026-08-05
MX-100002759,Maximor Demo Corp,CUST-015,Ironclad Software,Amex,2026,23,57,218,False,369.67,36967,USD,US,US,Android,Ecommerce,False,False,stripe,2026-08-06
MX-100002760,Maximor Demo Corp,CUST-001,Northwind Labs,Visa,2026,0,0,219,False,376.8,37680,USD,US,US,Windows,Ecommerce,False,False,adyen,2026-08-07
MX-100002761,Maximor Demo Corp,CUST-002,Helios Analytics,Mastercard,2026,1,3,220,False,383.93,38393,USD,US,US,MacOS,Ecommerce,False,False,stripe,2026-08-08
MX-100002762,Maximor Demo Corp,CUST-003,Acme Industrial,NexPay,2026,2,6,221,False,391.06,39106,USD,US,US,iOS,Ecommerce,False,False,stripe,2026-08-09
MX-100002763,Maximor Demo Corp,CUST-004,Brightline Media,GlobalCard,2026,3,9,222,False,398.19,39819,USD,US,US,Android,Ecommerce,False,False,stripe,2026-08-10
MX-100002764,Maximor Demo Corp,CUST-005,Quiet Harbor,Amex,2026,4,12,223,False,405.32,40532,USD,US,US,Windows,Ecommerce,False,False,stripe,2026-08-11
MX-100002765,Maximor Demo Corp,CUST-006,Pinnacle Retail,Visa,2026,5,15,224,False,412.45,41245,USD,US,US,MacOS,Ecommerce,False,False,adyen,2026-08-12
MX-100002766,Maximor Demo Corp,CUST-007,Atlas Robotics,Mastercard,2026,6,18,225,False,419.58,41958,USD,US,US,iOS,Ecommerce,False,False,stripe,2026-08-13
MX-100002767,Maximor Demo Corp,CUST-008,Lumen Labs,NexPay,2026,7,21,226,False,426.71,42671,USD,US,US,Android,Ecommerce,False,False,stripe,2026-08-14
MX-100002768,Maximor Demo Corp,CUST-009,Northstar LLC,GlobalCard,2026,8,24,227,False,433.84,43384,USD,US,US,Windows,Ecommerce,False,False,stripe,2026-08-15
MX-100002769,Maximor Demo Corp,CUST-010,Meridian Health,Amex,2026,9,27,228,False,20.97,2097,USD,US,US,MacOS,Ecommerce,False,False,stripe,2026-08-16
MX-100002770,Maximor Demo Corp,CUST-011,Beacon Biotech,Visa,2026,10,30,229,False,28.1,2810,USD,US,US,iOS,Ecommerce,False,False,adyen,2026-08-17
MX-100002771,Maximor Demo Corp,CUST-012,Copperline Logistics,Mastercard,2026,11,33,230,True,35.23,3523,USD,US,US,Android,Ecommerce,False,False,stripe,2026-08-18
MX-100002772,Maximor Demo Corp,CUST-013,Summit Civic,NexPay,2026,12,36,231,False,42.36,4236,USD,US,US,Windows,Ecommerce,False,False,stripe,2026-08-19
MX-100002773,Maximor Demo Corp,CUST-014,Redwood Clinics,GlobalCard,2026,13,39,232,False,49.49,4949,USD,US,US,MacOS,Ecommerce,False,False,stripe,2026-08-20
MX-100002774,Maximor Demo Corp,CUST-015,Ironclad Software,Amex,2026,14,42,233,False,56.62,5662,USD,US,US,iOS,Ecommerce,False,False,stripe,2026-08-21
MX-100002775,Maximor Demo Corp,CUST-001,Northwind Labs,Visa,2026,15,45,234,False,63.75,6375,USD,US,US,Android,Ecommerce,False,False,adyen,2026-08-22
MX-100002776,Maximor Demo Corp,CUST-002,Helios Analytics,Mastercard,2026,16,48,235,False,70.88,7088,USD,US,US,Windows,Ecommerce,False,False,stripe,2026-08-23
MX-100002777,Maximor Demo Corp,CUST-003,Acme Industrial,NexPay,2026,17,51,236,False,78.01,7801,USD,US,US,MacOS,Ecommerce,False,False,stripe,2026-08-24
MX-100002778,Maximor Demo Corp,CUST-004,Brightline Media,GlobalCard,2026,18,54,237,False,85.14,8514,USD,US,US,iOS,Ecommerce,False,False,stripe,2026-08-25
MX-100002779,Maximor Demo Corp,CUST-005,Quiet Harbor,Amex,2026,19,57,238,False,92.27,9227,USD,US,US,Android,Ecommerce,False,False,stripe,2026-08-26
MX-100002780,Maximor Demo Corp,CUST-006,Pinnacle Retail,Visa,2026,20,0,239,False,99.4,9940,USD,US,US,Windows,Ecommerce,False,False,adyen,2026-08-27
MX-100002781,Maximor Demo Corp,CUST-007,Atlas Robotics,Mastercard,2026,21,3,240,False,106.53,10653,USD,US,US,MacOS,Ecommerce,False,False,stripe,2026-08-28
MX-100002782,Maximor Demo Corp,CUST-008,Lumen Labs,NexPay,2026,22,6,241,False,113.66,11366,USD,US,US,iOS,Ecommerce,False,False,stripe,2026-08-29
MX-100002783,Maximor Demo Corp,CUST-009,Northstar LLC,GlobalCard,2026,23,9,242,False,120.79,12079,USD,US,US,Android,Ecommerce,False,False,stripe,2026-08-30
MX-100002784,Maximor Demo Corp,CUST-010,Meridian Health,Amex,2026,0,12,243,False,127.92,12792,USD,US,US,Windows,Ecommerce,False,False,stripe,2026-08-31
MX-100002785,Maximor Demo Corp,CUST-011,Beacon Biotech,Visa,2026,1,15,244,False,135.05,13505,USD,US,US,MacOS,Ecommerce,False,False,adyen,2026-09-01
MX-100002786,Maximor Demo Corp,CUST-012,Copperline Logistics,Mastercard,2026,2,18,245,False,142.18,14218,USD,US,US,iOS,Ecommerce,False,False,stripe,2026-09-02
MX-100002787,Maximor Demo Corp,CUST-013,Summit Civic,NexPay,2026,3,21,246,False,149.31,14931,USD,US,US,Android,Ecommerce,False,False,stripe,2026-09-03
MX-100002788,Maximor Demo Corp,CUST-014,Redwood Clinics,GlobalCard,2026,4,24,247,True,156.44,15644,USD,US,US,Windows,Ecommerce,False,False,stripe,2026-09-04
MX-100002789,Maximor Demo Corp,CUST-015,Ironclad Software,Amex,2026,5,27,248,False,163.57,16357,USD,US,US,MacOS,Ecommerce,False,False,stripe,2026-09-05
MX-100002790,Maximor Demo Corp,CUST-001,Northwind Labs,Visa,2026,6,30,249,False,170.7,17070,USD,US,US,iOS,Ecommerce,False,False,adyen,2026-09-06
MX-100002791,Maximor Demo Corp,CUST-002,Helios Analytics,Mastercard,2026,7,33,250,False,177.83,17783,USD,US,US,Android,Ecommerce,False,False,stripe,2026-09-07
MX-100002792,Maximor Demo Corp,CUST-003,Acme Industrial,NexPay,2026,8,36,251,False,184.96,18496,USD,US,US,Windows,Ecommerce,False,False,stripe,2026-09-08
MX-100002793,Maximor Demo Corp,CUST-004,Brightline Media,GlobalCard,2026,9,39,252,False,192.09,19209,USD,US,US,MacOS,Ecommerce,False,False,stripe,2026-09-09
MX-100002794,Maximor Demo Corp,CUST-005,Quiet Harbor,Amex,2026,10,42,253,False,199.22,19922,USD,US,US,iOS,Ecommerce,False,False,stripe,2026-09-10
MX-100002795,Maximor Demo Corp,CUST-006,Pinnacle Retail,Visa,2026,11,45,254,False,206.35,20635,USD,US,US,Android,Ecommerce,False,False,adyen,2026-09-11
MX-100002796,Maximor Demo Corp,CUST-007,Atlas Robotics,Mastercard,2026,12,48,255,False,213.48,21348,USD,US,US,Windows,Ecommerce,False,False,stripe,2026-09-12
MX-100002797,Maximor Demo Corp,CUST-008,Lumen Labs,NexPay,2026,13,51,256,False,220.61,22061,USD,US,US,MacOS,Ecommerce,False,False,stripe,2026-09-13
MX-100002798,Maximor Demo Corp,CUST-009,Northstar LLC,GlobalCard,2026,14,54,257,False,227.74,22774,USD,US,US,iOS,Ecommerce,False,False,stripe,2026-09-14
MX-100002799,Maximor Demo Corp,CUST-010,Meridian Health,Amex,2026,15,57,258,False,234.87,23487,USD,US,US,Android,Ecommerce,False,False,stripe,2026-09-15
MX-100002800,Maximor Demo Corp,CUST-011,Beacon Biotech,Visa,2025,16,0,274,False,242.0,24200,USD,US,US,Windows,Ecommerce,False,False,adyen,2025-10-01
MX-100002801,Maximor Demo Corp,CUST-012,Copperline Logistics,Mastercard,2025,17,3,275,False,249.13,24913,USD,US,US,MacOS,Ecommerce,False,False,stripe,2025-10-02
MX-100002802,Maximor Demo Corp,CUST-013,Summit Civic,NexPay,2025,18,6,276,False,256.26,25626,USD,US,US,iOS,Ecommerce,False,False,stripe,2025-10-03
MX-100002803,Maximor Demo Corp,CUST-014,Redwood Clinics,GlobalCard,2025,19,9,277,False,263.39,26339,USD,US,US,Android,Ecommerce,False,False,stripe,2025-10-04
MX-100002804,Maximor Demo Corp,CUST-015,Ironclad Software,Amex,2025,20,12,278,False,270.52,27052,USD,US,US,Windows,Ecommerce,False,False,stripe,2025-10-05
MX-100002805,Maximor Demo Corp,CUST-001,Northwind Labs,Visa,2025,21,15,279,True,277.65,27765,USD,US,US,MacOS,Ecommerce,False,False,adyen,2025-10-06
MX-100002806,Maximor Demo Corp,CUST-002,Helios Analytics,Mastercard,2025,22,18,280,False,284.78,28478,USD,US,US,iOS,Ecommerce,False,False,stripe,2025-10-07
MX-100002807,Maximor Demo Corp,CUST-003,Acme Industrial,NexPay,2025,23,21,281,False,291.91,29191,USD,US,US,Android,Ecommerce,False,False,stripe,2025-10-08
MX-100002808,Maximor Demo Corp,CUST-004,Brightline Media,GlobalCard,2025,0,24,282,False,299.04,29904,USD,US,US,Windows,Ecommerce,False,False,stripe,2025-10-09
MX-100002809,Maximor Demo Corp,CUST-005,Quiet Harbor,Amex,2025,1,27,283,False,306.17,30617,USD,US,US,MacOS,Ecommerce,False,False,stripe,2025-10-10
MX-100002810,Maximor Demo Corp,CUST-006,Pinnacle Retail,Visa,2025,2,30,284,False,313.3,31330,USD,US,US,iOS,Ecommerce,False,False,adyen,2025-10-11
MX-100002811,Maximor Demo Corp,CUST-007,Atlas Robotics,Mastercard,2025,3,33,285,False,320.43,32043,USD,US,US,Android,Ecommerce,False,False,stripe,2025-10-12
MX-100002812,Maximor Demo Corp,CUST-008,Lumen Labs,NexPay,2025,4,36,286,False,327.56,32756,USD,US,US,Windows,Ecommerce,False,False,stripe,2025-10-13
MX-100002813,Maximor Demo Corp,CUST-009,Northstar LLC,GlobalCard,2025,5,39,287,False,334.69,33469,USD,US,US,MacOS,Ecommerce,False,False,stripe,2025-10-14
MX-100002814,Maximor Demo Corp,CUST-010,Meridian Health,Amex,2025,6,42,288,False,341.82,34182,USD,US,US,iOS,Ecommerce,False,False,stripe,2025-10-15
MX-100002815,Maximor Demo Corp,CUST-011,Beacon Biotech,Visa,2025,7,45,289,False,348.95,34895,USD,US,US,Android,Ecommerce,False,False,adyen,2025-10-16
MX-100002816,Maximor Demo Corp,CUST-012,Copperline Logistics,Mastercard,2025,8,48,290,False,356.08,35608,USD,US,US,Windows,Ecommerce,False,False,stripe,2025-10-17
MX-100002817,Maximor Demo Corp,CUST-013,Summit Civic,NexPay,2025,9,51,291,False,363.21,36321,USD,US,US,MacOS,Ecommerce,False,False,stripe,2025-10-18
MX-100002818,Maximor Demo Corp,CUST-014,Redwood Clinics,GlobalCard,2025,10,54,292,False,370.34,37034,USD,US,US,iOS,Ecommerce,False,False,stripe,2025-10-19
MX-100002819,Maximor Demo Corp,CUST-015,Ironclad Software,Amex,2025,11,57,293,False,377.47,37747,USD,US,US,Android,Ecommerce,False,False,stripe,2025-10-20
MX-100002820,Maximor Demo Corp,CUST-001,Northwind Labs,Visa,2025,12,0,294,False,384.6,38460,USD,US,US,Windows,Ecommerce,False,False,adyen,2025-10-21
MX-100002821,Maximor Demo Corp,CUST-002,Helios Analytics,Mastercard,2025,13,3,295,False,391.73,39173,USD,US,US,MacOS,Ecommerce,False,False,stripe,2025-10-22
MX-100002822,Maximor Demo Corp,CUST-003,Acme Industrial,NexPay,2025,14,6,296,True,398.86,39886,USD,US,US,iOS,Ecommerce,False,False,stripe,2025-10-23
MX-100002823,Maximor Demo Corp,CUST-004,Brightline Media,GlobalCard,2025,15,9,297,False,405.99,40599,USD,US,US,Android,Ecommerce,False,False,stripe,2025-10-24
MX-100002824,Maximor Demo Corp,CUST-005,Quiet Harbor,Amex,2025,16,12,298,False,413.12,41312,USD,US,US,Windows,Ecommerce,False,False,stripe,2025-10-25
MX-100002825,Maximor Demo Corp,CUST-006,Pinnacle Retail,Visa,2025,17,15,299,False,420.25,42025,USD,US,US,MacOS,Ecommerce,False,False,adyen,2025-10-26
MX-100002826,Maximor Demo Corp,CUST-007,Atlas Robotics,Mastercard,2025,18,18,300,False,427.38,42738,USD,US,US,iOS,Ecommerce,False,False,stripe,2025-10-27
MX-100002827,Maximor Demo Corp,CUST-008,Lumen Labs,NexPay,2025,19,21,301,False,434.51,43451,USD,US,US,Android,Ecommerce,False,False,stripe,2025-10-28
MX-100002828,Maximor Demo Corp,CUST-009,Northstar LLC,GlobalCard,2025,20,24,302,False,21.64,2164,USD,US,US,Windows,Ecommerce,False,False,stripe,2025-10-29
MX-100002829,Maximor Demo Corp,CUST-010,Meridian Health,Amex,2025,21,27,303,False,28.77,2877,USD,US,US,MacOS,Ecommerce,False,False,stripe,2025-10-30
MX-100002830,Maximor Demo Corp,CUST-011,Beacon Biotech,Visa,2025,22,30,304,False,35.9,3590,USD,US,US,iOS,Ecommerce,False,False,adyen,2025-10-31
MX-100002831,Maximor Demo Corp,CUST-012,Copperline Logistics,Mastercard,2025,23,33,305,False,43.03,4303,USD,US,US,Android,Ecommerce,False,False,stripe,2025-11-01
MX-100002832,Maximor Demo Corp,CUST-013,Summit Civic,NexPay,2025,0,36,306,False,50.16,5016,USD,US,US,Windows,Ecommerce,False,False,stripe,2025-11-02
MX-100002833,Maximor Demo Corp,CUST-014,Redwood Clinics,GlobalCard,2025,1,39,307,False,57.29,5729,USD,US,US,MacOS,Ecommerce,False,False,stripe,2025-11-03
MX-100002834,Maximor Demo Corp,CUST-015,Ironclad Software,Amex,2025,2,42,308,False,64.42,6442,USD,US,US,iOS,Ecommerce,False,False,stripe,2025-11-04
MX-100002835,Maximor Demo Corp,CUST-001,Northwind Labs,Visa,2025,3,45,309,False,71.55,7155,USD,US,US,Android,Ecommerce,False,False,adyen,2025-11-05
MX-100002836,Maximor Demo Corp,CUST-002,Helios Analytics,Mastercard,2025,4,48,310,False,78.68,7868,USD,US,US,Windows,Ecommerce,False,False,stripe,2025-11-06
MX-100002837,Maximor Demo Corp,CUST-003,Acme Industrial,NexPay,2025,5,51,311,False,85.81,8581,USD,US,US,MacOS,Ecommerce,False,False,stripe,2025-11-07
MX-100002838,Maximor Demo Corp,CUST-004,Brightline Media,GlobalCard,2025,6,54,312,False,92.94,9294,USD,US,US,iOS,Ecommerce,False,False,stripe,2025-11-08
MX-100002839,Maximor Demo Corp,CUST-005,Quiet Harbor,Amex,2025,7,57,313,True,100.07,10007,USD,US,US,Android,Ecommerce,False,False,stripe,2025-11-09
MX-100002840,Maximor Demo Corp,CUST-006,Pinnacle Retail,Visa,2025,8,0,314,False,107.2,10720,USD,US,US,Windows,Ecommerce,False,False,adyen,2025-11-10
MX-100002841,Maximor Demo Corp,CUST-007,Atlas Robotics,Mastercard,2025,9,3,315,False,114.33,11433,USD,US,US,MacOS,Ecommerce,False,False,stripe,2025-11-11
MX-100002842,Maximor Demo Corp,CUST-008,Lumen Labs,NexPay,2025,10,6,316,False,121.46,12146,USD,US,US,iOS,Ecommerce,False,False,stripe,2025-11-12
MX-100002843,Maximor Demo Corp,CUST-009,Northstar LLC,GlobalCard,2025,11,9,317,False,128.59,12859,USD,US,US,Android,Ecommerce,False,False,stripe,2025-11-13
MX-100002844,Maximor Demo Corp,CUST-010,Meridian Health,Amex,2025,12,12,318,False,135.72,13572,USD,US,US,Windows,Ecommerce,False,False,stripe,2025-11-14
MX-100002845,Maximor Demo Corp,CUST-011,Beacon Biotech,Visa,2025,13,15,319,False,142.85,14285,USD,US,US,MacOS,Ecommerce,False,False,adyen,2025-11-15
MX-100002846,Maximor Demo Corp,CUST-012,Copperline Logistics,Mastercard,2025,14,18,320,False,149.98,14998,USD,US,US,iOS,Ecommerce,False,False,stripe,2025-11-16
MX-100002847,Maximor Demo Corp,CUST-013,Summit Civic,NexPay,2025,15,21,321,False,157.11,15711,USD,US,US,Android,Ecommerce,False,False,stripe,2025-11-17
MX-100002848,Maximor Demo Corp,CUST-014,Redwood Clinics,GlobalCard,2025,16,24,322,False,164.24,16424,USD,US,US,Windows,Ecommerce,False,False,stripe,2025-11-18
MX-100002849,Maximor Demo Corp,CUST-015,Ironclad Software,Amex,2025,17,27,323,False,171.37,17137,USD,US,US,MacOS,Ecommerce,False,False,stripe,2025-11-19
MX-100002850,Maximor Demo Corp,CUST-001,Northwind Labs,Visa,2025,18,30,324,False,178.5,17850,USD,US,US,iOS,Ecommerce,False,False,adyen,2025-11-20
MX-100002851,Maximor Demo Corp,CUST-002,Helios Analytics,Mastercard,2025,19,33,325,False,185.63,18563,USD,US,US,Android,Ecommerce,False,False,stripe,2025-11-21
MX-100002852,Maximor Demo Corp,CUST-003,Acme Industrial,NexPay,2025,20,36,326,False,192.76,19276,USD,US,US,Windows,Ecommerce,False,False,stripe,2025-11-22
MX-100002853,Maximor Demo Corp,CUST-004,Brightline Media,GlobalCard,2025,21,39,327,False,199.89,19989,USD,US,US,MacOS,Ecommerce,False,False,stripe,2025-11-23
MX-100002854,Maximor Demo Corp,CUST-005,Quiet Harbor,Amex,2025,22,42,328,False,207.02,20702,USD,US,US,iOS,Ecommerce,False,False,stripe,2025-11-24
MX-100002855,Maximor Demo Corp,CUST-006,Pinnacle Retail,Visa,2025,23,45,329,False,214.15,21415,USD,US,US,Android,Ecommerce,False,False,adyen,2025-11-25
MX-100002856,Maximor Demo Corp,CUST-007,Atlas Robotics,Mastercard,2025,0,48,330,True,221.28,22128,USD,US,US,Windows,Ecommerce,False,False,stripe,2025-11-26
MX-100002857,Maximor Demo Corp,CUST-008,Lumen Labs,NexPay,2025,1,51,331,False,228.41,22841,USD,US,US,MacOS,Ecommerce,False,False,stripe,2025-11-27
MX-100002858,Maximor Demo Corp,CUST-009,Northstar LLC,GlobalCard,2025,2,54,332,False,235.54,23554,USD,US,US,iOS,Ecommerce,False,False,stripe,2025-11-28
MX-100002859,Maximor Demo Corp,CUST-010,Meridian Health,Amex,2025,3,57,333,False,242.67,24267,USD,US,US,Android,Ecommerce,False,False,stripe,2025-11-29
MX-100002860,Maximor Demo Corp,CUST-011,Beacon Biotech,Visa,2025,4,0,334,False,249.8,24980,USD,US,US,Windows,Ecommerce,False,False,adyen,2025-11-30
MX-100002861,Maximor Demo Corp,CUST-012,Copperline Logistics,Mastercard,2025,5,3,335,False,256.93,25693,USD,US,US,MacOS,Ecommerce,False,False,stripe,2025-12-01
MX-100002862,Maximor Demo Corp,CUST-013,Summit Civic,NexPay,2025,6,6,336,False,264.06,26406,USD,US,US,iOS,Ecommerce,False,False,stripe,2025-12-02
MX-100002863,Maximor Demo Corp,CUST-014,Redwood Clinics,GlobalCard,2025,7,9,337,False,271.19,27119,USD,US,US,Android,Ecommerce,False,False,stripe,2025-12-03
MX-100002864,Maximor Demo Corp,CUST-015,Ironclad Software,Amex,2025,8,12,338,False,278.32,27832,USD,US,US,Windows,Ecommerce,False,False,stripe,2025-12-04
MX-100002865,Maximor Demo Corp,CUST-001,Northwind Labs,Visa,2025,9,15,339,False,285.45,28545,USD,US,US,MacOS,Ecommerce,False,False,adyen,2025-12-05
MX-100002866,Maximor Demo Corp,CUST-002,Helios Analytics,Mastercard,2025,10,18,340,False,292.58,29258,USD,US,US,iOS,Ecommerce,False,False,stripe,2025-12-06
MX-100002867,Maximor Demo Corp,CUST-003,Acme Industrial,NexPay,2025,11,21,341,False,299.71,29971,USD,US,US,Android,Ecommerce,False,False,stripe,2025-12-07
MX-100002868,Maximor Demo Corp,CUST-004,Brightline Media,GlobalCard,2025,12,24,342,False,306.84,30684,USD,US,US,Windows,Ecommerce,False,False,stripe,2025-12-08
MX-100002869,Maximor Demo Corp,CUST-005,Quiet Harbor,Amex,2025,13,27,343,False,313.97,31397,USD,US,US,MacOS,Ecommerce,False,False,stripe,2025-12-09
MX-100002870,Maximor Demo Corp,CUST-006,Pinnacle Retail,Visa,2025,14,30,344,False,321.1,32110,USD,US,US,iOS,Ecommerce,False,False,adyen,2025-12-10
MX-100002871,Maximor Demo Corp,CUST-007,Atlas Robotics,Mastercard,2025,15,33,345,False,328.23,32823,USD,US,US,Android,Ecommerce,False,False,stripe,2025-12-11
MX-100002872,Maximor Demo Corp,CUST-008,Lumen Labs,NexPay,2025,16,36,346,False,335.36,33536,USD,US,US,Windows,Ecommerce,False,False,stripe,2025-12-12
MX-100002873,Maximor Demo Corp,CUST-009,Northstar LLC,GlobalCard,2025,17,39,347,True,342.49,34249,USD,US,US,MacOS,Ecommerce,False,False,stripe,2025-12-13
MX-100002874,Maximor Demo Corp,CUST-010,Meridian Health,Amex,2025,18,42,348,False,349.62,34962,USD,US,US,iOS,Ecommerce,False,False,stripe,2025-12-14
MX-100002875,Maximor Demo Corp,CUST-011,Beacon Biotech,Visa,2025,19,45,349,False,356.75,35675,USD,US,US,Android,Ecommerce,False,False,adyen,2025-12-15
MX-100002876,Maximor Demo Corp,CUST-012,Copperline Logistics,Mastercard,2025,20,48,350,False,363.88,36388,USD,US,US,Windows,Ecommerce,False,False,stripe,2025-12-16
MX-100002877,Maximor Demo Corp,CUST-013,Summit Civic,NexPay,2025,21,51,351,False,371.01,37101,USD,US,US,MacOS,Ecommerce,False,False,stripe,2025-12-17
MX-100002878,Maximor Demo Corp,CUST-014,Redwood Clinics,GlobalCard,2025,22,54,352,False,378.14,37814,USD,US,US,iOS,Ecommerce,False,False,stripe,2025-12-18
MX-100002879,Maximor Demo Corp,CUST-015,Ironclad Software,Amex,2025,23,57,353,False,385.27,38527,USD,US,US,Android,Ecommerce,False,False,stripe,2025-12-19
MX-100002880,Maximor Demo Corp,CUST-001,Northwind Labs,Visa,2025,0,0,354,False,392.4,39240,USD,US,US,Windows,Ecommerce,False,False,adyen,2025-12-20
MX-100002881,Maximor Demo Corp,CUST-002,Helios Analytics,Mastercard,2025,1,3,355,False,399.53,39953,USD,US,US,MacOS,Ecommerce,False,False,stripe,2025-12-21
MX-100002882,Maximor Demo Corp,CUST-003,Acme Industrial,NexPay,2025,2,6,356,False,406.66,40666,USD,US,US,iOS,Ecommerce,False,False,stripe,2025-12-22
MX-100002883,Maximor Demo Corp,CUST-004,Brightline Media,GlobalCard,2025,3,9,357,False,413.79,41379,USD,US,US,Android,Ecommerce,False,False,stripe,2025-12-23
MX-100002884,Maximor Demo Corp,CUST-005,Quiet Harbor,Amex,2025,4,12,358,False,420.92,42092,USD,US,US,Windows,Ecommerce,False,False,stripe,2025-12-24
MX-100002885,Maximor Demo Corp,CUST-006,Pinnacle Retail,Visa,2025,5,15,359,False,428.05,42805,USD,US,US,MacOS,Ecommerce,False,False,adyen,2025-12-25
MX-100002886,Maximor Demo Corp,CUST-007,Atlas Robotics,Mastercard,2025,6,18,360,False,435.18,43518,USD,US,US,iOS,Ecommerce,False,False,stripe,2025-12-26
MX-100002887,Maximor Demo Corp,CUST-008,Lumen Labs,NexPay,2025,7,21,361,False,22.31,2231,USD,US,US,Android,Ecommerce,False,False,stripe,2025-12-27
MX-100002888,Maximor Demo Corp,CUST-009,Northstar LLC,GlobalCard,2025,8,24,362,False,29.44,2944,USD,US,US,Windows,Ecommerce,False,False,stripe,2025-12-28
MX-100002889,Maximor Demo Corp,CUST-010,Meridian Health,Amex,2025,9,27,363,False,36.57,3657,USD,US,US,MacOS,Ecommerce,False,False,stripe,2025-12-29
MX-100002890,Maximor Demo Corp,CUST-011,Beacon Biotech,Visa,2025,10,30,364,True,43.7,4370,USD,US,US,iOS,Ecommerce,False,False,adyen,2025-12-30
MX-100002891,Maximor Demo Corp,CUST-012,Copperline Logistics,Mastercard,2025,11,33,365,False,50.83,5083,USD,US,US,Android,Ecommerce,False,False,stripe,2025-12-31
MX-100002892,Maximor Demo Corp,CUST-013,Summit Civic,NexPay,2026,12,36,1,False,57.96,5796,USD,US,US,Windows,Ecommerce,False,False,stripe,2026-01-01
MX-100002893,Maximor Demo Corp,CUST-014,Redwood Clinics,GlobalCard,2026,13,39,2,False,65.09,6509,USD,US,US,MacOS,Ecommerce,False,False,stripe,2026-01-02
MX-100002894,Maximor Demo Corp,CUST-015,Ironclad Software,Amex,2026,14,42,3,False,72.22,7222,USD,US,US,iOS,Ecommerce,False,False,stripe,2026-01-03
MX-100002895,Maximor Demo Corp,CUST-001,Northwind Labs,Visa,2026,15,45,4,False,79.35,7935,USD,US,US,Android,Ecommerce,False,False,adyen,2026-01-04
MX-100002896,Maximor Demo Corp,CUST-002,Helios Analytics,Mastercard,2026,16,48,5,False,86.48,8648,USD,US,US,Windows,Ecommerce,False,False,stripe,2026-01-05
MX-100002897,Maximor Demo Corp,CUST-003,Acme Industrial,NexPay,2026,17,51,6,False,93.61,9361,USD,US,US,MacOS,Ecommerce,False,False,stripe,2026-01-06
MX-100002898,Maximor Demo Corp,CUST-004,Brightline Media,GlobalCard,2026,18,54,7,False,100.74,10074,USD,US,US,iOS,Ecommerce,False,False,stripe,2026-01-07
MX-100002899,Maximor Demo Corp,CUST-005,Quiet Harbor,Amex,2026,19,57,8,False,107.87,10787,USD,US,US,Android,Ecommerce,False,False,stripe,2026-01-08
MX-100002900,Maximor Demo Corp,CUST-006,Pinnacle Retail,Visa,2026,20,0,9,False,115.0,11500,USD,US,US,Windows,Ecommerce,False,False,adyen,2026-01-09
MX-100002901,Maximor Demo Corp,CUST-007,Atlas Robotics,Mastercard,2026,21,3,10,False,122.13,12213,USD,US,US,MacOS,Ecommerce,False,False,stripe,2026-01-10
MX-100002902,Maximor Demo Corp,CUST-008,Lumen Labs,NexPay,2026,22,6,11,False,129.26,12926,USD,US,US,iOS,Ecommerce,False,False,stripe,2026-01-11
MX-100002903,Maximor Demo Corp,CUST-009,Northstar LLC,GlobalCard,2026,23,9,12,False,136.39,13639,USD,US,US,Android,Ecommerce,False,False,stripe,2026-01-12
MX-100002904,Maximor Demo Corp,CUST-010,Meridian Health,Amex,2026,0,12,13,False,143.52,14352,USD,US,US,Windows,Ecommerce,False,False,stripe,2026-01-13
MX-100002905,Maximor Demo Corp,CUST-011,Beacon Biotech,Visa,2026,1,15,14,False,150.65,15065,USD,US,US,MacOS,Ecommerce,False,False,adyen,2026-01-14
MX-100002906,Maximor Demo Corp,CUST-012,Copperline Logistics,Mastercard,2026,2,18,15,False,157.78,15778,USD,US,US,iOS,Ecommerce,False,False,stripe,2026-01-15
MX-100002907,Maximor Demo Corp,CUST-013,Summit Civic,NexPay,2026,3,21,16,True,164.91,16491,USD,US,US,Android,Ecommerce,False,False,stripe,2026-01-16
MX-100002908,Maximor Demo Corp,CUST-014,Redwood Clinics,GlobalCard,2026,4,24,17,False,172.04,17204,USD,US,US,Windows,Ecommerce,False,False,stripe,2026-01-17
MX-100002909,Maximor Demo Corp,CUST-015,Ironclad Software,Amex,2026,5,27,18,False,179.17,17917,USD,US,US,MacOS,Ecommerce,False,False,stripe,2026-01-18
MX-100002910,Maximor Demo Corp,CUST-001,Northwind Labs,Visa,2026,6,30,19,False,186.3,18630,USD,US,US,iOS,Ecommerce,False,False,adyen,2026-01-19
MX-100002911,Maximor Demo Corp,CUST-002,Helios Analytics,Mastercard,2026,7,33,20,False,193.43,19343,USD,US,US,Android,Ecommerce,False,False,stripe,2026-01-20
MX-100002912,Maximor Demo Corp,CUST-003,Acme Industrial,NexPay,2026,8,36,21,False,200.56,20056,USD,US,US,Windows,Ecommerce,False,False,stripe,2026-01-21
MX-100002913,Maximor Demo Corp,CUST-004,Brightline Media,GlobalCard,2026,9,39,22,False,207.69,20769,USD,US,US,MacOS,Ecommerce,False,False,stripe,2026-01-22
MX-100002914,Maximor Demo Corp,CUST-005,Quiet Harbor,Amex,2026,10,42,23,False,214.82,21482,USD,US,US,iOS,Ecommerce,False,False,stripe,2026-01-23
MX-100002915,Maximor Demo Corp,CUST-006,Pinnacle Retail,Visa,2026,11,45,24,False,221.95,22195,USD,US,US,Android,Ecommerce,False,False,adyen,2026-01-24
MX-100002916,Maximor Demo Corp,CUST-007,Atlas Robotics,Mastercard,2026,12,48,25,False,229.08,22908,USD,US,US,Windows,Ecommerce,False,False,stripe,2026-01-25
MX-100002917,Maximor Demo Corp,CUST-008,Lumen Labs,NexPay,2026,13,51,26,False,236.21,23621,USD,US,US,MacOS,Ecommerce,False,False,stripe,2026-01-26
MX-100002918,Maximor Demo Corp,CUST-009,Northstar LLC,GlobalCard,2026,14,54,27,False,243.34,24334,USD,US,US,iOS,Ecommerce,False,False,stripe,2026-01-27
MX-100002919,Maximor Demo Corp,CUST-010,Meridian Health,Amex,2026,15,57,28,False,250.47,25047,USD,US,US,Android,Ecommerce,False,False,stripe,2026-01-28
MX-100002920,Maximor Demo Corp,CUST-011,Beacon Biotech,Visa,2026,16,0,29,False,257.6,25760,USD,US,US,Windows,Ecommerce,False,False,adyen,2026-01-29
MX-100002921,Maximor Demo Corp,CUST-012,Copperline Logistics,Mastercard,2026,17,3,30,False,264.73,26473,USD,US,US,MacOS,Ecommerce,False,False,stripe,2026-01-30
MX-100002922,Maximor Demo Corp,CUST-013,Summit Civic,NexPay,2026,18,6,31,False,271.86,27186,USD,US,US,iOS,Ecommerce,False,False,stripe,2026-01-31
MX-100002923,Maximor Demo Corp,CUST-014,Redwood Clinics,GlobalCard,2026,19,9,32,False,278.99,27899,USD,US,US,Android,Ecommerce,False,False,stripe,2026-02-01
MX-100002924,Maximor Demo Corp,CUST-015,Ironclad Software,Amex,2026,20,12,33,True,286.12,28612,USD,US,US,Windows,Ecommerce,False,False,stripe,2026-02-02
MX-100002925,Maximor Demo Corp,CUST-001,Northwind Labs,Visa,2026,21,15,34,False,293.25,29325,USD,US,US,MacOS,Ecommerce,False,False,adyen,2026-02-03
MX-100002926,Maximor Demo Corp,CUST-002,Helios Analytics,Mastercard,2026,22,18,35,False,300.38,30038,USD,US,US,iOS,Ecommerce,False,False,stripe,2026-02-04
MX-100002927,Maximor Demo Corp,CUST-003,Acme Industrial,NexPay,2026,23,21,36,False,307.51,30751,USD,US,US,Android,Ecommerce,False,False,stripe,2026-02-05
MX-100002928,Maximor Demo Corp,CUST-004,Brightline Media,GlobalCard,2026,0,24,37,False,314.64,31464,USD,US,US,Windows,Ecommerce,False,False,stripe,2026-02-06
MX-100002929,Maximor Demo Corp,CUST-005,Quiet Harbor,Amex,2026,1,27,38,False,321.77,32177,USD,US,US,MacOS,Ecommerce,False,False,stripe,2026-02-07
MX-100002930,Maximor Demo Corp,CUST-006,Pinnacle Retail,Visa,2026,2,30,39,False,328.9,32890,USD,US,US,iOS,Ecommerce,False,False,adyen,2026-02-08
MX-100002931,Maximor Demo Corp,CUST-007,Atlas Robotics,Mastercard,2026,3,33,40,False,336.03,33603,USD,US,US,Android,Ecommerce,False,False,stripe,2026-02-09
MX-100002932,Maximor Demo Corp,CUST-008,Lumen Labs,NexPay,2026,4,36,41,False,343.16,34316,USD,US,US,Windows,Ecommerce,False,False,stripe,2026-02-10
MX-100002933,Maximor Demo Corp,CUST-009,Northstar LLC,GlobalCard,2026,5,39,42,False,350.29,35029,USD,US,US,MacOS,Ecommerce,False,False,stripe,2026-02-11
MX-100002934,Maximor Demo Corp,CUST-010,Meridian Health,Amex,2026,6,42,43,False,357.42,35742,USD,US,US,iOS,Ecommerce,False,False,stripe,2026-02-12
MX-100002935,Maximor Demo Corp,CUST-011,Beacon Biotech,Visa,2026,7,45,44,False,364.55,36455,USD,US,US,Android,Ecommerce,False,False,adyen,2026-02-13
MX-100002936,Maximor Demo Corp,CUST-012,Copperline Logistics,Mastercard,2026,8,48,45,False,371.68,37168,USD,US,US,Windows,Ecommerce,False,False,stripe,2026-02-14
MX-100002937,Maximor Demo Corp,CUST-013,Summit Civic,NexPay,2026,9,51,46,False,378.81,37881,USD,US,US,MacOS,Ecommerce,False,False,stripe,2026-02-15
MX-100002938,Maximor Demo Corp,CUST-014,Redwood Clinics,GlobalCard,2026,10,54,47,False,385.94,38594,USD,US,US,iOS,Ecommerce,False,False,stripe,2026-02-16
MX-100002939,Maximor Demo Corp,CUST-015,Ironclad Software,Amex,2026,11,57,48,False,393.07,39307,USD,US,US,Android,Ecommerce,False,False,stripe,2026-02-17
MX-100002940,Maximor Demo Corp,CUST-001,Northwind Labs,Visa,2026,12,0,49,False,400.2,40020,USD,US,US,Windows,Ecommerce,False,False,adyen,2026-02-18
MX-100002941,Maximor Demo Corp,CUST-002,Helios Analytics,Mastercard,2026,13,3,50,True,407.33,40733,USD,US,US,MacOS,Ecommerce,False,False,stripe,2026-02-19
MX-100002942,Maximor Demo Corp,CUST-003,Acme Industrial,NexPay,2026,14,6,51,False,414.46,41446,USD,US,US,iOS,Ecommerce,False,False,stripe,2026-02-20
MX-100002943,Maximor Demo Corp,CUST-004,Brightline Media,GlobalCard,2026,15,9,52,False,421.59,42159,USD,US,US,Android,Ecommerce,False,False,stripe,2026-02-21
MX-100002944,Maximor Demo Corp,CUST-005,Quiet Harbor,Amex,2026,16,12,53,False,428.72,42872,USD,US,US,Windows,Ecommerce,False,False,stripe,2026-02-22
MX-100002945,Maximor Demo Corp,CUST-006,Pinnacle Retail,Visa,2026,17,15,54,False,435.85,43585,USD,US,US,MacOS,Ecommerce,False,False,adyen,2026-02-23
MX-100002946,Maximor Demo Corp,CUST-007,Atlas Robotics,Mastercard,2026,18,18,55,False,22.98,2298,USD,US,US,iOS,Ecommerce,False,False,stripe,2026-02-24
MX-100002947,Maximor Demo Corp,CUST-008,Lumen Labs,NexPay,2026,19,21,56,False,30.11,3011,USD,US,US,Android,Ecommerce,False,False,stripe,2026-02-25
MX-100002948,Maximor Demo Corp,CUST-009,Northstar LLC,GlobalCard,2026,20,24,57,False,37.24,3724,USD,US,US,Windows,Ecommerce,False,False,stripe,2026-02-26
MX-100002949,Maximor Demo Corp,CUST-010,Meridian Health,Amex,2026,21,27,58,False,44.37,4437,USD,US,US,MacOS,Ecommerce,False,False,stripe,2026-02-27
MX-100002950,Maximor Demo Corp,CUST-011,Beacon Biotech,Visa,2026,22,30,59,False,51.5,5150,USD,US,US,iOS,Ecommerce,False,False,adyen,2026-02-28
MX-100002951,Maximor Demo Corp,CUST-012,Copperline Logistics,Mastercard,2026,23,33,60,False,58.63,5863,USD,US,US,Android,Ecommerce,False,False,stripe,2026-03-01
MX-100002952,Maximor Demo Corp,CUST-013,Summit Civic,NexPay,2026,0,36,61,False,65.76,6576,USD,US,US,Windows,Ecommerce,False,False,stripe,2026-03-02
MX-100002953,Maximor Demo Corp,CUST-014,Redwood Clinics,GlobalCard,2026,1,39,62,False,72.89,7289,USD,US,US,MacOS,Ecommerce,False,False,stripe,2026-03-03
MX-100002954,Maximor Demo Corp,CUST-015,Ironclad Software,Amex,2026,2,42,63,False,80.02,8002,USD,US,US,iOS,Ecommerce,False,False,stripe,2026-03-04
MX-100002955,Maximor Demo Corp,CUST-001,Northwind Labs,Visa,2026,3,45,64,False,87.15,8715,USD,US,US,Android,Ecommerce,False,False,adyen,2026-03-05
MX-100002956,Maximor Demo Corp,CUST-002,Helios Analytics,Mastercard,2026,4,48,65,False,94.28,9428,USD,US,US,Windows,Ecommerce,False,False,stripe,2026-03-06
MX-100002957,Maximor Demo Corp,CUST-003,Acme Industrial,NexPay,2026,5,51,66,False,101.41,10141,USD,US,US,MacOS,Ecommerce,False,False,stripe,2026-03-07
MX-100002958,Maximor Demo Corp,CUST-004,Brightline Media,GlobalCard,2026,6,54,67,True,108.54,10854,USD,US,US,iOS,Ecommerce,False,False,stripe,2026-03-08
MX-100002959,Maximor Demo Corp,CUST-005,Quiet Harbor,Amex,2026,7,57,68,False,115.67,11567,USD,US,US,Android,Ecommerce,False,False,stripe,2026-03-09
MX-100002960,Maximor Demo Corp,CUST-006,Pinnacle Retail,Visa,2026,8,0,69,False,122.8,12280,USD,US,US,Windows,Ecommerce,False,False,adyen,2026-03-10
MX-100002961,Maximor Demo Corp,CUST-007,Atlas Robotics,Mastercard,2026,9,3,70,False,129.93,12993,USD,US,US,MacOS,Ecommerce,False,False,stripe,2026-03-11
MX-100002962,Maximor Demo Corp,CUST-008,Lumen Labs,NexPay,2026,10,6,71,False,137.06,13706,USD,US,US,iOS,Ecommerce,False,False,stripe,2026-03-12
MX-100002963,Maximor Demo Corp,CUST-009,Northstar LLC,GlobalCard,2026,11,9,72,False,144.19,14419,USD,US,US,Android,Ecommerce,False,False,stripe,2026-03-13
MX-100002964,Maximor Demo Corp,CUST-010,Meridian Health,Amex,2026,12,12,73,False,151.32,15132,USD,US,US,Windows,Ecommerce,False,False,stripe,2026-03-14
MX-100002965,Maximor Demo Corp,CUST-011,Beacon Biotech,Visa,2026,13,15,74,False,158.45,15845,USD,US,US,MacOS,Ecommerce,False,False,adyen,2026-03-15
MX-100002966,Maximor Demo Corp,CUST-012,Copperline Logistics,Mastercard,2026,14,18,75,False,165.58,16558,USD,US,US,iOS,Ecommerce,False,False,stripe,2026-03-16
MX-100002967,Maximor Demo Corp,CUST-013,Summit Civic,NexPay,2026,15,21,76,False,172.71,17271,USD,US,US,Android,Ecommerce,False,False,stripe,2026-03-17
MX-100002968,Maximor Demo Corp,CUST-014,Redwood Clinics,GlobalCard,2026,16,24,77,False,179.84,17984,USD,US,US,Windows,Ecommerce,False,False,stripe,2026-03-18
MX-100002969,Maximor Demo Corp,CUST-015,Ironclad Software,Amex,2026,17,27,78,False,186.97,18697,USD,US,US,MacOS,Ecommerce,False,False,stripe,2026-03-19
MX-100002970,Maximor Demo Corp,CUST-001,Northwind Labs,Visa,2026,18,30,79,False,194.1,19410,USD,US,US,iOS,Ecommerce,False,False,adyen,2026-03-20
MX-100002971,Maximor Demo Corp,CUST-002,Helios Analytics,Mastercard,2026,19,33,80,False,201.23,20123,USD,US,US,Android,Ecommerce,False,False,stripe,2026-03-21
MX-100002972,Maximor Demo Corp,CUST-003,Acme Industrial,NexPay,2026,20,36,81,False,208.36,20836,USD,US,US,Windows,Ecommerce,False,False,stripe,2026-03-22
MX-100002973,Maximor Demo Corp,CUST-004,Brightline Media,GlobalCard,2026,21,39,82,False,215.49,21549,USD,US,US,MacOS,Ecommerce,False,False,stripe,2026-03-23
MX-100002974,Maximor Demo Corp,CUST-005,Quiet Harbor,Amex,2026,22,42,83,False,222.62,22262,USD,US,US,iOS,Ecommerce,False,False,stripe,2026-03-24
MX-100002975,Maximor Demo Corp,CUST-006,Pinnacle Retail,Visa,2026,23,45,84,True,229.75,22975,USD,US,US,Android,Ecommerce,False,False,adyen,2026-03-25
MX-100002976,Maximor Demo Corp,CUST-007,Atlas Robotics,Mastercard,2026,0,48,85,False,236.88,23688,USD,US,US,Windows,Ecommerce,False,False,stripe,2026-03-26
MX-100002977,Maximor Demo Corp,CUST-008,Lumen Labs,NexPay,2026,1,51,86,False,244.01,24401,USD,US,US,MacOS,Ecommerce,False,False,stripe,2026-03-27
MX-100002978,Maximor Demo Corp,CUST-009,Northstar LLC,GlobalCard,2026,2,54,87,False,251.14,25114,USD,US,US,iOS,Ecommerce,False,False,stripe,2026-03-28
MX-100002979,Maximor Demo Corp,CUST-010,Meridian Health,Amex,2026,3,57,88,False,258.27,25827,USD,US,US,Android,Ecommerce,False,False,stripe,2026-03-29
MX-100002980,Maximor Demo Corp,CUST-011,Beacon Biotech,Visa,2026,4,0,89,False,265.4,26540,USD,US,US,Windows,Ecommerce,False,False,adyen,2026-03-30
MX-100002981,Maximor Demo Corp,CUST-012,Copperline Logistics,Mastercard,2026,5,3,90,False,272.53,27253,USD,US,US,MacOS,Ecommerce,False,False,stripe,2026-03-31
MX-100002982,Maximor Demo Corp,CUST-013,Summit Civic,NexPay,2026,6,6,91,False,279.66,27966,USD,US,US,iOS,Ecommerce,False,False,stripe,2026-04-01
MX-100002983,Maximor Demo Corp,CUST-014,Redwood Clinics,GlobalCard,2026,7,9,92,False,286.79,28679,USD,US,US,Android,Ecommerce,False,False,stripe,2026-04-02
MX-100002984,Maximor Demo Corp,CUST-015,Ironclad Software,Amex,2026,8,12,93,False,293.92,29392,USD,US,US,Windows,Ecommerce,False,False,stripe,2026-04-03
MX-100002985,Maximor Demo Corp,CUST-001,Northwind Labs,Visa,2026,9,15,94,False,301.05,30105,USD,US,US,MacOS,Ecommerce,False,False,adyen,2026-04-04
MX-100002986,Maximor Demo Corp,CUST-002,Helios Analytics,Mastercard,2026,10,18,95,False,308.18,30818,USD,US,US,iOS,Ecommerce,False,False,stripe,2026-04-05
MX-100002987,Maximor Demo Corp,CUST-003,Acme Industrial,NexPay,2026,11,21,96,False,315.31,31531,USD,US,US,Android,Ecommerce,False,False,stripe,2026-04-06
MX-100002988,Maximor Demo Corp,CUST-004,Brightline Media,GlobalCard,2026,12,24,97,False,322.44,32244,USD,US,US,Windows,Ecommerce,False,False,stripe,2026-04-07
MX-100002989,Maximor Demo Corp,CUST-005,Quiet Harbor,Amex,2026,13,27,98,False,329.57,32957,USD,US,US,MacOS,Ecommerce,False,False,stripe,2026-04-08
MX-100002990,Maximor Demo Corp,CUST-006,Pinnacle Retail,Visa,2026,14,30,99,False,336.7,33670,USD,US,US,iOS,Ecommerce,False,False,adyen,2026-04-09
MX-100002991,Maximor Demo Corp,CUST-007,Atlas Robotics,Mastercard,2026,15,33,100,False,343.83,34383,USD,US,US,Android,Ecommerce,False,False,stripe,2026-04-10
MX-100002992,Maximor Demo Corp,CUST-008,Lumen Labs,NexPay,2026,16,36,101,True,350.96,35096,USD,US,US,Windows,Ecommerce,False,False,stripe,2026-04-11
MX-100002993,Maximor Demo Corp,CUST-009,Northstar LLC,GlobalCard,2026,17,39,102,False,358.09,35809,USD,US,US,MacOS,Ecommerce,False,False,stripe,2026-04-12
MX-100002994,Maximor Demo Corp,CUST-010,Meridian Health,Amex,2026,18,42,103,False,365.22,36522,USD,US,US,iOS,Ecommerce,False,False,stripe,2026-04-13
MX-100002995,Maximor Demo Corp,CUST-011,Beacon Biotech,Visa,2026,19,45,104,False,372.35,37235,USD,US,US,Android,Ecommerce,False,False,adyen,2026-04-14
MX-100002996,Maximor Demo Corp,CUST-012,Copperline Logistics,Mastercard,2026,20,48,105,False,379.48,37948,USD,US,US,Windows,Ecommerce,False,False,stripe,2026-04-15
MX-100002997,Maximor Demo Corp,CUST-013,Summit Civic,NexPay,2026,21,51,106,False,386.61,38661,USD,US,US,MacOS,Ecommerce,False,False,stripe,2026-04-16
MX-100002998,Maximor Demo Corp,CUST-014,Redwood Clinics,GlobalCard,2026,22,54,107,False,393.74,39374,USD,US,US,iOS,Ecommerce,False,False,stripe,2026-04-17
MX-100002999,Maximor Demo Corp,CUST-015,Ironclad Software,Amex,2026,23,57,108,False,400.87,40087,USD,US,US,Android,Ecommerce,False,False,stripe,2026-04-18
MX-100003000,Maximor Demo Corp,CUST-001,Northwind Labs,Visa,2026,0,0,109,False,408.0,40800,USD,US,US,Windows,Ecommerce,False,False,adyen,2026-04-19
