invoice_id,vendor_id,vendor,vendor_invoice_number,invoice_date,due_date,amount,currency,po_id,status,paid_date,period,description,journal_id
HAP-2025-10-0001,VEND-002,Amazon Web Services,AMA-2025-10-0001,2025-10-02,2025-11-01,30.11,USD,HPO-2025-10-0001,PAID,2025-10-20,2025-10,usage overage block 2025-10,JE-HAP-2025-10-0001
HAP-2025-10-0002,VEND-006,Datadog,DAT-2025-10-0002,2025-10-02,2025-11-01,7200.22,USD,HPO-2025-10-0002,PAID,2025-10-20,2025-10,premium support 2025-10,JE-HAP-2025-10-0002
HAP-2025-10-0003,VEND-011,Hartford Insurance,HAR-2025-10-0003,2025-10-02,2025-11-01,231.33,USD,HPO-2025-10-0003,PAID,2025-10-20,2025-10,warehouse consumables 2025-10,JE-HAP-2025-10-0003
HAP-2025-10-0004,VEND-015,Harbor Electric,HAR-2025-10-0004,2025-10-02,2025-11-01,96.44,USD,HPO-2025-10-0004,PAID,2025-10-20,2025-10,security monitoring hosts 2025-10,JE-HAP-2025-10-0004
HAP-2025-10-0005,VEND-019,Freightline Logistics,FRE-2025-10-0005,2025-10-02,2025-11-01,150.55,USD,HPO-2025-10-0005,PAID,2025-10-20,2025-10,usage overage block 2025-10,JE-HAP-2025-10-0005
HAP-2025-10-0006,VEND-023,Notion Labs,NOT-2025-10-0006,2025-10-02,2025-11-01,1800.66,USD,HPO-2025-10-0006,PAID,2025-10-20,2025-10,premium support 2025-10,JE-HAP-2025-10-0006
HAP-2025-10-0007,VEND-027,Zoom Video,ZOO-2025-10-0007,2025-10-02,2025-11-01,116.27,USD,HPO-2025-10-0007,PAID,2025-10-20,2025-10,warehouse consumables 2025-10,JE-HAP-2025-10-0007
HAP-2025-10-0008,VEND-031,Helios Hardware Supply,HEL-2025-10-0008,2025-10-02,2025-11-01,60.88,USD,HPO-2025-10-0008,PAID,2025-10-20,2025-10,security monitoring hosts 2025-10,JE-HAP-2025-10-0008
HAP-2025-10-0009,VEND-035,ADP,ADP-2025-10-0009,2025-10-02,2025-11-01,105.99,USD,HPO-2025-10-0009,PAID,2025-10-20,2025-10,usage overage block 2025-10,JE-HAP-2025-10-0009
HAP-2025-10-0010,VEND-039,CleanRoom Janitorial,CLE-2025-10-0010,2025-10-02,2025-11-01,16201.1,USD,HPO-2025-10-0010,PAID,2025-10-20,2025-10,premium support 2025-10,JE-HAP-2025-10-0010
HAP-2025-10-0011,VEND-043,Adyen NV,ADY-2025-10-0011,2025-10-02,2025-11-01,424.71,USD,HPO-2025-10-0011,PAID,2025-10-20,2025-10,warehouse consumables 2025-10,JE-HAP-2025-10-0011
HAP-2025-10-0012,VEND-047,Carta,CAR-2025-10-0012,2025-10-02,2025-11-01,25.32,USD,HPO-2025-10-0012,PAID,2025-10-20,2025-10,security monitoring hosts 2025-10,JE-HAP-2025-10-0012
HAP-2025-10-0013,VEND-039,CleanRoom Janitorial,CLE-2025-10-0013,2025-10-03,2025-11-02,116.93,USD,HPO-2025-10-0013,PAID,2025-10-21,2025-10,warehouse consumables 2025-10,JE-HAP-2025-10-0013
HAP-2025-10-0014,VEND-043,Adyen NV,ADY-2025-10-0014,2025-10-03,2025-11-02,61.54,USD,HPO-2025-10-0014,PAID,2025-10-21,2025-10,security monitoring hosts 2025-10,JE-HAP-2025-10-0014
HAP-2025-10-0015,VEND-047,Carta,CAR-2025-10-0015,2025-10-03,2025-11-02,106.65,USD,HPO-2025-10-0015,PAID,2025-10-21,2025-10,usage overage block 2025-10,JE-HAP-2025-10-0015
HAP-2025-10-0016,VEND-001,Acme Supplies,ACM-2025-10-0016,2025-10-03,2025-11-02,16201.76,USD,HPO-2025-10-0016,PAID,2025-10-21,2025-10,premium support 2025-10,JE-HAP-2025-10-0016
HAP-2025-10-0017,VEND-003,Northline Fabrication,NOR-2025-10-0017,2025-10-03,2025-11-02,425.37,USD,HPO-2025-10-0017,PAID,2025-10-21,2025-10,warehouse consumables 2025-10,JE-HAP-2025-10-0017
HAP-2025-10-0018,VEND-007,Slack Technologies,SLA-2025-10-0018,2025-10-03,2025-11-02,25.98,USD,HPO-2025-10-0018,PAID,2025-10-21,2025-10,security monitoring hosts 2025-10,JE-HAP-2025-10-0018
HAP-2025-10-0019,VEND-012,Orbit Analytics,ORB-2025-10-0019,2025-10-03,2025-11-02,62.09,USD,HPO-2025-10-0019,PAID,2025-10-21,2025-10,usage overage block 2025-10,JE-HAP-2025-10-0019
HAP-2025-10-0020,VEND-016,Lindholm & Ruiz LLP,LIN-2025-10-0020,2025-10-03,2025-11-02,10802.2,USD,HPO-2025-10-0020,PAID,2025-10-21,2025-10,premium support 2025-10,JE-HAP-2025-10-0020
HAP-2025-10-0021,VEND-020,Lenovo,LEN-2025-10-0021,2025-10-03,2025-11-02,310.31,USD,HPO-2025-10-0021,PAID,2025-10-21,2025-10,warehouse consumables 2025-10,JE-HAP-2025-10-0021
HAP-2025-10-0022,VEND-024,Snowflake,SNO-2025-10-0022,2025-10-03,2025-11-02,122.42,USD,HPO-2025-10-0022,PAID,2025-10-21,2025-10,security monitoring hosts 2025-10,JE-HAP-2025-10-0022
HAP-2025-10-0023,VEND-028,Atlassian,ATL-2025-10-0023,2025-10-03,2025-11-02,15.0,USD,HPO-2025-10-0023,PAID,2025-10-21,2025-10,usage overage block 2025-10,JE-HAP-2025-10-0023
HAP-2025-10-0024,VEND-032,Harbor Power & Light,HAR-2025-10-0024,2025-10-03,2025-11-02,5400.11,USD,HPO-2025-10-0024,PAID,2025-10-21,2025-10,premium support 2025-10,JE-HAP-2025-10-0024
HAP-2025-10-0025,VEND-024,Snowflake,SNO-2025-10-0025,2025-10-04,2025-11-03,60.22,USD,HPO-2025-10-0025,PAID,2025-10-22,2025-10,usage overage block 2025-10,JE-HAP-2025-10-0025
HAP-2025-10-0026,VEND-028,Atlassian,ATL-2025-10-0026,2025-10-04,2025-11-03,10800.33,USD,HPO-2025-10-0026,PAID,2025-10-22,2025-10,premium support 2025-10,JE-HAP-2025-10-0026
HAP-2025-10-0027,VEND-032,Harbor Power & Light,HAR-2025-10-0027,2025-10-04,2025-11-03,308.44,USD,HPO-2025-10-0027,PAID,2025-10-22,2025-10,warehouse consumables 2025-10,JE-HAP-2025-10-0027
HAP-2025-10-0028,VEND-036,WeWork Cambridge,WEW-2025-10-0028,2025-10-04,2025-11-03,120.55,USD,HPO-2025-10-0028,PAID,2025-10-22,2025-10,security monitoring hosts 2025-10,JE-HAP-2025-10-0028
HAP-2025-10-0029,VEND-040,Kendall Square Parking,KEN-2025-10-0029,2025-10-04,2025-11-03,15.66,USD,HPO-2025-10-0029,PAID,2025-10-22,2025-10,usage overage block 2025-10,JE-HAP-2025-10-0029
HAP-2025-10-0030,VEND-044,DocuSign,DOC-2025-10-0030,2025-10-04,2025-11-03,5400.77,USD,HPO-2025-10-0030,PAID,2025-10-22,2025-10,premium support 2025-10,JE-HAP-2025-10-0030
HAP-2025-10-0031,VEND-048,Gusto Payroll,GUS-2025-10-0031,2025-10-04,2025-11-03,193.38,USD,HPO-2025-10-0031,PAID,2025-10-22,2025-10,warehouse consumables 2025-10,JE-HAP-2025-10-0031
HAP-2025-10-0032,VEND-001-DUP,Acme Supplies LLC,ACM-2025-10-0032,2025-10-04,2025-11-03,84.99,USD,HPO-2025-10-0032,PAID,2025-10-22,2025-10,security monitoring hosts 2025-10,JE-HAP-2025-10-0032
HAP-2025-10-0033,VEND-004,Office Depot,OFF-2025-10-0033,2025-10-04,2025-11-03,136.1,USD,HPO-2025-10-0033,PAID,2025-10-22,2025-10,usage overage block 2025-10,JE-HAP-2025-10-0033
HAP-2025-10-0034,VEND-008,Figma,FIG-2025-10-0034,2025-10-04,2025-11-03,19801.21,USD,HPO-2025-10-0034,PAID,2025-10-22,2025-10,premium support 2025-10,JE-HAP-2025-10-0034
HAP-2025-10-0035,VEND-013,Cambridge Properties,CAM-2025-10-0035,2025-10-04,2025-11-03,78.32,USD,HPO-2025-10-0035,PAID,2025-10-22,2025-10,warehouse consumables 2025-10,JE-HAP-2025-10-0035
HAP-2025-10-0036,VEND-017,GitHub,GIT-2025-10-0036,2025-10-04,2025-11-03,49.43,USD,HPO-2025-10-0036,PAID,2025-10-22,2025-10,security monitoring hosts 2025-10,JE-HAP-2025-10-0036
HAP-2025-10-0037,VEND-008,Figma,FIG-2025-10-0037,2025-10-05,2025-11-04,194.04,USD,HPO-2025-10-0037,PAID,2025-10-23,2025-10,warehouse consumables 2025-10,JE-HAP-2025-10-0037
HAP-2025-10-0038,VEND-013,Cambridge Properties,CAM-2025-10-0038,2025-10-05,2025-11-04,85.65,USD,HPO-2025-10-0038,PAID,2025-10-23,2025-10,security monitoring hosts 2025-10,JE-HAP-2025-10-0038
HAP-2025-10-0039,VEND-017,GitHub,GIT-2025-10-0039,2025-10-05,2025-11-04,136.76,USD,HPO-2025-10-0039,PAID,2025-10-23,2025-10,usage overage block 2025-10,JE-HAP-2025-10-0039
HAP-2025-10-0040,VEND-021,Misc Supplies,MIS-2025-10-0040,2025-10-05,2025-11-04,19801.87,USD,HPO-2025-10-0040,PAID,2025-10-23,2025-10,premium support 2025-10,JE-HAP-2025-10-0040
HAP-2025-10-0041,VEND-025,Okta,OKT-2025-10-0041,2025-10-05,2025-11-04,78.98,USD,HPO-2025-10-0041,PAID,2025-10-23,2025-10,warehouse consumables 2025-10,JE-HAP-2025-10-0041
HAP-2025-10-0042,VEND-029,Cloudflare,CLO-2025-10-0042,2025-10-05,2025-11-04,50.09,USD,HPO-2025-10-0042,PAID,2025-10-23,2025-10,security monitoring hosts 2025-10,JE-HAP-2025-10-0042
HAP-2025-10-0043,VEND-033,Staples Business Advantage,STA-2025-10-0043,2025-10-05,2025-11-04,92.2,USD,HPO-2025-10-0043,PAID,2025-10-23,2025-10,usage overage block 2025-10,JE-HAP-2025-10-0043
HAP-2025-10-0044,VEND-037,Comcast Business,COM-2025-10-0044,2025-10-05,2025-11-04,14402.31,USD,HPO-2025-10-0044,PAID,2025-10-23,2025-10,premium support 2025-10,JE-HAP-2025-10-0044
HAP-2025-10-0045,VEND-041,HubSpot,HUB-2025-10-0045,2025-10-05,2025-11-04,387.42,USD,HPO-2025-10-0045,PAID,2025-10-23,2025-10,warehouse consumables 2025-10,JE-HAP-2025-10-0045
HAP-2025-10-0046,VEND-045,Palo Alto Networks,PAL-2025-10-0046,2025-10-05,2025-11-04,12.0,USD,HPO-2025-10-0046,PAID,2025-10-23,2025-10,security monitoring hosts 2025-10,JE-HAP-2025-10-0046
HAP-2025-10-0047,VEND-049,Vanta,VAN-2025-10-0047,2025-10-05,2025-11-04,45.11,USD,HPO-2025-10-0047,PAID,2025-10-23,2025-10,usage overage block 2025-10,JE-HAP-2025-10-0047
HAP-2025-10-0048,VEND-001-ALIAS,Acme Supply Co.,ACM-2025-10-0048,2025-10-05,2025-11-04,9000.22,USD,HPO-2025-10-0048,PAID,2025-10-23,2025-10,premium support 2025-10,JE-HAP-2025-10-0048
HAP-2025-10-0049,VEND-045,Palo Alto Networks,PAL-2025-10-0049,2025-10-06,2025-11-05,90.33,USD,HPO-2025-10-0049,PAID,2025-10-24,2025-10,usage overage block 2025-10,JE-HAP-2025-10-0049
HAP-2025-10-0050,VEND-049,Vanta,VAN-2025-10-0050,2025-10-06,2025-11-05,14400.44,USD,HPO-2025-10-0050,PAID,2025-10-24,2025-10,premium support 2025-10,JE-HAP-2025-10-0050
HAP-2025-10-0051,VEND-001-ALIAS,Acme Supply Co.,ACM-2025-10-0051,2025-10-06,2025-11-05,385.55,USD,HPO-2025-10-0051,PAID,2025-10-24,2025-10,warehouse consumables 2025-10,JE-HAP-2025-10-0051
HAP-2025-10-0052,VEND-005,Helios Hardware,HEL-2025-10-0052,2025-10-06,2025-11-05,12.66,USD,HPO-2025-10-0052,PAID,2025-10-24,2025-10,security monitoring hosts 2025-10,JE-HAP-2025-10-0052
HAP-2025-10-0053,VEND-009,Google Cloud,GOO-2025-10-0053,2025-10-06,2025-11-05,45.77,USD,HPO-2025-10-0053,PAID,2025-10-24,2025-10,usage overage block 2025-10,JE-HAP-2025-10-0053
HAP-2025-10-0054,VEND-014,Dell Technologies,DEL-2025-10-0054,2025-10-06,2025-11-05,9000.88,USD,HPO-2025-10-0054,PAID,2025-10-24,2025-10,premium support 2025-10,JE-HAP-2025-10-0054
HAP-2025-10-0055,VEND-018,Shadow Vendor LLC,SHA-2025-10-0055,2025-10-06,2025-11-05,270.49,USD,HPO-2025-10-0055,PAID,2025-10-24,2025-10,warehouse consumables 2025-10,JE-HAP-2025-10-0055
HAP-2025-10-0056,VEND-022,Twilio,TWI-2025-10-0056,2025-10-06,2025-11-05,109.1,USD,HPO-2025-10-0056,PAID,2025-10-24,2025-10,security monitoring hosts 2025-10,JE-HAP-2025-10-0056
HAP-2025-10-0057,VEND-026,CrowdStrike,CRO-2025-10-0057,2025-10-06,2025-11-05,166.21,USD,HPO-2025-10-0057,PAID,2025-10-24,2025-10,usage overage block 2025-10,JE-HAP-2025-10-0057
HAP-2025-10-0058,VEND-030,Northline Fab Group,NOR-2025-10-0058,2025-10-06,2025-11-05,3601.32,USD,HPO-2025-10-0058,PAID,2025-10-24,2025-10,premium support 2025-10,JE-HAP-2025-10-0058
HAP-2025-10-0059,VEND-034,FedEx,FED-2025-10-0059,2025-10-06,2025-11-05,155.43,USD,HPO-2025-10-0059,PAID,2025-10-24,2025-10,warehouse consumables 2025-10,JE-HAP-2025-10-0059
HAP-2025-10-0060,VEND-038,Pagaya Coffee Service,PAG-2025-10-0060,2025-10-06,2025-11-05,73.54,USD,HPO-2025-10-0060,PAID,2025-10-24,2025-10,security monitoring hosts 2025-10,JE-HAP-2025-10-0060
HAP-2025-10-0061,VEND-030,Northline Fab Group,NOR-2025-10-0061,2025-10-07,2025-11-06,271.15,USD,HPO-2025-10-0061,PAID,2025-10-25,2025-10,warehouse consumables 2025-10,JE-HAP-2025-10-0061
HAP-2025-10-0062,VEND-034,FedEx,FED-2025-10-0062,2025-10-07,2025-11-06,109.76,USD,HPO-2025-10-0062,PAID,2025-10-25,2025-10,security monitoring hosts 2025-10,JE-HAP-2025-10-0062
HAP-2025-10-0063,VEND-038,Pagaya Coffee Service,PAG-2025-10-0063,2025-10-07,2025-11-06,166.87,USD,HPO-2025-10-0063,PAID,2025-10-25,2025-10,usage overage block 2025-10,JE-HAP-2025-10-0063
HAP-2025-10-0064,VEND-042,Stripe Processing,STR-2025-10-0064,2025-10-07,2025-11-06,3601.98,USD,HPO-2025-10-0064,PAID,2025-10-25,2025-10,premium support 2025-10,JE-HAP-2025-10-0064
HAP-2025-10-0065,VEND-046,Boston Edison Steam,BOS-2025-10-0065,2025-10-07,2025-11-06,156.09,USD,HPO-2025-10-0065,PAID,2025-10-25,2025-10,warehouse consumables 2025-10,JE-HAP-2025-10-0065
HAP-2025-10-0066,VEND-050,Linear App,LIN-2025-10-0066,2025-10-07,2025-11-06,74.2,USD,HPO-2025-10-0066,PAID,2025-10-25,2025-10,security monitoring hosts 2025-10,JE-HAP-2025-10-0066
HAP-2025-10-0067,VEND-002,Amazon Web Services,AMA-2025-10-0067,2025-10-07,2025-11-06,122.31,USD,HPO-2025-10-0067,PAID,2025-10-25,2025-10,usage overage block 2025-10,JE-HAP-2025-10-0067
HAP-2025-10-0068,VEND-006,Datadog,DAT-2025-10-0068,2025-10-07,2025-11-06,18002.42,USD,HPO-2025-10-0068,PAID,2025-10-25,2025-10,premium support 2025-10,JE-HAP-2025-10-0068
HAP-2025-10-0069,VEND-011,Hartford Insurance,HAR-2025-10-0069,2025-10-07,2025-11-06,38.5,USD,HPO-2025-10-0069,PAID,2025-10-25,2025-10,warehouse consumables 2025-10,JE-HAP-2025-10-0069
HAP-2025-10-0070,VEND-015,Harbor Electric,HAR-2025-10-0070,2025-10-07,2025-11-06,36.11,USD,HPO-2025-10-0070,PAID,2025-10-25,2025-10,security monitoring hosts 2025-10,JE-HAP-2025-10-0070
HAP-2025-10-0071,VEND-019,Freightline Logistics,FRE-2025-10-0071,2025-10-07,2025-11-06,75.22,USD,HPO-2025-10-0071,PAID,2025-10-25,2025-10,usage overage block 2025-10,JE-HAP-2025-10-0071
HAP-2025-10-0072,VEND-023,Notion Labs,NOT-2025-10-0072,2025-10-07,2025-11-06,12600.33,USD,HPO-2025-10-0072,PAID,2025-10-25,2025-10,premium support 2025-10,JE-HAP-2025-10-0072
HAP-2025-10-0073,VEND-015,Harbor Electric,HAR-2025-10-0073,2025-10-08,2025-11-07,120.44,USD,HPO-2025-10-0073,PAID,2025-10-26,2025-10,usage overage block 2025-10,JE-HAP-2025-10-0073
HAP-2025-10-0074,VEND-019,Freightline Logistics,FRE-2025-10-0074,2025-10-08,2025-11-07,18000.55,USD,HPO-2025-10-0074,PAID,2025-10-26,2025-10,premium support 2025-10,JE-HAP-2025-10-0074
HAP-2025-10-0075,VEND-023,Notion Labs,NOT-2025-10-0075,2025-10-08,2025-11-07,39.16,USD,HPO-2025-10-0075,PAID,2025-10-26,2025-10,warehouse consumables 2025-10,JE-HAP-2025-10-0075
HAP-2025-10-0076,VEND-027,Zoom Video,ZOO-2025-10-0076,2025-10-08,2025-11-07,36.77,USD,HPO-2025-10-0076,PAID,2025-10-26,2025-10,security monitoring hosts 2025-10,JE-HAP-2025-10-0076
HAP-2025-10-0077,VEND-031,Helios Hardware Supply,HEL-2025-10-0077,2025-10-08,2025-11-07,75.88,USD,HPO-2025-10-0077,PAID,2025-10-26,2025-10,usage overage block 2025-10,JE-HAP-2025-10-0077
HAP-2025-10-0078,VEND-035,ADP,ADP-2025-10-0078,2025-10-08,2025-11-07,12600.99,USD,HPO-2025-10-0078,PAID,2025-10-26,2025-10,premium support 2025-10,JE-HAP-2025-10-0078
HAP-2025-10-0079,VEND-039,CleanRoom Janitorial,CLE-2025-10-0079,2025-10-08,2025-11-07,347.6,USD,HPO-2025-10-0079,PAID,2025-10-26,2025-10,warehouse consumables 2025-10,JE-HAP-2025-10-0079
HAP-2025-10-0080,VEND-043,Adyen NV,ADY-2025-10-0080,2025-10-08,2025-11-07,133.21,USD,HPO-2025-10-0080,PAID,2025-10-26,2025-10,security monitoring hosts 2025-10,JE-HAP-2025-10-0080
HAP-2025-10-0081,VEND-047,Carta,CAR-2025-10-0081,2025-10-08,2025-11-07,31.32,USD,HPO-2025-10-0081,PAID,2025-10-26,2025-10,usage overage block 2025-10,JE-HAP-2025-10-0081
HAP-2025-10-0082,VEND-001,Acme Supplies,ACM-2025-10-0082,2025-10-08,2025-11-07,7201.43,USD,HPO-2025-10-0082,PAID,2025-10-26,2025-10,premium support 2025-10,JE-HAP-2025-10-0082
HAP-2025-10-0083,VEND-003,Northline Fabrication,NOR-2025-10-0083,2025-10-08,2025-11-07,232.54,USD,HPO-2025-10-0083,PAID,2025-10-26,2025-10,warehouse consumables 2025-10,JE-HAP-2025-10-0083
HAP-2025-10-0084,VEND-007,Slack Technologies,SLA-2025-10-0084,2025-10-08,2025-11-07,97.65,USD,HPO-2025-10-0084,PAID,2025-10-26,2025-10,security monitoring hosts 2025-10,JE-HAP-2025-10-0084
HAP-2025-10-0085,VEND-001,Acme Supplies,ACM-2025-10-0085,2025-10-09,2025-11-08,348.26,USD,HPO-2025-10-0085,PAID,2025-10-27,2025-10,warehouse consumables 2025-10,JE-HAP-2025-10-0085
HAP-2025-10-0086,VEND-003,Northline Fabrication,NOR-2025-10-0086,2025-10-09,2025-11-08,133.87,USD,HPO-2025-10-0086,PAID,2025-10-27,2025-10,security monitoring hosts 2025-10,JE-HAP-2025-10-0086
HAP-2025-10-0087,VEND-007,Slack Technologies,SLA-2025-10-0087,2025-10-09,2025-11-08,31.98,USD,HPO-2025-10-0087,PAID,2025-10-27,2025-10,usage overage block 2025-10,JE-HAP-2025-10-0087
HAP-2025-10-0088,VEND-012,Orbit Analytics,ORB-2025-10-0088,2025-10-09,2025-11-08,7202.09,USD,HPO-2025-10-0088,PAID,2025-10-27,2025-10,premium support 2025-10,JE-HAP-2025-10-0088
HAP-2025-10-0089,VEND-016,Lindholm & Ruiz LLP,LIN-2025-10-0089,2025-10-09,2025-11-08,233.2,USD,HPO-2025-10-0089,PAID,2025-10-27,2025-10,warehouse consumables 2025-10,JE-HAP-2025-10-0089
HAP-2025-10-0090,VEND-020,Lenovo,LEN-2025-10-0090,2025-10-09,2025-11-08,98.31,USD,HPO-2025-10-0090,PAID,2025-10-27,2025-10,security monitoring hosts 2025-10,JE-HAP-2025-10-0090
HAP-2025-10-0091,VEND-024,Snowflake,SNO-2025-10-0091,2025-10-09,2025-11-08,152.42,USD,HPO-2025-10-0091,PAID,2025-10-27,2025-10,usage overage block 2025-10,JE-HAP-2025-10-0091
HAP-2025-10-0092,VEND-028,Atlassian,ATL-2025-10-0092,2025-10-09,2025-11-08,1800.0,USD,HPO-2025-10-0092,PAID,2025-10-27,2025-10,premium support 2025-10,JE-HAP-2025-10-0092
HAP-2025-10-0093,VEND-032,Harbor Power & Light,HAR-2025-10-0093,2025-10-09,2025-11-08,115.61,USD,HPO-2025-10-0093,PAID,2025-10-27,2025-10,warehouse consumables 2025-10,JE-HAP-2025-10-0093
HAP-2025-10-0094,VEND-036,WeWork Cambridge,WEW-2025-10-0094,2025-10-09,2025-11-08,60.22,USD,HPO-2025-10-0094,PAID,2025-10-27,2025-10,security monitoring hosts 2025-10,JE-HAP-2025-10-0094
HAP-2025-10-0095,VEND-040,Kendall Square Parking,KEN-2025-10-0095,2025-10-09,2025-11-08,105.33,USD,HPO-2025-10-0095,PAID,2025-10-27,2025-10,usage overage block 2025-10,JE-HAP-2025-10-0095
HAP-2025-10-0096,VEND-044,DocuSign,DOC-2025-10-0096,2025-10-09,2025-11-08,16200.44,USD,HPO-2025-10-0096,PAID,2025-10-27,2025-10,premium support 2025-10,JE-HAP-2025-10-0096
HAP-2025-10-0097,VEND-036,WeWork Cambridge,WEW-2025-10-0097,2025-10-10,2025-11-09,150.55,USD,HPO-2025-10-0097,PAID,2025-10-28,2025-10,usage overage block 2025-10,JE-HAP-2025-10-0097
HAP-2025-10-0098,VEND-040,Kendall Square Parking,KEN-2025-10-0098,2025-10-10,2025-11-09,1800.66,USD,HPO-2025-10-0098,PAID,2025-10-28,2025-10,premium support 2025-10,JE-HAP-2025-10-0098
HAP-2025-10-0099,VEND-044,DocuSign,DOC-2025-10-0099,2025-10-10,2025-11-09,116.27,USD,HPO-2025-10-0099,PAID,2025-10-28,2025-10,warehouse consumables 2025-10,JE-HAP-2025-10-0099
HAP-2025-10-0100,VEND-048,Gusto Payroll,GUS-2025-10-0100,2025-10-10,2025-11-09,60.88,USD,HPO-2025-10-0100,PAID,2025-10-28,2025-10,security monitoring hosts 2025-10,JE-HAP-2025-10-0100
HAP-2025-10-0101,VEND-001-DUP,Acme Supplies LLC,ACM-2025-10-0101,2025-10-10,2025-11-09,105.99,USD,HPO-2025-10-0101,PAID,2025-10-28,2025-10,usage overage block 2025-10,JE-HAP-2025-10-0101
HAP-2025-10-0102,VEND-004,Office Depot,OFF-2025-10-0102,2025-10-10,2025-11-09,16201.1,USD,HPO-2025-10-0102,PAID,2025-10-28,2025-10,premium support 2025-10,JE-HAP-2025-10-0102
HAP-2025-10-0103,VEND-008,Figma,FIG-2025-10-0103,2025-10-10,2025-11-09,424.71,USD,HPO-2025-10-0103,PAID,2025-10-28,2025-10,warehouse consumables 2025-10,JE-HAP-2025-10-0103
HAP-2025-10-0104,VEND-013,Cambridge Properties,CAM-2025-10-0104,2025-10-10,2025-11-09,25.32,USD,HPO-2025-10-0104,PAID,2025-10-28,2025-10,security monitoring hosts 2025-10,JE-HAP-2025-10-0104
HAP-2025-10-0105,VEND-017,GitHub,GIT-2025-10-0105,2025-10-10,2025-11-09,61.43,USD,HPO-2025-10-0105,PAID,2025-10-28,2025-10,usage overage block 2025-10,JE-HAP-2025-10-0105
HAP-2025-10-0106,VEND-021,Misc Supplies,MIS-2025-10-0106,2025-10-10,2025-11-09,10801.54,USD,HPO-2025-10-0106,PAID,2025-10-28,2025-10,premium support 2025-10,JE-HAP-2025-10-0106
HAP-2025-10-0107,VEND-025,Okta,OKT-2025-10-0107,2025-10-10,2025-11-09,309.65,USD,HPO-2025-10-0107,PAID,2025-10-28,2025-10,warehouse consumables 2025-10,JE-HAP-2025-10-0107
HAP-2025-10-0108,VEND-029,Cloudflare,CLO-2025-10-0108,2025-10-10,2025-11-09,121.76,USD,HPO-2025-10-0108,PAID,2025-10-28,2025-10,security monitoring hosts 2025-10,JE-HAP-2025-10-0108
HAP-2025-10-0109,VEND-021,Misc Supplies,MIS-2025-10-0109,2025-10-11,2025-11-10,425.37,USD,HPO-2025-10-0109,PAID,2025-10-29,2025-10,warehouse consumables 2025-10,JE-HAP-2025-10-0109
HAP-2025-10-0110,VEND-025,Okta,OKT-2025-10-0110,2025-10-11,2025-11-10,25.98,USD,HPO-2025-10-0110,PAID,2025-10-29,2025-10,security monitoring hosts 2025-10,JE-HAP-2025-10-0110
HAP-2025-10-0111,VEND-029,Cloudflare,CLO-2025-10-0111,2025-10-11,2025-11-10,62.09,USD,HPO-2025-10-0111,PAID,2025-10-29,2025-10,usage overage block 2025-10,JE-HAP-2025-10-0111
HAP-2025-10-0112,VEND-033,Staples Business Advantage,STA-2025-10-0112,2025-10-11,2025-11-10,10802.2,USD,HPO-2025-10-0112,PAID,2025-10-29,2025-10,premium support 2025-10,JE-HAP-2025-10-0112
HAP-2025-10-0113,VEND-037,Comcast Business,COM-2025-10-0113,2025-10-11,2025-11-10,310.31,USD,HPO-2025-10-0113,PAID,2025-10-29,2025-10,warehouse consumables 2025-10,JE-HAP-2025-10-0113
HAP-2025-10-0114,VEND-041,HubSpot,HUB-2025-10-0114,2025-10-11,2025-11-10,122.42,USD,HPO-2025-10-0114,PAID,2025-10-29,2025-10,security monitoring hosts 2025-10,JE-HAP-2025-10-0114
HAP-2025-10-0115,VEND-045,Palo Alto Networks,PAL-2025-10-0115,2025-10-11,2025-11-10,15.0,USD,HPO-2025-10-0115,PAID,2025-10-29,2025-10,usage overage block 2025-10,JE-HAP-2025-10-0115
HAP-2025-10-0116,VEND-049,Vanta,VAN-2025-10-0116,2025-10-11,2025-11-10,5400.11,USD,HPO-2025-10-0116,PAID,2025-10-29,2025-10,premium support 2025-10,JE-HAP-2025-10-0116
HAP-2025-10-0117,VEND-001-ALIAS,Acme Supply Co.,ACM-2025-10-0117,2025-10-11,2025-11-10,192.72,USD,HPO-2025-10-0117,PAID,2025-10-29,2025-10,warehouse consumables 2025-10,JE-HAP-2025-10-0117
HAP-2025-10-0118,VEND-005,Helios Hardware,HEL-2025-10-0118,2025-10-11,2025-11-10,84.33,USD,HPO-2025-10-0118,PAID,2025-10-29,2025-10,security monitoring hosts 2025-10,JE-HAP-2025-10-0118
HAP-2025-10-0119,VEND-009,Google Cloud,GOO-2025-10-0119,2025-10-11,2025-11-10,135.44,USD,HPO-2025-10-0119,PAID,2025-10-29,2025-10,usage overage block 2025-10,JE-HAP-2025-10-0119
HAP-2025-10-0120,VEND-014,Dell Technologies,DEL-2025-10-0120,2025-10-11,2025-11-10,19800.55,USD,HPO-2025-10-0120,PAID,2025-10-29,2025-10,premium support 2025-10,JE-HAP-2025-10-0120
HAP-2025-10-0121,VEND-005,Helios Hardware,HEL-2025-10-0121,2025-10-12,2025-11-11,15.66,USD,HPO-2025-10-0121,PAID,2025-10-30,2025-10,usage overage block 2025-10,JE-HAP-2025-10-0121
HAP-2025-10-0122,VEND-009,Google Cloud,GOO-2025-10-0122,2025-10-12,2025-11-11,5400.77,USD,HPO-2025-10-0122,PAID,2025-10-30,2025-10,premium support 2025-10,JE-HAP-2025-10-0122
HAP-2025-10-0123,VEND-014,Dell Technologies,DEL-2025-10-0123,2025-10-12,2025-11-11,193.38,USD,HPO-2025-10-0123,PAID,2025-10-30,2025-10,warehouse consumables 2025-10,JE-HAP-2025-10-0123
HAP-2025-10-0124,VEND-018,Shadow Vendor LLC,SHA-2025-10-0124,2025-10-12,2025-11-11,84.99,USD,HPO-2025-10-0124,PAID,2025-10-30,2025-10,security monitoring hosts 2025-10,JE-HAP-2025-10-0124
HAP-2025-10-0125,VEND-022,Twilio,TWI-2025-10-0125,2025-10-12,2025-11-11,136.1,USD,HPO-2025-10-0125,PAID,2025-10-30,2025-10,usage overage block 2025-10,JE-HAP-2025-10-0125
HAP-2025-10-0126,VEND-026,CrowdStrike,CRO-2025-10-0126,2025-10-12,2025-11-11,19801.21,USD,HPO-2025-10-0126,PAID,2025-10-30,2025-10,premium support 2025-10,JE-HAP-2025-10-0126
HAP-2025-10-0127,VEND-030,Northline Fab Group,NOR-2025-10-0127,2025-10-12,2025-11-11,78.32,USD,HPO-2025-10-0127,PAID,2025-10-30,2025-10,warehouse consumables 2025-10,JE-HAP-2025-10-0127
HAP-2025-10-0128,VEND-034,FedEx,FED-2025-10-0128,2025-10-12,2025-11-11,49.43,USD,HPO-2025-10-0128,PAID,2025-10-30,2025-10,security monitoring hosts 2025-10,JE-HAP-2025-10-0128
HAP-2025-10-0129,VEND-038,Pagaya Coffee Service,PAG-2025-10-0129,2025-10-12,2025-11-11,91.54,USD,HPO-2025-10-0129,PAID,2025-10-30,2025-10,usage overage block 2025-10,JE-HAP-2025-10-0129
HAP-2025-10-0130,VEND-042,Stripe Processing,STR-2025-10-0130,2025-10-12,2025-11-11,14401.65,USD,HPO-2025-10-0130,PAID,2025-10-30,2025-10,premium support 2025-10,JE-HAP-2025-10-0130
HAP-2025-10-0131,VEND-046,Boston Edison Steam,BOS-2025-10-0131,2025-10-12,2025-11-11,386.76,USD,HPO-2025-10-0131,PAID,2025-10-30,2025-10,warehouse consumables 2025-10,JE-HAP-2025-10-0131
HAP-2025-10-0132,VEND-050,Linear App,LIN-2025-10-0132,2025-10-12,2025-11-11,13.87,USD,HPO-2025-10-0132,PAID,2025-10-30,2025-10,security monitoring hosts 2025-10,JE-HAP-2025-10-0132
HAP-2025-10-0133,VEND-042,Stripe Processing,STR-2025-10-0133,2025-10-13,2025-11-12,78.98,USD,HPO-2025-10-0133,PAID,2025-10-31,2025-10,warehouse consumables 2025-10,JE-HAP-2025-10-0133
HAP-2025-10-0134,VEND-046,Boston Edison Steam,BOS-2025-10-0134,2025-10-13,2025-11-12,50.09,USD,HPO-2025-10-0134,PAID,2025-10-31,2025-10,security monitoring hosts 2025-10,JE-HAP-2025-10-0134
HAP-2025-10-0135,VEND-050,Linear App,LIN-2025-10-0135,2025-10-13,2025-11-12,92.2,USD,HPO-2025-10-0135,PAID,2025-10-31,2025-10,usage overage block 2025-10,JE-HAP-2025-10-0135
HAP-2025-10-0136,VEND-002,Amazon Web Services,AMA-2025-10-0136,2025-10-13,2025-11-12,14402.31,USD,HPO-2025-10-0136,PAID,2025-10-31,2025-10,premium support 2025-10,JE-HAP-2025-10-0136
HAP-2025-10-0137,VEND-006,Datadog,DAT-2025-10-0137,2025-10-13,2025-11-12,387.42,USD,HPO-2025-10-0137,PAID,2025-10-31,2025-10,warehouse consumables 2025-10,JE-HAP-2025-10-0137
HAP-2025-10-0138,VEND-011,Hartford Insurance,HAR-2025-10-0138,2025-10-13,2025-11-12,12.0,USD,HPO-2025-10-0138,PAID,2025-10-31,2025-10,security monitoring hosts 2025-10,JE-HAP-2025-10-0138
HAP-2025-10-0139,VEND-015,Harbor Electric,HAR-2025-10-0139,2025-10-13,2025-11-12,45.11,USD,HPO-2025-10-0139,PAID,2025-10-31,2025-10,usage overage block 2025-10,JE-HAP-2025-10-0139
HAP-2025-10-0140,VEND-019,Freightline Logistics,FRE-2025-10-0140,2025-10-13,2025-11-12,9000.22,USD,HPO-2025-10-0140,PAID,2025-10-31,2025-10,premium support 2025-10,JE-HAP-2025-10-0140
HAP-2025-10-0141,VEND-023,Notion Labs,NOT-2025-10-0141,2025-10-13,2025-11-12,269.83,USD,HPO-2025-10-0141,PAID,2025-10-31,2025-10,warehouse consumables 2025-10,JE-HAP-2025-10-0141
HAP-2025-10-0142,VEND-027,Zoom Video,ZOO-2025-10-0142,2025-10-13,2025-11-12,108.44,USD,HPO-2025-10-0142,PAID,2025-10-31,2025-10,security monitoring hosts 2025-10,JE-HAP-2025-10-0142
HAP-2025-10-0143,VEND-031,Helios Hardware Supply,HEL-2025-10-0143,2025-10-13,2025-11-12,165.55,USD,HPO-2025-10-0143,PAID,2025-10-31,2025-10,usage overage block 2025-10,JE-HAP-2025-10-0143
HAP-2025-10-0144,VEND-035,ADP,ADP-2025-10-0144,2025-10-13,2025-11-12,3600.66,USD,HPO-2025-10-0144,PAID,2025-10-31,2025-10,premium support 2025-10,JE-HAP-2025-10-0144
HAP-2025-10-0145,VEND-027,Zoom Video,ZOO-2025-10-0145,2025-10-14,2025-11-13,45.77,USD,HPO-2025-10-0145,PAID,2025-10-31,2025-10,usage overage block 2025-10,JE-HAP-2025-10-0145
HAP-2025-10-0146,VEND-031,Helios Hardware Supply,HEL-2025-10-0146,2025-10-14,2025-11-13,9000.88,USD,HPO-2025-10-0146,PAID,2025-10-31,2025-10,premium support 2025-10,JE-HAP-2025-10-0146
HAP-2025-10-0147,VEND-035,ADP,ADP-2025-10-0147,2025-10-14,2025-11-13,270.49,USD,HPO-2025-10-0147,PAID,2025-10-31,2025-10,warehouse consumables 2025-10,JE-HAP-2025-10-0147
HAP-2025-10-0148,VEND-039,CleanRoom Janitorial,CLE-2025-10-0148,2025-10-14,2025-11-13,109.1,USD,HPO-2025-10-0148,PAID,2025-10-31,2025-10,security monitoring hosts 2025-10,JE-HAP-2025-10-0148
HAP-2025-10-0149,VEND-043,Adyen NV,ADY-2025-10-0149,2025-10-14,2025-11-13,166.21,USD,HPO-2025-10-0149,PAID,2025-10-31,2025-10,usage overage block 2025-10,JE-HAP-2025-10-0149
HAP-2025-10-0150,VEND-047,Carta,CAR-2025-10-0150,2025-10-14,2025-11-13,3601.32,USD,HPO-2025-10-0150,PAID,2025-10-31,2025-10,premium support 2025-10,JE-HAP-2025-10-0150
HAP-2025-10-0151,VEND-001,Acme Supplies,ACM-2025-10-0151,2025-10-14,2025-11-13,155.43,USD,HPO-2025-10-0151,PAID,2025-10-31,2025-10,warehouse consumables 2025-10,JE-HAP-2025-10-0151
HAP-2025-10-0152,VEND-003,Northline Fabrication,NOR-2025-10-0152,2025-10-14,2025-11-13,73.54,USD,HPO-2025-10-0152,PAID,2025-10-31,2025-10,security monitoring hosts 2025-10,JE-HAP-2025-10-0152
HAP-2025-10-0153,VEND-007,Slack Technologies,SLA-2025-10-0153,2025-10-14,2025-11-13,121.65,USD,HPO-2025-10-0153,PAID,2025-10-31,2025-10,usage overage block 2025-10,JE-HAP-2025-10-0153
HAP-2025-10-0154,VEND-012,Orbit Analytics,ORB-2025-10-0154,2025-10-14,2025-11-13,18001.76,USD,HPO-2025-10-0154,PAID,2025-10-31,2025-10,premium support 2025-10,JE-HAP-2025-10-0154
HAP-2025-10-0155,VEND-016,Lindholm & Ruiz LLP,LIN-2025-10-0155,2025-10-14,2025-11-13,40.37,USD,HPO-2025-10-0155,PAID,2025-10-31,2025-10,warehouse consumables 2025-10,JE-HAP-2025-10-0155
HAP-2025-10-0156,VEND-020,Lenovo,LEN-2025-10-0156,2025-10-14,2025-11-13,37.98,USD,HPO-2025-10-0156,PAID,2025-10-31,2025-10,security monitoring hosts 2025-10,JE-HAP-2025-10-0156
HAP-2025-10-0157,VEND-012,Orbit Analytics,ORB-2025-10-0157,2025-10-15,2025-11-14,156.09,USD,HPO-2025-10-0157,PAID,2025-10-31,2025-10,warehouse consumables 2025-10,JE-HAP-2025-10-0157
HAP-2025-10-0158,VEND-016,Lindholm & Ruiz LLP,LIN-2025-10-0158,2025-10-15,2025-11-14,74.2,USD,HPO-2025-10-0158,PAID,2025-10-31,2025-10,security monitoring hosts 2025-10,JE-HAP-2025-10-0158
HAP-2025-10-0159,VEND-020,Lenovo,LEN-2025-10-0159,2025-10-15,2025-11-14,122.31,USD,HPO-2025-10-0159,PAID,2025-10-31,2025-10,usage overage block 2025-10,JE-HAP-2025-10-0159
HAP-2025-10-0160,VEND-024,Snowflake,SNO-2025-10-0160,2025-10-15,2025-11-14,18002.42,USD,HPO-2025-10-0160,PAID,2025-10-31,2025-10,premium support 2025-10,JE-HAP-2025-10-0160
HAP-2025-10-0161,VEND-028,Atlassian,ATL-2025-10-0161,2025-10-15,2025-11-14,38.5,USD,HPO-2025-10-0161,PAID,2025-10-31,2025-10,warehouse consumables 2025-10,JE-HAP-2025-10-0161
HAP-2025-10-0162,VEND-032,Harbor Power & Light,HAR-2025-10-0162,2025-10-15,2025-11-14,36.11,USD,HPO-2025-10-0162,PAID,2025-10-31,2025-10,security monitoring hosts 2025-10,JE-HAP-2025-10-0162
HAP-2025-10-0163,VEND-036,WeWork Cambridge,WEW-2025-10-0163,2025-10-15,2025-11-14,75.22,USD,HPO-2025-10-0163,PAID,2025-10-31,2025-10,usage overage block 2025-10,JE-HAP-2025-10-0163
HAP-2025-10-0164,VEND-040,Kendall Square Parking,KEN-2025-10-0164,2025-10-15,2025-11-14,12600.33,USD,HPO-2025-10-0164,PAID,2025-10-31,2025-10,premium support 2025-10,JE-HAP-2025-10-0164
HAP-2025-10-0165,VEND-044,DocuSign,DOC-2025-10-0165,2025-10-15,2025-11-14,346.94,USD,HPO-2025-10-0165,PAID,2025-10-31,2025-10,warehouse consumables 2025-10,JE-HAP-2025-10-0165
HAP-2025-10-0166,VEND-048,Gusto Payroll,GUS-2025-10-0166,2025-10-15,2025-11-14,132.55,USD,HPO-2025-10-0166,PAID,2025-10-31,2025-10,security monitoring hosts 2025-10,JE-HAP-2025-10-0166
HAP-2025-10-0167,VEND-001-DUP,Acme Supplies LLC,ACM-2025-10-0167,2025-10-15,2025-11-14,30.66,USD,HPO-2025-10-0167,PAID,2025-10-31,2025-10,usage overage block 2025-10,JE-HAP-2025-10-0167
HAP-2025-10-0168,VEND-004,Office Depot,OFF-2025-10-0168,2025-10-15,2025-11-14,7200.77,USD,HPO-2025-10-0168,PAID,2025-10-31,2025-10,premium support 2025-10,JE-HAP-2025-10-0168
HAP-2025-10-0169,VEND-048,Gusto Payroll,GUS-2025-10-0169,2025-10-16,2025-11-15,75.88,USD,HPO-2025-10-0169,PAID,2025-10-31,2025-10,usage overage block 2025-10,JE-HAP-2025-10-0169
HAP-2025-10-0170,VEND-001-DUP,Acme Supplies LLC,ACM-2025-10-0170,2025-10-16,2025-11-15,12600.99,USD,HPO-2025-10-0170,PAID,2025-10-31,2025-10,premium support 2025-10,JE-HAP-2025-10-0170
HAP-2025-10-0171,VEND-004,Office Depot,OFF-2025-10-0171,2025-10-16,2025-11-15,347.6,USD,HPO-2025-10-0171,PAID,2025-10-31,2025-10,warehouse consumables 2025-10,JE-HAP-2025-10-0171
HAP-2025-10-0172,VEND-008,Figma,FIG-2025-10-0172,2025-10-16,2025-11-15,133.21,USD,HPO-2025-10-0172,PAID,2025-10-31,2025-10,security monitoring hosts 2025-10,JE-HAP-2025-10-0172
HAP-2025-10-0173,VEND-013,Cambridge Properties,CAM-2025-10-0173,2025-10-16,2025-11-15,31.32,USD,HPO-2025-10-0173,PAID,2025-10-31,2025-10,usage overage block 2025-10,JE-HAP-2025-10-0173
HAP-2025-10-0174,VEND-017,GitHub,GIT-2025-10-0174,2025-10-16,2025-11-15,7201.43,USD,HPO-2025-10-0174,PAID,2025-10-31,2025-10,premium support 2025-10,JE-HAP-2025-10-0174
HAP-2025-10-0175,VEND-021,Misc Supplies,MIS-2025-10-0175,2025-10-16,2025-11-15,232.54,USD,HPO-2025-10-0175,PAID,2025-10-31,2025-10,warehouse consumables 2025-10,JE-HAP-2025-10-0175
HAP-2025-10-0176,VEND-025,Okta,OKT-2025-10-0176,2025-10-16,2025-11-15,97.65,USD,HPO-2025-10-0176,PAID,2025-10-31,2025-10,security monitoring hosts 2025-10,JE-HAP-2025-10-0176
HAP-2025-10-0177,VEND-029,Cloudflare,CLO-2025-10-0177,2025-10-16,2025-11-15,151.76,USD,HPO-2025-10-0177,PAID,2025-10-31,2025-10,usage overage block 2025-10,JE-HAP-2025-10-0177
HAP-2025-10-0178,VEND-033,Staples Business Advantage,STA-2025-10-0178,2025-10-16,2025-11-15,1801.87,USD,HPO-2025-10-0178,PAID,2025-10-31,2025-10,premium support 2025-10,JE-HAP-2025-10-0178
HAP-2025-10-0179,VEND-037,Comcast Business,COM-2025-10-0179,2025-10-16,2025-11-15,117.48,USD,HPO-2025-10-0179,PAID,2025-10-31,2025-10,warehouse consumables 2025-10,JE-HAP-2025-10-0179
HAP-2025-10-0180,VEND-041,HubSpot,HUB-2025-10-0180,2025-10-16,2025-11-15,62.09,USD,HPO-2025-10-0180,PAID,2025-10-31,2025-10,security monitoring hosts 2025-10,JE-HAP-2025-10-0180
HAP-2025-10-0181,VEND-033,Staples Business Advantage,STA-2025-10-0181,2025-10-17,2025-11-16,233.2,USD,HPO-2025-10-0181,PAID,2025-10-31,2025-10,warehouse consumables 2025-10,JE-HAP-2025-10-0181
HAP-2025-10-0182,VEND-037,Comcast Business,COM-2025-10-0182,2025-10-17,2025-11-16,98.31,USD,HPO-2025-10-0182,PAID,2025-10-31,2025-10,security monitoring hosts 2025-10,JE-HAP-2025-10-0182
HAP-2025-10-0183,VEND-041,HubSpot,HUB-2025-10-0183,2025-10-17,2025-11-16,152.42,USD,HPO-2025-10-0183,PAID,2025-10-31,2025-10,usage overage block 2025-10,JE-HAP-2025-10-0183
HAP-2025-10-0184,VEND-045,Palo Alto Networks,PAL-2025-10-0184,2025-10-17,2025-11-16,1800.0,USD,HPO-2025-10-0184,PAID,2025-10-31,2025-10,premium support 2025-10,JE-HAP-2025-10-0184
HAP-2025-10-0185,VEND-049,Vanta,VAN-2025-10-0185,2025-10-17,2025-11-16,115.61,USD,HPO-2025-10-0185,PAID,2025-10-31,2025-10,warehouse consumables 2025-10,JE-HAP-2025-10-0185
HAP-2025-10-0186,VEND-001-ALIAS,Acme Supply Co.,ACM-2025-10-0186,2025-10-17,2025-11-16,60.22,USD,HPO-2025-10-0186,PAID,2025-10-31,2025-10,security monitoring hosts 2025-10,JE-HAP-2025-10-0186
HAP-2025-10-0187,VEND-005,Helios Hardware,HEL-2025-10-0187,2025-10-17,2025-11-16,105.33,USD,HPO-2025-10-0187,PAID,2025-10-31,2025-10,usage overage block 2025-10,JE-HAP-2025-10-0187
HAP-2025-10-0188,VEND-009,Google Cloud,GOO-2025-10-0188,2025-10-17,2025-11-16,16200.44,USD,HPO-2025-10-0188,PAID,2025-10-31,2025-10,premium support 2025-10,JE-HAP-2025-10-0188
HAP-2025-10-0189,VEND-014,Dell Technologies,DEL-2025-10-0189,2025-10-17,2025-11-16,424.05,USD,HPO-2025-10-0189,PAID,2025-10-31,2025-10,warehouse consumables 2025-10,JE-HAP-2025-10-0189
HAP-2025-10-0190,VEND-018,Shadow Vendor LLC,SHA-2025-10-0190,2025-10-17,2025-11-16,24.66,USD,HPO-2025-10-0190,PAID,2025-10-31,2025-10,security monitoring hosts 2025-10,JE-HAP-2025-10-0190
HAP-2025-10-0191,VEND-022,Twilio,TWI-2025-10-0191,2025-10-17,2025-11-16,60.77,USD,HPO-2025-10-0191,PAID,2025-10-31,2025-10,usage overage block 2025-10,JE-HAP-2025-10-0191
HAP-2025-10-0192,VEND-026,CrowdStrike,CRO-2025-10-0192,2025-10-17,2025-11-16,10800.88,USD,HPO-2025-10-0192,PAID,2025-10-31,2025-10,premium support 2025-10,JE-HAP-2025-10-0192
HAP-2025-10-0193,VEND-018,Shadow Vendor LLC,SHA-2025-10-0193,2025-10-18,2025-11-17,105.99,USD,HPO-2025-10-0193,PAID,2025-10-31,2025-10,usage overage block 2025-10,JE-HAP-2025-10-0193
HAP-2025-10-0194,VEND-022,Twilio,TWI-2025-10-0194,2025-10-18,2025-11-17,16201.1,USD,HPO-2025-10-0194,PAID,2025-10-31,2025-10,premium support 2025-10,JE-HAP-2025-10-0194
HAP-2025-10-0195,VEND-026,CrowdStrike,CRO-2025-10-0195,2025-10-18,2025-11-17,424.71,USD,HPO-2025-10-0195,PAID,2025-10-31,2025-10,warehouse consumables 2025-10,JE-HAP-2025-10-0195
HAP-2025-10-0196,VEND-030,Northline Fab Group,NOR-2025-10-0196,2025-10-18,2025-11-17,25.32,USD,HPO-2025-10-0196,PAID,2025-10-31,2025-10,security monitoring hosts 2025-10,JE-HAP-2025-10-0196
HAP-2025-10-0197,VEND-034,FedEx,FED-2025-10-0197,2025-10-18,2025-11-17,61.43,USD,HPO-2025-10-0197,PAID,2025-10-31,2025-10,usage overage block 2025-10,JE-HAP-2025-10-0197
HAP-2025-10-0198,VEND-038,Pagaya Coffee Service,PAG-2025-10-0198,2025-10-18,2025-11-17,10801.54,USD,HPO-2025-10-0198,PAID,2025-10-31,2025-10,premium support 2025-10,JE-HAP-2025-10-0198
HAP-2025-10-0199,VEND-042,Stripe Processing,STR-2025-10-0199,2025-10-18,2025-11-17,309.65,USD,HPO-2025-10-0199,PAID,2025-10-31,2025-10,warehouse consumables 2025-10,JE-HAP-2025-10-0199
HAP-2025-10-0200,VEND-046,Boston Edison Steam,BOS-2025-10-0200,2025-10-18,2025-11-17,121.76,USD,HPO-2025-10-0200,PAID,2025-10-31,2025-10,security monitoring hosts 2025-10,JE-HAP-2025-10-0200
HAP-2025-10-0201,VEND-050,Linear App,LIN-2025-10-0201,2025-10-18,2025-11-17,16.87,USD,HPO-2025-10-0201,PAID,2025-10-31,2025-10,usage overage block 2025-10,JE-HAP-2025-10-0201
HAP-2025-10-0202,VEND-002,Amazon Web Services,AMA-2025-10-0202,2025-10-18,2025-11-17,5401.98,USD,HPO-2025-10-0202,PAID,2025-10-31,2025-10,premium support 2025-10,JE-HAP-2025-10-0202
HAP-2025-10-0203,VEND-006,Datadog,DAT-2025-10-0203,2025-10-18,2025-11-17,194.59,USD,HPO-2025-10-0203,PAID,2025-10-31,2025-10,warehouse consumables 2025-10,JE-HAP-2025-10-0203
HAP-2025-10-0204,VEND-011,Hartford Insurance,HAR-2025-10-0204,2025-10-18,2025-11-17,86.2,USD,HPO-2025-10-0204,PAID,2025-10-31,2025-10,security monitoring hosts 2025-10,JE-HAP-2025-10-0204
HAP-2025-10-0205,VEND-002,Amazon Web Services,AMA-2025-10-0205,2025-10-19,2025-11-18,310.31,USD,HPO-2025-10-0205,PAID,2025-10-31,2025-10,warehouse consumables 2025-10,JE-HAP-2025-10-0205
HAP-2025-10-0206,VEND-006,Datadog,DAT-2025-10-0206,2025-10-19,2025-11-18,122.42,USD,HPO-2025-10-0206,PAID,2025-10-31,2025-10,security monitoring hosts 2025-10,JE-HAP-2025-10-0206
HAP-2025-10-0207,VEND-011,Hartford Insurance,HAR-2025-10-0207,2025-10-19,2025-11-18,15.0,USD,HPO-2025-10-0207,PAID,2025-10-31,2025-10,usage overage block 2025-10,JE-HAP-2025-10-0207
HAP-2025-10-0208,VEND-015,Harbor Electric,HAR-2025-10-0208,2025-10-19,2025-11-18,5400.11,USD,HPO-2025-10-0208,PAID,2025-10-31,2025-10,premium support 2025-10,JE-HAP-2025-10-0208
HAP-2025-10-0209,VEND-019,Freightline Logistics,FRE-2025-10-0209,2025-10-19,2025-11-18,192.72,USD,HPO-2025-10-0209,PAID,2025-10-31,2025-10,warehouse consumables 2025-10,JE-HAP-2025-10-0209
HAP-2025-10-0210,VEND-023,Notion Labs,NOT-2025-10-0210,2025-10-19,2025-11-18,84.33,USD,HPO-2025-10-0210,PAID,2025-10-31,2025-10,security monitoring hosts 2025-10,JE-HAP-2025-10-0210
HAP-2025-10-0211,VEND-027,Zoom Video,ZOO-2025-10-0211,2025-10-19,2025-11-18,135.44,USD,HPO-2025-10-0211,PAID,2025-10-31,2025-10,usage overage block 2025-10,JE-HAP-2025-10-0211
HAP-2025-10-0212,VEND-031,Helios Hardware Supply,HEL-2025-10-0212,2025-10-19,2025-11-18,19800.55,USD,HPO-2025-10-0212,PAID,2025-10-31,2025-10,premium support 2025-10,JE-HAP-2025-10-0212
HAP-2025-10-0213,VEND-035,ADP,ADP-2025-10-0213,2025-10-19,2025-11-18,77.66,USD,HPO-2025-10-0213,PAID,2025-10-31,2025-10,warehouse consumables 2025-10,JE-HAP-2025-10-0213
HAP-2025-10-0214,VEND-039,CleanRoom Janitorial,CLE-2025-10-0214,2025-10-19,2025-11-18,48.77,USD,HPO-2025-10-0214,PAID,2025-10-31,2025-10,security monitoring hosts 2025-10,JE-HAP-2025-10-0214
HAP-2025-10-0215,VEND-043,Adyen NV,ADY-2025-10-0215,2025-10-19,2025-11-18,90.88,USD,HPO-2025-10-0215,PAID,2025-10-31,2025-10,usage overage block 2025-10,JE-HAP-2025-10-0215
HAP-2025-10-0216,VEND-047,Carta,CAR-2025-10-0216,2025-10-19,2025-11-18,14400.99,USD,HPO-2025-10-0216,PAID,2025-10-31,2025-10,premium support 2025-10,JE-HAP-2025-10-0216
HAP-2025-10-0217,VEND-039,CleanRoom Janitorial,CLE-2025-10-0217,2025-10-20,2025-11-19,136.1,USD,HPO-2025-10-0217,PAID,2025-10-31,2025-10,usage overage block 2025-10,JE-HAP-2025-10-0217
HAP-2025-10-0218,VEND-043,Adyen NV,ADY-2025-10-0218,2025-10-20,2025-11-19,19801.21,USD,HPO-2025-10-0218,PAID,2025-10-31,2025-10,premium support 2025-10,JE-HAP-2025-10-0218
HAP-2025-10-0219,VEND-047,Carta,CAR-2025-10-0219,2025-10-20,2025-11-19,78.32,USD,HPO-2025-10-0219,PAID,2025-10-31,2025-10,warehouse consumables 2025-10,JE-HAP-2025-10-0219
HAP-2025-10-0220,VEND-001,Acme Supplies,ACM-2025-10-0220,2025-10-20,2025-11-19,49.43,USD,HPO-2025-10-0220,PAID,2025-10-31,2025-10,security monitoring hosts 2025-10,JE-HAP-2025-10-0220
HAP-2025-10-0221,VEND-003,Northline Fabrication,NOR-2025-10-0221,2025-10-20,2025-11-19,91.54,USD,HPO-2025-10-0221,PAID,2025-10-31,2025-10,usage overage block 2025-10,JE-HAP-2025-10-0221
HAP-2025-10-0222,VEND-007,Slack Technologies,SLA-2025-10-0222,2025-10-20,2025-11-19,14401.65,USD,HPO-2025-10-0222,PAID,2025-10-31,2025-10,premium support 2025-10,JE-HAP-2025-10-0222
HAP-2025-10-0223,VEND-012,Orbit Analytics,ORB-2025-10-0223,2025-10-20,2025-11-19,386.76,USD,HPO-2025-10-0223,PAID,2025-10-31,2025-10,warehouse consumables 2025-10,JE-HAP-2025-10-0223
HAP-2025-10-0224,VEND-016,Lindholm & Ruiz LLP,LIN-2025-10-0224,2025-10-20,2025-11-19,13.87,USD,HPO-2025-10-0224,PAID,2025-10-31,2025-10,security monitoring hosts 2025-10,JE-HAP-2025-10-0224
HAP-2025-10-0225,VEND-020,Lenovo,LEN-2025-10-0225,2025-10-20,2025-11-19,46.98,USD,HPO-2025-10-0225,PAID,2025-10-31,2025-10,usage overage block 2025-10,JE-HAP-2025-10-0225
HAP-2025-10-0226,VEND-024,Snowflake,SNO-2025-10-0226,2025-10-20,2025-11-19,9002.09,USD,HPO-2025-10-0226,PAID,2025-10-31,2025-10,premium support 2025-10,JE-HAP-2025-10-0226
HAP-2025-10-0227,VEND-028,Atlassian,ATL-2025-10-0227,2025-10-20,2025-11-19,271.7,USD,HPO-2025-10-0227,PAID,2025-10-31,2025-10,warehouse consumables 2025-10,JE-HAP-2025-10-0227
HAP-2025-10-0228,VEND-032,Harbor Power & Light,HAR-2025-10-0228,2025-10-20,2025-11-19,110.31,USD,HPO-2025-10-0228,PAID,2025-10-31,2025-10,security monitoring hosts 2025-10,JE-HAP-2025-10-0228
HAP-2025-10-0229,VEND-024,Snowflake,SNO-2025-10-0229,2025-10-21,2025-11-20,387.42,USD,HPO-2025-10-0229,PAID,2025-10-31,2025-10,warehouse consumables 2025-10,JE-HAP-2025-10-0229
HAP-2025-10-0230,VEND-028,Atlassian,ATL-2025-10-0230,2025-10-21,2025-11-20,12.0,USD,HPO-2025-10-0230,PAID,2025-10-31,2025-10,security monitoring hosts 2025-10,JE-HAP-2025-10-0230
HAP-2025-10-0231,VEND-032,Harbor Power & Light,HAR-2025-10-0231,2025-10-21,2025-11-20,45.11,USD,HPO-2025-10-0231,PAID,2025-10-31,2025-10,usage overage block 2025-10,JE-HAP-2025-10-0231
HAP-2025-10-0232,VEND-036,WeWork Cambridge,WEW-2025-10-0232,2025-10-21,2025-11-20,9000.22,USD,HPO-2025-10-0232,PAID,2025-10-31,2025-10,premium support 2025-10,JE-HAP-2025-10-0232
HAP-2025-10-0233,VEND-040,Kendall Square Parking,KEN-2025-10-0233,2025-10-21,2025-11-20,269.83,USD,HPO-2025-10-0233,PAID,2025-10-31,2025-10,warehouse consumables 2025-10,JE-HAP-2025-10-0233
HAP-2025-10-0234,VEND-044,DocuSign,DOC-2025-10-0234,2025-10-21,2025-11-20,108.44,USD,HPO-2025-10-0234,PAID,2025-10-31,2025-10,security monitoring hosts 2025-10,JE-HAP-2025-10-0234
HAP-2025-10-0235,VEND-048,Gusto Payroll,GUS-2025-10-0235,2025-10-21,2025-11-20,165.55,USD,HPO-2025-10-0235,PAID,2025-10-31,2025-10,usage overage block 2025-10,JE-HAP-2025-10-0235
HAP-2025-10-0236,VEND-001-DUP,Acme Supplies LLC,ACM-2025-10-0236,2025-10-21,2025-11-20,3600.66,USD,HPO-2025-10-0236,PAID,2025-10-31,2025-10,premium support 2025-10,JE-HAP-2025-10-0236
HAP-2025-10-0237,VEND-004,Office Depot,OFF-2025-10-0237,2025-10-21,2025-11-20,154.77,USD,HPO-2025-10-0237,PAID,2025-10-31,2025-10,warehouse consumables 2025-10,JE-HAP-2025-10-0237
HAP-2025-10-0238,VEND-008,Figma,FIG-2025-10-0238,2025-10-21,2025-11-20,72.88,USD,HPO-2025-10-0238,PAID,2025-10-31,2025-10,security monitoring hosts 2025-10,JE-HAP-2025-10-0238
HAP-2025-10-0239,VEND-013,Cambridge Properties,CAM-2025-10-0239,2025-10-21,2025-11-20,120.99,USD,HPO-2025-10-0239,PAID,2025-10-31,2025-10,usage overage block 2025-10,JE-HAP-2025-10-0239
HAP-2025-10-0240,VEND-017,GitHub,GIT-2025-10-0240,2025-10-21,2025-11-20,18001.1,USD,HPO-2025-10-0240,PAID,2025-10-31,2025-10,premium support 2025-10,JE-HAP-2025-10-0240
HAP-2025-11-0241,VEND-008,Figma,FIG-2025-11-0241,2025-11-02,2025-12-02,166.21,USD,HPO-2025-11-0241,PAID,2025-11-20,2025-11,usage overage block 2025-11,JE-HAP-2025-11-0241
HAP-2025-11-0242,VEND-013,Cambridge Properties,CAM-2025-11-0242,2025-11-02,2025-12-02,3601.32,USD,HPO-2025-11-0242,PAID,2025-11-20,2025-11,premium support 2025-11,JE-HAP-2025-11-0242
HAP-2025-11-0243,VEND-017,GitHub,GIT-2025-11-0243,2025-11-02,2025-12-02,155.43,USD,HPO-2025-11-0243,PAID,2025-11-20,2025-11,warehouse consumables 2025-11,JE-HAP-2025-11-0243
HAP-2025-11-0244,VEND-021,Misc Supplies,MIS-2025-11-0244,2025-11-02,2025-12-02,73.54,USD,HPO-2025-11-0244,PAID,2025-11-20,2025-11,security monitoring hosts 2025-11,JE-HAP-2025-11-0244
HAP-2025-11-0245,VEND-025,Okta,OKT-2025-11-0245,2025-11-02,2025-12-02,121.65,USD,HPO-2025-11-0245,PAID,2025-11-20,2025-11,usage overage block 2025-11,JE-HAP-2025-11-0245
HAP-2025-11-0246,VEND-029,Cloudflare,CLO-2025-11-0246,2025-11-02,2025-12-02,18001.76,USD,HPO-2025-11-0246,PAID,2025-11-20,2025-11,premium support 2025-11,JE-HAP-2025-11-0246
HAP-2025-11-0247,VEND-033,Staples Business Advantage,STA-2025-11-0247,2025-11-02,2025-12-02,40.37,USD,HPO-2025-11-0247,PAID,2025-11-20,2025-11,warehouse consumables 2025-11,JE-HAP-2025-11-0247
HAP-2025-11-0248,VEND-037,Comcast Business,COM-2025-11-0248,2025-11-02,2025-12-02,37.98,USD,HPO-2025-11-0248,PAID,2025-11-20,2025-11,security monitoring hosts 2025-11,JE-HAP-2025-11-0248
HAP-2025-11-0249,VEND-041,HubSpot,HUB-2025-11-0249,2025-11-02,2025-12-02,77.09,USD,HPO-2025-11-0249,PAID,2025-11-20,2025-11,usage overage block 2025-11,JE-HAP-2025-11-0249
HAP-2025-11-0250,VEND-045,Palo Alto Networks,PAL-2025-11-0250,2025-11-02,2025-12-02,12602.2,USD,HPO-2025-11-0250,PAID,2025-11-20,2025-11,premium support 2025-11,JE-HAP-2025-11-0250
HAP-2025-11-0251,VEND-049,Vanta,VAN-2025-11-0251,2025-11-02,2025-12-02,348.81,USD,HPO-2025-11-0251,PAID,2025-11-20,2025-11,warehouse consumables 2025-11,JE-HAP-2025-11-0251
HAP-2025-11-0252,VEND-001-ALIAS,Acme Supply Co.,ACM-2025-11-0252,2025-11-02,2025-12-02,134.42,USD,HPO-2025-11-0252,PAID,2025-11-20,2025-11,security monitoring hosts 2025-11,JE-HAP-2025-11-0252
HAP-2025-11-0253,VEND-045,Palo Alto Networks,PAL-2025-11-0253,2025-11-03,2025-12-03,38.5,USD,HPO-2025-11-0253,PAID,2025-11-21,2025-11,warehouse consumables 2025-11,JE-HAP-2025-11-0253
HAP-2025-11-0254,VEND-049,Vanta,VAN-2025-11-0254,2025-11-03,2025-12-03,36.11,USD,HPO-2025-11-0254,PAID,2025-11-21,2025-11,security monitoring hosts 2025-11,JE-HAP-2025-11-0254
HAP-2025-11-0255,VEND-001-ALIAS,Acme Supply Co.,ACM-2025-11-0255,2025-11-03,2025-12-03,75.22,USD,HPO-2025-11-0255,PAID,2025-11-21,2025-11,usage overage block 2025-11,JE-HAP-2025-11-0255
HAP-2025-11-0256,VEND-005,Helios Hardware,HEL-2025-11-0256,2025-11-03,2025-12-03,12600.33,USD,HPO-2025-11-0256,PAID,2025-11-21,2025-11,premium support 2025-11,JE-HAP-2025-11-0256
HAP-2025-11-0257,VEND-009,Google Cloud,GOO-2025-11-0257,2025-11-03,2025-12-03,346.94,USD,HPO-2025-11-0257,PAID,2025-11-21,2025-11,warehouse consumables 2025-11,JE-HAP-2025-11-0257
HAP-2025-11-0258,VEND-014,Dell Technologies,DEL-2025-11-0258,2025-11-03,2025-12-03,132.55,USD,HPO-2025-11-0258,PAID,2025-11-21,2025-11,security monitoring hosts 2025-11,JE-HAP-2025-11-0258
HAP-2025-11-0259,VEND-018,Shadow Vendor LLC,SHA-2025-11-0259,2025-11-03,2025-12-03,30.66,USD,HPO-2025-11-0259,PAID,2025-11-21,2025-11,usage overage block 2025-11,JE-HAP-2025-11-0259
HAP-2025-11-0260,VEND-022,Twilio,TWI-2025-11-0260,2025-11-03,2025-12-03,7200.77,USD,HPO-2025-11-0260,PAID,2025-11-21,2025-11,premium support 2025-11,JE-HAP-2025-11-0260
HAP-2025-11-0261,VEND-026,CrowdStrike,CRO-2025-11-0261,2025-11-03,2025-12-03,231.88,USD,HPO-2025-11-0261,PAID,2025-11-21,2025-11,warehouse consumables 2025-11,JE-HAP-2025-11-0261
HAP-2025-11-0262,VEND-030,Northline Fab Group,NOR-2025-11-0262,2025-11-03,2025-12-03,96.99,USD,HPO-2025-11-0262,PAID,2025-11-21,2025-11,security monitoring hosts 2025-11,JE-HAP-2025-11-0262
HAP-2025-11-0263,VEND-034,FedEx,FED-2025-11-0263,2025-11-03,2025-12-03,151.1,USD,HPO-2025-11-0263,PAID,2025-11-21,2025-11,usage overage block 2025-11,JE-HAP-2025-11-0263
HAP-2025-11-0264,VEND-038,Pagaya Coffee Service,PAG-2025-11-0264,2025-11-03,2025-12-03,1801.21,USD,HPO-2025-11-0264,PAID,2025-11-21,2025-11,premium support 2025-11,JE-HAP-2025-11-0264
HAP-2025-11-0265,VEND-030,Northline Fab Group,NOR-2025-11-0265,2025-11-04,2025-12-04,31.32,USD,HPO-2025-11-0265,PAID,2025-11-22,2025-11,usage overage block 2025-11,JE-HAP-2025-11-0265
HAP-2025-11-0266,VEND-034,FedEx,FED-2025-11-0266,2025-11-04,2025-12-04,7201.43,USD,HPO-2025-11-0266,PAID,2025-11-22,2025-11,premium support 2025-11,JE-HAP-2025-11-0266
HAP-2025-11-0267,VEND-038,Pagaya Coffee Service,PAG-2025-11-0267,2025-11-04,2025-12-04,232.54,USD,HPO-2025-11-0267,PAID,2025-11-22,2025-11,warehouse consumables 2025-11,JE-HAP-2025-11-0267
HAP-2025-11-0268,VEND-042,Stripe Processing,STR-2025-11-0268,2025-11-04,2025-12-04,97.65,USD,HPO-2025-11-0268,PAID,2025-11-22,2025-11,security monitoring hosts 2025-11,JE-HAP-2025-11-0268
HAP-2025-11-0269,VEND-046,Boston Edison Steam,BOS-2025-11-0269,2025-11-04,2025-12-04,151.76,USD,HPO-2025-11-0269,PAID,2025-11-22,2025-11,usage overage block 2025-11,JE-HAP-2025-11-0269
HAP-2025-11-0270,VEND-050,Linear App,LIN-2025-11-0270,2025-11-04,2025-12-04,1801.87,USD,HPO-2025-11-0270,PAID,2025-11-22,2025-11,premium support 2025-11,JE-HAP-2025-11-0270
HAP-2025-11-0271,VEND-002,Amazon Web Services,AMA-2025-11-0271,2025-11-04,2025-12-04,117.48,USD,HPO-2025-11-0271,PAID,2025-11-22,2025-11,warehouse consumables 2025-11,JE-HAP-2025-11-0271
HAP-2025-11-0272,VEND-006,Datadog,DAT-2025-11-0272,2025-11-04,2025-12-04,62.09,USD,HPO-2025-11-0272,PAID,2025-11-22,2025-11,security monitoring hosts 2025-11,JE-HAP-2025-11-0272
HAP-2025-11-0273,VEND-011,Hartford Insurance,HAR-2025-11-0273,2025-11-04,2025-12-04,107.2,USD,HPO-2025-11-0273,PAID,2025-11-22,2025-11,usage overage block 2025-11,JE-HAP-2025-11-0273
HAP-2025-11-0274,VEND-015,Harbor Electric,HAR-2025-11-0274,2025-11-04,2025-12-04,16202.31,USD,HPO-2025-11-0274,PAID,2025-11-22,2025-11,premium support 2025-11,JE-HAP-2025-11-0274
HAP-2025-11-0275,VEND-019,Freightline Logistics,FRE-2025-11-0275,2025-11-04,2025-12-04,425.92,USD,HPO-2025-11-0275,PAID,2025-11-22,2025-11,warehouse consumables 2025-11,JE-HAP-2025-11-0275
HAP-2025-11-0276,VEND-023,Notion Labs,NOT-2025-11-0276,2025-11-04,2025-12-04,24.0,USD,HPO-2025-11-0276,PAID,2025-11-22,2025-11,security monitoring hosts 2025-11,JE-HAP-2025-11-0276
HAP-2025-11-0277,VEND-015,Harbor Electric,HAR-2025-11-0277,2025-11-05,2025-12-05,115.61,USD,HPO-2025-11-0277,PAID,2025-11-23,2025-11,warehouse consumables 2025-11,JE-HAP-2025-11-0277
HAP-2025-11-0278,VEND-019,Freightline Logistics,FRE-2025-11-0278,2025-11-05,2025-12-05,60.22,USD,HPO-2025-11-0278,PAID,2025-11-23,2025-11,security monitoring hosts 2025-11,JE-HAP-2025-11-0278
HAP-2025-11-0279,VEND-023,Notion Labs,NOT-2025-11-0279,2025-11-05,2025-12-05,105.33,USD,HPO-2025-11-0279,PAID,2025-11-23,2025-11,usage overage block 2025-11,JE-HAP-2025-11-0279
HAP-2025-11-0280,VEND-027,Zoom Video,ZOO-2025-11-0280,2025-11-05,2025-12-05,16200.44,USD,HPO-2025-11-0280,PAID,2025-11-23,2025-11,premium support 2025-11,JE-HAP-2025-11-0280
HAP-2025-11-0281,VEND-031,Helios Hardware Supply,HEL-2025-11-0281,2025-11-05,2025-12-05,424.05,USD,HPO-2025-11-0281,PAID,2025-11-23,2025-11,warehouse consumables 2025-11,JE-HAP-2025-11-0281
HAP-2025-11-0282,VEND-035,ADP,ADP-2025-11-0282,2025-11-05,2025-12-05,24.66,USD,HPO-2025-11-0282,PAID,2025-11-23,2025-11,security monitoring hosts 2025-11,JE-HAP-2025-11-0282
HAP-2025-11-0283,VEND-039,CleanRoom Janitorial,CLE-2025-11-0283,2025-11-05,2025-12-05,60.77,USD,HPO-2025-11-0283,PAID,2025-11-23,2025-11,usage overage block 2025-11,JE-HAP-2025-11-0283
HAP-2025-11-0284,VEND-043,Adyen NV,ADY-2025-11-0284,2025-11-05,2025-12-05,10800.88,USD,HPO-2025-11-0284,PAID,2025-11-23,2025-11,premium support 2025-11,JE-HAP-2025-11-0284
HAP-2025-11-0285,VEND-047,Carta,CAR-2025-11-0285,2025-11-05,2025-12-05,308.99,USD,HPO-2025-11-0285,PAID,2025-11-23,2025-11,warehouse consumables 2025-11,JE-HAP-2025-11-0285
HAP-2025-11-0286,VEND-001,Acme Supplies,ACM-2025-11-0286,2025-11-05,2025-12-05,121.1,USD,HPO-2025-11-0286,PAID,2025-11-23,2025-11,security monitoring hosts 2025-11,JE-HAP-2025-11-0286
HAP-2025-11-0287,VEND-003,Northline Fabrication,NOR-2025-11-0287,2025-11-05,2025-12-05,16.21,USD,HPO-2025-11-0287,PAID,2025-11-23,2025-11,usage overage block 2025-11,JE-HAP-2025-11-0287
HAP-2025-11-0288,VEND-007,Slack Technologies,SLA-2025-11-0288,2025-11-05,2025-12-05,5401.32,USD,HPO-2025-11-0288,PAID,2025-11-23,2025-11,premium support 2025-11,JE-HAP-2025-11-0288
HAP-2025-11-0289,VEND-001,Acme Supplies,ACM-2025-11-0289,2025-11-06,2025-12-06,61.43,USD,HPO-2025-11-0289,PAID,2025-11-24,2025-11,usage overage block 2025-11,JE-HAP-2025-11-0289
HAP-2025-11-0290,VEND-003,Northline Fabrication,NOR-2025-11-0290,2025-11-06,2025-12-06,10801.54,USD,HPO-2025-11-0290,PAID,2025-11-24,2025-11,premium support 2025-11,JE-HAP-2025-11-0290
HAP-2025-11-0291,VEND-007,Slack Technologies,SLA-2025-11-0291,2025-11-06,2025-12-06,309.65,USD,HPO-2025-11-0291,PAID,2025-11-24,2025-11,warehouse consumables 2025-11,JE-HAP-2025-11-0291
HAP-2025-11-0292,VEND-012,Orbit Analytics,ORB-2025-11-0292,2025-11-06,2025-12-06,121.76,USD,HPO-2025-11-0292,PAID,2025-11-24,2025-11,security monitoring hosts 2025-11,JE-HAP-2025-11-0292
HAP-2025-11-0293,VEND-016,Lindholm & Ruiz LLP,LIN-2025-11-0293,2025-11-06,2025-12-06,16.87,USD,HPO-2025-11-0293,PAID,2025-11-24,2025-11,usage overage block 2025-11,JE-HAP-2025-11-0293
HAP-2025-11-0294,VEND-020,Lenovo,LEN-2025-11-0294,2025-11-06,2025-12-06,5401.98,USD,HPO-2025-11-0294,PAID,2025-11-24,2025-11,premium support 2025-11,JE-HAP-2025-11-0294
HAP-2025-11-0295,VEND-024,Snowflake,SNO-2025-11-0295,2025-11-06,2025-12-06,194.59,USD,HPO-2025-11-0295,PAID,2025-11-24,2025-11,warehouse consumables 2025-11,JE-HAP-2025-11-0295
HAP-2025-11-0296,VEND-028,Atlassian,ATL-2025-11-0296,2025-11-06,2025-12-06,86.2,USD,HPO-2025-11-0296,PAID,2025-11-24,2025-11,security monitoring hosts 2025-11,JE-HAP-2025-11-0296
HAP-2025-11-0297,VEND-032,Harbor Power & Light,HAR-2025-11-0297,2025-11-06,2025-12-06,137.31,USD,HPO-2025-11-0297,PAID,2025-11-24,2025-11,usage overage block 2025-11,JE-HAP-2025-11-0297
HAP-2025-11-0298,VEND-036,WeWork Cambridge,WEW-2025-11-0298,2025-11-06,2025-12-06,19802.42,USD,HPO-2025-11-0298,PAID,2025-11-24,2025-11,premium support 2025-11,JE-HAP-2025-11-0298
HAP-2025-11-0299,VEND-040,Kendall Square Parking,KEN-2025-11-0299,2025-11-06,2025-12-06,77.0,USD,HPO-2025-11-0299,PAID,2025-11-24,2025-11,warehouse consumables 2025-11,JE-HAP-2025-11-0299
HAP-2025-11-0300,VEND-044,DocuSign,DOC-2025-11-0300,2025-11-06,2025-12-06,48.11,USD,HPO-2025-11-0300,PAID,2025-11-24,2025-11,security monitoring hosts 2025-11,JE-HAP-2025-11-0300
HAP-2025-11-0301,VEND-036,WeWork Cambridge,WEW-2025-11-0301,2025-11-07,2025-12-07,192.72,USD,HPO-2025-11-0301,PAID,2025-11-25,2025-11,warehouse consumables 2025-11,JE-HAP-2025-11-0301
HAP-2025-11-0302,VEND-040,Kendall Square Parking,KEN-2025-11-0302,2025-11-07,2025-12-07,84.33,USD,HPO-2025-11-0302,PAID,2025-11-25,2025-11,security monitoring hosts 2025-11,JE-HAP-2025-11-0302
HAP-2025-11-0303,VEND-044,DocuSign,DOC-2025-11-0303,2025-11-07,2025-12-07,135.44,USD,HPO-2025-11-0303,PAID,2025-11-25,2025-11,usage overage block 2025-11,JE-HAP-2025-11-0303
HAP-2025-11-0304,VEND-048,Gusto Payroll,GUS-2025-11-0304,2025-11-07,2025-12-07,19800.55,USD,HPO-2025-11-0304,PAID,2025-11-25,2025-11,premium support 2025-11,JE-HAP-2025-11-0304
HAP-2025-11-0305,VEND-001-DUP,Acme Supplies LLC,ACM-2025-11-0305,2025-11-07,2025-12-07,77.66,USD,HPO-2025-11-0305,PAID,2025-11-25,2025-11,warehouse consumables 2025-11,JE-HAP-2025-11-0305
HAP-2025-11-0306,VEND-004,Office Depot,OFF-2025-11-0306,2025-11-07,2025-12-07,48.77,USD,HPO-2025-11-0306,PAID,2025-11-25,2025-11,security monitoring hosts 2025-11,JE-HAP-2025-11-0306
HAP-2025-11-0307,VEND-008,Figma,FIG-2025-11-0307,2025-11-07,2025-12-07,90.88,USD,HPO-2025-11-0307,PAID,2025-11-25,2025-11,usage overage block 2025-11,JE-HAP-2025-11-0307
HAP-2025-11-0308,VEND-013,Cambridge Properties,CAM-2025-11-0308,2025-11-07,2025-12-07,14400.99,USD,HPO-2025-11-0308,PAID,2025-11-25,2025-11,premium support 2025-11,JE-HAP-2025-11-0308
HAP-2025-11-0309,VEND-017,GitHub,GIT-2025-11-0309,2025-11-07,2025-12-07,386.1,USD,HPO-2025-11-0309,PAID,2025-11-25,2025-11,warehouse consumables 2025-11,JE-HAP-2025-11-0309
HAP-2025-11-0310,VEND-021,Misc Supplies,MIS-2025-11-0310,2025-11-07,2025-12-07,13.21,USD,HPO-2025-11-0310,PAID,2025-11-25,2025-11,security monitoring hosts 2025-11,JE-HAP-2025-11-0310
HAP-2025-11-0311,VEND-025,Okta,OKT-2025-11-0311,2025-11-07,2025-12-07,46.32,USD,HPO-2025-11-0311,PAID,2025-11-25,2025-11,usage overage block 2025-11,JE-HAP-2025-11-0311
HAP-2025-11-0312,VEND-029,Cloudflare,CLO-2025-11-0312,2025-11-07,2025-12-07,9001.43,USD,HPO-2025-11-0312,PAID,2025-11-25,2025-11,premium support 2025-11,JE-HAP-2025-11-0312
HAP-2025-11-0313,VEND-021,Misc Supplies,MIS-2025-11-0313,2025-11-08,2025-12-08,91.54,USD,HPO-2025-11-0313,PAID,2025-11-26,2025-11,usage overage block 2025-11,JE-HAP-2025-11-0313
HAP-2025-11-0314,VEND-025,Okta,OKT-2025-11-0314,2025-11-08,2025-12-08,14401.65,USD,HPO-2025-11-0314,PAID,2025-11-26,2025-11,premium support 2025-11,JE-HAP-2025-11-0314
HAP-2025-11-0315,VEND-029,Cloudflare,CLO-2025-11-0315,2025-11-08,2025-12-08,386.76,USD,HPO-2025-11-0315,PAID,2025-11-26,2025-11,warehouse consumables 2025-11,JE-HAP-2025-11-0315
HAP-2025-11-0316,VEND-033,Staples Business Advantage,STA-2025-11-0316,2025-11-08,2025-12-08,13.87,USD,HPO-2025-11-0316,PAID,2025-11-26,2025-11,security monitoring hosts 2025-11,JE-HAP-2025-11-0316
HAP-2025-11-0317,VEND-037,Comcast Business,COM-2025-11-0317,2025-11-08,2025-12-08,46.98,USD,HPO-2025-11-0317,PAID,2025-11-26,2025-11,usage overage block 2025-11,JE-HAP-2025-11-0317
HAP-2025-11-0318,VEND-041,HubSpot,HUB-2025-11-0318,2025-11-08,2025-12-08,9002.09,USD,HPO-2025-11-0318,PAID,2025-11-26,2025-11,premium support 2025-11,JE-HAP-2025-11-0318
HAP-2025-11-0319,VEND-045,Palo Alto Networks,PAL-2025-11-0319,2025-11-08,2025-12-08,271.7,USD,HPO-2025-11-0319,PAID,2025-11-26,2025-11,warehouse consumables 2025-11,JE-HAP-2025-11-0319
HAP-2025-11-0320,VEND-049,Vanta,VAN-2025-11-0320,2025-11-08,2025-12-08,110.31,USD,HPO-2025-11-0320,PAID,2025-11-26,2025-11,security monitoring hosts 2025-11,JE-HAP-2025-11-0320
HAP-2025-11-0321,VEND-001-ALIAS,Acme Supply Co.,ACM-2025-11-0321,2025-11-08,2025-12-08,167.42,USD,HPO-2025-11-0321,PAID,2025-11-26,2025-11,usage overage block 2025-11,JE-HAP-2025-11-0321
HAP-2025-11-0322,VEND-005,Helios Hardware,HEL-2025-11-0322,2025-11-08,2025-12-08,3600.0,USD,HPO-2025-11-0322,PAID,2025-11-26,2025-11,premium support 2025-11,JE-HAP-2025-11-0322
HAP-2025-11-0323,VEND-009,Google Cloud,GOO-2025-11-0323,2025-11-08,2025-12-08,154.11,USD,HPO-2025-11-0323,PAID,2025-11-26,2025-11,warehouse consumables 2025-11,JE-HAP-2025-11-0323
HAP-2025-11-0324,VEND-014,Dell Technologies,DEL-2025-11-0324,2025-11-08,2025-12-08,72.22,USD,HPO-2025-11-0324,PAID,2025-11-26,2025-11,security monitoring hosts 2025-11,JE-HAP-2025-11-0324
HAP-2025-11-0325,VEND-005,Helios Hardware,HEL-2025-11-0325,2025-11-09,2025-12-09,269.83,USD,HPO-2025-11-0325,PAID,2025-11-27,2025-11,warehouse consumables 2025-11,JE-HAP-2025-11-0325
HAP-2025-11-0326,VEND-009,Google Cloud,GOO-2025-11-0326,2025-11-09,2025-12-09,108.44,USD,HPO-2025-11-0326,PAID,2025-11-27,2025-11,security monitoring hosts 2025-11,JE-HAP-2025-11-0326
HAP-2025-11-0327,VEND-014,Dell Technologies,DEL-2025-11-0327,2025-11-09,2025-12-09,165.55,USD,HPO-2025-11-0327,PAID,2025-11-27,2025-11,usage overage block 2025-11,JE-HAP-2025-11-0327
HAP-2025-11-0328,VEND-018,Shadow Vendor LLC,SHA-2025-11-0328,2025-11-09,2025-12-09,3600.66,USD,HPO-2025-11-0328,PAID,2025-11-27,2025-11,premium support 2025-11,JE-HAP-2025-11-0328
HAP-2025-11-0329,VEND-022,Twilio,TWI-2025-11-0329,2025-11-09,2025-12-09,154.77,USD,HPO-2025-11-0329,PAID,2025-11-27,2025-11,warehouse consumables 2025-11,JE-HAP-2025-11-0329
HAP-2025-11-0330,VEND-026,CrowdStrike,CRO-2025-11-0330,2025-11-09,2025-12-09,72.88,USD,HPO-2025-11-0330,PAID,2025-11-27,2025-11,security monitoring hosts 2025-11,JE-HAP-2025-11-0330
HAP-2025-11-0331,VEND-030,Northline Fab Group,NOR-2025-11-0331,2025-11-09,2025-12-09,120.99,USD,HPO-2025-11-0331,PAID,2025-11-27,2025-11,usage overage block 2025-11,JE-HAP-2025-11-0331
HAP-2025-11-0332,VEND-034,FedEx,FED-2025-11-0332,2025-11-09,2025-12-09,18001.1,USD,HPO-2025-11-0332,PAID,2025-11-27,2025-11,premium support 2025-11,JE-HAP-2025-11-0332
HAP-2025-11-0333,VEND-038,Pagaya Coffee Service,PAG-2025-11-0333,2025-11-09,2025-12-09,39.71,USD,HPO-2025-11-0333,PAID,2025-11-27,2025-11,warehouse consumables 2025-11,JE-HAP-2025-11-0333
HAP-2025-11-0334,VEND-042,Stripe Processing,STR-2025-11-0334,2025-11-09,2025-12-09,37.32,USD,HPO-2025-11-0334,PAID,2025-11-27,2025-11,security monitoring hosts 2025-11,JE-HAP-2025-11-0334
HAP-2025-11-0335,VEND-046,Boston Edison Steam,BOS-2025-11-0335,2025-11-09,2025-12-09,76.43,USD,HPO-2025-11-0335,PAID,2025-11-27,2025-11,usage overage block 2025-11,JE-HAP-2025-11-0335
HAP-2025-11-0336,VEND-050,Linear App,LIN-2025-11-0336,2025-11-09,2025-12-09,12601.54,USD,HPO-2025-11-0336,PAID,2025-11-27,2025-11,premium support 2025-11,JE-HAP-2025-11-0336
HAP-2025-11-0337,VEND-042,Stripe Processing,STR-2025-11-0337,2025-11-10,2025-12-10,121.65,USD,HPO-2025-11-0337,PAID,2025-11-28,2025-11,usage overage block 2025-11,JE-HAP-2025-11-0337
HAP-2025-11-0338,VEND-046,Boston Edison Steam,BOS-2025-11-0338,2025-11-10,2025-12-10,18001.76,USD,HPO-2025-11-0338,PAID,2025-11-28,2025-11,premium support 2025-11,JE-HAP-2025-11-0338
HAP-2025-11-0339,VEND-050,Linear App,LIN-2025-11-0339,2025-11-10,2025-12-10,40.37,USD,HPO-2025-11-0339,PAID,2025-11-28,2025-11,warehouse consumables 2025-11,JE-HAP-2025-11-0339
HAP-2025-11-0340,VEND-002,Amazon Web Services,AMA-2025-11-0340,2025-11-10,2025-12-10,37.98,USD,HPO-2025-11-0340,PAID,2025-11-28,2025-11,security monitoring hosts 2025-11,JE-HAP-2025-11-0340
HAP-2025-11-0341,VEND-006,Datadog,DAT-2025-11-0341,2025-11-10,2025-12-10,77.09,USD,HPO-2025-11-0341,PAID,2025-11-28,2025-11,usage overage block 2025-11,JE-HAP-2025-11-0341
HAP-2025-11-0342,VEND-011,Hartford Insurance,HAR-2025-11-0342,2025-11-10,2025-12-10,12602.2,USD,HPO-2025-11-0342,PAID,2025-11-28,2025-11,premium support 2025-11,JE-HAP-2025-11-0342
HAP-2025-11-0343,VEND-015,Harbor Electric,HAR-2025-11-0343,2025-11-10,2025-12-10,348.81,USD,HPO-2025-11-0343,PAID,2025-11-28,2025-11,warehouse consumables 2025-11,JE-HAP-2025-11-0343
HAP-2025-11-0344,VEND-019,Freightline Logistics,FRE-2025-11-0344,2025-11-10,2025-12-10,134.42,USD,HPO-2025-11-0344,PAID,2025-11-28,2025-11,security monitoring hosts 2025-11,JE-HAP-2025-11-0344
HAP-2025-11-0345,VEND-023,Notion Labs,NOT-2025-11-0345,2025-11-10,2025-12-10,30.0,USD,HPO-2025-11-0345,PAID,2025-11-28,2025-11,usage overage block 2025-11,JE-HAP-2025-11-0345
HAP-2025-11-0346,VEND-027,Zoom Video,ZOO-2025-11-0346,2025-11-10,2025-12-10,7200.11,USD,HPO-2025-11-0346,PAID,2025-11-28,2025-11,premium support 2025-11,JE-HAP-2025-11-0346
HAP-2025-11-0347,VEND-031,Helios Hardware Supply,HEL-2025-11-0347,2025-11-10,2025-12-10,231.22,USD,HPO-2025-11-0347,PAID,2025-11-28,2025-11,warehouse consumables 2025-11,JE-HAP-2025-11-0347
HAP-2025-11-0348,VEND-035,ADP,ADP-2025-11-0348,2025-11-10,2025-12-10,96.33,USD,HPO-2025-11-0348,PAID,2025-11-28,2025-11,security monitoring hosts 2025-11,JE-HAP-2025-11-0348
HAP-2025-11-0349,VEND-027,Zoom Video,ZOO-2025-11-0349,2025-11-11,2025-12-11,346.94,USD,HPO-2025-11-0349,PAID,2025-11-29,2025-11,warehouse consumables 2025-11,JE-HAP-2025-11-0349
HAP-2025-11-0350,VEND-031,Helios Hardware Supply,HEL-2025-11-0350,2025-11-11,2025-12-11,132.55,USD,HPO-2025-11-0350,PAID,2025-11-29,2025-11,security monitoring hosts 2025-11,JE-HAP-2025-11-0350
HAP-2025-11-0351,VEND-035,ADP,ADP-2025-11-0351,2025-11-11,2025-12-11,30.66,USD,HPO-2025-11-0351,PAID,2025-11-29,2025-11,usage overage block 2025-11,JE-HAP-2025-11-0351
HAP-2025-11-0352,VEND-039,CleanRoom Janitorial,CLE-2025-11-0352,2025-11-11,2025-12-11,7200.77,USD,HPO-2025-11-0352,PAID,2025-11-29,2025-11,premium support 2025-11,JE-HAP-2025-11-0352
HAP-2025-11-0353,VEND-043,Adyen NV,ADY-2025-11-0353,2025-11-11,2025-12-11,231.88,USD,HPO-2025-11-0353,PAID,2025-11-29,2025-11,warehouse consumables 2025-11,JE-HAP-2025-11-0353
HAP-2025-11-0354,VEND-047,Carta,CAR-2025-11-0354,2025-11-11,2025-12-11,96.99,USD,HPO-2025-11-0354,PAID,2025-11-29,2025-11,security monitoring hosts 2025-11,JE-HAP-2025-11-0354
HAP-2025-11-0355,VEND-001,Acme Supplies,ACM-2025-11-0355,2025-11-11,2025-12-11,151.1,USD,HPO-2025-11-0355,PAID,2025-11-29,2025-11,usage overage block 2025-11,JE-HAP-2025-11-0355
HAP-2025-11-0356,VEND-003,Northline Fabrication,NOR-2025-11-0356,2025-11-11,2025-12-11,1801.21,USD,HPO-2025-11-0356,PAID,2025-11-29,2025-11,premium support 2025-11,JE-HAP-2025-11-0356
HAP-2025-11-0357,VEND-007,Slack Technologies,SLA-2025-11-0357,2025-11-11,2025-12-11,116.82,USD,HPO-2025-11-0357,PAID,2025-11-29,2025-11,warehouse consumables 2025-11,JE-HAP-2025-11-0357
HAP-2025-11-0358,VEND-012,Orbit Analytics,ORB-2025-11-0358,2025-11-11,2025-12-11,61.43,USD,HPO-2025-11-0358,PAID,2025-11-29,2025-11,security monitoring hosts 2025-11,JE-HAP-2025-11-0358
HAP-2025-11-0359,VEND-016,Lindholm & Ruiz LLP,LIN-2025-11-0359,2025-11-11,2025-12-11,106.54,USD,HPO-2025-11-0359,PAID,2025-11-29,2025-11,usage overage block 2025-11,JE-HAP-2025-11-0359
HAP-2025-11-0360,VEND-020,Lenovo,LEN-2025-11-0360,2025-11-11,2025-12-11,16201.65,USD,HPO-2025-11-0360,PAID,2025-11-29,2025-11,premium support 2025-11,JE-HAP-2025-11-0360
HAP-2025-11-0361,VEND-012,Orbit Analytics,ORB-2025-11-0361,2025-11-12,2025-12-12,151.76,USD,HPO-2025-11-0361,PAID,2025-11-30,2025-11,usage overage block 2025-11,JE-HAP-2025-11-0361
HAP-2025-11-0362,VEND-016,Lindholm & Ruiz LLP,LIN-2025-11-0362,2025-11-12,2025-12-12,1801.87,USD,HPO-2025-11-0362,PAID,2025-11-30,2025-11,premium support 2025-11,JE-HAP-2025-11-0362
HAP-2025-11-0363,VEND-020,Lenovo,LEN-2025-11-0363,2025-11-12,2025-12-12,117.48,USD,HPO-2025-11-0363,PAID,2025-11-30,2025-11,warehouse consumables 2025-11,JE-HAP-2025-11-0363
HAP-2025-11-0364,VEND-024,Snowflake,SNO-2025-11-0364,2025-11-12,2025-12-12,62.09,USD,HPO-2025-11-0364,PAID,2025-11-30,2025-11,security monitoring hosts 2025-11,JE-HAP-2025-11-0364
HAP-2025-11-0365,VEND-028,Atlassian,ATL-2025-11-0365,2025-11-12,2025-12-12,107.2,USD,HPO-2025-11-0365,PAID,2025-11-30,2025-11,usage overage block 2025-11,JE-HAP-2025-11-0365
HAP-2025-11-0366,VEND-032,Harbor Power & Light,HAR-2025-11-0366,2025-11-12,2025-12-12,16202.31,USD,HPO-2025-11-0366,PAID,2025-11-30,2025-11,premium support 2025-11,JE-HAP-2025-11-0366
HAP-2025-11-0367,VEND-036,WeWork Cambridge,WEW-2025-11-0367,2025-11-12,2025-12-12,425.92,USD,HPO-2025-11-0367,PAID,2025-11-30,2025-11,warehouse consumables 2025-11,JE-HAP-2025-11-0367
HAP-2025-11-0368,VEND-040,Kendall Square Parking,KEN-2025-11-0368,2025-11-12,2025-12-12,24.0,USD,HPO-2025-11-0368,PAID,2025-11-30,2025-11,security monitoring hosts 2025-11,JE-HAP-2025-11-0368
HAP-2025-11-0369,VEND-044,DocuSign,DOC-2025-11-0369,2025-11-12,2025-12-12,60.11,USD,HPO-2025-11-0369,PAID,2025-11-30,2025-11,usage overage block 2025-11,JE-HAP-2025-11-0369
HAP-2025-11-0370,VEND-048,Gusto Payroll,GUS-2025-11-0370,2025-11-12,2025-12-12,10800.22,USD,HPO-2025-11-0370,PAID,2025-11-30,2025-11,premium support 2025-11,JE-HAP-2025-11-0370
HAP-2025-11-0371,VEND-001-DUP,Acme Supplies LLC,ACM-2025-11-0371,2025-11-12,2025-12-12,308.33,USD,HPO-2025-11-0371,PAID,2025-11-30,2025-11,warehouse consumables 2025-11,JE-HAP-2025-11-0371
HAP-2025-11-0372,VEND-004,Office Depot,OFF-2025-11-0372,2025-11-12,2025-12-12,120.44,USD,HPO-2025-11-0372,PAID,2025-11-30,2025-11,security monitoring hosts 2025-11,JE-HAP-2025-11-0372
HAP-2025-11-0373,VEND-048,Gusto Payroll,GUS-2025-11-0373,2025-11-13,2025-12-13,424.05,USD,HPO-2025-11-0373,PAID,2025-11-30,2025-11,warehouse consumables 2025-11,JE-HAP-2025-11-0373
HAP-2025-11-0374,VEND-001-DUP,Acme Supplies LLC,ACM-2025-11-0374,2025-11-13,2025-12-13,24.66,USD,HPO-2025-11-0374,PAID,2025-11-30,2025-11,security monitoring hosts 2025-11,JE-HAP-2025-11-0374
HAP-2025-11-0375,VEND-004,Office Depot,OFF-2025-11-0375,2025-11-13,2025-12-13,60.77,USD,HPO-2025-11-0375,PAID,2025-11-30,2025-11,usage overage block 2025-11,JE-HAP-2025-11-0375
HAP-2025-11-0376,VEND-008,Figma,FIG-2025-11-0376,2025-11-13,2025-12-13,10800.88,USD,HPO-2025-11-0376,PAID,2025-11-30,2025-11,premium support 2025-11,JE-HAP-2025-11-0376
HAP-2025-11-0377,VEND-013,Cambridge Properties,CAM-2025-11-0377,2025-11-13,2025-12-13,308.99,USD,HPO-2025-11-0377,PAID,2025-11-30,2025-11,warehouse consumables 2025-11,JE-HAP-2025-11-0377
HAP-2025-11-0378,VEND-017,GitHub,GIT-2025-11-0378,2025-11-13,2025-12-13,121.1,USD,HPO-2025-11-0378,PAID,2025-11-30,2025-11,security monitoring hosts 2025-11,JE-HAP-2025-11-0378
HAP-2025-11-0379,VEND-021,Misc Supplies,MIS-2025-11-0379,2025-11-13,2025-12-13,16.21,USD,HPO-2025-11-0379,PAID,2025-11-30,2025-11,usage overage block 2025-11,JE-HAP-2025-11-0379
HAP-2025-11-0380,VEND-025,Okta,OKT-2025-11-0380,2025-11-13,2025-12-13,5401.32,USD,HPO-2025-11-0380,PAID,2025-11-30,2025-11,premium support 2025-11,JE-HAP-2025-11-0380
HAP-2025-11-0381,VEND-029,Cloudflare,CLO-2025-11-0381,2025-11-13,2025-12-13,193.93,USD,HPO-2025-11-0381,PAID,2025-11-30,2025-11,warehouse consumables 2025-11,JE-HAP-2025-11-0381
HAP-2025-11-0382,VEND-033,Staples Business Advantage,STA-2025-11-0382,2025-11-13,2025-12-13,85.54,USD,HPO-2025-11-0382,PAID,2025-11-30,2025-11,security monitoring hosts 2025-11,JE-HAP-2025-11-0382
HAP-2025-11-0383,VEND-037,Comcast Business,COM-2025-11-0383,2025-11-13,2025-12-13,136.65,USD,HPO-2025-11-0383,PAID,2025-11-30,2025-11,usage overage block 2025-11,JE-HAP-2025-11-0383
HAP-2025-11-0384,VEND-041,HubSpot,HUB-2025-11-0384,2025-11-13,2025-12-13,19801.76,USD,HPO-2025-11-0384,PAID,2025-11-30,2025-11,premium support 2025-11,JE-HAP-2025-11-0384
HAP-2025-11-0385,VEND-033,Staples Business Advantage,STA-2025-11-0385,2025-11-14,2025-12-14,16.87,USD,HPO-2025-11-0385,PAID,2025-11-30,2025-11,usage overage block 2025-11,JE-HAP-2025-11-0385
HAP-2025-11-0386,VEND-037,Comcast Business,COM-2025-11-0386,2025-11-14,2025-12-14,5401.98,USD,HPO-2025-11-0386,PAID,2025-11-30,2025-11,premium support 2025-11,JE-HAP-2025-11-0386
HAP-2025-11-0387,VEND-041,HubSpot,HUB-2025-11-0387,2025-11-14,2025-12-14,194.59,USD,HPO-2025-11-0387,PAID,2025-11-30,2025-11,warehouse consumables 2025-11,JE-HAP-2025-11-0387
HAP-2025-11-0388,VEND-045,Palo Alto Networks,PAL-2025-11-0388,2025-11-14,2025-12-14,86.2,USD,HPO-2025-11-0388,PAID,2025-11-30,2025-11,security monitoring hosts 2025-11,JE-HAP-2025-11-0388
HAP-2025-11-0389,VEND-049,Vanta,VAN-2025-11-0389,2025-11-14,2025-12-14,137.31,USD,HPO-2025-11-0389,PAID,2025-11-30,2025-11,usage overage block 2025-11,JE-HAP-2025-11-0389
HAP-2025-11-0390,VEND-001-ALIAS,Acme Supply Co.,ACM-2025-11-0390,2025-11-14,2025-12-14,19802.42,USD,HPO-2025-11-0390,PAID,2025-11-30,2025-11,premium support 2025-11,JE-HAP-2025-11-0390
HAP-2025-11-0391,VEND-005,Helios Hardware,HEL-2025-11-0391,2025-11-14,2025-12-14,77.0,USD,HPO-2025-11-0391,PAID,2025-11-30,2025-11,warehouse consumables 2025-11,JE-HAP-2025-11-0391
HAP-2025-11-0392,VEND-009,Google Cloud,GOO-2025-11-0392,2025-11-14,2025-12-14,48.11,USD,HPO-2025-11-0392,PAID,2025-11-30,2025-11,security monitoring hosts 2025-11,JE-HAP-2025-11-0392
HAP-2025-11-0393,VEND-014,Dell Technologies,DEL-2025-11-0393,2025-11-14,2025-12-14,90.22,USD,HPO-2025-11-0393,PAID,2025-11-30,2025-11,usage overage block 2025-11,JE-HAP-2025-11-0393
HAP-2025-11-0394,VEND-018,Shadow Vendor LLC,SHA-2025-11-0394,2025-11-14,2025-12-14,14400.33,USD,HPO-2025-11-0394,PAID,2025-11-30,2025-11,premium support 2025-11,JE-HAP-2025-11-0394
HAP-2025-11-0395,VEND-022,Twilio,TWI-2025-11-0395,2025-11-14,2025-12-14,385.44,USD,HPO-2025-11-0395,PAID,2025-11-30,2025-11,warehouse consumables 2025-11,JE-HAP-2025-11-0395
HAP-2025-11-0396,VEND-026,CrowdStrike,CRO-2025-11-0396,2025-11-14,2025-12-14,12.55,USD,HPO-2025-11-0396,PAID,2025-11-30,2025-11,security monitoring hosts 2025-11,JE-HAP-2025-11-0396
HAP-2025-11-0397,VEND-018,Shadow Vendor LLC,SHA-2025-11-0397,2025-11-15,2025-12-15,77.66,USD,HPO-2025-11-0397,PAID,2025-11-30,2025-11,warehouse consumables 2025-11,JE-HAP-2025-11-0397
HAP-2025-11-0398,VEND-022,Twilio,TWI-2025-11-0398,2025-11-15,2025-12-15,48.77,USD,HPO-2025-11-0398,PAID,2025-11-30,2025-11,security monitoring hosts 2025-11,JE-HAP-2025-11-0398
HAP-2025-11-0399,VEND-026,CrowdStrike,CRO-2025-11-0399,2025-11-15,2025-12-15,90.88,USD,HPO-2025-11-0399,PAID,2025-11-30,2025-11,usage overage block 2025-11,JE-HAP-2025-11-0399
HAP-2025-11-0400,VEND-030,Northline Fab Group,NOR-2025-11-0400,2025-11-15,2025-12-15,14400.99,USD,HPO-2025-11-0400,PAID,2025-11-30,2025-11,premium support 2025-11,JE-HAP-2025-11-0400
HAP-2025-11-0401,VEND-034,FedEx,FED-2025-11-0401,2025-11-15,2025-12-15,386.1,USD,HPO-2025-11-0401,PAID,2025-11-30,2025-11,warehouse consumables 2025-11,JE-HAP-2025-11-0401
HAP-2025-11-0402,VEND-038,Pagaya Coffee Service,PAG-2025-11-0402,2025-11-15,2025-12-15,13.21,USD,HPO-2025-11-0402,PAID,2025-11-30,2025-11,security monitoring hosts 2025-11,JE-HAP-2025-11-0402
HAP-2025-11-0403,VEND-042,Stripe Processing,STR-2025-11-0403,2025-11-15,2025-12-15,46.32,USD,HPO-2025-11-0403,PAID,2025-11-30,2025-11,usage overage block 2025-11,JE-HAP-2025-11-0403
HAP-2025-11-0404,VEND-046,Boston Edison Steam,BOS-2025-11-0404,2025-11-15,2025-12-15,9001.43,USD,HPO-2025-11-0404,PAID,2025-11-30,2025-11,premium support 2025-11,JE-HAP-2025-11-0404
HAP-2025-11-0405,VEND-050,Linear App,LIN-2025-11-0405,2025-11-15,2025-12-15,271.04,USD,HPO-2025-11-0405,PAID,2025-11-30,2025-11,warehouse consumables 2025-11,JE-HAP-2025-11-0405
HAP-2025-11-0406,VEND-002,Amazon Web Services,AMA-2025-11-0406,2025-11-15,2025-12-15,109.65,USD,HPO-2025-11-0406,PAID,2025-11-30,2025-11,security monitoring hosts 2025-11,JE-HAP-2025-11-0406
HAP-2025-11-0407,VEND-006,Datadog,DAT-2025-11-0407,2025-11-15,2025-12-15,166.76,USD,HPO-2025-11-0407,PAID,2025-11-30,2025-11,usage overage block 2025-11,JE-HAP-2025-11-0407
HAP-2025-11-0408,VEND-011,Hartford Insurance,HAR-2025-11-0408,2025-11-15,2025-12-15,3601.87,USD,HPO-2025-11-0408,PAID,2025-11-30,2025-11,premium support 2025-11,JE-HAP-2025-11-0408
HAP-2025-11-0409,VEND-002,Amazon Web Services,AMA-2025-11-0409,2025-11-16,2025-12-16,46.98,USD,HPO-2025-11-0409,PAID,2025-11-30,2025-11,usage overage block 2025-11,JE-HAP-2025-11-0409
HAP-2025-11-0410,VEND-006,Datadog,DAT-2025-11-0410,2025-11-16,2025-12-16,9002.09,USD,HPO-2025-11-0410,PAID,2025-11-30,2025-11,premium support 2025-11,JE-HAP-2025-11-0410
HAP-2025-11-0411,VEND-011,Hartford Insurance,HAR-2025-11-0411,2025-11-16,2025-12-16,271.7,USD,HPO-2025-11-0411,PAID,2025-11-30,2025-11,warehouse consumables 2025-11,JE-HAP-2025-11-0411
HAP-2025-11-0412,VEND-015,Harbor Electric,HAR-2025-11-0412,2025-11-16,2025-12-16,110.31,USD,HPO-2025-11-0412,PAID,2025-11-30,2025-11,security monitoring hosts 2025-11,JE-HAP-2025-11-0412
HAP-2025-11-0413,VEND-019,Freightline Logistics,FRE-2025-11-0413,2025-11-16,2025-12-16,167.42,USD,HPO-2025-11-0413,PAID,2025-11-30,2025-11,usage overage block 2025-11,JE-HAP-2025-11-0413
HAP-2025-11-0414,VEND-023,Notion Labs,NOT-2025-11-0414,2025-11-16,2025-12-16,3600.0,USD,HPO-2025-11-0414,PAID,2025-11-30,2025-11,premium support 2025-11,JE-HAP-2025-11-0414
HAP-2025-11-0415,VEND-027,Zoom Video,ZOO-2025-11-0415,2025-11-16,2025-12-16,154.11,USD,HPO-2025-11-0415,PAID,2025-11-30,2025-11,warehouse consumables 2025-11,JE-HAP-2025-11-0415
HAP-2025-11-0416,VEND-031,Helios Hardware Supply,HEL-2025-11-0416,2025-11-16,2025-12-16,72.22,USD,HPO-2025-11-0416,PAID,2025-11-30,2025-11,security monitoring hosts 2025-11,JE-HAP-2025-11-0416
HAP-2025-11-0417,VEND-035,ADP,ADP-2025-11-0417,2025-11-16,2025-12-16,120.33,USD,HPO-2025-11-0417,PAID,2025-11-30,2025-11,usage overage block 2025-11,JE-HAP-2025-11-0417
HAP-2025-11-0418,VEND-039,CleanRoom Janitorial,CLE-2025-11-0418,2025-11-16,2025-12-16,18000.44,USD,HPO-2025-11-0418,PAID,2025-11-30,2025-11,premium support 2025-11,JE-HAP-2025-11-0418
HAP-2025-11-0419,VEND-043,Adyen NV,ADY-2025-11-0419,2025-11-16,2025-12-16,39.05,USD,HPO-2025-11-0419,PAID,2025-11-30,2025-11,warehouse consumables 2025-11,JE-HAP-2025-11-0419
HAP-2025-11-0420,VEND-047,Carta,CAR-2025-11-0420,2025-11-16,2025-12-16,36.66,USD,HPO-2025-11-0420,PAID,2025-11-30,2025-11,security monitoring hosts 2025-11,JE-HAP-2025-11-0420
HAP-2025-11-0421,VEND-039,CleanRoom Janitorial,CLE-2025-11-0421,2025-11-17,2025-12-17,154.77,USD,HPO-2025-11-0421,PAID,2025-11-30,2025-11,warehouse consumables 2025-11,JE-HAP-2025-11-0421
HAP-2025-11-0422,VEND-043,Adyen NV,ADY-2025-11-0422,2025-11-17,2025-12-17,72.88,USD,HPO-2025-11-0422,PAID,2025-11-30,2025-11,security monitoring hosts 2025-11,JE-HAP-2025-11-0422
HAP-2025-11-0423,VEND-047,Carta,CAR-2025-11-0423,2025-11-17,2025-12-17,120.99,USD,HPO-2025-11-0423,PAID,2025-11-30,2025-11,usage overage block 2025-11,JE-HAP-2025-11-0423
HAP-2025-11-0424,VEND-001,Acme Supplies,ACM-2025-11-0424,2025-11-17,2025-12-17,18001.1,USD,HPO-2025-11-0424,PAID,2025-11-30,2025-11,premium support 2025-11,JE-HAP-2025-11-0424
HAP-2025-11-0425,VEND-003,Northline Fabrication,NOR-2025-11-0425,2025-11-17,2025-12-17,39.71,USD,HPO-2025-11-0425,PAID,2025-11-30,2025-11,warehouse consumables 2025-11,JE-HAP-2025-11-0425
HAP-2025-11-0426,VEND-007,Slack Technologies,SLA-2025-11-0426,2025-11-17,2025-12-17,37.32,USD,HPO-2025-11-0426,PAID,2025-11-30,2025-11,security monitoring hosts 2025-11,JE-HAP-2025-11-0426
HAP-2025-11-0427,VEND-012,Orbit Analytics,ORB-2025-11-0427,2025-11-17,2025-12-17,76.43,USD,HPO-2025-11-0427,PAID,2025-11-30,2025-11,usage overage block 2025-11,JE-HAP-2025-11-0427
HAP-2025-11-0428,VEND-016,Lindholm & Ruiz LLP,LIN-2025-11-0428,2025-11-17,2025-12-17,12601.54,USD,HPO-2025-11-0428,PAID,2025-11-30,2025-11,premium support 2025-11,JE-HAP-2025-11-0428
HAP-2025-11-0429,VEND-020,Lenovo,LEN-2025-11-0429,2025-11-17,2025-12-17,348.15,USD,HPO-2025-11-0429,PAID,2025-11-30,2025-11,warehouse consumables 2025-11,JE-HAP-2025-11-0429
HAP-2025-11-0430,VEND-024,Snowflake,SNO-2025-11-0430,2025-11-17,2025-12-17,133.76,USD,HPO-2025-11-0430,PAID,2025-11-30,2025-11,security monitoring hosts 2025-11,JE-HAP-2025-11-0430
HAP-2025-11-0431,VEND-028,Atlassian,ATL-2025-11-0431,2025-11-17,2025-12-17,31.87,USD,HPO-2025-11-0431,PAID,2025-11-30,2025-11,usage overage block 2025-11,JE-HAP-2025-11-0431
HAP-2025-11-0432,VEND-032,Harbor Power & Light,HAR-2025-11-0432,2025-11-17,2025-12-17,7201.98,USD,HPO-2025-11-0432,PAID,2025-11-30,2025-11,premium support 2025-11,JE-HAP-2025-11-0432
HAP-2025-11-0433,VEND-024,Snowflake,SNO-2025-11-0433,2025-11-18,2025-12-18,77.09,USD,HPO-2025-11-0433,PAID,2025-11-30,2025-11,usage overage block 2025-11,JE-HAP-2025-11-0433
HAP-2025-11-0434,VEND-028,Atlassian,ATL-2025-11-0434,2025-11-18,2025-12-18,12602.2,USD,HPO-2025-11-0434,PAID,2025-11-30,2025-11,premium support 2025-11,JE-HAP-2025-11-0434
HAP-2025-11-0435,VEND-032,Harbor Power & Light,HAR-2025-11-0435,2025-11-18,2025-12-18,348.81,USD,HPO-2025-11-0435,PAID,2025-11-30,2025-11,warehouse consumables 2025-11,JE-HAP-2025-11-0435
HAP-2025-11-0436,VEND-036,WeWork Cambridge,WEW-2025-11-0436,2025-11-18,2025-12-18,134.42,USD,HPO-2025-11-0436,PAID,2025-11-30,2025-11,security monitoring hosts 2025-11,JE-HAP-2025-11-0436
HAP-2025-11-0437,VEND-040,Kendall Square Parking,KEN-2025-11-0437,2025-11-18,2025-12-18,30.0,USD,HPO-2025-11-0437,PAID,2025-11-30,2025-11,usage overage block 2025-11,JE-HAP-2025-11-0437
HAP-2025-11-0438,VEND-044,DocuSign,DOC-2025-11-0438,2025-11-18,2025-12-18,7200.11,USD,HPO-2025-11-0438,PAID,2025-11-30,2025-11,premium support 2025-11,JE-HAP-2025-11-0438
HAP-2025-11-0439,VEND-048,Gusto Payroll,GUS-2025-11-0439,2025-11-18,2025-12-18,231.22,USD,HPO-2025-11-0439,PAID,2025-11-30,2025-11,warehouse consumables 2025-11,JE-HAP-2025-11-0439
HAP-2025-11-0440,VEND-001-DUP,Acme Supplies LLC,ACM-2025-11-0440,2025-11-18,2025-12-18,96.33,USD,HPO-2025-11-0440,PAID,2025-11-30,2025-11,security monitoring hosts 2025-11,JE-HAP-2025-11-0440
HAP-2025-11-0441,VEND-004,Office Depot,OFF-2025-11-0441,2025-11-18,2025-12-18,150.44,USD,HPO-2025-11-0441,PAID,2025-11-30,2025-11,usage overage block 2025-11,JE-HAP-2025-11-0441
HAP-2025-11-0442,VEND-008,Figma,FIG-2025-11-0442,2025-11-18,2025-12-18,1800.55,USD,HPO-2025-11-0442,PAID,2025-11-30,2025-11,premium support 2025-11,JE-HAP-2025-11-0442
HAP-2025-11-0443,VEND-013,Cambridge Properties,CAM-2025-11-0443,2025-11-18,2025-12-18,116.16,USD,HPO-2025-11-0443,PAID,2025-11-30,2025-11,warehouse consumables 2025-11,JE-HAP-2025-11-0443
HAP-2025-11-0444,VEND-017,GitHub,GIT-2025-11-0444,2025-11-18,2025-12-18,60.77,USD,HPO-2025-11-0444,PAID,2025-11-30,2025-11,security monitoring hosts 2025-11,JE-HAP-2025-11-0444
HAP-2025-11-0445,VEND-008,Figma,FIG-2025-11-0445,2025-11-19,2025-12-19,231.88,USD,HPO-2025-11-0445,PAID,2025-11-30,2025-11,warehouse consumables 2025-11,JE-HAP-2025-11-0445
HAP-2025-11-0446,VEND-013,Cambridge Properties,CAM-2025-11-0446,2025-11-19,2025-12-19,96.99,USD,HPO-2025-11-0446,PAID,2025-11-30,2025-11,security monitoring hosts 2025-11,JE-HAP-2025-11-0446
HAP-2025-11-0447,VEND-017,GitHub,GIT-2025-11-0447,2025-11-19,2025-12-19,151.1,USD,HPO-2025-11-0447,PAID,2025-11-30,2025-11,usage overage block 2025-11,JE-HAP-2025-11-0447
HAP-2025-11-0448,VEND-021,Misc Supplies,MIS-2025-11-0448,2025-11-19,2025-12-19,1801.21,USD,HPO-2025-11-0448,PAID,2025-11-30,2025-11,premium support 2025-11,JE-HAP-2025-11-0448
HAP-2025-11-0449,VEND-025,Okta,OKT-2025-11-0449,2025-11-19,2025-12-19,116.82,USD,HPO-2025-11-0449,PAID,2025-11-30,2025-11,warehouse consumables 2025-11,JE-HAP-2025-11-0449
HAP-2025-11-0450,VEND-029,Cloudflare,CLO-2025-11-0450,2025-11-19,2025-12-19,61.43,USD,HPO-2025-11-0450,PAID,2025-11-30,2025-11,security monitoring hosts 2025-11,JE-HAP-2025-11-0450
HAP-2025-11-0451,VEND-033,Staples Business Advantage,STA-2025-11-0451,2025-11-19,2025-12-19,106.54,USD,HPO-2025-11-0451,PAID,2025-11-30,2025-11,usage overage block 2025-11,JE-HAP-2025-11-0451
HAP-2025-11-0452,VEND-037,Comcast Business,COM-2025-11-0452,2025-11-19,2025-12-19,16201.65,USD,HPO-2025-11-0452,PAID,2025-11-30,2025-11,premium support 2025-11,JE-HAP-2025-11-0452
HAP-2025-11-0453,VEND-041,HubSpot,HUB-2025-11-0453,2025-11-19,2025-12-19,425.26,USD,HPO-2025-11-0453,PAID,2025-11-30,2025-11,warehouse consumables 2025-11,JE-HAP-2025-11-0453
HAP-2025-11-0454,VEND-045,Palo Alto Networks,PAL-2025-11-0454,2025-11-19,2025-12-19,25.87,USD,HPO-2025-11-0454,PAID,2025-11-30,2025-11,security monitoring hosts 2025-11,JE-HAP-2025-11-0454
HAP-2025-11-0455,VEND-049,Vanta,VAN-2025-11-0455,2025-11-19,2025-12-19,61.98,USD,HPO-2025-11-0455,PAID,2025-11-30,2025-11,usage overage block 2025-11,JE-HAP-2025-11-0455
HAP-2025-11-0456,VEND-001-ALIAS,Acme Supply Co.,ACM-2025-11-0456,2025-11-19,2025-12-19,10802.09,USD,HPO-2025-11-0456,PAID,2025-11-30,2025-11,premium support 2025-11,JE-HAP-2025-11-0456
HAP-2025-11-0457,VEND-045,Palo Alto Networks,PAL-2025-11-0457,2025-11-20,2025-12-20,107.2,USD,HPO-2025-11-0457,PAID,2025-11-30,2025-11,usage overage block 2025-11,JE-HAP-2025-11-0457
HAP-2025-11-0458,VEND-049,Vanta,VAN-2025-11-0458,2025-11-20,2025-12-20,16202.31,USD,HPO-2025-11-0458,PAID,2025-11-30,2025-11,premium support 2025-11,JE-HAP-2025-11-0458
HAP-2025-11-0459,VEND-001-ALIAS,Acme Supply Co.,ACM-2025-11-0459,2025-11-20,2025-12-20,425.92,USD,HPO-2025-11-0459,PAID,2025-11-30,2025-11,warehouse consumables 2025-11,JE-HAP-2025-11-0459
HAP-2025-11-0460,VEND-005,Helios Hardware,HEL-2025-11-0460,2025-11-20,2025-12-20,24.0,USD,HPO-2025-11-0460,PAID,2025-11-30,2025-11,security monitoring hosts 2025-11,JE-HAP-2025-11-0460
HAP-2025-11-0461,VEND-009,Google Cloud,GOO-2025-11-0461,2025-11-20,2025-12-20,60.11,USD,HPO-2025-11-0461,PAID,2025-11-30,2025-11,usage overage block 2025-11,JE-HAP-2025-11-0461
HAP-2025-11-0462,VEND-014,Dell Technologies,DEL-2025-11-0462,2025-11-20,2025-12-20,10800.22,USD,HPO-2025-11-0462,PAID,2025-11-30,2025-11,premium support 2025-11,JE-HAP-2025-11-0462
HAP-2025-11-0463,VEND-018,Shadow Vendor LLC,SHA-2025-11-0463,2025-11-20,2025-12-20,308.33,USD,HPO-2025-11-0463,PAID,2025-11-30,2025-11,warehouse consumables 2025-11,JE-HAP-2025-11-0463
HAP-2025-11-0464,VEND-022,Twilio,TWI-2025-11-0464,2025-11-20,2025-12-20,120.44,USD,HPO-2025-11-0464,PAID,2025-11-30,2025-11,security monitoring hosts 2025-11,JE-HAP-2025-11-0464
HAP-2025-11-0465,VEND-026,CrowdStrike,CRO-2025-11-0465,2025-11-20,2025-12-20,15.55,USD,HPO-2025-11-0465,PAID,2025-11-30,2025-11,usage overage block 2025-11,JE-HAP-2025-11-0465
HAP-2025-11-0466,VEND-030,Northline Fab Group,NOR-2025-11-0466,2025-11-20,2025-12-20,5400.66,USD,HPO-2025-11-0466,PAID,2025-11-30,2025-11,premium support 2025-11,JE-HAP-2025-11-0466
HAP-2025-11-0467,VEND-034,FedEx,FED-2025-11-0467,2025-11-20,2025-12-20,193.27,USD,HPO-2025-11-0467,PAID,2025-11-30,2025-11,warehouse consumables 2025-11,JE-HAP-2025-11-0467
HAP-2025-11-0468,VEND-038,Pagaya Coffee Service,PAG-2025-11-0468,2025-11-20,2025-12-20,84.88,USD,HPO-2025-11-0468,PAID,2025-11-30,2025-11,security monitoring hosts 2025-11,JE-HAP-2025-11-0468
HAP-2025-11-0469,VEND-030,Northline Fab Group,NOR-2025-11-0469,2025-11-21,2025-12-21,308.99,USD,HPO-2025-11-0469,PAID,2025-11-30,2025-11,warehouse consumables 2025-11,JE-HAP-2025-11-0469
HAP-2025-11-0470,VEND-034,FedEx,FED-2025-11-0470,2025-11-21,2025-12-21,121.1,USD,HPO-2025-11-0470,PAID,2025-11-30,2025-11,security monitoring hosts 2025-11,JE-HAP-2025-11-0470
HAP-2025-11-0471,VEND-038,Pagaya Coffee Service,PAG-2025-11-0471,2025-11-21,2025-12-21,16.21,USD,HPO-2025-11-0471,PAID,2025-11-30,2025-11,usage overage block 2025-11,JE-HAP-2025-11-0471
HAP-2025-11-0472,VEND-042,Stripe Processing,STR-2025-11-0472,2025-11-21,2025-12-21,5401.32,USD,HPO-2025-11-0472,PAID,2025-11-30,2025-11,premium support 2025-11,JE-HAP-2025-11-0472
HAP-2025-11-0473,VEND-046,Boston Edison Steam,BOS-2025-11-0473,2025-11-21,2025-12-21,193.93,USD,HPO-2025-11-0473,PAID,2025-11-30,2025-11,warehouse consumables 2025-11,JE-HAP-2025-11-0473
HAP-2025-11-0474,VEND-050,Linear App,LIN-2025-11-0474,2025-11-21,2025-12-21,85.54,USD,HPO-2025-11-0474,PAID,2025-11-30,2025-11,security monitoring hosts 2025-11,JE-HAP-2025-11-0474
HAP-2025-11-0475,VEND-002,Amazon Web Services,AMA-2025-11-0475,2025-11-21,2025-12-21,136.65,USD,HPO-2025-11-0475,PAID,2025-11-30,2025-11,usage overage block 2025-11,JE-HAP-2025-11-0475
HAP-2025-11-0476,VEND-006,Datadog,DAT-2025-11-0476,2025-11-21,2025-12-21,19801.76,USD,HPO-2025-11-0476,PAID,2025-11-30,2025-11,premium support 2025-11,JE-HAP-2025-11-0476
HAP-2025-11-0477,VEND-011,Hartford Insurance,HAR-2025-11-0477,2025-11-21,2025-12-21,78.87,USD,HPO-2025-11-0477,PAID,2025-11-30,2025-11,warehouse consumables 2025-11,JE-HAP-2025-11-0477
HAP-2025-11-0478,VEND-015,Harbor Electric,HAR-2025-11-0478,2025-11-21,2025-12-21,49.98,USD,HPO-2025-11-0478,PAID,2025-11-30,2025-11,security monitoring hosts 2025-11,JE-HAP-2025-11-0478
HAP-2025-11-0479,VEND-019,Freightline Logistics,FRE-2025-11-0479,2025-11-21,2025-12-21,92.09,USD,HPO-2025-11-0479,PAID,2025-11-30,2025-11,usage overage block 2025-11,JE-HAP-2025-11-0479
HAP-2025-11-0480,VEND-023,Notion Labs,NOT-2025-11-0480,2025-11-21,2025-12-21,14402.2,USD,HPO-2025-11-0480,PAID,2025-11-30,2025-11,premium support 2025-11,JE-HAP-2025-11-0480
HAP-2025-12-0481,VEND-015,Harbor Electric,HAR-2025-12-0481,2025-12-02,2026-01-01,137.31,USD,HPO-2025-12-0481,PAID,2025-12-20,2025-12,usage overage block 2025-12,JE-HAP-2025-12-0481
HAP-2025-12-0482,VEND-019,Freightline Logistics,FRE-2025-12-0482,2025-12-02,2026-01-01,19802.42,USD,HPO-2025-12-0482,PAID,2025-12-20,2025-12,premium support 2025-12,JE-HAP-2025-12-0482
HAP-2025-12-0483,VEND-023,Notion Labs,NOT-2025-12-0483,2025-12-02,2026-01-01,77.0,USD,HPO-2025-12-0483,PAID,2025-12-20,2025-12,warehouse consumables 2025-12,JE-HAP-2025-12-0483
HAP-2025-12-0484,VEND-027,Zoom Video,ZOO-2025-12-0484,2025-12-02,2026-01-01,48.11,USD,HPO-2025-12-0484,PAID,2025-12-20,2025-12,security monitoring hosts 2025-12,JE-HAP-2025-12-0484
HAP-2025-12-0485,VEND-031,Helios Hardware Supply,HEL-2025-12-0485,2025-12-02,2026-01-01,90.22,USD,HPO-2025-12-0485,PAID,2025-12-20,2025-12,usage overage block 2025-12,JE-HAP-2025-12-0485
HAP-2025-12-0486,VEND-035,ADP,ADP-2025-12-0486,2025-12-02,2026-01-01,14400.33,USD,HPO-2025-12-0486,PAID,2025-12-20,2025-12,premium support 2025-12,JE-HAP-2025-12-0486
HAP-2025-12-0487,VEND-039,CleanRoom Janitorial,CLE-2025-12-0487,2025-12-02,2026-01-01,385.44,USD,HPO-2025-12-0487,PAID,2025-12-20,2025-12,warehouse consumables 2025-12,JE-HAP-2025-12-0487
HAP-2025-12-0488,VEND-043,Adyen NV,ADY-2025-12-0488,2025-12-02,2026-01-01,12.55,USD,HPO-2025-12-0488,PAID,2025-12-20,2025-12,security monitoring hosts 2025-12,JE-HAP-2025-12-0488
HAP-2025-12-0489,VEND-047,Carta,CAR-2025-12-0489,2025-12-02,2026-01-01,45.66,USD,HPO-2025-12-0489,PAID,2025-12-20,2025-12,usage overage block 2025-12,JE-HAP-2025-12-0489
HAP-2025-12-0490,VEND-001,Acme Supplies,ACM-2025-12-0490,2025-12-02,2026-01-01,9000.77,USD,HPO-2025-12-0490,PAID,2025-12-20,2025-12,premium support 2025-12,JE-HAP-2025-12-0490
HAP-2025-12-0491,VEND-003,Northline Fabrication,NOR-2025-12-0491,2025-12-02,2026-01-01,270.38,USD,HPO-2025-12-0491,PAID,2025-12-20,2025-12,warehouse consumables 2025-12,JE-HAP-2025-12-0491
HAP-2025-12-0492,VEND-007,Slack Technologies,SLA-2025-12-0492,2025-12-02,2026-01-01,108.99,USD,HPO-2025-12-0492,PAID,2025-12-20,2025-12,security monitoring hosts 2025-12,JE-HAP-2025-12-0492
HAP-2025-12-0493,VEND-001,Acme Supplies,ACM-2025-12-0493,2025-12-03,2026-01-02,386.1,USD,HPO-2025-12-0493,PAID,2025-12-21,2025-12,warehouse consumables 2025-12,JE-HAP-2025-12-0493
HAP-2025-12-0494,VEND-003,Northline Fabrication,NOR-2025-12-0494,2025-12-03,2026-01-02,13.21,USD,HPO-2025-12-0494,PAID,2025-12-21,2025-12,security monitoring hosts 2025-12,JE-HAP-2025-12-0494
HAP-2025-12-0495,VEND-007,Slack Technologies,SLA-2025-12-0495,2025-12-03,2026-01-02,46.32,USD,HPO-2025-12-0495,PAID,2025-12-21,2025-12,usage overage block 2025-12,JE-HAP-2025-12-0495
HAP-2025-12-0496,VEND-012,Orbit Analytics,ORB-2025-12-0496,2025-12-03,2026-01-02,9001.43,USD,HPO-2025-12-0496,PAID,2025-12-21,2025-12,premium support 2025-12,JE-HAP-2025-12-0496
HAP-2025-12-0497,VEND-016,Lindholm & Ruiz LLP,LIN-2025-12-0497,2025-12-03,2026-01-02,271.04,USD,HPO-2025-12-0497,PAID,2025-12-21,2025-12,warehouse consumables 2025-12,JE-HAP-2025-12-0497
HAP-2025-12-0498,VEND-020,Lenovo,LEN-2025-12-0498,2025-12-03,2026-01-02,109.65,USD,HPO-2025-12-0498,PAID,2025-12-21,2025-12,security monitoring hosts 2025-12,JE-HAP-2025-12-0498
HAP-2025-12-0499,VEND-024,Snowflake,SNO-2025-12-0499,2025-12-03,2026-01-02,166.76,USD,HPO-2025-12-0499,PAID,2025-12-21,2025-12,usage overage block 2025-12,JE-HAP-2025-12-0499
HAP-2025-12-0500,VEND-028,Atlassian,ATL-2025-12-0500,2025-12-03,2026-01-02,3601.87,USD,HPO-2025-12-0500,PAID,2025-12-21,2025-12,premium support 2025-12,JE-HAP-2025-12-0500
HAP-2025-12-0501,VEND-032,Harbor Power & Light,HAR-2025-12-0501,2025-12-03,2026-01-02,155.98,USD,HPO-2025-12-0501,PAID,2025-12-21,2025-12,warehouse consumables 2025-12,JE-HAP-2025-12-0501
HAP-2025-12-0502,VEND-036,WeWork Cambridge,WEW-2025-12-0502,2025-12-03,2026-01-02,74.09,USD,HPO-2025-12-0502,PAID,2025-12-21,2025-12,security monitoring hosts 2025-12,JE-HAP-2025-12-0502
HAP-2025-12-0503,VEND-040,Kendall Square Parking,KEN-2025-12-0503,2025-12-03,2026-01-02,122.2,USD,HPO-2025-12-0503,PAID,2025-12-21,2025-12,usage overage block 2025-12,JE-HAP-2025-12-0503
HAP-2025-12-0504,VEND-044,DocuSign,DOC-2025-12-0504,2025-12-03,2026-01-02,18002.31,USD,HPO-2025-12-0504,PAID,2025-12-21,2025-12,premium support 2025-12,JE-HAP-2025-12-0504
HAP-2025-12-0505,VEND-036,WeWork Cambridge,WEW-2025-12-0505,2025-12-04,2026-01-03,167.42,USD,HPO-2025-12-0505,PAID,2025-12-22,2025-12,usage overage block 2025-12,JE-HAP-2025-12-0505
HAP-2025-12-0506,VEND-040,Kendall Square Parking,KEN-2025-12-0506,2025-12-04,2026-01-03,3600.0,USD,HPO-2025-12-0506,PAID,2025-12-22,2025-12,premium support 2025-12,JE-HAP-2025-12-0506
HAP-2025-12-0507,VEND-044,DocuSign,DOC-2025-12-0507,2025-12-04,2026-01-03,154.11,USD,HPO-2025-12-0507,PAID,2025-12-22,2025-12,warehouse consumables 2025-12,JE-HAP-2025-12-0507
HAP-2025-12-0508,VEND-048,Gusto Payroll,GUS-2025-12-0508,2025-12-04,2026-01-03,72.22,USD,HPO-2025-12-0508,PAID,2025-12-22,2025-12,security monitoring hosts 2025-12,JE-HAP-2025-12-0508
HAP-2025-12-0509,VEND-001-DUP,Acme Supplies LLC,ACM-2025-12-0509,2025-12-04,2026-01-03,120.33,USD,HPO-2025-12-0509,PAID,2025-12-22,2025-12,usage overage block 2025-12,JE-HAP-2025-12-0509
HAP-2025-12-0510,VEND-004,Office Depot,OFF-2025-12-0510,2025-12-04,2026-01-03,18000.44,USD,HPO-2025-12-0510,PAID,2025-12-22,2025-12,premium support 2025-12,JE-HAP-2025-12-0510
HAP-2025-12-0511,VEND-008,Figma,FIG-2025-12-0511,2025-12-04,2026-01-03,39.05,USD,HPO-2025-12-0511,PAID,2025-12-22,2025-12,warehouse consumables 2025-12,JE-HAP-2025-12-0511
HAP-2025-12-0512,VEND-013,Cambridge Properties,CAM-2025-12-0512,2025-12-04,2026-01-03,36.66,USD,HPO-2025-12-0512,PAID,2025-12-22,2025-12,security monitoring hosts 2025-12,JE-HAP-2025-12-0512
HAP-2025-12-0513,VEND-017,GitHub,GIT-2025-12-0513,2025-12-04,2026-01-03,75.77,USD,HPO-2025-12-0513,PAID,2025-12-22,2025-12,usage overage block 2025-12,JE-HAP-2025-12-0513
HAP-2025-12-0514,VEND-021,Misc Supplies,MIS-2025-12-0514,2025-12-04,2026-01-03,12600.88,USD,HPO-2025-12-0514,PAID,2025-12-22,2025-12,premium support 2025-12,JE-HAP-2025-12-0514
HAP-2025-12-0515,VEND-025,Okta,OKT-2025-12-0515,2025-12-04,2026-01-03,347.49,USD,HPO-2025-12-0515,PAID,2025-12-22,2025-12,warehouse consumables 2025-12,JE-HAP-2025-12-0515
HAP-2025-12-0516,VEND-029,Cloudflare,CLO-2025-12-0516,2025-12-04,2026-01-03,133.1,USD,HPO-2025-12-0516,PAID,2025-12-22,2025-12,security monitoring hosts 2025-12,JE-HAP-2025-12-0516
HAP-2025-12-0517,VEND-021,Misc Supplies,MIS-2025-12-0517,2025-12-05,2026-01-04,39.71,USD,HPO-2025-12-0517,PAID,2025-12-23,2025-12,warehouse consumables 2025-12,JE-HAP-2025-12-0517
HAP-2025-12-0518,VEND-025,Okta,OKT-2025-12-0518,2025-12-05,2026-01-04,37.32,USD,HPO-2025-12-0518,PAID,2025-12-23,2025-12,security monitoring hosts 2025-12,JE-HAP-2025-12-0518
HAP-2025-12-0519,VEND-029,Cloudflare,CLO-2025-12-0519,2025-12-05,2026-01-04,76.43,USD,HPO-2025-12-0519,PAID,2025-12-23,2025-12,usage overage block 2025-12,JE-HAP-2025-12-0519
HAP-2025-12-0520,VEND-033,Staples Business Advantage,STA-2025-12-0520,2025-12-05,2026-01-04,12601.54,USD,HPO-2025-12-0520,PAID,2025-12-23,2025-12,premium support 2025-12,JE-HAP-2025-12-0520
HAP-2025-12-0521,VEND-037,Comcast Business,COM-2025-12-0521,2025-12-05,2026-01-04,348.15,USD,HPO-2025-12-0521,PAID,2025-12-23,2025-12,warehouse consumables 2025-12,JE-HAP-2025-12-0521
HAP-2025-12-0522,VEND-041,HubSpot,HUB-2025-12-0522,2025-12-05,2026-01-04,133.76,USD,HPO-2025-12-0522,PAID,2025-12-23,2025-12,security monitoring hosts 2025-12,JE-HAP-2025-12-0522
HAP-2025-12-0523,VEND-045,Palo Alto Networks,PAL-2025-12-0523,2025-12-05,2026-01-04,31.87,USD,HPO-2025-12-0523,PAID,2025-12-23,2025-12,usage overage block 2025-12,JE-HAP-2025-12-0523
HAP-2025-12-0524,VEND-049,Vanta,VAN-2025-12-0524,2025-12-05,2026-01-04,7201.98,USD,HPO-2025-12-0524,PAID,2025-12-23,2025-12,premium support 2025-12,JE-HAP-2025-12-0524
HAP-2025-12-0525,VEND-001-ALIAS,Acme Supply Co.,ACM-2025-12-0525,2025-12-05,2026-01-04,233.09,USD,HPO-2025-12-0525,PAID,2025-12-23,2025-12,warehouse consumables 2025-12,JE-HAP-2025-12-0525
HAP-2025-12-0526,VEND-005,Helios Hardware,HEL-2025-12-0526,2025-12-05,2026-01-04,98.2,USD,HPO-2025-12-0526,PAID,2025-12-23,2025-12,security monitoring hosts 2025-12,JE-HAP-2025-12-0526
HAP-2025-12-0527,VEND-009,Google Cloud,GOO-2025-12-0527,2025-12-05,2026-01-04,152.31,USD,HPO-2025-12-0527,PAID,2025-12-23,2025-12,usage overage block 2025-12,JE-HAP-2025-12-0527
HAP-2025-12-0528,VEND-014,Dell Technologies,DEL-2025-12-0528,2025-12-05,2026-01-04,1802.42,USD,HPO-2025-12-0528,PAID,2025-12-23,2025-12,premium support 2025-12,JE-HAP-2025-12-0528
HAP-2025-12-0529,VEND-005,Helios Hardware,HEL-2025-12-0529,2025-12-06,2026-01-05,30.0,USD,HPO-2025-12-0529,PAID,2025-12-24,2025-12,usage overage block 2025-12,JE-HAP-2025-12-0529
HAP-2025-12-0530,VEND-009,Google Cloud,GOO-2025-12-0530,2025-12-06,2026-01-05,7200.11,USD,HPO-2025-12-0530,PAID,2025-12-24,2025-12,premium support 2025-12,JE-HAP-2025-12-0530
HAP-2025-12-0531,VEND-014,Dell Technologies,DEL-2025-12-0531,2025-12-06,2026-01-05,231.22,USD,HPO-2025-12-0531,PAID,2025-12-24,2025-12,warehouse consumables 2025-12,JE-HAP-2025-12-0531
HAP-2025-12-0532,VEND-018,Shadow Vendor LLC,SHA-2025-12-0532,2025-12-06,2026-01-05,96.33,USD,HPO-2025-12-0532,PAID,2025-12-24,2025-12,security monitoring hosts 2025-12,JE-HAP-2025-12-0532
HAP-2025-12-0533,VEND-022,Twilio,TWI-2025-12-0533,2025-12-06,2026-01-05,150.44,USD,HPO-2025-12-0533,PAID,2025-12-24,2025-12,usage overage block 2025-12,JE-HAP-2025-12-0533
HAP-2025-12-0534,VEND-026,CrowdStrike,CRO-2025-12-0534,2025-12-06,2026-01-05,1800.55,USD,HPO-2025-12-0534,PAID,2025-12-24,2025-12,premium support 2025-12,JE-HAP-2025-12-0534
HAP-2025-12-0535,VEND-030,Northline Fab Group,NOR-2025-12-0535,2025-12-06,2026-01-05,116.16,USD,HPO-2025-12-0535,PAID,2025-12-24,2025-12,warehouse consumables 2025-12,JE-HAP-2025-12-0535
HAP-2025-12-0536,VEND-034,FedEx,FED-2025-12-0536,2025-12-06,2026-01-05,60.77,USD,HPO-2025-12-0536,PAID,2025-12-24,2025-12,security monitoring hosts 2025-12,JE-HAP-2025-12-0536
HAP-2025-12-0537,VEND-038,Pagaya Coffee Service,PAG-2025-12-0537,2025-12-06,2026-01-05,105.88,USD,HPO-2025-12-0537,PAID,2025-12-24,2025-12,usage overage block 2025-12,JE-HAP-2025-12-0537
HAP-2025-12-0538,VEND-042,Stripe Processing,STR-2025-12-0538,2025-12-06,2026-01-05,16200.99,USD,HPO-2025-12-0538,PAID,2025-12-24,2025-12,premium support 2025-12,JE-HAP-2025-12-0538
HAP-2025-12-0539,VEND-046,Boston Edison Steam,BOS-2025-12-0539,2025-12-06,2026-01-05,424.6,USD,HPO-2025-12-0539,PAID,2025-12-24,2025-12,warehouse consumables 2025-12,JE-HAP-2025-12-0539
HAP-2025-12-0540,VEND-050,Linear App,LIN-2025-12-0540,2025-12-06,2026-01-05,25.21,USD,HPO-2025-12-0540,PAID,2025-12-24,2025-12,security monitoring hosts 2025-12,JE-HAP-2025-12-0540
HAP-2025-12-0541,VEND-042,Stripe Processing,STR-2025-12-0541,2025-12-07,2026-01-06,116.82,USD,HPO-2025-12-0541,PAID,2025-12-25,2025-12,warehouse consumables 2025-12,JE-HAP-2025-12-0541
HAP-2025-12-0542,VEND-046,Boston Edison Steam,BOS-2025-12-0542,2025-12-07,2026-01-06,61.43,USD,HPO-2025-12-0542,PAID,2025-12-25,2025-12,security monitoring hosts 2025-12,JE-HAP-2025-12-0542
HAP-2025-12-0543,VEND-050,Linear App,LIN-2025-12-0543,2025-12-07,2026-01-06,106.54,USD,HPO-2025-12-0543,PAID,2025-12-25,2025-12,usage overage block 2025-12,JE-HAP-2025-12-0543
HAP-2025-12-0544,VEND-002,Amazon Web Services,AMA-2025-12-0544,2025-12-07,2026-01-06,16201.65,USD,HPO-2025-12-0544,PAID,2025-12-25,2025-12,premium support 2025-12,JE-HAP-2025-12-0544
HAP-2025-12-0545,VEND-006,Datadog,DAT-2025-12-0545,2025-12-07,2026-01-06,425.26,USD,HPO-2025-12-0545,PAID,2025-12-25,2025-12,warehouse consumables 2025-12,JE-HAP-2025-12-0545
HAP-2025-12-0546,VEND-011,Hartford Insurance,HAR-2025-12-0546,2025-12-07,2026-01-06,25.87,USD,HPO-2025-12-0546,PAID,2025-12-25,2025-12,security monitoring hosts 2025-12,JE-HAP-2025-12-0546
HAP-2025-12-0547,VEND-015,Harbor Electric,HAR-2025-12-0547,2025-12-07,2026-01-06,61.98,USD,HPO-2025-12-0547,PAID,2025-12-25,2025-12,usage overage block 2025-12,JE-HAP-2025-12-0547
HAP-2025-12-0548,VEND-019,Freightline Logistics,FRE-2025-12-0548,2025-12-07,2026-01-06,10802.09,USD,HPO-2025-12-0548,PAID,2025-12-25,2025-12,premium support 2025-12,JE-HAP-2025-12-0548
HAP-2025-12-0549,VEND-023,Notion Labs,NOT-2025-12-0549,2025-12-07,2026-01-06,310.2,USD,HPO-2025-12-0549,PAID,2025-12-25,2025-12,warehouse consumables 2025-12,JE-HAP-2025-12-0549
HAP-2025-12-0550,VEND-027,Zoom Video,ZOO-2025-12-0550,2025-12-07,2026-01-06,122.31,USD,HPO-2025-12-0550,PAID,2025-12-25,2025-12,security monitoring hosts 2025-12,JE-HAP-2025-12-0550
HAP-2025-12-0551,VEND-031,Helios Hardware Supply,HEL-2025-12-0551,2025-12-07,2026-01-06,17.42,USD,HPO-2025-12-0551,PAID,2025-12-25,2025-12,usage overage block 2025-12,JE-HAP-2025-12-0551
HAP-2025-12-0552,VEND-035,ADP,ADP-2025-12-0552,2025-12-07,2026-01-06,5400.0,USD,HPO-2025-12-0552,PAID,2025-12-25,2025-12,premium support 2025-12,JE-HAP-2025-12-0552
HAP-2025-12-0553,VEND-027,Zoom Video,ZOO-2025-12-0553,2025-12-08,2026-01-07,60.11,USD,HPO-2025-12-0553,PAID,2025-12-26,2025-12,usage overage block 2025-12,JE-HAP-2025-12-0553
HAP-2025-12-0554,VEND-031,Helios Hardware Supply,HEL-2025-12-0554,2025-12-08,2026-01-07,10800.22,USD,HPO-2025-12-0554,PAID,2025-12-26,2025-12,premium support 2025-12,JE-HAP-2025-12-0554
HAP-2025-12-0555,VEND-035,ADP,ADP-2025-12-0555,2025-12-08,2026-01-07,308.33,USD,HPO-2025-12-0555,PAID,2025-12-26,2025-12,warehouse consumables 2025-12,JE-HAP-2025-12-0555
HAP-2025-12-0556,VEND-039,CleanRoom Janitorial,CLE-2025-12-0556,2025-12-08,2026-01-07,120.44,USD,HPO-2025-12-0556,PAID,2025-12-26,2025-12,security monitoring hosts 2025-12,JE-HAP-2025-12-0556
HAP-2025-12-0557,VEND-043,Adyen NV,ADY-2025-12-0557,2025-12-08,2026-01-07,15.55,USD,HPO-2025-12-0557,PAID,2025-12-26,2025-12,usage overage block 2025-12,JE-HAP-2025-12-0557
HAP-2025-12-0558,VEND-047,Carta,CAR-2025-12-0558,2025-12-08,2026-01-07,5400.66,USD,HPO-2025-12-0558,PAID,2025-12-26,2025-12,premium support 2025-12,JE-HAP-2025-12-0558
HAP-2025-12-0559,VEND-001,Acme Supplies,ACM-2025-12-0559,2025-12-08,2026-01-07,193.27,USD,HPO-2025-12-0559,PAID,2025-12-26,2025-12,warehouse consumables 2025-12,JE-HAP-2025-12-0559
HAP-2025-12-0560,VEND-003,Northline Fabrication,NOR-2025-12-0560,2025-12-08,2026-01-07,84.88,USD,HPO-2025-12-0560,PAID,2025-12-26,2025-12,security monitoring hosts 2025-12,JE-HAP-2025-12-0560
HAP-2025-12-0561,VEND-007,Slack Technologies,SLA-2025-12-0561,2025-12-08,2026-01-07,135.99,USD,HPO-2025-12-0561,PAID,2025-12-26,2025-12,usage overage block 2025-12,JE-HAP-2025-12-0561
HAP-2025-12-0562,VEND-012,Orbit Analytics,ORB-2025-12-0562,2025-12-08,2026-01-07,19801.1,USD,HPO-2025-12-0562,PAID,2025-12-26,2025-12,premium support 2025-12,JE-HAP-2025-12-0562
HAP-2025-12-0563,VEND-016,Lindholm & Ruiz LLP,LIN-2025-12-0563,2025-12-08,2026-01-07,78.21,USD,HPO-2025-12-0563,PAID,2025-12-26,2025-12,warehouse consumables 2025-12,JE-HAP-2025-12-0563
HAP-2025-12-0564,VEND-020,Lenovo,LEN-2025-12-0564,2025-12-08,2026-01-07,49.32,USD,HPO-2025-12-0564,PAID,2025-12-26,2025-12,security monitoring hosts 2025-12,JE-HAP-2025-12-0564
HAP-2025-12-0565,VEND-012,Orbit Analytics,ORB-2025-12-0565,2025-12-09,2026-01-08,193.93,USD,HPO-2025-12-0565,PAID,2025-12-27,2025-12,warehouse consumables 2025-12,JE-HAP-2025-12-0565
HAP-2025-12-0566,VEND-016,Lindholm & Ruiz LLP,LIN-2025-12-0566,2025-12-09,2026-01-08,85.54,USD,HPO-2025-12-0566,PAID,2025-12-27,2025-12,security monitoring hosts 2025-12,JE-HAP-2025-12-0566
HAP-2025-12-0567,VEND-020,Lenovo,LEN-2025-12-0567,2025-12-09,2026-01-08,136.65,USD,HPO-2025-12-0567,PAID,2025-12-27,2025-12,usage overage block 2025-12,JE-HAP-2025-12-0567
HAP-2025-12-0568,VEND-024,Snowflake,SNO-2025-12-0568,2025-12-09,2026-01-08,19801.76,USD,HPO-2025-12-0568,PAID,2025-12-27,2025-12,premium support 2025-12,JE-HAP-2025-12-0568
HAP-2025-12-0569,VEND-028,Atlassian,ATL-2025-12-0569,2025-12-09,2026-01-08,78.87,USD,HPO-2025-12-0569,PAID,2025-12-27,2025-12,warehouse consumables 2025-12,JE-HAP-2025-12-0569
HAP-2025-12-0570,VEND-032,Harbor Power & Light,HAR-2025-12-0570,2025-12-09,2026-01-08,49.98,USD,HPO-2025-12-0570,PAID,2025-12-27,2025-12,security monitoring hosts 2025-12,JE-HAP-2025-12-0570
HAP-2025-12-0571,VEND-036,WeWork Cambridge,WEW-2025-12-0571,2025-12-09,2026-01-08,92.09,USD,HPO-2025-12-0571,PAID,2025-12-27,2025-12,usage overage block 2025-12,JE-HAP-2025-12-0571
HAP-2025-12-0572,VEND-040,Kendall Square Parking,KEN-2025-12-0572,2025-12-09,2026-01-08,14402.2,USD,HPO-2025-12-0572,PAID,2025-12-27,2025-12,premium support 2025-12,JE-HAP-2025-12-0572
HAP-2025-12-0573,VEND-044,DocuSign,DOC-2025-12-0573,2025-12-09,2026-01-08,387.31,USD,HPO-2025-12-0573,PAID,2025-12-27,2025-12,warehouse consumables 2025-12,JE-HAP-2025-12-0573
HAP-2025-12-0574,VEND-048,Gusto Payroll,GUS-2025-12-0574,2025-12-09,2026-01-08,14.42,USD,HPO-2025-12-0574,PAID,2025-12-27,2025-12,security monitoring hosts 2025-12,JE-HAP-2025-12-0574
HAP-2025-12-0575,VEND-001-DUP,Acme Supplies LLC,ACM-2025-12-0575,2025-12-09,2026-01-08,45.0,USD,HPO-2025-12-0575,PAID,2025-12-27,2025-12,usage overage block 2025-12,JE-HAP-2025-12-0575
HAP-2025-12-0576,VEND-004,Office Depot,OFF-2025-12-0576,2025-12-09,2026-01-08,9000.11,USD,HPO-2025-12-0576,PAID,2025-12-27,2025-12,premium support 2025-12,JE-HAP-2025-12-0576
HAP-2025-12-0577,VEND-048,Gusto Payroll,GUS-2025-12-0577,2025-12-10,2026-01-09,90.22,USD,HPO-2025-12-0577,PAID,2025-12-28,2025-12,usage overage block 2025-12,JE-HAP-2025-12-0577
HAP-2025-12-0578,VEND-001-DUP,Acme Supplies LLC,ACM-2025-12-0578,2025-12-10,2026-01-09,14400.33,USD,HPO-2025-12-0578,PAID,2025-12-28,2025-12,premium support 2025-12,JE-HAP-2025-12-0578
HAP-2025-12-0579,VEND-004,Office Depot,OFF-2025-12-0579,2025-12-10,2026-01-09,385.44,USD,HPO-2025-12-0579,PAID,2025-12-28,2025-12,warehouse consumables 2025-12,JE-HAP-2025-12-0579
HAP-2025-12-0580,VEND-008,Figma,FIG-2025-12-0580,2025-12-10,2026-01-09,12.55,USD,HPO-2025-12-0580,PAID,2025-12-28,2025-12,security monitoring hosts 2025-12,JE-HAP-2025-12-0580
HAP-2025-12-0581,VEND-013,Cambridge Properties,CAM-2025-12-0581,2025-12-10,2026-01-09,45.66,USD,HPO-2025-12-0581,PAID,2025-12-28,2025-12,usage overage block 2025-12,JE-HAP-2025-12-0581
HAP-2025-12-0582,VEND-017,GitHub,GIT-2025-12-0582,2025-12-10,2026-01-09,9000.77,USD,HPO-2025-12-0582,PAID,2025-12-28,2025-12,premium support 2025-12,JE-HAP-2025-12-0582
HAP-2025-12-0583,VEND-021,Misc Supplies,MIS-2025-12-0583,2025-12-10,2026-01-09,270.38,USD,HPO-2025-12-0583,PAID,2025-12-28,2025-12,warehouse consumables 2025-12,JE-HAP-2025-12-0583
HAP-2025-12-0584,VEND-025,Okta,OKT-2025-12-0584,2025-12-10,2026-01-09,108.99,USD,HPO-2025-12-0584,PAID,2025-12-28,2025-12,security monitoring hosts 2025-12,JE-HAP-2025-12-0584
HAP-2025-12-0585,VEND-029,Cloudflare,CLO-2025-12-0585,2025-12-10,2026-01-09,166.1,USD,HPO-2025-12-0585,PAID,2025-12-28,2025-12,usage overage block 2025-12,JE-HAP-2025-12-0585
HAP-2025-12-0586,VEND-033,Staples Business Advantage,STA-2025-12-0586,2025-12-10,2026-01-09,3601.21,USD,HPO-2025-12-0586,PAID,2025-12-28,2025-12,premium support 2025-12,JE-HAP-2025-12-0586
HAP-2025-12-0587,VEND-037,Comcast Business,COM-2025-12-0587,2025-12-10,2026-01-09,155.32,USD,HPO-2025-12-0587,PAID,2025-12-28,2025-12,warehouse consumables 2025-12,JE-HAP-2025-12-0587
HAP-2025-12-0588,VEND-041,HubSpot,HUB-2025-12-0588,2025-12-10,2026-01-09,73.43,USD,HPO-2025-12-0588,PAID,2025-12-28,2025-12,security monitoring hosts 2025-12,JE-HAP-2025-12-0588
HAP-2025-12-0589,VEND-033,Staples Business Advantage,STA-2025-12-0589,2025-12-11,2026-01-10,271.04,USD,HPO-2025-12-0589,PAID,2025-12-29,2025-12,warehouse consumables 2025-12,JE-HAP-2025-12-0589
HAP-2025-12-0590,VEND-037,Comcast Business,COM-2025-12-0590,2025-12-11,2026-01-10,109.65,USD,HPO-2025-12-0590,PAID,2025-12-29,2025-12,security monitoring hosts 2025-12,JE-HAP-2025-12-0590
HAP-2025-12-0591,VEND-041,HubSpot,HUB-2025-12-0591,2025-12-11,2026-01-10,166.76,USD,HPO-2025-12-0591,PAID,2025-12-29,2025-12,usage overage block 2025-12,JE-HAP-2025-12-0591
HAP-2025-12-0592,VEND-045,Palo Alto Networks,PAL-2025-12-0592,2025-12-11,2026-01-10,3601.87,USD,HPO-2025-12-0592,PAID,2025-12-29,2025-12,premium support 2025-12,JE-HAP-2025-12-0592
HAP-2025-12-0593,VEND-049,Vanta,VAN-2025-12-0593,2025-12-11,2026-01-10,155.98,USD,HPO-2025-12-0593,PAID,2025-12-29,2025-12,warehouse consumables 2025-12,JE-HAP-2025-12-0593
HAP-2025-12-0594,VEND-001-ALIAS,Acme Supply Co.,ACM-2025-12-0594,2025-12-11,2026-01-10,74.09,USD,HPO-2025-12-0594,PAID,2025-12-29,2025-12,security monitoring hosts 2025-12,JE-HAP-2025-12-0594
HAP-2025-12-0595,VEND-005,Helios Hardware,HEL-2025-12-0595,2025-12-11,2026-01-10,122.2,USD,HPO-2025-12-0595,PAID,2025-12-29,2025-12,usage overage block 2025-12,JE-HAP-2025-12-0595
HAP-2025-12-0596,VEND-009,Google Cloud,GOO-2025-12-0596,2025-12-11,2026-01-10,18002.31,USD,HPO-2025-12-0596,PAID,2025-12-29,2025-12,premium support 2025-12,JE-HAP-2025-12-0596
HAP-2025-12-0597,VEND-014,Dell Technologies,DEL-2025-12-0597,2025-12-11,2026-01-10,40.92,USD,HPO-2025-12-0597,PAID,2025-12-29,2025-12,warehouse consumables 2025-12,JE-HAP-2025-12-0597
HAP-2025-12-0598,VEND-018,Shadow Vendor LLC,SHA-2025-12-0598,2025-12-11,2026-01-10,36.0,USD,HPO-2025-12-0598,PAID,2025-12-29,2025-12,security monitoring hosts 2025-12,JE-HAP-2025-12-0598
HAP-2025-12-0599,VEND-022,Twilio,TWI-2025-12-0599,2025-12-11,2026-01-10,75.11,USD,HPO-2025-12-0599,PAID,2025-12-29,2025-12,usage overage block 2025-12,JE-HAP-2025-12-0599
HAP-2025-12-0600,VEND-026,CrowdStrike,CRO-2025-12-0600,2025-12-11,2026-01-10,12600.22,USD,HPO-2025-12-0600,PAID,2025-12-29,2025-12,premium support 2025-12,JE-HAP-2025-12-0600
HAP-2025-12-0601,VEND-018,Shadow Vendor LLC,SHA-2025-12-0601,2025-12-12,2026-01-11,120.33,USD,HPO-2025-12-0601,PAID,2025-12-30,2025-12,usage overage block 2025-12,JE-HAP-2025-12-0601
HAP-2025-12-0602,VEND-022,Twilio,TWI-2025-12-0602,2025-12-12,2026-01-11,18000.44,USD,HPO-2025-12-0602,PAID,2025-12-30,2025-12,premium support 2025-12,JE-HAP-2025-12-0602
HAP-2025-12-0603,VEND-026,CrowdStrike,CRO-2025-12-0603,2025-12-12,2026-01-11,39.05,USD,HPO-2025-12-0603,PAID,2025-12-30,2025-12,warehouse consumables 2025-12,JE-HAP-2025-12-0603
HAP-2025-12-0604,VEND-030,Northline Fab Group,NOR-2025-12-0604,2025-12-12,2026-01-11,36.66,USD,HPO-2025-12-0604,PAID,2025-12-30,2025-12,security monitoring hosts 2025-12,JE-HAP-2025-12-0604
HAP-2025-12-0605,VEND-034,FedEx,FED-2025-12-0605,2025-12-12,2026-01-11,75.77,USD,HPO-2025-12-0605,PAID,2025-12-30,2025-12,usage overage block 2025-12,JE-HAP-2025-12-0605
HAP-2025-12-0606,VEND-038,Pagaya Coffee Service,PAG-2025-12-0606,2025-12-12,2026-01-11,12600.88,USD,HPO-2025-12-0606,PAID,2025-12-30,2025-12,premium support 2025-12,JE-HAP-2025-12-0606
HAP-2025-12-0607,VEND-042,Stripe Processing,STR-2025-12-0607,2025-12-12,2026-01-11,347.49,USD,HPO-2025-12-0607,PAID,2025-12-30,2025-12,warehouse consumables 2025-12,JE-HAP-2025-12-0607
HAP-2025-12-0608,VEND-046,Boston Edison Steam,BOS-2025-12-0608,2025-12-12,2026-01-11,133.1,USD,HPO-2025-12-0608,PAID,2025-12-30,2025-12,security monitoring hosts 2025-12,JE-HAP-2025-12-0608
HAP-2025-12-0609,VEND-050,Linear App,LIN-2025-12-0609,2025-12-12,2026-01-11,31.21,USD,HPO-2025-12-0609,PAID,2025-12-30,2025-12,usage overage block 2025-12,JE-HAP-2025-12-0609
HAP-2025-12-0610,VEND-002,Amazon Web Services,AMA-2025-12-0610,2025-12-12,2026-01-11,7201.32,USD,HPO-2025-12-0610,PAID,2025-12-30,2025-12,premium support 2025-12,JE-HAP-2025-12-0610
HAP-2025-12-0611,VEND-006,Datadog,DAT-2025-12-0611,2025-12-12,2026-01-11,232.43,USD,HPO-2025-12-0611,PAID,2025-12-30,2025-12,warehouse consumables 2025-12,JE-HAP-2025-12-0611
HAP-2025-12-0612,VEND-011,Hartford Insurance,HAR-2025-12-0612,2025-12-12,2026-01-11,97.54,USD,HPO-2025-12-0612,PAID,2025-12-30,2025-12,security monitoring hosts 2025-12,JE-HAP-2025-12-0612
HAP-2025-12-0613,VEND-002,Amazon Web Services,AMA-2025-12-0613,2025-12-13,2026-01-12,348.15,USD,HPO-2025-12-0613,PAID,2025-12-31,2025-12,warehouse consumables 2025-12,JE-HAP-2025-12-0613
HAP-2025-12-0614,VEND-006,Datadog,DAT-2025-12-0614,2025-12-13,2026-01-12,133.76,USD,HPO-2025-12-0614,PAID,2025-12-31,2025-12,security monitoring hosts 2025-12,JE-HAP-2025-12-0614
HAP-2025-12-0615,VEND-011,Hartford Insurance,HAR-2025-12-0615,2025-12-13,2026-01-12,31.87,USD,HPO-2025-12-0615,PAID,2025-12-31,2025-12,usage overage block 2025-12,JE-HAP-2025-12-0615
HAP-2025-12-0616,VEND-015,Harbor Electric,HAR-2025-12-0616,2025-12-13,2026-01-12,7201.98,USD,HPO-2025-12-0616,PAID,2025-12-31,2025-12,premium support 2025-12,JE-HAP-2025-12-0616
HAP-2025-12-0617,VEND-019,Freightline Logistics,FRE-2025-12-0617,2025-12-13,2026-01-12,233.09,USD,HPO-2025-12-0617,PAID,2025-12-31,2025-12,warehouse consumables 2025-12,JE-HAP-2025-12-0617
HAP-2025-12-0618,VEND-023,Notion Labs,NOT-2025-12-0618,2025-12-13,2026-01-12,98.2,USD,HPO-2025-12-0618,PAID,2025-12-31,2025-12,security monitoring hosts 2025-12,JE-HAP-2025-12-0618
HAP-2025-12-0619,VEND-027,Zoom Video,ZOO-2025-12-0619,2025-12-13,2026-01-12,152.31,USD,HPO-2025-12-0619,PAID,2025-12-31,2025-12,usage overage block 2025-12,JE-HAP-2025-12-0619
HAP-2025-12-0620,VEND-031,Helios Hardware Supply,HEL-2025-12-0620,2025-12-13,2026-01-12,1802.42,USD,HPO-2025-12-0620,PAID,2025-12-31,2025-12,premium support 2025-12,JE-HAP-2025-12-0620
HAP-2025-12-0621,VEND-035,ADP,ADP-2025-12-0621,2025-12-13,2026-01-12,115.5,USD,HPO-2025-12-0621,PAID,2025-12-31,2025-12,warehouse consumables 2025-12,JE-HAP-2025-12-0621
HAP-2025-12-0622,VEND-039,CleanRoom Janitorial,CLE-2025-12-0622,2025-12-13,2026-01-12,60.11,USD,HPO-2025-12-0622,PAID,2025-12-31,2025-12,security monitoring hosts 2025-12,JE-HAP-2025-12-0622
HAP-2025-12-0623,VEND-043,Adyen NV,ADY-2025-12-0623,2025-12-13,2026-01-12,105.22,USD,HPO-2025-12-0623,PAID,2025-12-31,2025-12,usage overage block 2025-12,JE-HAP-2025-12-0623
HAP-2025-12-0624,VEND-047,Carta,CAR-2025-12-0624,2025-12-13,2026-01-12,16200.33,USD,HPO-2025-12-0624,PAID,2025-12-31,2025-12,premium support 2025-12,JE-HAP-2025-12-0624
HAP-2025-12-0625,VEND-039,CleanRoom Janitorial,CLE-2025-12-0625,2025-12-14,2026-01-13,150.44,USD,HPO-2025-12-0625,PAID,2025-12-31,2025-12,usage overage block 2025-12,JE-HAP-2025-12-0625
HAP-2025-12-0626,VEND-043,Adyen NV,ADY-2025-12-0626,2025-12-14,2026-01-13,1800.55,USD,HPO-2025-12-0626,PAID,2025-12-31,2025-12,premium support 2025-12,JE-HAP-2025-12-0626
HAP-2025-12-0627,VEND-047,Carta,CAR-2025-12-0627,2025-12-14,2026-01-13,116.16,USD,HPO-2025-12-0627,PAID,2025-12-31,2025-12,warehouse consumables 2025-12,JE-HAP-2025-12-0627
HAP-2025-12-0628,VEND-001,Acme Supplies,ACM-2025-12-0628,2025-12-14,2026-01-13,60.77,USD,HPO-2025-12-0628,PAID,2025-12-31,2025-12,security monitoring hosts 2025-12,JE-HAP-2025-12-0628
HAP-2025-12-0629,VEND-003,Northline Fabrication,NOR-2025-12-0629,2025-12-14,2026-01-13,105.88,USD,HPO-2025-12-0629,PAID,2025-12-31,2025-12,usage overage block 2025-12,JE-HAP-2025-12-0629
HAP-2025-12-0630,VEND-007,Slack Technologies,SLA-2025-12-0630,2025-12-14,2026-01-13,16200.99,USD,HPO-2025-12-0630,PAID,2025-12-31,2025-12,premium support 2025-12,JE-HAP-2025-12-0630
HAP-2025-12-0631,VEND-012,Orbit Analytics,ORB-2025-12-0631,2025-12-14,2026-01-13,424.6,USD,HPO-2025-12-0631,PAID,2025-12-31,2025-12,warehouse consumables 2025-12,JE-HAP-2025-12-0631
HAP-2025-12-0632,VEND-016,Lindholm & Ruiz LLP,LIN-2025-12-0632,2025-12-14,2026-01-13,25.21,USD,HPO-2025-12-0632,PAID,2025-12-31,2025-12,security monitoring hosts 2025-12,JE-HAP-2025-12-0632
HAP-2025-12-0633,VEND-020,Lenovo,LEN-2025-12-0633,2025-12-14,2026-01-13,61.32,USD,HPO-2025-12-0633,PAID,2025-12-31,2025-12,usage overage block 2025-12,JE-HAP-2025-12-0633
HAP-2025-12-0634,VEND-024,Snowflake,SNO-2025-12-0634,2025-12-14,2026-01-13,10801.43,USD,HPO-2025-12-0634,PAID,2025-12-31,2025-12,premium support 2025-12,JE-HAP-2025-12-0634
HAP-2025-12-0635,VEND-028,Atlassian,ATL-2025-12-0635,2025-12-14,2026-01-13,309.54,USD,HPO-2025-12-0635,PAID,2025-12-31,2025-12,warehouse consumables 2025-12,JE-HAP-2025-12-0635
HAP-2025-12-0636,VEND-032,Harbor Power & Light,HAR-2025-12-0636,2025-12-14,2026-01-13,121.65,USD,HPO-2025-12-0636,PAID,2025-12-31,2025-12,security monitoring hosts 2025-12,JE-HAP-2025-12-0636
HAP-2025-12-0637,VEND-024,Snowflake,SNO-2025-12-0637,2025-12-15,2026-01-14,425.26,USD,HPO-2025-12-0637,PAID,2025-12-31,2025-12,warehouse consumables 2025-12,JE-HAP-2025-12-0637
HAP-2025-12-0638,VEND-028,Atlassian,ATL-2025-12-0638,2025-12-15,2026-01-14,25.87,USD,HPO-2025-12-0638,PAID,2025-12-31,2025-12,security monitoring hosts 2025-12,JE-HAP-2025-12-0638
HAP-2025-12-0639,VEND-032,Harbor Power & Light,HAR-2025-12-0639,2025-12-15,2026-01-14,61.98,USD,HPO-2025-12-0639,PAID,2025-12-31,2025-12,usage overage block 2025-12,JE-HAP-2025-12-0639
HAP-2025-12-0640,VEND-036,WeWork Cambridge,WEW-2025-12-0640,2025-12-15,2026-01-14,10802.09,USD,HPO-2025-12-0640,PAID,2025-12-31,2025-12,premium support 2025-12,JE-HAP-2025-12-0640
HAP-2025-12-0641,VEND-040,Kendall Square Parking,KEN-2025-12-0641,2025-12-15,2026-01-14,310.2,USD,HPO-2025-12-0641,PAID,2025-12-31,2025-12,warehouse consumables 2025-12,JE-HAP-2025-12-0641
HAP-2025-12-0642,VEND-044,DocuSign,DOC-2025-12-0642,2025-12-15,2026-01-14,122.31,USD,HPO-2025-12-0642,PAID,2025-12-31,2025-12,security monitoring hosts 2025-12,JE-HAP-2025-12-0642
HAP-2025-12-0643,VEND-048,Gusto Payroll,GUS-2025-12-0643,2025-12-15,2026-01-14,17.42,USD,HPO-2025-12-0643,PAID,2025-12-31,2025-12,usage overage block 2025-12,JE-HAP-2025-12-0643
HAP-2025-12-0644,VEND-001-DUP,Acme Supplies LLC,ACM-2025-12-0644,2025-12-15,2026-01-14,5400.0,USD,HPO-2025-12-0644,PAID,2025-12-31,2025-12,premium support 2025-12,JE-HAP-2025-12-0644
HAP-2025-12-0645,VEND-004,Office Depot,OFF-2025-12-0645,2025-12-15,2026-01-14,192.61,USD,HPO-2025-12-0645,PAID,2025-12-31,2025-12,warehouse consumables 2025-12,JE-HAP-2025-12-0645
HAP-2025-12-0646,VEND-008,Figma,FIG-2025-12-0646,2025-12-15,2026-01-14,84.22,USD,HPO-2025-12-0646,PAID,2025-12-31,2025-12,security monitoring hosts 2025-12,JE-HAP-2025-12-0646
HAP-2025-12-0647,VEND-013,Cambridge Properties,CAM-2025-12-0647,2025-12-15,2026-01-14,135.33,USD,HPO-2025-12-0647,PAID,2025-12-31,2025-12,usage overage block 2025-12,JE-HAP-2025-12-0647
HAP-2025-12-0648,VEND-017,GitHub,GIT-2025-12-0648,2025-12-15,2026-01-14,19800.44,USD,HPO-2025-12-0648,PAID,2025-12-31,2025-12,premium support 2025-12,JE-HAP-2025-12-0648
HAP-2025-12-0649,VEND-008,Figma,FIG-2025-12-0649,2025-12-16,2026-01-15,15.55,USD,HPO-2025-12-0649,PAID,2025-12-31,2025-12,usage overage block 2025-12,JE-HAP-2025-12-0649
HAP-2025-12-0650,VEND-013,Cambridge Properties,CAM-2025-12-0650,2025-12-16,2026-01-15,5400.66,USD,HPO-2025-12-0650,PAID,2025-12-31,2025-12,premium support 2025-12,JE-HAP-2025-12-0650
HAP-2025-12-0651,VEND-017,GitHub,GIT-2025-12-0651,2025-12-16,2026-01-15,193.27,USD,HPO-2025-12-0651,PAID,2025-12-31,2025-12,warehouse consumables 2025-12,JE-HAP-2025-12-0651
HAP-2025-12-0652,VEND-021,Misc Supplies,MIS-2025-12-0652,2025-12-16,2026-01-15,84.88,USD,HPO-2025-12-0652,PAID,2025-12-31,2025-12,security monitoring hosts 2025-12,JE-HAP-2025-12-0652
HAP-2025-12-0653,VEND-025,Okta,OKT-2025-12-0653,2025-12-16,2026-01-15,135.99,USD,HPO-2025-12-0653,PAID,2025-12-31,2025-12,usage overage block 2025-12,JE-HAP-2025-12-0653
HAP-2025-12-0654,VEND-029,Cloudflare,CLO-2025-12-0654,2025-12-16,2026-01-15,19801.1,USD,HPO-2025-12-0654,PAID,2025-12-31,2025-12,premium support 2025-12,JE-HAP-2025-12-0654
HAP-2025-12-0655,VEND-033,Staples Business Advantage,STA-2025-12-0655,2025-12-16,2026-01-15,78.21,USD,HPO-2025-12-0655,PAID,2025-12-31,2025-12,warehouse consumables 2025-12,JE-HAP-2025-12-0655
HAP-2025-12-0656,VEND-037,Comcast Business,COM-2025-12-0656,2025-12-16,2026-01-15,49.32,USD,HPO-2025-12-0656,PAID,2025-12-31,2025-12,security monitoring hosts 2025-12,JE-HAP-2025-12-0656
HAP-2025-12-0657,VEND-041,HubSpot,HUB-2025-12-0657,2025-12-16,2026-01-15,91.43,USD,HPO-2025-12-0657,PAID,2025-12-31,2025-12,usage overage block 2025-12,JE-HAP-2025-12-0657
HAP-2025-12-0658,VEND-045,Palo Alto Networks,PAL-2025-12-0658,2025-12-16,2026-01-15,14401.54,USD,HPO-2025-12-0658,PAID,2025-12-31,2025-12,premium support 2025-12,JE-HAP-2025-12-0658
HAP-2025-12-0659,VEND-049,Vanta,VAN-2025-12-0659,2025-12-16,2026-01-15,386.65,USD,HPO-2025-12-0659,PAID,2025-12-31,2025-12,warehouse consumables 2025-12,JE-HAP-2025-12-0659
HAP-2025-12-0660,VEND-001-ALIAS,Acme Supply Co.,ACM-2025-12-0660,2025-12-16,2026-01-15,13.76,USD,HPO-2025-12-0660,PAID,2025-12-31,2025-12,security monitoring hosts 2025-12,JE-HAP-2025-12-0660
HAP-2025-12-0661,VEND-045,Palo Alto Networks,PAL-2025-12-0661,2025-12-17,2026-01-16,78.87,USD,HPO-2025-12-0661,PAID,2025-12-31,2025-12,warehouse consumables 2025-12,JE-HAP-2025-12-0661
HAP-2025-12-0662,VEND-049,Vanta,VAN-2025-12-0662,2025-12-17,2026-01-16,49.98,USD,HPO-2025-12-0662,PAID,2025-12-31,2025-12,security monitoring hosts 2025-12,JE-HAP-2025-12-0662
HAP-2025-12-0663,VEND-001-ALIAS,Acme Supply Co.,ACM-2025-12-0663,2025-12-17,2026-01-16,92.09,USD,HPO-2025-12-0663,PAID,2025-12-31,2025-12,usage overage block 2025-12,JE-HAP-2025-12-0663
HAP-2025-12-0664,VEND-005,Helios Hardware,HEL-2025-12-0664,2025-12-17,2026-01-16,14402.2,USD,HPO-2025-12-0664,PAID,2025-12-31,2025-12,premium support 2025-12,JE-HAP-2025-12-0664
HAP-2025-12-0665,VEND-009,Google Cloud,GOO-2025-12-0665,2025-12-17,2026-01-16,387.31,USD,HPO-2025-12-0665,PAID,2025-12-31,2025-12,warehouse consumables 2025-12,JE-HAP-2025-12-0665
HAP-2025-12-0666,VEND-014,Dell Technologies,DEL-2025-12-0666,2025-12-17,2026-01-16,14.42,USD,HPO-2025-12-0666,PAID,2025-12-31,2025-12,security monitoring hosts 2025-12,JE-HAP-2025-12-0666
HAP-2025-12-0667,VEND-018,Shadow Vendor LLC,SHA-2025-12-0667,2025-12-17,2026-01-16,45.0,USD,HPO-2025-12-0667,PAID,2025-12-31,2025-12,usage overage block 2025-12,JE-HAP-2025-12-0667
HAP-2025-12-0668,VEND-022,Twilio,TWI-2025-12-0668,2025-12-17,2026-01-16,9000.11,USD,HPO-2025-12-0668,PAID,2025-12-31,2025-12,premium support 2025-12,JE-HAP-2025-12-0668
HAP-2025-12-0669,VEND-026,CrowdStrike,CRO-2025-12-0669,2025-12-17,2026-01-16,269.72,USD,HPO-2025-12-0669,PAID,2025-12-31,2025-12,warehouse consumables 2025-12,JE-HAP-2025-12-0669
HAP-2025-12-0670,VEND-030,Northline Fab Group,NOR-2025-12-0670,2025-12-17,2026-01-16,108.33,USD,HPO-2025-12-0670,PAID,2025-12-31,2025-12,security monitoring hosts 2025-12,JE-HAP-2025-12-0670
HAP-2025-12-0671,VEND-034,FedEx,FED-2025-12-0671,2025-12-17,2026-01-16,165.44,USD,HPO-2025-12-0671,PAID,2025-12-31,2025-12,usage overage block 2025-12,JE-HAP-2025-12-0671
HAP-2025-12-0672,VEND-038,Pagaya Coffee Service,PAG-2025-12-0672,2025-12-17,2026-01-16,3600.55,USD,HPO-2025-12-0672,PAID,2025-12-31,2025-12,premium support 2025-12,JE-HAP-2025-12-0672
HAP-2025-12-0673,VEND-030,Northline Fab Group,NOR-2025-12-0673,2025-12-18,2026-01-17,45.66,USD,HPO-2025-12-0673,PAID,2025-12-31,2025-12,usage overage block 2025-12,JE-HAP-2025-12-0673
HAP-2025-12-0674,VEND-034,FedEx,FED-2025-12-0674,2025-12-18,2026-01-17,9000.77,USD,HPO-2025-12-0674,PAID,2025-12-31,2025-12,premium support 2025-12,JE-HAP-2025-12-0674
HAP-2025-12-0675,VEND-038,Pagaya Coffee Service,PAG-2025-12-0675,2025-12-18,2026-01-17,270.38,USD,HPO-2025-12-0675,PAID,2025-12-31,2025-12,warehouse consumables 2025-12,JE-HAP-2025-12-0675
HAP-2025-12-0676,VEND-042,Stripe Processing,STR-2025-12-0676,2025-12-18,2026-01-17,108.99,USD,HPO-2025-12-0676,PAID,2025-12-31,2025-12,security monitoring hosts 2025-12,JE-HAP-2025-12-0676
HAP-2025-12-0677,VEND-046,Boston Edison Steam,BOS-2025-12-0677,2025-12-18,2026-01-17,166.1,USD,HPO-2025-12-0677,PAID,2025-12-31,2025-12,usage overage block 2025-12,JE-HAP-2025-12-0677
HAP-2025-12-0678,VEND-050,Linear App,LIN-2025-12-0678,2025-12-18,2026-01-17,3601.21,USD,HPO-2025-12-0678,PAID,2025-12-31,2025-12,premium support 2025-12,JE-HAP-2025-12-0678
HAP-2025-12-0679,VEND-002,Amazon Web Services,AMA-2025-12-0679,2025-12-18,2026-01-17,155.32,USD,HPO-2025-12-0679,PAID,2025-12-31,2025-12,warehouse consumables 2025-12,JE-HAP-2025-12-0679
HAP-2025-12-0680,VEND-006,Datadog,DAT-2025-12-0680,2025-12-18,2026-01-17,73.43,USD,HPO-2025-12-0680,PAID,2025-12-31,2025-12,security monitoring hosts 2025-12,JE-HAP-2025-12-0680
HAP-2025-12-0681,VEND-011,Hartford Insurance,HAR-2025-12-0681,2025-12-18,2026-01-17,121.54,USD,HPO-2025-12-0681,PAID,2025-12-31,2025-12,usage overage block 2025-12,JE-HAP-2025-12-0681
HAP-2025-12-0682,VEND-015,Harbor Electric,HAR-2025-12-0682,2025-12-18,2026-01-17,18001.65,USD,HPO-2025-12-0682,PAID,2025-12-31,2025-12,premium support 2025-12,JE-HAP-2025-12-0682
HAP-2025-12-0683,VEND-019,Freightline Logistics,FRE-2025-12-0683,2025-12-18,2026-01-17,40.26,USD,HPO-2025-12-0683,PAID,2025-12-31,2025-12,warehouse consumables 2025-12,JE-HAP-2025-12-0683
HAP-2025-12-0684,VEND-023,Notion Labs,NOT-2025-12-0684,2025-12-18,2026-01-17,37.87,USD,HPO-2025-12-0684,PAID,2025-12-31,2025-12,security monitoring hosts 2025-12,JE-HAP-2025-12-0684
HAP-2025-12-0685,VEND-015,Harbor Electric,HAR-2025-12-0685,2025-12-19,2026-01-18,155.98,USD,HPO-2025-12-0685,PAID,2025-12-31,2025-12,warehouse consumables 2025-12,JE-HAP-2025-12-0685
HAP-2025-12-0686,VEND-019,Freightline Logistics,FRE-2025-12-0686,2025-12-19,2026-01-18,74.09,USD,HPO-2025-12-0686,PAID,2025-12-31,2025-12,security monitoring hosts 2025-12,JE-HAP-2025-12-0686
HAP-2025-12-0687,VEND-023,Notion Labs,NOT-2025-12-0687,2025-12-19,2026-01-18,122.2,USD,HPO-2025-12-0687,PAID,2025-12-31,2025-12,usage overage block 2025-12,JE-HAP-2025-12-0687
HAP-2025-12-0688,VEND-027,Zoom Video,ZOO-2025-12-0688,2025-12-19,2026-01-18,18002.31,USD,HPO-2025-12-0688,PAID,2025-12-31,2025-12,premium support 2025-12,JE-HAP-2025-12-0688
HAP-2025-12-0689,VEND-031,Helios Hardware Supply,HEL-2025-12-0689,2025-12-19,2026-01-18,40.92,USD,HPO-2025-12-0689,PAID,2025-12-31,2025-12,warehouse consumables 2025-12,JE-HAP-2025-12-0689
HAP-2025-12-0690,VEND-035,ADP,ADP-2025-12-0690,2025-12-19,2026-01-18,36.0,USD,HPO-2025-12-0690,PAID,2025-12-31,2025-12,security monitoring hosts 2025-12,JE-HAP-2025-12-0690
HAP-2025-12-0691,VEND-039,CleanRoom Janitorial,CLE-2025-12-0691,2025-12-19,2026-01-18,75.11,USD,HPO-2025-12-0691,PAID,2025-12-31,2025-12,usage overage block 2025-12,JE-HAP-2025-12-0691
HAP-2025-12-0692,VEND-043,Adyen NV,ADY-2025-12-0692,2025-12-19,2026-01-18,12600.22,USD,HPO-2025-12-0692,PAID,2025-12-31,2025-12,premium support 2025-12,JE-HAP-2025-12-0692
HAP-2025-12-0693,VEND-047,Carta,CAR-2025-12-0693,2025-12-19,2026-01-18,346.83,USD,HPO-2025-12-0693,PAID,2025-12-31,2025-12,warehouse consumables 2025-12,JE-HAP-2025-12-0693
HAP-2025-12-0694,VEND-001,Acme Supplies,ACM-2025-12-0694,2025-12-19,2026-01-18,132.44,USD,HPO-2025-12-0694,PAID,2025-12-31,2025-12,security monitoring hosts 2025-12,JE-HAP-2025-12-0694
HAP-2025-12-0695,VEND-003,Northline Fabrication,NOR-2025-12-0695,2025-12-19,2026-01-18,30.55,USD,HPO-2025-12-0695,PAID,2025-12-31,2025-12,usage overage block 2025-12,JE-HAP-2025-12-0695
HAP-2025-12-0696,VEND-007,Slack Technologies,SLA-2025-12-0696,2025-12-19,2026-01-18,7200.66,USD,HPO-2025-12-0696,PAID,2025-12-31,2025-12,premium support 2025-12,JE-HAP-2025-12-0696
HAP-2025-12-0697,VEND-001,Acme Supplies,ACM-2025-12-0697,2025-12-20,2026-01-19,75.77,USD,HPO-2025-12-0697,PAID,2025-12-31,2025-12,usage overage block 2025-12,JE-HAP-2025-12-0697
HAP-2025-12-0698,VEND-003,Northline Fabrication,NOR-2025-12-0698,2025-12-20,2026-01-19,12600.88,USD,HPO-2025-12-0698,PAID,2025-12-31,2025-12,premium support 2025-12,JE-HAP-2025-12-0698
HAP-2025-12-0699,VEND-007,Slack Technologies,SLA-2025-12-0699,2025-12-20,2026-01-19,347.49,USD,HPO-2025-12-0699,PAID,2025-12-31,2025-12,warehouse consumables 2025-12,JE-HAP-2025-12-0699
HAP-2025-12-0700,VEND-012,Orbit Analytics,ORB-2025-12-0700,2025-12-20,2026-01-19,133.1,USD,HPO-2025-12-0700,PAID,2025-12-31,2025-12,security monitoring hosts 2025-12,JE-HAP-2025-12-0700
HAP-2025-12-0701,VEND-016,Lindholm & Ruiz LLP,LIN-2025-12-0701,2025-12-20,2026-01-19,31.21,USD,HPO-2025-12-0701,PAID,2025-12-31,2025-12,usage overage block 2025-12,JE-HAP-2025-12-0701
HAP-2025-12-0702,VEND-020,Lenovo,LEN-2025-12-0702,2025-12-20,2026-01-19,7201.32,USD,HPO-2025-12-0702,PAID,2025-12-31,2025-12,premium support 2025-12,JE-HAP-2025-12-0702
HAP-2025-12-0703,VEND-024,Snowflake,SNO-2025-12-0703,2025-12-20,2026-01-19,232.43,USD,HPO-2025-12-0703,PAID,2025-12-31,2025-12,warehouse consumables 2025-12,JE-HAP-2025-12-0703
HAP-2025-12-0704,VEND-028,Atlassian,ATL-2025-12-0704,2025-12-20,2026-01-19,97.54,USD,HPO-2025-12-0704,PAID,2025-12-31,2025-12,security monitoring hosts 2025-12,JE-HAP-2025-12-0704
HAP-2025-12-0705,VEND-032,Harbor Power & Light,HAR-2025-12-0705,2025-12-20,2026-01-19,151.65,USD,HPO-2025-12-0705,PAID,2025-12-31,2025-12,usage overage block 2025-12,JE-HAP-2025-12-0705
HAP-2025-12-0706,VEND-036,WeWork Cambridge,WEW-2025-12-0706,2025-12-20,2026-01-19,1801.76,USD,HPO-2025-12-0706,PAID,2025-12-31,2025-12,premium support 2025-12,JE-HAP-2025-12-0706
HAP-2025-12-0707,VEND-040,Kendall Square Parking,KEN-2025-12-0707,2025-12-20,2026-01-19,117.37,USD,HPO-2025-12-0707,PAID,2025-12-31,2025-12,warehouse consumables 2025-12,JE-HAP-2025-12-0707
HAP-2025-12-0708,VEND-044,DocuSign,DOC-2025-12-0708,2025-12-20,2026-01-19,61.98,USD,HPO-2025-12-0708,PAID,2025-12-31,2025-12,security monitoring hosts 2025-12,JE-HAP-2025-12-0708
HAP-2025-12-0709,VEND-036,WeWork Cambridge,WEW-2025-12-0709,2025-12-21,2026-01-20,233.09,USD,HPO-2025-12-0709,PAID,2025-12-31,2025-12,warehouse consumables 2025-12,JE-HAP-2025-12-0709
HAP-2025-12-0710,VEND-040,Kendall Square Parking,KEN-2025-12-0710,2025-12-21,2026-01-20,98.2,USD,HPO-2025-12-0710,PAID,2025-12-31,2025-12,security monitoring hosts 2025-12,JE-HAP-2025-12-0710
HAP-2025-12-0711,VEND-044,DocuSign,DOC-2025-12-0711,2025-12-21,2026-01-20,152.31,USD,HPO-2025-12-0711,PAID,2025-12-31,2025-12,usage overage block 2025-12,JE-HAP-2025-12-0711
HAP-2025-12-0712,VEND-048,Gusto Payroll,GUS-2025-12-0712,2025-12-21,2026-01-20,1802.42,USD,HPO-2025-12-0712,PAID,2025-12-31,2025-12,premium support 2025-12,JE-HAP-2025-12-0712
HAP-2025-12-0713,VEND-001-DUP,Acme Supplies LLC,ACM-2025-12-0713,2025-12-21,2026-01-20,115.5,USD,HPO-2025-12-0713,PAID,2025-12-31,2025-12,warehouse consumables 2025-12,JE-HAP-2025-12-0713
HAP-2025-12-0714,VEND-004,Office Depot,OFF-2025-12-0714,2025-12-21,2026-01-20,60.11,USD,HPO-2025-12-0714,PAID,2025-12-31,2025-12,security monitoring hosts 2025-12,JE-HAP-2025-12-0714
HAP-2025-12-0715,VEND-008,Figma,FIG-2025-12-0715,2025-12-21,2026-01-20,105.22,USD,HPO-2025-12-0715,PAID,2025-12-31,2025-12,usage overage block 2025-12,JE-HAP-2025-12-0715
HAP-2025-12-0716,VEND-013,Cambridge Properties,CAM-2025-12-0716,2025-12-21,2026-01-20,16200.33,USD,HPO-2025-12-0716,PAID,2025-12-31,2025-12,premium support 2025-12,JE-HAP-2025-12-0716
HAP-2025-12-0717,VEND-017,GitHub,GIT-2025-12-0717,2025-12-21,2026-01-20,423.94,USD,HPO-2025-12-0717,PAID,2025-12-31,2025-12,warehouse consumables 2025-12,JE-HAP-2025-12-0717
HAP-2025-12-0718,VEND-021,Misc Supplies,MIS-2025-12-0718,2025-12-21,2026-01-20,24.55,USD,HPO-2025-12-0718,PAID,2025-12-31,2025-12,security monitoring hosts 2025-12,JE-HAP-2025-12-0718
HAP-2025-12-0719,VEND-025,Okta,OKT-2025-12-0719,2025-12-21,2026-01-20,60.66,USD,HPO-2025-12-0719,PAID,2025-12-31,2025-12,usage overage block 2025-12,JE-HAP-2025-12-0719
HAP-2025-12-0720,VEND-029,Cloudflare,CLO-2025-12-0720,2025-12-21,2026-01-20,10800.77,USD,HPO-2025-12-0720,PAID,2025-12-31,2025-12,premium support 2025-12,JE-HAP-2025-12-0720
HAP-2026-01-0721,VEND-021,Misc Supplies,MIS-2026-01-0721,2026-01-02,2026-02-01,105.88,USD,HPO-2026-01-0721,PAID,2026-01-20,2026-01,usage overage block 2026-01,JE-HAP-2026-01-0721
HAP-2026-01-0722,VEND-025,Okta,OKT-2026-01-0722,2026-01-02,2026-02-01,16200.99,USD,HPO-2026-01-0722,PAID,2026-01-20,2026-01,premium support 2026-01,JE-HAP-2026-01-0722
HAP-2026-01-0723,VEND-029,Cloudflare,CLO-2026-01-0723,2026-01-02,2026-02-01,424.6,USD,HPO-2026-01-0723,PAID,2026-01-20,2026-01,warehouse consumables 2026-01,JE-HAP-2026-01-0723
HAP-2026-01-0724,VEND-033,Staples Business Advantage,STA-2026-01-0724,2026-01-02,2026-02-01,25.21,USD,HPO-2026-01-0724,PAID,2026-01-20,2026-01,security monitoring hosts 2026-01,JE-HAP-2026-01-0724
HAP-2026-01-0725,VEND-037,Comcast Business,COM-2026-01-0725,2026-01-02,2026-02-01,61.32,USD,HPO-2026-01-0725,PAID,2026-01-20,2026-01,usage overage block 2026-01,JE-HAP-2026-01-0725
HAP-2026-01-0726,VEND-041,HubSpot,HUB-2026-01-0726,2026-01-02,2026-02-01,10801.43,USD,HPO-2026-01-0726,PAID,2026-01-20,2026-01,premium support 2026-01,JE-HAP-2026-01-0726
HAP-2026-01-0727,VEND-045,Palo Alto Networks,PAL-2026-01-0727,2026-01-02,2026-02-01,309.54,USD,HPO-2026-01-0727,PAID,2026-01-20,2026-01,warehouse consumables 2026-01,JE-HAP-2026-01-0727
HAP-2026-01-0728,VEND-049,Vanta,VAN-2026-01-0728,2026-01-02,2026-02-01,121.65,USD,HPO-2026-01-0728,PAID,2026-01-20,2026-01,security monitoring hosts 2026-01,JE-HAP-2026-01-0728
HAP-2026-01-0729,VEND-001-ALIAS,Acme Supply Co.,ACM-2026-01-0729,2026-01-02,2026-02-01,16.76,USD,HPO-2026-01-0729,PAID,2026-01-20,2026-01,usage overage block 2026-01,JE-HAP-2026-01-0729
HAP-2026-01-0730,VEND-005,Helios Hardware,HEL-2026-01-0730,2026-01-02,2026-02-01,5401.87,USD,HPO-2026-01-0730,PAID,2026-01-20,2026-01,premium support 2026-01,JE-HAP-2026-01-0730
HAP-2026-01-0731,VEND-009,Google Cloud,GOO-2026-01-0731,2026-01-02,2026-02-01,194.48,USD,HPO-2026-01-0731,PAID,2026-01-20,2026-01,warehouse consumables 2026-01,JE-HAP-2026-01-0731
HAP-2026-01-0732,VEND-014,Dell Technologies,DEL-2026-01-0732,2026-01-02,2026-02-01,86.09,USD,HPO-2026-01-0732,PAID,2026-01-20,2026-01,security monitoring hosts 2026-01,JE-HAP-2026-01-0732
HAP-2026-01-0733,VEND-005,Helios Hardware,HEL-2026-01-0733,2026-01-03,2026-02-02,310.2,USD,HPO-2026-01-0733,PAID,2026-01-21,2026-01,warehouse consumables 2026-01,JE-HAP-2026-01-0733
HAP-2026-01-0734,VEND-009,Google Cloud,GOO-2026-01-0734,2026-01-03,2026-02-02,122.31,USD,HPO-2026-01-0734,PAID,2026-01-21,2026-01,security monitoring hosts 2026-01,JE-HAP-2026-01-0734
HAP-2026-01-0735,VEND-014,Dell Technologies,DEL-2026-01-0735,2026-01-03,2026-02-02,17.42,USD,HPO-2026-01-0735,PAID,2026-01-21,2026-01,usage overage block 2026-01,JE-HAP-2026-01-0735
HAP-2026-01-0736,VEND-018,Shadow Vendor LLC,SHA-2026-01-0736,2026-01-03,2026-02-02,5400.0,USD,HPO-2026-01-0736,PAID,2026-01-21,2026-01,premium support 2026-01,JE-HAP-2026-01-0736
HAP-2026-01-0737,VEND-022,Twilio,TWI-2026-01-0737,2026-01-03,2026-02-02,192.61,USD,HPO-2026-01-0737,PAID,2026-01-21,2026-01,warehouse consumables 2026-01,JE-HAP-2026-01-0737
HAP-2026-01-0738,VEND-026,CrowdStrike,CRO-2026-01-0738,2026-01-03,2026-02-02,84.22,USD,HPO-2026-01-0738,PAID,2026-01-21,2026-01,security monitoring hosts 2026-01,JE-HAP-2026-01-0738
HAP-2026-01-0739,VEND-030,Northline Fab Group,NOR-2026-01-0739,2026-01-03,2026-02-02,135.33,USD,HPO-2026-01-0739,PAID,2026-01-21,2026-01,usage overage block 2026-01,JE-HAP-2026-01-0739
HAP-2026-01-0740,VEND-034,FedEx,FED-2026-01-0740,2026-01-03,2026-02-02,19800.44,USD,HPO-2026-01-0740,PAID,2026-01-21,2026-01,premium support 2026-01,JE-HAP-2026-01-0740
HAP-2026-01-0741,VEND-038,Pagaya Coffee Service,PAG-2026-01-0741,2026-01-03,2026-02-02,77.55,USD,HPO-2026-01-0741,PAID,2026-01-21,2026-01,warehouse consumables 2026-01,JE-HAP-2026-01-0741
HAP-2026-01-0742,VEND-042,Stripe Processing,STR-2026-01-0742,2026-01-03,2026-02-02,48.66,USD,HPO-2026-01-0742,PAID,2026-01-21,2026-01,security monitoring hosts 2026-01,JE-HAP-2026-01-0742
HAP-2026-01-0743,VEND-046,Boston Edison Steam,BOS-2026-01-0743,2026-01-03,2026-02-02,90.77,USD,HPO-2026-01-0743,PAID,2026-01-21,2026-01,usage overage block 2026-01,JE-HAP-2026-01-0743
HAP-2026-01-0744,VEND-050,Linear App,LIN-2026-01-0744,2026-01-03,2026-02-02,14400.88,USD,HPO-2026-01-0744,PAID,2026-01-21,2026-01,premium support 2026-01,JE-HAP-2026-01-0744
HAP-2026-01-0745,VEND-042,Stripe Processing,STR-2026-01-0745,2026-01-04,2026-02-03,135.99,USD,HPO-2026-01-0745,PAID,2026-01-22,2026-01,usage overage block 2026-01,JE-HAP-2026-01-0745
HAP-2026-01-0746,VEND-046,Boston Edison Steam,BOS-2026-01-0746,2026-01-04,2026-02-03,19801.1,USD,HPO-2026-01-0746,PAID,2026-01-22,2026-01,premium support 2026-01,JE-HAP-2026-01-0746
HAP-2026-01-0747,VEND-050,Linear App,LIN-2026-01-0747,2026-01-04,2026-02-03,78.21,USD,HPO-2026-01-0747,PAID,2026-01-22,2026-01,warehouse consumables 2026-01,JE-HAP-2026-01-0747
HAP-2026-01-0748,VEND-002,Amazon Web Services,AMA-2026-01-0748,2026-01-04,2026-02-03,49.32,USD,HPO-2026-01-0748,PAID,2026-01-22,2026-01,security monitoring hosts 2026-01,JE-HAP-2026-01-0748
HAP-2026-01-0749,VEND-006,Datadog,DAT-2026-01-0749,2026-01-04,2026-02-03,91.43,USD,HPO-2026-01-0749,PAID,2026-01-22,2026-01,usage overage block 2026-01,JE-HAP-2026-01-0749
HAP-2026-01-0750,VEND-011,Hartford Insurance,HAR-2026-01-0750,2026-01-04,2026-02-03,14401.54,USD,HPO-2026-01-0750,PAID,2026-01-22,2026-01,premium support 2026-01,JE-HAP-2026-01-0750
HAP-2026-01-0751,VEND-015,Harbor Electric,HAR-2026-01-0751,2026-01-04,2026-02-03,386.65,USD,HPO-2026-01-0751,PAID,2026-01-22,2026-01,warehouse consumables 2026-01,JE-HAP-2026-01-0751
HAP-2026-01-0752,VEND-019,Freightline Logistics,FRE-2026-01-0752,2026-01-04,2026-02-03,13.76,USD,HPO-2026-01-0752,PAID,2026-01-22,2026-01,security monitoring hosts 2026-01,JE-HAP-2026-01-0752
HAP-2026-01-0753,VEND-023,Notion Labs,NOT-2026-01-0753,2026-01-04,2026-02-03,46.87,USD,HPO-2026-01-0753,PAID,2026-01-22,2026-01,usage overage block 2026-01,JE-HAP-2026-01-0753
HAP-2026-01-0754,VEND-027,Zoom Video,ZOO-2026-01-0754,2026-01-04,2026-02-03,9001.98,USD,HPO-2026-01-0754,PAID,2026-01-22,2026-01,premium support 2026-01,JE-HAP-2026-01-0754
HAP-2026-01-0755,VEND-031,Helios Hardware Supply,HEL-2026-01-0755,2026-01-04,2026-02-03,271.59,USD,HPO-2026-01-0755,PAID,2026-01-22,2026-01,warehouse consumables 2026-01,JE-HAP-2026-01-0755
HAP-2026-01-0756,VEND-035,ADP,ADP-2026-01-0756,2026-01-04,2026-02-03,110.2,USD,HPO-2026-01-0756,PAID,2026-01-22,2026-01,security monitoring hosts 2026-01,JE-HAP-2026-01-0756
HAP-2026-01-0757,VEND-027,Zoom Video,ZOO-2026-01-0757,2026-01-05,2026-02-04,387.31,USD,HPO-2026-01-0757,PAID,2026-01-23,2026-01,warehouse consumables 2026-01,JE-HAP-2026-01-0757
HAP-2026-01-0758,VEND-031,Helios Hardware Supply,HEL-2026-01-0758,2026-01-05,2026-02-04,14.42,USD,HPO-2026-01-0758,PAID,2026-01-23,2026-01,security monitoring hosts 2026-01,JE-HAP-2026-01-0758
HAP-2026-01-0759,VEND-035,ADP,ADP-2026-01-0759,2026-01-05,2026-02-04,45.0,USD,HPO-2026-01-0759,PAID,2026-01-23,2026-01,usage overage block 2026-01,JE-HAP-2026-01-0759
HAP-2026-01-0760,VEND-039,CleanRoom Janitorial,CLE-2026-01-0760,2026-01-05,2026-02-04,9000.11,USD,HPO-2026-01-0760,PAID,2026-01-23,2026-01,premium support 2026-01,JE-HAP-2026-01-0760
HAP-2026-01-0761,VEND-043,Adyen NV,ADY-2026-01-0761,2026-01-05,2026-02-04,269.72,USD,HPO-2026-01-0761,PAID,2026-01-23,2026-01,warehouse consumables 2026-01,JE-HAP-2026-01-0761
HAP-2026-01-0762,VEND-047,Carta,CAR-2026-01-0762,2026-01-05,2026-02-04,108.33,USD,HPO-2026-01-0762,PAID,2026-01-23,2026-01,security monitoring hosts 2026-01,JE-HAP-2026-01-0762
HAP-2026-01-0763,VEND-001,Acme Supplies,ACM-2026-01-0763,2026-01-05,2026-02-04,165.44,USD,HPO-2026-01-0763,PAID,2026-01-23,2026-01,usage overage block 2026-01,JE-HAP-2026-01-0763
HAP-2026-01-0764,VEND-003,Northline Fabrication,NOR-2026-01-0764,2026-01-05,2026-02-04,3600.55,USD,HPO-2026-01-0764,PAID,2026-01-23,2026-01,premium support 2026-01,JE-HAP-2026-01-0764
HAP-2026-01-0765,VEND-007,Slack Technologies,SLA-2026-01-0765,2026-01-05,2026-02-04,154.66,USD,HPO-2026-01-0765,PAID,2026-01-23,2026-01,warehouse consumables 2026-01,JE-HAP-2026-01-0765
HAP-2026-01-0766,VEND-012,Orbit Analytics,ORB-2026-01-0766,2026-01-05,2026-02-04,72.77,USD,HPO-2026-01-0766,PAID,2026-01-23,2026-01,security monitoring hosts 2026-01,JE-HAP-2026-01-0766
HAP-2026-01-0767,VEND-016,Lindholm & Ruiz LLP,LIN-2026-01-0767,2026-01-05,2026-02-04,120.88,USD,HPO-2026-01-0767,PAID,2026-01-23,2026-01,usage overage block 2026-01,JE-HAP-2026-01-0767
HAP-2026-01-0768,VEND-020,Lenovo,LEN-2026-01-0768,2026-01-05,2026-02-04,18000.99,USD,HPO-2026-01-0768,PAID,2026-01-23,2026-01,premium support 2026-01,JE-HAP-2026-01-0768
HAP-2026-01-0769,VEND-012,Orbit Analytics,ORB-2026-01-0769,2026-01-06,2026-02-05,166.1,USD,HPO-2026-01-0769,PAID,2026-01-24,2026-01,usage overage block 2026-01,JE-HAP-2026-01-0769
HAP-2026-01-0770,VEND-016,Lindholm & Ruiz LLP,LIN-2026-01-0770,2026-01-06,2026-02-05,3601.21,USD,HPO-2026-01-0770,PAID,2026-01-24,2026-01,premium support 2026-01,JE-HAP-2026-01-0770
HAP-2026-01-0771,VEND-020,Lenovo,LEN-2026-01-0771,2026-01-06,2026-02-05,155.32,USD,HPO-2026-01-0771,PAID,2026-01-24,2026-01,warehouse consumables 2026-01,JE-HAP-2026-01-0771
HAP-2026-01-0772,VEND-024,Snowflake,SNO-2026-01-0772,2026-01-06,2026-02-05,73.43,USD,HPO-2026-01-0772,PAID,2026-01-24,2026-01,security monitoring hosts 2026-01,JE-HAP-2026-01-0772
HAP-2026-01-0773,VEND-028,Atlassian,ATL-2026-01-0773,2026-01-06,2026-02-05,121.54,USD,HPO-2026-01-0773,PAID,2026-01-24,2026-01,usage overage block 2026-01,JE-HAP-2026-01-0773
HAP-2026-01-0774,VEND-032,Harbor Power & Light,HAR-2026-01-0774,2026-01-06,2026-02-05,18001.65,USD,HPO-2026-01-0774,PAID,2026-01-24,2026-01,premium support 2026-01,JE-HAP-2026-01-0774
HAP-2026-01-0775,VEND-036,WeWork Cambridge,WEW-2026-01-0775,2026-01-06,2026-02-05,40.26,USD,HPO-2026-01-0775,PAID,2026-01-24,2026-01,warehouse consumables 2026-01,JE-HAP-2026-01-0775
HAP-2026-01-0776,VEND-040,Kendall Square Parking,KEN-2026-01-0776,2026-01-06,2026-02-05,37.87,USD,HPO-2026-01-0776,PAID,2026-01-24,2026-01,security monitoring hosts 2026-01,JE-HAP-2026-01-0776
HAP-2026-01-0777,VEND-044,DocuSign,DOC-2026-01-0777,2026-01-06,2026-02-05,76.98,USD,HPO-2026-01-0777,PAID,2026-01-24,2026-01,usage overage block 2026-01,JE-HAP-2026-01-0777
HAP-2026-01-0778,VEND-048,Gusto Payroll,GUS-2026-01-0778,2026-01-06,2026-02-05,12602.09,USD,HPO-2026-01-0778,PAID,2026-01-24,2026-01,premium support 2026-01,JE-HAP-2026-01-0778
HAP-2026-01-0779,VEND-001-DUP,Acme Supplies LLC,ACM-2026-01-0779,2026-01-06,2026-02-05,348.7,USD,HPO-2026-01-0779,PAID,2026-01-24,2026-01,warehouse consumables 2026-01,JE-HAP-2026-01-0779
HAP-2026-01-0780,VEND-004,Office Depot,OFF-2026-01-0780,2026-01-06,2026-02-05,134.31,USD,HPO-2026-01-0780,PAID,2026-01-24,2026-01,security monitoring hosts 2026-01,JE-HAP-2026-01-0780
HAP-2026-01-0781,VEND-048,Gusto Payroll,GUS-2026-01-0781,2026-01-07,2026-02-06,40.92,USD,HPO-2026-01-0781,PAID,2026-01-25,2026-01,warehouse consumables 2026-01,JE-HAP-2026-01-0781
HAP-2026-01-0782,VEND-001-DUP,Acme Supplies LLC,ACM-2026-01-0782,2026-01-07,2026-02-06,36.0,USD,HPO-2026-01-0782,PAID,2026-01-25,2026-01,security monitoring hosts 2026-01,JE-HAP-2026-01-0782
HAP-2026-01-0783,VEND-004,Office Depot,OFF-2026-01-0783,2026-01-07,2026-02-06,75.11,USD,HPO-2026-01-0783,PAID,2026-01-25,2026-01,usage overage block 2026-01,JE-HAP-2026-01-0783
HAP-2026-01-0784,VEND-008,Figma,FIG-2026-01-0784,2026-01-07,2026-02-06,12600.22,USD,HPO-2026-01-0784,PAID,2026-01-25,2026-01,premium support 2026-01,JE-HAP-2026-01-0784
HAP-2026-01-0785,VEND-013,Cambridge Properties,CAM-2026-01-0785,2026-01-07,2026-02-06,346.83,USD,HPO-2026-01-0785,PAID,2026-01-25,2026-01,warehouse consumables 2026-01,JE-HAP-2026-01-0785
HAP-2026-01-0786,VEND-017,GitHub,GIT-2026-01-0786,2026-01-07,2026-02-06,132.44,USD,HPO-2026-01-0786,PAID,2026-01-25,2026-01,security monitoring hosts 2026-01,JE-HAP-2026-01-0786
HAP-2026-01-0787,VEND-021,Misc Supplies,MIS-2026-01-0787,2026-01-07,2026-02-06,30.55,USD,HPO-2026-01-0787,PAID,2026-01-25,2026-01,usage overage block 2026-01,JE-HAP-2026-01-0787
HAP-2026-01-0788,VEND-025,Okta,OKT-2026-01-0788,2026-01-07,2026-02-06,7200.66,USD,HPO-2026-01-0788,PAID,2026-01-25,2026-01,premium support 2026-01,JE-HAP-2026-01-0788
HAP-2026-01-0789,VEND-029,Cloudflare,CLO-2026-01-0789,2026-01-07,2026-02-06,231.77,USD,HPO-2026-01-0789,PAID,2026-01-25,2026-01,warehouse consumables 2026-01,JE-HAP-2026-01-0789
HAP-2026-01-0790,VEND-033,Staples Business Advantage,STA-2026-01-0790,2026-01-07,2026-02-06,96.88,USD,HPO-2026-01-0790,PAID,2026-01-25,2026-01,security monitoring hosts 2026-01,JE-HAP-2026-01-0790
HAP-2026-01-0791,VEND-037,Comcast Business,COM-2026-01-0791,2026-01-07,2026-02-06,150.99,USD,HPO-2026-01-0791,PAID,2026-01-25,2026-01,usage overage block 2026-01,JE-HAP-2026-01-0791
HAP-2026-01-0792,VEND-041,HubSpot,HUB-2026-01-0792,2026-01-07,2026-02-06,1801.1,USD,HPO-2026-01-0792,PAID,2026-01-25,2026-01,premium support 2026-01,JE-HAP-2026-01-0792
HAP-2026-01-0793,VEND-033,Staples Business Advantage,STA-2026-01-0793,2026-01-08,2026-02-07,31.21,USD,HPO-2026-01-0793,PAID,2026-01-26,2026-01,usage overage block 2026-01,JE-HAP-2026-01-0793
HAP-2026-01-0794,VEND-037,Comcast Business,COM-2026-01-0794,2026-01-08,2026-02-07,7201.32,USD,HPO-2026-01-0794,PAID,2026-01-26,2026-01,premium support 2026-01,JE-HAP-2026-01-0794
HAP-2026-01-0795,VEND-041,HubSpot,HUB-2026-01-0795,2026-01-08,2026-02-07,232.43,USD,HPO-2026-01-0795,PAID,2026-01-26,2026-01,warehouse consumables 2026-01,JE-HAP-2026-01-0795
HAP-2026-01-0796,VEND-045,Palo Alto Networks,PAL-2026-01-0796,2026-01-08,2026-02-07,97.54,USD,HPO-2026-01-0796,PAID,2026-01-26,2026-01,security monitoring hosts 2026-01,JE-HAP-2026-01-0796
HAP-2026-01-0797,VEND-049,Vanta,VAN-2026-01-0797,2026-01-08,2026-02-07,151.65,USD,HPO-2026-01-0797,PAID,2026-01-26,2026-01,usage overage block 2026-01,JE-HAP-2026-01-0797
HAP-2026-01-0798,VEND-001-ALIAS,Acme Supply Co.,ACM-2026-01-0798,2026-01-08,2026-02-07,1801.76,USD,HPO-2026-01-0798,PAID,2026-01-26,2026-01,premium support 2026-01,JE-HAP-2026-01-0798
HAP-2026-01-0799,VEND-005,Helios Hardware,HEL-2026-01-0799,2026-01-08,2026-02-07,117.37,USD,HPO-2026-01-0799,PAID,2026-01-26,2026-01,warehouse consumables 2026-01,JE-HAP-2026-01-0799
HAP-2026-01-0800,VEND-009,Google Cloud,GOO-2026-01-0800,2026-01-08,2026-02-07,61.98,USD,HPO-2026-01-0800,PAID,2026-01-26,2026-01,security monitoring hosts 2026-01,JE-HAP-2026-01-0800
HAP-2026-01-0801,VEND-014,Dell Technologies,DEL-2026-01-0801,2026-01-08,2026-02-07,107.09,USD,HPO-2026-01-0801,PAID,2026-01-26,2026-01,usage overage block 2026-01,JE-HAP-2026-01-0801
HAP-2026-01-0802,VEND-018,Shadow Vendor LLC,SHA-2026-01-0802,2026-01-08,2026-02-07,16202.2,USD,HPO-2026-01-0802,PAID,2026-01-26,2026-01,premium support 2026-01,JE-HAP-2026-01-0802
HAP-2026-01-0803,VEND-022,Twilio,TWI-2026-01-0803,2026-01-08,2026-02-07,425.81,USD,HPO-2026-01-0803,PAID,2026-01-26,2026-01,warehouse consumables 2026-01,JE-HAP-2026-01-0803
HAP-2026-01-0804,VEND-026,CrowdStrike,CRO-2026-01-0804,2026-01-08,2026-02-07,26.42,USD,HPO-2026-01-0804,PAID,2026-01-26,2026-01,security monitoring hosts 2026-01,JE-HAP-2026-01-0804
HAP-2026-01-0805,VEND-018,Shadow Vendor LLC,SHA-2026-01-0805,2026-01-09,2026-02-08,115.5,USD,HPO-2026-01-0805,PAID,2026-01-27,2026-01,warehouse consumables 2026-01,JE-HAP-2026-01-0805
HAP-2026-01-0806,VEND-022,Twilio,TWI-2026-01-0806,2026-01-09,2026-02-08,60.11,USD,HPO-2026-01-0806,PAID,2026-01-27,2026-01,security monitoring hosts 2026-01,JE-HAP-2026-01-0806
HAP-2026-01-0807,VEND-026,CrowdStrike,CRO-2026-01-0807,2026-01-09,2026-02-08,105.22,USD,HPO-2026-01-0807,PAID,2026-01-27,2026-01,usage overage block 2026-01,JE-HAP-2026-01-0807
HAP-2026-01-0808,VEND-030,Northline Fab Group,NOR-2026-01-0808,2026-01-09,2026-02-08,16200.33,USD,HPO-2026-01-0808,PAID,2026-01-27,2026-01,premium support 2026-01,JE-HAP-2026-01-0808
HAP-2026-01-0809,VEND-034,FedEx,FED-2026-01-0809,2026-01-09,2026-02-08,423.94,USD,HPO-2026-01-0809,PAID,2026-01-27,2026-01,warehouse consumables 2026-01,JE-HAP-2026-01-0809
HAP-2026-01-0810,VEND-038,Pagaya Coffee Service,PAG-2026-01-0810,2026-01-09,2026-02-08,24.55,USD,HPO-2026-01-0810,PAID,2026-01-27,2026-01,security monitoring hosts 2026-01,JE-HAP-2026-01-0810
HAP-2026-01-0811,VEND-042,Stripe Processing,STR-2026-01-0811,2026-01-09,2026-02-08,60.66,USD,HPO-2026-01-0811,PAID,2026-01-27,2026-01,usage overage block 2026-01,JE-HAP-2026-01-0811
HAP-2026-01-0812,VEND-046,Boston Edison Steam,BOS-2026-01-0812,2026-01-09,2026-02-08,10800.77,USD,HPO-2026-01-0812,PAID,2026-01-27,2026-01,premium support 2026-01,JE-HAP-2026-01-0812
HAP-2026-01-0813,VEND-050,Linear App,LIN-2026-01-0813,2026-01-09,2026-02-08,308.88,USD,HPO-2026-01-0813,PAID,2026-01-27,2026-01,warehouse consumables 2026-01,JE-HAP-2026-01-0813
HAP-2026-01-0814,VEND-002,Amazon Web Services,AMA-2026-01-0814,2026-01-09,2026-02-08,120.99,USD,HPO-2026-01-0814,PAID,2026-01-27,2026-01,security monitoring hosts 2026-01,JE-HAP-2026-01-0814
HAP-2026-01-0815,VEND-006,Datadog,DAT-2026-01-0815,2026-01-09,2026-02-08,16.1,USD,HPO-2026-01-0815,PAID,2026-01-27,2026-01,usage overage block 2026-01,JE-HAP-2026-01-0815
HAP-2026-01-0816,VEND-011,Hartford Insurance,HAR-2026-01-0816,2026-01-09,2026-02-08,5401.21,USD,HPO-2026-01-0816,PAID,2026-01-27,2026-01,premium support 2026-01,JE-HAP-2026-01-0816
HAP-2026-01-0817,VEND-002,Amazon Web Services,AMA-2026-01-0817,2026-01-10,2026-02-09,61.32,USD,HPO-2026-01-0817,PAID,2026-01-28,2026-01,usage overage block 2026-01,JE-HAP-2026-01-0817
HAP-2026-01-0818,VEND-006,Datadog,DAT-2026-01-0818,2026-01-10,2026-02-09,10801.43,USD,HPO-2026-01-0818,PAID,2026-01-28,2026-01,premium support 2026-01,JE-HAP-2026-01-0818
HAP-2026-01-0819,VEND-011,Hartford Insurance,HAR-2026-01-0819,2026-01-10,2026-02-09,309.54,USD,HPO-2026-01-0819,PAID,2026-01-28,2026-01,warehouse consumables 2026-01,JE-HAP-2026-01-0819
HAP-2026-01-0820,VEND-015,Harbor Electric,HAR-2026-01-0820,2026-01-10,2026-02-09,121.65,USD,HPO-2026-01-0820,PAID,2026-01-28,2026-01,security monitoring hosts 2026-01,JE-HAP-2026-01-0820
HAP-2026-01-0821,VEND-019,Freightline Logistics,FRE-2026-01-0821,2026-01-10,2026-02-09,16.76,USD,HPO-2026-01-0821,PAID,2026-01-28,2026-01,usage overage block 2026-01,JE-HAP-2026-01-0821
HAP-2026-01-0822,VEND-023,Notion Labs,NOT-2026-01-0822,2026-01-10,2026-02-09,5401.87,USD,HPO-2026-01-0822,PAID,2026-01-28,2026-01,premium support 2026-01,JE-HAP-2026-01-0822
HAP-2026-01-0823,VEND-027,Zoom Video,ZOO-2026-01-0823,2026-01-10,2026-02-09,194.48,USD,HPO-2026-01-0823,PAID,2026-01-28,2026-01,warehouse consumables 2026-01,JE-HAP-2026-01-0823
HAP-2026-01-0824,VEND-031,Helios Hardware Supply,HEL-2026-01-0824,2026-01-10,2026-02-09,86.09,USD,HPO-2026-01-0824,PAID,2026-01-28,2026-01,security monitoring hosts 2026-01,JE-HAP-2026-01-0824
HAP-2026-01-0825,VEND-035,ADP,ADP-2026-01-0825,2026-01-10,2026-02-09,137.2,USD,HPO-2026-01-0825,PAID,2026-01-28,2026-01,usage overage block 2026-01,JE-HAP-2026-01-0825
HAP-2026-01-0826,VEND-039,CleanRoom Janitorial,CLE-2026-01-0826,2026-01-10,2026-02-09,19802.31,USD,HPO-2026-01-0826,PAID,2026-01-28,2026-01,premium support 2026-01,JE-HAP-2026-01-0826
HAP-2026-01-0827,VEND-043,Adyen NV,ADY-2026-01-0827,2026-01-10,2026-02-09,79.42,USD,HPO-2026-01-0827,PAID,2026-01-28,2026-01,warehouse consumables 2026-01,JE-HAP-2026-01-0827
HAP-2026-01-0828,VEND-047,Carta,CAR-2026-01-0828,2026-01-10,2026-02-09,48.0,USD,HPO-2026-01-0828,PAID,2026-01-28,2026-01,security monitoring hosts 2026-01,JE-HAP-2026-01-0828
HAP-2026-01-0829,VEND-039,CleanRoom Janitorial,CLE-2026-01-0829,2026-01-11,2026-02-10,192.61,USD,HPO-2026-01-0829,PAID,2026-01-29,2026-01,warehouse consumables 2026-01,JE-HAP-2026-01-0829
HAP-2026-01-0830,VEND-043,Adyen NV,ADY-2026-01-0830,2026-01-11,2026-02-10,84.22,USD,HPO-2026-01-0830,PAID,2026-01-29,2026-01,security monitoring hosts 2026-01,JE-HAP-2026-01-0830
HAP-2026-01-0831,VEND-047,Carta,CAR-2026-01-0831,2026-01-11,2026-02-10,135.33,USD,HPO-2026-01-0831,PAID,2026-01-29,2026-01,usage overage block 2026-01,JE-HAP-2026-01-0831
HAP-2026-01-0832,VEND-001,Acme Supplies,ACM-2026-01-0832,2026-01-11,2026-02-10,19800.44,USD,HPO-2026-01-0832,PAID,2026-01-29,2026-01,premium support 2026-01,JE-HAP-2026-01-0832
HAP-2026-01-0833,VEND-003,Northline Fabrication,NOR-2026-01-0833,2026-01-11,2026-02-10,77.55,USD,HPO-2026-01-0833,PAID,2026-01-29,2026-01,warehouse consumables 2026-01,JE-HAP-2026-01-0833
HAP-2026-01-0834,VEND-007,Slack Technologies,SLA-2026-01-0834,2026-01-11,2026-02-10,48.66,USD,HPO-2026-01-0834,PAID,2026-01-29,2026-01,security monitoring hosts 2026-01,JE-HAP-2026-01-0834
HAP-2026-01-0835,VEND-012,Orbit Analytics,ORB-2026-01-0835,2026-01-11,2026-02-10,90.77,USD,HPO-2026-01-0835,PAID,2026-01-29,2026-01,usage overage block 2026-01,JE-HAP-2026-01-0835
HAP-2026-01-0836,VEND-016,Lindholm & Ruiz LLP,LIN-2026-01-0836,2026-01-11,2026-02-10,14400.88,USD,HPO-2026-01-0836,PAID,2026-01-29,2026-01,premium support 2026-01,JE-HAP-2026-01-0836
HAP-2026-01-0837,VEND-020,Lenovo,LEN-2026-01-0837,2026-01-11,2026-02-10,385.99,USD,HPO-2026-01-0837,PAID,2026-01-29,2026-01,warehouse consumables 2026-01,JE-HAP-2026-01-0837
HAP-2026-01-0838,VEND-024,Snowflake,SNO-2026-01-0838,2026-01-11,2026-02-10,13.1,USD,HPO-2026-01-0838,PAID,2026-01-29,2026-01,security monitoring hosts 2026-01,JE-HAP-2026-01-0838
HAP-2026-01-0839,VEND-028,Atlassian,ATL-2026-01-0839,2026-01-11,2026-02-10,46.21,USD,HPO-2026-01-0839,PAID,2026-01-29,2026-01,usage overage block 2026-01,JE-HAP-2026-01-0839
HAP-2026-01-0840,VEND-032,Harbor Power & Light,HAR-2026-01-0840,2026-01-11,2026-02-10,9001.32,USD,HPO-2026-01-0840,PAID,2026-01-29,2026-01,premium support 2026-01,JE-HAP-2026-01-0840
HAP-2026-01-0841,VEND-024,Snowflake,SNO-2026-01-0841,2026-01-12,2026-02-11,91.43,USD,HPO-2026-01-0841,PAID,2026-01-30,2026-01,usage overage block 2026-01,JE-HAP-2026-01-0841
HAP-2026-01-0842,VEND-028,Atlassian,ATL-2026-01-0842,2026-01-12,2026-02-11,14401.54,USD,HPO-2026-01-0842,PAID,2026-01-30,2026-01,premium support 2026-01,JE-HAP-2026-01-0842
HAP-2026-01-0843,VEND-032,Harbor Power & Light,HAR-2026-01-0843,2026-01-12,2026-02-11,386.65,USD,HPO-2026-01-0843,PAID,2026-01-30,2026-01,warehouse consumables 2026-01,JE-HAP-2026-01-0843
HAP-2026-01-0844,VEND-036,WeWork Cambridge,WEW-2026-01-0844,2026-01-12,2026-02-11,13.76,USD,HPO-2026-01-0844,PAID,2026-01-30,2026-01,security monitoring hosts 2026-01,JE-HAP-2026-01-0844
HAP-2026-01-0845,VEND-040,Kendall Square Parking,KEN-2026-01-0845,2026-01-12,2026-02-11,46.87,USD,HPO-2026-01-0845,PAID,2026-01-30,2026-01,usage overage block 2026-01,JE-HAP-2026-01-0845
HAP-2026-01-0846,VEND-044,DocuSign,DOC-2026-01-0846,2026-01-12,2026-02-11,9001.98,USD,HPO-2026-01-0846,PAID,2026-01-30,2026-01,premium support 2026-01,JE-HAP-2026-01-0846
HAP-2026-01-0847,VEND-048,Gusto Payroll,GUS-2026-01-0847,2026-01-12,2026-02-11,271.59,USD,HPO-2026-01-0847,PAID,2026-01-30,2026-01,warehouse consumables 2026-01,JE-HAP-2026-01-0847
HAP-2026-01-0848,VEND-001-DUP,Acme Supplies LLC,ACM-2026-01-0848,2026-01-12,2026-02-11,110.2,USD,HPO-2026-01-0848,PAID,2026-01-30,2026-01,security monitoring hosts 2026-01,JE-HAP-2026-01-0848
HAP-2026-01-0849,VEND-004,Office Depot,OFF-2026-01-0849,2026-01-12,2026-02-11,167.31,USD,HPO-2026-01-0849,PAID,2026-01-30,2026-01,usage overage block 2026-01,JE-HAP-2026-01-0849
HAP-2026-01-0850,VEND-008,Figma,FIG-2026-01-0850,2026-01-12,2026-02-11,3602.42,USD,HPO-2026-01-0850,PAID,2026-01-30,2026-01,premium support 2026-01,JE-HAP-2026-01-0850
HAP-2026-01-0851,VEND-013,Cambridge Properties,CAM-2026-01-0851,2026-01-12,2026-02-11,154.0,USD,HPO-2026-01-0851,PAID,2026-01-30,2026-01,warehouse consumables 2026-01,JE-HAP-2026-01-0851
HAP-2026-01-0852,VEND-017,GitHub,GIT-2026-01-0852,2026-01-12,2026-02-11,72.11,USD,HPO-2026-01-0852,PAID,2026-01-30,2026-01,security monitoring hosts 2026-01,JE-HAP-2026-01-0852
HAP-2026-01-0853,VEND-008,Figma,FIG-2026-01-0853,2026-01-13,2026-02-12,269.72,USD,HPO-2026-01-0853,PAID,2026-01-31,2026-01,warehouse consumables 2026-01,JE-HAP-2026-01-0853
HAP-2026-01-0854,VEND-013,Cambridge Properties,CAM-2026-01-0854,2026-01-13,2026-02-12,108.33,USD,HPO-2026-01-0854,PAID,2026-01-31,2026-01,security monitoring hosts 2026-01,JE-HAP-2026-01-0854
HAP-2026-01-0855,VEND-017,GitHub,GIT-2026-01-0855,2026-01-13,2026-02-12,165.44,USD,HPO-2026-01-0855,PAID,2026-01-31,2026-01,usage overage block 2026-01,JE-HAP-2026-01-0855
HAP-2026-01-0856,VEND-021,Misc Supplies,MIS-2026-01-0856,2026-01-13,2026-02-12,3600.55,USD,HPO-2026-01-0856,PAID,2026-01-31,2026-01,premium support 2026-01,JE-HAP-2026-01-0856
HAP-2026-01-0857,VEND-025,Okta,OKT-2026-01-0857,2026-01-13,2026-02-12,154.66,USD,HPO-2026-01-0857,PAID,2026-01-31,2026-01,warehouse consumables 2026-01,JE-HAP-2026-01-0857
HAP-2026-01-0858,VEND-029,Cloudflare,CLO-2026-01-0858,2026-01-13,2026-02-12,72.77,USD,HPO-2026-01-0858,PAID,2026-01-31,2026-01,security monitoring hosts 2026-01,JE-HAP-2026-01-0858
HAP-2026-01-0859,VEND-033,Staples Business Advantage,STA-2026-01-0859,2026-01-13,2026-02-12,120.88,USD,HPO-2026-01-0859,PAID,2026-01-31,2026-01,usage overage block 2026-01,JE-HAP-2026-01-0859
HAP-2026-01-0860,VEND-037,Comcast Business,COM-2026-01-0860,2026-01-13,2026-02-12,18000.99,USD,HPO-2026-01-0860,PAID,2026-01-31,2026-01,premium support 2026-01,JE-HAP-2026-01-0860
HAP-2026-01-0861,VEND-041,HubSpot,HUB-2026-01-0861,2026-01-13,2026-02-12,39.6,USD,HPO-2026-01-0861,PAID,2026-01-31,2026-01,warehouse consumables 2026-01,JE-HAP-2026-01-0861
HAP-2026-01-0862,VEND-045,Palo Alto Networks,PAL-2026-01-0862,2026-01-13,2026-02-12,37.21,USD,HPO-2026-01-0862,PAID,2026-01-31,2026-01,security monitoring hosts 2026-01,JE-HAP-2026-01-0862
HAP-2026-01-0863,VEND-049,Vanta,VAN-2026-01-0863,2026-01-13,2026-02-12,76.32,USD,HPO-2026-01-0863,PAID,2026-01-31,2026-01,usage overage block 2026-01,JE-HAP-2026-01-0863
HAP-2026-01-0864,VEND-001-ALIAS,Acme Supply Co.,ACM-2026-01-0864,2026-01-13,2026-02-12,12601.43,USD,HPO-2026-01-0864,PAID,2026-01-31,2026-01,premium support 2026-01,JE-HAP-2026-01-0864
HAP-2026-01-0865,VEND-045,Palo Alto Networks,PAL-2026-01-0865,2026-01-14,2026-02-13,121.54,USD,HPO-2026-01-0865,PAID,2026-01-31,2026-01,usage overage block 2026-01,JE-HAP-2026-01-0865
HAP-2026-01-0866,VEND-049,Vanta,VAN-2026-01-0866,2026-01-14,2026-02-13,18001.65,USD,HPO-2026-01-0866,PAID,2026-01-31,2026-01,premium support 2026-01,JE-HAP-2026-01-0866
HAP-2026-01-0867,VEND-001-ALIAS,Acme Supply Co.,ACM-2026-01-0867,2026-01-14,2026-02-13,40.26,USD,HPO-2026-01-0867,PAID,2026-01-31,2026-01,warehouse consumables 2026-01,JE-HAP-2026-01-0867
HAP-2026-01-0868,VEND-005,Helios Hardware,HEL-2026-01-0868,2026-01-14,2026-02-13,37.87,USD,HPO-2026-01-0868,PAID,2026-01-31,2026-01,security monitoring hosts 2026-01,JE-HAP-2026-01-0868
HAP-2026-01-0869,VEND-009,Google Cloud,GOO-2026-01-0869,2026-01-14,2026-02-13,76.98,USD,HPO-2026-01-0869,PAID,2026-01-31,2026-01,usage overage block 2026-01,JE-HAP-2026-01-0869
HAP-2026-01-0870,VEND-014,Dell Technologies,DEL-2026-01-0870,2026-01-14,2026-02-13,12602.09,USD,HPO-2026-01-0870,PAID,2026-01-31,2026-01,premium support 2026-01,JE-HAP-2026-01-0870
HAP-2026-01-0871,VEND-018,Shadow Vendor LLC,SHA-2026-01-0871,2026-01-14,2026-02-13,348.7,USD,HPO-2026-01-0871,PAID,2026-01-31,2026-01,warehouse consumables 2026-01,JE-HAP-2026-01-0871
HAP-2026-01-0872,VEND-022,Twilio,TWI-2026-01-0872,2026-01-14,2026-02-13,134.31,USD,HPO-2026-01-0872,PAID,2026-01-31,2026-01,security monitoring hosts 2026-01,JE-HAP-2026-01-0872
HAP-2026-01-0873,VEND-026,CrowdStrike,CRO-2026-01-0873,2026-01-14,2026-02-13,32.42,USD,HPO-2026-01-0873,PAID,2026-01-31,2026-01,usage overage block 2026-01,JE-HAP-2026-01-0873
HAP-2026-01-0874,VEND-030,Northline Fab Group,NOR-2026-01-0874,2026-01-14,2026-02-13,7200.0,USD,HPO-2026-01-0874,PAID,2026-01-31,2026-01,premium support 2026-01,JE-HAP-2026-01-0874
HAP-2026-01-0875,VEND-034,FedEx,FED-2026-01-0875,2026-01-14,2026-02-13,231.11,USD,HPO-2026-01-0875,PAID,2026-01-31,2026-01,warehouse consumables 2026-01,JE-HAP-2026-01-0875
HAP-2026-01-0876,VEND-038,Pagaya Coffee Service,PAG-2026-01-0876,2026-01-14,2026-02-13,96.22,USD,HPO-2026-01-0876,PAID,2026-01-31,2026-01,security monitoring hosts 2026-01,JE-HAP-2026-01-0876
HAP-2026-01-0877,VEND-030,Northline Fab Group,NOR-2026-01-0877,2026-01-15,2026-02-14,346.83,USD,HPO-2026-01-0877,PAID,2026-01-31,2026-01,warehouse consumables 2026-01,JE-HAP-2026-01-0877
HAP-2026-01-0878,VEND-034,FedEx,FED-2026-01-0878,2026-01-15,2026-02-14,132.44,USD,HPO-2026-01-0878,PAID,2026-01-31,2026-01,security monitoring hosts 2026-01,JE-HAP-2026-01-0878
HAP-2026-01-0879,VEND-038,Pagaya Coffee Service,PAG-2026-01-0879,2026-01-15,2026-02-14,30.55,USD,HPO-2026-01-0879,PAID,2026-01-31,2026-01,usage overage block 2026-01,JE-HAP-2026-01-0879
HAP-2026-01-0880,VEND-042,Stripe Processing,STR-2026-01-0880,2026-01-15,2026-02-14,7200.66,USD,HPO-2026-01-0880,PAID,2026-01-31,2026-01,premium support 2026-01,JE-HAP-2026-01-0880
HAP-2026-01-0881,VEND-046,Boston Edison Steam,BOS-2026-01-0881,2026-01-15,2026-02-14,231.77,USD,HPO-2026-01-0881,PAID,2026-01-31,2026-01,warehouse consumables 2026-01,JE-HAP-2026-01-0881
HAP-2026-01-0882,VEND-050,Linear App,LIN-2026-01-0882,2026-01-15,2026-02-14,96.88,USD,HPO-2026-01-0882,PAID,2026-01-31,2026-01,security monitoring hosts 2026-01,JE-HAP-2026-01-0882
HAP-2026-01-0883,VEND-002,Amazon Web Services,AMA-2026-01-0883,2026-01-15,2026-02-14,150.99,USD,HPO-2026-01-0883,PAID,2026-01-31,2026-01,usage overage block 2026-01,JE-HAP-2026-01-0883
HAP-2026-01-0884,VEND-006,Datadog,DAT-2026-01-0884,2026-01-15,2026-02-14,1801.1,USD,HPO-2026-01-0884,PAID,2026-01-31,2026-01,premium support 2026-01,JE-HAP-2026-01-0884
HAP-2026-01-0885,VEND-011,Hartford Insurance,HAR-2026-01-0885,2026-01-15,2026-02-14,116.71,USD,HPO-2026-01-0885,PAID,2026-01-31,2026-01,warehouse consumables 2026-01,JE-HAP-2026-01-0885
HAP-2026-01-0886,VEND-015,Harbor Electric,HAR-2026-01-0886,2026-01-15,2026-02-14,61.32,USD,HPO-2026-01-0886,PAID,2026-01-31,2026-01,security monitoring hosts 2026-01,JE-HAP-2026-01-0886
HAP-2026-01-0887,VEND-019,Freightline Logistics,FRE-2026-01-0887,2026-01-15,2026-02-14,106.43,USD,HPO-2026-01-0887,PAID,2026-01-31,2026-01,usage overage block 2026-01,JE-HAP-2026-01-0887
HAP-2026-01-0888,VEND-023,Notion Labs,NOT-2026-01-0888,2026-01-15,2026-02-14,16201.54,USD,HPO-2026-01-0888,PAID,2026-01-31,2026-01,premium support 2026-01,JE-HAP-2026-01-0888
HAP-2026-01-0889,VEND-015,Harbor Electric,HAR-2026-01-0889,2026-01-16,2026-02-15,151.65,USD,HPO-2026-01-0889,PAID,2026-01-31,2026-01,usage overage block 2026-01,JE-HAP-2026-01-0889
HAP-2026-01-0890,VEND-019,Freightline Logistics,FRE-2026-01-0890,2026-01-16,2026-02-15,1801.76,USD,HPO-2026-01-0890,PAID,2026-01-31,2026-01,premium support 2026-01,JE-HAP-2026-01-0890
HAP-2026-01-0891,VEND-023,Notion Labs,NOT-2026-01-0891,2026-01-16,2026-02-15,117.37,USD,HPO-2026-01-0891,PAID,2026-01-31,2026-01,warehouse consumables 2026-01,JE-HAP-2026-01-0891
HAP-2026-01-0892,VEND-027,Zoom Video,ZOO-2026-01-0892,2026-01-16,2026-02-15,61.98,USD,HPO-2026-01-0892,PAID,2026-01-31,2026-01,security monitoring hosts 2026-01,JE-HAP-2026-01-0892
HAP-2026-01-0893,VEND-031,Helios Hardware Supply,HEL-2026-01-0893,2026-01-16,2026-02-15,107.09,USD,HPO-2026-01-0893,PAID,2026-01-31,2026-01,usage overage block 2026-01,JE-HAP-2026-01-0893
HAP-2026-01-0894,VEND-035,ADP,ADP-2026-01-0894,2026-01-16,2026-02-15,16202.2,USD,HPO-2026-01-0894,PAID,2026-01-31,2026-01,premium support 2026-01,JE-HAP-2026-01-0894
HAP-2026-01-0895,VEND-039,CleanRoom Janitorial,CLE-2026-01-0895,2026-01-16,2026-02-15,425.81,USD,HPO-2026-01-0895,PAID,2026-01-31,2026-01,warehouse consumables 2026-01,JE-HAP-2026-01-0895
HAP-2026-01-0896,VEND-043,Adyen NV,ADY-2026-01-0896,2026-01-16,2026-02-15,26.42,USD,HPO-2026-01-0896,PAID,2026-01-31,2026-01,security monitoring hosts 2026-01,JE-HAP-2026-01-0896
HAP-2026-01-0897,VEND-047,Carta,CAR-2026-01-0897,2026-01-16,2026-02-15,60.0,USD,HPO-2026-01-0897,PAID,2026-01-31,2026-01,usage overage block 2026-01,JE-HAP-2026-01-0897
HAP-2026-01-0898,VEND-001,Acme Supplies,ACM-2026-01-0898,2026-01-16,2026-02-15,10800.11,USD,HPO-2026-01-0898,PAID,2026-01-31,2026-01,premium support 2026-01,JE-HAP-2026-01-0898
HAP-2026-01-0899,VEND-003,Northline Fabrication,NOR-2026-01-0899,2026-01-16,2026-02-15,308.22,USD,HPO-2026-01-0899,PAID,2026-01-31,2026-01,warehouse consumables 2026-01,JE-HAP-2026-01-0899
HAP-2026-01-0900,VEND-007,Slack Technologies,SLA-2026-01-0900,2026-01-16,2026-02-15,120.33,USD,HPO-2026-01-0900,PAID,2026-01-31,2026-01,security monitoring hosts 2026-01,JE-HAP-2026-01-0900
HAP-2026-01-0901,VEND-001,Acme Supplies,ACM-2026-01-0901,2026-01-17,2026-02-16,423.94,USD,HPO-2026-01-0901,PAID,2026-01-31,2026-01,warehouse consumables 2026-01,JE-HAP-2026-01-0901
HAP-2026-01-0902,VEND-003,Northline Fabrication,NOR-2026-01-0902,2026-01-17,2026-02-16,24.55,USD,HPO-2026-01-0902,PAID,2026-01-31,2026-01,security monitoring hosts 2026-01,JE-HAP-2026-01-0902
HAP-2026-01-0903,VEND-007,Slack Technologies,SLA-2026-01-0903,2026-01-17,2026-02-16,60.66,USD,HPO-2026-01-0903,PAID,2026-01-31,2026-01,usage overage block 2026-01,JE-HAP-2026-01-0903
HAP-2026-01-0904,VEND-012,Orbit Analytics,ORB-2026-01-0904,2026-01-17,2026-02-16,10800.77,USD,HPO-2026-01-0904,PAID,2026-01-31,2026-01,premium support 2026-01,JE-HAP-2026-01-0904
HAP-2026-01-0905,VEND-016,Lindholm & Ruiz LLP,LIN-2026-01-0905,2026-01-17,2026-02-16,308.88,USD,HPO-2026-01-0905,PAID,2026-01-31,2026-01,warehouse consumables 2026-01,JE-HAP-2026-01-0905
HAP-2026-01-0906,VEND-020,Lenovo,LEN-2026-01-0906,2026-01-17,2026-02-16,120.99,USD,HPO-2026-01-0906,PAID,2026-01-31,2026-01,security monitoring hosts 2026-01,JE-HAP-2026-01-0906
HAP-2026-01-0907,VEND-024,Snowflake,SNO-2026-01-0907,2026-01-17,2026-02-16,16.1,USD,HPO-2026-01-0907,PAID,2026-01-31,2026-01,usage overage block 2026-01,JE-HAP-2026-01-0907
HAP-2026-01-0908,VEND-028,Atlassian,ATL-2026-01-0908,2026-01-17,2026-02-16,5401.21,USD,HPO-2026-01-0908,PAID,2026-01-31,2026-01,premium support 2026-01,JE-HAP-2026-01-0908
HAP-2026-01-0909,VEND-032,Harbor Power & Light,HAR-2026-01-0909,2026-01-17,2026-02-16,193.82,USD,HPO-2026-01-0909,PAID,2026-01-31,2026-01,warehouse consumables 2026-01,JE-HAP-2026-01-0909
HAP-2026-01-0910,VEND-036,WeWork Cambridge,WEW-2026-01-0910,2026-01-17,2026-02-16,85.43,USD,HPO-2026-01-0910,PAID,2026-01-31,2026-01,security monitoring hosts 2026-01,JE-HAP-2026-01-0910
HAP-2026-01-0911,VEND-040,Kendall Square Parking,KEN-2026-01-0911,2026-01-17,2026-02-16,136.54,USD,HPO-2026-01-0911,PAID,2026-01-31,2026-01,usage overage block 2026-01,JE-HAP-2026-01-0911
HAP-2026-01-0912,VEND-044,DocuSign,DOC-2026-01-0912,2026-01-17,2026-02-16,19801.65,USD,HPO-2026-01-0912,PAID,2026-01-31,2026-01,premium support 2026-01,JE-HAP-2026-01-0912
HAP-2026-01-0913,VEND-036,WeWork Cambridge,WEW-2026-01-0913,2026-01-18,2026-02-17,16.76,USD,HPO-2026-01-0913,PAID,2026-01-31,2026-01,usage overage block 2026-01,JE-HAP-2026-01-0913
HAP-2026-01-0914,VEND-040,Kendall Square Parking,KEN-2026-01-0914,2026-01-18,2026-02-17,5401.87,USD,HPO-2026-01-0914,PAID,2026-01-31,2026-01,premium support 2026-01,JE-HAP-2026-01-0914
HAP-2026-01-0915,VEND-044,DocuSign,DOC-2026-01-0915,2026-01-18,2026-02-17,194.48,USD,HPO-2026-01-0915,PAID,2026-01-31,2026-01,warehouse consumables 2026-01,JE-HAP-2026-01-0915
HAP-2026-01-0916,VEND-048,Gusto Payroll,GUS-2026-01-0916,2026-01-18,2026-02-17,86.09,USD,HPO-2026-01-0916,PAID,2026-01-31,2026-01,security monitoring hosts 2026-01,JE-HAP-2026-01-0916
HAP-2026-01-0917,VEND-001-DUP,Acme Supplies LLC,ACM-2026-01-0917,2026-01-18,2026-02-17,137.2,USD,HPO-2026-01-0917,PAID,2026-01-31,2026-01,usage overage block 2026-01,JE-HAP-2026-01-0917
HAP-2026-01-0918,VEND-004,Office Depot,OFF-2026-01-0918,2026-01-18,2026-02-17,19802.31,USD,HPO-2026-01-0918,PAID,2026-01-31,2026-01,premium support 2026-01,JE-HAP-2026-01-0918
HAP-2026-01-0919,VEND-008,Figma,FIG-2026-01-0919,2026-01-18,2026-02-17,79.42,USD,HPO-2026-01-0919,PAID,2026-01-31,2026-01,warehouse consumables 2026-01,JE-HAP-2026-01-0919
HAP-2026-01-0920,VEND-013,Cambridge Properties,CAM-2026-01-0920,2026-01-18,2026-02-17,48.0,USD,HPO-2026-01-0920,PAID,2026-01-31,2026-01,security monitoring hosts 2026-01,JE-HAP-2026-01-0920
HAP-2026-01-0921,VEND-017,GitHub,GIT-2026-01-0921,2026-01-18,2026-02-17,90.11,USD,HPO-2026-01-0921,PAID,2026-01-31,2026-01,usage overage block 2026-01,JE-HAP-2026-01-0921
HAP-2026-01-0922,VEND-021,Misc Supplies,MIS-2026-01-0922,2026-01-18,2026-02-17,14400.22,USD,HPO-2026-01-0922,PAID,2026-01-31,2026-01,premium support 2026-01,JE-HAP-2026-01-0922
HAP-2026-01-0923,VEND-025,Okta,OKT-2026-01-0923,2026-01-18,2026-02-17,385.33,USD,HPO-2026-01-0923,PAID,2026-01-31,2026-01,warehouse consumables 2026-01,JE-HAP-2026-01-0923
HAP-2026-01-0924,VEND-029,Cloudflare,CLO-2026-01-0924,2026-01-18,2026-02-17,12.44,USD,HPO-2026-01-0924,PAID,2026-01-31,2026-01,security monitoring hosts 2026-01,JE-HAP-2026-01-0924
HAP-2026-01-0925,VEND-021,Misc Supplies,MIS-2026-01-0925,2026-01-19,2026-02-18,77.55,USD,HPO-2026-01-0925,PAID,2026-01-31,2026-01,warehouse consumables 2026-01,JE-HAP-2026-01-0925
HAP-2026-01-0926,VEND-025,Okta,OKT-2026-01-0926,2026-01-19,2026-02-18,48.66,USD,HPO-2026-01-0926,PAID,2026-01-31,2026-01,security monitoring hosts 2026-01,JE-HAP-2026-01-0926
HAP-2026-01-0927,VEND-029,Cloudflare,CLO-2026-01-0927,2026-01-19,2026-02-18,90.77,USD,HPO-2026-01-0927,PAID,2026-01-31,2026-01,usage overage block 2026-01,JE-HAP-2026-01-0927
HAP-2026-01-0928,VEND-033,Staples Business Advantage,STA-2026-01-0928,2026-01-19,2026-02-18,14400.88,USD,HPO-2026-01-0928,PAID,2026-01-31,2026-01,premium support 2026-01,JE-HAP-2026-01-0928
HAP-2026-01-0929,VEND-037,Comcast Business,COM-2026-01-0929,2026-01-19,2026-02-18,385.99,USD,HPO-2026-01-0929,PAID,2026-01-31,2026-01,warehouse consumables 2026-01,JE-HAP-2026-01-0929
HAP-2026-01-0930,VEND-041,HubSpot,HUB-2026-01-0930,2026-01-19,2026-02-18,13.1,USD,HPO-2026-01-0930,PAID,2026-01-31,2026-01,security monitoring hosts 2026-01,JE-HAP-2026-01-0930
HAP-2026-01-0931,VEND-045,Palo Alto Networks,PAL-2026-01-0931,2026-01-19,2026-02-18,46.21,USD,HPO-2026-01-0931,PAID,2026-01-31,2026-01,usage overage block 2026-01,JE-HAP-2026-01-0931
HAP-2026-01-0932,VEND-049,Vanta,VAN-2026-01-0932,2026-01-19,2026-02-18,9001.32,USD,HPO-2026-01-0932,PAID,2026-01-31,2026-01,premium support 2026-01,JE-HAP-2026-01-0932
HAP-2026-01-0933,VEND-001-ALIAS,Acme Supply Co.,ACM-2026-01-0933,2026-01-19,2026-02-18,270.93,USD,HPO-2026-01-0933,PAID,2026-01-31,2026-01,warehouse consumables 2026-01,JE-HAP-2026-01-0933
HAP-2026-01-0934,VEND-005,Helios Hardware,HEL-2026-01-0934,2026-01-19,2026-02-18,109.54,USD,HPO-2026-01-0934,PAID,2026-01-31,2026-01,security monitoring hosts 2026-01,JE-HAP-2026-01-0934
HAP-2026-01-0935,VEND-009,Google Cloud,GOO-2026-01-0935,2026-01-19,2026-02-18,166.65,USD,HPO-2026-01-0935,PAID,2026-01-31,2026-01,usage overage block 2026-01,JE-HAP-2026-01-0935
HAP-2026-01-0936,VEND-014,Dell Technologies,DEL-2026-01-0936,2026-01-19,2026-02-18,3601.76,USD,HPO-2026-01-0936,PAID,2026-01-31,2026-01,premium support 2026-01,JE-HAP-2026-01-0936
HAP-2026-01-0937,VEND-005,Helios Hardware,HEL-2026-01-0937,2026-01-20,2026-02-19,46.87,USD,HPO-2026-01-0937,PAID,2026-01-31,2026-01,usage overage block 2026-01,JE-HAP-2026-01-0937
HAP-2026-01-0938,VEND-009,Google Cloud,GOO-2026-01-0938,2026-01-20,2026-02-19,9001.98,USD,HPO-2026-01-0938,PAID,2026-01-31,2026-01,premium support 2026-01,JE-HAP-2026-01-0938
HAP-2026-01-0939,VEND-014,Dell Technologies,DEL-2026-01-0939,2026-01-20,2026-02-19,271.59,USD,HPO-2026-01-0939,PAID,2026-01-31,2026-01,warehouse consumables 2026-01,JE-HAP-2026-01-0939
HAP-2026-01-0940,VEND-018,Shadow Vendor LLC,SHA-2026-01-0940,2026-01-20,2026-02-19,110.2,USD,HPO-2026-01-0940,PAID,2026-01-31,2026-01,security monitoring hosts 2026-01,JE-HAP-2026-01-0940
HAP-2026-01-0941,VEND-022,Twilio,TWI-2026-01-0941,2026-01-20,2026-02-19,167.31,USD,HPO-2026-01-0941,PAID,2026-01-31,2026-01,usage overage block 2026-01,JE-HAP-2026-01-0941
HAP-2026-01-0942,VEND-026,CrowdStrike,CRO-2026-01-0942,2026-01-20,2026-02-19,3602.42,USD,HPO-2026-01-0942,PAID,2026-01-31,2026-01,premium support 2026-01,JE-HAP-2026-01-0942
HAP-2026-01-0943,VEND-030,Northline Fab Group,NOR-2026-01-0943,2026-01-20,2026-02-19,154.0,USD,HPO-2026-01-0943,PAID,2026-01-31,2026-01,warehouse consumables 2026-01,JE-HAP-2026-01-0943
HAP-2026-01-0944,VEND-034,FedEx,FED-2026-01-0944,2026-01-20,2026-02-19,72.11,USD,HPO-2026-01-0944,PAID,2026-01-31,2026-01,security monitoring hosts 2026-01,JE-HAP-2026-01-0944
HAP-2026-01-0945,VEND-038,Pagaya Coffee Service,PAG-2026-01-0945,2026-01-20,2026-02-19,120.22,USD,HPO-2026-01-0945,PAID,2026-01-31,2026-01,usage overage block 2026-01,JE-HAP-2026-01-0945
HAP-2026-01-0946,VEND-042,Stripe Processing,STR-2026-01-0946,2026-01-20,2026-02-19,18000.33,USD,HPO-2026-01-0946,PAID,2026-01-31,2026-01,premium support 2026-01,JE-HAP-2026-01-0946
HAP-2026-01-0947,VEND-046,Boston Edison Steam,BOS-2026-01-0947,2026-01-20,2026-02-19,38.94,USD,HPO-2026-01-0947,PAID,2026-01-31,2026-01,warehouse consumables 2026-01,JE-HAP-2026-01-0947
HAP-2026-01-0948,VEND-050,Linear App,LIN-2026-01-0948,2026-01-20,2026-02-19,36.55,USD,HPO-2026-01-0948,PAID,2026-01-31,2026-01,security monitoring hosts 2026-01,JE-HAP-2026-01-0948
HAP-2026-01-0949,VEND-042,Stripe Processing,STR-2026-01-0949,2026-01-21,2026-02-20,154.66,USD,HPO-2026-01-0949,PAID,2026-01-31,2026-01,warehouse consumables 2026-01,JE-HAP-2026-01-0949
HAP-2026-01-0950,VEND-046,Boston Edison Steam,BOS-2026-01-0950,2026-01-21,2026-02-20,72.77,USD,HPO-2026-01-0950,PAID,2026-01-31,2026-01,security monitoring hosts 2026-01,JE-HAP-2026-01-0950
HAP-2026-01-0951,VEND-050,Linear App,LIN-2026-01-0951,2026-01-21,2026-02-20,120.88,USD,HPO-2026-01-0951,PAID,2026-01-31,2026-01,usage overage block 2026-01,JE-HAP-2026-01-0951
HAP-2026-01-0952,VEND-002,Amazon Web Services,AMA-2026-01-0952,2026-01-21,2026-02-20,18000.99,USD,HPO-2026-01-0952,PAID,2026-01-31,2026-01,premium support 2026-01,JE-HAP-2026-01-0952
HAP-2026-01-0953,VEND-006,Datadog,DAT-2026-01-0953,2026-01-21,2026-02-20,39.6,USD,HPO-2026-01-0953,PAID,2026-01-31,2026-01,warehouse consumables 2026-01,JE-HAP-2026-01-0953
HAP-2026-01-0954,VEND-011,Hartford Insurance,HAR-2026-01-0954,2026-01-21,2026-02-20,37.21,USD,HPO-2026-01-0954,PAID,2026-01-31,2026-01,security monitoring hosts 2026-01,JE-HAP-2026-01-0954
HAP-2026-01-0955,VEND-015,Harbor Electric,HAR-2026-01-0955,2026-01-21,2026-02-20,76.32,USD,HPO-2026-01-0955,PAID,2026-01-31,2026-01,usage overage block 2026-01,JE-HAP-2026-01-0955
HAP-2026-01-0956,VEND-019,Freightline Logistics,FRE-2026-01-0956,2026-01-21,2026-02-20,12601.43,USD,HPO-2026-01-0956,PAID,2026-01-31,2026-01,premium support 2026-01,JE-HAP-2026-01-0956
HAP-2026-01-0957,VEND-023,Notion Labs,NOT-2026-01-0957,2026-01-21,2026-02-20,348.04,USD,HPO-2026-01-0957,PAID,2026-01-31,2026-01,warehouse consumables 2026-01,JE-HAP-2026-01-0957
HAP-2026-01-0958,VEND-027,Zoom Video,ZOO-2026-01-0958,2026-01-21,2026-02-20,133.65,USD,HPO-2026-01-0958,PAID,2026-01-31,2026-01,security monitoring hosts 2026-01,JE-HAP-2026-01-0958
HAP-2026-01-0959,VEND-031,Helios Hardware Supply,HEL-2026-01-0959,2026-01-21,2026-02-20,31.76,USD,HPO-2026-01-0959,PAID,2026-01-31,2026-01,usage overage block 2026-01,JE-HAP-2026-01-0959
HAP-2026-01-0960,VEND-035,ADP,ADP-2026-01-0960,2026-01-21,2026-02-20,7201.87,USD,HPO-2026-01-0960,PAID,2026-01-31,2026-01,premium support 2026-01,JE-HAP-2026-01-0960
HAP-2026-02-0961,VEND-027,Zoom Video,ZOO-2026-02-0961,2026-02-02,2026-03-04,76.98,USD,HPO-2026-02-0961,PAID,2026-02-20,2026-02,usage overage block 2026-02,JE-HAP-2026-02-0961
HAP-2026-02-0962,VEND-031,Helios Hardware Supply,HEL-2026-02-0962,2026-02-02,2026-03-04,12602.09,USD,HPO-2026-02-0962,PAID,2026-02-20,2026-02,premium support 2026-02,JE-HAP-2026-02-0962
HAP-2026-02-0963,VEND-035,ADP,ADP-2026-02-0963,2026-02-02,2026-03-04,348.7,USD,HPO-2026-02-0963,PAID,2026-02-20,2026-02,warehouse consumables 2026-02,JE-HAP-2026-02-0963
HAP-2026-02-0964,VEND-039,CleanRoom Janitorial,CLE-2026-02-0964,2026-02-02,2026-03-04,134.31,USD,HPO-2026-02-0964,PAID,2026-02-20,2026-02,security monitoring hosts 2026-02,JE-HAP-2026-02-0964
HAP-2026-02-0965,VEND-043,Adyen NV,ADY-2026-02-0965,2026-02-02,2026-03-04,32.42,USD,HPO-2026-02-0965,PAID,2026-02-20,2026-02,usage overage block 2026-02,JE-HAP-2026-02-0965
HAP-2026-02-0966,VEND-047,Carta,CAR-2026-02-0966,2026-02-02,2026-03-04,7200.0,USD,HPO-2026-02-0966,PAID,2026-02-20,2026-02,premium support 2026-02,JE-HAP-2026-02-0966
HAP-2026-02-0967,VEND-001,Acme Supplies,ACM-2026-02-0967,2026-02-02,2026-03-04,231.11,USD,HPO-2026-02-0967,PAID,2026-02-20,2026-02,warehouse consumables 2026-02,JE-HAP-2026-02-0967
HAP-2026-02-0968,VEND-003,Northline Fabrication,NOR-2026-02-0968,2026-02-02,2026-03-04,96.22,USD,HPO-2026-02-0968,PAID,2026-02-20,2026-02,security monitoring hosts 2026-02,JE-HAP-2026-02-0968
HAP-2026-02-0969,VEND-007,Slack Technologies,SLA-2026-02-0969,2026-02-02,2026-03-04,150.33,USD,HPO-2026-02-0969,PAID,2026-02-20,2026-02,usage overage block 2026-02,JE-HAP-2026-02-0969
HAP-2026-02-0970,VEND-012,Orbit Analytics,ORB-2026-02-0970,2026-02-02,2026-03-04,1800.44,USD,HPO-2026-02-0970,PAID,2026-02-20,2026-02,premium support 2026-02,JE-HAP-2026-02-0970
HAP-2026-02-0971,VEND-016,Lindholm & Ruiz LLP,LIN-2026-02-0971,2026-02-02,2026-03-04,116.05,USD,HPO-2026-02-0971,PAID,2026-02-20,2026-02,warehouse consumables 2026-02,JE-HAP-2026-02-0971
HAP-2026-02-0972,VEND-020,Lenovo,LEN-2026-02-0972,2026-02-02,2026-03-04,60.66,USD,HPO-2026-02-0972,PAID,2026-02-20,2026-02,security monitoring hosts 2026-02,JE-HAP-2026-02-0972
HAP-2026-02-0973,VEND-012,Orbit Analytics,ORB-2026-02-0973,2026-02-03,2026-03-05,231.77,USD,HPO-2026-02-0973,PAID,2026-02-21,2026-02,warehouse consumables 2026-02,JE-HAP-2026-02-0973
HAP-2026-02-0974,VEND-016,Lindholm & Ruiz LLP,LIN-2026-02-0974,2026-02-03,2026-03-05,96.88,USD,HPO-2026-02-0974,PAID,2026-02-21,2026-02,security monitoring hosts 2026-02,JE-HAP-2026-02-0974
HAP-2026-02-0975,VEND-020,Lenovo,LEN-2026-02-0975,2026-02-03,2026-03-05,150.99,USD,HPO-2026-02-0975,PAID,2026-02-21,2026-02,usage overage block 2026-02,JE-HAP-2026-02-0975
HAP-2026-02-0976,VEND-024,Snowflake,SNO-2026-02-0976,2026-02-03,2026-03-05,1801.1,USD,HPO-2026-02-0976,PAID,2026-02-21,2026-02,premium support 2026-02,JE-HAP-2026-02-0976
HAP-2026-02-0977,VEND-028,Atlassian,ATL-2026-02-0977,2026-02-03,2026-03-05,116.71,USD,HPO-2026-02-0977,PAID,2026-02-21,2026-02,warehouse consumables 2026-02,JE-HAP-2026-02-0977
HAP-2026-02-0978,VEND-032,Harbor Power & Light,HAR-2026-02-0978,2026-02-03,2026-03-05,61.32,USD,HPO-2026-02-0978,PAID,2026-02-21,2026-02,security monitoring hosts 2026-02,JE-HAP-2026-02-0978
HAP-2026-02-0979,VEND-036,WeWork Cambridge,WEW-2026-02-0979,2026-02-03,2026-03-05,106.43,USD,HPO-2026-02-0979,PAID,2026-02-21,2026-02,usage overage block 2026-02,JE-HAP-2026-02-0979
HAP-2026-02-0980,VEND-040,Kendall Square Parking,KEN-2026-02-0980,2026-02-03,2026-03-05,16201.54,USD,HPO-2026-02-0980,PAID,2026-02-21,2026-02,premium support 2026-02,JE-HAP-2026-02-0980
HAP-2026-02-0981,VEND-044,DocuSign,DOC-2026-02-0981,2026-02-03,2026-03-05,425.15,USD,HPO-2026-02-0981,PAID,2026-02-21,2026-02,warehouse consumables 2026-02,JE-HAP-2026-02-0981
HAP-2026-02-0982,VEND-048,Gusto Payroll,GUS-2026-02-0982,2026-02-03,2026-03-05,25.76,USD,HPO-2026-02-0982,PAID,2026-02-21,2026-02,security monitoring hosts 2026-02,JE-HAP-2026-02-0982
HAP-2026-02-0983,VEND-001-DUP,Acme Supplies LLC,ACM-2026-02-0983,2026-02-03,2026-03-05,61.87,USD,HPO-2026-02-0983,PAID,2026-02-21,2026-02,usage overage block 2026-02,JE-HAP-2026-02-0983
HAP-2026-02-0984,VEND-004,Office Depot,OFF-2026-02-0984,2026-02-03,2026-03-05,10801.98,USD,HPO-2026-02-0984,PAID,2026-02-21,2026-02,premium support 2026-02,JE-HAP-2026-02-0984
HAP-2026-02-0985,VEND-048,Gusto Payroll,GUS-2026-02-0985,2026-02-04,2026-03-06,107.09,USD,HPO-2026-02-0985,PAID,2026-02-22,2026-02,usage overage block 2026-02,JE-HAP-2026-02-0985
HAP-2026-02-0986,VEND-001-DUP,Acme Supplies LLC,ACM-2026-02-0986,2026-02-04,2026-03-06,16202.2,USD,HPO-2026-02-0986,PAID,2026-02-22,2026-02,premium support 2026-02,JE-HAP-2026-02-0986
HAP-2026-02-0987,VEND-004,Office Depot,OFF-2026-02-0987,2026-02-04,2026-03-06,425.81,USD,HPO-2026-02-0987,PAID,2026-02-22,2026-02,warehouse consumables 2026-02,JE-HAP-2026-02-0987
HAP-2026-02-0988,VEND-008,Figma,FIG-2026-02-0988,2026-02-04,2026-03-06,26.42,USD,HPO-2026-02-0988,PAID,2026-02-22,2026-02,security monitoring hosts 2026-02,JE-HAP-2026-02-0988
HAP-2026-02-0989,VEND-013,Cambridge Properties,CAM-2026-02-0989,2026-02-04,2026-03-06,60.0,USD,HPO-2026-02-0989,PAID,2026-02-22,2026-02,usage overage block 2026-02,JE-HAP-2026-02-0989
HAP-2026-02-0990,VEND-017,GitHub,GIT-2026-02-0990,2026-02-04,2026-03-06,10800.11,USD,HPO-2026-02-0990,PAID,2026-02-22,2026-02,premium support 2026-02,JE-HAP-2026-02-0990
HAP-2026-02-0991,VEND-021,Misc Supplies,MIS-2026-02-0991,2026-02-04,2026-03-06,308.22,USD,HPO-2026-02-0991,PAID,2026-02-22,2026-02,warehouse consumables 2026-02,JE-HAP-2026-02-0991
HAP-2026-02-0992,VEND-025,Okta,OKT-2026-02-0992,2026-02-04,2026-03-06,120.33,USD,HPO-2026-02-0992,PAID,2026-02-22,2026-02,security monitoring hosts 2026-02,JE-HAP-2026-02-0992
HAP-2026-02-0993,VEND-029,Cloudflare,CLO-2026-02-0993,2026-02-04,2026-03-06,15.44,USD,HPO-2026-02-0993,PAID,2026-02-22,2026-02,usage overage block 2026-02,JE-HAP-2026-02-0993
HAP-2026-02-0994,VEND-033,Staples Business Advantage,STA-2026-02-0994,2026-02-04,2026-03-06,5400.55,USD,HPO-2026-02-0994,PAID,2026-02-22,2026-02,premium support 2026-02,JE-HAP-2026-02-0994
HAP-2026-02-0995,VEND-037,Comcast Business,COM-2026-02-0995,2026-02-04,2026-03-06,193.16,USD,HPO-2026-02-0995,PAID,2026-02-22,2026-02,warehouse consumables 2026-02,JE-HAP-2026-02-0995
HAP-2026-02-0996,VEND-041,HubSpot,HUB-2026-02-0996,2026-02-04,2026-03-06,84.77,USD,HPO-2026-02-0996,PAID,2026-02-22,2026-02,security monitoring hosts 2026-02,JE-HAP-2026-02-0996
HAP-2026-02-0997,VEND-033,Staples Business Advantage,STA-2026-02-0997,2026-02-05,2026-03-07,308.88,USD,HPO-2026-02-0997,PAID,2026-02-23,2026-02,warehouse consumables 2026-02,JE-HAP-2026-02-0997
HAP-2026-02-0998,VEND-037,Comcast Business,COM-2026-02-0998,2026-02-05,2026-03-07,120.99,USD,HPO-2026-02-0998,PAID,2026-02-23,2026-02,security monitoring hosts 2026-02,JE-HAP-2026-02-0998
HAP-2026-02-0999,VEND-041,HubSpot,HUB-2026-02-0999,2026-02-05,2026-03-07,16.1,USD,HPO-2026-02-0999,PAID,2026-02-23,2026-02,usage overage block 2026-02,JE-HAP-2026-02-0999
HAP-2026-02-1000,VEND-045,Palo Alto Networks,PAL-2026-02-1000,2026-02-05,2026-03-07,5401.21,USD,HPO-2026-02-1000,PAID,2026-02-23,2026-02,premium support 2026-02,JE-HAP-2026-02-1000
HAP-2026-02-1001,VEND-049,Vanta,VAN-2026-02-1001,2026-02-05,2026-03-07,193.82,USD,HPO-2026-02-1001,PAID,2026-02-23,2026-02,warehouse consumables 2026-02,JE-HAP-2026-02-1001
HAP-2026-02-1002,VEND-001-ALIAS,Acme Supply Co.,ACM-2026-02-1002,2026-02-05,2026-03-07,85.43,USD,HPO-2026-02-1002,PAID,2026-02-23,2026-02,security monitoring hosts 2026-02,JE-HAP-2026-02-1002
HAP-2026-02-1003,VEND-005,Helios Hardware,HEL-2026-02-1003,2026-02-05,2026-03-07,136.54,USD,HPO-2026-02-1003,PAID,2026-02-23,2026-02,usage overage block 2026-02,JE-HAP-2026-02-1003
HAP-2026-02-1004,VEND-009,Google Cloud,GOO-2026-02-1004,2026-02-05,2026-03-07,19801.65,USD,HPO-2026-02-1004,PAID,2026-02-23,2026-02,premium support 2026-02,JE-HAP-2026-02-1004
HAP-2026-02-1005,VEND-014,Dell Technologies,DEL-2026-02-1005,2026-02-05,2026-03-07,78.76,USD,HPO-2026-02-1005,PAID,2026-02-23,2026-02,warehouse consumables 2026-02,JE-HAP-2026-02-1005
HAP-2026-02-1006,VEND-018,Shadow Vendor LLC,SHA-2026-02-1006,2026-02-05,2026-03-07,49.87,USD,HPO-2026-02-1006,PAID,2026-02-23,2026-02,security monitoring hosts 2026-02,JE-HAP-2026-02-1006
HAP-2026-02-1007,VEND-022,Twilio,TWI-2026-02-1007,2026-02-05,2026-03-07,91.98,USD,HPO-2026-02-1007,PAID,2026-02-23,2026-02,usage overage block 2026-02,JE-HAP-2026-02-1007
HAP-2026-02-1008,VEND-026,CrowdStrike,CRO-2026-02-1008,2026-02-05,2026-03-07,14402.09,USD,HPO-2026-02-1008,PAID,2026-02-23,2026-02,premium support 2026-02,JE-HAP-2026-02-1008
HAP-2026-02-1009,VEND-018,Shadow Vendor LLC,SHA-2026-02-1009,2026-02-06,2026-03-08,137.2,USD,HPO-2026-02-1009,PAID,2026-02-24,2026-02,usage overage block 2026-02,JE-HAP-2026-02-1009
HAP-2026-02-1010,VEND-022,Twilio,TWI-2026-02-1010,2026-02-06,2026-03-08,19802.31,USD,HPO-2026-02-1010,PAID,2026-02-24,2026-02,premium support 2026-02,JE-HAP-2026-02-1010
HAP-2026-02-1011,VEND-026,CrowdStrike,CRO-2026-02-1011,2026-02-06,2026-03-08,79.42,USD,HPO-2026-02-1011,PAID,2026-02-24,2026-02,warehouse consumables 2026-02,JE-HAP-2026-02-1011
HAP-2026-02-1012,VEND-030,Northline Fab Group,NOR-2026-02-1012,2026-02-06,2026-03-08,48.0,USD,HPO-2026-02-1012,PAID,2026-02-24,2026-02,security monitoring hosts 2026-02,JE-HAP-2026-02-1012
HAP-2026-02-1013,VEND-034,FedEx,FED-2026-02-1013,2026-02-06,2026-03-08,90.11,USD,HPO-2026-02-1013,PAID,2026-02-24,2026-02,usage overage block 2026-02,JE-HAP-2026-02-1013
HAP-2026-02-1014,VEND-038,Pagaya Coffee Service,PAG-2026-02-1014,2026-02-06,2026-03-08,14400.22,USD,HPO-2026-02-1014,PAID,2026-02-24,2026-02,premium support 2026-02,JE-HAP-2026-02-1014
HAP-2026-02-1015,VEND-042,Stripe Processing,STR-2026-02-1015,2026-02-06,2026-03-08,385.33,USD,HPO-2026-02-1015,PAID,2026-02-24,2026-02,warehouse consumables 2026-02,JE-HAP-2026-02-1015
HAP-2026-02-1016,VEND-046,Boston Edison Steam,BOS-2026-02-1016,2026-02-06,2026-03-08,12.44,USD,HPO-2026-02-1016,PAID,2026-02-24,2026-02,security monitoring hosts 2026-02,JE-HAP-2026-02-1016
HAP-2026-02-1017,VEND-050,Linear App,LIN-2026-02-1017,2026-02-06,2026-03-08,45.55,USD,HPO-2026-02-1017,PAID,2026-02-24,2026-02,usage overage block 2026-02,JE-HAP-2026-02-1017
HAP-2026-02-1018,VEND-002,Amazon Web Services,AMA-2026-02-1018,2026-02-06,2026-03-08,9000.66,USD,HPO-2026-02-1018,PAID,2026-02-24,2026-02,premium support 2026-02,JE-HAP-2026-02-1018
HAP-2026-02-1019,VEND-006,Datadog,DAT-2026-02-1019,2026-02-06,2026-03-08,270.27,USD,HPO-2026-02-1019,PAID,2026-02-24,2026-02,warehouse consumables 2026-02,JE-HAP-2026-02-1019
HAP-2026-02-1020,VEND-011,Hartford Insurance,HAR-2026-02-1020,2026-02-06,2026-03-08,108.88,USD,HPO-2026-02-1020,PAID,2026-02-24,2026-02,security monitoring hosts 2026-02,JE-HAP-2026-02-1020
HAP-2026-02-1021,VEND-002,Amazon Web Services,AMA-2026-02-1021,2026-02-07,2026-03-09,385.99,USD,HPO-2026-02-1021,PAID,2026-02-25,2026-02,warehouse consumables 2026-02,JE-HAP-2026-02-1021
HAP-2026-02-1022,VEND-006,Datadog,DAT-2026-02-1022,2026-02-07,2026-03-09,13.1,USD,HPO-2026-02-1022,PAID,2026-02-25,2026-02,security monitoring hosts 2026-02,JE-HAP-2026-02-1022
HAP-2026-02-1023,VEND-011,Hartford Insurance,HAR-2026-02-1023,2026-02-07,2026-03-09,46.21,USD,HPO-2026-02-1023,PAID,2026-02-25,2026-02,usage overage block 2026-02,JE-HAP-2026-02-1023
HAP-2026-02-1024,VEND-015,Harbor Electric,HAR-2026-02-1024,2026-02-07,2026-03-09,9001.32,USD,HPO-2026-02-1024,PAID,2026-02-25,2026-02,premium support 2026-02,JE-HAP-2026-02-1024
HAP-2026-02-1025,VEND-019,Freightline Logistics,FRE-2026-02-1025,2026-02-07,2026-03-09,270.93,USD,HPO-2026-02-1025,PAID,2026-02-25,2026-02,warehouse consumables 2026-02,JE-HAP-2026-02-1025
HAP-2026-02-1026,VEND-023,Notion Labs,NOT-2026-02-1026,2026-02-07,2026-03-09,109.54,USD,HPO-2026-02-1026,PAID,2026-02-25,2026-02,security monitoring hosts 2026-02,JE-HAP-2026-02-1026
HAP-2026-02-1027,VEND-027,Zoom Video,ZOO-2026-02-1027,2026-02-07,2026-03-09,166.65,USD,HPO-2026-02-1027,PAID,2026-02-25,2026-02,usage overage block 2026-02,JE-HAP-2026-02-1027
HAP-2026-02-1028,VEND-031,Helios Hardware Supply,HEL-2026-02-1028,2026-02-07,2026-03-09,3601.76,USD,HPO-2026-02-1028,PAID,2026-02-25,2026-02,premium support 2026-02,JE-HAP-2026-02-1028
HAP-2026-02-1029,VEND-035,ADP,ADP-2026-02-1029,2026-02-07,2026-03-09,155.87,USD,HPO-2026-02-1029,PAID,2026-02-25,2026-02,warehouse consumables 2026-02,JE-HAP-2026-02-1029
HAP-2026-02-1030,VEND-039,CleanRoom Janitorial,CLE-2026-02-1030,2026-02-07,2026-03-09,73.98,USD,HPO-2026-02-1030,PAID,2026-02-25,2026-02,security monitoring hosts 2026-02,JE-HAP-2026-02-1030
HAP-2026-02-1031,VEND-043,Adyen NV,ADY-2026-02-1031,2026-02-07,2026-03-09,122.09,USD,HPO-2026-02-1031,PAID,2026-02-25,2026-02,usage overage block 2026-02,JE-HAP-2026-02-1031
HAP-2026-02-1032,VEND-047,Carta,CAR-2026-02-1032,2026-02-07,2026-03-09,18002.2,USD,HPO-2026-02-1032,PAID,2026-02-25,2026-02,premium support 2026-02,JE-HAP-2026-02-1032
HAP-2026-02-1033,VEND-039,CleanRoom Janitorial,CLE-2026-02-1033,2026-02-08,2026-03-10,167.31,USD,HPO-2026-02-1033,PAID,2026-02-26,2026-02,usage overage block 2026-02,JE-HAP-2026-02-1033
HAP-2026-02-1034,VEND-043,Adyen NV,ADY-2026-02-1034,2026-02-08,2026-03-10,3602.42,USD,HPO-2026-02-1034,PAID,2026-02-26,2026-02,premium support 2026-02,JE-HAP-2026-02-1034
HAP-2026-02-1035,VEND-047,Carta,CAR-2026-02-1035,2026-02-08,2026-03-10,154.0,USD,HPO-2026-02-1035,PAID,2026-02-26,2026-02,warehouse consumables 2026-02,JE-HAP-2026-02-1035
HAP-2026-02-1036,VEND-001,Acme Supplies,ACM-2026-02-1036,2026-02-08,2026-03-10,72.11,USD,HPO-2026-02-1036,PAID,2026-02-26,2026-02,security monitoring hosts 2026-02,JE-HAP-2026-02-1036
HAP-2026-02-1037,VEND-003,Northline Fabrication,NOR-2026-02-1037,2026-02-08,2026-03-10,120.22,USD,HPO-2026-02-1037,PAID,2026-02-26,2026-02,usage overage block 2026-02,JE-HAP-2026-02-1037
HAP-2026-02-1038,VEND-007,Slack Technologies,SLA-2026-02-1038,2026-02-08,2026-03-10,18000.33,USD,HPO-2026-02-1038,PAID,2026-02-26,2026-02,premium support 2026-02,JE-HAP-2026-02-1038
HAP-2026-02-1039,VEND-012,Orbit Analytics,ORB-2026-02-1039,2026-02-08,2026-03-10,38.94,USD,HPO-2026-02-1039,PAID,2026-02-26,2026-02,warehouse consumables 2026-02,JE-HAP-2026-02-1039
HAP-2026-02-1040,VEND-016,Lindholm & Ruiz LLP,LIN-2026-02-1040,2026-02-08,2026-03-10,36.55,USD,HPO-2026-02-1040,PAID,2026-02-26,2026-02,security monitoring hosts 2026-02,JE-HAP-2026-02-1040
HAP-2026-02-1041,VEND-020,Lenovo,LEN-2026-02-1041,2026-02-08,2026-03-10,75.66,USD,HPO-2026-02-1041,PAID,2026-02-26,2026-02,usage overage block 2026-02,JE-HAP-2026-02-1041
HAP-2026-02-1042,VEND-024,Snowflake,SNO-2026-02-1042,2026-02-08,2026-03-10,12600.77,USD,HPO-2026-02-1042,PAID,2026-02-26,2026-02,premium support 2026-02,JE-HAP-2026-02-1042
HAP-2026-02-1043,VEND-028,Atlassian,ATL-2026-02-1043,2026-02-08,2026-03-10,347.38,USD,HPO-2026-02-1043,PAID,2026-02-26,2026-02,warehouse consumables 2026-02,JE-HAP-2026-02-1043
HAP-2026-02-1044,VEND-032,Harbor Power & Light,HAR-2026-02-1044,2026-02-08,2026-03-10,132.99,USD,HPO-2026-02-1044,PAID,2026-02-26,2026-02,security monitoring hosts 2026-02,JE-HAP-2026-02-1044
HAP-2026-02-1045,VEND-024,Snowflake,SNO-2026-02-1045,2026-02-09,2026-03-11,39.6,USD,HPO-2026-02-1045,PAID,2026-02-27,2026-02,warehouse consumables 2026-02,JE-HAP-2026-02-1045
HAP-2026-02-1046,VEND-028,Atlassian,ATL-2026-02-1046,2026-02-09,2026-03-11,37.21,USD,HPO-2026-02-1046,PAID,2026-02-27,2026-02,security monitoring hosts 2026-02,JE-HAP-2026-02-1046
HAP-2026-02-1047,VEND-032,Harbor Power & Light,HAR-2026-02-1047,2026-02-09,2026-03-11,76.32,USD,HPO-2026-02-1047,PAID,2026-02-27,2026-02,usage overage block 2026-02,JE-HAP-2026-02-1047
HAP-2026-02-1048,VEND-036,WeWork Cambridge,WEW-2026-02-1048,2026-02-09,2026-03-11,12601.43,USD,HPO-2026-02-1048,PAID,2026-02-27,2026-02,premium support 2026-02,JE-HAP-2026-02-1048
HAP-2026-02-1049,VEND-040,Kendall Square Parking,KEN-2026-02-1049,2026-02-09,2026-03-11,348.04,USD,HPO-2026-02-1049,PAID,2026-02-27,2026-02,warehouse consumables 2026-02,JE-HAP-2026-02-1049
HAP-2026-02-1050,VEND-044,DocuSign,DOC-2026-02-1050,2026-02-09,2026-03-11,133.65,USD,HPO-2026-02-1050,PAID,2026-02-27,2026-02,security monitoring hosts 2026-02,JE-HAP-2026-02-1050
HAP-2026-02-1051,VEND-048,Gusto Payroll,GUS-2026-02-1051,2026-02-09,2026-03-11,31.76,USD,HPO-2026-02-1051,PAID,2026-02-27,2026-02,usage overage block 2026-02,JE-HAP-2026-02-1051
HAP-2026-02-1052,VEND-001-DUP,Acme Supplies LLC,ACM-2026-02-1052,2026-02-09,2026-03-11,7201.87,USD,HPO-2026-02-1052,PAID,2026-02-27,2026-02,premium support 2026-02,JE-HAP-2026-02-1052
HAP-2026-02-1053,VEND-004,Office Depot,OFF-2026-02-1053,2026-02-09,2026-03-11,232.98,USD,HPO-2026-02-1053,PAID,2026-02-27,2026-02,warehouse consumables 2026-02,JE-HAP-2026-02-1053
HAP-2026-02-1054,VEND-008,Figma,FIG-2026-02-1054,2026-02-09,2026-03-11,98.09,USD,HPO-2026-02-1054,PAID,2026-02-27,2026-02,security monitoring hosts 2026-02,JE-HAP-2026-02-1054
HAP-2026-02-1055,VEND-013,Cambridge Properties,CAM-2026-02-1055,2026-02-09,2026-03-11,152.2,USD,HPO-2026-02-1055,PAID,2026-02-27,2026-02,usage overage block 2026-02,JE-HAP-2026-02-1055
HAP-2026-02-1056,VEND-017,GitHub,GIT-2026-02-1056,2026-02-09,2026-03-11,1802.31,USD,HPO-2026-02-1056,PAID,2026-02-27,2026-02,premium support 2026-02,JE-HAP-2026-02-1056
HAP-2026-02-1057,VEND-008,Figma,FIG-2026-02-1057,2026-02-10,2026-03-12,32.42,USD,HPO-2026-02-1057,PAID,2026-02-28,2026-02,usage overage block 2026-02,JE-HAP-2026-02-1057
HAP-2026-02-1058,VEND-013,Cambridge Properties,CAM-2026-02-1058,2026-02-10,2026-03-12,7200.0,USD,HPO-2026-02-1058,PAID,2026-02-28,2026-02,premium support 2026-02,JE-HAP-2026-02-1058
HAP-2026-02-1059,VEND-017,GitHub,GIT-2026-02-1059,2026-02-10,2026-03-12,231.11,USD,HPO-2026-02-1059,PAID,2026-02-28,2026-02,warehouse consumables 2026-02,JE-HAP-2026-02-1059
HAP-2026-02-1060,VEND-021,Misc Supplies,MIS-2026-02-1060,2026-02-10,2026-03-12,96.22,USD,HPO-2026-02-1060,PAID,2026-02-28,2026-02,security monitoring hosts 2026-02,JE-HAP-2026-02-1060
HAP-2026-02-1061,VEND-025,Okta,OKT-2026-02-1061,2026-02-10,2026-03-12,150.33,USD,HPO-2026-02-1061,PAID,2026-02-28,2026-02,usage overage block 2026-02,JE-HAP-2026-02-1061
HAP-2026-02-1062,VEND-029,Cloudflare,CLO-2026-02-1062,2026-02-10,2026-03-12,1800.44,USD,HPO-2026-02-1062,PAID,2026-02-28,2026-02,premium support 2026-02,JE-HAP-2026-02-1062
HAP-2026-02-1063,VEND-033,Staples Business Advantage,STA-2026-02-1063,2026-02-10,2026-03-12,116.05,USD,HPO-2026-02-1063,PAID,2026-02-28,2026-02,warehouse consumables 2026-02,JE-HAP-2026-02-1063
HAP-2026-02-1064,VEND-037,Comcast Business,COM-2026-02-1064,2026-02-10,2026-03-12,60.66,USD,HPO-2026-02-1064,PAID,2026-02-28,2026-02,security monitoring hosts 2026-02,JE-HAP-2026-02-1064
HAP-2026-02-1065,VEND-041,HubSpot,HUB-2026-02-1065,2026-02-10,2026-03-12,105.77,USD,HPO-2026-02-1065,PAID,2026-02-28,2026-02,usage overage block 2026-02,JE-HAP-2026-02-1065
HAP-2026-02-1066,VEND-045,Palo Alto Networks,PAL-2026-02-1066,2026-02-10,2026-03-12,16200.88,USD,HPO-2026-02-1066,PAID,2026-02-28,2026-02,premium support 2026-02,JE-HAP-2026-02-1066
HAP-2026-02-1067,VEND-049,Vanta,VAN-2026-02-1067,2026-02-10,2026-03-12,424.49,USD,HPO-2026-02-1067,PAID,2026-02-28,2026-02,warehouse consumables 2026-02,JE-HAP-2026-02-1067
HAP-2026-02-1068,VEND-001-ALIAS,Acme Supply Co.,ACM-2026-02-1068,2026-02-10,2026-03-12,25.1,USD,HPO-2026-02-1068,PAID,2026-02-28,2026-02,security monitoring hosts 2026-02,JE-HAP-2026-02-1068
HAP-2026-02-1069,VEND-045,Palo Alto Networks,PAL-2026-02-1069,2026-02-11,2026-03-13,116.71,USD,HPO-2026-02-1069,PAID,2026-02-28,2026-02,warehouse consumables 2026-02,JE-HAP-2026-02-1069
HAP-2026-02-1070,VEND-049,Vanta,VAN-2026-02-1070,2026-02-11,2026-03-13,61.32,USD,HPO-2026-02-1070,PAID,2026-02-28,2026-02,security monitoring hosts 2026-02,JE-HAP-2026-02-1070
HAP-2026-02-1071,VEND-001-ALIAS,Acme Supply Co.,ACM-2026-02-1071,2026-02-11,2026-03-13,106.43,USD,HPO-2026-02-1071,PAID,2026-02-28,2026-02,usage overage block 2026-02,JE-HAP-2026-02-1071
HAP-2026-02-1072,VEND-005,Helios Hardware,HEL-2026-02-1072,2026-02-11,2026-03-13,16201.54,USD,HPO-2026-02-1072,PAID,2026-02-28,2026-02,premium support 2026-02,JE-HAP-2026-02-1072
HAP-2026-02-1073,VEND-009,Google Cloud,GOO-2026-02-1073,2026-02-11,2026-03-13,425.15,USD,HPO-2026-02-1073,PAID,2026-02-28,2026-02,warehouse consumables 2026-02,JE-HAP-2026-02-1073
HAP-2026-02-1074,VEND-014,Dell Technologies,DEL-2026-02-1074,2026-02-11,2026-03-13,25.76,USD,HPO-2026-02-1074,PAID,2026-02-28,2026-02,security monitoring hosts 2026-02,JE-HAP-2026-02-1074
HAP-2026-02-1075,VEND-018,Shadow Vendor LLC,SHA-2026-02-1075,2026-02-11,2026-03-13,61.87,USD,HPO-2026-02-1075,PAID,2026-02-28,2026-02,usage overage block 2026-02,JE-HAP-2026-02-1075
HAP-2026-02-1076,VEND-022,Twilio,TWI-2026-02-1076,2026-02-11,2026-03-13,10801.98,USD,HPO-2026-02-1076,PAID,2026-02-28,2026-02,premium support 2026-02,JE-HAP-2026-02-1076
HAP-2026-02-1077,VEND-026,CrowdStrike,CRO-2026-02-1077,2026-02-11,2026-03-13,310.09,USD,HPO-2026-02-1077,PAID,2026-02-28,2026-02,warehouse consumables 2026-02,JE-HAP-2026-02-1077
HAP-2026-02-1078,VEND-030,Northline Fab Group,NOR-2026-02-1078,2026-02-11,2026-03-13,122.2,USD,HPO-2026-02-1078,PAID,2026-02-28,2026-02,security monitoring hosts 2026-02,JE-HAP-2026-02-1078
HAP-2026-02-1079,VEND-034,FedEx,FED-2026-02-1079,2026-02-11,2026-03-13,17.31,USD,HPO-2026-02-1079,PAID,2026-02-28,2026-02,usage overage block 2026-02,JE-HAP-2026-02-1079
HAP-2026-02-1080,VEND-038,Pagaya Coffee Service,PAG-2026-02-1080,2026-02-11,2026-03-13,5402.42,USD,HPO-2026-02-1080,PAID,2026-02-28,2026-02,premium support 2026-02,JE-HAP-2026-02-1080
HAP-2026-02-1081,VEND-030,Northline Fab Group,NOR-2026-02-1081,2026-02-12,2026-03-14,60.0,USD,HPO-2026-02-1081,PAID,2026-02-28,2026-02,usage overage block 2026-02,JE-HAP-2026-02-1081
HAP-2026-02-1082,VEND-034,FedEx,FED-2026-02-1082,2026-02-12,2026-03-14,10800.11,USD,HPO-2026-02-1082,PAID,2026-02-28,2026-02,premium support 2026-02,JE-HAP-2026-02-1082
HAP-2026-02-1083,VEND-038,Pagaya Coffee Service,PAG-2026-02-1083,2026-02-12,2026-03-14,308.22,USD,HPO-2026-02-1083,PAID,2026-02-28,2026-02,warehouse consumables 2026-02,JE-HAP-2026-02-1083
HAP-2026-02-1084,VEND-042,Stripe Processing,STR-2026-02-1084,2026-02-12,2026-03-14,120.33,USD,HPO-2026-02-1084,PAID,2026-02-28,2026-02,security monitoring hosts 2026-02,JE-HAP-2026-02-1084
HAP-2026-02-1085,VEND-046,Boston Edison Steam,BOS-2026-02-1085,2026-02-12,2026-03-14,15.44,USD,HPO-2026-02-1085,PAID,2026-02-28,2026-02,usage overage block 2026-02,JE-HAP-2026-02-1085
HAP-2026-02-1086,VEND-050,Linear App,LIN-2026-02-1086,2026-02-12,2026-03-14,5400.55,USD,HPO-2026-02-1086,PAID,2026-02-28,2026-02,premium support 2026-02,JE-HAP-2026-02-1086
HAP-2026-02-1087,VEND-002,Amazon Web Services,AMA-2026-02-1087,2026-02-12,2026-03-14,193.16,USD,HPO-2026-02-1087,PAID,2026-02-28,2026-02,warehouse consumables 2026-02,JE-HAP-2026-02-1087
HAP-2026-02-1088,VEND-006,Datadog,DAT-2026-02-1088,2026-02-12,2026-03-14,84.77,USD,HPO-2026-02-1088,PAID,2026-02-28,2026-02,security monitoring hosts 2026-02,JE-HAP-2026-02-1088
HAP-2026-02-1089,VEND-011,Hartford Insurance,HAR-2026-02-1089,2026-02-12,2026-03-14,135.88,USD,HPO-2026-02-1089,PAID,2026-02-28,2026-02,usage overage block 2026-02,JE-HAP-2026-02-1089
HAP-2026-02-1090,VEND-015,Harbor Electric,HAR-2026-02-1090,2026-02-12,2026-03-14,19800.99,USD,HPO-2026-02-1090,PAID,2026-02-28,2026-02,premium support 2026-02,JE-HAP-2026-02-1090
HAP-2026-02-1091,VEND-019,Freightline Logistics,FRE-2026-02-1091,2026-02-12,2026-03-14,78.1,USD,HPO-2026-02-1091,PAID,2026-02-28,2026-02,warehouse consumables 2026-02,JE-HAP-2026-02-1091
HAP-2026-02-1092,VEND-023,Notion Labs,NOT-2026-02-1092,2026-02-12,2026-03-14,49.21,USD,HPO-2026-02-1092,PAID,2026-02-28,2026-02,security monitoring hosts 2026-02,JE-HAP-2026-02-1092
HAP-2026-02-1093,VEND-015,Harbor Electric,HAR-2026-02-1093,2026-02-13,2026-03-15,193.82,USD,HPO-2026-02-1093,PAID,2026-02-28,2026-02,warehouse consumables 2026-02,JE-HAP-2026-02-1093
HAP-2026-02-1094,VEND-019,Freightline Logistics,FRE-2026-02-1094,2026-02-13,2026-03-15,85.43,USD,HPO-2026-02-1094,PAID,2026-02-28,2026-02,security monitoring hosts 2026-02,JE-HAP-2026-02-1094
HAP-2026-02-1095,VEND-023,Notion Labs,NOT-2026-02-1095,2026-02-13,2026-03-15,136.54,USD,HPO-2026-02-1095,PAID,2026-02-28,2026-02,usage overage block 2026-02,JE-HAP-2026-02-1095
HAP-2026-02-1096,VEND-027,Zoom Video,ZOO-2026-02-1096,2026-02-13,2026-03-15,19801.65,USD,HPO-2026-02-1096,PAID,2026-02-28,2026-02,premium support 2026-02,JE-HAP-2026-02-1096
HAP-2026-02-1097,VEND-031,Helios Hardware Supply,HEL-2026-02-1097,2026-02-13,2026-03-15,78.76,USD,HPO-2026-02-1097,PAID,2026-02-28,2026-02,warehouse consumables 2026-02,JE-HAP-2026-02-1097
HAP-2026-02-1098,VEND-035,ADP,ADP-2026-02-1098,2026-02-13,2026-03-15,49.87,USD,HPO-2026-02-1098,PAID,2026-02-28,2026-02,security monitoring hosts 2026-02,JE-HAP-2026-02-1098
HAP-2026-02-1099,VEND-039,CleanRoom Janitorial,CLE-2026-02-1099,2026-02-13,2026-03-15,91.98,USD,HPO-2026-02-1099,PAID,2026-02-28,2026-02,usage overage block 2026-02,JE-HAP-2026-02-1099
HAP-2026-02-1100,VEND-043,Adyen NV,ADY-2026-02-1100,2026-02-13,2026-03-15,14402.09,USD,HPO-2026-02-1100,PAID,2026-02-28,2026-02,premium support 2026-02,JE-HAP-2026-02-1100
HAP-2026-02-1101,VEND-047,Carta,CAR-2026-02-1101,2026-02-13,2026-03-15,387.2,USD,HPO-2026-02-1101,PAID,2026-02-28,2026-02,warehouse consumables 2026-02,JE-HAP-2026-02-1101
HAP-2026-02-1102,VEND-001,Acme Supplies,ACM-2026-02-1102,2026-02-13,2026-03-15,14.31,USD,HPO-2026-02-1102,PAID,2026-02-28,2026-02,security monitoring hosts 2026-02,JE-HAP-2026-02-1102
HAP-2026-02-1103,VEND-003,Northline Fabrication,NOR-2026-02-1103,2026-02-13,2026-03-15,47.42,USD,HPO-2026-02-1103,PAID,2026-02-28,2026-02,usage overage block 2026-02,JE-HAP-2026-02-1103
HAP-2026-02-1104,VEND-007,Slack Technologies,SLA-2026-02-1104,2026-02-13,2026-03-15,9000.0,USD,HPO-2026-02-1104,PAID,2026-02-28,2026-02,premium support 2026-02,JE-HAP-2026-02-1104
HAP-2026-02-1105,VEND-001,Acme Supplies,ACM-2026-02-1105,2026-02-14,2026-03-16,90.11,USD,HPO-2026-02-1105,PAID,2026-02-28,2026-02,usage overage block 2026-02,JE-HAP-2026-02-1105
HAP-2026-02-1106,VEND-003,Northline Fabrication,NOR-2026-02-1106,2026-02-14,2026-03-16,14400.22,USD,HPO-2026-02-1106,PAID,2026-02-28,2026-02,premium support 2026-02,JE-HAP-2026-02-1106
HAP-2026-02-1107,VEND-007,Slack Technologies,SLA-2026-02-1107,2026-02-14,2026-03-16,385.33,USD,HPO-2026-02-1107,PAID,2026-02-28,2026-02,warehouse consumables 2026-02,JE-HAP-2026-02-1107
HAP-2026-02-1108,VEND-012,Orbit Analytics,ORB-2026-02-1108,2026-02-14,2026-03-16,12.44,USD,HPO-2026-02-1108,PAID,2026-02-28,2026-02,security monitoring hosts 2026-02,JE-HAP-2026-02-1108
HAP-2026-02-1109,VEND-016,Lindholm & Ruiz LLP,LIN-2026-02-1109,2026-02-14,2026-03-16,45.55,USD,HPO-2026-02-1109,PAID,2026-02-28,2026-02,usage overage block 2026-02,JE-HAP-2026-02-1109
HAP-2026-02-1110,VEND-020,Lenovo,LEN-2026-02-1110,2026-02-14,2026-03-16,9000.66,USD,HPO-2026-02-1110,PAID,2026-02-28,2026-02,premium support 2026-02,JE-HAP-2026-02-1110
HAP-2026-02-1111,VEND-024,Snowflake,SNO-2026-02-1111,2026-02-14,2026-03-16,270.27,USD,HPO-2026-02-1111,PAID,2026-02-28,2026-02,warehouse consumables 2026-02,JE-HAP-2026-02-1111
HAP-2026-02-1112,VEND-028,Atlassian,ATL-2026-02-1112,2026-02-14,2026-03-16,108.88,USD,HPO-2026-02-1112,PAID,2026-02-28,2026-02,security monitoring hosts 2026-02,JE-HAP-2026-02-1112
HAP-2026-02-1113,VEND-032,Harbor Power & Light,HAR-2026-02-1113,2026-02-14,2026-03-16,165.99,USD,HPO-2026-02-1113,PAID,2026-02-28,2026-02,usage overage block 2026-02,JE-HAP-2026-02-1113
HAP-2026-02-1114,VEND-036,WeWork Cambridge,WEW-2026-02-1114,2026-02-14,2026-03-16,3601.1,USD,HPO-2026-02-1114,PAID,2026-02-28,2026-02,premium support 2026-02,JE-HAP-2026-02-1114
HAP-2026-02-1115,VEND-040,Kendall Square Parking,KEN-2026-02-1115,2026-02-14,2026-03-16,155.21,USD,HPO-2026-02-1115,PAID,2026-02-28,2026-02,warehouse consumables 2026-02,JE-HAP-2026-02-1115
HAP-2026-02-1116,VEND-044,DocuSign,DOC-2026-02-1116,2026-02-14,2026-03-16,73.32,USD,HPO-2026-02-1116,PAID,2026-02-28,2026-02,security monitoring hosts 2026-02,JE-HAP-2026-02-1116
HAP-2026-02-1117,VEND-036,WeWork Cambridge,WEW-2026-02-1117,2026-02-15,2026-03-17,270.93,USD,HPO-2026-02-1117,PAID,2026-02-28,2026-02,warehouse consumables 2026-02,JE-HAP-2026-02-1117
HAP-2026-02-1118,VEND-040,Kendall Square Parking,KEN-2026-02-1118,2026-02-15,2026-03-17,109.54,USD,HPO-2026-02-1118,PAID,2026-02-28,2026-02,security monitoring hosts 2026-02,JE-HAP-2026-02-1118
HAP-2026-02-1119,VEND-044,DocuSign,DOC-2026-02-1119,2026-02-15,2026-03-17,166.65,USD,HPO-2026-02-1119,PAID,2026-02-28,2026-02,usage overage block 2026-02,JE-HAP-2026-02-1119
HAP-2026-02-1120,VEND-048,Gusto Payroll,GUS-2026-02-1120,2026-02-15,2026-03-17,3601.76,USD,HPO-2026-02-1120,PAID,2026-02-28,2026-02,premium support 2026-02,JE-HAP-2026-02-1120
HAP-2026-02-1121,VEND-001-DUP,Acme Supplies LLC,ACM-2026-02-1121,2026-02-15,2026-03-17,155.87,USD,HPO-2026-02-1121,PAID,2026-02-28,2026-02,warehouse consumables 2026-02,JE-HAP-2026-02-1121
HAP-2026-02-1122,VEND-004,Office Depot,OFF-2026-02-1122,2026-02-15,2026-03-17,73.98,USD,HPO-2026-02-1122,PAID,2026-02-28,2026-02,security monitoring hosts 2026-02,JE-HAP-2026-02-1122
HAP-2026-02-1123,VEND-008,Figma,FIG-2026-02-1123,2026-02-15,2026-03-17,122.09,USD,HPO-2026-02-1123,PAID,2026-02-28,2026-02,usage overage block 2026-02,JE-HAP-2026-02-1123
HAP-2026-02-1124,VEND-013,Cambridge Properties,CAM-2026-02-1124,2026-02-15,2026-03-17,18002.2,USD,HPO-2026-02-1124,PAID,2026-02-28,2026-02,premium support 2026-02,JE-HAP-2026-02-1124
HAP-2026-02-1125,VEND-017,GitHub,GIT-2026-02-1125,2026-02-15,2026-03-17,40.81,USD,HPO-2026-02-1125,PAID,2026-02-28,2026-02,warehouse consumables 2026-02,JE-HAP-2026-02-1125
HAP-2026-02-1126,VEND-021,Misc Supplies,MIS-2026-02-1126,2026-02-15,2026-03-17,38.42,USD,HPO-2026-02-1126,PAID,2026-02-28,2026-02,security monitoring hosts 2026-02,JE-HAP-2026-02-1126
HAP-2026-02-1127,VEND-025,Okta,OKT-2026-02-1127,2026-02-15,2026-03-17,75.0,USD,HPO-2026-02-1127,PAID,2026-02-28,2026-02,usage overage block 2026-02,JE-HAP-2026-02-1127
HAP-2026-02-1128,VEND-029,Cloudflare,CLO-2026-02-1128,2026-02-15,2026-03-17,12600.11,USD,HPO-2026-02-1128,PAID,2026-02-28,2026-02,premium support 2026-02,JE-HAP-2026-02-1128
HAP-2026-02-1129,VEND-021,Misc Supplies,MIS-2026-02-1129,2026-02-16,2026-03-18,120.22,USD,HPO-2026-02-1129,PAID,2026-02-28,2026-02,usage overage block 2026-02,JE-HAP-2026-02-1129
HAP-2026-02-1130,VEND-025,Okta,OKT-2026-02-1130,2026-02-16,2026-03-18,18000.33,USD,HPO-2026-02-1130,PAID,2026-02-28,2026-02,premium support 2026-02,JE-HAP-2026-02-1130
HAP-2026-02-1131,VEND-029,Cloudflare,CLO-2026-02-1131,2026-02-16,2026-03-18,38.94,USD,HPO-2026-02-1131,PAID,2026-02-28,2026-02,warehouse consumables 2026-02,JE-HAP-2026-02-1131
HAP-2026-02-1132,VEND-033,Staples Business Advantage,STA-2026-02-1132,2026-02-16,2026-03-18,36.55,USD,HPO-2026-02-1132,PAID,2026-02-28,2026-02,security monitoring hosts 2026-02,JE-HAP-2026-02-1132
HAP-2026-02-1133,VEND-037,Comcast Business,COM-2026-02-1133,2026-02-16,2026-03-18,75.66,USD,HPO-2026-02-1133,PAID,2026-02-28,2026-02,usage overage block 2026-02,JE-HAP-2026-02-1133
HAP-2026-02-1134,VEND-041,HubSpot,HUB-2026-02-1134,2026-02-16,2026-03-18,12600.77,USD,HPO-2026-02-1134,PAID,2026-02-28,2026-02,premium support 2026-02,JE-HAP-2026-02-1134
HAP-2026-02-1135,VEND-045,Palo Alto Networks,PAL-2026-02-1135,2026-02-16,2026-03-18,347.38,USD,HPO-2026-02-1135,PAID,2026-02-28,2026-02,warehouse consumables 2026-02,JE-HAP-2026-02-1135
HAP-2026-02-1136,VEND-049,Vanta,VAN-2026-02-1136,2026-02-16,2026-03-18,132.99,USD,HPO-2026-02-1136,PAID,2026-02-28,2026-02,security monitoring hosts 2026-02,JE-HAP-2026-02-1136
HAP-2026-02-1137,VEND-001-ALIAS,Acme Supply Co.,ACM-2026-02-1137,2026-02-16,2026-03-18,31.1,USD,HPO-2026-02-1137,PAID,2026-02-28,2026-02,usage overage block 2026-02,JE-HAP-2026-02-1137
HAP-2026-02-1138,VEND-005,Helios Hardware,HEL-2026-02-1138,2026-02-16,2026-03-18,7201.21,USD,HPO-2026-02-1138,PAID,2026-02-28,2026-02,premium support 2026-02,JE-HAP-2026-02-1138
HAP-2026-02-1139,VEND-009,Google Cloud,GOO-2026-02-1139,2026-02-16,2026-03-18,232.32,USD,HPO-2026-02-1139,PAID,2026-02-28,2026-02,warehouse consumables 2026-02,JE-HAP-2026-02-1139
HAP-2026-02-1140,VEND-014,Dell Technologies,DEL-2026-02-1140,2026-02-16,2026-03-18,97.43,USD,HPO-2026-02-1140,PAID,2026-02-28,2026-02,security monitoring hosts 2026-02,JE-HAP-2026-02-1140
HAP-2026-02-1141,VEND-005,Helios Hardware,HEL-2026-02-1141,2026-02-17,2026-03-19,348.04,USD,HPO-2026-02-1141,PAID,2026-02-28,2026-02,warehouse consumables 2026-02,JE-HAP-2026-02-1141
HAP-2026-02-1142,VEND-009,Google Cloud,GOO-2026-02-1142,2026-02-17,2026-03-19,133.65,USD,HPO-2026-02-1142,PAID,2026-02-28,2026-02,security monitoring hosts 2026-02,JE-HAP-2026-02-1142
HAP-2026-02-1143,VEND-014,Dell Technologies,DEL-2026-02-1143,2026-02-17,2026-03-19,31.76,USD,HPO-2026-02-1143,PAID,2026-02-28,2026-02,usage overage block 2026-02,JE-HAP-2026-02-1143
HAP-2026-02-1144,VEND-018,Shadow Vendor LLC,SHA-2026-02-1144,2026-02-17,2026-03-19,7201.87,USD,HPO-2026-02-1144,PAID,2026-02-28,2026-02,premium support 2026-02,JE-HAP-2026-02-1144
HAP-2026-02-1145,VEND-022,Twilio,TWI-2026-02-1145,2026-02-17,2026-03-19,232.98,USD,HPO-2026-02-1145,PAID,2026-02-28,2026-02,warehouse consumables 2026-02,JE-HAP-2026-02-1145
HAP-2026-02-1146,VEND-026,CrowdStrike,CRO-2026-02-1146,2026-02-17,2026-03-19,98.09,USD,HPO-2026-02-1146,PAID,2026-02-28,2026-02,security monitoring hosts 2026-02,JE-HAP-2026-02-1146
HAP-2026-02-1147,VEND-030,Northline Fab Group,NOR-2026-02-1147,2026-02-17,2026-03-19,152.2,USD,HPO-2026-02-1147,PAID,2026-02-28,2026-02,usage overage block 2026-02,JE-HAP-2026-02-1147
HAP-2026-02-1148,VEND-034,FedEx,FED-2026-02-1148,2026-02-17,2026-03-19,1802.31,USD,HPO-2026-02-1148,PAID,2026-02-28,2026-02,premium support 2026-02,JE-HAP-2026-02-1148
HAP-2026-02-1149,VEND-038,Pagaya Coffee Service,PAG-2026-02-1149,2026-02-17,2026-03-19,117.92,USD,HPO-2026-02-1149,PAID,2026-02-28,2026-02,warehouse consumables 2026-02,JE-HAP-2026-02-1149
HAP-2026-02-1150,VEND-042,Stripe Processing,STR-2026-02-1150,2026-02-17,2026-03-19,60.0,USD,HPO-2026-02-1150,PAID,2026-02-28,2026-02,security monitoring hosts 2026-02,JE-HAP-2026-02-1150
HAP-2026-02-1151,VEND-046,Boston Edison Steam,BOS-2026-02-1151,2026-02-17,2026-03-19,105.11,USD,HPO-2026-02-1151,PAID,2026-02-28,2026-02,usage overage block 2026-02,JE-HAP-2026-02-1151
HAP-2026-02-1152,VEND-050,Linear App,LIN-2026-02-1152,2026-02-17,2026-03-19,16200.22,USD,HPO-2026-02-1152,PAID,2026-02-28,2026-02,premium support 2026-02,JE-HAP-2026-02-1152
HAP-2026-02-1153,VEND-042,Stripe Processing,STR-2026-02-1153,2026-02-18,2026-03-20,150.33,USD,HPO-2026-02-1153,PAID,2026-02-28,2026-02,usage overage block 2026-02,JE-HAP-2026-02-1153
HAP-2026-02-1154,VEND-046,Boston Edison Steam,BOS-2026-02-1154,2026-02-18,2026-03-20,1800.44,USD,HPO-2026-02-1154,PAID,2026-02-28,2026-02,premium support 2026-02,JE-HAP-2026-02-1154
HAP-2026-02-1155,VEND-050,Linear App,LIN-2026-02-1155,2026-02-18,2026-03-20,116.05,USD,HPO-2026-02-1155,PAID,2026-02-28,2026-02,warehouse consumables 2026-02,JE-HAP-2026-02-1155
HAP-2026-02-1156,VEND-002,Amazon Web Services,AMA-2026-02-1156,2026-02-18,2026-03-20,60.66,USD,HPO-2026-02-1156,PAID,2026-02-28,2026-02,security monitoring hosts 2026-02,JE-HAP-2026-02-1156
HAP-2026-02-1157,VEND-006,Datadog,DAT-2026-02-1157,2026-02-18,2026-03-20,105.77,USD,HPO-2026-02-1157,PAID,2026-02-28,2026-02,usage overage block 2026-02,JE-HAP-2026-02-1157
HAP-2026-02-1158,VEND-011,Hartford Insurance,HAR-2026-02-1158,2026-02-18,2026-03-20,16200.88,USD,HPO-2026-02-1158,PAID,2026-02-28,2026-02,premium support 2026-02,JE-HAP-2026-02-1158
HAP-2026-02-1159,VEND-015,Harbor Electric,HAR-2026-02-1159,2026-02-18,2026-03-20,424.49,USD,HPO-2026-02-1159,PAID,2026-02-28,2026-02,warehouse consumables 2026-02,JE-HAP-2026-02-1159
HAP-2026-02-1160,VEND-019,Freightline Logistics,FRE-2026-02-1160,2026-02-18,2026-03-20,25.1,USD,HPO-2026-02-1160,PAID,2026-02-28,2026-02,security monitoring hosts 2026-02,JE-HAP-2026-02-1160
HAP-2026-02-1161,VEND-023,Notion Labs,NOT-2026-02-1161,2026-02-18,2026-03-20,61.21,USD,HPO-2026-02-1161,PAID,2026-02-28,2026-02,usage overage block 2026-02,JE-HAP-2026-02-1161
HAP-2026-02-1162,VEND-027,Zoom Video,ZOO-2026-02-1162,2026-02-18,2026-03-20,10801.32,USD,HPO-2026-02-1162,PAID,2026-02-28,2026-02,premium support 2026-02,JE-HAP-2026-02-1162
HAP-2026-02-1163,VEND-031,Helios Hardware Supply,HEL-2026-02-1163,2026-02-18,2026-03-20,309.43,USD,HPO-2026-02-1163,PAID,2026-02-28,2026-02,warehouse consumables 2026-02,JE-HAP-2026-02-1163
HAP-2026-02-1164,VEND-035,ADP,ADP-2026-02-1164,2026-02-18,2026-03-20,121.54,USD,HPO-2026-02-1164,PAID,2026-02-28,2026-02,security monitoring hosts 2026-02,JE-HAP-2026-02-1164
HAP-2026-02-1165,VEND-027,Zoom Video,ZOO-2026-02-1165,2026-02-19,2026-03-21,425.15,USD,HPO-2026-02-1165,PAID,2026-02-28,2026-02,warehouse consumables 2026-02,JE-HAP-2026-02-1165
HAP-2026-02-1166,VEND-031,Helios Hardware Supply,HEL-2026-02-1166,2026-02-19,2026-03-21,25.76,USD,HPO-2026-02-1166,PAID,2026-02-28,2026-02,security monitoring hosts 2026-02,JE-HAP-2026-02-1166
HAP-2026-02-1167,VEND-035,ADP,ADP-2026-02-1167,2026-02-19,2026-03-21,61.87,USD,HPO-2026-02-1167,PAID,2026-02-28,2026-02,usage overage block 2026-02,JE-HAP-2026-02-1167
HAP-2026-02-1168,VEND-039,CleanRoom Janitorial,CLE-2026-02-1168,2026-02-19,2026-03-21,10801.98,USD,HPO-2026-02-1168,PAID,2026-02-28,2026-02,premium support 2026-02,JE-HAP-2026-02-1168
HAP-2026-02-1169,VEND-043,Adyen NV,ADY-2026-02-1169,2026-02-19,2026-03-21,310.09,USD,HPO-2026-02-1169,PAID,2026-02-28,2026-02,warehouse consumables 2026-02,JE-HAP-2026-02-1169
HAP-2026-02-1170,VEND-047,Carta,CAR-2026-02-1170,2026-02-19,2026-03-21,122.2,USD,HPO-2026-02-1170,PAID,2026-02-28,2026-02,security monitoring hosts 2026-02,JE-HAP-2026-02-1170
HAP-2026-02-1171,VEND-001,Acme Supplies,ACM-2026-02-1171,2026-02-19,2026-03-21,17.31,USD,HPO-2026-02-1171,PAID,2026-02-28,2026-02,usage overage block 2026-02,JE-HAP-2026-02-1171
HAP-2026-02-1172,VEND-003,Northline Fabrication,NOR-2026-02-1172,2026-02-19,2026-03-21,5402.42,USD,HPO-2026-02-1172,PAID,2026-02-28,2026-02,premium support 2026-02,JE-HAP-2026-02-1172
HAP-2026-02-1173,VEND-007,Slack Technologies,SLA-2026-02-1173,2026-02-19,2026-03-21,192.5,USD,HPO-2026-02-1173,PAID,2026-02-28,2026-02,warehouse consumables 2026-02,JE-HAP-2026-02-1173
HAP-2026-02-1174,VEND-012,Orbit Analytics,ORB-2026-02-1174,2026-02-19,2026-03-21,84.11,USD,HPO-2026-02-1174,PAID,2026-02-28,2026-02,security monitoring hosts 2026-02,JE-HAP-2026-02-1174
HAP-2026-02-1175,VEND-016,Lindholm & Ruiz LLP,LIN-2026-02-1175,2026-02-19,2026-03-21,135.22,USD,HPO-2026-02-1175,PAID,2026-02-28,2026-02,usage overage block 2026-02,JE-HAP-2026-02-1175
HAP-2026-02-1176,VEND-020,Lenovo,LEN-2026-02-1176,2026-02-19,2026-03-21,19800.33,USD,HPO-2026-02-1176,PAID,2026-02-28,2026-02,premium support 2026-02,JE-HAP-2026-02-1176
HAP-2026-02-1177,VEND-012,Orbit Analytics,ORB-2026-02-1177,2026-02-20,2026-03-22,15.44,USD,HPO-2026-02-1177,PAID,2026-02-28,2026-02,usage overage block 2026-02,JE-HAP-2026-02-1177
HAP-2026-02-1178,VEND-016,Lindholm & Ruiz LLP,LIN-2026-02-1178,2026-02-20,2026-03-22,5400.55,USD,HPO-2026-02-1178,PAID,2026-02-28,2026-02,premium support 2026-02,JE-HAP-2026-02-1178
HAP-2026-02-1179,VEND-020,Lenovo,LEN-2026-02-1179,2026-02-20,2026-03-22,193.16,USD,HPO-2026-02-1179,PAID,2026-02-28,2026-02,warehouse consumables 2026-02,JE-HAP-2026-02-1179
HAP-2026-02-1180,VEND-024,Snowflake,SNO-2026-02-1180,2026-02-20,2026-03-22,84.77,USD,HPO-2026-02-1180,PAID,2026-02-28,2026-02,security monitoring hosts 2026-02,JE-HAP-2026-02-1180
HAP-2026-02-1181,VEND-028,Atlassian,ATL-2026-02-1181,2026-02-20,2026-03-22,135.88,USD,HPO-2026-02-1181,PAID,2026-02-28,2026-02,usage overage block 2026-02,JE-HAP-2026-02-1181
HAP-2026-02-1182,VEND-032,Harbor Power & Light,HAR-2026-02-1182,2026-02-20,2026-03-22,19800.99,USD,HPO-2026-02-1182,PAID,2026-02-28,2026-02,premium support 2026-02,JE-HAP-2026-02-1182
HAP-2026-02-1183,VEND-036,WeWork Cambridge,WEW-2026-02-1183,2026-02-20,2026-03-22,78.1,USD,HPO-2026-02-1183,PAID,2026-02-28,2026-02,warehouse consumables 2026-02,JE-HAP-2026-02-1183
HAP-2026-02-1184,VEND-040,Kendall Square Parking,KEN-2026-02-1184,2026-02-20,2026-03-22,49.21,USD,HPO-2026-02-1184,PAID,2026-02-28,2026-02,security monitoring hosts 2026-02,JE-HAP-2026-02-1184
HAP-2026-02-1185,VEND-044,DocuSign,DOC-2026-02-1185,2026-02-20,2026-03-22,91.32,USD,HPO-2026-02-1185,PAID,2026-02-28,2026-02,usage overage block 2026-02,JE-HAP-2026-02-1185
HAP-2026-02-1186,VEND-048,Gusto Payroll,GUS-2026-02-1186,2026-02-20,2026-03-22,14401.43,USD,HPO-2026-02-1186,PAID,2026-02-28,2026-02,premium support 2026-02,JE-HAP-2026-02-1186
HAP-2026-02-1187,VEND-001-DUP,Acme Supplies LLC,ACM-2026-02-1187,2026-02-20,2026-03-22,386.54,USD,HPO-2026-02-1187,PAID,2026-02-28,2026-02,warehouse consumables 2026-02,JE-HAP-2026-02-1187
HAP-2026-02-1188,VEND-004,Office Depot,OFF-2026-02-1188,2026-02-20,2026-03-22,13.65,USD,HPO-2026-02-1188,PAID,2026-02-28,2026-02,security monitoring hosts 2026-02,JE-HAP-2026-02-1188
HAP-2026-02-1189,VEND-048,Gusto Payroll,GUS-2026-02-1189,2026-02-21,2026-03-23,78.76,USD,HPO-2026-02-1189,PAID,2026-02-28,2026-02,warehouse consumables 2026-02,JE-HAP-2026-02-1189
HAP-2026-02-1190,VEND-001-DUP,Acme Supplies LLC,ACM-2026-02-1190,2026-02-21,2026-03-23,49.87,USD,HPO-2026-02-1190,PAID,2026-02-28,2026-02,security monitoring hosts 2026-02,JE-HAP-2026-02-1190
HAP-2026-02-1191,VEND-004,Office Depot,OFF-2026-02-1191,2026-02-21,2026-03-23,91.98,USD,HPO-2026-02-1191,PAID,2026-02-28,2026-02,usage overage block 2026-02,JE-HAP-2026-02-1191
HAP-2026-02-1192,VEND-008,Figma,FIG-2026-02-1192,2026-02-21,2026-03-23,14402.09,USD,HPO-2026-02-1192,PAID,2026-02-28,2026-02,premium support 2026-02,JE-HAP-2026-02-1192
HAP-2026-02-1193,VEND-013,Cambridge Properties,CAM-2026-02-1193,2026-02-21,2026-03-23,387.2,USD,HPO-2026-02-1193,PAID,2026-02-28,2026-02,warehouse consumables 2026-02,JE-HAP-2026-02-1193
HAP-2026-02-1194,VEND-017,GitHub,GIT-2026-02-1194,2026-02-21,2026-03-23,14.31,USD,HPO-2026-02-1194,PAID,2026-02-28,2026-02,security monitoring hosts 2026-02,JE-HAP-2026-02-1194
HAP-2026-02-1195,VEND-021,Misc Supplies,MIS-2026-02-1195,2026-02-21,2026-03-23,47.42,USD,HPO-2026-02-1195,PAID,2026-02-28,2026-02,usage overage block 2026-02,JE-HAP-2026-02-1195
HAP-2026-02-1196,VEND-025,Okta,OKT-2026-02-1196,2026-02-21,2026-03-23,9000.0,USD,HPO-2026-02-1196,PAID,2026-02-28,2026-02,premium support 2026-02,JE-HAP-2026-02-1196
HAP-2026-02-1197,VEND-029,Cloudflare,CLO-2026-02-1197,2026-02-21,2026-03-23,269.61,USD,HPO-2026-02-1197,PAID,2026-02-28,2026-02,warehouse consumables 2026-02,JE-HAP-2026-02-1197
HAP-2026-02-1198,VEND-033,Staples Business Advantage,STA-2026-02-1198,2026-02-21,2026-03-23,108.22,USD,HPO-2026-02-1198,PAID,2026-02-28,2026-02,security monitoring hosts 2026-02,JE-HAP-2026-02-1198
HAP-2026-02-1199,VEND-037,Comcast Business,COM-2026-02-1199,2026-02-21,2026-03-23,165.33,USD,HPO-2026-02-1199,PAID,2026-02-28,2026-02,usage overage block 2026-02,JE-HAP-2026-02-1199
HAP-2026-02-1200,VEND-041,HubSpot,HUB-2026-02-1200,2026-02-21,2026-03-23,3600.44,USD,HPO-2026-02-1200,PAID,2026-02-28,2026-02,premium support 2026-02,JE-HAP-2026-02-1200
HAP-2026-03-1201,VEND-033,Staples Business Advantage,STA-2026-03-1201,2026-03-02,2026-04-01,45.55,USD,HPO-2026-03-1201,PAID,2026-03-20,2026-03,usage overage block 2026-03,JE-HAP-2026-03-1201
HAP-2026-03-1202,VEND-037,Comcast Business,COM-2026-03-1202,2026-03-02,2026-04-01,9000.66,USD,HPO-2026-03-1202,PAID,2026-03-20,2026-03,premium support 2026-03,JE-HAP-2026-03-1202
HAP-2026-03-1203,VEND-041,HubSpot,HUB-2026-03-1203,2026-03-02,2026-04-01,270.27,USD,HPO-2026-03-1203,PAID,2026-03-20,2026-03,warehouse consumables 2026-03,JE-HAP-2026-03-1203
HAP-2026-03-1204,VEND-045,Palo Alto Networks,PAL-2026-03-1204,2026-03-02,2026-04-01,108.88,USD,HPO-2026-03-1204,PAID,2026-03-20,2026-03,security monitoring hosts 2026-03,JE-HAP-2026-03-1204
HAP-2026-03-1205,VEND-049,Vanta,VAN-2026-03-1205,2026-03-02,2026-04-01,165.99,USD,HPO-2026-03-1205,PAID,2026-03-20,2026-03,usage overage block 2026-03,JE-HAP-2026-03-1205
HAP-2026-03-1206,VEND-001-ALIAS,Acme Supply Co.,ACM-2026-03-1206,2026-03-02,2026-04-01,3601.1,USD,HPO-2026-03-1206,PAID,2026-03-20,2026-03,premium support 2026-03,JE-HAP-2026-03-1206
HAP-2026-03-1207,VEND-005,Helios Hardware,HEL-2026-03-1207,2026-03-02,2026-04-01,155.21,USD,HPO-2026-03-1207,PAID,2026-03-20,2026-03,warehouse consumables 2026-03,JE-HAP-2026-03-1207
HAP-2026-03-1208,VEND-009,Google Cloud,GOO-2026-03-1208,2026-03-02,2026-04-01,73.32,USD,HPO-2026-03-1208,PAID,2026-03-20,2026-03,security monitoring hosts 2026-03,JE-HAP-2026-03-1208
HAP-2026-03-1209,VEND-014,Dell Technologies,DEL-2026-03-1209,2026-03-02,2026-04-01,121.43,USD,HPO-2026-03-1209,PAID,2026-03-20,2026-03,usage overage block 2026-03,JE-HAP-2026-03-1209
HAP-2026-03-1210,VEND-018,Shadow Vendor LLC,SHA-2026-03-1210,2026-03-02,2026-04-01,18001.54,USD,HPO-2026-03-1210,PAID,2026-03-20,2026-03,premium support 2026-03,JE-HAP-2026-03-1210
HAP-2026-03-1211,VEND-022,Twilio,TWI-2026-03-1211,2026-03-02,2026-04-01,40.15,USD,HPO-2026-03-1211,PAID,2026-03-20,2026-03,warehouse consumables 2026-03,JE-HAP-2026-03-1211
HAP-2026-03-1212,VEND-026,CrowdStrike,CRO-2026-03-1212,2026-03-02,2026-04-01,37.76,USD,HPO-2026-03-1212,PAID,2026-03-20,2026-03,security monitoring hosts 2026-03,JE-HAP-2026-03-1212
HAP-2026-03-1213,VEND-018,Shadow Vendor LLC,SHA-2026-03-1213,2026-03-03,2026-04-02,155.87,USD,HPO-2026-03-1213,PAID,2026-03-21,2026-03,warehouse consumables 2026-03,JE-HAP-2026-03-1213
HAP-2026-03-1214,VEND-022,Twilio,TWI-2026-03-1214,2026-03-03,2026-04-02,73.98,USD,HPO-2026-03-1214,PAID,2026-03-21,2026-03,security monitoring hosts 2026-03,JE-HAP-2026-03-1214
HAP-2026-03-1215,VEND-026,CrowdStrike,CRO-2026-03-1215,2026-03-03,2026-04-02,122.09,USD,HPO-2026-03-1215,PAID,2026-03-21,2026-03,usage overage block 2026-03,JE-HAP-2026-03-1215
HAP-2026-03-1216,VEND-030,Northline Fab Group,NOR-2026-03-1216,2026-03-03,2026-04-02,18002.2,USD,HPO-2026-03-1216,PAID,2026-03-21,2026-03,premium support 2026-03,JE-HAP-2026-03-1216
HAP-2026-03-1217,VEND-034,FedEx,FED-2026-03-1217,2026-03-03,2026-04-02,40.81,USD,HPO-2026-03-1217,PAID,2026-03-21,2026-03,warehouse consumables 2026-03,JE-HAP-2026-03-1217
HAP-2026-03-1218,VEND-038,Pagaya Coffee Service,PAG-2026-03-1218,2026-03-03,2026-04-02,38.42,USD,HPO-2026-03-1218,PAID,2026-03-21,2026-03,security monitoring hosts 2026-03,JE-HAP-2026-03-1218
HAP-2026-03-1219,VEND-042,Stripe Processing,STR-2026-03-1219,2026-03-03,2026-04-02,75.0,USD,HPO-2026-03-1219,PAID,2026-03-21,2026-03,usage overage block 2026-03,JE-HAP-2026-03-1219
HAP-2026-03-1220,VEND-046,Boston Edison Steam,BOS-2026-03-1220,2026-03-03,2026-04-02,12600.11,USD,HPO-2026-03-1220,PAID,2026-03-21,2026-03,premium support 2026-03,JE-HAP-2026-03-1220
HAP-2026-03-1221,VEND-050,Linear App,LIN-2026-03-1221,2026-03-03,2026-04-02,346.72,USD,HPO-2026-03-1221,PAID,2026-03-21,2026-03,warehouse consumables 2026-03,JE-HAP-2026-03-1221
HAP-2026-03-1222,VEND-002,Amazon Web Services,AMA-2026-03-1222,2026-03-03,2026-04-02,132.33,USD,HPO-2026-03-1222,PAID,2026-03-21,2026-03,security monitoring hosts 2026-03,JE-HAP-2026-03-1222
HAP-2026-03-1223,VEND-006,Datadog,DAT-2026-03-1223,2026-03-03,2026-04-02,30.44,USD,HPO-2026-03-1223,PAID,2026-03-21,2026-03,usage overage block 2026-03,JE-HAP-2026-03-1223
HAP-2026-03-1224,VEND-011,Hartford Insurance,HAR-2026-03-1224,2026-03-03,2026-04-02,7200.55,USD,HPO-2026-03-1224,PAID,2026-03-21,2026-03,premium support 2026-03,JE-HAP-2026-03-1224
HAP-2026-03-1225,VEND-002,Amazon Web Services,AMA-2026-03-1225,2026-03-04,2026-04-03,75.66,USD,HPO-2026-03-1225,PAID,2026-03-22,2026-03,usage overage block 2026-03,JE-HAP-2026-03-1225
HAP-2026-03-1226,VEND-006,Datadog,DAT-2026-03-1226,2026-03-04,2026-04-03,12600.77,USD,HPO-2026-03-1226,PAID,2026-03-22,2026-03,premium support 2026-03,JE-HAP-2026-03-1226
HAP-2026-03-1227,VEND-011,Hartford Insurance,HAR-2026-03-1227,2026-03-04,2026-04-03,347.38,USD,HPO-2026-03-1227,PAID,2026-03-22,2026-03,warehouse consumables 2026-03,JE-HAP-2026-03-1227
HAP-2026-03-1228,VEND-015,Harbor Electric,HAR-2026-03-1228,2026-03-04,2026-04-03,132.99,USD,HPO-2026-03-1228,PAID,2026-03-22,2026-03,security monitoring hosts 2026-03,JE-HAP-2026-03-1228
HAP-2026-03-1229,VEND-019,Freightline Logistics,FRE-2026-03-1229,2026-03-04,2026-04-03,31.1,USD,HPO-2026-03-1229,PAID,2026-03-22,2026-03,usage overage block 2026-03,JE-HAP-2026-03-1229
HAP-2026-03-1230,VEND-023,Notion Labs,NOT-2026-03-1230,2026-03-04,2026-04-03,7201.21,USD,HPO-2026-03-1230,PAID,2026-03-22,2026-03,premium support 2026-03,JE-HAP-2026-03-1230
HAP-2026-03-1231,VEND-027,Zoom Video,ZOO-2026-03-1231,2026-03-04,2026-04-03,232.32,USD,HPO-2026-03-1231,PAID,2026-03-22,2026-03,warehouse consumables 2026-03,JE-HAP-2026-03-1231
HAP-2026-03-1232,VEND-031,Helios Hardware Supply,HEL-2026-03-1232,2026-03-04,2026-04-03,97.43,USD,HPO-2026-03-1232,PAID,2026-03-22,2026-03,security monitoring hosts 2026-03,JE-HAP-2026-03-1232
HAP-2026-03-1233,VEND-035,ADP,ADP-2026-03-1233,2026-03-04,2026-04-03,151.54,USD,HPO-2026-03-1233,PAID,2026-03-22,2026-03,usage overage block 2026-03,JE-HAP-2026-03-1233
HAP-2026-03-1234,VEND-039,CleanRoom Janitorial,CLE-2026-03-1234,2026-03-04,2026-04-03,1801.65,USD,HPO-2026-03-1234,PAID,2026-03-22,2026-03,premium support 2026-03,JE-HAP-2026-03-1234
HAP-2026-03-1235,VEND-043,Adyen NV,ADY-2026-03-1235,2026-03-04,2026-04-03,117.26,USD,HPO-2026-03-1235,PAID,2026-03-22,2026-03,warehouse consumables 2026-03,JE-HAP-2026-03-1235
HAP-2026-03-1236,VEND-047,Carta,CAR-2026-03-1236,2026-03-04,2026-04-03,61.87,USD,HPO-2026-03-1236,PAID,2026-03-22,2026-03,security monitoring hosts 2026-03,JE-HAP-2026-03-1236
HAP-2026-03-1237,VEND-039,CleanRoom Janitorial,CLE-2026-03-1237,2026-03-05,2026-04-04,232.98,USD,HPO-2026-03-1237,PAID,2026-03-23,2026-03,warehouse consumables 2026-03,JE-HAP-2026-03-1237
HAP-2026-03-1238,VEND-043,Adyen NV,ADY-2026-03-1238,2026-03-05,2026-04-04,98.09,USD,HPO-2026-03-1238,PAID,2026-03-23,2026-03,security monitoring hosts 2026-03,JE-HAP-2026-03-1238
HAP-2026-03-1239,VEND-047,Carta,CAR-2026-03-1239,2026-03-05,2026-04-04,152.2,USD,HPO-2026-03-1239,PAID,2026-03-23,2026-03,usage overage block 2026-03,JE-HAP-2026-03-1239
HAP-2026-03-1240,VEND-001,Acme Supplies,ACM-2026-03-1240,2026-03-05,2026-04-04,1802.31,USD,HPO-2026-03-1240,PAID,2026-03-23,2026-03,premium support 2026-03,JE-HAP-2026-03-1240
HAP-2026-03-1241,VEND-003,Northline Fabrication,NOR-2026-03-1241,2026-03-05,2026-04-04,117.92,USD,HPO-2026-03-1241,PAID,2026-03-23,2026-03,warehouse consumables 2026-03,JE-HAP-2026-03-1241
HAP-2026-03-1242,VEND-007,Slack Technologies,SLA-2026-03-1242,2026-03-05,2026-04-04,60.0,USD,HPO-2026-03-1242,PAID,2026-03-23,2026-03,security monitoring hosts 2026-03,JE-HAP-2026-03-1242
HAP-2026-03-1243,VEND-012,Orbit Analytics,ORB-2026-03-1243,2026-03-05,2026-04-04,105.11,USD,HPO-2026-03-1243,PAID,2026-03-23,2026-03,usage overage block 2026-03,JE-HAP-2026-03-1243
HAP-2026-03-1244,VEND-016,Lindholm & Ruiz LLP,LIN-2026-03-1244,2026-03-05,2026-04-04,16200.22,USD,HPO-2026-03-1244,PAID,2026-03-23,2026-03,premium support 2026-03,JE-HAP-2026-03-1244
HAP-2026-03-1245,VEND-020,Lenovo,LEN-2026-03-1245,2026-03-05,2026-04-04,423.83,USD,HPO-2026-03-1245,PAID,2026-03-23,2026-03,warehouse consumables 2026-03,JE-HAP-2026-03-1245
HAP-2026-03-1246,VEND-024,Snowflake,SNO-2026-03-1246,2026-03-05,2026-04-04,24.44,USD,HPO-2026-03-1246,PAID,2026-03-23,2026-03,security monitoring hosts 2026-03,JE-HAP-2026-03-1246
HAP-2026-03-1247,VEND-028,Atlassian,ATL-2026-03-1247,2026-03-05,2026-04-04,60.55,USD,HPO-2026-03-1247,PAID,2026-03-23,2026-03,usage overage block 2026-03,JE-HAP-2026-03-1247
HAP-2026-03-1248,VEND-032,Harbor Power & Light,HAR-2026-03-1248,2026-03-05,2026-04-04,10800.66,USD,HPO-2026-03-1248,PAID,2026-03-23,2026-03,premium support 2026-03,JE-HAP-2026-03-1248
HAP-2026-03-1249,VEND-024,Snowflake,SNO-2026-03-1249,2026-03-06,2026-04-05,105.77,USD,HPO-2026-03-1249,PAID,2026-03-24,2026-03,usage overage block 2026-03,JE-HAP-2026-03-1249
HAP-2026-03-1250,VEND-028,Atlassian,ATL-2026-03-1250,2026-03-06,2026-04-05,16200.88,USD,HPO-2026-03-1250,PAID,2026-03-24,2026-03,premium support 2026-03,JE-HAP-2026-03-1250
HAP-2026-03-1251,VEND-032,Harbor Power & Light,HAR-2026-03-1251,2026-03-06,2026-04-05,424.49,USD,HPO-2026-03-1251,PAID,2026-03-24,2026-03,warehouse consumables 2026-03,JE-HAP-2026-03-1251
HAP-2026-03-1252,VEND-036,WeWork Cambridge,WEW-2026-03-1252,2026-03-06,2026-04-05,25.1,USD,HPO-2026-03-1252,PAID,2026-03-24,2026-03,security monitoring hosts 2026-03,JE-HAP-2026-03-1252
HAP-2026-03-1253,VEND-040,Kendall Square Parking,KEN-2026-03-1253,2026-03-06,2026-04-05,61.21,USD,HPO-2026-03-1253,PAID,2026-03-24,2026-03,usage overage block 2026-03,JE-HAP-2026-03-1253
HAP-2026-03-1254,VEND-044,DocuSign,DOC-2026-03-1254,2026-03-06,2026-04-05,10801.32,USD,HPO-2026-03-1254,PAID,2026-03-24,2026-03,premium support 2026-03,JE-HAP-2026-03-1254
HAP-2026-03-1255,VEND-048,Gusto Payroll,GUS-2026-03-1255,2026-03-06,2026-04-05,309.43,USD,HPO-2026-03-1255,PAID,2026-03-24,2026-03,warehouse consumables 2026-03,JE-HAP-2026-03-1255
HAP-2026-03-1256,VEND-001-DUP,Acme Supplies LLC,ACM-2026-03-1256,2026-03-06,2026-04-05,121.54,USD,HPO-2026-03-1256,PAID,2026-03-24,2026-03,security monitoring hosts 2026-03,JE-HAP-2026-03-1256
HAP-2026-03-1257,VEND-004,Office Depot,OFF-2026-03-1257,2026-03-06,2026-04-05,16.65,USD,HPO-2026-03-1257,PAID,2026-03-24,2026-03,usage overage block 2026-03,JE-HAP-2026-03-1257
HAP-2026-03-1258,VEND-008,Figma,FIG-2026-03-1258,2026-03-06,2026-04-05,5401.76,USD,HPO-2026-03-1258,PAID,2026-03-24,2026-03,premium support 2026-03,JE-HAP-2026-03-1258
HAP-2026-03-1259,VEND-013,Cambridge Properties,CAM-2026-03-1259,2026-03-06,2026-04-05,194.37,USD,HPO-2026-03-1259,PAID,2026-03-24,2026-03,warehouse consumables 2026-03,JE-HAP-2026-03-1259
HAP-2026-03-1260,VEND-017,GitHub,GIT-2026-03-1260,2026-03-06,2026-04-05,85.98,USD,HPO-2026-03-1260,PAID,2026-03-24,2026-03,security monitoring hosts 2026-03,JE-HAP-2026-03-1260
HAP-2026-03-1261,VEND-008,Figma,FIG-2026-03-1261,2026-03-07,2026-04-06,310.09,USD,HPO-2026-03-1261,PAID,2026-03-25,2026-03,warehouse consumables 2026-03,JE-HAP-2026-03-1261
HAP-2026-03-1262,VEND-013,Cambridge Properties,CAM-2026-03-1262,2026-03-07,2026-04-06,122.2,USD,HPO-2026-03-1262,PAID,2026-03-25,2026-03,security monitoring hosts 2026-03,JE-HAP-2026-03-1262
HAP-2026-03-1263,VEND-017,GitHub,GIT-2026-03-1263,2026-03-07,2026-04-06,17.31,USD,HPO-2026-03-1263,PAID,2026-03-25,2026-03,usage overage block 2026-03,JE-HAP-2026-03-1263
HAP-2026-03-1264,VEND-021,Misc Supplies,MIS-2026-03-1264,2026-03-07,2026-04-06,5402.42,USD,HPO-2026-03-1264,PAID,2026-03-25,2026-03,premium support 2026-03,JE-HAP-2026-03-1264
HAP-2026-03-1265,VEND-025,Okta,OKT-2026-03-1265,2026-03-07,2026-04-06,192.5,USD,HPO-2026-03-1265,PAID,2026-03-25,2026-03,warehouse consumables 2026-03,JE-HAP-2026-03-1265
HAP-2026-03-1266,VEND-029,Cloudflare,CLO-2026-03-1266,2026-03-07,2026-04-06,84.11,USD,HPO-2026-03-1266,PAID,2026-03-25,2026-03,security monitoring hosts 2026-03,JE-HAP-2026-03-1266
HAP-2026-03-1267,VEND-033,Staples Business Advantage,STA-2026-03-1267,2026-03-07,2026-04-06,135.22,USD,HPO-2026-03-1267,PAID,2026-03-25,2026-03,usage overage block 2026-03,JE-HAP-2026-03-1267
HAP-2026-03-1268,VEND-037,Comcast Business,COM-2026-03-1268,2026-03-07,2026-04-06,19800.33,USD,HPO-2026-03-1268,PAID,2026-03-25,2026-03,premium support 2026-03,JE-HAP-2026-03-1268
HAP-2026-03-1269,VEND-041,HubSpot,HUB-2026-03-1269,2026-03-07,2026-04-06,77.44,USD,HPO-2026-03-1269,PAID,2026-03-25,2026-03,warehouse consumables 2026-03,JE-HAP-2026-03-1269
HAP-2026-03-1270,VEND-045,Palo Alto Networks,PAL-2026-03-1270,2026-03-07,2026-04-06,48.55,USD,HPO-2026-03-1270,PAID,2026-03-25,2026-03,security monitoring hosts 2026-03,JE-HAP-2026-03-1270
HAP-2026-03-1271,VEND-049,Vanta,VAN-2026-03-1271,2026-03-07,2026-04-06,90.66,USD,HPO-2026-03-1271,PAID,2026-03-25,2026-03,usage overage block 2026-03,JE-HAP-2026-03-1271
HAP-2026-03-1272,VEND-001-ALIAS,Acme Supply Co.,ACM-2026-03-1272,2026-03-07,2026-04-06,14400.77,USD,HPO-2026-03-1272,PAID,2026-03-25,2026-03,premium support 2026-03,JE-HAP-2026-03-1272
HAP-2026-03-1273,VEND-045,Palo Alto Networks,PAL-2026-03-1273,2026-03-08,2026-04-07,135.88,USD,HPO-2026-03-1273,PAID,2026-03-26,2026-03,usage overage block 2026-03,JE-HAP-2026-03-1273
HAP-2026-03-1274,VEND-049,Vanta,VAN-2026-03-1274,2026-03-08,2026-04-07,19800.99,USD,HPO-2026-03-1274,PAID,2026-03-26,2026-03,premium support 2026-03,JE-HAP-2026-03-1274
HAP-2026-03-1275,VEND-001-ALIAS,Acme Supply Co.,ACM-2026-03-1275,2026-03-08,2026-04-07,78.1,USD,HPO-2026-03-1275,PAID,2026-03-26,2026-03,warehouse consumables 2026-03,JE-HAP-2026-03-1275
HAP-2026-03-1276,VEND-005,Helios Hardware,HEL-2026-03-1276,2026-03-08,2026-04-07,49.21,USD,HPO-2026-03-1276,PAID,2026-03-26,2026-03,security monitoring hosts 2026-03,JE-HAP-2026-03-1276
HAP-2026-03-1277,VEND-009,Google Cloud,GOO-2026-03-1277,2026-03-08,2026-04-07,91.32,USD,HPO-2026-03-1277,PAID,2026-03-26,2026-03,usage overage block 2026-03,JE-HAP-2026-03-1277
HAP-2026-03-1278,VEND-014,Dell Technologies,DEL-2026-03-1278,2026-03-08,2026-04-07,14401.43,USD,HPO-2026-03-1278,PAID,2026-03-26,2026-03,premium support 2026-03,JE-HAP-2026-03-1278
HAP-2026-03-1279,VEND-018,Shadow Vendor LLC,SHA-2026-03-1279,2026-03-08,2026-04-07,386.54,USD,HPO-2026-03-1279,PAID,2026-03-26,2026-03,warehouse consumables 2026-03,JE-HAP-2026-03-1279
HAP-2026-03-1280,VEND-022,Twilio,TWI-2026-03-1280,2026-03-08,2026-04-07,13.65,USD,HPO-2026-03-1280,PAID,2026-03-26,2026-03,security monitoring hosts 2026-03,JE-HAP-2026-03-1280
HAP-2026-03-1281,VEND-026,CrowdStrike,CRO-2026-03-1281,2026-03-08,2026-04-07,46.76,USD,HPO-2026-03-1281,PAID,2026-03-26,2026-03,usage overage block 2026-03,JE-HAP-2026-03-1281
HAP-2026-03-1282,VEND-030,Northline Fab Group,NOR-2026-03-1282,2026-03-08,2026-04-07,9001.87,USD,HPO-2026-03-1282,PAID,2026-03-26,2026-03,premium support 2026-03,JE-HAP-2026-03-1282
HAP-2026-03-1283,VEND-034,FedEx,FED-2026-03-1283,2026-03-08,2026-04-07,271.48,USD,HPO-2026-03-1283,PAID,2026-03-26,2026-03,warehouse consumables 2026-03,JE-HAP-2026-03-1283
HAP-2026-03-1284,VEND-038,Pagaya Coffee Service,PAG-2026-03-1284,2026-03-08,2026-04-07,110.09,USD,HPO-2026-03-1284,PAID,2026-03-26,2026-03,security monitoring hosts 2026-03,JE-HAP-2026-03-1284
HAP-2026-03-1285,VEND-030,Northline Fab Group,NOR-2026-03-1285,2026-03-09,2026-04-08,387.2,USD,HPO-2026-03-1285,PAID,2026-03-27,2026-03,warehouse consumables 2026-03,JE-HAP-2026-03-1285
HAP-2026-03-1286,VEND-034,FedEx,FED-2026-03-1286,2026-03-09,2026-04-08,14.31,USD,HPO-2026-03-1286,PAID,2026-03-27,2026-03,security monitoring hosts 2026-03,JE-HAP-2026-03-1286
HAP-2026-03-1287,VEND-038,Pagaya Coffee Service,PAG-2026-03-1287,2026-03-09,2026-04-08,47.42,USD,HPO-2026-03-1287,PAID,2026-03-27,2026-03,usage overage block 2026-03,JE-HAP-2026-03-1287
HAP-2026-03-1288,VEND-042,Stripe Processing,STR-2026-03-1288,2026-03-09,2026-04-08,9000.0,USD,HPO-2026-03-1288,PAID,2026-03-27,2026-03,premium support 2026-03,JE-HAP-2026-03-1288
HAP-2026-03-1289,VEND-046,Boston Edison Steam,BOS-2026-03-1289,2026-03-09,2026-04-08,269.61,USD,HPO-2026-03-1289,PAID,2026-03-27,2026-03,warehouse consumables 2026-03,JE-HAP-2026-03-1289
HAP-2026-03-1290,VEND-050,Linear App,LIN-2026-03-1290,2026-03-09,2026-04-08,108.22,USD,HPO-2026-03-1290,PAID,2026-03-27,2026-03,security monitoring hosts 2026-03,JE-HAP-2026-03-1290
HAP-2026-03-1291,VEND-002,Amazon Web Services,AMA-2026-03-1291,2026-03-09,2026-04-08,165.33,USD,HPO-2026-03-1291,PAID,2026-03-27,2026-03,usage overage block 2026-03,JE-HAP-2026-03-1291
HAP-2026-03-1292,VEND-006,Datadog,DAT-2026-03-1292,2026-03-09,2026-04-08,3600.44,USD,HPO-2026-03-1292,PAID,2026-03-27,2026-03,premium support 2026-03,JE-HAP-2026-03-1292
HAP-2026-03-1293,VEND-011,Hartford Insurance,HAR-2026-03-1293,2026-03-09,2026-04-08,154.55,USD,HPO-2026-03-1293,PAID,2026-03-27,2026-03,warehouse consumables 2026-03,JE-HAP-2026-03-1293
HAP-2026-03-1294,VEND-015,Harbor Electric,HAR-2026-03-1294,2026-03-09,2026-04-08,72.66,USD,HPO-2026-03-1294,PAID,2026-03-27,2026-03,security monitoring hosts 2026-03,JE-HAP-2026-03-1294
HAP-2026-03-1295,VEND-019,Freightline Logistics,FRE-2026-03-1295,2026-03-09,2026-04-08,120.77,USD,HPO-2026-03-1295,PAID,2026-03-27,2026-03,usage overage block 2026-03,JE-HAP-2026-03-1295
HAP-2026-03-1296,VEND-023,Notion Labs,NOT-2026-03-1296,2026-03-09,2026-04-08,18000.88,USD,HPO-2026-03-1296,PAID,2026-03-27,2026-03,premium support 2026-03,JE-HAP-2026-03-1296
HAP-2026-03-1297,VEND-015,Harbor Electric,HAR-2026-03-1297,2026-03-10,2026-04-09,165.99,USD,HPO-2026-03-1297,PAID,2026-03-28,2026-03,usage overage block 2026-03,JE-HAP-2026-03-1297
HAP-2026-03-1298,VEND-019,Freightline Logistics,FRE-2026-03-1298,2026-03-10,2026-04-09,3601.1,USD,HPO-2026-03-1298,PAID,2026-03-28,2026-03,premium support 2026-03,JE-HAP-2026-03-1298
HAP-2026-03-1299,VEND-023,Notion Labs,NOT-2026-03-1299,2026-03-10,2026-04-09,155.21,USD,HPO-2026-03-1299,PAID,2026-03-28,2026-03,warehouse consumables 2026-03,JE-HAP-2026-03-1299
HAP-2026-03-1300,VEND-027,Zoom Video,ZOO-2026-03-1300,2026-03-10,2026-04-09,73.32,USD,HPO-2026-03-1300,PAID,2026-03-28,2026-03,security monitoring hosts 2026-03,JE-HAP-2026-03-1300
HAP-2026-03-1301,VEND-031,Helios Hardware Supply,HEL-2026-03-1301,2026-03-10,2026-04-09,121.43,USD,HPO-2026-03-1301,PAID,2026-03-28,2026-03,usage overage block 2026-03,JE-HAP-2026-03-1301
HAP-2026-03-1302,VEND-035,ADP,ADP-2026-03-1302,2026-03-10,2026-04-09,18001.54,USD,HPO-2026-03-1302,PAID,2026-03-28,2026-03,premium support 2026-03,JE-HAP-2026-03-1302
HAP-2026-03-1303,VEND-039,CleanRoom Janitorial,CLE-2026-03-1303,2026-03-10,2026-04-09,40.15,USD,HPO-2026-03-1303,PAID,2026-03-28,2026-03,warehouse consumables 2026-03,JE-HAP-2026-03-1303
HAP-2026-03-1304,VEND-043,Adyen NV,ADY-2026-03-1304,2026-03-10,2026-04-09,37.76,USD,HPO-2026-03-1304,PAID,2026-03-28,2026-03,security monitoring hosts 2026-03,JE-HAP-2026-03-1304
HAP-2026-03-1305,VEND-047,Carta,CAR-2026-03-1305,2026-03-10,2026-04-09,76.87,USD,HPO-2026-03-1305,PAID,2026-03-28,2026-03,usage overage block 2026-03,JE-HAP-2026-03-1305
HAP-2026-03-1306,VEND-001,Acme Supplies,ACM-2026-03-1306,2026-03-10,2026-04-09,12601.98,USD,HPO-2026-03-1306,PAID,2026-03-28,2026-03,premium support 2026-03,JE-HAP-2026-03-1306
HAP-2026-03-1307,VEND-003,Northline Fabrication,NOR-2026-03-1307,2026-03-10,2026-04-09,348.59,USD,HPO-2026-03-1307,PAID,2026-03-28,2026-03,warehouse consumables 2026-03,JE-HAP-2026-03-1307
HAP-2026-03-1308,VEND-007,Slack Technologies,SLA-2026-03-1308,2026-03-10,2026-04-09,134.2,USD,HPO-2026-03-1308,PAID,2026-03-28,2026-03,security monitoring hosts 2026-03,JE-HAP-2026-03-1308
HAP-2026-03-1309,VEND-001,Acme Supplies,ACM-2026-03-1309,2026-03-11,2026-04-10,40.81,USD,HPO-2026-03-1309,PAID,2026-03-29,2026-03,warehouse consumables 2026-03,JE-HAP-2026-03-1309
HAP-2026-03-1310,VEND-003,Northline Fabrication,NOR-2026-03-1310,2026-03-11,2026-04-10,38.42,USD,HPO-2026-03-1310,PAID,2026-03-29,2026-03,security monitoring hosts 2026-03,JE-HAP-2026-03-1310
HAP-2026-03-1311,VEND-007,Slack Technologies,SLA-2026-03-1311,2026-03-11,2026-04-10,75.0,USD,HPO-2026-03-1311,PAID,2026-03-29,2026-03,usage overage block 2026-03,JE-HAP-2026-03-1311
HAP-2026-03-1312,VEND-012,Orbit Analytics,ORB-2026-03-1312,2026-03-11,2026-04-10,12600.11,USD,HPO-2026-03-1312,PAID,2026-03-29,2026-03,premium support 2026-03,JE-HAP-2026-03-1312
HAP-2026-03-1313,VEND-016,Lindholm & Ruiz LLP,LIN-2026-03-1313,2026-03-11,2026-04-10,346.72,USD,HPO-2026-03-1313,PAID,2026-03-29,2026-03,warehouse consumables 2026-03,JE-HAP-2026-03-1313
HAP-2026-03-1314,VEND-020,Lenovo,LEN-2026-03-1314,2026-03-11,2026-04-10,132.33,USD,HPO-2026-03-1314,PAID,2026-03-29,2026-03,security monitoring hosts 2026-03,JE-HAP-2026-03-1314
HAP-2026-03-1315,VEND-024,Snowflake,SNO-2026-03-1315,2026-03-11,2026-04-10,30.44,USD,HPO-2026-03-1315,PAID,2026-03-29,2026-03,usage overage block 2026-03,JE-HAP-2026-03-1315
HAP-2026-03-1316,VEND-028,Atlassian,ATL-2026-03-1316,2026-03-11,2026-04-10,7200.55,USD,HPO-2026-03-1316,PAID,2026-03-29,2026-03,premium support 2026-03,JE-HAP-2026-03-1316
HAP-2026-03-1317,VEND-032,Harbor Power & Light,HAR-2026-03-1317,2026-03-11,2026-04-10,231.66,USD,HPO-2026-03-1317,PAID,2026-03-29,2026-03,warehouse consumables 2026-03,JE-HAP-2026-03-1317
HAP-2026-03-1318,VEND-036,WeWork Cambridge,WEW-2026-03-1318,2026-03-11,2026-04-10,96.77,USD,HPO-2026-03-1318,PAID,2026-03-29,2026-03,security monitoring hosts 2026-03,JE-HAP-2026-03-1318
HAP-2026-03-1319,VEND-040,Kendall Square Parking,KEN-2026-03-1319,2026-03-11,2026-04-10,150.88,USD,HPO-2026-03-1319,PAID,2026-03-29,2026-03,usage overage block 2026-03,JE-HAP-2026-03-1319
HAP-2026-03-1320,VEND-044,DocuSign,DOC-2026-03-1320,2026-03-11,2026-04-10,1800.99,USD,HPO-2026-03-1320,PAID,2026-03-29,2026-03,premium support 2026-03,JE-HAP-2026-03-1320
HAP-2026-03-1321,VEND-036,WeWork Cambridge,WEW-2026-03-1321,2026-03-12,2026-04-11,31.1,USD,HPO-2026-03-1321,PAID,2026-03-30,2026-03,usage overage block 2026-03,JE-HAP-2026-03-1321
HAP-2026-03-1322,VEND-040,Kendall Square Parking,KEN-2026-03-1322,2026-03-12,2026-04-11,7201.21,USD,HPO-2026-03-1322,PAID,2026-03-30,2026-03,premium support 2026-03,JE-HAP-2026-03-1322
HAP-2026-03-1323,VEND-044,DocuSign,DOC-2026-03-1323,2026-03-12,2026-04-11,232.32,USD,HPO-2026-03-1323,PAID,2026-03-30,2026-03,warehouse consumables 2026-03,JE-HAP-2026-03-1323
HAP-2026-03-1324,VEND-048,Gusto Payroll,GUS-2026-03-1324,2026-03-12,2026-04-11,97.43,USD,HPO-2026-03-1324,PAID,2026-03-30,2026-03,security monitoring hosts 2026-03,JE-HAP-2026-03-1324
HAP-2026-03-1325,VEND-001-DUP,Acme Supplies LLC,ACM-2026-03-1325,2026-03-12,2026-04-11,151.54,USD,HPO-2026-03-1325,PAID,2026-03-30,2026-03,usage overage block 2026-03,JE-HAP-2026-03-1325
HAP-2026-03-1326,VEND-004,Office Depot,OFF-2026-03-1326,2026-03-12,2026-04-11,1801.65,USD,HPO-2026-03-1326,PAID,2026-03-30,2026-03,premium support 2026-03,JE-HAP-2026-03-1326
HAP-2026-03-1327,VEND-008,Figma,FIG-2026-03-1327,2026-03-12,2026-04-11,117.26,USD,HPO-2026-03-1327,PAID,2026-03-30,2026-03,warehouse consumables 2026-03,JE-HAP-2026-03-1327
HAP-2026-03-1328,VEND-013,Cambridge Properties,CAM-2026-03-1328,2026-03-12,2026-04-11,61.87,USD,HPO-2026-03-1328,PAID,2026-03-30,2026-03,security monitoring hosts 2026-03,JE-HAP-2026-03-1328
HAP-2026-03-1329,VEND-017,GitHub,GIT-2026-03-1329,2026-03-12,2026-04-11,106.98,USD,HPO-2026-03-1329,PAID,2026-03-30,2026-03,usage overage block 2026-03,JE-HAP-2026-03-1329
HAP-2026-03-1330,VEND-021,Misc Supplies,MIS-2026-03-1330,2026-03-12,2026-04-11,16202.09,USD,HPO-2026-03-1330,PAID,2026-03-30,2026-03,premium support 2026-03,JE-HAP-2026-03-1330
HAP-2026-03-1331,VEND-025,Okta,OKT-2026-03-1331,2026-03-12,2026-04-11,425.7,USD,HPO-2026-03-1331,PAID,2026-03-30,2026-03,warehouse consumables 2026-03,JE-HAP-2026-03-1331
HAP-2026-03-1332,VEND-029,Cloudflare,CLO-2026-03-1332,2026-03-12,2026-04-11,26.31,USD,HPO-2026-03-1332,PAID,2026-03-30,2026-03,security monitoring hosts 2026-03,JE-HAP-2026-03-1332
HAP-2026-03-1333,VEND-021,Misc Supplies,MIS-2026-03-1333,2026-03-13,2026-04-12,117.92,USD,HPO-2026-03-1333,PAID,2026-03-31,2026-03,warehouse consumables 2026-03,JE-HAP-2026-03-1333
HAP-2026-03-1334,VEND-025,Okta,OKT-2026-03-1334,2026-03-13,2026-04-12,60.0,USD,HPO-2026-03-1334,PAID,2026-03-31,2026-03,security monitoring hosts 2026-03,JE-HAP-2026-03-1334
HAP-2026-03-1335,VEND-029,Cloudflare,CLO-2026-03-1335,2026-03-13,2026-04-12,105.11,USD,HPO-2026-03-1335,PAID,2026-03-31,2026-03,usage overage block 2026-03,JE-HAP-2026-03-1335
HAP-2026-03-1336,VEND-033,Staples Business Advantage,STA-2026-03-1336,2026-03-13,2026-04-12,16200.22,USD,HPO-2026-03-1336,PAID,2026-03-31,2026-03,premium support 2026-03,JE-HAP-2026-03-1336
HAP-2026-03-1337,VEND-037,Comcast Business,COM-2026-03-1337,2026-03-13,2026-04-12,423.83,USD,HPO-2026-03-1337,PAID,2026-03-31,2026-03,warehouse consumables 2026-03,JE-HAP-2026-03-1337
HAP-2026-03-1338,VEND-041,HubSpot,HUB-2026-03-1338,2026-03-13,2026-04-12,24.44,USD,HPO-2026-03-1338,PAID,2026-03-31,2026-03,security monitoring hosts 2026-03,JE-HAP-2026-03-1338
HAP-2026-03-1339,VEND-045,Palo Alto Networks,PAL-2026-03-1339,2026-03-13,2026-04-12,60.55,USD,HPO-2026-03-1339,PAID,2026-03-31,2026-03,usage overage block 2026-03,JE-HAP-2026-03-1339
HAP-2026-03-1340,VEND-049,Vanta,VAN-2026-03-1340,2026-03-13,2026-04-12,10800.66,USD,HPO-2026-03-1340,PAID,2026-03-31,2026-03,premium support 2026-03,JE-HAP-2026-03-1340
HAP-2026-03-1341,VEND-001-ALIAS,Acme Supply Co.,ACM-2026-03-1341,2026-03-13,2026-04-12,308.77,USD,HPO-2026-03-1341,PAID,2026-03-31,2026-03,warehouse consumables 2026-03,JE-HAP-2026-03-1341
HAP-2026-03-1342,VEND-005,Helios Hardware,HEL-2026-03-1342,2026-03-13,2026-04-12,120.88,USD,HPO-2026-03-1342,PAID,2026-03-31,2026-03,security monitoring hosts 2026-03,JE-HAP-2026-03-1342
HAP-2026-03-1343,VEND-009,Google Cloud,GOO-2026-03-1343,2026-03-13,2026-04-12,15.99,USD,HPO-2026-03-1343,PAID,2026-03-31,2026-03,usage overage block 2026-03,JE-HAP-2026-03-1343
HAP-2026-03-1344,VEND-014,Dell Technologies,DEL-2026-03-1344,2026-03-13,2026-04-12,5401.1,USD,HPO-2026-03-1344,PAID,2026-03-31,2026-03,premium support 2026-03,JE-HAP-2026-03-1344
HAP-2026-03-1345,VEND-005,Helios Hardware,HEL-2026-03-1345,2026-03-14,2026-04-13,61.21,USD,HPO-2026-03-1345,PAID,2026-03-31,2026-03,usage overage block 2026-03,JE-HAP-2026-03-1345
HAP-2026-03-1346,VEND-009,Google Cloud,GOO-2026-03-1346,2026-03-14,2026-04-13,10801.32,USD,HPO-2026-03-1346,PAID,2026-03-31,2026-03,premium support 2026-03,JE-HAP-2026-03-1346
HAP-2026-03-1347,VEND-014,Dell Technologies,DEL-2026-03-1347,2026-03-14,2026-04-13,309.43,USD,HPO-2026-03-1347,PAID,2026-03-31,2026-03,warehouse consumables 2026-03,JE-HAP-2026-03-1347
HAP-2026-03-1348,VEND-018,Shadow Vendor LLC,SHA-2026-03-1348,2026-03-14,2026-04-13,121.54,USD,HPO-2026-03-1348,PAID,2026-03-31,2026-03,security monitoring hosts 2026-03,JE-HAP-2026-03-1348
HAP-2026-03-1349,VEND-022,Twilio,TWI-2026-03-1349,2026-03-14,2026-04-13,16.65,USD,HPO-2026-03-1349,PAID,2026-03-31,2026-03,usage overage block 2026-03,JE-HAP-2026-03-1349
HAP-2026-03-1350,VEND-026,CrowdStrike,CRO-2026-03-1350,2026-03-14,2026-04-13,5401.76,USD,HPO-2026-03-1350,PAID,2026-03-31,2026-03,premium support 2026-03,JE-HAP-2026-03-1350
HAP-2026-03-1351,VEND-030,Northline Fab Group,NOR-2026-03-1351,2026-03-14,2026-04-13,194.37,USD,HPO-2026-03-1351,PAID,2026-03-31,2026-03,warehouse consumables 2026-03,JE-HAP-2026-03-1351
HAP-2026-03-1352,VEND-034,FedEx,FED-2026-03-1352,2026-03-14,2026-04-13,85.98,USD,HPO-2026-03-1352,PAID,2026-03-31,2026-03,security monitoring hosts 2026-03,JE-HAP-2026-03-1352
HAP-2026-03-1353,VEND-038,Pagaya Coffee Service,PAG-2026-03-1353,2026-03-14,2026-04-13,137.09,USD,HPO-2026-03-1353,PAID,2026-03-31,2026-03,usage overage block 2026-03,JE-HAP-2026-03-1353
HAP-2026-03-1354,VEND-042,Stripe Processing,STR-2026-03-1354,2026-03-14,2026-04-13,19802.2,USD,HPO-2026-03-1354,PAID,2026-03-31,2026-03,premium support 2026-03,JE-HAP-2026-03-1354
HAP-2026-03-1355,VEND-046,Boston Edison Steam,BOS-2026-03-1355,2026-03-14,2026-04-13,79.31,USD,HPO-2026-03-1355,PAID,2026-03-31,2026-03,warehouse consumables 2026-03,JE-HAP-2026-03-1355
HAP-2026-03-1356,VEND-050,Linear App,LIN-2026-03-1356,2026-03-14,2026-04-13,50.42,USD,HPO-2026-03-1356,PAID,2026-03-31,2026-03,security monitoring hosts 2026-03,JE-HAP-2026-03-1356
HAP-2026-03-1357,VEND-042,Stripe Processing,STR-2026-03-1357,2026-03-15,2026-04-14,192.5,USD,HPO-2026-03-1357,PAID,2026-03-31,2026-03,warehouse consumables 2026-03,JE-HAP-2026-03-1357
HAP-2026-03-1358,VEND-046,Boston Edison Steam,BOS-2026-03-1358,2026-03-15,2026-04-14,84.11,USD,HPO-2026-03-1358,PAID,2026-03-31,2026-03,security monitoring hosts 2026-03,JE-HAP-2026-03-1358
HAP-2026-03-1359,VEND-050,Linear App,LIN-2026-03-1359,2026-03-15,2026-04-14,135.22,USD,HPO-2026-03-1359,PAID,2026-03-31,2026-03,usage overage block 2026-03,JE-HAP-2026-03-1359
HAP-2026-03-1360,VEND-002,Amazon Web Services,AMA-2026-03-1360,2026-03-15,2026-04-14,19800.33,USD,HPO-2026-03-1360,PAID,2026-03-31,2026-03,premium support 2026-03,JE-HAP-2026-03-1360
HAP-2026-03-1361,VEND-006,Datadog,DAT-2026-03-1361,2026-03-15,2026-04-14,77.44,USD,HPO-2026-03-1361,PAID,2026-03-31,2026-03,warehouse consumables 2026-03,JE-HAP-2026-03-1361
HAP-2026-03-1362,VEND-011,Hartford Insurance,HAR-2026-03-1362,2026-03-15,2026-04-14,48.55,USD,HPO-2026-03-1362,PAID,2026-03-31,2026-03,security monitoring hosts 2026-03,JE-HAP-2026-03-1362
HAP-2026-03-1363,VEND-015,Harbor Electric,HAR-2026-03-1363,2026-03-15,2026-04-14,90.66,USD,HPO-2026-03-1363,PAID,2026-03-31,2026-03,usage overage block 2026-03,JE-HAP-2026-03-1363
HAP-2026-03-1364,VEND-019,Freightline Logistics,FRE-2026-03-1364,2026-03-15,2026-04-14,14400.77,USD,HPO-2026-03-1364,PAID,2026-03-31,2026-03,premium support 2026-03,JE-HAP-2026-03-1364
HAP-2026-03-1365,VEND-023,Notion Labs,NOT-2026-03-1365,2026-03-15,2026-04-14,385.88,USD,HPO-2026-03-1365,PAID,2026-03-31,2026-03,warehouse consumables 2026-03,JE-HAP-2026-03-1365
HAP-2026-03-1366,VEND-027,Zoom Video,ZOO-2026-03-1366,2026-03-15,2026-04-14,12.99,USD,HPO-2026-03-1366,PAID,2026-03-31,2026-03,security monitoring hosts 2026-03,JE-HAP-2026-03-1366
HAP-2026-03-1367,VEND-031,Helios Hardware Supply,HEL-2026-03-1367,2026-03-15,2026-04-14,46.1,USD,HPO-2026-03-1367,PAID,2026-03-31,2026-03,usage overage block 2026-03,JE-HAP-2026-03-1367
HAP-2026-03-1368,VEND-035,ADP,ADP-2026-03-1368,2026-03-15,2026-04-14,9001.21,USD,HPO-2026-03-1368,PAID,2026-03-31,2026-03,premium support 2026-03,JE-HAP-2026-03-1368
HAP-2026-03-1369,VEND-027,Zoom Video,ZOO-2026-03-1369,2026-03-16,2026-04-15,91.32,USD,HPO-2026-03-1369,PAID,2026-03-31,2026-03,usage overage block 2026-03,JE-HAP-2026-03-1369
HAP-2026-03-1370,VEND-031,Helios Hardware Supply,HEL-2026-03-1370,2026-03-16,2026-04-15,14401.43,USD,HPO-2026-03-1370,PAID,2026-03-31,2026-03,premium support 2026-03,JE-HAP-2026-03-1370
HAP-2026-03-1371,VEND-035,ADP,ADP-2026-03-1371,2026-03-16,2026-04-15,386.54,USD,HPO-2026-03-1371,PAID,2026-03-31,2026-03,warehouse consumables 2026-03,JE-HAP-2026-03-1371
HAP-2026-03-1372,VEND-039,CleanRoom Janitorial,CLE-2026-03-1372,2026-03-16,2026-04-15,13.65,USD,HPO-2026-03-1372,PAID,2026-03-31,2026-03,security monitoring hosts 2026-03,JE-HAP-2026-03-1372
HAP-2026-03-1373,VEND-043,Adyen NV,ADY-2026-03-1373,2026-03-16,2026-04-15,46.76,USD,HPO-2026-03-1373,PAID,2026-03-31,2026-03,usage overage block 2026-03,JE-HAP-2026-03-1373
HAP-2026-03-1374,VEND-047,Carta,CAR-2026-03-1374,2026-03-16,2026-04-15,9001.87,USD,HPO-2026-03-1374,PAID,2026-03-31,2026-03,premium support 2026-03,JE-HAP-2026-03-1374
HAP-2026-03-1375,VEND-001,Acme Supplies,ACM-2026-03-1375,2026-03-16,2026-04-15,271.48,USD,HPO-2026-03-1375,PAID,2026-03-31,2026-03,warehouse consumables 2026-03,JE-HAP-2026-03-1375
HAP-2026-03-1376,VEND-003,Northline Fabrication,NOR-2026-03-1376,2026-03-16,2026-04-15,110.09,USD,HPO-2026-03-1376,PAID,2026-03-31,2026-03,security monitoring hosts 2026-03,JE-HAP-2026-03-1376
HAP-2026-03-1377,VEND-007,Slack Technologies,SLA-2026-03-1377,2026-03-16,2026-04-15,167.2,USD,HPO-2026-03-1377,PAID,2026-03-31,2026-03,usage overage block 2026-03,JE-HAP-2026-03-1377
HAP-2026-03-1378,VEND-012,Orbit Analytics,ORB-2026-03-1378,2026-03-16,2026-04-15,3602.31,USD,HPO-2026-03-1378,PAID,2026-03-31,2026-03,premium support 2026-03,JE-HAP-2026-03-1378
HAP-2026-03-1379,VEND-016,Lindholm & Ruiz LLP,LIN-2026-03-1379,2026-03-16,2026-04-15,156.42,USD,HPO-2026-03-1379,PAID,2026-03-31,2026-03,warehouse consumables 2026-03,JE-HAP-2026-03-1379
HAP-2026-03-1380,VEND-020,Lenovo,LEN-2026-03-1380,2026-03-16,2026-04-15,72.0,USD,HPO-2026-03-1380,PAID,2026-03-31,2026-03,security monitoring hosts 2026-03,JE-HAP-2026-03-1380
HAP-2026-03-1381,VEND-012,Orbit Analytics,ORB-2026-03-1381,2026-03-17,2026-04-16,269.61,USD,HPO-2026-03-1381,PAID,2026-03-31,2026-03,warehouse consumables 2026-03,JE-HAP-2026-03-1381
HAP-2026-03-1382,VEND-016,Lindholm & Ruiz LLP,LIN-2026-03-1382,2026-03-17,2026-04-16,108.22,USD,HPO-2026-03-1382,PAID,2026-03-31,2026-03,security monitoring hosts 2026-03,JE-HAP-2026-03-1382
HAP-2026-03-1383,VEND-020,Lenovo,LEN-2026-03-1383,2026-03-17,2026-04-16,165.33,USD,HPO-2026-03-1383,PAID,2026-03-31,2026-03,usage overage block 2026-03,JE-HAP-2026-03-1383
HAP-2026-03-1384,VEND-024,Snowflake,SNO-2026-03-1384,2026-03-17,2026-04-16,3600.44,USD,HPO-2026-03-1384,PAID,2026-03-31,2026-03,premium support 2026-03,JE-HAP-2026-03-1384
HAP-2026-03-1385,VEND-028,Atlassian,ATL-2026-03-1385,2026-03-17,2026-04-16,154.55,USD,HPO-2026-03-1385,PAID,2026-03-31,2026-03,warehouse consumables 2026-03,JE-HAP-2026-03-1385
HAP-2026-03-1386,VEND-032,Harbor Power & Light,HAR-2026-03-1386,2026-03-17,2026-04-16,72.66,USD,HPO-2026-03-1386,PAID,2026-03-31,2026-03,security monitoring hosts 2026-03,JE-HAP-2026-03-1386
HAP-2026-03-1387,VEND-036,WeWork Cambridge,WEW-2026-03-1387,2026-03-17,2026-04-16,120.77,USD,HPO-2026-03-1387,PAID,2026-03-31,2026-03,usage overage block 2026-03,JE-HAP-2026-03-1387
HAP-2026-03-1388,VEND-040,Kendall Square Parking,KEN-2026-03-1388,2026-03-17,2026-04-16,18000.88,USD,HPO-2026-03-1388,PAID,2026-03-31,2026-03,premium support 2026-03,JE-HAP-2026-03-1388
HAP-2026-03-1389,VEND-044,DocuSign,DOC-2026-03-1389,2026-03-17,2026-04-16,39.49,USD,HPO-2026-03-1389,PAID,2026-03-31,2026-03,warehouse consumables 2026-03,JE-HAP-2026-03-1389
HAP-2026-03-1390,VEND-048,Gusto Payroll,GUS-2026-03-1390,2026-03-17,2026-04-16,37.1,USD,HPO-2026-03-1390,PAID,2026-03-31,2026-03,security monitoring hosts 2026-03,JE-HAP-2026-03-1390
HAP-2026-03-1391,VEND-001-DUP,Acme Supplies LLC,ACM-2026-03-1391,2026-03-17,2026-04-16,76.21,USD,HPO-2026-03-1391,PAID,2026-03-31,2026-03,usage overage block 2026-03,JE-HAP-2026-03-1391
HAP-2026-03-1392,VEND-004,Office Depot,OFF-2026-03-1392,2026-03-17,2026-04-16,12601.32,USD,HPO-2026-03-1392,PAID,2026-03-31,2026-03,premium support 2026-03,JE-HAP-2026-03-1392
HAP-2026-03-1393,VEND-048,Gusto Payroll,GUS-2026-03-1393,2026-03-18,2026-04-17,121.43,USD,HPO-2026-03-1393,PAID,2026-03-31,2026-03,usage overage block 2026-03,JE-HAP-2026-03-1393
HAP-2026-03-1394,VEND-001-DUP,Acme Supplies LLC,ACM-2026-03-1394,2026-03-18,2026-04-17,18001.54,USD,HPO-2026-03-1394,PAID,2026-03-31,2026-03,premium support 2026-03,JE-HAP-2026-03-1394
HAP-2026-03-1395,VEND-004,Office Depot,OFF-2026-03-1395,2026-03-18,2026-04-17,40.15,USD,HPO-2026-03-1395,PAID,2026-03-31,2026-03,warehouse consumables 2026-03,JE-HAP-2026-03-1395
HAP-2026-03-1396,VEND-008,Figma,FIG-2026-03-1396,2026-03-18,2026-04-17,37.76,USD,HPO-2026-03-1396,PAID,2026-03-31,2026-03,security monitoring hosts 2026-03,JE-HAP-2026-03-1396
HAP-2026-03-1397,VEND-013,Cambridge Properties,CAM-2026-03-1397,2026-03-18,2026-04-17,76.87,USD,HPO-2026-03-1397,PAID,2026-03-31,2026-03,usage overage block 2026-03,JE-HAP-2026-03-1397
HAP-2026-03-1398,VEND-017,GitHub,GIT-2026-03-1398,2026-03-18,2026-04-17,12601.98,USD,HPO-2026-03-1398,PAID,2026-03-31,2026-03,premium support 2026-03,JE-HAP-2026-03-1398
HAP-2026-03-1399,VEND-021,Misc Supplies,MIS-2026-03-1399,2026-03-18,2026-04-17,348.59,USD,HPO-2026-03-1399,PAID,2026-03-31,2026-03,warehouse consumables 2026-03,JE-HAP-2026-03-1399
HAP-2026-03-1400,VEND-025,Okta,OKT-2026-03-1400,2026-03-18,2026-04-17,134.2,USD,HPO-2026-03-1400,PAID,2026-03-31,2026-03,security monitoring hosts 2026-03,JE-HAP-2026-03-1400
HAP-2026-03-1401,VEND-029,Cloudflare,CLO-2026-03-1401,2026-03-18,2026-04-17,32.31,USD,HPO-2026-03-1401,PAID,2026-03-31,2026-03,usage overage block 2026-03,JE-HAP-2026-03-1401
HAP-2026-03-1402,VEND-033,Staples Business Advantage,STA-2026-03-1402,2026-03-18,2026-04-17,7202.42,USD,HPO-2026-03-1402,PAID,2026-03-31,2026-03,premium support 2026-03,JE-HAP-2026-03-1402
HAP-2026-03-1403,VEND-037,Comcast Business,COM-2026-03-1403,2026-03-18,2026-04-17,231.0,USD,HPO-2026-03-1403,PAID,2026-03-31,2026-03,warehouse consumables 2026-03,JE-HAP-2026-03-1403
HAP-2026-03-1404,VEND-041,HubSpot,HUB-2026-03-1404,2026-03-18,2026-04-17,96.11,USD,HPO-2026-03-1404,PAID,2026-03-31,2026-03,security monitoring hosts 2026-03,JE-HAP-2026-03-1404
HAP-2026-03-1405,VEND-033,Staples Business Advantage,STA-2026-03-1405,2026-03-19,2026-04-18,346.72,USD,HPO-2026-03-1405,PAID,2026-03-31,2026-03,warehouse consumables 2026-03,JE-HAP-2026-03-1405
HAP-2026-03-1406,VEND-037,Comcast Business,COM-2026-03-1406,2026-03-19,2026-04-18,132.33,USD,HPO-2026-03-1406,PAID,2026-03-31,2026-03,security monitoring hosts 2026-03,JE-HAP-2026-03-1406
HAP-2026-03-1407,VEND-041,HubSpot,HUB-2026-03-1407,2026-03-19,2026-04-18,30.44,USD,HPO-2026-03-1407,PAID,2026-03-31,2026-03,usage overage block 2026-03,JE-HAP-2026-03-1407
HAP-2026-03-1408,VEND-045,Palo Alto Networks,PAL-2026-03-1408,2026-03-19,2026-04-18,7200.55,USD,HPO-2026-03-1408,PAID,2026-03-31,2026-03,premium support 2026-03,JE-HAP-2026-03-1408
HAP-2026-03-1409,VEND-049,Vanta,VAN-2026-03-1409,2026-03-19,2026-04-18,231.66,USD,HPO-2026-03-1409,PAID,2026-03-31,2026-03,warehouse consumables 2026-03,JE-HAP-2026-03-1409
HAP-2026-03-1410,VEND-001-ALIAS,Acme Supply Co.,ACM-2026-03-1410,2026-03-19,2026-04-18,96.77,USD,HPO-2026-03-1410,PAID,2026-03-31,2026-03,security monitoring hosts 2026-03,JE-HAP-2026-03-1410
HAP-2026-03-1411,VEND-005,Helios Hardware,HEL-2026-03-1411,2026-03-19,2026-04-18,150.88,USD,HPO-2026-03-1411,PAID,2026-03-31,2026-03,usage overage block 2026-03,JE-HAP-2026-03-1411
HAP-2026-03-1412,VEND-009,Google Cloud,GOO-2026-03-1412,2026-03-19,2026-04-18,1800.99,USD,HPO-2026-03-1412,PAID,2026-03-31,2026-03,premium support 2026-03,JE-HAP-2026-03-1412
HAP-2026-03-1413,VEND-014,Dell Technologies,DEL-2026-03-1413,2026-03-19,2026-04-18,116.6,USD,HPO-2026-03-1413,PAID,2026-03-31,2026-03,warehouse consumables 2026-03,JE-HAP-2026-03-1413
HAP-2026-03-1414,VEND-018,Shadow Vendor LLC,SHA-2026-03-1414,2026-03-19,2026-04-18,61.21,USD,HPO-2026-03-1414,PAID,2026-03-31,2026-03,security monitoring hosts 2026-03,JE-HAP-2026-03-1414
HAP-2026-03-1415,VEND-022,Twilio,TWI-2026-03-1415,2026-03-19,2026-04-18,106.32,USD,HPO-2026-03-1415,PAID,2026-03-31,2026-03,usage overage block 2026-03,JE-HAP-2026-03-1415
HAP-2026-03-1416,VEND-026,CrowdStrike,CRO-2026-03-1416,2026-03-19,2026-04-18,16201.43,USD,HPO-2026-03-1416,PAID,2026-03-31,2026-03,premium support 2026-03,JE-HAP-2026-03-1416
HAP-2026-03-1417,VEND-018,Shadow Vendor LLC,SHA-2026-03-1417,2026-03-20,2026-04-19,151.54,USD,HPO-2026-03-1417,PAID,2026-03-31,2026-03,usage overage block 2026-03,JE-HAP-2026-03-1417
HAP-2026-03-1418,VEND-022,Twilio,TWI-2026-03-1418,2026-03-20,2026-04-19,1801.65,USD,HPO-2026-03-1418,PAID,2026-03-31,2026-03,premium support 2026-03,JE-HAP-2026-03-1418
HAP-2026-03-1419,VEND-026,CrowdStrike,CRO-2026-03-1419,2026-03-20,2026-04-19,117.26,USD,HPO-2026-03-1419,PAID,2026-03-31,2026-03,warehouse consumables 2026-03,JE-HAP-2026-03-1419
HAP-2026-03-1420,VEND-030,Northline Fab Group,NOR-2026-03-1420,2026-03-20,2026-04-19,61.87,USD,HPO-2026-03-1420,PAID,2026-03-31,2026-03,security monitoring hosts 2026-03,JE-HAP-2026-03-1420
HAP-2026-03-1421,VEND-034,FedEx,FED-2026-03-1421,2026-03-20,2026-04-19,106.98,USD,HPO-2026-03-1421,PAID,2026-03-31,2026-03,usage overage block 2026-03,JE-HAP-2026-03-1421
HAP-2026-03-1422,VEND-038,Pagaya Coffee Service,PAG-2026-03-1422,2026-03-20,2026-04-19,16202.09,USD,HPO-2026-03-1422,PAID,2026-03-31,2026-03,premium support 2026-03,JE-HAP-2026-03-1422
HAP-2026-03-1423,VEND-042,Stripe Processing,STR-2026-03-1423,2026-03-20,2026-04-19,425.7,USD,HPO-2026-03-1423,PAID,2026-03-31,2026-03,warehouse consumables 2026-03,JE-HAP-2026-03-1423
HAP-2026-03-1424,VEND-046,Boston Edison Steam,BOS-2026-03-1424,2026-03-20,2026-04-19,26.31,USD,HPO-2026-03-1424,PAID,2026-03-31,2026-03,security monitoring hosts 2026-03,JE-HAP-2026-03-1424
HAP-2026-03-1425,VEND-050,Linear App,LIN-2026-03-1425,2026-03-20,2026-04-19,62.42,USD,HPO-2026-03-1425,PAID,2026-03-31,2026-03,usage overage block 2026-03,JE-HAP-2026-03-1425
HAP-2026-03-1426,VEND-002,Amazon Web Services,AMA-2026-03-1426,2026-03-20,2026-04-19,10800.0,USD,HPO-2026-03-1426,PAID,2026-03-31,2026-03,premium support 2026-03,JE-HAP-2026-03-1426
HAP-2026-03-1427,VEND-006,Datadog,DAT-2026-03-1427,2026-03-20,2026-04-19,308.11,USD,HPO-2026-03-1427,PAID,2026-03-31,2026-03,warehouse consumables 2026-03,JE-HAP-2026-03-1427
HAP-2026-03-1428,VEND-011,Hartford Insurance,HAR-2026-03-1428,2026-03-20,2026-04-19,120.22,USD,HPO-2026-03-1428,PAID,2026-03-31,2026-03,security monitoring hosts 2026-03,JE-HAP-2026-03-1428
HAP-2026-03-1429,VEND-002,Amazon Web Services,AMA-2026-03-1429,2026-03-21,2026-04-20,423.83,USD,HPO-2026-03-1429,PAID,2026-03-31,2026-03,warehouse consumables 2026-03,JE-HAP-2026-03-1429
HAP-2026-03-1430,VEND-006,Datadog,DAT-2026-03-1430,2026-03-21,2026-04-20,24.44,USD,HPO-2026-03-1430,PAID,2026-03-31,2026-03,security monitoring hosts 2026-03,JE-HAP-2026-03-1430
HAP-2026-03-1431,VEND-011,Hartford Insurance,HAR-2026-03-1431,2026-03-21,2026-04-20,60.55,USD,HPO-2026-03-1431,PAID,2026-03-31,2026-03,usage overage block 2026-03,JE-HAP-2026-03-1431
HAP-2026-03-1432,VEND-015,Harbor Electric,HAR-2026-03-1432,2026-03-21,2026-04-20,10800.66,USD,HPO-2026-03-1432,PAID,2026-03-31,2026-03,premium support 2026-03,JE-HAP-2026-03-1432
HAP-2026-03-1433,VEND-019,Freightline Logistics,FRE-2026-03-1433,2026-03-21,2026-04-20,308.77,USD,HPO-2026-03-1433,PAID,2026-03-31,2026-03,warehouse consumables 2026-03,JE-HAP-2026-03-1433
HAP-2026-03-1434,VEND-023,Notion Labs,NOT-2026-03-1434,2026-03-21,2026-04-20,120.88,USD,HPO-2026-03-1434,PAID,2026-03-31,2026-03,security monitoring hosts 2026-03,JE-HAP-2026-03-1434
HAP-2026-03-1435,VEND-027,Zoom Video,ZOO-2026-03-1435,2026-03-21,2026-04-20,15.99,USD,HPO-2026-03-1435,PAID,2026-03-31,2026-03,usage overage block 2026-03,JE-HAP-2026-03-1435
HAP-2026-03-1436,VEND-031,Helios Hardware Supply,HEL-2026-03-1436,2026-03-21,2026-04-20,5401.1,USD,HPO-2026-03-1436,PAID,2026-03-31,2026-03,premium support 2026-03,JE-HAP-2026-03-1436
HAP-2026-03-1437,VEND-035,ADP,ADP-2026-03-1437,2026-03-21,2026-04-20,193.71,USD,HPO-2026-03-1437,PAID,2026-03-31,2026-03,warehouse consumables 2026-03,JE-HAP-2026-03-1437
HAP-2026-03-1438,VEND-039,CleanRoom Janitorial,CLE-2026-03-1438,2026-03-21,2026-04-20,85.32,USD,HPO-2026-03-1438,PAID,2026-03-31,2026-03,security monitoring hosts 2026-03,JE-HAP-2026-03-1438
HAP-2026-03-1439,VEND-043,Adyen NV,ADY-2026-03-1439,2026-03-21,2026-04-20,136.43,USD,HPO-2026-03-1439,PAID,2026-03-31,2026-03,usage overage block 2026-03,JE-HAP-2026-03-1439
HAP-2026-03-1440,VEND-047,Carta,CAR-2026-03-1440,2026-03-21,2026-04-20,19801.54,USD,HPO-2026-03-1440,PAID,2026-03-31,2026-03,premium support 2026-03,JE-HAP-2026-03-1440
HAP-2026-04-1441,VEND-039,CleanRoom Janitorial,CLE-2026-04-1441,2026-04-02,2026-05-02,16.65,USD,HPO-2026-04-1441,PAID,2026-04-20,2026-04,usage overage block 2026-04,JE-HAP-2026-04-1441
HAP-2026-04-1442,VEND-043,Adyen NV,ADY-2026-04-1442,2026-04-02,2026-05-02,5401.76,USD,HPO-2026-04-1442,PAID,2026-04-20,2026-04,premium support 2026-04,JE-HAP-2026-04-1442
HAP-2026-04-1443,VEND-047,Carta,CAR-2026-04-1443,2026-04-02,2026-05-02,194.37,USD,HPO-2026-04-1443,PAID,2026-04-20,2026-04,warehouse consumables 2026-04,JE-HAP-2026-04-1443
HAP-2026-04-1444,VEND-001,Acme Supplies,ACM-2026-04-1444,2026-04-02,2026-05-02,85.98,USD,HPO-2026-04-1444,PAID,2026-04-20,2026-04,security monitoring hosts 2026-04,JE-HAP-2026-04-1444
HAP-2026-04-1445,VEND-003,Northline Fabrication,NOR-2026-04-1445,2026-04-02,2026-05-02,137.09,USD,HPO-2026-04-1445,PAID,2026-04-20,2026-04,usage overage block 2026-04,JE-HAP-2026-04-1445
HAP-2026-04-1446,VEND-007,Slack Technologies,SLA-2026-04-1446,2026-04-02,2026-05-02,19802.2,USD,HPO-2026-04-1446,PAID,2026-04-20,2026-04,premium support 2026-04,JE-HAP-2026-04-1446
HAP-2026-04-1447,VEND-012,Orbit Analytics,ORB-2026-04-1447,2026-04-02,2026-05-02,79.31,USD,HPO-2026-04-1447,PAID,2026-04-20,2026-04,warehouse consumables 2026-04,JE-HAP-2026-04-1447
HAP-2026-04-1448,VEND-016,Lindholm & Ruiz LLP,LIN-2026-04-1448,2026-04-02,2026-05-02,50.42,USD,HPO-2026-04-1448,PAID,2026-04-20,2026-04,security monitoring hosts 2026-04,JE-HAP-2026-04-1448
HAP-2026-04-1449,VEND-020,Lenovo,LEN-2026-04-1449,2026-04-02,2026-05-02,90.0,USD,HPO-2026-04-1449,PAID,2026-04-20,2026-04,usage overage block 2026-04,JE-HAP-2026-04-1449
HAP-2026-04-1450,VEND-024,Snowflake,SNO-2026-04-1450,2026-04-02,2026-05-02,14400.11,USD,HPO-2026-04-1450,PAID,2026-04-20,2026-04,premium support 2026-04,JE-HAP-2026-04-1450
HAP-2026-04-1451,VEND-028,Atlassian,ATL-2026-04-1451,2026-04-02,2026-05-02,385.22,USD,HPO-2026-04-1451,PAID,2026-04-20,2026-04,warehouse consumables 2026-04,JE-HAP-2026-04-1451
HAP-2026-04-1452,VEND-032,Harbor Power & Light,HAR-2026-04-1452,2026-04-02,2026-05-02,12.33,USD,HPO-2026-04-1452,PAID,2026-04-20,2026-04,security monitoring hosts 2026-04,JE-HAP-2026-04-1452
HAP-2026-04-1453,VEND-024,Snowflake,SNO-2026-04-1453,2026-04-03,2026-05-03,77.44,USD,HPO-2026-04-1453,PAID,2026-04-21,2026-04,warehouse consumables 2026-04,JE-HAP-2026-04-1453
HAP-2026-04-1454,VEND-028,Atlassian,ATL-2026-04-1454,2026-04-03,2026-05-03,48.55,USD,HPO-2026-04-1454,PAID,2026-04-21,2026-04,security monitoring hosts 2026-04,JE-HAP-2026-04-1454
HAP-2026-04-1455,VEND-032,Harbor Power & Light,HAR-2026-04-1455,2026-04-03,2026-05-03,90.66,USD,HPO-2026-04-1455,PAID,2026-04-21,2026-04,usage overage block 2026-04,JE-HAP-2026-04-1455
HAP-2026-04-1456,VEND-036,WeWork Cambridge,WEW-2026-04-1456,2026-04-03,2026-05-03,14400.77,USD,HPO-2026-04-1456,PAID,2026-04-21,2026-04,premium support 2026-04,JE-HAP-2026-04-1456
HAP-2026-04-1457,VEND-040,Kendall Square Parking,KEN-2026-04-1457,2026-04-03,2026-05-03,385.88,USD,HPO-2026-04-1457,PAID,2026-04-21,2026-04,warehouse consumables 2026-04,JE-HAP-2026-04-1457
HAP-2026-04-1458,VEND-044,DocuSign,DOC-2026-04-1458,2026-04-03,2026-05-03,12.99,USD,HPO-2026-04-1458,PAID,2026-04-21,2026-04,security monitoring hosts 2026-04,JE-HAP-2026-04-1458
HAP-2026-04-1459,VEND-048,Gusto Payroll,GUS-2026-04-1459,2026-04-03,2026-05-03,46.1,USD,HPO-2026-04-1459,PAID,2026-04-21,2026-04,usage overage block 2026-04,JE-HAP-2026-04-1459
HAP-2026-04-1460,VEND-001-DUP,Acme Supplies LLC,ACM-2026-04-1460,2026-04-03,2026-05-03,9001.21,USD,HPO-2026-04-1460,PAID,2026-04-21,2026-04,premium support 2026-04,JE-HAP-2026-04-1460
HAP-2026-04-1461,VEND-004,Office Depot,OFF-2026-04-1461,2026-04-03,2026-05-03,270.82,USD,HPO-2026-04-1461,PAID,2026-04-21,2026-04,warehouse consumables 2026-04,JE-HAP-2026-04-1461
HAP-2026-04-1462,VEND-008,Figma,FIG-2026-04-1462,2026-04-03,2026-05-03,109.43,USD,HPO-2026-04-1462,PAID,2026-04-21,2026-04,security monitoring hosts 2026-04,JE-HAP-2026-04-1462
HAP-2026-04-1463,VEND-013,Cambridge Properties,CAM-2026-04-1463,2026-04-03,2026-05-03,166.54,USD,HPO-2026-04-1463,PAID,2026-04-21,2026-04,usage overage block 2026-04,JE-HAP-2026-04-1463
HAP-2026-04-1464,VEND-017,GitHub,GIT-2026-04-1464,2026-04-03,2026-05-03,3601.65,USD,HPO-2026-04-1464,PAID,2026-04-21,2026-04,premium support 2026-04,JE-HAP-2026-04-1464
HAP-2026-04-1465,VEND-008,Figma,FIG-2026-04-1465,2026-04-04,2026-05-04,46.76,USD,HPO-2026-04-1465,PAID,2026-04-22,2026-04,usage overage block 2026-04,JE-HAP-2026-04-1465
HAP-2026-04-1466,VEND-013,Cambridge Properties,CAM-2026-04-1466,2026-04-04,2026-05-04,9001.87,USD,HPO-2026-04-1466,PAID,2026-04-22,2026-04,premium support 2026-04,JE-HAP-2026-04-1466
HAP-2026-04-1467,VEND-017,GitHub,GIT-2026-04-1467,2026-04-04,2026-05-04,271.48,USD,HPO-2026-04-1467,PAID,2026-04-22,2026-04,warehouse consumables 2026-04,JE-HAP-2026-04-1467
HAP-2026-04-1468,VEND-021,Misc Supplies,MIS-2026-04-1468,2026-04-04,2026-05-04,110.09,USD,HPO-2026-04-1468,PAID,2026-04-22,2026-04,security monitoring hosts 2026-04,JE-HAP-2026-04-1468
HAP-2026-04-1469,VEND-025,Okta,OKT-2026-04-1469,2026-04-04,2026-05-04,167.2,USD,HPO-2026-04-1469,PAID,2026-04-22,2026-04,usage overage block 2026-04,JE-HAP-2026-04-1469
HAP-2026-04-1470,VEND-029,Cloudflare,CLO-2026-04-1470,2026-04-04,2026-05-04,3602.31,USD,HPO-2026-04-1470,PAID,2026-04-22,2026-04,premium support 2026-04,JE-HAP-2026-04-1470
HAP-2026-04-1471,VEND-033,Staples Business Advantage,STA-2026-04-1471,2026-04-04,2026-05-04,156.42,USD,HPO-2026-04-1471,PAID,2026-04-22,2026-04,warehouse consumables 2026-04,JE-HAP-2026-04-1471
HAP-2026-04-1472,VEND-037,Comcast Business,COM-2026-04-1472,2026-04-04,2026-05-04,72.0,USD,HPO-2026-04-1472,PAID,2026-04-22,2026-04,security monitoring hosts 2026-04,JE-HAP-2026-04-1472
HAP-2026-04-1473,VEND-041,HubSpot,HUB-2026-04-1473,2026-04-04,2026-05-04,120.11,USD,HPO-2026-04-1473,PAID,2026-04-22,2026-04,usage overage block 2026-04,JE-HAP-2026-04-1473
HAP-2026-04-1474,VEND-045,Palo Alto Networks,PAL-2026-04-1474,2026-04-04,2026-05-04,18000.22,USD,HPO-2026-04-1474,PAID,2026-04-22,2026-04,premium support 2026-04,JE-HAP-2026-04-1474
HAP-2026-04-1475,VEND-049,Vanta,VAN-2026-04-1475,2026-04-04,2026-05-04,38.83,USD,HPO-2026-04-1475,PAID,2026-04-22,2026-04,warehouse consumables 2026-04,JE-HAP-2026-04-1475
HAP-2026-04-1476,VEND-001-ALIAS,Acme Supply Co.,ACM-2026-04-1476,2026-04-04,2026-05-04,36.44,USD,HPO-2026-04-1476,PAID,2026-04-22,2026-04,security monitoring hosts 2026-04,JE-HAP-2026-04-1476
HAP-2026-04-1477,VEND-045,Palo Alto Networks,PAL-2026-04-1477,2026-04-05,2026-05-05,154.55,USD,HPO-2026-04-1477,PAID,2026-04-23,2026-04,warehouse consumables 2026-04,JE-HAP-2026-04-1477
HAP-2026-04-1478,VEND-049,Vanta,VAN-2026-04-1478,2026-04-05,2026-05-05,72.66,USD,HPO-2026-04-1478,PAID,2026-04-23,2026-04,security monitoring hosts 2026-04,JE-HAP-2026-04-1478
HAP-2026-04-1479,VEND-001-ALIAS,Acme Supply Co.,ACM-2026-04-1479,2026-04-05,2026-05-05,120.77,USD,HPO-2026-04-1479,PAID,2026-04-23,2026-04,usage overage block 2026-04,JE-HAP-2026-04-1479
HAP-2026-04-1480,VEND-005,Helios Hardware,HEL-2026-04-1480,2026-04-05,2026-05-05,18000.88,USD,HPO-2026-04-1480,PAID,2026-04-23,2026-04,premium support 2026-04,JE-HAP-2026-04-1480
HAP-2026-04-1481,VEND-009,Google Cloud,GOO-2026-04-1481,2026-04-05,2026-05-05,39.49,USD,HPO-2026-04-1481,PAID,2026-04-23,2026-04,warehouse consumables 2026-04,JE-HAP-2026-04-1481
HAP-2026-04-1482,VEND-014,Dell Technologies,DEL-2026-04-1482,2026-04-05,2026-05-05,37.1,USD,HPO-2026-04-1482,PAID,2026-04-23,2026-04,security monitoring hosts 2026-04,JE-HAP-2026-04-1482
HAP-2026-04-1483,VEND-018,Shadow Vendor LLC,SHA-2026-04-1483,2026-04-05,2026-05-05,76.21,USD,HPO-2026-04-1483,PAID,2026-04-23,2026-04,usage overage block 2026-04,JE-HAP-2026-04-1483
HAP-2026-04-1484,VEND-022,Twilio,TWI-2026-04-1484,2026-04-05,2026-05-05,12601.32,USD,HPO-2026-04-1484,PAID,2026-04-23,2026-04,premium support 2026-04,JE-HAP-2026-04-1484
HAP-2026-04-1485,VEND-026,CrowdStrike,CRO-2026-04-1485,2026-04-05,2026-05-05,347.93,USD,HPO-2026-04-1485,PAID,2026-04-23,2026-04,warehouse consumables 2026-04,JE-HAP-2026-04-1485
HAP-2026-04-1486,VEND-030,Northline Fab Group,NOR-2026-04-1486,2026-04-05,2026-05-05,133.54,USD,HPO-2026-04-1486,PAID,2026-04-23,2026-04,security monitoring hosts 2026-04,JE-HAP-2026-04-1486
HAP-2026-04-1487,VEND-034,FedEx,FED-2026-04-1487,2026-04-05,2026-05-05,31.65,USD,HPO-2026-04-1487,PAID,2026-04-23,2026-04,usage overage block 2026-04,JE-HAP-2026-04-1487
HAP-2026-04-1488,VEND-038,Pagaya Coffee Service,PAG-2026-04-1488,2026-04-05,2026-05-05,7201.76,USD,HPO-2026-04-1488,PAID,2026-04-23,2026-04,premium support 2026-04,JE-HAP-2026-04-1488
HAP-2026-04-1489,VEND-030,Northline Fab Group,NOR-2026-04-1489,2026-04-06,2026-05-06,76.87,USD,HPO-2026-04-1489,PAID,2026-04-24,2026-04,usage overage block 2026-04,JE-HAP-2026-04-1489
HAP-2026-04-1490,VEND-034,FedEx,FED-2026-04-1490,2026-04-06,2026-05-06,12601.98,USD,HPO-2026-04-1490,PAID,2026-04-24,2026-04,premium support 2026-04,JE-HAP-2026-04-1490
HAP-2026-04-1491,VEND-038,Pagaya Coffee Service,PAG-2026-04-1491,2026-04-06,2026-05-06,348.59,USD,HPO-2026-04-1491,PAID,2026-04-24,2026-04,warehouse consumables 2026-04,JE-HAP-2026-04-1491
HAP-2026-04-1492,VEND-042,Stripe Processing,STR-2026-04-1492,2026-04-06,2026-05-06,134.2,USD,HPO-2026-04-1492,PAID,2026-04-24,2026-04,security monitoring hosts 2026-04,JE-HAP-2026-04-1492
HAP-2026-04-1493,VEND-046,Boston Edison Steam,BOS-2026-04-1493,2026-04-06,2026-05-06,32.31,USD,HPO-2026-04-1493,PAID,2026-04-24,2026-04,usage overage block 2026-04,JE-HAP-2026-04-1493
HAP-2026-04-1494,VEND-050,Linear App,LIN-2026-04-1494,2026-04-06,2026-05-06,7202.42,USD,HPO-2026-04-1494,PAID,2026-04-24,2026-04,premium support 2026-04,JE-HAP-2026-04-1494
HAP-2026-04-1495,VEND-002,Amazon Web Services,AMA-2026-04-1495,2026-04-06,2026-05-06,231.0,USD,HPO-2026-04-1495,PAID,2026-04-24,2026-04,warehouse consumables 2026-04,JE-HAP-2026-04-1495
HAP-2026-04-1496,VEND-006,Datadog,DAT-2026-04-1496,2026-04-06,2026-05-06,96.11,USD,HPO-2026-04-1496,PAID,2026-04-24,2026-04,security monitoring hosts 2026-04,JE-HAP-2026-04-1496
HAP-2026-04-1497,VEND-011,Hartford Insurance,HAR-2026-04-1497,2026-04-06,2026-05-06,150.22,USD,HPO-2026-04-1497,PAID,2026-04-24,2026-04,usage overage block 2026-04,JE-HAP-2026-04-1497
HAP-2026-04-1498,VEND-015,Harbor Electric,HAR-2026-04-1498,2026-04-06,2026-05-06,1800.33,USD,HPO-2026-04-1498,PAID,2026-04-24,2026-04,premium support 2026-04,JE-HAP-2026-04-1498
HAP-2026-04-1499,VEND-019,Freightline Logistics,FRE-2026-04-1499,2026-04-06,2026-05-06,115.94,USD,HPO-2026-04-1499,PAID,2026-04-24,2026-04,warehouse consumables 2026-04,JE-HAP-2026-04-1499
HAP-2026-04-1500,VEND-023,Notion Labs,NOT-2026-04-1500,2026-04-06,2026-05-06,60.55,USD,HPO-2026-04-1500,PAID,2026-04-24,2026-04,security monitoring hosts 2026-04,JE-HAP-2026-04-1500
HAP-2026-04-1501,VEND-015,Harbor Electric,HAR-2026-04-1501,2026-04-07,2026-05-07,231.66,USD,HPO-2026-04-1501,PAID,2026-04-25,2026-04,warehouse consumables 2026-04,JE-HAP-2026-04-1501
HAP-2026-04-1502,VEND-019,Freightline Logistics,FRE-2026-04-1502,2026-04-07,2026-05-07,96.77,USD,HPO-2026-04-1502,PAID,2026-04-25,2026-04,security monitoring hosts 2026-04,JE-HAP-2026-04-1502
HAP-2026-04-1503,VEND-023,Notion Labs,NOT-2026-04-1503,2026-04-07,2026-05-07,150.88,USD,HPO-2026-04-1503,PAID,2026-04-25,2026-04,usage overage block 2026-04,JE-HAP-2026-04-1503
HAP-2026-04-1504,VEND-027,Zoom Video,ZOO-2026-04-1504,2026-04-07,2026-05-07,1800.99,USD,HPO-2026-04-1504,PAID,2026-04-25,2026-04,premium support 2026-04,JE-HAP-2026-04-1504
HAP-2026-04-1505,VEND-031,Helios Hardware Supply,HEL-2026-04-1505,2026-04-07,2026-05-07,116.6,USD,HPO-2026-04-1505,PAID,2026-04-25,2026-04,warehouse consumables 2026-04,JE-HAP-2026-04-1505
HAP-2026-04-1506,VEND-035,ADP,ADP-2026-04-1506,2026-04-07,2026-05-07,61.21,USD,HPO-2026-04-1506,PAID,2026-04-25,2026-04,security monitoring hosts 2026-04,JE-HAP-2026-04-1506
HAP-2026-04-1507,VEND-039,CleanRoom Janitorial,CLE-2026-04-1507,2026-04-07,2026-05-07,106.32,USD,HPO-2026-04-1507,PAID,2026-04-25,2026-04,usage overage block 2026-04,JE-HAP-2026-04-1507
HAP-2026-04-1508,VEND-043,Adyen NV,ADY-2026-04-1508,2026-04-07,2026-05-07,16201.43,USD,HPO-2026-04-1508,PAID,2026-04-25,2026-04,premium support 2026-04,JE-HAP-2026-04-1508
HAP-2026-04-1509,VEND-047,Carta,CAR-2026-04-1509,2026-04-07,2026-05-07,425.04,USD,HPO-2026-04-1509,PAID,2026-04-25,2026-04,warehouse consumables 2026-04,JE-HAP-2026-04-1509
HAP-2026-04-1510,VEND-001,Acme Supplies,ACM-2026-04-1510,2026-04-07,2026-05-07,25.65,USD,HPO-2026-04-1510,PAID,2026-04-25,2026-04,security monitoring hosts 2026-04,JE-HAP-2026-04-1510
HAP-2026-04-1511,VEND-003,Northline Fabrication,NOR-2026-04-1511,2026-04-07,2026-05-07,61.76,USD,HPO-2026-04-1511,PAID,2026-04-25,2026-04,usage overage block 2026-04,JE-HAP-2026-04-1511
HAP-2026-04-1512,VEND-007,Slack Technologies,SLA-2026-04-1512,2026-04-07,2026-05-07,10801.87,USD,HPO-2026-04-1512,PAID,2026-04-25,2026-04,premium support 2026-04,JE-HAP-2026-04-1512
HAP-2026-04-1513,VEND-001,Acme Supplies,ACM-2026-04-1513,2026-04-08,2026-05-08,106.98,USD,HPO-2026-04-1513,PAID,2026-04-26,2026-04,usage overage block 2026-04,JE-HAP-2026-04-1513
HAP-2026-04-1514,VEND-003,Northline Fabrication,NOR-2026-04-1514,2026-04-08,2026-05-08,16202.09,USD,HPO-2026-04-1514,PAID,2026-04-26,2026-04,premium support 2026-04,JE-HAP-2026-04-1514
HAP-2026-04-1515,VEND-007,Slack Technologies,SLA-2026-04-1515,2026-04-08,2026-05-08,425.7,USD,HPO-2026-04-1515,PAID,2026-04-26,2026-04,warehouse consumables 2026-04,JE-HAP-2026-04-1515
HAP-2026-04-1516,VEND-012,Orbit Analytics,ORB-2026-04-1516,2026-04-08,2026-05-08,26.31,USD,HPO-2026-04-1516,PAID,2026-04-26,2026-04,security monitoring hosts 2026-04,JE-HAP-2026-04-1516
HAP-2026-04-1517,VEND-016,Lindholm & Ruiz LLP,LIN-2026-04-1517,2026-04-08,2026-05-08,62.42,USD,HPO-2026-04-1517,PAID,2026-04-26,2026-04,usage overage block 2026-04,JE-HAP-2026-04-1517
HAP-2026-04-1518,VEND-020,Lenovo,LEN-2026-04-1518,2026-04-08,2026-05-08,10800.0,USD,HPO-2026-04-1518,PAID,2026-04-26,2026-04,premium support 2026-04,JE-HAP-2026-04-1518
HAP-2026-04-1519,VEND-024,Snowflake,SNO-2026-04-1519,2026-04-08,2026-05-08,308.11,USD,HPO-2026-04-1519,PAID,2026-04-26,2026-04,warehouse consumables 2026-04,JE-HAP-2026-04-1519
HAP-2026-04-1520,VEND-028,Atlassian,ATL-2026-04-1520,2026-04-08,2026-05-08,120.22,USD,HPO-2026-04-1520,PAID,2026-04-26,2026-04,security monitoring hosts 2026-04,JE-HAP-2026-04-1520
HAP-2026-04-1521,VEND-032,Harbor Power & Light,HAR-2026-04-1521,2026-04-08,2026-05-08,15.33,USD,HPO-2026-04-1521,PAID,2026-04-26,2026-04,usage overage block 2026-04,JE-HAP-2026-04-1521
HAP-2026-04-1522,VEND-036,WeWork Cambridge,WEW-2026-04-1522,2026-04-08,2026-05-08,5400.44,USD,HPO-2026-04-1522,PAID,2026-04-26,2026-04,premium support 2026-04,JE-HAP-2026-04-1522
HAP-2026-04-1523,VEND-040,Kendall Square Parking,KEN-2026-04-1523,2026-04-08,2026-05-08,193.05,USD,HPO-2026-04-1523,PAID,2026-04-26,2026-04,warehouse consumables 2026-04,JE-HAP-2026-04-1523
HAP-2026-04-1524,VEND-044,DocuSign,DOC-2026-04-1524,2026-04-08,2026-05-08,84.66,USD,HPO-2026-04-1524,PAID,2026-04-26,2026-04,security monitoring hosts 2026-04,JE-HAP-2026-04-1524
HAP-2026-04-1525,VEND-036,WeWork Cambridge,WEW-2026-04-1525,2026-04-09,2026-05-09,308.77,USD,HPO-2026-04-1525,PAID,2026-04-27,2026-04,warehouse consumables 2026-04,JE-HAP-2026-04-1525
HAP-2026-04-1526,VEND-040,Kendall Square Parking,KEN-2026-04-1526,2026-04-09,2026-05-09,120.88,USD,HPO-2026-04-1526,PAID,2026-04-27,2026-04,security monitoring hosts 2026-04,JE-HAP-2026-04-1526
HAP-2026-04-1527,VEND-044,DocuSign,DOC-2026-04-1527,2026-04-09,2026-05-09,15.99,USD,HPO-2026-04-1527,PAID,2026-04-27,2026-04,usage overage block 2026-04,JE-HAP-2026-04-1527
HAP-2026-04-1528,VEND-048,Gusto Payroll,GUS-2026-04-1528,2026-04-09,2026-05-09,5401.1,USD,HPO-2026-04-1528,PAID,2026-04-27,2026-04,premium support 2026-04,JE-HAP-2026-04-1528
HAP-2026-04-1529,VEND-001-DUP,Acme Supplies LLC,ACM-2026-04-1529,2026-04-09,2026-05-09,193.71,USD,HPO-2026-04-1529,PAID,2026-04-27,2026-04,warehouse consumables 2026-04,JE-HAP-2026-04-1529
HAP-2026-04-1530,VEND-004,Office Depot,OFF-2026-04-1530,2026-04-09,2026-05-09,85.32,USD,HPO-2026-04-1530,PAID,2026-04-27,2026-04,security monitoring hosts 2026-04,JE-HAP-2026-04-1530
HAP-2026-04-1531,VEND-008,Figma,FIG-2026-04-1531,2026-04-09,2026-05-09,136.43,USD,HPO-2026-04-1531,PAID,2026-04-27,2026-04,usage overage block 2026-04,JE-HAP-2026-04-1531
HAP-2026-04-1532,VEND-013,Cambridge Properties,CAM-2026-04-1532,2026-04-09,2026-05-09,19801.54,USD,HPO-2026-04-1532,PAID,2026-04-27,2026-04,premium support 2026-04,JE-HAP-2026-04-1532
HAP-2026-04-1533,VEND-017,GitHub,GIT-2026-04-1533,2026-04-09,2026-05-09,78.65,USD,HPO-2026-04-1533,PAID,2026-04-27,2026-04,warehouse consumables 2026-04,JE-HAP-2026-04-1533
HAP-2026-04-1534,VEND-021,Misc Supplies,MIS-2026-04-1534,2026-04-09,2026-05-09,49.76,USD,HPO-2026-04-1534,PAID,2026-04-27,2026-04,security monitoring hosts 2026-04,JE-HAP-2026-04-1534
HAP-2026-04-1535,VEND-025,Okta,OKT-2026-04-1535,2026-04-09,2026-05-09,91.87,USD,HPO-2026-04-1535,PAID,2026-04-27,2026-04,usage overage block 2026-04,JE-HAP-2026-04-1535
HAP-2026-04-1536,VEND-029,Cloudflare,CLO-2026-04-1536,2026-04-09,2026-05-09,14401.98,USD,HPO-2026-04-1536,PAID,2026-04-27,2026-04,premium support 2026-04,JE-HAP-2026-04-1536
HAP-2026-04-1537,VEND-021,Misc Supplies,MIS-2026-04-1537,2026-04-10,2026-05-10,137.09,USD,HPO-2026-04-1537,PAID,2026-04-28,2026-04,usage overage block 2026-04,JE-HAP-2026-04-1537
HAP-2026-04-1538,VEND-025,Okta,OKT-2026-04-1538,2026-04-10,2026-05-10,19802.2,USD,HPO-2026-04-1538,PAID,2026-04-28,2026-04,premium support 2026-04,JE-HAP-2026-04-1538
HAP-2026-04-1539,VEND-029,Cloudflare,CLO-2026-04-1539,2026-04-10,2026-05-10,79.31,USD,HPO-2026-04-1539,PAID,2026-04-28,2026-04,warehouse consumables 2026-04,JE-HAP-2026-04-1539
HAP-2026-04-1540,VEND-033,Staples Business Advantage,STA-2026-04-1540,2026-04-10,2026-05-10,50.42,USD,HPO-2026-04-1540,PAID,2026-04-28,2026-04,security monitoring hosts 2026-04,JE-HAP-2026-04-1540
HAP-2026-04-1541,VEND-037,Comcast Business,COM-2026-04-1541,2026-04-10,2026-05-10,90.0,USD,HPO-2026-04-1541,PAID,2026-04-28,2026-04,usage overage block 2026-04,JE-HAP-2026-04-1541
HAP-2026-04-1542,VEND-041,HubSpot,HUB-2026-04-1542,2026-04-10,2026-05-10,14400.11,USD,HPO-2026-04-1542,PAID,2026-04-28,2026-04,premium support 2026-04,JE-HAP-2026-04-1542
HAP-2026-04-1543,VEND-045,Palo Alto Networks,PAL-2026-04-1543,2026-04-10,2026-05-10,385.22,USD,HPO-2026-04-1543,PAID,2026-04-28,2026-04,warehouse consumables 2026-04,JE-HAP-2026-04-1543
HAP-2026-04-1544,VEND-049,Vanta,VAN-2026-04-1544,2026-04-10,2026-05-10,12.33,USD,HPO-2026-04-1544,PAID,2026-04-28,2026-04,security monitoring hosts 2026-04,JE-HAP-2026-04-1544
HAP-2026-04-1545,VEND-001-ALIAS,Acme Supply Co.,ACM-2026-04-1545,2026-04-10,2026-05-10,45.44,USD,HPO-2026-04-1545,PAID,2026-04-28,2026-04,usage overage block 2026-04,JE-HAP-2026-04-1545
HAP-2026-04-1546,VEND-005,Helios Hardware,HEL-2026-04-1546,2026-04-10,2026-05-10,9000.55,USD,HPO-2026-04-1546,PAID,2026-04-28,2026-04,premium support 2026-04,JE-HAP-2026-04-1546
HAP-2026-04-1547,VEND-009,Google Cloud,GOO-2026-04-1547,2026-04-10,2026-05-10,270.16,USD,HPO-2026-04-1547,PAID,2026-04-28,2026-04,warehouse consumables 2026-04,JE-HAP-2026-04-1547
HAP-2026-04-1548,VEND-014,Dell Technologies,DEL-2026-04-1548,2026-04-10,2026-05-10,108.77,USD,HPO-2026-04-1548,PAID,2026-04-28,2026-04,security monitoring hosts 2026-04,JE-HAP-2026-04-1548
HAP-2026-04-1549,VEND-005,Helios Hardware,HEL-2026-04-1549,2026-04-11,2026-05-11,385.88,USD,HPO-2026-04-1549,PAID,2026-04-29,2026-04,warehouse consumables 2026-04,JE-HAP-2026-04-1549
HAP-2026-04-1550,VEND-009,Google Cloud,GOO-2026-04-1550,2026-04-11,2026-05-11,12.99,USD,HPO-2026-04-1550,PAID,2026-04-29,2026-04,security monitoring hosts 2026-04,JE-HAP-2026-04-1550
HAP-2026-04-1551,VEND-014,Dell Technologies,DEL-2026-04-1551,2026-04-11,2026-05-11,46.1,USD,HPO-2026-04-1551,PAID,2026-04-29,2026-04,usage overage block 2026-04,JE-HAP-2026-04-1551
HAP-2026-04-1552,VEND-018,Shadow Vendor LLC,SHA-2026-04-1552,2026-04-11,2026-05-11,9001.21,USD,HPO-2026-04-1552,PAID,2026-04-29,2026-04,premium support 2026-04,JE-HAP-2026-04-1552
HAP-2026-04-1553,VEND-022,Twilio,TWI-2026-04-1553,2026-04-11,2026-05-11,270.82,USD,HPO-2026-04-1553,PAID,2026-04-29,2026-04,warehouse consumables 2026-04,JE-HAP-2026-04-1553
HAP-2026-04-1554,VEND-026,CrowdStrike,CRO-2026-04-1554,2026-04-11,2026-05-11,109.43,USD,HPO-2026-04-1554,PAID,2026-04-29,2026-04,security monitoring hosts 2026-04,JE-HAP-2026-04-1554
HAP-2026-04-1555,VEND-030,Northline Fab Group,NOR-2026-04-1555,2026-04-11,2026-05-11,166.54,USD,HPO-2026-04-1555,PAID,2026-04-29,2026-04,usage overage block 2026-04,JE-HAP-2026-04-1555
HAP-2026-04-1556,VEND-034,FedEx,FED-2026-04-1556,2026-04-11,2026-05-11,3601.65,USD,HPO-2026-04-1556,PAID,2026-04-29,2026-04,premium support 2026-04,JE-HAP-2026-04-1556
HAP-2026-04-1557,VEND-038,Pagaya Coffee Service,PAG-2026-04-1557,2026-04-11,2026-05-11,155.76,USD,HPO-2026-04-1557,PAID,2026-04-29,2026-04,warehouse consumables 2026-04,JE-HAP-2026-04-1557
HAP-2026-04-1558,VEND-042,Stripe Processing,STR-2026-04-1558,2026-04-11,2026-05-11,73.87,USD,HPO-2026-04-1558,PAID,2026-04-29,2026-04,security monitoring hosts 2026-04,JE-HAP-2026-04-1558
HAP-2026-04-1559,VEND-046,Boston Edison Steam,BOS-2026-04-1559,2026-04-11,2026-05-11,121.98,USD,HPO-2026-04-1559,PAID,2026-04-29,2026-04,usage overage block 2026-04,JE-HAP-2026-04-1559
HAP-2026-04-1560,VEND-050,Linear App,LIN-2026-04-1560,2026-04-11,2026-05-11,18002.09,USD,HPO-2026-04-1560,PAID,2026-04-29,2026-04,premium support 2026-04,JE-HAP-2026-04-1560
HAP-2026-04-1561,VEND-042,Stripe Processing,STR-2026-04-1561,2026-04-12,2026-05-12,167.2,USD,HPO-2026-04-1561,PAID,2026-04-30,2026-04,usage overage block 2026-04,JE-HAP-2026-04-1561
HAP-2026-04-1562,VEND-046,Boston Edison Steam,BOS-2026-04-1562,2026-04-12,2026-05-12,3602.31,USD,HPO-2026-04-1562,PAID,2026-04-30,2026-04,premium support 2026-04,JE-HAP-2026-04-1562
HAP-2026-04-1563,VEND-050,Linear App,LIN-2026-04-1563,2026-04-12,2026-05-12,156.42,USD,HPO-2026-04-1563,PAID,2026-04-30,2026-04,warehouse consumables 2026-04,JE-HAP-2026-04-1563
HAP-2026-04-1564,VEND-002,Amazon Web Services,AMA-2026-04-1564,2026-04-12,2026-05-12,72.0,USD,HPO-2026-04-1564,PAID,2026-04-30,2026-04,security monitoring hosts 2026-04,JE-HAP-2026-04-1564
HAP-2026-04-1565,VEND-006,Datadog,DAT-2026-04-1565,2026-04-12,2026-05-12,120.11,USD,HPO-2026-04-1565,PAID,2026-04-30,2026-04,usage overage block 2026-04,JE-HAP-2026-04-1565
HAP-2026-04-1566,VEND-011,Hartford Insurance,HAR-2026-04-1566,2026-04-12,2026-05-12,18000.22,USD,HPO-2026-04-1566,PAID,2026-04-30,2026-04,premium support 2026-04,JE-HAP-2026-04-1566
HAP-2026-04-1567,VEND-015,Harbor Electric,HAR-2026-04-1567,2026-04-12,2026-05-12,38.83,USD,HPO-2026-04-1567,PAID,2026-04-30,2026-04,warehouse consumables 2026-04,JE-HAP-2026-04-1567
HAP-2026-04-1568,VEND-019,Freightline Logistics,FRE-2026-04-1568,2026-04-12,2026-05-12,36.44,USD,HPO-2026-04-1568,PAID,2026-04-30,2026-04,security monitoring hosts 2026-04,JE-HAP-2026-04-1568
HAP-2026-04-1569,VEND-023,Notion Labs,NOT-2026-04-1569,2026-04-12,2026-05-12,75.55,USD,HPO-2026-04-1569,PAID,2026-04-30,2026-04,usage overage block 2026-04,JE-HAP-2026-04-1569
HAP-2026-04-1570,VEND-027,Zoom Video,ZOO-2026-04-1570,2026-04-12,2026-05-12,12600.66,USD,HPO-2026-04-1570,PAID,2026-04-30,2026-04,premium support 2026-04,JE-HAP-2026-04-1570
HAP-2026-04-1571,VEND-031,Helios Hardware Supply,HEL-2026-04-1571,2026-04-12,2026-05-12,347.27,USD,HPO-2026-04-1571,PAID,2026-04-30,2026-04,warehouse consumables 2026-04,JE-HAP-2026-04-1571
HAP-2026-04-1572,VEND-035,ADP,ADP-2026-04-1572,2026-04-12,2026-05-12,132.88,USD,HPO-2026-04-1572,PAID,2026-04-30,2026-04,security monitoring hosts 2026-04,JE-HAP-2026-04-1572
HAP-2026-04-1573,VEND-027,Zoom Video,ZOO-2026-04-1573,2026-04-13,2026-05-13,39.49,USD,HPO-2026-04-1573,PAID,2026-04-30,2026-04,warehouse consumables 2026-04,JE-HAP-2026-04-1573
HAP-2026-04-1574,VEND-031,Helios Hardware Supply,HEL-2026-04-1574,2026-04-13,2026-05-13,37.1,USD,HPO-2026-04-1574,PAID,2026-04-30,2026-04,security monitoring hosts 2026-04,JE-HAP-2026-04-1574
HAP-2026-04-1575,VEND-035,ADP,ADP-2026-04-1575,2026-04-13,2026-05-13,76.21,USD,HPO-2026-04-1575,PAID,2026-04-30,2026-04,usage overage block 2026-04,JE-HAP-2026-04-1575
HAP-2026-04-1576,VEND-039,CleanRoom Janitorial,CLE-2026-04-1576,2026-04-13,2026-05-13,12601.32,USD,HPO-2026-04-1576,PAID,2026-04-30,2026-04,premium support 2026-04,JE-HAP-2026-04-1576
HAP-2026-04-1577,VEND-043,Adyen NV,ADY-2026-04-1577,2026-04-13,2026-05-13,347.93,USD,HPO-2026-04-1577,PAID,2026-04-30,2026-04,warehouse consumables 2026-04,JE-HAP-2026-04-1577
HAP-2026-04-1578,VEND-047,Carta,CAR-2026-04-1578,2026-04-13,2026-05-13,133.54,USD,HPO-2026-04-1578,PAID,2026-04-30,2026-04,security monitoring hosts 2026-04,JE-HAP-2026-04-1578
HAP-2026-04-1579,VEND-001,Acme Supplies,ACM-2026-04-1579,2026-04-13,2026-05-13,31.65,USD,HPO-2026-04-1579,PAID,2026-04-30,2026-04,usage overage block 2026-04,JE-HAP-2026-04-1579
HAP-2026-04-1580,VEND-003,Northline Fabrication,NOR-2026-04-1580,2026-04-13,2026-05-13,7201.76,USD,HPO-2026-04-1580,PAID,2026-04-30,2026-04,premium support 2026-04,JE-HAP-2026-04-1580
HAP-2026-04-1581,VEND-007,Slack Technologies,SLA-2026-04-1581,2026-04-13,2026-05-13,232.87,USD,HPO-2026-04-1581,PAID,2026-04-30,2026-04,warehouse consumables 2026-04,JE-HAP-2026-04-1581
HAP-2026-04-1582,VEND-012,Orbit Analytics,ORB-2026-04-1582,2026-04-13,2026-05-13,97.98,USD,HPO-2026-04-1582,PAID,2026-04-30,2026-04,security monitoring hosts 2026-04,JE-HAP-2026-04-1582
HAP-2026-04-1583,VEND-016,Lindholm & Ruiz LLP,LIN-2026-04-1583,2026-04-13,2026-05-13,152.09,USD,HPO-2026-04-1583,PAID,2026-04-30,2026-04,usage overage block 2026-04,JE-HAP-2026-04-1583
HAP-2026-04-1584,VEND-020,Lenovo,LEN-2026-04-1584,2026-04-13,2026-05-13,1802.2,USD,HPO-2026-04-1584,PAID,2026-04-30,2026-04,premium support 2026-04,JE-HAP-2026-04-1584
HAP-2026-04-1585,VEND-012,Orbit Analytics,ORB-2026-04-1585,2026-04-14,2026-05-14,32.31,USD,HPO-2026-04-1585,PAID,2026-04-30,2026-04,usage overage block 2026-04,JE-HAP-2026-04-1585
HAP-2026-04-1586,VEND-016,Lindholm & Ruiz LLP,LIN-2026-04-1586,2026-04-14,2026-05-14,7202.42,USD,HPO-2026-04-1586,PAID,2026-04-30,2026-04,premium support 2026-04,JE-HAP-2026-04-1586
HAP-2026-04-1587,VEND-020,Lenovo,LEN-2026-04-1587,2026-04-14,2026-05-14,231.0,USD,HPO-2026-04-1587,PAID,2026-04-30,2026-04,warehouse consumables 2026-04,JE-HAP-2026-04-1587
HAP-2026-04-1588,VEND-024,Snowflake,SNO-2026-04-1588,2026-04-14,2026-05-14,96.11,USD,HPO-2026-04-1588,PAID,2026-04-30,2026-04,security monitoring hosts 2026-04,JE-HAP-2026-04-1588
HAP-2026-04-1589,VEND-028,Atlassian,ATL-2026-04-1589,2026-04-14,2026-05-14,150.22,USD,HPO-2026-04-1589,PAID,2026-04-30,2026-04,usage overage block 2026-04,JE-HAP-2026-04-1589
HAP-2026-04-1590,VEND-032,Harbor Power & Light,HAR-2026-04-1590,2026-04-14,2026-05-14,1800.33,USD,HPO-2026-04-1590,PAID,2026-04-30,2026-04,premium support 2026-04,JE-HAP-2026-04-1590
HAP-2026-04-1591,VEND-036,WeWork Cambridge,WEW-2026-04-1591,2026-04-14,2026-05-14,115.94,USD,HPO-2026-04-1591,PAID,2026-04-30,2026-04,warehouse consumables 2026-04,JE-HAP-2026-04-1591
HAP-2026-04-1592,VEND-040,Kendall Square Parking,KEN-2026-04-1592,2026-04-14,2026-05-14,60.55,USD,HPO-2026-04-1592,PAID,2026-04-30,2026-04,security monitoring hosts 2026-04,JE-HAP-2026-04-1592
HAP-2026-04-1593,VEND-044,DocuSign,DOC-2026-04-1593,2026-04-14,2026-05-14,105.66,USD,HPO-2026-04-1593,PAID,2026-04-30,2026-04,usage overage block 2026-04,JE-HAP-2026-04-1593
HAP-2026-04-1594,VEND-048,Gusto Payroll,GUS-2026-04-1594,2026-04-14,2026-05-14,16200.77,USD,HPO-2026-04-1594,PAID,2026-04-30,2026-04,premium support 2026-04,JE-HAP-2026-04-1594
HAP-2026-04-1595,VEND-001-DUP,Acme Supplies LLC,ACM-2026-04-1595,2026-04-14,2026-05-14,424.38,USD,HPO-2026-04-1595,PAID,2026-04-30,2026-04,warehouse consumables 2026-04,JE-HAP-2026-04-1595
HAP-2026-04-1596,VEND-004,Office Depot,OFF-2026-04-1596,2026-04-14,2026-05-14,24.99,USD,HPO-2026-04-1596,PAID,2026-04-30,2026-04,security monitoring hosts 2026-04,JE-HAP-2026-04-1596
HAP-2026-04-1597,VEND-048,Gusto Payroll,GUS-2026-04-1597,2026-04-15,2026-05-15,116.6,USD,HPO-2026-04-1597,PAID,2026-04-30,2026-04,warehouse consumables 2026-04,JE-HAP-2026-04-1597
HAP-2026-04-1598,VEND-001-DUP,Acme Supplies LLC,ACM-2026-04-1598,2026-04-15,2026-05-15,61.21,USD,HPO-2026-04-1598,PAID,2026-04-30,2026-04,security monitoring hosts 2026-04,JE-HAP-2026-04-1598
HAP-2026-04-1599,VEND-004,Office Depot,OFF-2026-04-1599,2026-04-15,2026-05-15,106.32,USD,HPO-2026-04-1599,PAID,2026-04-30,2026-04,usage overage block 2026-04,JE-HAP-2026-04-1599
HAP-2026-04-1600,VEND-008,Figma,FIG-2026-04-1600,2026-04-15,2026-05-15,16201.43,USD,HPO-2026-04-1600,PAID,2026-04-30,2026-04,premium support 2026-04,JE-HAP-2026-04-1600
HAP-2026-04-1601,VEND-013,Cambridge Properties,CAM-2026-04-1601,2026-04-15,2026-05-15,425.04,USD,HPO-2026-04-1601,PAID,2026-04-30,2026-04,warehouse consumables 2026-04,JE-HAP-2026-04-1601
HAP-2026-04-1602,VEND-017,GitHub,GIT-2026-04-1602,2026-04-15,2026-05-15,25.65,USD,HPO-2026-04-1602,PAID,2026-04-30,2026-04,security monitoring hosts 2026-04,JE-HAP-2026-04-1602
HAP-2026-04-1603,VEND-021,Misc Supplies,MIS-2026-04-1603,2026-04-15,2026-05-15,61.76,USD,HPO-2026-04-1603,PAID,2026-04-30,2026-04,usage overage block 2026-04,JE-HAP-2026-04-1603
HAP-2026-04-1604,VEND-025,Okta,OKT-2026-04-1604,2026-04-15,2026-05-15,10801.87,USD,HPO-2026-04-1604,PAID,2026-04-30,2026-04,premium support 2026-04,JE-HAP-2026-04-1604
HAP-2026-04-1605,VEND-029,Cloudflare,CLO-2026-04-1605,2026-04-15,2026-05-15,309.98,USD,HPO-2026-04-1605,PAID,2026-04-30,2026-04,warehouse consumables 2026-04,JE-HAP-2026-04-1605
HAP-2026-04-1606,VEND-033,Staples Business Advantage,STA-2026-04-1606,2026-04-15,2026-05-15,122.09,USD,HPO-2026-04-1606,PAID,2026-04-30,2026-04,security monitoring hosts 2026-04,JE-HAP-2026-04-1606
HAP-2026-04-1607,VEND-037,Comcast Business,COM-2026-04-1607,2026-04-15,2026-05-15,17.2,USD,HPO-2026-04-1607,PAID,2026-04-30,2026-04,usage overage block 2026-04,JE-HAP-2026-04-1607
HAP-2026-04-1608,VEND-041,HubSpot,HUB-2026-04-1608,2026-04-15,2026-05-15,5402.31,USD,HPO-2026-04-1608,PAID,2026-04-30,2026-04,premium support 2026-04,JE-HAP-2026-04-1608
HAP-2026-04-1609,VEND-033,Staples Business Advantage,STA-2026-04-1609,2026-04-16,2026-05-16,62.42,USD,HPO-2026-04-1609,PAID,2026-04-30,2026-04,usage overage block 2026-04,JE-HAP-2026-04-1609
HAP-2026-04-1610,VEND-037,Comcast Business,COM-2026-04-1610,2026-04-16,2026-05-16,10800.0,USD,HPO-2026-04-1610,PAID,2026-04-30,2026-04,premium support 2026-04,JE-HAP-2026-04-1610
HAP-2026-04-1611,VEND-041,HubSpot,HUB-2026-04-1611,2026-04-16,2026-05-16,308.11,USD,HPO-2026-04-1611,PAID,2026-04-30,2026-04,warehouse consumables 2026-04,JE-HAP-2026-04-1611
HAP-2026-04-1612,VEND-045,Palo Alto Networks,PAL-2026-04-1612,2026-04-16,2026-05-16,120.22,USD,HPO-2026-04-1612,PAID,2026-04-30,2026-04,security monitoring hosts 2026-04,JE-HAP-2026-04-1612
HAP-2026-04-1613,VEND-049,Vanta,VAN-2026-04-1613,2026-04-16,2026-05-16,15.33,USD,HPO-2026-04-1613,PAID,2026-04-30,2026-04,usage overage block 2026-04,JE-HAP-2026-04-1613
HAP-2026-04-1614,VEND-001-ALIAS,Acme Supply Co.,ACM-2026-04-1614,2026-04-16,2026-05-16,5400.44,USD,HPO-2026-04-1614,PAID,2026-04-30,2026-04,premium support 2026-04,JE-HAP-2026-04-1614
HAP-2026-04-1615,VEND-005,Helios Hardware,HEL-2026-04-1615,2026-04-16,2026-05-16,193.05,USD,HPO-2026-04-1615,PAID,2026-04-30,2026-04,warehouse consumables 2026-04,JE-HAP-2026-04-1615
HAP-2026-04-1616,VEND-009,Google Cloud,GOO-2026-04-1616,2026-04-16,2026-05-16,84.66,USD,HPO-2026-04-1616,PAID,2026-04-30,2026-04,security monitoring hosts 2026-04,JE-HAP-2026-04-1616
HAP-2026-04-1617,VEND-014,Dell Technologies,DEL-2026-04-1617,2026-04-16,2026-05-16,135.77,USD,HPO-2026-04-1617,PAID,2026-04-30,2026-04,usage overage block 2026-04,JE-HAP-2026-04-1617
HAP-2026-04-1618,VEND-018,Shadow Vendor LLC,SHA-2026-04-1618,2026-04-16,2026-05-16,19800.88,USD,HPO-2026-04-1618,PAID,2026-04-30,2026-04,premium support 2026-04,JE-HAP-2026-04-1618
HAP-2026-04-1619,VEND-022,Twilio,TWI-2026-04-1619,2026-04-16,2026-05-16,77.99,USD,HPO-2026-04-1619,PAID,2026-04-30,2026-04,warehouse consumables 2026-04,JE-HAP-2026-04-1619
HAP-2026-04-1620,VEND-026,CrowdStrike,CRO-2026-04-1620,2026-04-16,2026-05-16,49.1,USD,HPO-2026-04-1620,PAID,2026-04-30,2026-04,security monitoring hosts 2026-04,JE-HAP-2026-04-1620
HAP-2026-04-1621,VEND-018,Shadow Vendor LLC,SHA-2026-04-1621,2026-04-17,2026-05-17,193.71,USD,HPO-2026-04-1621,PAID,2026-04-30,2026-04,warehouse consumables 2026-04,JE-HAP-2026-04-1621
HAP-2026-04-1622,VEND-022,Twilio,TWI-2026-04-1622,2026-04-17,2026-05-17,85.32,USD,HPO-2026-04-1622,PAID,2026-04-30,2026-04,security monitoring hosts 2026-04,JE-HAP-2026-04-1622
HAP-2026-04-1623,VEND-026,CrowdStrike,CRO-2026-04-1623,2026-04-17,2026-05-17,136.43,USD,HPO-2026-04-1623,PAID,2026-04-30,2026-04,usage overage block 2026-04,JE-HAP-2026-04-1623
HAP-2026-04-1624,VEND-030,Northline Fab Group,NOR-2026-04-1624,2026-04-17,2026-05-17,19801.54,USD,HPO-2026-04-1624,PAID,2026-04-30,2026-04,premium support 2026-04,JE-HAP-2026-04-1624
HAP-2026-04-1625,VEND-034,FedEx,FED-2026-04-1625,2026-04-17,2026-05-17,78.65,USD,HPO-2026-04-1625,PAID,2026-04-30,2026-04,warehouse consumables 2026-04,JE-HAP-2026-04-1625
HAP-2026-04-1626,VEND-038,Pagaya Coffee Service,PAG-2026-04-1626,2026-04-17,2026-05-17,49.76,USD,HPO-2026-04-1626,PAID,2026-04-30,2026-04,security monitoring hosts 2026-04,JE-HAP-2026-04-1626
HAP-2026-04-1627,VEND-042,Stripe Processing,STR-2026-04-1627,2026-04-17,2026-05-17,91.87,USD,HPO-2026-04-1627,PAID,2026-04-30,2026-04,usage overage block 2026-04,JE-HAP-2026-04-1627
HAP-2026-04-1628,VEND-046,Boston Edison Steam,BOS-2026-04-1628,2026-04-17,2026-05-17,14401.98,USD,HPO-2026-04-1628,PAID,2026-04-30,2026-04,premium support 2026-04,JE-HAP-2026-04-1628
HAP-2026-04-1629,VEND-050,Linear App,LIN-2026-04-1629,2026-04-17,2026-05-17,387.09,USD,HPO-2026-04-1629,PAID,2026-04-30,2026-04,warehouse consumables 2026-04,JE-HAP-2026-04-1629
HAP-2026-04-1630,VEND-002,Amazon Web Services,AMA-2026-04-1630,2026-04-17,2026-05-17,14.2,USD,HPO-2026-04-1630,PAID,2026-04-30,2026-04,security monitoring hosts 2026-04,JE-HAP-2026-04-1630
HAP-2026-04-1631,VEND-006,Datadog,DAT-2026-04-1631,2026-04-17,2026-05-17,47.31,USD,HPO-2026-04-1631,PAID,2026-04-30,2026-04,usage overage block 2026-04,JE-HAP-2026-04-1631
HAP-2026-04-1632,VEND-011,Hartford Insurance,HAR-2026-04-1632,2026-04-17,2026-05-17,9002.42,USD,HPO-2026-04-1632,PAID,2026-04-30,2026-04,premium support 2026-04,JE-HAP-2026-04-1632
HAP-2026-04-1633,VEND-002,Amazon Web Services,AMA-2026-04-1633,2026-04-18,2026-05-18,90.0,USD,HPO-2026-04-1633,PAID,2026-04-30,2026-04,usage overage block 2026-04,JE-HAP-2026-04-1633
HAP-2026-04-1634,VEND-006,Datadog,DAT-2026-04-1634,2026-04-18,2026-05-18,14400.11,USD,HPO-2026-04-1634,PAID,2026-04-30,2026-04,premium support 2026-04,JE-HAP-2026-04-1634
HAP-2026-04-1635,VEND-011,Hartford Insurance,HAR-2026-04-1635,2026-04-18,2026-05-18,385.22,USD,HPO-2026-04-1635,PAID,2026-04-30,2026-04,warehouse consumables 2026-04,JE-HAP-2026-04-1635
HAP-2026-04-1636,VEND-015,Harbor Electric,HAR-2026-04-1636,2026-04-18,2026-05-18,12.33,USD,HPO-2026-04-1636,PAID,2026-04-30,2026-04,security monitoring hosts 2026-04,JE-HAP-2026-04-1636
HAP-2026-04-1637,VEND-019,Freightline Logistics,FRE-2026-04-1637,2026-04-18,2026-05-18,45.44,USD,HPO-2026-04-1637,PAID,2026-04-30,2026-04,usage overage block 2026-04,JE-HAP-2026-04-1637
HAP-2026-04-1638,VEND-023,Notion Labs,NOT-2026-04-1638,2026-04-18,2026-05-18,9000.55,USD,HPO-2026-04-1638,PAID,2026-04-30,2026-04,premium support 2026-04,JE-HAP-2026-04-1638
HAP-2026-04-1639,VEND-027,Zoom Video,ZOO-2026-04-1639,2026-04-18,2026-05-18,270.16,USD,HPO-2026-04-1639,PAID,2026-04-30,2026-04,warehouse consumables 2026-04,JE-HAP-2026-04-1639
HAP-2026-04-1640,VEND-031,Helios Hardware Supply,HEL-2026-04-1640,2026-04-18,2026-05-18,108.77,USD,HPO-2026-04-1640,PAID,2026-04-30,2026-04,security monitoring hosts 2026-04,JE-HAP-2026-04-1640
HAP-2026-04-1641,VEND-035,ADP,ADP-2026-04-1641,2026-04-18,2026-05-18,165.88,USD,HPO-2026-04-1641,PAID,2026-04-30,2026-04,usage overage block 2026-04,JE-HAP-2026-04-1641
HAP-2026-04-1642,VEND-039,CleanRoom Janitorial,CLE-2026-04-1642,2026-04-18,2026-05-18,3600.99,USD,HPO-2026-04-1642,PAID,2026-04-30,2026-04,premium support 2026-04,JE-HAP-2026-04-1642
HAP-2026-04-1643,VEND-043,Adyen NV,ADY-2026-04-1643,2026-04-18,2026-05-18,155.1,USD,HPO-2026-04-1643,PAID,2026-04-30,2026-04,warehouse consumables 2026-04,JE-HAP-2026-04-1643
HAP-2026-04-1644,VEND-047,Carta,CAR-2026-04-1644,2026-04-18,2026-05-18,73.21,USD,HPO-2026-04-1644,PAID,2026-04-30,2026-04,security monitoring hosts 2026-04,JE-HAP-2026-04-1644
HAP-2026-04-1645,VEND-039,CleanRoom Janitorial,CLE-2026-04-1645,2026-04-19,2026-05-19,270.82,USD,HPO-2026-04-1645,PAID,2026-04-30,2026-04,warehouse consumables 2026-04,JE-HAP-2026-04-1645
HAP-2026-04-1646,VEND-043,Adyen NV,ADY-2026-04-1646,2026-04-19,2026-05-19,109.43,USD,HPO-2026-04-1646,PAID,2026-04-30,2026-04,security monitoring hosts 2026-04,JE-HAP-2026-04-1646
HAP-2026-04-1647,VEND-047,Carta,CAR-2026-04-1647,2026-04-19,2026-05-19,166.54,USD,HPO-2026-04-1647,PAID,2026-04-30,2026-04,usage overage block 2026-04,JE-HAP-2026-04-1647
HAP-2026-04-1648,VEND-001,Acme Supplies,ACM-2026-04-1648,2026-04-19,2026-05-19,3601.65,USD,HPO-2026-04-1648,PAID,2026-04-30,2026-04,premium support 2026-04,JE-HAP-2026-04-1648
HAP-2026-04-1649,VEND-003,Northline Fabrication,NOR-2026-04-1649,2026-04-19,2026-05-19,155.76,USD,HPO-2026-04-1649,PAID,2026-04-30,2026-04,warehouse consumables 2026-04,JE-HAP-2026-04-1649
HAP-2026-04-1650,VEND-007,Slack Technologies,SLA-2026-04-1650,2026-04-19,2026-05-19,73.87,USD,HPO-2026-04-1650,PAID,2026-04-30,2026-04,security monitoring hosts 2026-04,JE-HAP-2026-04-1650
HAP-2026-04-1651,VEND-012,Orbit Analytics,ORB-2026-04-1651,2026-04-19,2026-05-19,121.98,USD,HPO-2026-04-1651,PAID,2026-04-30,2026-04,usage overage block 2026-04,JE-HAP-2026-04-1651
HAP-2026-04-1652,VEND-016,Lindholm & Ruiz LLP,LIN-2026-04-1652,2026-04-19,2026-05-19,18002.09,USD,HPO-2026-04-1652,PAID,2026-04-30,2026-04,premium support 2026-04,JE-HAP-2026-04-1652
HAP-2026-04-1653,VEND-020,Lenovo,LEN-2026-04-1653,2026-04-19,2026-05-19,40.7,USD,HPO-2026-04-1653,PAID,2026-04-30,2026-04,warehouse consumables 2026-04,JE-HAP-2026-04-1653
HAP-2026-04-1654,VEND-024,Snowflake,SNO-2026-04-1654,2026-04-19,2026-05-19,38.31,USD,HPO-2026-04-1654,PAID,2026-04-30,2026-04,security monitoring hosts 2026-04,JE-HAP-2026-04-1654
HAP-2026-04-1655,VEND-028,Atlassian,ATL-2026-04-1655,2026-04-19,2026-05-19,77.42,USD,HPO-2026-04-1655,PAID,2026-04-30,2026-04,usage overage block 2026-04,JE-HAP-2026-04-1655
HAP-2026-04-1656,VEND-032,Harbor Power & Light,HAR-2026-04-1656,2026-04-19,2026-05-19,12600.0,USD,HPO-2026-04-1656,PAID,2026-04-30,2026-04,premium support 2026-04,JE-HAP-2026-04-1656
HAP-2026-04-1657,VEND-024,Snowflake,SNO-2026-04-1657,2026-04-20,2026-05-20,120.11,USD,HPO-2026-04-1657,PAID,2026-04-30,2026-04,usage overage block 2026-04,JE-HAP-2026-04-1657
HAP-2026-04-1658,VEND-028,Atlassian,ATL-2026-04-1658,2026-04-20,2026-05-20,18000.22,USD,HPO-2026-04-1658,PAID,2026-04-30,2026-04,premium support 2026-04,JE-HAP-2026-04-1658
HAP-2026-04-1659,VEND-032,Harbor Power & Light,HAR-2026-04-1659,2026-04-20,2026-05-20,38.83,USD,HPO-2026-04-1659,PAID,2026-04-30,2026-04,warehouse consumables 2026-04,JE-HAP-2026-04-1659
HAP-2026-04-1660,VEND-036,WeWork Cambridge,WEW-2026-04-1660,2026-04-20,2026-05-20,36.44,USD,HPO-2026-04-1660,PAID,2026-04-30,2026-04,security monitoring hosts 2026-04,JE-HAP-2026-04-1660
HAP-2026-04-1661,VEND-040,Kendall Square Parking,KEN-2026-04-1661,2026-04-20,2026-05-20,75.55,USD,HPO-2026-04-1661,PAID,2026-04-30,2026-04,usage overage block 2026-04,JE-HAP-2026-04-1661
HAP-2026-04-1662,VEND-044,DocuSign,DOC-2026-04-1662,2026-04-20,2026-05-20,12600.66,USD,HPO-2026-04-1662,PAID,2026-04-30,2026-04,premium support 2026-04,JE-HAP-2026-04-1662
HAP-2026-04-1663,VEND-048,Gusto Payroll,GUS-2026-04-1663,2026-04-20,2026-05-20,347.27,USD,HPO-2026-04-1663,PAID,2026-04-30,2026-04,warehouse consumables 2026-04,JE-HAP-2026-04-1663
HAP-2026-04-1664,VEND-001-DUP,Acme Supplies LLC,ACM-2026-04-1664,2026-04-20,2026-05-20,132.88,USD,HPO-2026-04-1664,PAID,2026-04-30,2026-04,security monitoring hosts 2026-04,JE-HAP-2026-04-1664
HAP-2026-04-1665,VEND-004,Office Depot,OFF-2026-04-1665,2026-04-20,2026-05-20,30.99,USD,HPO-2026-04-1665,PAID,2026-04-30,2026-04,usage overage block 2026-04,JE-HAP-2026-04-1665
HAP-2026-04-1666,VEND-008,Figma,FIG-2026-04-1666,2026-04-20,2026-05-20,7201.1,USD,HPO-2026-04-1666,PAID,2026-04-30,2026-04,premium support 2026-04,JE-HAP-2026-04-1666
HAP-2026-04-1667,VEND-013,Cambridge Properties,CAM-2026-04-1667,2026-04-20,2026-05-20,232.21,USD,HPO-2026-04-1667,PAID,2026-04-30,2026-04,warehouse consumables 2026-04,JE-HAP-2026-04-1667
HAP-2026-04-1668,VEND-017,GitHub,GIT-2026-04-1668,2026-04-20,2026-05-20,97.32,USD,HPO-2026-04-1668,PAID,2026-04-30,2026-04,security monitoring hosts 2026-04,JE-HAP-2026-04-1668
HAP-2026-04-1669,VEND-008,Figma,FIG-2026-04-1669,2026-04-21,2026-05-21,347.93,USD,HPO-2026-04-1669,PAID,2026-04-30,2026-04,warehouse consumables 2026-04,JE-HAP-2026-04-1669
HAP-2026-04-1670,VEND-013,Cambridge Properties,CAM-2026-04-1670,2026-04-21,2026-05-21,133.54,USD,HPO-2026-04-1670,PAID,2026-04-30,2026-04,security monitoring hosts 2026-04,JE-HAP-2026-04-1670
HAP-2026-04-1671,VEND-017,GitHub,GIT-2026-04-1671,2026-04-21,2026-05-21,31.65,USD,HPO-2026-04-1671,PAID,2026-04-30,2026-04,usage overage block 2026-04,JE-HAP-2026-04-1671
HAP-2026-04-1672,VEND-021,Misc Supplies,MIS-2026-04-1672,2026-04-21,2026-05-21,7201.76,USD,HPO-2026-04-1672,PAID,2026-04-30,2026-04,premium support 2026-04,JE-HAP-2026-04-1672
HAP-2026-04-1673,VEND-025,Okta,OKT-2026-04-1673,2026-04-21,2026-05-21,232.87,USD,HPO-2026-04-1673,PAID,2026-04-30,2026-04,warehouse consumables 2026-04,JE-HAP-2026-04-1673
HAP-2026-04-1674,VEND-029,Cloudflare,CLO-2026-04-1674,2026-04-21,2026-05-21,97.98,USD,HPO-2026-04-1674,PAID,2026-04-30,2026-04,security monitoring hosts 2026-04,JE-HAP-2026-04-1674
HAP-2026-04-1675,VEND-033,Staples Business Advantage,STA-2026-04-1675,2026-04-21,2026-05-21,152.09,USD,HPO-2026-04-1675,PAID,2026-04-30,2026-04,usage overage block 2026-04,JE-HAP-2026-04-1675
HAP-2026-04-1676,VEND-037,Comcast Business,COM-2026-04-1676,2026-04-21,2026-05-21,1802.2,USD,HPO-2026-04-1676,PAID,2026-04-30,2026-04,premium support 2026-04,JE-HAP-2026-04-1676
HAP-2026-04-1677,VEND-041,HubSpot,HUB-2026-04-1677,2026-04-21,2026-05-21,117.81,USD,HPO-2026-04-1677,PAID,2026-04-30,2026-04,warehouse consumables 2026-04,JE-HAP-2026-04-1677
HAP-2026-04-1678,VEND-045,Palo Alto Networks,PAL-2026-04-1678,2026-04-21,2026-05-21,62.42,USD,HPO-2026-04-1678,PAID,2026-04-30,2026-04,security monitoring hosts 2026-04,JE-HAP-2026-04-1678
HAP-2026-04-1679,VEND-049,Vanta,VAN-2026-04-1679,2026-04-21,2026-05-21,105.0,USD,HPO-2026-04-1679,PAID,2026-04-30,2026-04,usage overage block 2026-04,JE-HAP-2026-04-1679
HAP-2026-04-1680,VEND-001-ALIAS,Acme Supply Co.,ACM-2026-04-1680,2026-04-21,2026-05-21,16200.11,USD,HPO-2026-04-1680,PAID,2026-04-30,2026-04,premium support 2026-04,JE-HAP-2026-04-1680
HAP-2026-05-1681,VEND-045,Palo Alto Networks,PAL-2026-05-1681,2026-05-02,2026-06-01,150.22,USD,HPO-2026-05-1681,PAID,2026-05-20,2026-05,usage overage block 2026-05,JE-HAP-2026-05-1681
HAP-2026-05-1682,VEND-049,Vanta,VAN-2026-05-1682,2026-05-02,2026-06-01,1800.33,USD,HPO-2026-05-1682,PAID,2026-05-20,2026-05,premium support 2026-05,JE-HAP-2026-05-1682
HAP-2026-05-1683,VEND-001-ALIAS,Acme Supply Co.,ACM-2026-05-1683,2026-05-02,2026-06-01,115.94,USD,HPO-2026-05-1683,PAID,2026-05-20,2026-05,warehouse consumables 2026-05,JE-HAP-2026-05-1683
HAP-2026-05-1684,VEND-005,Helios Hardware,HEL-2026-05-1684,2026-05-02,2026-06-01,60.55,USD,HPO-2026-05-1684,PAID,2026-05-20,2026-05,security monitoring hosts 2026-05,JE-HAP-2026-05-1684
HAP-2026-05-1685,VEND-009,Google Cloud,GOO-2026-05-1685,2026-05-02,2026-06-01,105.66,USD,HPO-2026-05-1685,PAID,2026-05-20,2026-05,usage overage block 2026-05,JE-HAP-2026-05-1685
HAP-2026-05-1686,VEND-014,Dell Technologies,DEL-2026-05-1686,2026-05-02,2026-06-01,16200.77,USD,HPO-2026-05-1686,PAID,2026-05-20,2026-05,premium support 2026-05,JE-HAP-2026-05-1686
HAP-2026-05-1687,VEND-018,Shadow Vendor LLC,SHA-2026-05-1687,2026-05-02,2026-06-01,424.38,USD,HPO-2026-05-1687,PAID,2026-05-20,2026-05,warehouse consumables 2026-05,JE-HAP-2026-05-1687
HAP-2026-05-1688,VEND-022,Twilio,TWI-2026-05-1688,2026-05-02,2026-06-01,24.99,USD,HPO-2026-05-1688,PAID,2026-05-20,2026-05,security monitoring hosts 2026-05,JE-HAP-2026-05-1688
HAP-2026-05-1689,VEND-026,CrowdStrike,CRO-2026-05-1689,2026-05-02,2026-06-01,61.1,USD,HPO-2026-05-1689,PAID,2026-05-20,2026-05,usage overage block 2026-05,JE-HAP-2026-05-1689
HAP-2026-05-1690,VEND-030,Northline Fab Group,NOR-2026-05-1690,2026-05-02,2026-06-01,10801.21,USD,HPO-2026-05-1690,PAID,2026-05-20,2026-05,premium support 2026-05,JE-HAP-2026-05-1690
HAP-2026-05-1691,VEND-034,FedEx,FED-2026-05-1691,2026-05-02,2026-06-01,309.32,USD,HPO-2026-05-1691,PAID,2026-05-20,2026-05,warehouse consumables 2026-05,JE-HAP-2026-05-1691
HAP-2026-05-1692,VEND-038,Pagaya Coffee Service,PAG-2026-05-1692,2026-05-02,2026-06-01,121.43,USD,HPO-2026-05-1692,PAID,2026-05-20,2026-05,security monitoring hosts 2026-05,JE-HAP-2026-05-1692
HAP-2026-05-1693,VEND-030,Northline Fab Group,NOR-2026-05-1693,2026-05-03,2026-06-02,425.04,USD,HPO-2026-05-1693,PAID,2026-05-21,2026-05,warehouse consumables 2026-05,JE-HAP-2026-05-1693
HAP-2026-05-1694,VEND-034,FedEx,FED-2026-05-1694,2026-05-03,2026-06-02,25.65,USD,HPO-2026-05-1694,PAID,2026-05-21,2026-05,security monitoring hosts 2026-05,JE-HAP-2026-05-1694
HAP-2026-05-1695,VEND-038,Pagaya Coffee Service,PAG-2026-05-1695,2026-05-03,2026-06-02,61.76,USD,HPO-2026-05-1695,PAID,2026-05-21,2026-05,usage overage block 2026-05,JE-HAP-2026-05-1695
HAP-2026-05-1696,VEND-042,Stripe Processing,STR-2026-05-1696,2026-05-03,2026-06-02,10801.87,USD,HPO-2026-05-1696,PAID,2026-05-21,2026-05,premium support 2026-05,JE-HAP-2026-05-1696
HAP-2026-05-1697,VEND-046,Boston Edison Steam,BOS-2026-05-1697,2026-05-03,2026-06-02,309.98,USD,HPO-2026-05-1697,PAID,2026-05-21,2026-05,warehouse consumables 2026-05,JE-HAP-2026-05-1697
HAP-2026-05-1698,VEND-050,Linear App,LIN-2026-05-1698,2026-05-03,2026-06-02,122.09,USD,HPO-2026-05-1698,PAID,2026-05-21,2026-05,security monitoring hosts 2026-05,JE-HAP-2026-05-1698
HAP-2026-05-1699,VEND-002,Amazon Web Services,AMA-2026-05-1699,2026-05-03,2026-06-02,17.2,USD,HPO-2026-05-1699,PAID,2026-05-21,2026-05,usage overage block 2026-05,JE-HAP-2026-05-1699
HAP-2026-05-1700,VEND-006,Datadog,DAT-2026-05-1700,2026-05-03,2026-06-02,5402.31,USD,HPO-2026-05-1700,PAID,2026-05-21,2026-05,premium support 2026-05,JE-HAP-2026-05-1700
HAP-2026-05-1701,VEND-011,Hartford Insurance,HAR-2026-05-1701,2026-05-03,2026-06-02,194.92,USD,HPO-2026-05-1701,PAID,2026-05-21,2026-05,warehouse consumables 2026-05,JE-HAP-2026-05-1701
HAP-2026-05-1702,VEND-015,Harbor Electric,HAR-2026-05-1702,2026-05-03,2026-06-02,84.0,USD,HPO-2026-05-1702,PAID,2026-05-21,2026-05,security monitoring hosts 2026-05,JE-HAP-2026-05-1702
HAP-2026-05-1703,VEND-019,Freightline Logistics,FRE-2026-05-1703,2026-05-03,2026-06-02,135.11,USD,HPO-2026-05-1703,PAID,2026-05-21,2026-05,usage overage block 2026-05,JE-HAP-2026-05-1703
HAP-2026-05-1704,VEND-023,Notion Labs,NOT-2026-05-1704,2026-05-03,2026-06-02,19800.22,USD,HPO-2026-05-1704,PAID,2026-05-21,2026-05,premium support 2026-05,JE-HAP-2026-05-1704
HAP-2026-05-1705,VEND-015,Harbor Electric,HAR-2026-05-1705,2026-05-04,2026-06-03,15.33,USD,HPO-2026-05-1705,PAID,2026-05-22,2026-05,usage overage block 2026-05,JE-HAP-2026-05-1705
HAP-2026-05-1706,VEND-019,Freightline Logistics,FRE-2026-05-1706,2026-05-04,2026-06-03,5400.44,USD,HPO-2026-05-1706,PAID,2026-05-22,2026-05,premium support 2026-05,JE-HAP-2026-05-1706
HAP-2026-05-1707,VEND-023,Notion Labs,NOT-2026-05-1707,2026-05-04,2026-06-03,193.05,USD,HPO-2026-05-1707,PAID,2026-05-22,2026-05,warehouse consumables 2026-05,JE-HAP-2026-05-1707
HAP-2026-05-1708,VEND-027,Zoom Video,ZOO-2026-05-1708,2026-05-04,2026-06-03,84.66,USD,HPO-2026-05-1708,PAID,2026-05-22,2026-05,security monitoring hosts 2026-05,JE-HAP-2026-05-1708
HAP-2026-05-1709,VEND-031,Helios Hardware Supply,HEL-2026-05-1709,2026-05-04,2026-06-03,135.77,USD,HPO-2026-05-1709,PAID,2026-05-22,2026-05,usage overage block 2026-05,JE-HAP-2026-05-1709
HAP-2026-05-1710,VEND-035,ADP,ADP-2026-05-1710,2026-05-04,2026-06-03,19800.88,USD,HPO-2026-05-1710,PAID,2026-05-22,2026-05,premium support 2026-05,JE-HAP-2026-05-1710
HAP-2026-05-1711,VEND-039,CleanRoom Janitorial,CLE-2026-05-1711,2026-05-04,2026-06-03,77.99,USD,HPO-2026-05-1711,PAID,2026-05-22,2026-05,warehouse consumables 2026-05,JE-HAP-2026-05-1711
HAP-2026-05-1712,VEND-043,Adyen NV,ADY-2026-05-1712,2026-05-04,2026-06-03,49.1,USD,HPO-2026-05-1712,PAID,2026-05-22,2026-05,security monitoring hosts 2026-05,JE-HAP-2026-05-1712
HAP-2026-05-1713,VEND-047,Carta,CAR-2026-05-1713,2026-05-04,2026-06-03,91.21,USD,HPO-2026-05-1713,PAID,2026-05-22,2026-05,usage overage block 2026-05,JE-HAP-2026-05-1713
HAP-2026-05-1714,VEND-001,Acme Supplies,ACM-2026-05-1714,2026-05-04,2026-06-03,14401.32,USD,HPO-2026-05-1714,PAID,2026-05-22,2026-05,premium support 2026-05,JE-HAP-2026-05-1714
HAP-2026-05-1715,VEND-003,Northline Fabrication,NOR-2026-05-1715,2026-05-04,2026-06-03,386.43,USD,HPO-2026-05-1715,PAID,2026-05-22,2026-05,warehouse consumables 2026-05,JE-HAP-2026-05-1715
HAP-2026-05-1716,VEND-007,Slack Technologies,SLA-2026-05-1716,2026-05-04,2026-06-03,13.54,USD,HPO-2026-05-1716,PAID,2026-05-22,2026-05,security monitoring hosts 2026-05,JE-HAP-2026-05-1716
HAP-2026-05-1717,VEND-001,Acme Supplies,ACM-2026-05-1717,2026-05-05,2026-06-04,78.65,USD,HPO-2026-05-1717,PAID,2026-05-23,2026-05,warehouse consumables 2026-05,JE-HAP-2026-05-1717
HAP-2026-05-1718,VEND-003,Northline Fabrication,NOR-2026-05-1718,2026-05-05,2026-06-04,49.76,USD,HPO-2026-05-1718,PAID,2026-05-23,2026-05,security monitoring hosts 2026-05,JE-HAP-2026-05-1718
HAP-2026-05-1719,VEND-007,Slack Technologies,SLA-2026-05-1719,2026-05-05,2026-06-04,91.87,USD,HPO-2026-05-1719,PAID,2026-05-23,2026-05,usage overage block 2026-05,JE-HAP-2026-05-1719
HAP-2026-05-1720,VEND-012,Orbit Analytics,ORB-2026-05-1720,2026-05-05,2026-06-04,14401.98,USD,HPO-2026-05-1720,PAID,2026-05-23,2026-05,premium support 2026-05,JE-HAP-2026-05-1720
HAP-2026-05-1721,VEND-016,Lindholm & Ruiz LLP,LIN-2026-05-1721,2026-05-05,2026-06-04,387.09,USD,HPO-2026-05-1721,PAID,2026-05-23,2026-05,warehouse consumables 2026-05,JE-HAP-2026-05-1721
HAP-2026-05-1722,VEND-020,Lenovo,LEN-2026-05-1722,2026-05-05,2026-06-04,14.2,USD,HPO-2026-05-1722,PAID,2026-05-23,2026-05,security monitoring hosts 2026-05,JE-HAP-2026-05-1722
HAP-2026-05-1723,VEND-024,Snowflake,SNO-2026-05-1723,2026-05-05,2026-06-04,47.31,USD,HPO-2026-05-1723,PAID,2026-05-23,2026-05,usage overage block 2026-05,JE-HAP-2026-05-1723
HAP-2026-05-1724,VEND-028,Atlassian,ATL-2026-05-1724,2026-05-05,2026-06-04,9002.42,USD,HPO-2026-05-1724,PAID,2026-05-23,2026-05,premium support 2026-05,JE-HAP-2026-05-1724
HAP-2026-05-1725,VEND-032,Harbor Power & Light,HAR-2026-05-1725,2026-05-05,2026-06-04,269.5,USD,HPO-2026-05-1725,PAID,2026-05-23,2026-05,warehouse consumables 2026-05,JE-HAP-2026-05-1725
HAP-2026-05-1726,VEND-036,WeWork Cambridge,WEW-2026-05-1726,2026-05-05,2026-06-04,108.11,USD,HPO-2026-05-1726,PAID,2026-05-23,2026-05,security monitoring hosts 2026-05,JE-HAP-2026-05-1726
HAP-2026-05-1727,VEND-040,Kendall Square Parking,KEN-2026-05-1727,2026-05-05,2026-06-04,165.22,USD,HPO-2026-05-1727,PAID,2026-05-23,2026-05,usage overage block 2026-05,JE-HAP-2026-05-1727
HAP-2026-05-1728,VEND-044,DocuSign,DOC-2026-05-1728,2026-05-05,2026-06-04,3600.33,USD,HPO-2026-05-1728,PAID,2026-05-23,2026-05,premium support 2026-05,JE-HAP-2026-05-1728
HAP-2026-05-1729,VEND-036,WeWork Cambridge,WEW-2026-05-1729,2026-05-06,2026-06-05,45.44,USD,HPO-2026-05-1729,PAID,2026-05-24,2026-05,usage overage block 2026-05,JE-HAP-2026-05-1729
HAP-2026-05-1730,VEND-040,Kendall Square Parking,KEN-2026-05-1730,2026-05-06,2026-06-05,9000.55,USD,HPO-2026-05-1730,PAID,2026-05-24,2026-05,premium support 2026-05,JE-HAP-2026-05-1730
HAP-2026-05-1731,VEND-044,DocuSign,DOC-2026-05-1731,2026-05-06,2026-06-05,270.16,USD,HPO-2026-05-1731,PAID,2026-05-24,2026-05,warehouse consumables 2026-05,JE-HAP-2026-05-1731
HAP-2026-05-1732,VEND-048,Gusto Payroll,GUS-2026-05-1732,2026-05-06,2026-06-05,108.77,USD,HPO-2026-05-1732,PAID,2026-05-24,2026-05,security monitoring hosts 2026-05,JE-HAP-2026-05-1732
HAP-2026-05-1733,VEND-001-DUP,Acme Supplies LLC,ACM-2026-05-1733,2026-05-06,2026-06-05,165.88,USD,HPO-2026-05-1733,PAID,2026-05-24,2026-05,usage overage block 2026-05,JE-HAP-2026-05-1733
HAP-2026-05-1734,VEND-004,Office Depot,OFF-2026-05-1734,2026-05-06,2026-06-05,3600.99,USD,HPO-2026-05-1734,PAID,2026-05-24,2026-05,premium support 2026-05,JE-HAP-2026-05-1734
HAP-2026-05-1735,VEND-008,Figma,FIG-2026-05-1735,2026-05-06,2026-06-05,155.1,USD,HPO-2026-05-1735,PAID,2026-05-24,2026-05,warehouse consumables 2026-05,JE-HAP-2026-05-1735
HAP-2026-05-1736,VEND-013,Cambridge Properties,CAM-2026-05-1736,2026-05-06,2026-06-05,73.21,USD,HPO-2026-05-1736,PAID,2026-05-24,2026-05,security monitoring hosts 2026-05,JE-HAP-2026-05-1736
HAP-2026-05-1737,VEND-017,GitHub,GIT-2026-05-1737,2026-05-06,2026-06-05,121.32,USD,HPO-2026-05-1737,PAID,2026-05-24,2026-05,usage overage block 2026-05,JE-HAP-2026-05-1737
HAP-2026-05-1738,VEND-021,Misc Supplies,MIS-2026-05-1738,2026-05-06,2026-06-05,18001.43,USD,HPO-2026-05-1738,PAID,2026-05-24,2026-05,premium support 2026-05,JE-HAP-2026-05-1738
HAP-2026-05-1739,VEND-025,Okta,OKT-2026-05-1739,2026-05-06,2026-06-05,40.04,USD,HPO-2026-05-1739,PAID,2026-05-24,2026-05,warehouse consumables 2026-05,JE-HAP-2026-05-1739
HAP-2026-05-1740,VEND-029,Cloudflare,CLO-2026-05-1740,2026-05-06,2026-06-05,37.65,USD,HPO-2026-05-1740,PAID,2026-05-24,2026-05,security monitoring hosts 2026-05,JE-HAP-2026-05-1740
HAP-2026-05-1741,VEND-021,Misc Supplies,MIS-2026-05-1741,2026-05-07,2026-06-06,155.76,USD,HPO-2026-05-1741,PAID,2026-05-25,2026-05,warehouse consumables 2026-05,JE-HAP-2026-05-1741
HAP-2026-05-1742,VEND-025,Okta,OKT-2026-05-1742,2026-05-07,2026-06-06,73.87,USD,HPO-2026-05-1742,PAID,2026-05-25,2026-05,security monitoring hosts 2026-05,JE-HAP-2026-05-1742
HAP-2026-05-1743,VEND-029,Cloudflare,CLO-2026-05-1743,2026-05-07,2026-06-06,121.98,USD,HPO-2026-05-1743,PAID,2026-05-25,2026-05,usage overage block 2026-05,JE-HAP-2026-05-1743
HAP-2026-05-1744,VEND-033,Staples Business Advantage,STA-2026-05-1744,2026-05-07,2026-06-06,18002.09,USD,HPO-2026-05-1744,PAID,2026-05-25,2026-05,premium support 2026-05,JE-HAP-2026-05-1744
HAP-2026-05-1745,VEND-037,Comcast Business,COM-2026-05-1745,2026-05-07,2026-06-06,40.7,USD,HPO-2026-05-1745,PAID,2026-05-25,2026-05,warehouse consumables 2026-05,JE-HAP-2026-05-1745
HAP-2026-05-1746,VEND-041,HubSpot,HUB-2026-05-1746,2026-05-07,2026-06-06,38.31,USD,HPO-2026-05-1746,PAID,2026-05-25,2026-05,security monitoring hosts 2026-05,JE-HAP-2026-05-1746
HAP-2026-05-1747,VEND-045,Palo Alto Networks,PAL-2026-05-1747,2026-05-07,2026-06-06,77.42,USD,HPO-2026-05-1747,PAID,2026-05-25,2026-05,usage overage block 2026-05,JE-HAP-2026-05-1747
HAP-2026-05-1748,VEND-049,Vanta,VAN-2026-05-1748,2026-05-07,2026-06-06,12600.0,USD,HPO-2026-05-1748,PAID,2026-05-25,2026-05,premium support 2026-05,JE-HAP-2026-05-1748
HAP-2026-05-1749,VEND-001-ALIAS,Acme Supply Co.,ACM-2026-05-1749,2026-05-07,2026-06-06,346.61,USD,HPO-2026-05-1749,PAID,2026-05-25,2026-05,warehouse consumables 2026-05,JE-HAP-2026-05-1749
HAP-2026-05-1750,VEND-005,Helios Hardware,HEL-2026-05-1750,2026-05-07,2026-06-06,132.22,USD,HPO-2026-05-1750,PAID,2026-05-25,2026-05,security monitoring hosts 2026-05,JE-HAP-2026-05-1750
HAP-2026-05-1751,VEND-009,Google Cloud,GOO-2026-05-1751,2026-05-07,2026-06-06,30.33,USD,HPO-2026-05-1751,PAID,2026-05-25,2026-05,usage overage block 2026-05,JE-HAP-2026-05-1751
HAP-2026-05-1752,VEND-014,Dell Technologies,DEL-2026-05-1752,2026-05-07,2026-06-06,7200.44,USD,HPO-2026-05-1752,PAID,2026-05-25,2026-05,premium support 2026-05,JE-HAP-2026-05-1752
HAP-2026-05-1753,VEND-005,Helios Hardware,HEL-2026-05-1753,2026-05-08,2026-06-07,75.55,USD,HPO-2026-05-1753,PAID,2026-05-26,2026-05,usage overage block 2026-05,JE-HAP-2026-05-1753
HAP-2026-05-1754,VEND-009,Google Cloud,GOO-2026-05-1754,2026-05-08,2026-06-07,12600.66,USD,HPO-2026-05-1754,PAID,2026-05-26,2026-05,premium support 2026-05,JE-HAP-2026-05-1754
HAP-2026-05-1755,VEND-014,Dell Technologies,DEL-2026-05-1755,2026-05-08,2026-06-07,347.27,USD,HPO-2026-05-1755,PAID,2026-05-26,2026-05,warehouse consumables 2026-05,JE-HAP-2026-05-1755
HAP-2026-05-1756,VEND-018,Shadow Vendor LLC,SHA-2026-05-1756,2026-05-08,2026-06-07,132.88,USD,HPO-2026-05-1756,PAID,2026-05-26,2026-05,security monitoring hosts 2026-05,JE-HAP-2026-05-1756
HAP-2026-05-1757,VEND-022,Twilio,TWI-2026-05-1757,2026-05-08,2026-06-07,30.99,USD,HPO-2026-05-1757,PAID,2026-05-26,2026-05,usage overage block 2026-05,JE-HAP-2026-05-1757
HAP-2026-05-1758,VEND-026,CrowdStrike,CRO-2026-05-1758,2026-05-08,2026-06-07,7201.1,USD,HPO-2026-05-1758,PAID,2026-05-26,2026-05,premium support 2026-05,JE-HAP-2026-05-1758
HAP-2026-05-1759,VEND-030,Northline Fab Group,NOR-2026-05-1759,2026-05-08,2026-06-07,232.21,USD,HPO-2026-05-1759,PAID,2026-05-26,2026-05,warehouse consumables 2026-05,JE-HAP-2026-05-1759
HAP-2026-05-1760,VEND-034,FedEx,FED-2026-05-1760,2026-05-08,2026-06-07,97.32,USD,HPO-2026-05-1760,PAID,2026-05-26,2026-05,security monitoring hosts 2026-05,JE-HAP-2026-05-1760
HAP-2026-05-1761,VEND-038,Pagaya Coffee Service,PAG-2026-05-1761,2026-05-08,2026-06-07,151.43,USD,HPO-2026-05-1761,PAID,2026-05-26,2026-05,usage overage block 2026-05,JE-HAP-2026-05-1761
HAP-2026-05-1762,VEND-042,Stripe Processing,STR-2026-05-1762,2026-05-08,2026-06-07,1801.54,USD,HPO-2026-05-1762,PAID,2026-05-26,2026-05,premium support 2026-05,JE-HAP-2026-05-1762
HAP-2026-05-1763,VEND-046,Boston Edison Steam,BOS-2026-05-1763,2026-05-08,2026-06-07,117.15,USD,HPO-2026-05-1763,PAID,2026-05-26,2026-05,warehouse consumables 2026-05,JE-HAP-2026-05-1763
HAP-2026-05-1764,VEND-050,Linear App,LIN-2026-05-1764,2026-05-08,2026-06-07,61.76,USD,HPO-2026-05-1764,PAID,2026-05-26,2026-05,security monitoring hosts 2026-05,JE-HAP-2026-05-1764
HAP-2026-05-1765,VEND-042,Stripe Processing,STR-2026-05-1765,2026-05-09,2026-06-08,232.87,USD,HPO-2026-05-1765,PAID,2026-05-27,2026-05,warehouse consumables 2026-05,JE-HAP-2026-05-1765
HAP-2026-05-1766,VEND-046,Boston Edison Steam,BOS-2026-05-1766,2026-05-09,2026-06-08,97.98,USD,HPO-2026-05-1766,PAID,2026-05-27,2026-05,security monitoring hosts 2026-05,JE-HAP-2026-05-1766
HAP-2026-05-1767,VEND-050,Linear App,LIN-2026-05-1767,2026-05-09,2026-06-08,152.09,USD,HPO-2026-05-1767,PAID,2026-05-27,2026-05,usage overage block 2026-05,JE-HAP-2026-05-1767
HAP-2026-05-1768,VEND-002,Amazon Web Services,AMA-2026-05-1768,2026-05-09,2026-06-08,1802.2,USD,HPO-2026-05-1768,PAID,2026-05-27,2026-05,premium support 2026-05,JE-HAP-2026-05-1768
HAP-2026-05-1769,VEND-006,Datadog,DAT-2026-05-1769,2026-05-09,2026-06-08,117.81,USD,HPO-2026-05-1769,PAID,2026-05-27,2026-05,warehouse consumables 2026-05,JE-HAP-2026-05-1769
HAP-2026-05-1770,VEND-011,Hartford Insurance,HAR-2026-05-1770,2026-05-09,2026-06-08,62.42,USD,HPO-2026-05-1770,PAID,2026-05-27,2026-05,security monitoring hosts 2026-05,JE-HAP-2026-05-1770
HAP-2026-05-1771,VEND-015,Harbor Electric,HAR-2026-05-1771,2026-05-09,2026-06-08,105.0,USD,HPO-2026-05-1771,PAID,2026-05-27,2026-05,usage overage block 2026-05,JE-HAP-2026-05-1771
HAP-2026-05-1772,VEND-019,Freightline Logistics,FRE-2026-05-1772,2026-05-09,2026-06-08,16200.11,USD,HPO-2026-05-1772,PAID,2026-05-27,2026-05,premium support 2026-05,JE-HAP-2026-05-1772
HAP-2026-05-1773,VEND-023,Notion Labs,NOT-2026-05-1773,2026-05-09,2026-06-08,423.72,USD,HPO-2026-05-1773,PAID,2026-05-27,2026-05,warehouse consumables 2026-05,JE-HAP-2026-05-1773
HAP-2026-05-1774,VEND-027,Zoom Video,ZOO-2026-05-1774,2026-05-09,2026-06-08,24.33,USD,HPO-2026-05-1774,PAID,2026-05-27,2026-05,security monitoring hosts 2026-05,JE-HAP-2026-05-1774
HAP-2026-05-1775,VEND-031,Helios Hardware Supply,HEL-2026-05-1775,2026-05-09,2026-06-08,60.44,USD,HPO-2026-05-1775,PAID,2026-05-27,2026-05,usage overage block 2026-05,JE-HAP-2026-05-1775
HAP-2026-05-1776,VEND-035,ADP,ADP-2026-05-1776,2026-05-09,2026-06-08,10800.55,USD,HPO-2026-05-1776,PAID,2026-05-27,2026-05,premium support 2026-05,JE-HAP-2026-05-1776
HAP-2026-05-1777,VEND-027,Zoom Video,ZOO-2026-05-1777,2026-05-10,2026-06-09,105.66,USD,HPO-2026-05-1777,PAID,2026-05-28,2026-05,usage overage block 2026-05,JE-HAP-2026-05-1777
HAP-2026-05-1778,VEND-031,Helios Hardware Supply,HEL-2026-05-1778,2026-05-10,2026-06-09,16200.77,USD,HPO-2026-05-1778,PAID,2026-05-28,2026-05,premium support 2026-05,JE-HAP-2026-05-1778
HAP-2026-05-1779,VEND-035,ADP,ADP-2026-05-1779,2026-05-10,2026-06-09,424.38,USD,HPO-2026-05-1779,PAID,2026-05-28,2026-05,warehouse consumables 2026-05,JE-HAP-2026-05-1779
HAP-2026-05-1780,VEND-039,CleanRoom Janitorial,CLE-2026-05-1780,2026-05-10,2026-06-09,24.99,USD,HPO-2026-05-1780,PAID,2026-05-28,2026-05,security monitoring hosts 2026-05,JE-HAP-2026-05-1780
HAP-2026-05-1781,VEND-043,Adyen NV,ADY-2026-05-1781,2026-05-10,2026-06-09,61.1,USD,HPO-2026-05-1781,PAID,2026-05-28,2026-05,usage overage block 2026-05,JE-HAP-2026-05-1781
HAP-2026-05-1782,VEND-047,Carta,CAR-2026-05-1782,2026-05-10,2026-06-09,10801.21,USD,HPO-2026-05-1782,PAID,2026-05-28,2026-05,premium support 2026-05,JE-HAP-2026-05-1782
HAP-2026-05-1783,VEND-001,Acme Supplies,ACM-2026-05-1783,2026-05-10,2026-06-09,309.32,USD,HPO-2026-05-1783,PAID,2026-05-28,2026-05,warehouse consumables 2026-05,JE-HAP-2026-05-1783
HAP-2026-05-1784,VEND-003,Northline Fabrication,NOR-2026-05-1784,2026-05-10,2026-06-09,121.43,USD,HPO-2026-05-1784,PAID,2026-05-28,2026-05,security monitoring hosts 2026-05,JE-HAP-2026-05-1784
HAP-2026-05-1785,VEND-007,Slack Technologies,SLA-2026-05-1785,2026-05-10,2026-06-09,16.54,USD,HPO-2026-05-1785,PAID,2026-05-28,2026-05,usage overage block 2026-05,JE-HAP-2026-05-1785
HAP-2026-05-1786,VEND-012,Orbit Analytics,ORB-2026-05-1786,2026-05-10,2026-06-09,5401.65,USD,HPO-2026-05-1786,PAID,2026-05-28,2026-05,premium support 2026-05,JE-HAP-2026-05-1786
HAP-2026-05-1787,VEND-016,Lindholm & Ruiz LLP,LIN-2026-05-1787,2026-05-10,2026-06-09,194.26,USD,HPO-2026-05-1787,PAID,2026-05-28,2026-05,warehouse consumables 2026-05,JE-HAP-2026-05-1787
HAP-2026-05-1788,VEND-020,Lenovo,LEN-2026-05-1788,2026-05-10,2026-06-09,85.87,USD,HPO-2026-05-1788,PAID,2026-05-28,2026-05,security monitoring hosts 2026-05,JE-HAP-2026-05-1788
HAP-2026-05-1789,VEND-012,Orbit Analytics,ORB-2026-05-1789,2026-05-11,2026-06-10,309.98,USD,HPO-2026-05-1789,PAID,2026-05-29,2026-05,warehouse consumables 2026-05,JE-HAP-2026-05-1789
HAP-2026-05-1790,VEND-016,Lindholm & Ruiz LLP,LIN-2026-05-1790,2026-05-11,2026-06-10,122.09,USD,HPO-2026-05-1790,PAID,2026-05-29,2026-05,security monitoring hosts 2026-05,JE-HAP-2026-05-1790
HAP-2026-05-1791,VEND-020,Lenovo,LEN-2026-05-1791,2026-05-11,2026-06-10,17.2,USD,HPO-2026-05-1791,PAID,2026-05-29,2026-05,usage overage block 2026-05,JE-HAP-2026-05-1791
HAP-2026-05-1792,VEND-024,Snowflake,SNO-2026-05-1792,2026-05-11,2026-06-10,5402.31,USD,HPO-2026-05-1792,PAID,2026-05-29,2026-05,premium support 2026-05,JE-HAP-2026-05-1792
HAP-2026-05-1793,VEND-028,Atlassian,ATL-2026-05-1793,2026-05-11,2026-06-10,194.92,USD,HPO-2026-05-1793,PAID,2026-05-29,2026-05,warehouse consumables 2026-05,JE-HAP-2026-05-1793
HAP-2026-05-1794,VEND-032,Harbor Power & Light,HAR-2026-05-1794,2026-05-11,2026-06-10,84.0,USD,HPO-2026-05-1794,PAID,2026-05-29,2026-05,security monitoring hosts 2026-05,JE-HAP-2026-05-1794
HAP-2026-05-1795,VEND-036,WeWork Cambridge,WEW-2026-05-1795,2026-05-11,2026-06-10,135.11,USD,HPO-2026-05-1795,PAID,2026-05-29,2026-05,usage overage block 2026-05,JE-HAP-2026-05-1795
HAP-2026-05-1796,VEND-040,Kendall Square Parking,KEN-2026-05-1796,2026-05-11,2026-06-10,19800.22,USD,HPO-2026-05-1796,PAID,2026-05-29,2026-05,premium support 2026-05,JE-HAP-2026-05-1796
HAP-2026-05-1797,VEND-044,DocuSign,DOC-2026-05-1797,2026-05-11,2026-06-10,77.33,USD,HPO-2026-05-1797,PAID,2026-05-29,2026-05,warehouse consumables 2026-05,JE-HAP-2026-05-1797
HAP-2026-05-1798,VEND-048,Gusto Payroll,GUS-2026-05-1798,2026-05-11,2026-06-10,48.44,USD,HPO-2026-05-1798,PAID,2026-05-29,2026-05,security monitoring hosts 2026-05,JE-HAP-2026-05-1798
HAP-2026-05-1799,VEND-001-DUP,Acme Supplies LLC,ACM-2026-05-1799,2026-05-11,2026-06-10,90.55,USD,HPO-2026-05-1799,PAID,2026-05-29,2026-05,usage overage block 2026-05,JE-HAP-2026-05-1799
HAP-2026-05-1800,VEND-004,Office Depot,OFF-2026-05-1800,2026-05-11,2026-06-10,14400.66,USD,HPO-2026-05-1800,PAID,2026-05-29,2026-05,premium support 2026-05,JE-HAP-2026-05-1800
HAP-2026-05-1801,VEND-048,Gusto Payroll,GUS-2026-05-1801,2026-05-12,2026-06-11,135.77,USD,HPO-2026-05-1801,PAID,2026-05-30,2026-05,usage overage block 2026-05,JE-HAP-2026-05-1801
HAP-2026-05-1802,VEND-001-DUP,Acme Supplies LLC,ACM-2026-05-1802,2026-05-12,2026-06-11,19800.88,USD,HPO-2026-05-1802,PAID,2026-05-30,2026-05,premium support 2026-05,JE-HAP-2026-05-1802
HAP-2026-05-1803,VEND-004,Office Depot,OFF-2026-05-1803,2026-05-12,2026-06-11,77.99,USD,HPO-2026-05-1803,PAID,2026-05-30,2026-05,warehouse consumables 2026-05,JE-HAP-2026-05-1803
HAP-2026-05-1804,VEND-008,Figma,FIG-2026-05-1804,2026-05-12,2026-06-11,49.1,USD,HPO-2026-05-1804,PAID,2026-05-30,2026-05,security monitoring hosts 2026-05,JE-HAP-2026-05-1804
HAP-2026-05-1805,VEND-013,Cambridge Properties,CAM-2026-05-1805,2026-05-12,2026-06-11,91.21,USD,HPO-2026-05-1805,PAID,2026-05-30,2026-05,usage overage block 2026-05,JE-HAP-2026-05-1805
HAP-2026-05-1806,VEND-017,GitHub,GIT-2026-05-1806,2026-05-12,2026-06-11,14401.32,USD,HPO-2026-05-1806,PAID,2026-05-30,2026-05,premium support 2026-05,JE-HAP-2026-05-1806
HAP-2026-05-1807,VEND-021,Misc Supplies,MIS-2026-05-1807,2026-05-12,2026-06-11,386.43,USD,HPO-2026-05-1807,PAID,2026-05-30,2026-05,warehouse consumables 2026-05,JE-HAP-2026-05-1807
HAP-2026-05-1808,VEND-025,Okta,OKT-2026-05-1808,2026-05-12,2026-06-11,13.54,USD,HPO-2026-05-1808,PAID,2026-05-30,2026-05,security monitoring hosts 2026-05,JE-HAP-2026-05-1808
HAP-2026-05-1809,VEND-029,Cloudflare,CLO-2026-05-1809,2026-05-12,2026-06-11,46.65,USD,HPO-2026-05-1809,PAID,2026-05-30,2026-05,usage overage block 2026-05,JE-HAP-2026-05-1809
HAP-2026-05-1810,VEND-033,Staples Business Advantage,STA-2026-05-1810,2026-05-12,2026-06-11,9001.76,USD,HPO-2026-05-1810,PAID,2026-05-30,2026-05,premium support 2026-05,JE-HAP-2026-05-1810
HAP-2026-05-1811,VEND-037,Comcast Business,COM-2026-05-1811,2026-05-12,2026-06-11,271.37,USD,HPO-2026-05-1811,PAID,2026-05-30,2026-05,warehouse consumables 2026-05,JE-HAP-2026-05-1811
HAP-2026-05-1812,VEND-041,HubSpot,HUB-2026-05-1812,2026-05-12,2026-06-11,109.98,USD,HPO-2026-05-1812,PAID,2026-05-30,2026-05,security monitoring hosts 2026-05,JE-HAP-2026-05-1812
HAP-2026-05-1813,VEND-033,Staples Business Advantage,STA-2026-05-1813,2026-05-13,2026-06-12,387.09,USD,HPO-2026-05-1813,PAID,2026-05-31,2026-05,warehouse consumables 2026-05,JE-HAP-2026-05-1813
HAP-2026-05-1814,VEND-037,Comcast Business,COM-2026-05-1814,2026-05-13,2026-06-12,14.2,USD,HPO-2026-05-1814,PAID,2026-05-31,2026-05,security monitoring hosts 2026-05,JE-HAP-2026-05-1814
HAP-2026-05-1815,VEND-041,HubSpot,HUB-2026-05-1815,2026-05-13,2026-06-12,47.31,USD,HPO-2026-05-1815,PAID,2026-05-31,2026-05,usage overage block 2026-05,JE-HAP-2026-05-1815
HAP-2026-05-1816,VEND-045,Palo Alto Networks,PAL-2026-05-1816,2026-05-13,2026-06-12,9002.42,USD,HPO-2026-05-1816,PAID,2026-05-31,2026-05,premium support 2026-05,JE-HAP-2026-05-1816
HAP-2026-05-1817,VEND-049,Vanta,VAN-2026-05-1817,2026-05-13,2026-06-12,269.5,USD,HPO-2026-05-1817,PAID,2026-05-31,2026-05,warehouse consumables 2026-05,JE-HAP-2026-05-1817
HAP-2026-05-1818,VEND-001-ALIAS,Acme Supply Co.,ACM-2026-05-1818,2026-05-13,2026-06-12,108.11,USD,HPO-2026-05-1818,PAID,2026-05-31,2026-05,security monitoring hosts 2026-05,JE-HAP-2026-05-1818
HAP-2026-05-1819,VEND-005,Helios Hardware,HEL-2026-05-1819,2026-05-13,2026-06-12,165.22,USD,HPO-2026-05-1819,PAID,2026-05-31,2026-05,usage overage block 2026-05,JE-HAP-2026-05-1819
HAP-2026-05-1820,VEND-009,Google Cloud,GOO-2026-05-1820,2026-05-13,2026-06-12,3600.33,USD,HPO-2026-05-1820,PAID,2026-05-31,2026-05,premium support 2026-05,JE-HAP-2026-05-1820
HAP-2026-05-1821,VEND-014,Dell Technologies,DEL-2026-05-1821,2026-05-13,2026-06-12,154.44,USD,HPO-2026-05-1821,PAID,2026-05-31,2026-05,warehouse consumables 2026-05,JE-HAP-2026-05-1821
HAP-2026-05-1822,VEND-018,Shadow Vendor LLC,SHA-2026-05-1822,2026-05-13,2026-06-12,72.55,USD,HPO-2026-05-1822,PAID,2026-05-31,2026-05,security monitoring hosts 2026-05,JE-HAP-2026-05-1822
HAP-2026-05-1823,VEND-022,Twilio,TWI-2026-05-1823,2026-05-13,2026-06-12,120.66,USD,HPO-2026-05-1823,PAID,2026-05-31,2026-05,usage overage block 2026-05,JE-HAP-2026-05-1823
HAP-2026-05-1824,VEND-026,CrowdStrike,CRO-2026-05-1824,2026-05-13,2026-06-12,18000.77,USD,HPO-2026-05-1824,PAID,2026-05-31,2026-05,premium support 2026-05,JE-HAP-2026-05-1824
HAP-2026-05-1825,VEND-018,Shadow Vendor LLC,SHA-2026-05-1825,2026-05-14,2026-06-13,165.88,USD,HPO-2026-05-1825,PAID,2026-05-31,2026-05,usage overage block 2026-05,JE-HAP-2026-05-1825
HAP-2026-05-1826,VEND-022,Twilio,TWI-2026-05-1826,2026-05-14,2026-06-13,3600.99,USD,HPO-2026-05-1826,PAID,2026-05-31,2026-05,premium support 2026-05,JE-HAP-2026-05-1826
HAP-2026-05-1827,VEND-026,CrowdStrike,CRO-2026-05-1827,2026-05-14,2026-06-13,155.1,USD,HPO-2026-05-1827,PAID,2026-05-31,2026-05,warehouse consumables 2026-05,JE-HAP-2026-05-1827
HAP-2026-05-1828,VEND-030,Northline Fab Group,NOR-2026-05-1828,2026-05-14,2026-06-13,73.21,USD,HPO-2026-05-1828,PAID,2026-05-31,2026-05,security monitoring hosts 2026-05,JE-HAP-2026-05-1828
HAP-2026-05-1829,VEND-034,FedEx,FED-2026-05-1829,2026-05-14,2026-06-13,121.32,USD,HPO-2026-05-1829,PAID,2026-05-31,2026-05,usage overage block 2026-05,JE-HAP-2026-05-1829
HAP-2026-05-1830,VEND-038,Pagaya Coffee Service,PAG-2026-05-1830,2026-05-14,2026-06-13,18001.43,USD,HPO-2026-05-1830,PAID,2026-05-31,2026-05,premium support 2026-05,JE-HAP-2026-05-1830
HAP-2026-05-1831,VEND-042,Stripe Processing,STR-2026-05-1831,2026-05-14,2026-06-13,40.04,USD,HPO-2026-05-1831,PAID,2026-05-31,2026-05,warehouse consumables 2026-05,JE-HAP-2026-05-1831
HAP-2026-05-1832,VEND-046,Boston Edison Steam,BOS-2026-05-1832,2026-05-14,2026-06-13,37.65,USD,HPO-2026-05-1832,PAID,2026-05-31,2026-05,security monitoring hosts 2026-05,JE-HAP-2026-05-1832
HAP-2026-05-1833,VEND-050,Linear App,LIN-2026-05-1833,2026-05-14,2026-06-13,76.76,USD,HPO-2026-05-1833,PAID,2026-05-31,2026-05,usage overage block 2026-05,JE-HAP-2026-05-1833
HAP-2026-05-1834,VEND-002,Amazon Web Services,AMA-2026-05-1834,2026-05-14,2026-06-13,12601.87,USD,HPO-2026-05-1834,PAID,2026-05-31,2026-05,premium support 2026-05,JE-HAP-2026-05-1834
HAP-2026-05-1835,VEND-006,Datadog,DAT-2026-05-1835,2026-05-14,2026-06-13,348.48,USD,HPO-2026-05-1835,PAID,2026-05-31,2026-05,warehouse consumables 2026-05,JE-HAP-2026-05-1835
HAP-2026-05-1836,VEND-011,Hartford Insurance,HAR-2026-05-1836,2026-05-14,2026-06-13,134.09,USD,HPO-2026-05-1836,PAID,2026-05-31,2026-05,security monitoring hosts 2026-05,JE-HAP-2026-05-1836
HAP-2026-05-1837,VEND-002,Amazon Web Services,AMA-2026-05-1837,2026-05-15,2026-06-14,40.7,USD,HPO-2026-05-1837,PAID,2026-05-31,2026-05,warehouse consumables 2026-05,JE-HAP-2026-05-1837
HAP-2026-05-1838,VEND-006,Datadog,DAT-2026-05-1838,2026-05-15,2026-06-14,38.31,USD,HPO-2026-05-1838,PAID,2026-05-31,2026-05,security monitoring hosts 2026-05,JE-HAP-2026-05-1838
HAP-2026-05-1839,VEND-011,Hartford Insurance,HAR-2026-05-1839,2026-05-15,2026-06-14,77.42,USD,HPO-2026-05-1839,PAID,2026-05-31,2026-05,usage overage block 2026-05,JE-HAP-2026-05-1839
HAP-2026-05-1840,VEND-015,Harbor Electric,HAR-2026-05-1840,2026-05-15,2026-06-14,12600.0,USD,HPO-2026-05-1840,PAID,2026-05-31,2026-05,premium support 2026-05,JE-HAP-2026-05-1840
HAP-2026-05-1841,VEND-019,Freightline Logistics,FRE-2026-05-1841,2026-05-15,2026-06-14,346.61,USD,HPO-2026-05-1841,PAID,2026-05-31,2026-05,warehouse consumables 2026-05,JE-HAP-2026-05-1841
HAP-2026-05-1842,VEND-023,Notion Labs,NOT-2026-05-1842,2026-05-15,2026-06-14,132.22,USD,HPO-2026-05-1842,PAID,2026-05-31,2026-05,security monitoring hosts 2026-05,JE-HAP-2026-05-1842
HAP-2026-05-1843,VEND-027,Zoom Video,ZOO-2026-05-1843,2026-05-15,2026-06-14,30.33,USD,HPO-2026-05-1843,PAID,2026-05-31,2026-05,usage overage block 2026-05,JE-HAP-2026-05-1843
HAP-2026-05-1844,VEND-031,Helios Hardware Supply,HEL-2026-05-1844,2026-05-15,2026-06-14,7200.44,USD,HPO-2026-05-1844,PAID,2026-05-31,2026-05,premium support 2026-05,JE-HAP-2026-05-1844
HAP-2026-05-1845,VEND-035,ADP,ADP-2026-05-1845,2026-05-15,2026-06-14,231.55,USD,HPO-2026-05-1845,PAID,2026-05-31,2026-05,warehouse consumables 2026-05,JE-HAP-2026-05-1845
HAP-2026-05-1846,VEND-039,CleanRoom Janitorial,CLE-2026-05-1846,2026-05-15,2026-06-14,96.66,USD,HPO-2026-05-1846,PAID,2026-05-31,2026-05,security monitoring hosts 2026-05,JE-HAP-2026-05-1846
HAP-2026-05-1847,VEND-043,Adyen NV,ADY-2026-05-1847,2026-05-15,2026-06-14,150.77,USD,HPO-2026-05-1847,PAID,2026-05-31,2026-05,usage overage block 2026-05,JE-HAP-2026-05-1847
HAP-2026-05-1848,VEND-047,Carta,CAR-2026-05-1848,2026-05-15,2026-06-14,1800.88,USD,HPO-2026-05-1848,PAID,2026-05-31,2026-05,premium support 2026-05,JE-HAP-2026-05-1848
HAP-2026-05-1849,VEND-039,CleanRoom Janitorial,CLE-2026-05-1849,2026-05-16,2026-06-15,30.99,USD,HPO-2026-05-1849,PAID,2026-05-31,2026-05,usage overage block 2026-05,JE-HAP-2026-05-1849
HAP-2026-05-1850,VEND-043,Adyen NV,ADY-2026-05-1850,2026-05-16,2026-06-15,7201.1,USD,HPO-2026-05-1850,PAID,2026-05-31,2026-05,premium support 2026-05,JE-HAP-2026-05-1850
HAP-2026-05-1851,VEND-047,Carta,CAR-2026-05-1851,2026-05-16,2026-06-15,232.21,USD,HPO-2026-05-1851,PAID,2026-05-31,2026-05,warehouse consumables 2026-05,JE-HAP-2026-05-1851
HAP-2026-05-1852,VEND-001,Acme Supplies,ACM-2026-05-1852,2026-05-16,2026-06-15,97.32,USD,HPO-2026-05-1852,PAID,2026-05-31,2026-05,security monitoring hosts 2026-05,JE-HAP-2026-05-1852
HAP-2026-05-1853,VEND-003,Northline Fabrication,NOR-2026-05-1853,2026-05-16,2026-06-15,151.43,USD,HPO-2026-05-1853,PAID,2026-05-31,2026-05,usage overage block 2026-05,JE-HAP-2026-05-1853
HAP-2026-05-1854,VEND-007,Slack Technologies,SLA-2026-05-1854,2026-05-16,2026-06-15,1801.54,USD,HPO-2026-05-1854,PAID,2026-05-31,2026-05,premium support 2026-05,JE-HAP-2026-05-1854
HAP-2026-05-1855,VEND-012,Orbit Analytics,ORB-2026-05-1855,2026-05-16,2026-06-15,117.15,USD,HPO-2026-05-1855,PAID,2026-05-31,2026-05,warehouse consumables 2026-05,JE-HAP-2026-05-1855
HAP-2026-05-1856,VEND-016,Lindholm & Ruiz LLP,LIN-2026-05-1856,2026-05-16,2026-06-15,61.76,USD,HPO-2026-05-1856,PAID,2026-05-31,2026-05,security monitoring hosts 2026-05,JE-HAP-2026-05-1856
HAP-2026-05-1857,VEND-020,Lenovo,LEN-2026-05-1857,2026-05-16,2026-06-15,106.87,USD,HPO-2026-05-1857,PAID,2026-05-31,2026-05,usage overage block 2026-05,JE-HAP-2026-05-1857
HAP-2026-05-1858,VEND-024,Snowflake,SNO-2026-05-1858,2026-05-16,2026-06-15,16201.98,USD,HPO-2026-05-1858,PAID,2026-05-31,2026-05,premium support 2026-05,JE-HAP-2026-05-1858
HAP-2026-05-1859,VEND-028,Atlassian,ATL-2026-05-1859,2026-05-16,2026-06-15,425.59,USD,HPO-2026-05-1859,PAID,2026-05-31,2026-05,warehouse consumables 2026-05,JE-HAP-2026-05-1859
HAP-2026-05-1860,VEND-032,Harbor Power & Light,HAR-2026-05-1860,2026-05-16,2026-06-15,26.2,USD,HPO-2026-05-1860,PAID,2026-05-31,2026-05,security monitoring hosts 2026-05,JE-HAP-2026-05-1860
HAP-2026-05-1861,VEND-024,Snowflake,SNO-2026-05-1861,2026-05-17,2026-06-16,117.81,USD,HPO-2026-05-1861,PAID,2026-05-31,2026-05,warehouse consumables 2026-05,JE-HAP-2026-05-1861
HAP-2026-05-1862,VEND-028,Atlassian,ATL-2026-05-1862,2026-05-17,2026-06-16,62.42,USD,HPO-2026-05-1862,PAID,2026-05-31,2026-05,security monitoring hosts 2026-05,JE-HAP-2026-05-1862
HAP-2026-05-1863,VEND-032,Harbor Power & Light,HAR-2026-05-1863,2026-05-17,2026-06-16,105.0,USD,HPO-2026-05-1863,PAID,2026-05-31,2026-05,usage overage block 2026-05,JE-HAP-2026-05-1863
HAP-2026-05-1864,VEND-036,WeWork Cambridge,WEW-2026-05-1864,2026-05-17,2026-06-16,16200.11,USD,HPO-2026-05-1864,PAID,2026-05-31,2026-05,premium support 2026-05,JE-HAP-2026-05-1864
HAP-2026-05-1865,VEND-040,Kendall Square Parking,KEN-2026-05-1865,2026-05-17,2026-06-16,423.72,USD,HPO-2026-05-1865,PAID,2026-05-31,2026-05,warehouse consumables 2026-05,JE-HAP-2026-05-1865
HAP-2026-05-1866,VEND-044,DocuSign,DOC-2026-05-1866,2026-05-17,2026-06-16,24.33,USD,HPO-2026-05-1866,PAID,2026-05-31,2026-05,security monitoring hosts 2026-05,JE-HAP-2026-05-1866
HAP-2026-05-1867,VEND-048,Gusto Payroll,GUS-2026-05-1867,2026-05-17,2026-06-16,60.44,USD,HPO-2026-05-1867,PAID,2026-05-31,2026-05,usage overage block 2026-05,JE-HAP-2026-05-1867
HAP-2026-05-1868,VEND-001-DUP,Acme Supplies LLC,ACM-2026-05-1868,2026-05-17,2026-06-16,10800.55,USD,HPO-2026-05-1868,PAID,2026-05-31,2026-05,premium support 2026-05,JE-HAP-2026-05-1868
HAP-2026-05-1869,VEND-004,Office Depot,OFF-2026-05-1869,2026-05-17,2026-06-16,308.66,USD,HPO-2026-05-1869,PAID,2026-05-31,2026-05,warehouse consumables 2026-05,JE-HAP-2026-05-1869
HAP-2026-05-1870,VEND-008,Figma,FIG-2026-05-1870,2026-05-17,2026-06-16,120.77,USD,HPO-2026-05-1870,PAID,2026-05-31,2026-05,security monitoring hosts 2026-05,JE-HAP-2026-05-1870
HAP-2026-05-1871,VEND-013,Cambridge Properties,CAM-2026-05-1871,2026-05-17,2026-06-16,15.88,USD,HPO-2026-05-1871,PAID,2026-05-31,2026-05,usage overage block 2026-05,JE-HAP-2026-05-1871
HAP-2026-05-1872,VEND-017,GitHub,GIT-2026-05-1872,2026-05-17,2026-06-16,5400.99,USD,HPO-2026-05-1872,PAID,2026-05-31,2026-05,premium support 2026-05,JE-HAP-2026-05-1872
HAP-2026-05-1873,VEND-008,Figma,FIG-2026-05-1873,2026-05-18,2026-06-17,61.1,USD,HPO-2026-05-1873,PAID,2026-05-31,2026-05,usage overage block 2026-05,JE-HAP-2026-05-1873
HAP-2026-05-1874,VEND-013,Cambridge Properties,CAM-2026-05-1874,2026-05-18,2026-06-17,10801.21,USD,HPO-2026-05-1874,PAID,2026-05-31,2026-05,premium support 2026-05,JE-HAP-2026-05-1874
HAP-2026-05-1875,VEND-017,GitHub,GIT-2026-05-1875,2026-05-18,2026-06-17,309.32,USD,HPO-2026-05-1875,PAID,2026-05-31,2026-05,warehouse consumables 2026-05,JE-HAP-2026-05-1875
HAP-2026-05-1876,VEND-021,Misc Supplies,MIS-2026-05-1876,2026-05-18,2026-06-17,121.43,USD,HPO-2026-05-1876,PAID,2026-05-31,2026-05,security monitoring hosts 2026-05,JE-HAP-2026-05-1876
HAP-2026-05-1877,VEND-025,Okta,OKT-2026-05-1877,2026-05-18,2026-06-17,16.54,USD,HPO-2026-05-1877,PAID,2026-05-31,2026-05,usage overage block 2026-05,JE-HAP-2026-05-1877
HAP-2026-05-1878,VEND-029,Cloudflare,CLO-2026-05-1878,2026-05-18,2026-06-17,5401.65,USD,HPO-2026-05-1878,PAID,2026-05-31,2026-05,premium support 2026-05,JE-HAP-2026-05-1878
HAP-2026-05-1879,VEND-033,Staples Business Advantage,STA-2026-05-1879,2026-05-18,2026-06-17,194.26,USD,HPO-2026-05-1879,PAID,2026-05-31,2026-05,warehouse consumables 2026-05,JE-HAP-2026-05-1879
HAP-2026-05-1880,VEND-037,Comcast Business,COM-2026-05-1880,2026-05-18,2026-06-17,85.87,USD,HPO-2026-05-1880,PAID,2026-05-31,2026-05,security monitoring hosts 2026-05,JE-HAP-2026-05-1880
HAP-2026-05-1881,VEND-041,HubSpot,HUB-2026-05-1881,2026-05-18,2026-06-17,136.98,USD,HPO-2026-05-1881,PAID,2026-05-31,2026-05,usage overage block 2026-05,JE-HAP-2026-05-1881
HAP-2026-05-1882,VEND-045,Palo Alto Networks,PAL-2026-05-1882,2026-05-18,2026-06-17,19802.09,USD,HPO-2026-05-1882,PAID,2026-05-31,2026-05,premium support 2026-05,JE-HAP-2026-05-1882
HAP-2026-05-1883,VEND-049,Vanta,VAN-2026-05-1883,2026-05-18,2026-06-17,79.2,USD,HPO-2026-05-1883,PAID,2026-05-31,2026-05,warehouse consumables 2026-05,JE-HAP-2026-05-1883
HAP-2026-05-1884,VEND-001-ALIAS,Acme Supply Co.,ACM-2026-05-1884,2026-05-18,2026-06-17,50.31,USD,HPO-2026-05-1884,PAID,2026-05-31,2026-05,security monitoring hosts 2026-05,JE-HAP-2026-05-1884
HAP-2026-05-1885,VEND-045,Palo Alto Networks,PAL-2026-05-1885,2026-05-19,2026-06-18,194.92,USD,HPO-2026-05-1885,PAID,2026-05-31,2026-05,warehouse consumables 2026-05,JE-HAP-2026-05-1885
HAP-2026-05-1886,VEND-049,Vanta,VAN-2026-05-1886,2026-05-19,2026-06-18,84.0,USD,HPO-2026-05-1886,PAID,2026-05-31,2026-05,security monitoring hosts 2026-05,JE-HAP-2026-05-1886
HAP-2026-05-1887,VEND-001-ALIAS,Acme Supply Co.,ACM-2026-05-1887,2026-05-19,2026-06-18,135.11,USD,HPO-2026-05-1887,PAID,2026-05-31,2026-05,usage overage block 2026-05,JE-HAP-2026-05-1887
HAP-2026-05-1888,VEND-005,Helios Hardware,HEL-2026-05-1888,2026-05-19,2026-06-18,19800.22,USD,HPO-2026-05-1888,PAID,2026-05-31,2026-05,premium support 2026-05,JE-HAP-2026-05-1888
HAP-2026-05-1889,VEND-009,Google Cloud,GOO-2026-05-1889,2026-05-19,2026-06-18,77.33,USD,HPO-2026-05-1889,PAID,2026-05-31,2026-05,warehouse consumables 2026-05,JE-HAP-2026-05-1889
HAP-2026-05-1890,VEND-014,Dell Technologies,DEL-2026-05-1890,2026-05-19,2026-06-18,48.44,USD,HPO-2026-05-1890,PAID,2026-05-31,2026-05,security monitoring hosts 2026-05,JE-HAP-2026-05-1890
HAP-2026-05-1891,VEND-018,Shadow Vendor LLC,SHA-2026-05-1891,2026-05-19,2026-06-18,90.55,USD,HPO-2026-05-1891,PAID,2026-05-31,2026-05,usage overage block 2026-05,JE-HAP-2026-05-1891
HAP-2026-05-1892,VEND-022,Twilio,TWI-2026-05-1892,2026-05-19,2026-06-18,14400.66,USD,HPO-2026-05-1892,PAID,2026-05-31,2026-05,premium support 2026-05,JE-HAP-2026-05-1892
HAP-2026-05-1893,VEND-026,CrowdStrike,CRO-2026-05-1893,2026-05-19,2026-06-18,385.77,USD,HPO-2026-05-1893,PAID,2026-05-31,2026-05,warehouse consumables 2026-05,JE-HAP-2026-05-1893
HAP-2026-05-1894,VEND-030,Northline Fab Group,NOR-2026-05-1894,2026-05-19,2026-06-18,12.88,USD,HPO-2026-05-1894,PAID,2026-05-31,2026-05,security monitoring hosts 2026-05,JE-HAP-2026-05-1894
HAP-2026-05-1895,VEND-034,FedEx,FED-2026-05-1895,2026-05-19,2026-06-18,45.99,USD,HPO-2026-05-1895,PAID,2026-05-31,2026-05,usage overage block 2026-05,JE-HAP-2026-05-1895
HAP-2026-05-1896,VEND-038,Pagaya Coffee Service,PAG-2026-05-1896,2026-05-19,2026-06-18,9001.1,USD,HPO-2026-05-1896,PAID,2026-05-31,2026-05,premium support 2026-05,JE-HAP-2026-05-1896
HAP-2026-05-1897,VEND-030,Northline Fab Group,NOR-2026-05-1897,2026-05-20,2026-06-19,91.21,USD,HPO-2026-05-1897,PAID,2026-05-31,2026-05,usage overage block 2026-05,JE-HAP-2026-05-1897
HAP-2026-05-1898,VEND-034,FedEx,FED-2026-05-1898,2026-05-20,2026-06-19,14401.32,USD,HPO-2026-05-1898,PAID,2026-05-31,2026-05,premium support 2026-05,JE-HAP-2026-05-1898
HAP-2026-05-1899,VEND-038,Pagaya Coffee Service,PAG-2026-05-1899,2026-05-20,2026-06-19,386.43,USD,HPO-2026-05-1899,PAID,2026-05-31,2026-05,warehouse consumables 2026-05,JE-HAP-2026-05-1899
HAP-2026-05-1900,VEND-042,Stripe Processing,STR-2026-05-1900,2026-05-20,2026-06-19,13.54,USD,HPO-2026-05-1900,PAID,2026-05-31,2026-05,security monitoring hosts 2026-05,JE-HAP-2026-05-1900
HAP-2026-05-1901,VEND-046,Boston Edison Steam,BOS-2026-05-1901,2026-05-20,2026-06-19,46.65,USD,HPO-2026-05-1901,PAID,2026-05-31,2026-05,usage overage block 2026-05,JE-HAP-2026-05-1901
HAP-2026-05-1902,VEND-050,Linear App,LIN-2026-05-1902,2026-05-20,2026-06-19,9001.76,USD,HPO-2026-05-1902,PAID,2026-05-31,2026-05,premium support 2026-05,JE-HAP-2026-05-1902
HAP-2026-05-1903,VEND-002,Amazon Web Services,AMA-2026-05-1903,2026-05-20,2026-06-19,271.37,USD,HPO-2026-05-1903,PAID,2026-05-31,2026-05,warehouse consumables 2026-05,JE-HAP-2026-05-1903
HAP-2026-05-1904,VEND-006,Datadog,DAT-2026-05-1904,2026-05-20,2026-06-19,109.98,USD,HPO-2026-05-1904,PAID,2026-05-31,2026-05,security monitoring hosts 2026-05,JE-HAP-2026-05-1904
HAP-2026-05-1905,VEND-011,Hartford Insurance,HAR-2026-05-1905,2026-05-20,2026-06-19,167.09,USD,HPO-2026-05-1905,PAID,2026-05-31,2026-05,usage overage block 2026-05,JE-HAP-2026-05-1905
HAP-2026-05-1906,VEND-015,Harbor Electric,HAR-2026-05-1906,2026-05-20,2026-06-19,3602.2,USD,HPO-2026-05-1906,PAID,2026-05-31,2026-05,premium support 2026-05,JE-HAP-2026-05-1906
HAP-2026-05-1907,VEND-019,Freightline Logistics,FRE-2026-05-1907,2026-05-20,2026-06-19,156.31,USD,HPO-2026-05-1907,PAID,2026-05-31,2026-05,warehouse consumables 2026-05,JE-HAP-2026-05-1907
HAP-2026-05-1908,VEND-023,Notion Labs,NOT-2026-05-1908,2026-05-20,2026-06-19,74.42,USD,HPO-2026-05-1908,PAID,2026-05-31,2026-05,security monitoring hosts 2026-05,JE-HAP-2026-05-1908
HAP-2026-05-1909,VEND-015,Harbor Electric,HAR-2026-05-1909,2026-05-21,2026-06-20,269.5,USD,HPO-2026-05-1909,PAID,2026-05-31,2026-05,warehouse consumables 2026-05,JE-HAP-2026-05-1909
HAP-2026-05-1910,VEND-019,Freightline Logistics,FRE-2026-05-1910,2026-05-21,2026-06-20,108.11,USD,HPO-2026-05-1910,PAID,2026-05-31,2026-05,security monitoring hosts 2026-05,JE-HAP-2026-05-1910
HAP-2026-05-1911,VEND-023,Notion Labs,NOT-2026-05-1911,2026-05-21,2026-06-20,165.22,USD,HPO-2026-05-1911,PAID,2026-05-31,2026-05,usage overage block 2026-05,JE-HAP-2026-05-1911
HAP-2026-05-1912,VEND-027,Zoom Video,ZOO-2026-05-1912,2026-05-21,2026-06-20,3600.33,USD,HPO-2026-05-1912,PAID,2026-05-31,2026-05,premium support 2026-05,JE-HAP-2026-05-1912
HAP-2026-05-1913,VEND-031,Helios Hardware Supply,HEL-2026-05-1913,2026-05-21,2026-06-20,154.44,USD,HPO-2026-05-1913,PAID,2026-05-31,2026-05,warehouse consumables 2026-05,JE-HAP-2026-05-1913
HAP-2026-05-1914,VEND-035,ADP,ADP-2026-05-1914,2026-05-21,2026-06-20,72.55,USD,HPO-2026-05-1914,PAID,2026-05-31,2026-05,security monitoring hosts 2026-05,JE-HAP-2026-05-1914
HAP-2026-05-1915,VEND-039,CleanRoom Janitorial,CLE-2026-05-1915,2026-05-21,2026-06-20,120.66,USD,HPO-2026-05-1915,PAID,2026-05-31,2026-05,usage overage block 2026-05,JE-HAP-2026-05-1915
HAP-2026-05-1916,VEND-043,Adyen NV,ADY-2026-05-1916,2026-05-21,2026-06-20,18000.77,USD,HPO-2026-05-1916,PAID,2026-05-31,2026-05,premium support 2026-05,JE-HAP-2026-05-1916
HAP-2026-05-1917,VEND-047,Carta,CAR-2026-05-1917,2026-05-21,2026-06-20,39.38,USD,HPO-2026-05-1917,PAID,2026-05-31,2026-05,warehouse consumables 2026-05,JE-HAP-2026-05-1917
HAP-2026-05-1918,VEND-001,Acme Supplies,ACM-2026-05-1918,2026-05-21,2026-06-20,36.99,USD,HPO-2026-05-1918,PAID,2026-05-31,2026-05,security monitoring hosts 2026-05,JE-HAP-2026-05-1918
HAP-2026-05-1919,VEND-003,Northline Fabrication,NOR-2026-05-1919,2026-05-21,2026-06-20,76.1,USD,HPO-2026-05-1919,PAID,2026-05-31,2026-05,usage overage block 2026-05,JE-HAP-2026-05-1919
HAP-2026-05-1920,VEND-007,Slack Technologies,SLA-2026-05-1920,2026-05-21,2026-06-20,12601.21,USD,HPO-2026-05-1920,PAID,2026-05-31,2026-05,premium support 2026-05,JE-HAP-2026-05-1920
HAP-2026-06-1921,VEND-001,Acme Supplies,ACM-2026-06-1921,2026-06-02,2026-07-02,121.32,USD,HPO-2026-06-1921,PAID,2026-06-20,2026-06,usage overage block 2026-06,JE-HAP-2026-06-1921
HAP-2026-06-1922,VEND-003,Northline Fabrication,NOR-2026-06-1922,2026-06-02,2026-07-02,18001.43,USD,HPO-2026-06-1922,PAID,2026-06-20,2026-06,premium support 2026-06,JE-HAP-2026-06-1922
HAP-2026-06-1923,VEND-007,Slack Technologies,SLA-2026-06-1923,2026-06-02,2026-07-02,40.04,USD,HPO-2026-06-1923,PAID,2026-06-20,2026-06,warehouse consumables 2026-06,JE-HAP-2026-06-1923
HAP-2026-06-1924,VEND-012,Orbit Analytics,ORB-2026-06-1924,2026-06-02,2026-07-02,37.65,USD,HPO-2026-06-1924,PAID,2026-06-20,2026-06,security monitoring hosts 2026-06,JE-HAP-2026-06-1924
HAP-2026-06-1925,VEND-016,Lindholm & Ruiz LLP,LIN-2026-06-1925,2026-06-02,2026-07-02,76.76,USD,HPO-2026-06-1925,PAID,2026-06-20,2026-06,usage overage block 2026-06,JE-HAP-2026-06-1925
HAP-2026-06-1926,VEND-020,Lenovo,LEN-2026-06-1926,2026-06-02,2026-07-02,12601.87,USD,HPO-2026-06-1926,PAID,2026-06-20,2026-06,premium support 2026-06,JE-HAP-2026-06-1926
HAP-2026-06-1927,VEND-024,Snowflake,SNO-2026-06-1927,2026-06-02,2026-07-02,348.48,USD,HPO-2026-06-1927,PAID,2026-06-20,2026-06,warehouse consumables 2026-06,JE-HAP-2026-06-1927
HAP-2026-06-1928,VEND-028,Atlassian,ATL-2026-06-1928,2026-06-02,2026-07-02,134.09,USD,HPO-2026-06-1928,PAID,2026-06-20,2026-06,security monitoring hosts 2026-06,JE-HAP-2026-06-1928
HAP-2026-06-1929,VEND-032,Harbor Power & Light,HAR-2026-06-1929,2026-06-02,2026-07-02,32.2,USD,HPO-2026-06-1929,PAID,2026-06-20,2026-06,usage overage block 2026-06,JE-HAP-2026-06-1929
HAP-2026-06-1930,VEND-036,WeWork Cambridge,WEW-2026-06-1930,2026-06-02,2026-07-02,7202.31,USD,HPO-2026-06-1930,PAID,2026-06-20,2026-06,premium support 2026-06,JE-HAP-2026-06-1930
HAP-2026-06-1931,VEND-040,Kendall Square Parking,KEN-2026-06-1931,2026-06-02,2026-07-02,233.42,USD,HPO-2026-06-1931,PAID,2026-06-20,2026-06,warehouse consumables 2026-06,JE-HAP-2026-06-1931
HAP-2026-06-1932,VEND-044,DocuSign,DOC-2026-06-1932,2026-06-02,2026-07-02,96.0,USD,HPO-2026-06-1932,PAID,2026-06-20,2026-06,security monitoring hosts 2026-06,JE-HAP-2026-06-1932
HAP-2026-06-1933,VEND-036,WeWork Cambridge,WEW-2026-06-1933,2026-06-03,2026-07-03,346.61,USD,HPO-2026-06-1933,PAID,2026-06-21,2026-06,warehouse consumables 2026-06,JE-HAP-2026-06-1933
HAP-2026-06-1934,VEND-040,Kendall Square Parking,KEN-2026-06-1934,2026-06-03,2026-07-03,132.22,USD,HPO-2026-06-1934,PAID,2026-06-21,2026-06,security monitoring hosts 2026-06,JE-HAP-2026-06-1934
HAP-2026-06-1935,VEND-044,DocuSign,DOC-2026-06-1935,2026-06-03,2026-07-03,30.33,USD,HPO-2026-06-1935,PAID,2026-06-21,2026-06,usage overage block 2026-06,JE-HAP-2026-06-1935
HAP-2026-06-1936,VEND-048,Gusto Payroll,GUS-2026-06-1936,2026-06-03,2026-07-03,7200.44,USD,HPO-2026-06-1936,PAID,2026-06-21,2026-06,premium support 2026-06,JE-HAP-2026-06-1936
HAP-2026-06-1937,VEND-001-DUP,Acme Supplies LLC,ACM-2026-06-1937,2026-06-03,2026-07-03,231.55,USD,HPO-2026-06-1937,PAID,2026-06-21,2026-06,warehouse consumables 2026-06,JE-HAP-2026-06-1937
HAP-2026-06-1938,VEND-004,Office Depot,OFF-2026-06-1938,2026-06-03,2026-07-03,96.66,USD,HPO-2026-06-1938,PAID,2026-06-21,2026-06,security monitoring hosts 2026-06,JE-HAP-2026-06-1938
HAP-2026-06-1939,VEND-008,Figma,FIG-2026-06-1939,2026-06-03,2026-07-03,150.77,USD,HPO-2026-06-1939,PAID,2026-06-21,2026-06,usage overage block 2026-06,JE-HAP-2026-06-1939
HAP-2026-06-1940,VEND-013,Cambridge Properties,CAM-2026-06-1940,2026-06-03,2026-07-03,1800.88,USD,HPO-2026-06-1940,PAID,2026-06-21,2026-06,premium support 2026-06,JE-HAP-2026-06-1940
HAP-2026-06-1941,VEND-017,GitHub,GIT-2026-06-1941,2026-06-03,2026-07-03,116.49,USD,HPO-2026-06-1941,PAID,2026-06-21,2026-06,warehouse consumables 2026-06,JE-HAP-2026-06-1941
HAP-2026-06-1942,VEND-021,Misc Supplies,MIS-2026-06-1942,2026-06-03,2026-07-03,61.1,USD,HPO-2026-06-1942,PAID,2026-06-21,2026-06,security monitoring hosts 2026-06,JE-HAP-2026-06-1942
HAP-2026-06-1943,VEND-025,Okta,OKT-2026-06-1943,2026-06-03,2026-07-03,106.21,USD,HPO-2026-06-1943,PAID,2026-06-21,2026-06,usage overage block 2026-06,JE-HAP-2026-06-1943
HAP-2026-06-1944,VEND-029,Cloudflare,CLO-2026-06-1944,2026-06-03,2026-07-03,16201.32,USD,HPO-2026-06-1944,PAID,2026-06-21,2026-06,premium support 2026-06,JE-HAP-2026-06-1944
HAP-2026-06-1945,VEND-021,Misc Supplies,MIS-2026-06-1945,2026-06-04,2026-07-04,151.43,USD,HPO-2026-06-1945,PAID,2026-06-22,2026-06,usage overage block 2026-06,JE-HAP-2026-06-1945
HAP-2026-06-1946,VEND-025,Okta,OKT-2026-06-1946,2026-06-04,2026-07-04,1801.54,USD,HPO-2026-06-1946,PAID,2026-06-22,2026-06,premium support 2026-06,JE-HAP-2026-06-1946
HAP-2026-06-1947,VEND-029,Cloudflare,CLO-2026-06-1947,2026-06-04,2026-07-04,117.15,USD,HPO-2026-06-1947,PAID,2026-06-22,2026-06,warehouse consumables 2026-06,JE-HAP-2026-06-1947
HAP-2026-06-1948,VEND-033,Staples Business Advantage,STA-2026-06-1948,2026-06-04,2026-07-04,61.76,USD,HPO-2026-06-1948,PAID,2026-06-22,2026-06,security monitoring hosts 2026-06,JE-HAP-2026-06-1948
HAP-2026-06-1949,VEND-037,Comcast Business,COM-2026-06-1949,2026-06-04,2026-07-04,106.87,USD,HPO-2026-06-1949,PAID,2026-06-22,2026-06,usage overage block 2026-06,JE-HAP-2026-06-1949
HAP-2026-06-1950,VEND-041,HubSpot,HUB-2026-06-1950,2026-06-04,2026-07-04,16201.98,USD,HPO-2026-06-1950,PAID,2026-06-22,2026-06,premium support 2026-06,JE-HAP-2026-06-1950
HAP-2026-06-1951,VEND-045,Palo Alto Networks,PAL-2026-06-1951,2026-06-04,2026-07-04,425.59,USD,HPO-2026-06-1951,PAID,2026-06-22,2026-06,warehouse consumables 2026-06,JE-HAP-2026-06-1951
HAP-2026-06-1952,VEND-049,Vanta,VAN-2026-06-1952,2026-06-04,2026-07-04,26.2,USD,HPO-2026-06-1952,PAID,2026-06-22,2026-06,security monitoring hosts 2026-06,JE-HAP-2026-06-1952
HAP-2026-06-1953,VEND-001-ALIAS,Acme Supply Co.,ACM-2026-06-1953,2026-06-04,2026-07-04,62.31,USD,HPO-2026-06-1953,PAID,2026-06-22,2026-06,usage overage block 2026-06,JE-HAP-2026-06-1953
HAP-2026-06-1954,VEND-005,Helios Hardware,HEL-2026-06-1954,2026-06-04,2026-07-04,10802.42,USD,HPO-2026-06-1954,PAID,2026-06-22,2026-06,premium support 2026-06,JE-HAP-2026-06-1954
HAP-2026-06-1955,VEND-009,Google Cloud,GOO-2026-06-1955,2026-06-04,2026-07-04,308.0,USD,HPO-2026-06-1955,PAID,2026-06-22,2026-06,warehouse consumables 2026-06,JE-HAP-2026-06-1955
HAP-2026-06-1956,VEND-014,Dell Technologies,DEL-2026-06-1956,2026-06-04,2026-07-04,120.11,USD,HPO-2026-06-1956,PAID,2026-06-22,2026-06,security monitoring hosts 2026-06,JE-HAP-2026-06-1956
HAP-2026-06-1957,VEND-005,Helios Hardware,HEL-2026-06-1957,2026-06-05,2026-07-05,423.72,USD,HPO-2026-06-1957,PAID,2026-06-23,2026-06,warehouse consumables 2026-06,JE-HAP-2026-06-1957
HAP-2026-06-1958,VEND-009,Google Cloud,GOO-2026-06-1958,2026-06-05,2026-07-05,24.33,USD,HPO-2026-06-1958,PAID,2026-06-23,2026-06,security monitoring hosts 2026-06,JE-HAP-2026-06-1958
HAP-2026-06-1959,VEND-014,Dell Technologies,DEL-2026-06-1959,2026-06-05,2026-07-05,60.44,USD,HPO-2026-06-1959,PAID,2026-06-23,2026-06,usage overage block 2026-06,JE-HAP-2026-06-1959
HAP-2026-06-1960,VEND-018,Shadow Vendor LLC,SHA-2026-06-1960,2026-06-05,2026-07-05,10800.55,USD,HPO-2026-06-1960,PAID,2026-06-23,2026-06,premium support 2026-06,JE-HAP-2026-06-1960
HAP-2026-06-1961,VEND-022,Twilio,TWI-2026-06-1961,2026-06-05,2026-07-05,308.66,USD,HPO-2026-06-1961,PAID,2026-06-23,2026-06,warehouse consumables 2026-06,JE-HAP-2026-06-1961
HAP-2026-06-1962,VEND-026,CrowdStrike,CRO-2026-06-1962,2026-06-05,2026-07-05,120.77,USD,HPO-2026-06-1962,PAID,2026-06-23,2026-06,security monitoring hosts 2026-06,JE-HAP-2026-06-1962
HAP-2026-06-1963,VEND-030,Northline Fab Group,NOR-2026-06-1963,2026-06-05,2026-07-05,15.88,USD,HPO-2026-06-1963,PAID,2026-06-23,2026-06,usage overage block 2026-06,JE-HAP-2026-06-1963
HAP-2026-06-1964,VEND-034,FedEx,FED-2026-06-1964,2026-06-05,2026-07-05,5400.99,USD,HPO-2026-06-1964,PAID,2026-06-23,2026-06,premium support 2026-06,JE-HAP-2026-06-1964
HAP-2026-06-1965,VEND-038,Pagaya Coffee Service,PAG-2026-06-1965,2026-06-05,2026-07-05,193.6,USD,HPO-2026-06-1965,PAID,2026-06-23,2026-06,warehouse consumables 2026-06,JE-HAP-2026-06-1965
HAP-2026-06-1966,VEND-042,Stripe Processing,STR-2026-06-1966,2026-06-05,2026-07-05,85.21,USD,HPO-2026-06-1966,PAID,2026-06-23,2026-06,security monitoring hosts 2026-06,JE-HAP-2026-06-1966
HAP-2026-06-1967,VEND-046,Boston Edison Steam,BOS-2026-06-1967,2026-06-05,2026-07-05,136.32,USD,HPO-2026-06-1967,PAID,2026-06-23,2026-06,usage overage block 2026-06,JE-HAP-2026-06-1967
HAP-2026-06-1968,VEND-050,Linear App,LIN-2026-06-1968,2026-06-05,2026-07-05,19801.43,USD,HPO-2026-06-1968,PAID,2026-06-23,2026-06,premium support 2026-06,JE-HAP-2026-06-1968
HAP-2026-06-1969,VEND-042,Stripe Processing,STR-2026-06-1969,2026-06-06,2026-07-06,16.54,USD,HPO-2026-06-1969,PAID,2026-06-24,2026-06,usage overage block 2026-06,JE-HAP-2026-06-1969
HAP-2026-06-1970,VEND-046,Boston Edison Steam,BOS-2026-06-1970,2026-06-06,2026-07-06,5401.65,USD,HPO-2026-06-1970,PAID,2026-06-24,2026-06,premium support 2026-06,JE-HAP-2026-06-1970
HAP-2026-06-1971,VEND-050,Linear App,LIN-2026-06-1971,2026-06-06,2026-07-06,194.26,USD,HPO-2026-06-1971,PAID,2026-06-24,2026-06,warehouse consumables 2026-06,JE-HAP-2026-06-1971
HAP-2026-06-1972,VEND-002,Amazon Web Services,AMA-2026-06-1972,2026-06-06,2026-07-06,85.87,USD,HPO-2026-06-1972,PAID,2026-06-24,2026-06,security monitoring hosts 2026-06,JE-HAP-2026-06-1972
HAP-2026-06-1973,VEND-006,Datadog,DAT-2026-06-1973,2026-06-06,2026-07-06,136.98,USD,HPO-2026-06-1973,PAID,2026-06-24,2026-06,usage overage block 2026-06,JE-HAP-2026-06-1973
HAP-2026-06-1974,VEND-011,Hartford Insurance,HAR-2026-06-1974,2026-06-06,2026-07-06,19802.09,USD,HPO-2026-06-1974,PAID,2026-06-24,2026-06,premium support 2026-06,JE-HAP-2026-06-1974
HAP-2026-06-1975,VEND-015,Harbor Electric,HAR-2026-06-1975,2026-06-06,2026-07-06,79.2,USD,HPO-2026-06-1975,PAID,2026-06-24,2026-06,warehouse consumables 2026-06,JE-HAP-2026-06-1975
HAP-2026-06-1976,VEND-019,Freightline Logistics,FRE-2026-06-1976,2026-06-06,2026-07-06,50.31,USD,HPO-2026-06-1976,PAID,2026-06-24,2026-06,security monitoring hosts 2026-06,JE-HAP-2026-06-1976
HAP-2026-06-1977,VEND-023,Notion Labs,NOT-2026-06-1977,2026-06-06,2026-07-06,92.42,USD,HPO-2026-06-1977,PAID,2026-06-24,2026-06,usage overage block 2026-06,JE-HAP-2026-06-1977
HAP-2026-06-1978,VEND-027,Zoom Video,ZOO-2026-06-1978,2026-06-06,2026-07-06,14400.0,USD,HPO-2026-06-1978,PAID,2026-06-24,2026-06,premium support 2026-06,JE-HAP-2026-06-1978
HAP-2026-06-1979,VEND-031,Helios Hardware Supply,HEL-2026-06-1979,2026-06-06,2026-07-06,385.11,USD,HPO-2026-06-1979,PAID,2026-06-24,2026-06,warehouse consumables 2026-06,JE-HAP-2026-06-1979
HAP-2026-06-1980,VEND-035,ADP,ADP-2026-06-1980,2026-06-06,2026-07-06,12.22,USD,HPO-2026-06-1980,PAID,2026-06-24,2026-06,security monitoring hosts 2026-06,JE-HAP-2026-06-1980
HAP-2026-06-1981,VEND-027,Zoom Video,ZOO-2026-06-1981,2026-06-07,2026-07-07,77.33,USD,HPO-2026-06-1981,PAID,2026-06-25,2026-06,warehouse consumables 2026-06,JE-HAP-2026-06-1981
HAP-2026-06-1982,VEND-031,Helios Hardware Supply,HEL-2026-06-1982,2026-06-07,2026-07-07,48.44,USD,HPO-2026-06-1982,PAID,2026-06-25,2026-06,security monitoring hosts 2026-06,JE-HAP-2026-06-1982
HAP-2026-06-1983,VEND-035,ADP,ADP-2026-06-1983,2026-06-07,2026-07-07,90.55,USD,HPO-2026-06-1983,PAID,2026-06-25,2026-06,usage overage block 2026-06,JE-HAP-2026-06-1983
HAP-2026-06-1984,VEND-039,CleanRoom Janitorial,CLE-2026-06-1984,2026-06-07,2026-07-07,14400.66,USD,HPO-2026-06-1984,PAID,2026-06-25,2026-06,premium support 2026-06,JE-HAP-2026-06-1984
HAP-2026-06-1985,VEND-043,Adyen NV,ADY-2026-06-1985,2026-06-07,2026-07-07,385.77,USD,HPO-2026-06-1985,PAID,2026-06-25,2026-06,warehouse consumables 2026-06,JE-HAP-2026-06-1985
HAP-2026-06-1986,VEND-047,Carta,CAR-2026-06-1986,2026-06-07,2026-07-07,12.88,USD,HPO-2026-06-1986,PAID,2026-06-25,2026-06,security monitoring hosts 2026-06,JE-HAP-2026-06-1986
HAP-2026-06-1987,VEND-001,Acme Supplies,ACM-2026-06-1987,2026-06-07,2026-07-07,45.99,USD,HPO-2026-06-1987,PAID,2026-06-25,2026-06,usage overage block 2026-06,JE-HAP-2026-06-1987
HAP-2026-06-1988,VEND-003,Northline Fabrication,NOR-2026-06-1988,2026-06-07,2026-07-07,9001.1,USD,HPO-2026-06-1988,PAID,2026-06-25,2026-06,premium support 2026-06,JE-HAP-2026-06-1988
HAP-2026-06-1989,VEND-007,Slack Technologies,SLA-2026-06-1989,2026-06-07,2026-07-07,270.71,USD,HPO-2026-06-1989,PAID,2026-06-25,2026-06,warehouse consumables 2026-06,JE-HAP-2026-06-1989
HAP-2026-06-1990,VEND-012,Orbit Analytics,ORB-2026-06-1990,2026-06-07,2026-07-07,109.32,USD,HPO-2026-06-1990,PAID,2026-06-25,2026-06,security monitoring hosts 2026-06,JE-HAP-2026-06-1990
HAP-2026-06-1991,VEND-016,Lindholm & Ruiz LLP,LIN-2026-06-1991,2026-06-07,2026-07-07,166.43,USD,HPO-2026-06-1991,PAID,2026-06-25,2026-06,usage overage block 2026-06,JE-HAP-2026-06-1991
HAP-2026-06-1992,VEND-020,Lenovo,LEN-2026-06-1992,2026-06-07,2026-07-07,3601.54,USD,HPO-2026-06-1992,PAID,2026-06-25,2026-06,premium support 2026-06,JE-HAP-2026-06-1992
HAP-2026-06-1993,VEND-012,Orbit Analytics,ORB-2026-06-1993,2026-06-08,2026-07-08,46.65,USD,HPO-2026-06-1993,PAID,2026-06-26,2026-06,usage overage block 2026-06,JE-HAP-2026-06-1993
HAP-2026-06-1994,VEND-016,Lindholm & Ruiz LLP,LIN-2026-06-1994,2026-06-08,2026-07-08,9001.76,USD,HPO-2026-06-1994,PAID,2026-06-26,2026-06,premium support 2026-06,JE-HAP-2026-06-1994
HAP-2026-06-1995,VEND-020,Lenovo,LEN-2026-06-1995,2026-06-08,2026-07-08,271.37,USD,HPO-2026-06-1995,PAID,2026-06-26,2026-06,warehouse consumables 2026-06,JE-HAP-2026-06-1995
HAP-2026-06-1996,VEND-024,Snowflake,SNO-2026-06-1996,2026-06-08,2026-07-08,109.98,USD,HPO-2026-06-1996,PAID,2026-06-26,2026-06,security monitoring hosts 2026-06,JE-HAP-2026-06-1996
HAP-2026-06-1997,VEND-028,Atlassian,ATL-2026-06-1997,2026-06-08,2026-07-08,167.09,USD,HPO-2026-06-1997,PAID,2026-06-26,2026-06,usage overage block 2026-06,JE-HAP-2026-06-1997
HAP-2026-06-1998,VEND-032,Harbor Power & Light,HAR-2026-06-1998,2026-06-08,2026-07-08,3602.2,USD,HPO-2026-06-1998,PAID,2026-06-26,2026-06,premium support 2026-06,JE-HAP-2026-06-1998
HAP-2026-06-1999,VEND-036,WeWork Cambridge,WEW-2026-06-1999,2026-06-08,2026-07-08,156.31,USD,HPO-2026-06-1999,PAID,2026-06-26,2026-06,warehouse consumables 2026-06,JE-HAP-2026-06-1999
HAP-2026-06-2000,VEND-040,Kendall Square Parking,KEN-2026-06-2000,2026-06-08,2026-07-08,74.42,USD,HPO-2026-06-2000,PAID,2026-06-26,2026-06,security monitoring hosts 2026-06,JE-HAP-2026-06-2000
HAP-2026-06-2001,VEND-044,DocuSign,DOC-2026-06-2001,2026-06-08,2026-07-08,120.0,USD,HPO-2026-06-2001,PAID,2026-06-26,2026-06,usage overage block 2026-06,JE-HAP-2026-06-2001
HAP-2026-06-2002,VEND-048,Gusto Payroll,GUS-2026-06-2002,2026-06-08,2026-07-08,18000.11,USD,HPO-2026-06-2002,PAID,2026-06-26,2026-06,premium support 2026-06,JE-HAP-2026-06-2002
HAP-2026-06-2003,VEND-001-DUP,Acme Supplies LLC,ACM-2026-06-2003,2026-06-08,2026-07-08,38.72,USD,HPO-2026-06-2003,PAID,2026-06-26,2026-06,warehouse consumables 2026-06,JE-HAP-2026-06-2003
HAP-2026-06-2004,VEND-004,Office Depot,OFF-2026-06-2004,2026-06-08,2026-07-08,36.33,USD,HPO-2026-06-2004,PAID,2026-06-26,2026-06,security monitoring hosts 2026-06,JE-HAP-2026-06-2004
HAP-2026-06-2005,VEND-048,Gusto Payroll,GUS-2026-06-2005,2026-06-09,2026-07-09,154.44,USD,HPO-2026-06-2005,PAID,2026-06-27,2026-06,warehouse consumables 2026-06,JE-HAP-2026-06-2005
HAP-2026-06-2006,VEND-001-DUP,Acme Supplies LLC,ACM-2026-06-2006,2026-06-09,2026-07-09,72.55,USD,HPO-2026-06-2006,PAID,2026-06-27,2026-06,security monitoring hosts 2026-06,JE-HAP-2026-06-2006
HAP-2026-06-2007,VEND-004,Office Depot,OFF-2026-06-2007,2026-06-09,2026-07-09,120.66,USD,HPO-2026-06-2007,PAID,2026-06-27,2026-06,usage overage block 2026-06,JE-HAP-2026-06-2007
HAP-2026-06-2008,VEND-008,Figma,FIG-2026-06-2008,2026-06-09,2026-07-09,18000.77,USD,HPO-2026-06-2008,PAID,2026-06-27,2026-06,premium support 2026-06,JE-HAP-2026-06-2008
HAP-2026-06-2009,VEND-013,Cambridge Properties,CAM-2026-06-2009,2026-06-09,2026-07-09,39.38,USD,HPO-2026-06-2009,PAID,2026-06-27,2026-06,warehouse consumables 2026-06,JE-HAP-2026-06-2009
HAP-2026-06-2010,VEND-017,GitHub,GIT-2026-06-2010,2026-06-09,2026-07-09,36.99,USD,HPO-2026-06-2010,PAID,2026-06-27,2026-06,security monitoring hosts 2026-06,JE-HAP-2026-06-2010
HAP-2026-06-2011,VEND-021,Misc Supplies,MIS-2026-06-2011,2026-06-09,2026-07-09,76.1,USD,HPO-2026-06-2011,PAID,2026-06-27,2026-06,usage overage block 2026-06,JE-HAP-2026-06-2011
HAP-2026-06-2012,VEND-025,Okta,OKT-2026-06-2012,2026-06-09,2026-07-09,12601.21,USD,HPO-2026-06-2012,PAID,2026-06-27,2026-06,premium support 2026-06,JE-HAP-2026-06-2012
HAP-2026-06-2013,VEND-029,Cloudflare,CLO-2026-06-2013,2026-06-09,2026-07-09,347.82,USD,HPO-2026-06-2013,PAID,2026-06-27,2026-06,warehouse consumables 2026-06,JE-HAP-2026-06-2013
HAP-2026-06-2014,VEND-033,Staples Business Advantage,STA-2026-06-2014,2026-06-09,2026-07-09,133.43,USD,HPO-2026-06-2014,PAID,2026-06-27,2026-06,security monitoring hosts 2026-06,JE-HAP-2026-06-2014
HAP-2026-06-2015,VEND-037,Comcast Business,COM-2026-06-2015,2026-06-09,2026-07-09,31.54,USD,HPO-2026-06-2015,PAID,2026-06-27,2026-06,usage overage block 2026-06,JE-HAP-2026-06-2015
HAP-2026-06-2016,VEND-041,HubSpot,HUB-2026-06-2016,2026-06-09,2026-07-09,7201.65,USD,HPO-2026-06-2016,PAID,2026-06-27,2026-06,premium support 2026-06,JE-HAP-2026-06-2016
HAP-2026-06-2017,VEND-033,Staples Business Advantage,STA-2026-06-2017,2026-06-10,2026-07-10,76.76,USD,HPO-2026-06-2017,PAID,2026-06-28,2026-06,usage overage block 2026-06,JE-HAP-2026-06-2017
HAP-2026-06-2018,VEND-037,Comcast Business,COM-2026-06-2018,2026-06-10,2026-07-10,12601.87,USD,HPO-2026-06-2018,PAID,2026-06-28,2026-06,premium support 2026-06,JE-HAP-2026-06-2018
HAP-2026-06-2019,VEND-041,HubSpot,HUB-2026-06-2019,2026-06-10,2026-07-10,348.48,USD,HPO-2026-06-2019,PAID,2026-06-28,2026-06,warehouse consumables 2026-06,JE-HAP-2026-06-2019
HAP-2026-06-2020,VEND-045,Palo Alto Networks,PAL-2026-06-2020,2026-06-10,2026-07-10,134.09,USD,HPO-2026-06-2020,PAID,2026-06-28,2026-06,security monitoring hosts 2026-06,JE-HAP-2026-06-2020
HAP-2026-06-2021,VEND-049,Vanta,VAN-2026-06-2021,2026-06-10,2026-07-10,32.2,USD,HPO-2026-06-2021,PAID,2026-06-28,2026-06,usage overage block 2026-06,JE-HAP-2026-06-2021
HAP-2026-06-2022,VEND-001-ALIAS,Acme Supply Co.,ACM-2026-06-2022,2026-06-10,2026-07-10,7202.31,USD,HPO-2026-06-2022,PAID,2026-06-28,2026-06,premium support 2026-06,JE-HAP-2026-06-2022
HAP-2026-06-2023,VEND-005,Helios Hardware,HEL-2026-06-2023,2026-06-10,2026-07-10,233.42,USD,HPO-2026-06-2023,PAID,2026-06-28,2026-06,warehouse consumables 2026-06,JE-HAP-2026-06-2023
HAP-2026-06-2024,VEND-009,Google Cloud,GOO-2026-06-2024,2026-06-10,2026-07-10,96.0,USD,HPO-2026-06-2024,PAID,2026-06-28,2026-06,security monitoring hosts 2026-06,JE-HAP-2026-06-2024
HAP-2026-06-2025,VEND-014,Dell Technologies,DEL-2026-06-2025,2026-06-10,2026-07-10,150.11,USD,HPO-2026-06-2025,PAID,2026-06-28,2026-06,usage overage block 2026-06,JE-HAP-2026-06-2025
HAP-2026-06-2026,VEND-018,Shadow Vendor LLC,SHA-2026-06-2026,2026-06-10,2026-07-10,1800.22,USD,HPO-2026-06-2026,PAID,2026-06-28,2026-06,premium support 2026-06,JE-HAP-2026-06-2026
HAP-2026-06-2027,VEND-022,Twilio,TWI-2026-06-2027,2026-06-10,2026-07-10,115.83,USD,HPO-2026-06-2027,PAID,2026-06-28,2026-06,warehouse consumables 2026-06,JE-HAP-2026-06-2027
HAP-2026-06-2028,VEND-026,CrowdStrike,CRO-2026-06-2028,2026-06-10,2026-07-10,60.44,USD,HPO-2026-06-2028,PAID,2026-06-28,2026-06,security monitoring hosts 2026-06,JE-HAP-2026-06-2028
HAP-2026-06-2029,VEND-018,Shadow Vendor LLC,SHA-2026-06-2029,2026-06-11,2026-07-11,231.55,USD,HPO-2026-06-2029,PAID,2026-06-29,2026-06,warehouse consumables 2026-06,JE-HAP-2026-06-2029
HAP-2026-06-2030,VEND-022,Twilio,TWI-2026-06-2030,2026-06-11,2026-07-11,96.66,USD,HPO-2026-06-2030,PAID,2026-06-29,2026-06,security monitoring hosts 2026-06,JE-HAP-2026-06-2030
HAP-2026-06-2031,VEND-026,CrowdStrike,CRO-2026-06-2031,2026-06-11,2026-07-11,150.77,USD,HPO-2026-06-2031,PAID,2026-06-29,2026-06,usage overage block 2026-06,JE-HAP-2026-06-2031
HAP-2026-06-2032,VEND-030,Northline Fab Group,NOR-2026-06-2032,2026-06-11,2026-07-11,1800.88,USD,HPO-2026-06-2032,PAID,2026-06-29,2026-06,premium support 2026-06,JE-HAP-2026-06-2032
HAP-2026-06-2033,VEND-034,FedEx,FED-2026-06-2033,2026-06-11,2026-07-11,116.49,USD,HPO-2026-06-2033,PAID,2026-06-29,2026-06,warehouse consumables 2026-06,JE-HAP-2026-06-2033
HAP-2026-06-2034,VEND-038,Pagaya Coffee Service,PAG-2026-06-2034,2026-06-11,2026-07-11,61.1,USD,HPO-2026-06-2034,PAID,2026-06-29,2026-06,security monitoring hosts 2026-06,JE-HAP-2026-06-2034
HAP-2026-06-2035,VEND-042,Stripe Processing,STR-2026-06-2035,2026-06-11,2026-07-11,106.21,USD,HPO-2026-06-2035,PAID,2026-06-29,2026-06,usage overage block 2026-06,JE-HAP-2026-06-2035
HAP-2026-06-2036,VEND-046,Boston Edison Steam,BOS-2026-06-2036,2026-06-11,2026-07-11,16201.32,USD,HPO-2026-06-2036,PAID,2026-06-29,2026-06,premium support 2026-06,JE-HAP-2026-06-2036
HAP-2026-06-2037,VEND-050,Linear App,LIN-2026-06-2037,2026-06-11,2026-07-11,424.93,USD,HPO-2026-06-2037,PAID,2026-06-29,2026-06,warehouse consumables 2026-06,JE-HAP-2026-06-2037
HAP-2026-06-2038,VEND-002,Amazon Web Services,AMA-2026-06-2038,2026-06-11,2026-07-11,25.54,USD,HPO-2026-06-2038,PAID,2026-06-29,2026-06,security monitoring hosts 2026-06,JE-HAP-2026-06-2038
HAP-2026-06-2039,VEND-006,Datadog,DAT-2026-06-2039,2026-06-11,2026-07-11,61.65,USD,HPO-2026-06-2039,PAID,2026-06-29,2026-06,usage overage block 2026-06,JE-HAP-2026-06-2039
HAP-2026-06-2040,VEND-011,Hartford Insurance,HAR-2026-06-2040,2026-06-11,2026-07-11,10801.76,USD,HPO-2026-06-2040,PAID,2026-06-29,2026-06,premium support 2026-06,JE-HAP-2026-06-2040
HAP-2026-06-2041,VEND-002,Amazon Web Services,AMA-2026-06-2041,2026-06-12,2026-07-12,106.87,USD,HPO-2026-06-2041,PAID,2026-06-30,2026-06,usage overage block 2026-06,JE-HAP-2026-06-2041
HAP-2026-06-2042,VEND-006,Datadog,DAT-2026-06-2042,2026-06-12,2026-07-12,16201.98,USD,HPO-2026-06-2042,PAID,2026-06-30,2026-06,premium support 2026-06,JE-HAP-2026-06-2042
HAP-2026-06-2043,VEND-011,Hartford Insurance,HAR-2026-06-2043,2026-06-12,2026-07-12,425.59,USD,HPO-2026-06-2043,PAID,2026-06-30,2026-06,warehouse consumables 2026-06,JE-HAP-2026-06-2043
HAP-2026-06-2044,VEND-015,Harbor Electric,HAR-2026-06-2044,2026-06-12,2026-07-12,26.2,USD,HPO-2026-06-2044,PAID,2026-06-30,2026-06,security monitoring hosts 2026-06,JE-HAP-2026-06-2044
HAP-2026-06-2045,VEND-019,Freightline Logistics,FRE-2026-06-2045,2026-06-12,2026-07-12,62.31,USD,HPO-2026-06-2045,PAID,2026-06-30,2026-06,usage overage block 2026-06,JE-HAP-2026-06-2045
HAP-2026-06-2046,VEND-023,Notion Labs,NOT-2026-06-2046,2026-06-12,2026-07-12,10802.42,USD,HPO-2026-06-2046,PAID,2026-06-30,2026-06,premium support 2026-06,JE-HAP-2026-06-2046
HAP-2026-06-2047,VEND-027,Zoom Video,ZOO-2026-06-2047,2026-06-12,2026-07-12,308.0,USD,HPO-2026-06-2047,PAID,2026-06-30,2026-06,warehouse consumables 2026-06,JE-HAP-2026-06-2047
HAP-2026-06-2048,VEND-031,Helios Hardware Supply,HEL-2026-06-2048,2026-06-12,2026-07-12,120.11,USD,HPO-2026-06-2048,PAID,2026-06-30,2026-06,security monitoring hosts 2026-06,JE-HAP-2026-06-2048
HAP-2026-06-2049,VEND-035,ADP,ADP-2026-06-2049,2026-06-12,2026-07-12,15.22,USD,HPO-2026-06-2049,PAID,2026-06-30,2026-06,usage overage block 2026-06,JE-HAP-2026-06-2049
HAP-2026-06-2050,VEND-039,CleanRoom Janitorial,CLE-2026-06-2050,2026-06-12,2026-07-12,5400.33,USD,HPO-2026-06-2050,PAID,2026-06-30,2026-06,premium support 2026-06,JE-HAP-2026-06-2050
HAP-2026-06-2051,VEND-043,Adyen NV,ADY-2026-06-2051,2026-06-12,2026-07-12,192.94,USD,HPO-2026-06-2051,PAID,2026-06-30,2026-06,warehouse consumables 2026-06,JE-HAP-2026-06-2051
HAP-2026-06-2052,VEND-047,Carta,CAR-2026-06-2052,2026-06-12,2026-07-12,84.55,USD,HPO-2026-06-2052,PAID,2026-06-30,2026-06,security monitoring hosts 2026-06,JE-HAP-2026-06-2052
HAP-2026-06-2053,VEND-039,CleanRoom Janitorial,CLE-2026-06-2053,2026-06-13,2026-07-13,308.66,USD,HPO-2026-06-2053,PAID,2026-06-30,2026-06,warehouse consumables 2026-06,JE-HAP-2026-06-2053
HAP-2026-06-2054,VEND-043,Adyen NV,ADY-2026-06-2054,2026-06-13,2026-07-13,120.77,USD,HPO-2026-06-2054,PAID,2026-06-30,2026-06,security monitoring hosts 2026-06,JE-HAP-2026-06-2054
HAP-2026-06-2055,VEND-047,Carta,CAR-2026-06-2055,2026-06-13,2026-07-13,15.88,USD,HPO-2026-06-2055,PAID,2026-06-30,2026-06,usage overage block 2026-06,JE-HAP-2026-06-2055
HAP-2026-06-2056,VEND-001,Acme Supplies,ACM-2026-06-2056,2026-06-13,2026-07-13,5400.99,USD,HPO-2026-06-2056,PAID,2026-06-30,2026-06,premium support 2026-06,JE-HAP-2026-06-2056
HAP-2026-06-2057,VEND-003,Northline Fabrication,NOR-2026-06-2057,2026-06-13,2026-07-13,193.6,USD,HPO-2026-06-2057,PAID,2026-06-30,2026-06,warehouse consumables 2026-06,JE-HAP-2026-06-2057
HAP-2026-06-2058,VEND-007,Slack Technologies,SLA-2026-06-2058,2026-06-13,2026-07-13,85.21,USD,HPO-2026-06-2058,PAID,2026-06-30,2026-06,security monitoring hosts 2026-06,JE-HAP-2026-06-2058
HAP-2026-06-2059,VEND-012,Orbit Analytics,ORB-2026-06-2059,2026-06-13,2026-07-13,136.32,USD,HPO-2026-06-2059,PAID,2026-06-30,2026-06,usage overage block 2026-06,JE-HAP-2026-06-2059
HAP-2026-06-2060,VEND-016,Lindholm & Ruiz LLP,LIN-2026-06-2060,2026-06-13,2026-07-13,19801.43,USD,HPO-2026-06-2060,PAID,2026-06-30,2026-06,premium support 2026-06,JE-HAP-2026-06-2060
HAP-2026-06-2061,VEND-020,Lenovo,LEN-2026-06-2061,2026-06-13,2026-07-13,78.54,USD,HPO-2026-06-2061,PAID,2026-06-30,2026-06,warehouse consumables 2026-06,JE-HAP-2026-06-2061
HAP-2026-06-2062,VEND-024,Snowflake,SNO-2026-06-2062,2026-06-13,2026-07-13,49.65,USD,HPO-2026-06-2062,PAID,2026-06-30,2026-06,security monitoring hosts 2026-06,JE-HAP-2026-06-2062
HAP-2026-06-2063,VEND-028,Atlassian,ATL-2026-06-2063,2026-06-13,2026-07-13,91.76,USD,HPO-2026-06-2063,PAID,2026-06-30,2026-06,usage overage block 2026-06,JE-HAP-2026-06-2063
HAP-2026-06-2064,VEND-032,Harbor Power & Light,HAR-2026-06-2064,2026-06-13,2026-07-13,14401.87,USD,HPO-2026-06-2064,PAID,2026-06-30,2026-06,premium support 2026-06,JE-HAP-2026-06-2064
HAP-2026-06-2065,VEND-024,Snowflake,SNO-2026-06-2065,2026-06-14,2026-07-14,136.98,USD,HPO-2026-06-2065,PAID,2026-06-30,2026-06,usage overage block 2026-06,JE-HAP-2026-06-2065
HAP-2026-06-2066,VEND-028,Atlassian,ATL-2026-06-2066,2026-06-14,2026-07-14,19802.09,USD,HPO-2026-06-2066,PAID,2026-06-30,2026-06,premium support 2026-06,JE-HAP-2026-06-2066
HAP-2026-06-2067,VEND-032,Harbor Power & Light,HAR-2026-06-2067,2026-06-14,2026-07-14,79.2,USD,HPO-2026-06-2067,PAID,2026-06-30,2026-06,warehouse consumables 2026-06,JE-HAP-2026-06-2067
HAP-2026-06-2068,VEND-036,WeWork Cambridge,WEW-2026-06-2068,2026-06-14,2026-07-14,50.31,USD,HPO-2026-06-2068,PAID,2026-06-30,2026-06,security monitoring hosts 2026-06,JE-HAP-2026-06-2068
HAP-2026-06-2069,VEND-040,Kendall Square Parking,KEN-2026-06-2069,2026-06-14,2026-07-14,92.42,USD,HPO-2026-06-2069,PAID,2026-06-30,2026-06,usage overage block 2026-06,JE-HAP-2026-06-2069
HAP-2026-06-2070,VEND-044,DocuSign,DOC-2026-06-2070,2026-06-14,2026-07-14,14400.0,USD,HPO-2026-06-2070,PAID,2026-06-30,2026-06,premium support 2026-06,JE-HAP-2026-06-2070
HAP-2026-06-2071,VEND-048,Gusto Payroll,GUS-2026-06-2071,2026-06-14,2026-07-14,385.11,USD,HPO-2026-06-2071,PAID,2026-06-30,2026-06,warehouse consumables 2026-06,JE-HAP-2026-06-2071
HAP-2026-06-2072,VEND-001-DUP,Acme Supplies LLC,ACM-2026-06-2072,2026-06-14,2026-07-14,12.22,USD,HPO-2026-06-2072,PAID,2026-06-30,2026-06,security monitoring hosts 2026-06,JE-HAP-2026-06-2072
HAP-2026-06-2073,VEND-004,Office Depot,OFF-2026-06-2073,2026-06-14,2026-07-14,45.33,USD,HPO-2026-06-2073,PAID,2026-06-30,2026-06,usage overage block 2026-06,JE-HAP-2026-06-2073
HAP-2026-06-2074,VEND-008,Figma,FIG-2026-06-2074,2026-06-14,2026-07-14,9000.44,USD,HPO-2026-06-2074,PAID,2026-06-30,2026-06,premium support 2026-06,JE-HAP-2026-06-2074
HAP-2026-06-2075,VEND-013,Cambridge Properties,CAM-2026-06-2075,2026-06-14,2026-07-14,270.05,USD,HPO-2026-06-2075,PAID,2026-06-30,2026-06,warehouse consumables 2026-06,JE-HAP-2026-06-2075
HAP-2026-06-2076,VEND-017,GitHub,GIT-2026-06-2076,2026-06-14,2026-07-14,108.66,USD,HPO-2026-06-2076,PAID,2026-06-30,2026-06,security monitoring hosts 2026-06,JE-HAP-2026-06-2076
HAP-2026-06-2077,VEND-008,Figma,FIG-2026-06-2077,2026-06-15,2026-07-15,385.77,USD,HPO-2026-06-2077,PAID,2026-06-30,2026-06,warehouse consumables 2026-06,JE-HAP-2026-06-2077
HAP-2026-06-2078,VEND-013,Cambridge Properties,CAM-2026-06-2078,2026-06-15,2026-07-15,12.88,USD,HPO-2026-06-2078,PAID,2026-06-30,2026-06,security monitoring hosts 2026-06,JE-HAP-2026-06-2078
HAP-2026-06-2079,VEND-017,GitHub,GIT-2026-06-2079,2026-06-15,2026-07-15,45.99,USD,HPO-2026-06-2079,PAID,2026-06-30,2026-06,usage overage block 2026-06,JE-HAP-2026-06-2079
HAP-2026-06-2080,VEND-021,Misc Supplies,MIS-2026-06-2080,2026-06-15,2026-07-15,9001.1,USD,HPO-2026-06-2080,PAID,2026-06-30,2026-06,premium support 2026-06,JE-HAP-2026-06-2080
HAP-2026-06-2081,VEND-025,Okta,OKT-2026-06-2081,2026-06-15,2026-07-15,270.71,USD,HPO-2026-06-2081,PAID,2026-06-30,2026-06,warehouse consumables 2026-06,JE-HAP-2026-06-2081
HAP-2026-06-2082,VEND-029,Cloudflare,CLO-2026-06-2082,2026-06-15,2026-07-15,109.32,USD,HPO-2026-06-2082,PAID,2026-06-30,2026-06,security monitoring hosts 2026-06,JE-HAP-2026-06-2082
HAP-2026-06-2083,VEND-033,Staples Business Advantage,STA-2026-06-2083,2026-06-15,2026-07-15,166.43,USD,HPO-2026-06-2083,PAID,2026-06-30,2026-06,usage overage block 2026-06,JE-HAP-2026-06-2083
HAP-2026-06-2084,VEND-037,Comcast Business,COM-2026-06-2084,2026-06-15,2026-07-15,3601.54,USD,HPO-2026-06-2084,PAID,2026-06-30,2026-06,premium support 2026-06,JE-HAP-2026-06-2084
HAP-2026-06-2085,VEND-041,HubSpot,HUB-2026-06-2085,2026-06-15,2026-07-15,155.65,USD,HPO-2026-06-2085,PAID,2026-06-30,2026-06,warehouse consumables 2026-06,JE-HAP-2026-06-2085
HAP-2026-06-2086,VEND-045,Palo Alto Networks,PAL-2026-06-2086,2026-06-15,2026-07-15,73.76,USD,HPO-2026-06-2086,PAID,2026-06-30,2026-06,security monitoring hosts 2026-06,JE-HAP-2026-06-2086
HAP-2026-06-2087,VEND-049,Vanta,VAN-2026-06-2087,2026-06-15,2026-07-15,121.87,USD,HPO-2026-06-2087,PAID,2026-06-30,2026-06,usage overage block 2026-06,JE-HAP-2026-06-2087
HAP-2026-06-2088,VEND-001-ALIAS,Acme Supply Co.,ACM-2026-06-2088,2026-06-15,2026-07-15,18001.98,USD,HPO-2026-06-2088,PAID,2026-06-30,2026-06,premium support 2026-06,JE-HAP-2026-06-2088
HAP-2026-06-2089,VEND-045,Palo Alto Networks,PAL-2026-06-2089,2026-06-16,2026-07-16,167.09,USD,HPO-2026-06-2089,PAID,2026-06-30,2026-06,usage overage block 2026-06,JE-HAP-2026-06-2089
HAP-2026-06-2090,VEND-049,Vanta,VAN-2026-06-2090,2026-06-16,2026-07-16,3602.2,USD,HPO-2026-06-2090,PAID,2026-06-30,2026-06,premium support 2026-06,JE-HAP-2026-06-2090
HAP-2026-06-2091,VEND-001-ALIAS,Acme Supply Co.,ACM-2026-06-2091,2026-06-16,2026-07-16,156.31,USD,HPO-2026-06-2091,PAID,2026-06-30,2026-06,warehouse consumables 2026-06,JE-HAP-2026-06-2091
HAP-2026-06-2092,VEND-005,Helios Hardware,HEL-2026-06-2092,2026-06-16,2026-07-16,74.42,USD,HPO-2026-06-2092,PAID,2026-06-30,2026-06,security monitoring hosts 2026-06,JE-HAP-2026-06-2092
HAP-2026-06-2093,VEND-009,Google Cloud,GOO-2026-06-2093,2026-06-16,2026-07-16,120.0,USD,HPO-2026-06-2093,PAID,2026-06-30,2026-06,usage overage block 2026-06,JE-HAP-2026-06-2093
HAP-2026-06-2094,VEND-014,Dell Technologies,DEL-2026-06-2094,2026-06-16,2026-07-16,18000.11,USD,HPO-2026-06-2094,PAID,2026-06-30,2026-06,premium support 2026-06,JE-HAP-2026-06-2094
HAP-2026-06-2095,VEND-018,Shadow Vendor LLC,SHA-2026-06-2095,2026-06-16,2026-07-16,38.72,USD,HPO-2026-06-2095,PAID,2026-06-30,2026-06,warehouse consumables 2026-06,JE-HAP-2026-06-2095
HAP-2026-06-2096,VEND-022,Twilio,TWI-2026-06-2096,2026-06-16,2026-07-16,36.33,USD,HPO-2026-06-2096,PAID,2026-06-30,2026-06,security monitoring hosts 2026-06,JE-HAP-2026-06-2096
HAP-2026-06-2097,VEND-026,CrowdStrike,CRO-2026-06-2097,2026-06-16,2026-07-16,75.44,USD,HPO-2026-06-2097,PAID,2026-06-30,2026-06,usage overage block 2026-06,JE-HAP-2026-06-2097
HAP-2026-06-2098,VEND-030,Northline Fab Group,NOR-2026-06-2098,2026-06-16,2026-07-16,12600.55,USD,HPO-2026-06-2098,PAID,2026-06-30,2026-06,premium support 2026-06,JE-HAP-2026-06-2098
HAP-2026-06-2099,VEND-034,FedEx,FED-2026-06-2099,2026-06-16,2026-07-16,347.16,USD,HPO-2026-06-2099,PAID,2026-06-30,2026-06,warehouse consumables 2026-06,JE-HAP-2026-06-2099
HAP-2026-06-2100,VEND-038,Pagaya Coffee Service,PAG-2026-06-2100,2026-06-16,2026-07-16,132.77,USD,HPO-2026-06-2100,PAID,2026-06-30,2026-06,security monitoring hosts 2026-06,JE-HAP-2026-06-2100
HAP-2026-06-2101,VEND-030,Northline Fab Group,NOR-2026-06-2101,2026-06-17,2026-07-17,39.38,USD,HPO-2026-06-2101,PAID,2026-06-30,2026-06,warehouse consumables 2026-06,JE-HAP-2026-06-2101
HAP-2026-06-2102,VEND-034,FedEx,FED-2026-06-2102,2026-06-17,2026-07-17,36.99,USD,HPO-2026-06-2102,PAID,2026-06-30,2026-06,security monitoring hosts 2026-06,JE-HAP-2026-06-2102
HAP-2026-06-2103,VEND-038,Pagaya Coffee Service,PAG-2026-06-2103,2026-06-17,2026-07-17,76.1,USD,HPO-2026-06-2103,PAID,2026-06-30,2026-06,usage overage block 2026-06,JE-HAP-2026-06-2103
HAP-2026-06-2104,VEND-042,Stripe Processing,STR-2026-06-2104,2026-06-17,2026-07-17,12601.21,USD,HPO-2026-06-2104,PAID,2026-06-30,2026-06,premium support 2026-06,JE-HAP-2026-06-2104
HAP-2026-06-2105,VEND-046,Boston Edison Steam,BOS-2026-06-2105,2026-06-17,2026-07-17,347.82,USD,HPO-2026-06-2105,PAID,2026-06-30,2026-06,warehouse consumables 2026-06,JE-HAP-2026-06-2105
HAP-2026-06-2106,VEND-050,Linear App,LIN-2026-06-2106,2026-06-17,2026-07-17,133.43,USD,HPO-2026-06-2106,PAID,2026-06-30,2026-06,security monitoring hosts 2026-06,JE-HAP-2026-06-2106
HAP-2026-06-2107,VEND-002,Amazon Web Services,AMA-2026-06-2107,2026-06-17,2026-07-17,31.54,USD,HPO-2026-06-2107,PAID,2026-06-30,2026-06,usage overage block 2026-06,JE-HAP-2026-06-2107
HAP-2026-06-2108,VEND-006,Datadog,DAT-2026-06-2108,2026-06-17,2026-07-17,7201.65,USD,HPO-2026-06-2108,PAID,2026-06-30,2026-06,premium support 2026-06,JE-HAP-2026-06-2108
HAP-2026-06-2109,VEND-011,Hartford Insurance,HAR-2026-06-2109,2026-06-17,2026-07-17,232.76,USD,HPO-2026-06-2109,PAID,2026-06-30,2026-06,warehouse consumables 2026-06,JE-HAP-2026-06-2109
HAP-2026-06-2110,VEND-015,Harbor Electric,HAR-2026-06-2110,2026-06-17,2026-07-17,97.87,USD,HPO-2026-06-2110,PAID,2026-06-30,2026-06,security monitoring hosts 2026-06,JE-HAP-2026-06-2110
HAP-2026-06-2111,VEND-019,Freightline Logistics,FRE-2026-06-2111,2026-06-17,2026-07-17,151.98,USD,HPO-2026-06-2111,PAID,2026-06-30,2026-06,usage overage block 2026-06,JE-HAP-2026-06-2111
HAP-2026-06-2112,VEND-023,Notion Labs,NOT-2026-06-2112,2026-06-17,2026-07-17,1802.09,USD,HPO-2026-06-2112,PAID,2026-06-30,2026-06,premium support 2026-06,JE-HAP-2026-06-2112
HAP-2026-06-2113,VEND-015,Harbor Electric,HAR-2026-06-2113,2026-06-18,2026-07-18,32.2,USD,HPO-2026-06-2113,PAID,2026-06-30,2026-06,usage overage block 2026-06,JE-HAP-2026-06-2113
HAP-2026-06-2114,VEND-019,Freightline Logistics,FRE-2026-06-2114,2026-06-18,2026-07-18,7202.31,USD,HPO-2026-06-2114,PAID,2026-06-30,2026-06,premium support 2026-06,JE-HAP-2026-06-2114
HAP-2026-06-2115,VEND-023,Notion Labs,NOT-2026-06-2115,2026-06-18,2026-07-18,233.42,USD,HPO-2026-06-2115,PAID,2026-06-30,2026-06,warehouse consumables 2026-06,JE-HAP-2026-06-2115
HAP-2026-06-2116,VEND-027,Zoom Video,ZOO-2026-06-2116,2026-06-18,2026-07-18,96.0,USD,HPO-2026-06-2116,PAID,2026-06-30,2026-06,security monitoring hosts 2026-06,JE-HAP-2026-06-2116
HAP-2026-06-2117,VEND-031,Helios Hardware Supply,HEL-2026-06-2117,2026-06-18,2026-07-18,150.11,USD,HPO-2026-06-2117,PAID,2026-06-30,2026-06,usage overage block 2026-06,JE-HAP-2026-06-2117
HAP-2026-06-2118,VEND-035,ADP,ADP-2026-06-2118,2026-06-18,2026-07-18,1800.22,USD,HPO-2026-06-2118,PAID,2026-06-30,2026-06,premium support 2026-06,JE-HAP-2026-06-2118
HAP-2026-06-2119,VEND-039,CleanRoom Janitorial,CLE-2026-06-2119,2026-06-18,2026-07-18,115.83,USD,HPO-2026-06-2119,PAID,2026-06-30,2026-06,warehouse consumables 2026-06,JE-HAP-2026-06-2119
HAP-2026-06-2120,VEND-043,Adyen NV,ADY-2026-06-2120,2026-06-18,2026-07-18,60.44,USD,HPO-2026-06-2120,PAID,2026-06-30,2026-06,security monitoring hosts 2026-06,JE-HAP-2026-06-2120
HAP-2026-06-2121,VEND-047,Carta,CAR-2026-06-2121,2026-06-18,2026-07-18,105.55,USD,HPO-2026-06-2121,PAID,2026-06-30,2026-06,usage overage block 2026-06,JE-HAP-2026-06-2121
HAP-2026-06-2122,VEND-001,Acme Supplies,ACM-2026-06-2122,2026-06-18,2026-07-18,16200.66,USD,HPO-2026-06-2122,PAID,2026-06-30,2026-06,premium support 2026-06,JE-HAP-2026-06-2122
HAP-2026-06-2123,VEND-003,Northline Fabrication,NOR-2026-06-2123,2026-06-18,2026-07-18,424.27,USD,HPO-2026-06-2123,PAID,2026-06-30,2026-06,warehouse consumables 2026-06,JE-HAP-2026-06-2123
HAP-2026-06-2124,VEND-007,Slack Technologies,SLA-2026-06-2124,2026-06-18,2026-07-18,24.88,USD,HPO-2026-06-2124,PAID,2026-06-30,2026-06,security monitoring hosts 2026-06,JE-HAP-2026-06-2124
HAP-2026-06-2125,VEND-001,Acme Supplies,ACM-2026-06-2125,2026-06-19,2026-07-19,116.49,USD,HPO-2026-06-2125,PAID,2026-06-30,2026-06,warehouse consumables 2026-06,JE-HAP-2026-06-2125
HAP-2026-06-2126,VEND-003,Northline Fabrication,NOR-2026-06-2126,2026-06-19,2026-07-19,61.1,USD,HPO-2026-06-2126,PAID,2026-06-30,2026-06,security monitoring hosts 2026-06,JE-HAP-2026-06-2126
HAP-2026-06-2127,VEND-007,Slack Technologies,SLA-2026-06-2127,2026-06-19,2026-07-19,106.21,USD,HPO-2026-06-2127,PAID,2026-06-30,2026-06,usage overage block 2026-06,JE-HAP-2026-06-2127
HAP-2026-06-2128,VEND-012,Orbit Analytics,ORB-2026-06-2128,2026-06-19,2026-07-19,16201.32,USD,HPO-2026-06-2128,PAID,2026-06-30,2026-06,premium support 2026-06,JE-HAP-2026-06-2128
HAP-2026-06-2129,VEND-016,Lindholm & Ruiz LLP,LIN-2026-06-2129,2026-06-19,2026-07-19,424.93,USD,HPO-2026-06-2129,PAID,2026-06-30,2026-06,warehouse consumables 2026-06,JE-HAP-2026-06-2129
HAP-2026-06-2130,VEND-020,Lenovo,LEN-2026-06-2130,2026-06-19,2026-07-19,25.54,USD,HPO-2026-06-2130,PAID,2026-06-30,2026-06,security monitoring hosts 2026-06,JE-HAP-2026-06-2130
HAP-2026-06-2131,VEND-024,Snowflake,SNO-2026-06-2131,2026-06-19,2026-07-19,61.65,USD,HPO-2026-06-2131,PAID,2026-06-30,2026-06,usage overage block 2026-06,JE-HAP-2026-06-2131
HAP-2026-06-2132,VEND-028,Atlassian,ATL-2026-06-2132,2026-06-19,2026-07-19,10801.76,USD,HPO-2026-06-2132,PAID,2026-06-30,2026-06,premium support 2026-06,JE-HAP-2026-06-2132
HAP-2026-06-2133,VEND-032,Harbor Power & Light,HAR-2026-06-2133,2026-06-19,2026-07-19,309.87,USD,HPO-2026-06-2133,PAID,2026-06-30,2026-06,warehouse consumables 2026-06,JE-HAP-2026-06-2133
HAP-2026-06-2134,VEND-036,WeWork Cambridge,WEW-2026-06-2134,2026-06-19,2026-07-19,121.98,USD,HPO-2026-06-2134,PAID,2026-06-30,2026-06,security monitoring hosts 2026-06,JE-HAP-2026-06-2134
HAP-2026-06-2135,VEND-040,Kendall Square Parking,KEN-2026-06-2135,2026-06-19,2026-07-19,17.09,USD,HPO-2026-06-2135,PAID,2026-06-30,2026-06,usage overage block 2026-06,JE-HAP-2026-06-2135
HAP-2026-06-2136,VEND-044,DocuSign,DOC-2026-06-2136,2026-06-19,2026-07-19,5402.2,USD,HPO-2026-06-2136,PAID,2026-06-30,2026-06,premium support 2026-06,JE-HAP-2026-06-2136
HAP-2026-06-2137,VEND-036,WeWork Cambridge,WEW-2026-06-2137,2026-06-20,2026-07-20,62.31,USD,HPO-2026-06-2137,PAID,2026-06-30,2026-06,usage overage block 2026-06,JE-HAP-2026-06-2137
HAP-2026-06-2138,VEND-040,Kendall Square Parking,KEN-2026-06-2138,2026-06-20,2026-07-20,10802.42,USD,HPO-2026-06-2138,PAID,2026-06-30,2026-06,premium support 2026-06,JE-HAP-2026-06-2138
HAP-2026-06-2139,VEND-044,DocuSign,DOC-2026-06-2139,2026-06-20,2026-07-20,308.0,USD,HPO-2026-06-2139,PAID,2026-06-30,2026-06,warehouse consumables 2026-06,JE-HAP-2026-06-2139
HAP-2026-06-2140,VEND-048,Gusto Payroll,GUS-2026-06-2140,2026-06-20,2026-07-20,120.11,USD,HPO-2026-06-2140,PAID,2026-06-30,2026-06,security monitoring hosts 2026-06,JE-HAP-2026-06-2140
HAP-2026-06-2141,VEND-001-DUP,Acme Supplies LLC,ACM-2026-06-2141,2026-06-20,2026-07-20,15.22,USD,HPO-2026-06-2141,PAID,2026-06-30,2026-06,usage overage block 2026-06,JE-HAP-2026-06-2141
HAP-2026-06-2142,VEND-004,Office Depot,OFF-2026-06-2142,2026-06-20,2026-07-20,5400.33,USD,HPO-2026-06-2142,PAID,2026-06-30,2026-06,premium support 2026-06,JE-HAP-2026-06-2142
HAP-2026-06-2143,VEND-008,Figma,FIG-2026-06-2143,2026-06-20,2026-07-20,192.94,USD,HPO-2026-06-2143,PAID,2026-06-30,2026-06,warehouse consumables 2026-06,JE-HAP-2026-06-2143
HAP-2026-06-2144,VEND-013,Cambridge Properties,CAM-2026-06-2144,2026-06-20,2026-07-20,84.55,USD,HPO-2026-06-2144,PAID,2026-06-30,2026-06,security monitoring hosts 2026-06,JE-HAP-2026-06-2144
HAP-2026-06-2145,VEND-017,GitHub,GIT-2026-06-2145,2026-06-20,2026-07-20,135.66,USD,HPO-2026-06-2145,PAID,2026-06-30,2026-06,usage overage block 2026-06,JE-HAP-2026-06-2145
HAP-2026-06-2146,VEND-021,Misc Supplies,MIS-2026-06-2146,2026-06-20,2026-07-20,19800.77,USD,HPO-2026-06-2146,PAID,2026-06-30,2026-06,premium support 2026-06,JE-HAP-2026-06-2146
HAP-2026-06-2147,VEND-025,Okta,OKT-2026-06-2147,2026-06-20,2026-07-20,77.88,USD,HPO-2026-06-2147,PAID,2026-06-30,2026-06,warehouse consumables 2026-06,JE-HAP-2026-06-2147
HAP-2026-06-2148,VEND-029,Cloudflare,CLO-2026-06-2148,2026-06-20,2026-07-20,48.99,USD,HPO-2026-06-2148,PAID,2026-06-30,2026-06,security monitoring hosts 2026-06,JE-HAP-2026-06-2148
HAP-2026-06-2149,VEND-021,Misc Supplies,MIS-2026-06-2149,2026-06-21,2026-07-21,193.6,USD,HPO-2026-06-2149,PAID,2026-06-30,2026-06,warehouse consumables 2026-06,JE-HAP-2026-06-2149
HAP-2026-06-2150,VEND-025,Okta,OKT-2026-06-2150,2026-06-21,2026-07-21,85.21,USD,HPO-2026-06-2150,PAID,2026-06-30,2026-06,security monitoring hosts 2026-06,JE-HAP-2026-06-2150
HAP-2026-06-2151,VEND-029,Cloudflare,CLO-2026-06-2151,2026-06-21,2026-07-21,136.32,USD,HPO-2026-06-2151,PAID,2026-06-30,2026-06,usage overage block 2026-06,JE-HAP-2026-06-2151
HAP-2026-06-2152,VEND-033,Staples Business Advantage,STA-2026-06-2152,2026-06-21,2026-07-21,19801.43,USD,HPO-2026-06-2152,PAID,2026-06-30,2026-06,premium support 2026-06,JE-HAP-2026-06-2152
HAP-2026-06-2153,VEND-037,Comcast Business,COM-2026-06-2153,2026-06-21,2026-07-21,78.54,USD,HPO-2026-06-2153,PAID,2026-06-30,2026-06,warehouse consumables 2026-06,JE-HAP-2026-06-2153
HAP-2026-06-2154,VEND-041,HubSpot,HUB-2026-06-2154,2026-06-21,2026-07-21,49.65,USD,HPO-2026-06-2154,PAID,2026-06-30,2026-06,security monitoring hosts 2026-06,JE-HAP-2026-06-2154
HAP-2026-06-2155,VEND-045,Palo Alto Networks,PAL-2026-06-2155,2026-06-21,2026-07-21,91.76,USD,HPO-2026-06-2155,PAID,2026-06-30,2026-06,usage overage block 2026-06,JE-HAP-2026-06-2155
HAP-2026-06-2156,VEND-049,Vanta,VAN-2026-06-2156,2026-06-21,2026-07-21,14401.87,USD,HPO-2026-06-2156,PAID,2026-06-30,2026-06,premium support 2026-06,JE-HAP-2026-06-2156
HAP-2026-06-2157,VEND-001-ALIAS,Acme Supply Co.,ACM-2026-06-2157,2026-06-21,2026-07-21,386.98,USD,HPO-2026-06-2157,PAID,2026-06-30,2026-06,warehouse consumables 2026-06,JE-HAP-2026-06-2157
HAP-2026-06-2158,VEND-005,Helios Hardware,HEL-2026-06-2158,2026-06-21,2026-07-21,14.09,USD,HPO-2026-06-2158,PAID,2026-06-30,2026-06,security monitoring hosts 2026-06,JE-HAP-2026-06-2158
HAP-2026-06-2159,VEND-009,Google Cloud,GOO-2026-06-2159,2026-06-21,2026-07-21,47.2,USD,HPO-2026-06-2159,PAID,2026-06-30,2026-06,usage overage block 2026-06,JE-HAP-2026-06-2159
HAP-2026-06-2160,VEND-014,Dell Technologies,DEL-2026-06-2160,2026-06-21,2026-07-21,9002.31,USD,HPO-2026-06-2160,PAID,2026-06-30,2026-06,premium support 2026-06,JE-HAP-2026-06-2160
HAP-2026-07-2161,VEND-005,Helios Hardware,HEL-2026-07-2161,2026-07-02,2026-08-01,92.42,USD,HPO-2026-07-2161,PAID,2026-07-20,2026-07,usage overage block 2026-07,JE-HAP-2026-07-2161
HAP-2026-07-2162,VEND-009,Google Cloud,GOO-2026-07-2162,2026-07-02,2026-08-01,14400.0,USD,HPO-2026-07-2162,PAID,2026-07-20,2026-07,premium support 2026-07,JE-HAP-2026-07-2162
HAP-2026-07-2163,VEND-014,Dell Technologies,DEL-2026-07-2163,2026-07-02,2026-08-01,385.11,USD,HPO-2026-07-2163,PAID,2026-07-20,2026-07,warehouse consumables 2026-07,JE-HAP-2026-07-2163
HAP-2026-07-2164,VEND-018,Shadow Vendor LLC,SHA-2026-07-2164,2026-07-02,2026-08-01,12.22,USD,HPO-2026-07-2164,PAID,2026-07-20,2026-07,security monitoring hosts 2026-07,JE-HAP-2026-07-2164
HAP-2026-07-2165,VEND-022,Twilio,TWI-2026-07-2165,2026-07-02,2026-08-01,45.33,USD,HPO-2026-07-2165,PAID,2026-07-20,2026-07,usage overage block 2026-07,JE-HAP-2026-07-2165
HAP-2026-07-2166,VEND-026,CrowdStrike,CRO-2026-07-2166,2026-07-02,2026-08-01,9000.44,USD,HPO-2026-07-2166,PAID,2026-07-20,2026-07,premium support 2026-07,JE-HAP-2026-07-2166
HAP-2026-07-2167,VEND-030,Northline Fab Group,NOR-2026-07-2167,2026-07-02,2026-08-01,270.05,USD,HPO-2026-07-2167,PAID,2026-07-20,2026-07,warehouse consumables 2026-07,JE-HAP-2026-07-2167
HAP-2026-07-2168,VEND-034,FedEx,FED-2026-07-2168,2026-07-02,2026-08-01,108.66,USD,HPO-2026-07-2168,PAID,2026-07-20,2026-07,security monitoring hosts 2026-07,JE-HAP-2026-07-2168
HAP-2026-07-2169,VEND-038,Pagaya Coffee Service,PAG-2026-07-2169,2026-07-02,2026-08-01,165.77,USD,HPO-2026-07-2169,PAID,2026-07-20,2026-07,usage overage block 2026-07,JE-HAP-2026-07-2169
HAP-2026-07-2170,VEND-042,Stripe Processing,STR-2026-07-2170,2026-07-02,2026-08-01,3600.88,USD,HPO-2026-07-2170,PAID,2026-07-20,2026-07,premium support 2026-07,JE-HAP-2026-07-2170
HAP-2026-07-2171,VEND-046,Boston Edison Steam,BOS-2026-07-2171,2026-07-02,2026-08-01,154.99,USD,HPO-2026-07-2171,PAID,2026-07-20,2026-07,warehouse consumables 2026-07,JE-HAP-2026-07-2171
HAP-2026-07-2172,VEND-050,Linear App,LIN-2026-07-2172,2026-07-02,2026-08-01,73.1,USD,HPO-2026-07-2172,PAID,2026-07-20,2026-07,security monitoring hosts 2026-07,JE-HAP-2026-07-2172
HAP-2026-07-2173,VEND-042,Stripe Processing,STR-2026-07-2173,2026-07-03,2026-08-02,270.71,USD,HPO-2026-07-2173,PAID,2026-07-21,2026-07,warehouse consumables 2026-07,JE-HAP-2026-07-2173
HAP-2026-07-2174,VEND-046,Boston Edison Steam,BOS-2026-07-2174,2026-07-03,2026-08-02,109.32,USD,HPO-2026-07-2174,PAID,2026-07-21,2026-07,security monitoring hosts 2026-07,JE-HAP-2026-07-2174
HAP-2026-07-2175,VEND-050,Linear App,LIN-2026-07-2175,2026-07-03,2026-08-02,166.43,USD,HPO-2026-07-2175,PAID,2026-07-21,2026-07,usage overage block 2026-07,JE-HAP-2026-07-2175
HAP-2026-07-2176,VEND-002,Amazon Web Services,AMA-2026-07-2176,2026-07-03,2026-08-02,3601.54,USD,HPO-2026-07-2176,PAID,2026-07-21,2026-07,premium support 2026-07,JE-HAP-2026-07-2176
HAP-2026-07-2177,VEND-006,Datadog,DAT-2026-07-2177,2026-07-03,2026-08-02,155.65,USD,HPO-2026-07-2177,PAID,2026-07-21,2026-07,warehouse consumables 2026-07,JE-HAP-2026-07-2177
HAP-2026-07-2178,VEND-011,Hartford Insurance,HAR-2026-07-2178,2026-07-03,2026-08-02,73.76,USD,HPO-2026-07-2178,PAID,2026-07-21,2026-07,security monitoring hosts 2026-07,JE-HAP-2026-07-2178
HAP-2026-07-2179,VEND-015,Harbor Electric,HAR-2026-07-2179,2026-07-03,2026-08-02,121.87,USD,HPO-2026-07-2179,PAID,2026-07-21,2026-07,usage overage block 2026-07,JE-HAP-2026-07-2179
HAP-2026-07-2180,VEND-019,Freightline Logistics,FRE-2026-07-2180,2026-07-03,2026-08-02,18001.98,USD,HPO-2026-07-2180,PAID,2026-07-21,2026-07,premium support 2026-07,JE-HAP-2026-07-2180
HAP-2026-07-2181,VEND-023,Notion Labs,NOT-2026-07-2181,2026-07-03,2026-08-02,40.59,USD,HPO-2026-07-2181,PAID,2026-07-21,2026-07,warehouse consumables 2026-07,JE-HAP-2026-07-2181
HAP-2026-07-2182,VEND-027,Zoom Video,ZOO-2026-07-2182,2026-07-03,2026-08-02,38.2,USD,HPO-2026-07-2182,PAID,2026-07-21,2026-07,security monitoring hosts 2026-07,JE-HAP-2026-07-2182
HAP-2026-07-2183,VEND-031,Helios Hardware Supply,HEL-2026-07-2183,2026-07-03,2026-08-02,77.31,USD,HPO-2026-07-2183,PAID,2026-07-21,2026-07,usage overage block 2026-07,JE-HAP-2026-07-2183
HAP-2026-07-2184,VEND-035,ADP,ADP-2026-07-2184,2026-07-03,2026-08-02,12602.42,USD,HPO-2026-07-2184,PAID,2026-07-21,2026-07,premium support 2026-07,JE-HAP-2026-07-2184
HAP-2026-07-2185,VEND-027,Zoom Video,ZOO-2026-07-2185,2026-07-04,2026-08-03,120.0,USD,HPO-2026-07-2185,PAID,2026-07-22,2026-07,usage overage block 2026-07,JE-HAP-2026-07-2185
HAP-2026-07-2186,VEND-031,Helios Hardware Supply,HEL-2026-07-2186,2026-07-04,2026-08-03,18000.11,USD,HPO-2026-07-2186,PAID,2026-07-22,2026-07,premium support 2026-07,JE-HAP-2026-07-2186
HAP-2026-07-2187,VEND-035,ADP,ADP-2026-07-2187,2026-07-04,2026-08-03,38.72,USD,HPO-2026-07-2187,PAID,2026-07-22,2026-07,warehouse consumables 2026-07,JE-HAP-2026-07-2187
HAP-2026-07-2188,VEND-039,CleanRoom Janitorial,CLE-2026-07-2188,2026-07-04,2026-08-03,36.33,USD,HPO-2026-07-2188,PAID,2026-07-22,2026-07,security monitoring hosts 2026-07,JE-HAP-2026-07-2188
HAP-2026-07-2189,VEND-043,Adyen NV,ADY-2026-07-2189,2026-07-04,2026-08-03,75.44,USD,HPO-2026-07-2189,PAID,2026-07-22,2026-07,usage overage block 2026-07,JE-HAP-2026-07-2189
HAP-2026-07-2190,VEND-047,Carta,CAR-2026-07-2190,2026-07-04,2026-08-03,12600.55,USD,HPO-2026-07-2190,PAID,2026-07-22,2026-07,premium support 2026-07,JE-HAP-2026-07-2190
HAP-2026-07-2191,VEND-001,Acme Supplies,ACM-2026-07-2191,2026-07-04,2026-08-03,347.16,USD,HPO-2026-07-2191,PAID,2026-07-22,2026-07,warehouse consumables 2026-07,JE-HAP-2026-07-2191
HAP-2026-07-2192,VEND-003,Northline Fabrication,NOR-2026-07-2192,2026-07-04,2026-08-03,132.77,USD,HPO-2026-07-2192,PAID,2026-07-22,2026-07,security monitoring hosts 2026-07,JE-HAP-2026-07-2192
HAP-2026-07-2193,VEND-007,Slack Technologies,SLA-2026-07-2193,2026-07-04,2026-08-03,30.88,USD,HPO-2026-07-2193,PAID,2026-07-22,2026-07,usage overage block 2026-07,JE-HAP-2026-07-2193
HAP-2026-07-2194,VEND-012,Orbit Analytics,ORB-2026-07-2194,2026-07-04,2026-08-03,7200.99,USD,HPO-2026-07-2194,PAID,2026-07-22,2026-07,premium support 2026-07,JE-HAP-2026-07-2194
HAP-2026-07-2195,VEND-016,Lindholm & Ruiz LLP,LIN-2026-07-2195,2026-07-04,2026-08-03,232.1,USD,HPO-2026-07-2195,PAID,2026-07-22,2026-07,warehouse consumables 2026-07,JE-HAP-2026-07-2195
HAP-2026-07-2196,VEND-020,Lenovo,LEN-2026-07-2196,2026-07-04,2026-08-03,97.21,USD,HPO-2026-07-2196,PAID,2026-07-22,2026-07,security monitoring hosts 2026-07,JE-HAP-2026-07-2196
HAP-2026-07-2197,VEND-012,Orbit Analytics,ORB-2026-07-2197,2026-07-05,2026-08-04,347.82,USD,HPO-2026-07-2197,PAID,2026-07-23,2026-07,warehouse consumables 2026-07,JE-HAP-2026-07-2197
HAP-2026-07-2198,VEND-016,Lindholm & Ruiz LLP,LIN-2026-07-2198,2026-07-05,2026-08-04,133.43,USD,HPO-2026-07-2198,PAID,2026-07-23,2026-07,security monitoring hosts 2026-07,JE-HAP-2026-07-2198
HAP-2026-07-2199,VEND-020,Lenovo,LEN-2026-07-2199,2026-07-05,2026-08-04,31.54,USD,HPO-2026-07-2199,PAID,2026-07-23,2026-07,usage overage block 2026-07,JE-HAP-2026-07-2199
HAP-2026-07-2200,VEND-024,Snowflake,SNO-2026-07-2200,2026-07-05,2026-08-04,7201.65,USD,HPO-2026-07-2200,PAID,2026-07-23,2026-07,premium support 2026-07,JE-HAP-2026-07-2200
HAP-2026-07-2201,VEND-028,Atlassian,ATL-2026-07-2201,2026-07-05,2026-08-04,232.76,USD,HPO-2026-07-2201,PAID,2026-07-23,2026-07,warehouse consumables 2026-07,JE-HAP-2026-07-2201
HAP-2026-07-2202,VEND-032,Harbor Power & Light,HAR-2026-07-2202,2026-07-05,2026-08-04,97.87,USD,HPO-2026-07-2202,PAID,2026-07-23,2026-07,security monitoring hosts 2026-07,JE-HAP-2026-07-2202
HAP-2026-07-2203,VEND-036,WeWork Cambridge,WEW-2026-07-2203,2026-07-05,2026-08-04,151.98,USD,HPO-2026-07-2203,PAID,2026-07-23,2026-07,usage overage block 2026-07,JE-HAP-2026-07-2203
HAP-2026-07-2204,VEND-040,Kendall Square Parking,KEN-2026-07-2204,2026-07-05,2026-08-04,1802.09,USD,HPO-2026-07-2204,PAID,2026-07-23,2026-07,premium support 2026-07,JE-HAP-2026-07-2204
HAP-2026-07-2205,VEND-044,DocuSign,DOC-2026-07-2205,2026-07-05,2026-08-04,117.7,USD,HPO-2026-07-2205,PAID,2026-07-23,2026-07,warehouse consumables 2026-07,JE-HAP-2026-07-2205
HAP-2026-07-2206,VEND-048,Gusto Payroll,GUS-2026-07-2206,2026-07-05,2026-08-04,62.31,USD,HPO-2026-07-2206,PAID,2026-07-23,2026-07,security monitoring hosts 2026-07,JE-HAP-2026-07-2206
HAP-2026-07-2207,VEND-001-DUP,Acme Supplies LLC,ACM-2026-07-2207,2026-07-05,2026-08-04,107.42,USD,HPO-2026-07-2207,PAID,2026-07-23,2026-07,usage overage block 2026-07,JE-HAP-2026-07-2207
HAP-2026-07-2208,VEND-004,Office Depot,OFF-2026-07-2208,2026-07-05,2026-08-04,16200.0,USD,HPO-2026-07-2208,PAID,2026-07-23,2026-07,premium support 2026-07,JE-HAP-2026-07-2208
HAP-2026-07-2209,VEND-048,Gusto Payroll,GUS-2026-07-2209,2026-07-06,2026-08-05,150.11,USD,HPO-2026-07-2209,PAID,2026-07-24,2026-07,usage overage block 2026-07,JE-HAP-2026-07-2209
HAP-2026-07-2210,VEND-001-DUP,Acme Supplies LLC,ACM-2026-07-2210,2026-07-06,2026-08-05,1800.22,USD,HPO-2026-07-2210,PAID,2026-07-24,2026-07,premium support 2026-07,JE-HAP-2026-07-2210
HAP-2026-07-2211,VEND-004,Office Depot,OFF-2026-07-2211,2026-07-06,2026-08-05,115.83,USD,HPO-2026-07-2211,PAID,2026-07-24,2026-07,warehouse consumables 2026-07,JE-HAP-2026-07-2211
HAP-2026-07-2212,VEND-008,Figma,FIG-2026-07-2212,2026-07-06,2026-08-05,60.44,USD,HPO-2026-07-2212,PAID,2026-07-24,2026-07,security monitoring hosts 2026-07,JE-HAP-2026-07-2212
HAP-2026-07-2213,VEND-013,Cambridge Properties,CAM-2026-07-2213,2026-07-06,2026-08-05,105.55,USD,HPO-2026-07-2213,PAID,2026-07-24,2026-07,usage overage block 2026-07,JE-HAP-2026-07-2213
HAP-2026-07-2214,VEND-017,GitHub,GIT-2026-07-2214,2026-07-06,2026-08-05,16200.66,USD,HPO-2026-07-2214,PAID,2026-07-24,2026-07,premium support 2026-07,JE-HAP-2026-07-2214
HAP-2026-07-2215,VEND-021,Misc Supplies,MIS-2026-07-2215,2026-07-06,2026-08-05,424.27,USD,HPO-2026-07-2215,PAID,2026-07-24,2026-07,warehouse consumables 2026-07,JE-HAP-2026-07-2215
HAP-2026-07-2216,VEND-025,Okta,OKT-2026-07-2216,2026-07-06,2026-08-05,24.88,USD,HPO-2026-07-2216,PAID,2026-07-24,2026-07,security monitoring hosts 2026-07,JE-HAP-2026-07-2216
HAP-2026-07-2217,VEND-029,Cloudflare,CLO-2026-07-2217,2026-07-06,2026-08-05,60.99,USD,HPO-2026-07-2217,PAID,2026-07-24,2026-07,usage overage block 2026-07,JE-HAP-2026-07-2217
HAP-2026-07-2218,VEND-033,Staples Business Advantage,STA-2026-07-2218,2026-07-06,2026-08-05,10801.1,USD,HPO-2026-07-2218,PAID,2026-07-24,2026-07,premium support 2026-07,JE-HAP-2026-07-2218
HAP-2026-07-2219,VEND-037,Comcast Business,COM-2026-07-2219,2026-07-06,2026-08-05,309.21,USD,HPO-2026-07-2219,PAID,2026-07-24,2026-07,warehouse consumables 2026-07,JE-HAP-2026-07-2219
HAP-2026-07-2220,VEND-041,HubSpot,HUB-2026-07-2220,2026-07-06,2026-08-05,121.32,USD,HPO-2026-07-2220,PAID,2026-07-24,2026-07,security monitoring hosts 2026-07,JE-HAP-2026-07-2220
HAP-2026-07-2221,VEND-033,Staples Business Advantage,STA-2026-07-2221,2026-07-07,2026-08-06,424.93,USD,HPO-2026-07-2221,PAID,2026-07-25,2026-07,warehouse consumables 2026-07,JE-HAP-2026-07-2221
HAP-2026-07-2222,VEND-037,Comcast Business,COM-2026-07-2222,2026-07-07,2026-08-06,25.54,USD,HPO-2026-07-2222,PAID,2026-07-25,2026-07,security monitoring hosts 2026-07,JE-HAP-2026-07-2222
HAP-2026-07-2223,VEND-041,HubSpot,HUB-2026-07-2223,2026-07-07,2026-08-06,61.65,USD,HPO-2026-07-2223,PAID,2026-07-25,2026-07,usage overage block 2026-07,JE-HAP-2026-07-2223
HAP-2026-07-2224,VEND-045,Palo Alto Networks,PAL-2026-07-2224,2026-07-07,2026-08-06,10801.76,USD,HPO-2026-07-2224,PAID,2026-07-25,2026-07,premium support 2026-07,JE-HAP-2026-07-2224
HAP-2026-07-2225,VEND-049,Vanta,VAN-2026-07-2225,2026-07-07,2026-08-06,309.87,USD,HPO-2026-07-2225,PAID,2026-07-25,2026-07,warehouse consumables 2026-07,JE-HAP-2026-07-2225
HAP-2026-07-2226,VEND-001-ALIAS,Acme Supply Co.,ACM-2026-07-2226,2026-07-07,2026-08-06,121.98,USD,HPO-2026-07-2226,PAID,2026-07-25,2026-07,security monitoring hosts 2026-07,JE-HAP-2026-07-2226
HAP-2026-07-2227,VEND-005,Helios Hardware,HEL-2026-07-2227,2026-07-07,2026-08-06,17.09,USD,HPO-2026-07-2227,PAID,2026-07-25,2026-07,usage overage block 2026-07,JE-HAP-2026-07-2227
HAP-2026-07-2228,VEND-009,Google Cloud,GOO-2026-07-2228,2026-07-07,2026-08-06,5402.2,USD,HPO-2026-07-2228,PAID,2026-07-25,2026-07,premium support 2026-07,JE-HAP-2026-07-2228
HAP-2026-07-2229,VEND-014,Dell Technologies,DEL-2026-07-2229,2026-07-07,2026-08-06,194.81,USD,HPO-2026-07-2229,PAID,2026-07-25,2026-07,warehouse consumables 2026-07,JE-HAP-2026-07-2229
HAP-2026-07-2230,VEND-018,Shadow Vendor LLC,SHA-2026-07-2230,2026-07-07,2026-08-06,86.42,USD,HPO-2026-07-2230,PAID,2026-07-25,2026-07,security monitoring hosts 2026-07,JE-HAP-2026-07-2230
HAP-2026-07-2231,VEND-022,Twilio,TWI-2026-07-2231,2026-07-07,2026-08-06,135.0,USD,HPO-2026-07-2231,PAID,2026-07-25,2026-07,usage overage block 2026-07,JE-HAP-2026-07-2231
HAP-2026-07-2232,VEND-026,CrowdStrike,CRO-2026-07-2232,2026-07-07,2026-08-06,19800.11,USD,HPO-2026-07-2232,PAID,2026-07-25,2026-07,premium support 2026-07,JE-HAP-2026-07-2232
HAP-2026-07-2233,VEND-018,Shadow Vendor LLC,SHA-2026-07-2233,2026-07-08,2026-08-07,15.22,USD,HPO-2026-07-2233,PAID,2026-07-26,2026-07,usage overage block 2026-07,JE-HAP-2026-07-2233
HAP-2026-07-2234,VEND-022,Twilio,TWI-2026-07-2234,2026-07-08,2026-08-07,5400.33,USD,HPO-2026-07-2234,PAID,2026-07-26,2026-07,premium support 2026-07,JE-HAP-2026-07-2234
HAP-2026-07-2235,VEND-026,CrowdStrike,CRO-2026-07-2235,2026-07-08,2026-08-07,192.94,USD,HPO-2026-07-2235,PAID,2026-07-26,2026-07,warehouse consumables 2026-07,JE-HAP-2026-07-2235
HAP-2026-07-2236,VEND-030,Northline Fab Group,NOR-2026-07-2236,2026-07-08,2026-08-07,84.55,USD,HPO-2026-07-2236,PAID,2026-07-26,2026-07,security monitoring hosts 2026-07,JE-HAP-2026-07-2236
HAP-2026-07-2237,VEND-034,FedEx,FED-2026-07-2237,2026-07-08,2026-08-07,135.66,USD,HPO-2026-07-2237,PAID,2026-07-26,2026-07,usage overage block 2026-07,JE-HAP-2026-07-2237
HAP-2026-07-2238,VEND-038,Pagaya Coffee Service,PAG-2026-07-2238,2026-07-08,2026-08-07,19800.77,USD,HPO-2026-07-2238,PAID,2026-07-26,2026-07,premium support 2026-07,JE-HAP-2026-07-2238
HAP-2026-07-2239,VEND-042,Stripe Processing,STR-2026-07-2239,2026-07-08,2026-08-07,77.88,USD,HPO-2026-07-2239,PAID,2026-07-26,2026-07,warehouse consumables 2026-07,JE-HAP-2026-07-2239
HAP-2026-07-2240,VEND-046,Boston Edison Steam,BOS-2026-07-2240,2026-07-08,2026-08-07,48.99,USD,HPO-2026-07-2240,PAID,2026-07-26,2026-07,security monitoring hosts 2026-07,JE-HAP-2026-07-2240
HAP-2026-07-2241,VEND-050,Linear App,LIN-2026-07-2241,2026-07-08,2026-08-07,91.1,USD,HPO-2026-07-2241,PAID,2026-07-26,2026-07,usage overage block 2026-07,JE-HAP-2026-07-2241
HAP-2026-07-2242,VEND-002,Amazon Web Services,AMA-2026-07-2242,2026-07-08,2026-08-07,14401.21,USD,HPO-2026-07-2242,PAID,2026-07-26,2026-07,premium support 2026-07,JE-HAP-2026-07-2242
HAP-2026-07-2243,VEND-006,Datadog,DAT-2026-07-2243,2026-07-08,2026-08-07,386.32,USD,HPO-2026-07-2243,PAID,2026-07-26,2026-07,warehouse consumables 2026-07,JE-HAP-2026-07-2243
HAP-2026-07-2244,VEND-011,Hartford Insurance,HAR-2026-07-2244,2026-07-08,2026-08-07,13.43,USD,HPO-2026-07-2244,PAID,2026-07-26,2026-07,security monitoring hosts 2026-07,JE-HAP-2026-07-2244
HAP-2026-07-2245,VEND-002,Amazon Web Services,AMA-2026-07-2245,2026-07-09,2026-08-08,78.54,USD,HPO-2026-07-2245,PAID,2026-07-27,2026-07,warehouse consumables 2026-07,JE-HAP-2026-07-2245
HAP-2026-07-2246,VEND-006,Datadog,DAT-2026-07-2246,2026-07-09,2026-08-08,49.65,USD,HPO-2026-07-2246,PAID,2026-07-27,2026-07,security monitoring hosts 2026-07,JE-HAP-2026-07-2246
HAP-2026-07-2247,VEND-011,Hartford Insurance,HAR-2026-07-2247,2026-07-09,2026-08-08,91.76,USD,HPO-2026-07-2247,PAID,2026-07-27,2026-07,usage overage block 2026-07,JE-HAP-2026-07-2247
HAP-2026-07-2248,VEND-015,Harbor Electric,HAR-2026-07-2248,2026-07-09,2026-08-08,14401.87,USD,HPO-2026-07-2248,PAID,2026-07-27,2026-07,premium support 2026-07,JE-HAP-2026-07-2248
HAP-2026-07-2249,VEND-019,Freightline Logistics,FRE-2026-07-2249,2026-07-09,2026-08-08,386.98,USD,HPO-2026-07-2249,PAID,2026-07-27,2026-07,warehouse consumables 2026-07,JE-HAP-2026-07-2249
HAP-2026-07-2250,VEND-023,Notion Labs,NOT-2026-07-2250,2026-07-09,2026-08-08,14.09,USD,HPO-2026-07-2250,PAID,2026-07-27,2026-07,security monitoring hosts 2026-07,JE-HAP-2026-07-2250
HAP-2026-07-2251,VEND-027,Zoom Video,ZOO-2026-07-2251,2026-07-09,2026-08-08,47.2,USD,HPO-2026-07-2251,PAID,2026-07-27,2026-07,usage overage block 2026-07,JE-HAP-2026-07-2251
HAP-2026-07-2252,VEND-031,Helios Hardware Supply,HEL-2026-07-2252,2026-07-09,2026-08-08,9002.31,USD,HPO-2026-07-2252,PAID,2026-07-27,2026-07,premium support 2026-07,JE-HAP-2026-07-2252
HAP-2026-07-2253,VEND-035,ADP,ADP-2026-07-2253,2026-07-09,2026-08-08,271.92,USD,HPO-2026-07-2253,PAID,2026-07-27,2026-07,warehouse consumables 2026-07,JE-HAP-2026-07-2253
HAP-2026-07-2254,VEND-039,CleanRoom Janitorial,CLE-2026-07-2254,2026-07-09,2026-08-08,108.0,USD,HPO-2026-07-2254,PAID,2026-07-27,2026-07,security monitoring hosts 2026-07,JE-HAP-2026-07-2254
HAP-2026-07-2255,VEND-043,Adyen NV,ADY-2026-07-2255,2026-07-09,2026-08-08,165.11,USD,HPO-2026-07-2255,PAID,2026-07-27,2026-07,usage overage block 2026-07,JE-HAP-2026-07-2255
HAP-2026-07-2256,VEND-047,Carta,CAR-2026-07-2256,2026-07-09,2026-08-08,3600.22,USD,HPO-2026-07-2256,PAID,2026-07-27,2026-07,premium support 2026-07,JE-HAP-2026-07-2256
HAP-2026-07-2257,VEND-039,CleanRoom Janitorial,CLE-2026-07-2257,2026-07-10,2026-08-09,45.33,USD,HPO-2026-07-2257,PAID,2026-07-28,2026-07,usage overage block 2026-07,JE-HAP-2026-07-2257
HAP-2026-07-2258,VEND-043,Adyen NV,ADY-2026-07-2258,2026-07-10,2026-08-09,9000.44,USD,HPO-2026-07-2258,PAID,2026-07-28,2026-07,premium support 2026-07,JE-HAP-2026-07-2258
HAP-2026-07-2259,VEND-047,Carta,CAR-2026-07-2259,2026-07-10,2026-08-09,270.05,USD,HPO-2026-07-2259,PAID,2026-07-28,2026-07,warehouse consumables 2026-07,JE-HAP-2026-07-2259
HAP-2026-07-2260,VEND-001,Acme Supplies,ACM-2026-07-2260,2026-07-10,2026-08-09,108.66,USD,HPO-2026-07-2260,PAID,2026-07-28,2026-07,security monitoring hosts 2026-07,JE-HAP-2026-07-2260
HAP-2026-07-2261,VEND-003,Northline Fabrication,NOR-2026-07-2261,2026-07-10,2026-08-09,165.77,USD,HPO-2026-07-2261,PAID,2026-07-28,2026-07,usage overage block 2026-07,JE-HAP-2026-07-2261
HAP-2026-07-2262,VEND-007,Slack Technologies,SLA-2026-07-2262,2026-07-10,2026-08-09,3600.88,USD,HPO-2026-07-2262,PAID,2026-07-28,2026-07,premium support 2026-07,JE-HAP-2026-07-2262
HAP-2026-07-2263,VEND-012,Orbit Analytics,ORB-2026-07-2263,2026-07-10,2026-08-09,154.99,USD,HPO-2026-07-2263,PAID,2026-07-28,2026-07,warehouse consumables 2026-07,JE-HAP-2026-07-2263
HAP-2026-07-2264,VEND-016,Lindholm & Ruiz LLP,LIN-2026-07-2264,2026-07-10,2026-08-09,73.1,USD,HPO-2026-07-2264,PAID,2026-07-28,2026-07,security monitoring hosts 2026-07,JE-HAP-2026-07-2264
HAP-2026-07-2265,VEND-020,Lenovo,LEN-2026-07-2265,2026-07-10,2026-08-09,121.21,USD,HPO-2026-07-2265,PAID,2026-07-28,2026-07,usage overage block 2026-07,JE-HAP-2026-07-2265
HAP-2026-07-2266,VEND-024,Snowflake,SNO-2026-07-2266,2026-07-10,2026-08-09,18001.32,USD,HPO-2026-07-2266,PAID,2026-07-28,2026-07,premium support 2026-07,JE-HAP-2026-07-2266
HAP-2026-07-2267,VEND-028,Atlassian,ATL-2026-07-2267,2026-07-10,2026-08-09,39.93,USD,HPO-2026-07-2267,PAID,2026-07-28,2026-07,warehouse consumables 2026-07,JE-HAP-2026-07-2267
HAP-2026-07-2268,VEND-032,Harbor Power & Light,HAR-2026-07-2268,2026-07-10,2026-08-09,37.54,USD,HPO-2026-07-2268,PAID,2026-07-28,2026-07,security monitoring hosts 2026-07,JE-HAP-2026-07-2268
HAP-2026-07-2269,VEND-024,Snowflake,SNO-2026-07-2269,2026-07-11,2026-08-10,155.65,USD,HPO-2026-07-2269,PAID,2026-07-29,2026-07,warehouse consumables 2026-07,JE-HAP-2026-07-2269
HAP-2026-07-2270,VEND-028,Atlassian,ATL-2026-07-2270,2026-07-11,2026-08-10,73.76,USD,HPO-2026-07-2270,PAID,2026-07-29,2026-07,security monitoring hosts 2026-07,JE-HAP-2026-07-2270
HAP-2026-07-2271,VEND-032,Harbor Power & Light,HAR-2026-07-2271,2026-07-11,2026-08-10,121.87,USD,HPO-2026-07-2271,PAID,2026-07-29,2026-07,usage overage block 2026-07,JE-HAP-2026-07-2271
HAP-2026-07-2272,VEND-036,WeWork Cambridge,WEW-2026-07-2272,2026-07-11,2026-08-10,18001.98,USD,HPO-2026-07-2272,PAID,2026-07-29,2026-07,premium support 2026-07,JE-HAP-2026-07-2272
HAP-2026-07-2273,VEND-040,Kendall Square Parking,KEN-2026-07-2273,2026-07-11,2026-08-10,40.59,USD,HPO-2026-07-2273,PAID,2026-07-29,2026-07,warehouse consumables 2026-07,JE-HAP-2026-07-2273
HAP-2026-07-2274,VEND-044,DocuSign,DOC-2026-07-2274,2026-07-11,2026-08-10,38.2,USD,HPO-2026-07-2274,PAID,2026-07-29,2026-07,security monitoring hosts 2026-07,JE-HAP-2026-07-2274
HAP-2026-07-2275,VEND-048,Gusto Payroll,GUS-2026-07-2275,2026-07-11,2026-08-10,77.31,USD,HPO-2026-07-2275,PAID,2026-07-29,2026-07,usage overage block 2026-07,JE-HAP-2026-07-2275
HAP-2026-07-2276,VEND-001-DUP,Acme Supplies LLC,ACM-2026-07-2276,2026-07-11,2026-08-10,12602.42,USD,HPO-2026-07-2276,PAID,2026-07-29,2026-07,premium support 2026-07,JE-HAP-2026-07-2276
HAP-2026-07-2277,VEND-004,Office Depot,OFF-2026-07-2277,2026-07-11,2026-08-10,346.5,USD,HPO-2026-07-2277,PAID,2026-07-29,2026-07,warehouse consumables 2026-07,JE-HAP-2026-07-2277
HAP-2026-07-2278,VEND-008,Figma,FIG-2026-07-2278,2026-07-11,2026-08-10,132.11,USD,HPO-2026-07-2278,PAID,2026-07-29,2026-07,security monitoring hosts 2026-07,JE-HAP-2026-07-2278
HAP-2026-07-2279,VEND-013,Cambridge Properties,CAM-2026-07-2279,2026-07-11,2026-08-10,30.22,USD,HPO-2026-07-2279,PAID,2026-07-29,2026-07,usage overage block 2026-07,JE-HAP-2026-07-2279
HAP-2026-07-2280,VEND-017,GitHub,GIT-2026-07-2280,2026-07-11,2026-08-10,7200.33,USD,HPO-2026-07-2280,PAID,2026-07-29,2026-07,premium support 2026-07,JE-HAP-2026-07-2280
HAP-2026-07-2281,VEND-008,Figma,FIG-2026-07-2281,2026-07-12,2026-08-11,75.44,USD,HPO-2026-07-2281,PAID,2026-07-30,2026-07,usage overage block 2026-07,JE-HAP-2026-07-2281
HAP-2026-07-2282,VEND-013,Cambridge Properties,CAM-2026-07-2282,2026-07-12,2026-08-11,12600.55,USD,HPO-2026-07-2282,PAID,2026-07-30,2026-07,premium support 2026-07,JE-HAP-2026-07-2282
HAP-2026-07-2283,VEND-017,GitHub,GIT-2026-07-2283,2026-07-12,2026-08-11,347.16,USD,HPO-2026-07-2283,PAID,2026-07-30,2026-07,warehouse consumables 2026-07,JE-HAP-2026-07-2283
HAP-2026-07-2284,VEND-021,Misc Supplies,MIS-2026-07-2284,2026-07-12,2026-08-11,132.77,USD,HPO-2026-07-2284,PAID,2026-07-30,2026-07,security monitoring hosts 2026-07,JE-HAP-2026-07-2284
HAP-2026-07-2285,VEND-025,Okta,OKT-2026-07-2285,2026-07-12,2026-08-11,30.88,USD,HPO-2026-07-2285,PAID,2026-07-30,2026-07,usage overage block 2026-07,JE-HAP-2026-07-2285
HAP-2026-07-2286,VEND-029,Cloudflare,CLO-2026-07-2286,2026-07-12,2026-08-11,7200.99,USD,HPO-2026-07-2286,PAID,2026-07-30,2026-07,premium support 2026-07,JE-HAP-2026-07-2286
HAP-2026-07-2287,VEND-033,Staples Business Advantage,STA-2026-07-2287,2026-07-12,2026-08-11,232.1,USD,HPO-2026-07-2287,PAID,2026-07-30,2026-07,warehouse consumables 2026-07,JE-HAP-2026-07-2287
HAP-2026-07-2288,VEND-037,Comcast Business,COM-2026-07-2288,2026-07-12,2026-08-11,97.21,USD,HPO-2026-07-2288,PAID,2026-07-30,2026-07,security monitoring hosts 2026-07,JE-HAP-2026-07-2288
HAP-2026-07-2289,VEND-041,HubSpot,HUB-2026-07-2289,2026-07-12,2026-08-11,151.32,USD,HPO-2026-07-2289,PAID,2026-07-30,2026-07,usage overage block 2026-07,JE-HAP-2026-07-2289
HAP-2026-07-2290,VEND-045,Palo Alto Networks,PAL-2026-07-2290,2026-07-12,2026-08-11,1801.43,USD,HPO-2026-07-2290,PAID,2026-07-30,2026-07,premium support 2026-07,JE-HAP-2026-07-2290
HAP-2026-07-2291,VEND-049,Vanta,VAN-2026-07-2291,2026-07-12,2026-08-11,117.04,USD,HPO-2026-07-2291,PAID,2026-07-30,2026-07,warehouse consumables 2026-07,JE-HAP-2026-07-2291
HAP-2026-07-2292,VEND-001-ALIAS,Acme Supply Co.,ACM-2026-07-2292,2026-07-12,2026-08-11,61.65,USD,HPO-2026-07-2292,PAID,2026-07-30,2026-07,security monitoring hosts 2026-07,JE-HAP-2026-07-2292
HAP-2026-07-2293,VEND-045,Palo Alto Networks,PAL-2026-07-2293,2026-07-13,2026-08-12,232.76,USD,HPO-2026-07-2293,PAID,2026-07-31,2026-07,warehouse consumables 2026-07,JE-HAP-2026-07-2293
HAP-2026-07-2294,VEND-049,Vanta,VAN-2026-07-2294,2026-07-13,2026-08-12,97.87,USD,HPO-2026-07-2294,PAID,2026-07-31,2026-07,security monitoring hosts 2026-07,JE-HAP-2026-07-2294
HAP-2026-07-2295,VEND-001-ALIAS,Acme Supply Co.,ACM-2026-07-2295,2026-07-13,2026-08-12,151.98,USD,HPO-2026-07-2295,PAID,2026-07-31,2026-07,usage overage block 2026-07,JE-HAP-2026-07-2295
HAP-2026-07-2296,VEND-005,Helios Hardware,HEL-2026-07-2296,2026-07-13,2026-08-12,1802.09,USD,HPO-2026-07-2296,PAID,2026-07-31,2026-07,premium support 2026-07,JE-HAP-2026-07-2296
HAP-2026-07-2297,VEND-009,Google Cloud,GOO-2026-07-2297,2026-07-13,2026-08-12,117.7,USD,HPO-2026-07-2297,PAID,2026-07-31,2026-07,warehouse consumables 2026-07,JE-HAP-2026-07-2297
HAP-2026-07-2298,VEND-014,Dell Technologies,DEL-2026-07-2298,2026-07-13,2026-08-12,62.31,USD,HPO-2026-07-2298,PAID,2026-07-31,2026-07,security monitoring hosts 2026-07,JE-HAP-2026-07-2298
HAP-2026-07-2299,VEND-018,Shadow Vendor LLC,SHA-2026-07-2299,2026-07-13,2026-08-12,107.42,USD,HPO-2026-07-2299,PAID,2026-07-31,2026-07,usage overage block 2026-07,JE-HAP-2026-07-2299
HAP-2026-07-2300,VEND-022,Twilio,TWI-2026-07-2300,2026-07-13,2026-08-12,16200.0,USD,HPO-2026-07-2300,PAID,2026-07-31,2026-07,premium support 2026-07,JE-HAP-2026-07-2300
HAP-2026-07-2301,VEND-026,CrowdStrike,CRO-2026-07-2301,2026-07-13,2026-08-12,423.61,USD,HPO-2026-07-2301,PAID,2026-07-31,2026-07,warehouse consumables 2026-07,JE-HAP-2026-07-2301
HAP-2026-07-2302,VEND-030,Northline Fab Group,NOR-2026-07-2302,2026-07-13,2026-08-12,24.22,USD,HPO-2026-07-2302,PAID,2026-07-31,2026-07,security monitoring hosts 2026-07,JE-HAP-2026-07-2302
HAP-2026-07-2303,VEND-034,FedEx,FED-2026-07-2303,2026-07-13,2026-08-12,60.33,USD,HPO-2026-07-2303,PAID,2026-07-31,2026-07,usage overage block 2026-07,JE-HAP-2026-07-2303
HAP-2026-07-2304,VEND-038,Pagaya Coffee Service,PAG-2026-07-2304,2026-07-13,2026-08-12,10800.44,USD,HPO-2026-07-2304,PAID,2026-07-31,2026-07,premium support 2026-07,JE-HAP-2026-07-2304
HAP-2026-07-2305,VEND-030,Northline Fab Group,NOR-2026-07-2305,2026-07-14,2026-08-13,105.55,USD,HPO-2026-07-2305,PAID,2026-07-31,2026-07,usage overage block 2026-07,JE-HAP-2026-07-2305
HAP-2026-07-2306,VEND-034,FedEx,FED-2026-07-2306,2026-07-14,2026-08-13,16200.66,USD,HPO-2026-07-2306,PAID,2026-07-31,2026-07,premium support 2026-07,JE-HAP-2026-07-2306
HAP-2026-07-2307,VEND-038,Pagaya Coffee Service,PAG-2026-07-2307,2026-07-14,2026-08-13,424.27,USD,HPO-2026-07-2307,PAID,2026-07-31,2026-07,warehouse consumables 2026-07,JE-HAP-2026-07-2307
HAP-2026-07-2308,VEND-042,Stripe Processing,STR-2026-07-2308,2026-07-14,2026-08-13,24.88,USD,HPO-2026-07-2308,PAID,2026-07-31,2026-07,security monitoring hosts 2026-07,JE-HAP-2026-07-2308
HAP-2026-07-2309,VEND-046,Boston Edison Steam,BOS-2026-07-2309,2026-07-14,2026-08-13,60.99,USD,HPO-2026-07-2309,PAID,2026-07-31,2026-07,usage overage block 2026-07,JE-HAP-2026-07-2309
HAP-2026-07-2310,VEND-050,Linear App,LIN-2026-07-2310,2026-07-14,2026-08-13,10801.1,USD,HPO-2026-07-2310,PAID,2026-07-31,2026-07,premium support 2026-07,JE-HAP-2026-07-2310
HAP-2026-07-2311,VEND-002,Amazon Web Services,AMA-2026-07-2311,2026-07-14,2026-08-13,309.21,USD,HPO-2026-07-2311,PAID,2026-07-31,2026-07,warehouse consumables 2026-07,JE-HAP-2026-07-2311
HAP-2026-07-2312,VEND-006,Datadog,DAT-2026-07-2312,2026-07-14,2026-08-13,121.32,USD,HPO-2026-07-2312,PAID,2026-07-31,2026-07,security monitoring hosts 2026-07,JE-HAP-2026-07-2312
HAP-2026-07-2313,VEND-011,Hartford Insurance,HAR-2026-07-2313,2026-07-14,2026-08-13,16.43,USD,HPO-2026-07-2313,PAID,2026-07-31,2026-07,usage overage block 2026-07,JE-HAP-2026-07-2313
HAP-2026-07-2314,VEND-015,Harbor Electric,HAR-2026-07-2314,2026-07-14,2026-08-13,5401.54,USD,HPO-2026-07-2314,PAID,2026-07-31,2026-07,premium support 2026-07,JE-HAP-2026-07-2314
HAP-2026-07-2315,VEND-019,Freightline Logistics,FRE-2026-07-2315,2026-07-14,2026-08-13,194.15,USD,HPO-2026-07-2315,PAID,2026-07-31,2026-07,warehouse consumables 2026-07,JE-HAP-2026-07-2315
HAP-2026-07-2316,VEND-023,Notion Labs,NOT-2026-07-2316,2026-07-14,2026-08-13,85.76,USD,HPO-2026-07-2316,PAID,2026-07-31,2026-07,security monitoring hosts 2026-07,JE-HAP-2026-07-2316
HAP-2026-07-2317,VEND-015,Harbor Electric,HAR-2026-07-2317,2026-07-15,2026-08-14,309.87,USD,HPO-2026-07-2317,PAID,2026-07-31,2026-07,warehouse consumables 2026-07,JE-HAP-2026-07-2317
HAP-2026-07-2318,VEND-019,Freightline Logistics,FRE-2026-07-2318,2026-07-15,2026-08-14,121.98,USD,HPO-2026-07-2318,PAID,2026-07-31,2026-07,security monitoring hosts 2026-07,JE-HAP-2026-07-2318
HAP-2026-07-2319,VEND-023,Notion Labs,NOT-2026-07-2319,2026-07-15,2026-08-14,17.09,USD,HPO-2026-07-2319,PAID,2026-07-31,2026-07,usage overage block 2026-07,JE-HAP-2026-07-2319
HAP-2026-07-2320,VEND-027,Zoom Video,ZOO-2026-07-2320,2026-07-15,2026-08-14,5402.2,USD,HPO-2026-07-2320,PAID,2026-07-31,2026-07,premium support 2026-07,JE-HAP-2026-07-2320
HAP-2026-07-2321,VEND-031,Helios Hardware Supply,HEL-2026-07-2321,2026-07-15,2026-08-14,194.81,USD,HPO-2026-07-2321,PAID,2026-07-31,2026-07,warehouse consumables 2026-07,JE-HAP-2026-07-2321
HAP-2026-07-2322,VEND-035,ADP,ADP-2026-07-2322,2026-07-15,2026-08-14,86.42,USD,HPO-2026-07-2322,PAID,2026-07-31,2026-07,security monitoring hosts 2026-07,JE-HAP-2026-07-2322
HAP-2026-07-2323,VEND-039,CleanRoom Janitorial,CLE-2026-07-2323,2026-07-15,2026-08-14,135.0,USD,HPO-2026-07-2323,PAID,2026-07-31,2026-07,usage overage block 2026-07,JE-HAP-2026-07-2323
HAP-2026-07-2324,VEND-043,Adyen NV,ADY-2026-07-2324,2026-07-15,2026-08-14,19800.11,USD,HPO-2026-07-2324,PAID,2026-07-31,2026-07,premium support 2026-07,JE-HAP-2026-07-2324
HAP-2026-07-2325,VEND-047,Carta,CAR-2026-07-2325,2026-07-15,2026-08-14,77.22,USD,HPO-2026-07-2325,PAID,2026-07-31,2026-07,warehouse consumables 2026-07,JE-HAP-2026-07-2325
HAP-2026-07-2326,VEND-001,Acme Supplies,ACM-2026-07-2326,2026-07-15,2026-08-14,48.33,USD,HPO-2026-07-2326,PAID,2026-07-31,2026-07,security monitoring hosts 2026-07,JE-HAP-2026-07-2326
HAP-2026-07-2327,VEND-003,Northline Fabrication,NOR-2026-07-2327,2026-07-15,2026-08-14,90.44,USD,HPO-2026-07-2327,PAID,2026-07-31,2026-07,usage overage block 2026-07,JE-HAP-2026-07-2327
HAP-2026-07-2328,VEND-007,Slack Technologies,SLA-2026-07-2328,2026-07-15,2026-08-14,14400.55,USD,HPO-2026-07-2328,PAID,2026-07-31,2026-07,premium support 2026-07,JE-HAP-2026-07-2328
HAP-2026-07-2329,VEND-001,Acme Supplies,ACM-2026-07-2329,2026-07-16,2026-08-15,135.66,USD,HPO-2026-07-2329,PAID,2026-07-31,2026-07,usage overage block 2026-07,JE-HAP-2026-07-2329
HAP-2026-07-2330,VEND-003,Northline Fabrication,NOR-2026-07-2330,2026-07-16,2026-08-15,19800.77,USD,HPO-2026-07-2330,PAID,2026-07-31,2026-07,premium support 2026-07,JE-HAP-2026-07-2330
HAP-2026-07-2331,VEND-007,Slack Technologies,SLA-2026-07-2331,2026-07-16,2026-08-15,77.88,USD,HPO-2026-07-2331,PAID,2026-07-31,2026-07,warehouse consumables 2026-07,JE-HAP-2026-07-2331
HAP-2026-07-2332,VEND-012,Orbit Analytics,ORB-2026-07-2332,2026-07-16,2026-08-15,48.99,USD,HPO-2026-07-2332,PAID,2026-07-31,2026-07,security monitoring hosts 2026-07,JE-HAP-2026-07-2332
HAP-2026-07-2333,VEND-016,Lindholm & Ruiz LLP,LIN-2026-07-2333,2026-07-16,2026-08-15,91.1,USD,HPO-2026-07-2333,PAID,2026-07-31,2026-07,usage overage block 2026-07,JE-HAP-2026-07-2333
HAP-2026-07-2334,VEND-020,Lenovo,LEN-2026-07-2334,2026-07-16,2026-08-15,14401.21,USD,HPO-2026-07-2334,PAID,2026-07-31,2026-07,premium support 2026-07,JE-HAP-2026-07-2334
HAP-2026-07-2335,VEND-024,Snowflake,SNO-2026-07-2335,2026-07-16,2026-08-15,386.32,USD,HPO-2026-07-2335,PAID,2026-07-31,2026-07,warehouse consumables 2026-07,JE-HAP-2026-07-2335
HAP-2026-07-2336,VEND-028,Atlassian,ATL-2026-07-2336,2026-07-16,2026-08-15,13.43,USD,HPO-2026-07-2336,PAID,2026-07-31,2026-07,security monitoring hosts 2026-07,JE-HAP-2026-07-2336
HAP-2026-07-2337,VEND-032,Harbor Power & Light,HAR-2026-07-2337,2026-07-16,2026-08-15,46.54,USD,HPO-2026-07-2337,PAID,2026-07-31,2026-07,usage overage block 2026-07,JE-HAP-2026-07-2337
HAP-2026-07-2338,VEND-036,WeWork Cambridge,WEW-2026-07-2338,2026-07-16,2026-08-15,9001.65,USD,HPO-2026-07-2338,PAID,2026-07-31,2026-07,premium support 2026-07,JE-HAP-2026-07-2338
HAP-2026-07-2339,VEND-040,Kendall Square Parking,KEN-2026-07-2339,2026-07-16,2026-08-15,271.26,USD,HPO-2026-07-2339,PAID,2026-07-31,2026-07,warehouse consumables 2026-07,JE-HAP-2026-07-2339
HAP-2026-07-2340,VEND-044,DocuSign,DOC-2026-07-2340,2026-07-16,2026-08-15,109.87,USD,HPO-2026-07-2340,PAID,2026-07-31,2026-07,security monitoring hosts 2026-07,JE-HAP-2026-07-2340
HAP-2026-07-2341,VEND-036,WeWork Cambridge,WEW-2026-07-2341,2026-07-17,2026-08-16,386.98,USD,HPO-2026-07-2341,PAID,2026-07-31,2026-07,warehouse consumables 2026-07,JE-HAP-2026-07-2341
HAP-2026-07-2342,VEND-040,Kendall Square Parking,KEN-2026-07-2342,2026-07-17,2026-08-16,14.09,USD,HPO-2026-07-2342,PAID,2026-07-31,2026-07,security monitoring hosts 2026-07,JE-HAP-2026-07-2342
HAP-2026-07-2343,VEND-044,DocuSign,DOC-2026-07-2343,2026-07-17,2026-08-16,47.2,USD,HPO-2026-07-2343,PAID,2026-07-31,2026-07,usage overage block 2026-07,JE-HAP-2026-07-2343
HAP-2026-07-2344,VEND-048,Gusto Payroll,GUS-2026-07-2344,2026-07-17,2026-08-16,9002.31,USD,HPO-2026-07-2344,PAID,2026-07-31,2026-07,premium support 2026-07,JE-HAP-2026-07-2344
HAP-2026-07-2345,VEND-001-DUP,Acme Supplies LLC,ACM-2026-07-2345,2026-07-17,2026-08-16,271.92,USD,HPO-2026-07-2345,PAID,2026-07-31,2026-07,warehouse consumables 2026-07,JE-HAP-2026-07-2345
HAP-2026-07-2346,VEND-004,Office Depot,OFF-2026-07-2346,2026-07-17,2026-08-16,108.0,USD,HPO-2026-07-2346,PAID,2026-07-31,2026-07,security monitoring hosts 2026-07,JE-HAP-2026-07-2346
HAP-2026-07-2347,VEND-008,Figma,FIG-2026-07-2347,2026-07-17,2026-08-16,165.11,USD,HPO-2026-07-2347,PAID,2026-07-31,2026-07,usage overage block 2026-07,JE-HAP-2026-07-2347
HAP-2026-07-2348,VEND-013,Cambridge Properties,CAM-2026-07-2348,2026-07-17,2026-08-16,3600.22,USD,HPO-2026-07-2348,PAID,2026-07-31,2026-07,premium support 2026-07,JE-HAP-2026-07-2348
HAP-2026-07-2349,VEND-017,GitHub,GIT-2026-07-2349,2026-07-17,2026-08-16,154.33,USD,HPO-2026-07-2349,PAID,2026-07-31,2026-07,warehouse consumables 2026-07,JE-HAP-2026-07-2349
HAP-2026-07-2350,VEND-021,Misc Supplies,MIS-2026-07-2350,2026-07-17,2026-08-16,72.44,USD,HPO-2026-07-2350,PAID,2026-07-31,2026-07,security monitoring hosts 2026-07,JE-HAP-2026-07-2350
HAP-2026-07-2351,VEND-025,Okta,OKT-2026-07-2351,2026-07-17,2026-08-16,120.55,USD,HPO-2026-07-2351,PAID,2026-07-31,2026-07,usage overage block 2026-07,JE-HAP-2026-07-2351
HAP-2026-07-2352,VEND-029,Cloudflare,CLO-2026-07-2352,2026-07-17,2026-08-16,18000.66,USD,HPO-2026-07-2352,PAID,2026-07-31,2026-07,premium support 2026-07,JE-HAP-2026-07-2352
HAP-2026-07-2353,VEND-021,Misc Supplies,MIS-2026-07-2353,2026-07-18,2026-08-17,165.77,USD,HPO-2026-07-2353,PAID,2026-07-31,2026-07,usage overage block 2026-07,JE-HAP-2026-07-2353
HAP-2026-07-2354,VEND-025,Okta,OKT-2026-07-2354,2026-07-18,2026-08-17,3600.88,USD,HPO-2026-07-2354,PAID,2026-07-31,2026-07,premium support 2026-07,JE-HAP-2026-07-2354
HAP-2026-07-2355,VEND-029,Cloudflare,CLO-2026-07-2355,2026-07-18,2026-08-17,154.99,USD,HPO-2026-07-2355,PAID,2026-07-31,2026-07,warehouse consumables 2026-07,JE-HAP-2026-07-2355
HAP-2026-07-2356,VEND-033,Staples Business Advantage,STA-2026-07-2356,2026-07-18,2026-08-17,73.1,USD,HPO-2026-07-2356,PAID,2026-07-31,2026-07,security monitoring hosts 2026-07,JE-HAP-2026-07-2356
HAP-2026-07-2357,VEND-037,Comcast Business,COM-2026-07-2357,2026-07-18,2026-08-17,121.21,USD,HPO-2026-07-2357,PAID,2026-07-31,2026-07,usage overage block 2026-07,JE-HAP-2026-07-2357
HAP-2026-07-2358,VEND-041,HubSpot,HUB-2026-07-2358,2026-07-18,2026-08-17,18001.32,USD,HPO-2026-07-2358,PAID,2026-07-31,2026-07,premium support 2026-07,JE-HAP-2026-07-2358
HAP-2026-07-2359,VEND-045,Palo Alto Networks,PAL-2026-07-2359,2026-07-18,2026-08-17,39.93,USD,HPO-2026-07-2359,PAID,2026-07-31,2026-07,warehouse consumables 2026-07,JE-HAP-2026-07-2359
HAP-2026-07-2360,VEND-049,Vanta,VAN-2026-07-2360,2026-07-18,2026-08-17,37.54,USD,HPO-2026-07-2360,PAID,2026-07-31,2026-07,security monitoring hosts 2026-07,JE-HAP-2026-07-2360
HAP-2026-07-2361,VEND-001-ALIAS,Acme Supply Co.,ACM-2026-07-2361,2026-07-18,2026-08-17,76.65,USD,HPO-2026-07-2361,PAID,2026-07-31,2026-07,usage overage block 2026-07,JE-HAP-2026-07-2361
HAP-2026-07-2362,VEND-005,Helios Hardware,HEL-2026-07-2362,2026-07-18,2026-08-17,12601.76,USD,HPO-2026-07-2362,PAID,2026-07-31,2026-07,premium support 2026-07,JE-HAP-2026-07-2362
HAP-2026-07-2363,VEND-009,Google Cloud,GOO-2026-07-2363,2026-07-18,2026-08-17,348.37,USD,HPO-2026-07-2363,PAID,2026-07-31,2026-07,warehouse consumables 2026-07,JE-HAP-2026-07-2363
HAP-2026-07-2364,VEND-014,Dell Technologies,DEL-2026-07-2364,2026-07-18,2026-08-17,133.98,USD,HPO-2026-07-2364,PAID,2026-07-31,2026-07,security monitoring hosts 2026-07,JE-HAP-2026-07-2364
HAP-2026-07-2365,VEND-005,Helios Hardware,HEL-2026-07-2365,2026-07-19,2026-08-18,40.59,USD,HPO-2026-07-2365,PAID,2026-07-31,2026-07,warehouse consumables 2026-07,JE-HAP-2026-07-2365
HAP-2026-07-2366,VEND-009,Google Cloud,GOO-2026-07-2366,2026-07-19,2026-08-18,38.2,USD,HPO-2026-07-2366,PAID,2026-07-31,2026-07,security monitoring hosts 2026-07,JE-HAP-2026-07-2366
HAP-2026-07-2367,VEND-014,Dell Technologies,DEL-2026-07-2367,2026-07-19,2026-08-18,77.31,USD,HPO-2026-07-2367,PAID,2026-07-31,2026-07,usage overage block 2026-07,JE-HAP-2026-07-2367
HAP-2026-07-2368,VEND-018,Shadow Vendor LLC,SHA-2026-07-2368,2026-07-19,2026-08-18,12602.42,USD,HPO-2026-07-2368,PAID,2026-07-31,2026-07,premium support 2026-07,JE-HAP-2026-07-2368
HAP-2026-07-2369,VEND-022,Twilio,TWI-2026-07-2369,2026-07-19,2026-08-18,346.5,USD,HPO-2026-07-2369,PAID,2026-07-31,2026-07,warehouse consumables 2026-07,JE-HAP-2026-07-2369
HAP-2026-07-2370,VEND-026,CrowdStrike,CRO-2026-07-2370,2026-07-19,2026-08-18,132.11,USD,HPO-2026-07-2370,PAID,2026-07-31,2026-07,security monitoring hosts 2026-07,JE-HAP-2026-07-2370
HAP-2026-07-2371,VEND-030,Northline Fab Group,NOR-2026-07-2371,2026-07-19,2026-08-18,30.22,USD,HPO-2026-07-2371,PAID,2026-07-31,2026-07,usage overage block 2026-07,JE-HAP-2026-07-2371
HAP-2026-07-2372,VEND-034,FedEx,FED-2026-07-2372,2026-07-19,2026-08-18,7200.33,USD,HPO-2026-07-2372,PAID,2026-07-31,2026-07,premium support 2026-07,JE-HAP-2026-07-2372
HAP-2026-07-2373,VEND-038,Pagaya Coffee Service,PAG-2026-07-2373,2026-07-19,2026-08-18,231.44,USD,HPO-2026-07-2373,PAID,2026-07-31,2026-07,warehouse consumables 2026-07,JE-HAP-2026-07-2373
HAP-2026-07-2374,VEND-042,Stripe Processing,STR-2026-07-2374,2026-07-19,2026-08-18,96.55,USD,HPO-2026-07-2374,PAID,2026-07-31,2026-07,security monitoring hosts 2026-07,JE-HAP-2026-07-2374
HAP-2026-07-2375,VEND-046,Boston Edison Steam,BOS-2026-07-2375,2026-07-19,2026-08-18,150.66,USD,HPO-2026-07-2375,PAID,2026-07-31,2026-07,usage overage block 2026-07,JE-HAP-2026-07-2375
HAP-2026-07-2376,VEND-050,Linear App,LIN-2026-07-2376,2026-07-19,2026-08-18,1800.77,USD,HPO-2026-07-2376,PAID,2026-07-31,2026-07,premium support 2026-07,JE-HAP-2026-07-2376
HAP-2026-07-2377,VEND-042,Stripe Processing,STR-2026-07-2377,2026-07-20,2026-08-19,30.88,USD,HPO-2026-07-2377,PAID,2026-07-31,2026-07,usage overage block 2026-07,JE-HAP-2026-07-2377
HAP-2026-07-2378,VEND-046,Boston Edison Steam,BOS-2026-07-2378,2026-07-20,2026-08-19,7200.99,USD,HPO-2026-07-2378,PAID,2026-07-31,2026-07,premium support 2026-07,JE-HAP-2026-07-2378
HAP-2026-07-2379,VEND-050,Linear App,LIN-2026-07-2379,2026-07-20,2026-08-19,232.1,USD,HPO-2026-07-2379,PAID,2026-07-31,2026-07,warehouse consumables 2026-07,JE-HAP-2026-07-2379
HAP-2026-07-2380,VEND-002,Amazon Web Services,AMA-2026-07-2380,2026-07-20,2026-08-19,97.21,USD,HPO-2026-07-2380,PAID,2026-07-31,2026-07,security monitoring hosts 2026-07,JE-HAP-2026-07-2380
HAP-2026-07-2381,VEND-006,Datadog,DAT-2026-07-2381,2026-07-20,2026-08-19,151.32,USD,HPO-2026-07-2381,PAID,2026-07-31,2026-07,usage overage block 2026-07,JE-HAP-2026-07-2381
HAP-2026-07-2382,VEND-011,Hartford Insurance,HAR-2026-07-2382,2026-07-20,2026-08-19,1801.43,USD,HPO-2026-07-2382,PAID,2026-07-31,2026-07,premium support 2026-07,JE-HAP-2026-07-2382
HAP-2026-07-2383,VEND-015,Harbor Electric,HAR-2026-07-2383,2026-07-20,2026-08-19,117.04,USD,HPO-2026-07-2383,PAID,2026-07-31,2026-07,warehouse consumables 2026-07,JE-HAP-2026-07-2383
HAP-2026-07-2384,VEND-019,Freightline Logistics,FRE-2026-07-2384,2026-07-20,2026-08-19,61.65,USD,HPO-2026-07-2384,PAID,2026-07-31,2026-07,security monitoring hosts 2026-07,JE-HAP-2026-07-2384
HAP-2026-07-2385,VEND-023,Notion Labs,NOT-2026-07-2385,2026-07-20,2026-08-19,106.76,USD,HPO-2026-07-2385,PAID,2026-07-31,2026-07,usage overage block 2026-07,JE-HAP-2026-07-2385
HAP-2026-07-2386,VEND-027,Zoom Video,ZOO-2026-07-2386,2026-07-20,2026-08-19,16201.87,USD,HPO-2026-07-2386,PAID,2026-07-31,2026-07,premium support 2026-07,JE-HAP-2026-07-2386
HAP-2026-07-2387,VEND-031,Helios Hardware Supply,HEL-2026-07-2387,2026-07-20,2026-08-19,425.48,USD,HPO-2026-07-2387,PAID,2026-07-31,2026-07,warehouse consumables 2026-07,JE-HAP-2026-07-2387
HAP-2026-07-2388,VEND-035,ADP,ADP-2026-07-2388,2026-07-20,2026-08-19,26.09,USD,HPO-2026-07-2388,PAID,2026-07-31,2026-07,security monitoring hosts 2026-07,JE-HAP-2026-07-2388
HAP-2026-07-2389,VEND-027,Zoom Video,ZOO-2026-07-2389,2026-07-21,2026-08-20,117.7,USD,HPO-2026-07-2389,PAID,2026-07-31,2026-07,warehouse consumables 2026-07,JE-HAP-2026-07-2389
HAP-2026-07-2390,VEND-031,Helios Hardware Supply,HEL-2026-07-2390,2026-07-21,2026-08-20,62.31,USD,HPO-2026-07-2390,PAID,2026-07-31,2026-07,security monitoring hosts 2026-07,JE-HAP-2026-07-2390
HAP-2026-07-2391,VEND-035,ADP,ADP-2026-07-2391,2026-07-21,2026-08-20,107.42,USD,HPO-2026-07-2391,PAID,2026-07-31,2026-07,usage overage block 2026-07,JE-HAP-2026-07-2391
HAP-2026-07-2392,VEND-039,CleanRoom Janitorial,CLE-2026-07-2392,2026-07-21,2026-08-20,16200.0,USD,HPO-2026-07-2392,PAID,2026-07-31,2026-07,premium support 2026-07,JE-HAP-2026-07-2392
HAP-2026-07-2393,VEND-043,Adyen NV,ADY-2026-07-2393,2026-07-21,2026-08-20,423.61,USD,HPO-2026-07-2393,PAID,2026-07-31,2026-07,warehouse consumables 2026-07,JE-HAP-2026-07-2393
HAP-2026-07-2394,VEND-047,Carta,CAR-2026-07-2394,2026-07-21,2026-08-20,24.22,USD,HPO-2026-07-2394,PAID,2026-07-31,2026-07,security monitoring hosts 2026-07,JE-HAP-2026-07-2394
HAP-2026-07-2395,VEND-001,Acme Supplies,ACM-2026-07-2395,2026-07-21,2026-08-20,60.33,USD,HPO-2026-07-2395,PAID,2026-07-31,2026-07,usage overage block 2026-07,JE-HAP-2026-07-2395
HAP-2026-07-2396,VEND-003,Northline Fabrication,NOR-2026-07-2396,2026-07-21,2026-08-20,10800.44,USD,HPO-2026-07-2396,PAID,2026-07-31,2026-07,premium support 2026-07,JE-HAP-2026-07-2396
HAP-2026-07-2397,VEND-007,Slack Technologies,SLA-2026-07-2397,2026-07-21,2026-08-20,308.55,USD,HPO-2026-07-2397,PAID,2026-07-31,2026-07,warehouse consumables 2026-07,JE-HAP-2026-07-2397
HAP-2026-07-2398,VEND-012,Orbit Analytics,ORB-2026-07-2398,2026-07-21,2026-08-20,120.66,USD,HPO-2026-07-2398,PAID,2026-07-31,2026-07,security monitoring hosts 2026-07,JE-HAP-2026-07-2398
HAP-2026-07-2399,VEND-016,Lindholm & Ruiz LLP,LIN-2026-07-2399,2026-07-21,2026-08-20,15.77,USD,HPO-2026-07-2399,PAID,2026-07-31,2026-07,usage overage block 2026-07,JE-HAP-2026-07-2399
HAP-2026-07-2400,VEND-020,Lenovo,LEN-2026-07-2400,2026-07-21,2026-08-20,5400.88,USD,HPO-2026-07-2400,PAID,2026-07-31,2026-07,premium support 2026-07,JE-HAP-2026-07-2400
HAP-2026-08-2401,VEND-012,Orbit Analytics,ORB-2026-08-2401,2026-08-02,2026-09-01,60.99,USD,HPO-2026-08-2401,PAID,2026-08-20,2026-08,usage overage block 2026-08,JE-HAP-2026-08-2401
HAP-2026-08-2402,VEND-016,Lindholm & Ruiz LLP,LIN-2026-08-2402,2026-08-02,2026-09-01,10801.1,USD,HPO-2026-08-2402,PAID,2026-08-20,2026-08,premium support 2026-08,JE-HAP-2026-08-2402
HAP-2026-08-2403,VEND-020,Lenovo,LEN-2026-08-2403,2026-08-02,2026-09-01,309.21,USD,HPO-2026-08-2403,PAID,2026-08-20,2026-08,warehouse consumables 2026-08,JE-HAP-2026-08-2403
HAP-2026-08-2404,VEND-024,Snowflake,SNO-2026-08-2404,2026-08-02,2026-09-01,121.32,USD,HPO-2026-08-2404,PAID,2026-08-20,2026-08,security monitoring hosts 2026-08,JE-HAP-2026-08-2404
HAP-2026-08-2405,VEND-028,Atlassian,ATL-2026-08-2405,2026-08-02,2026-09-01,16.43,USD,HPO-2026-08-2405,PAID,2026-08-20,2026-08,usage overage block 2026-08,JE-HAP-2026-08-2405
HAP-2026-08-2406,VEND-032,Harbor Power & Light,HAR-2026-08-2406,2026-08-02,2026-09-01,5401.54,USD,HPO-2026-08-2406,PAID,2026-08-20,2026-08,premium support 2026-08,JE-HAP-2026-08-2406
HAP-2026-08-2407,VEND-036,WeWork Cambridge,WEW-2026-08-2407,2026-08-02,2026-09-01,194.15,USD,HPO-2026-08-2407,PAID,2026-08-20,2026-08,warehouse consumables 2026-08,JE-HAP-2026-08-2407
HAP-2026-08-2408,VEND-040,Kendall Square Parking,KEN-2026-08-2408,2026-08-02,2026-09-01,85.76,USD,HPO-2026-08-2408,PAID,2026-08-20,2026-08,security monitoring hosts 2026-08,JE-HAP-2026-08-2408
HAP-2026-08-2409,VEND-044,DocuSign,DOC-2026-08-2409,2026-08-02,2026-09-01,136.87,USD,HPO-2026-08-2409,PAID,2026-08-20,2026-08,usage overage block 2026-08,JE-HAP-2026-08-2409
HAP-2026-08-2410,VEND-048,Gusto Payroll,GUS-2026-08-2410,2026-08-02,2026-09-01,19801.98,USD,HPO-2026-08-2410,PAID,2026-08-20,2026-08,premium support 2026-08,JE-HAP-2026-08-2410
HAP-2026-08-2411,VEND-001-DUP,Acme Supplies LLC,ACM-2026-08-2411,2026-08-02,2026-09-01,79.09,USD,HPO-2026-08-2411,PAID,2026-08-20,2026-08,warehouse consumables 2026-08,JE-HAP-2026-08-2411
HAP-2026-08-2412,VEND-004,Office Depot,OFF-2026-08-2412,2026-08-02,2026-09-01,50.2,USD,HPO-2026-08-2412,PAID,2026-08-20,2026-08,security monitoring hosts 2026-08,JE-HAP-2026-08-2412
HAP-2026-08-2413,VEND-048,Gusto Payroll,GUS-2026-08-2413,2026-08-03,2026-09-02,194.81,USD,HPO-2026-08-2413,PAID,2026-08-21,2026-08,warehouse consumables 2026-08,JE-HAP-2026-08-2413
HAP-2026-08-2414,VEND-001-DUP,Acme Supplies LLC,ACM-2026-08-2414,2026-08-03,2026-09-02,86.42,USD,HPO-2026-08-2414,PAID,2026-08-21,2026-08,security monitoring hosts 2026-08,JE-HAP-2026-08-2414
HAP-2026-08-2415,VEND-004,Office Depot,OFF-2026-08-2415,2026-08-03,2026-09-02,135.0,USD,HPO-2026-08-2415,PAID,2026-08-21,2026-08,usage overage block 2026-08,JE-HAP-2026-08-2415
HAP-2026-08-2416,VEND-008,Figma,FIG-2026-08-2416,2026-08-03,2026-09-02,19800.11,USD,HPO-2026-08-2416,PAID,2026-08-21,2026-08,premium support 2026-08,JE-HAP-2026-08-2416
HAP-2026-08-2417,VEND-013,Cambridge Properties,CAM-2026-08-2417,2026-08-03,2026-09-02,77.22,USD,HPO-2026-08-2417,PAID,2026-08-21,2026-08,warehouse consumables 2026-08,JE-HAP-2026-08-2417
HAP-2026-08-2418,VEND-017,GitHub,GIT-2026-08-2418,2026-08-03,2026-09-02,48.33,USD,HPO-2026-08-2418,PAID,2026-08-21,2026-08,security monitoring hosts 2026-08,JE-HAP-2026-08-2418
HAP-2026-08-2419,VEND-021,Misc Supplies,MIS-2026-08-2419,2026-08-03,2026-09-02,90.44,USD,HPO-2026-08-2419,PAID,2026-08-21,2026-08,usage overage block 2026-08,JE-HAP-2026-08-2419
HAP-2026-08-2420,VEND-025,Okta,OKT-2026-08-2420,2026-08-03,2026-09-02,14400.55,USD,HPO-2026-08-2420,PAID,2026-08-21,2026-08,premium support 2026-08,JE-HAP-2026-08-2420
HAP-2026-08-2421,VEND-029,Cloudflare,CLO-2026-08-2421,2026-08-03,2026-09-02,385.66,USD,HPO-2026-08-2421,PAID,2026-08-21,2026-08,warehouse consumables 2026-08,JE-HAP-2026-08-2421
HAP-2026-08-2422,VEND-033,Staples Business Advantage,STA-2026-08-2422,2026-08-03,2026-09-02,12.77,USD,HPO-2026-08-2422,PAID,2026-08-21,2026-08,security monitoring hosts 2026-08,JE-HAP-2026-08-2422
HAP-2026-08-2423,VEND-037,Comcast Business,COM-2026-08-2423,2026-08-03,2026-09-02,45.88,USD,HPO-2026-08-2423,PAID,2026-08-21,2026-08,usage overage block 2026-08,JE-HAP-2026-08-2423
HAP-2026-08-2424,VEND-041,HubSpot,HUB-2026-08-2424,2026-08-03,2026-09-02,9000.99,USD,HPO-2026-08-2424,PAID,2026-08-21,2026-08,premium support 2026-08,JE-HAP-2026-08-2424
HAP-2026-08-2425,VEND-033,Staples Business Advantage,STA-2026-08-2425,2026-08-04,2026-09-03,91.1,USD,HPO-2026-08-2425,PAID,2026-08-22,2026-08,usage overage block 2026-08,JE-HAP-2026-08-2425
HAP-2026-08-2426,VEND-037,Comcast Business,COM-2026-08-2426,2026-08-04,2026-09-03,14401.21,USD,HPO-2026-08-2426,PAID,2026-08-22,2026-08,premium support 2026-08,JE-HAP-2026-08-2426
HAP-2026-08-2427,VEND-041,HubSpot,HUB-2026-08-2427,2026-08-04,2026-09-03,386.32,USD,HPO-2026-08-2427,PAID,2026-08-22,2026-08,warehouse consumables 2026-08,JE-HAP-2026-08-2427
HAP-2026-08-2428,VEND-045,Palo Alto Networks,PAL-2026-08-2428,2026-08-04,2026-09-03,13.43,USD,HPO-2026-08-2428,PAID,2026-08-22,2026-08,security monitoring hosts 2026-08,JE-HAP-2026-08-2428
HAP-2026-08-2429,VEND-049,Vanta,VAN-2026-08-2429,2026-08-04,2026-09-03,46.54,USD,HPO-2026-08-2429,PAID,2026-08-22,2026-08,usage overage block 2026-08,JE-HAP-2026-08-2429
HAP-2026-08-2430,VEND-001-ALIAS,Acme Supply Co.,ACM-2026-08-2430,2026-08-04,2026-09-03,9001.65,USD,HPO-2026-08-2430,PAID,2026-08-22,2026-08,premium support 2026-08,JE-HAP-2026-08-2430
HAP-2026-08-2431,VEND-005,Helios Hardware,HEL-2026-08-2431,2026-08-04,2026-09-03,271.26,USD,HPO-2026-08-2431,PAID,2026-08-22,2026-08,warehouse consumables 2026-08,JE-HAP-2026-08-2431
HAP-2026-08-2432,VEND-009,Google Cloud,GOO-2026-08-2432,2026-08-04,2026-09-03,109.87,USD,HPO-2026-08-2432,PAID,2026-08-22,2026-08,security monitoring hosts 2026-08,JE-HAP-2026-08-2432
HAP-2026-08-2433,VEND-014,Dell Technologies,DEL-2026-08-2433,2026-08-04,2026-09-03,166.98,USD,HPO-2026-08-2433,PAID,2026-08-22,2026-08,usage overage block 2026-08,JE-HAP-2026-08-2433
HAP-2026-08-2434,VEND-018,Shadow Vendor LLC,SHA-2026-08-2434,2026-08-04,2026-09-03,3602.09,USD,HPO-2026-08-2434,PAID,2026-08-22,2026-08,premium support 2026-08,JE-HAP-2026-08-2434
HAP-2026-08-2435,VEND-022,Twilio,TWI-2026-08-2435,2026-08-04,2026-09-03,156.2,USD,HPO-2026-08-2435,PAID,2026-08-22,2026-08,warehouse consumables 2026-08,JE-HAP-2026-08-2435
HAP-2026-08-2436,VEND-026,CrowdStrike,CRO-2026-08-2436,2026-08-04,2026-09-03,74.31,USD,HPO-2026-08-2436,PAID,2026-08-22,2026-08,security monitoring hosts 2026-08,JE-HAP-2026-08-2436
HAP-2026-08-2437,VEND-018,Shadow Vendor LLC,SHA-2026-08-2437,2026-08-05,2026-09-04,271.92,USD,HPO-2026-08-2437,PAID,2026-08-23,2026-08,warehouse consumables 2026-08,JE-HAP-2026-08-2437
HAP-2026-08-2438,VEND-022,Twilio,TWI-2026-08-2438,2026-08-05,2026-09-04,108.0,USD,HPO-2026-08-2438,PAID,2026-08-23,2026-08,security monitoring hosts 2026-08,JE-HAP-2026-08-2438
HAP-2026-08-2439,VEND-026,CrowdStrike,CRO-2026-08-2439,2026-08-05,2026-09-04,165.11,USD,HPO-2026-08-2439,PAID,2026-08-23,2026-08,usage overage block 2026-08,JE-HAP-2026-08-2439
HAP-2026-08-2440,VEND-030,Northline Fab Group,NOR-2026-08-2440,2026-08-05,2026-09-04,3600.22,USD,HPO-2026-08-2440,PAID,2026-08-23,2026-08,premium support 2026-08,JE-HAP-2026-08-2440
HAP-2026-08-2441,VEND-034,FedEx,FED-2026-08-2441,2026-08-05,2026-09-04,154.33,USD,HPO-2026-08-2441,PAID,2026-08-23,2026-08,warehouse consumables 2026-08,JE-HAP-2026-08-2441
HAP-2026-08-2442,VEND-038,Pagaya Coffee Service,PAG-2026-08-2442,2026-08-05,2026-09-04,72.44,USD,HPO-2026-08-2442,PAID,2026-08-23,2026-08,security monitoring hosts 2026-08,JE-HAP-2026-08-2442
HAP-2026-08-2443,VEND-042,Stripe Processing,STR-2026-08-2443,2026-08-05,2026-09-04,120.55,USD,HPO-2026-08-2443,PAID,2026-08-23,2026-08,usage overage block 2026-08,JE-HAP-2026-08-2443
HAP-2026-08-2444,VEND-046,Boston Edison Steam,BOS-2026-08-2444,2026-08-05,2026-09-04,18000.66,USD,HPO-2026-08-2444,PAID,2026-08-23,2026-08,premium support 2026-08,JE-HAP-2026-08-2444
HAP-2026-08-2445,VEND-050,Linear App,LIN-2026-08-2445,2026-08-05,2026-09-04,39.27,USD,HPO-2026-08-2445,PAID,2026-08-23,2026-08,warehouse consumables 2026-08,JE-HAP-2026-08-2445
HAP-2026-08-2446,VEND-002,Amazon Web Services,AMA-2026-08-2446,2026-08-05,2026-09-04,36.88,USD,HPO-2026-08-2446,PAID,2026-08-23,2026-08,security monitoring hosts 2026-08,JE-HAP-2026-08-2446
HAP-2026-08-2447,VEND-006,Datadog,DAT-2026-08-2447,2026-08-05,2026-09-04,75.99,USD,HPO-2026-08-2447,PAID,2026-08-23,2026-08,usage overage block 2026-08,JE-HAP-2026-08-2447
HAP-2026-08-2448,VEND-011,Hartford Insurance,HAR-2026-08-2448,2026-08-05,2026-09-04,12601.1,USD,HPO-2026-08-2448,PAID,2026-08-23,2026-08,premium support 2026-08,JE-HAP-2026-08-2448
HAP-2026-08-2449,VEND-002,Amazon Web Services,AMA-2026-08-2449,2026-08-06,2026-09-05,121.21,USD,HPO-2026-08-2449,PAID,2026-08-24,2026-08,usage overage block 2026-08,JE-HAP-2026-08-2449
HAP-2026-08-2450,VEND-006,Datadog,DAT-2026-08-2450,2026-08-06,2026-09-05,18001.32,USD,HPO-2026-08-2450,PAID,2026-08-24,2026-08,premium support 2026-08,JE-HAP-2026-08-2450
HAP-2026-08-2451,VEND-011,Hartford Insurance,HAR-2026-08-2451,2026-08-06,2026-09-05,39.93,USD,HPO-2026-08-2451,PAID,2026-08-24,2026-08,warehouse consumables 2026-08,JE-HAP-2026-08-2451
HAP-2026-08-2452,VEND-015,Harbor Electric,HAR-2026-08-2452,2026-08-06,2026-09-05,37.54,USD,HPO-2026-08-2452,PAID,2026-08-24,2026-08,security monitoring hosts 2026-08,JE-HAP-2026-08-2452
HAP-2026-08-2453,VEND-019,Freightline Logistics,FRE-2026-08-2453,2026-08-06,2026-09-05,76.65,USD,HPO-2026-08-2453,PAID,2026-08-24,2026-08,usage overage block 2026-08,JE-HAP-2026-08-2453
HAP-2026-08-2454,VEND-023,Notion Labs,NOT-2026-08-2454,2026-08-06,2026-09-05,12601.76,USD,HPO-2026-08-2454,PAID,2026-08-24,2026-08,premium support 2026-08,JE-HAP-2026-08-2454
HAP-2026-08-2455,VEND-027,Zoom Video,ZOO-2026-08-2455,2026-08-06,2026-09-05,348.37,USD,HPO-2026-08-2455,PAID,2026-08-24,2026-08,warehouse consumables 2026-08,JE-HAP-2026-08-2455
HAP-2026-08-2456,VEND-031,Helios Hardware Supply,HEL-2026-08-2456,2026-08-06,2026-09-05,133.98,USD,HPO-2026-08-2456,PAID,2026-08-24,2026-08,security monitoring hosts 2026-08,JE-HAP-2026-08-2456
HAP-2026-08-2457,VEND-035,ADP,ADP-2026-08-2457,2026-08-06,2026-09-05,32.09,USD,HPO-2026-08-2457,PAID,2026-08-24,2026-08,usage overage block 2026-08,JE-HAP-2026-08-2457
HAP-2026-08-2458,VEND-039,CleanRoom Janitorial,CLE-2026-08-2458,2026-08-06,2026-09-05,7202.2,USD,HPO-2026-08-2458,PAID,2026-08-24,2026-08,premium support 2026-08,JE-HAP-2026-08-2458
HAP-2026-08-2459,VEND-043,Adyen NV,ADY-2026-08-2459,2026-08-06,2026-09-05,233.31,USD,HPO-2026-08-2459,PAID,2026-08-24,2026-08,warehouse consumables 2026-08,JE-HAP-2026-08-2459
HAP-2026-08-2460,VEND-047,Carta,CAR-2026-08-2460,2026-08-06,2026-09-05,98.42,USD,HPO-2026-08-2460,PAID,2026-08-24,2026-08,security monitoring hosts 2026-08,JE-HAP-2026-08-2460
HAP-2026-08-2461,VEND-039,CleanRoom Janitorial,CLE-2026-08-2461,2026-08-07,2026-09-06,346.5,USD,HPO-2026-08-2461,PAID,2026-08-25,2026-08,warehouse consumables 2026-08,JE-HAP-2026-08-2461
HAP-2026-08-2462,VEND-043,Adyen NV,ADY-2026-08-2462,2026-08-07,2026-09-06,132.11,USD,HPO-2026-08-2462,PAID,2026-08-25,2026-08,security monitoring hosts 2026-08,JE-HAP-2026-08-2462
HAP-2026-08-2463,VEND-047,Carta,CAR-2026-08-2463,2026-08-07,2026-09-06,30.22,USD,HPO-2026-08-2463,PAID,2026-08-25,2026-08,usage overage block 2026-08,JE-HAP-2026-08-2463
HAP-2026-08-2464,VEND-001,Acme Supplies,ACM-2026-08-2464,2026-08-07,2026-09-06,7200.33,USD,HPO-2026-08-2464,PAID,2026-08-25,2026-08,premium support 2026-08,JE-HAP-2026-08-2464
HAP-2026-08-2465,VEND-003,Northline Fabrication,NOR-2026-08-2465,2026-08-07,2026-09-06,231.44,USD,HPO-2026-08-2465,PAID,2026-08-25,2026-08,warehouse consumables 2026-08,JE-HAP-2026-08-2465
HAP-2026-08-2466,VEND-007,Slack Technologies,SLA-2026-08-2466,2026-08-07,2026-09-06,96.55,USD,HPO-2026-08-2466,PAID,2026-08-25,2026-08,security monitoring hosts 2026-08,JE-HAP-2026-08-2466
HAP-2026-08-2467,VEND-012,Orbit Analytics,ORB-2026-08-2467,2026-08-07,2026-09-06,150.66,USD,HPO-2026-08-2467,PAID,2026-08-25,2026-08,usage overage block 2026-08,JE-HAP-2026-08-2467
HAP-2026-08-2468,VEND-016,Lindholm & Ruiz LLP,LIN-2026-08-2468,2026-08-07,2026-09-06,1800.77,USD,HPO-2026-08-2468,PAID,2026-08-25,2026-08,premium support 2026-08,JE-HAP-2026-08-2468
HAP-2026-08-2469,VEND-020,Lenovo,LEN-2026-08-2469,2026-08-07,2026-09-06,116.38,USD,HPO-2026-08-2469,PAID,2026-08-25,2026-08,warehouse consumables 2026-08,JE-HAP-2026-08-2469
HAP-2026-08-2470,VEND-024,Snowflake,SNO-2026-08-2470,2026-08-07,2026-09-06,60.99,USD,HPO-2026-08-2470,PAID,2026-08-25,2026-08,security monitoring hosts 2026-08,JE-HAP-2026-08-2470
HAP-2026-08-2471,VEND-028,Atlassian,ATL-2026-08-2471,2026-08-07,2026-09-06,106.1,USD,HPO-2026-08-2471,PAID,2026-08-25,2026-08,usage overage block 2026-08,JE-HAP-2026-08-2471
HAP-2026-08-2472,VEND-032,Harbor Power & Light,HAR-2026-08-2472,2026-08-07,2026-09-06,16201.21,USD,HPO-2026-08-2472,PAID,2026-08-25,2026-08,premium support 2026-08,JE-HAP-2026-08-2472
HAP-2026-08-2473,VEND-024,Snowflake,SNO-2026-08-2473,2026-08-08,2026-09-07,151.32,USD,HPO-2026-08-2473,PAID,2026-08-26,2026-08,usage overage block 2026-08,JE-HAP-2026-08-2473
HAP-2026-08-2474,VEND-028,Atlassian,ATL-2026-08-2474,2026-08-08,2026-09-07,1801.43,USD,HPO-2026-08-2474,PAID,2026-08-26,2026-08,premium support 2026-08,JE-HAP-2026-08-2474
HAP-2026-08-2475,VEND-032,Harbor Power & Light,HAR-2026-08-2475,2026-08-08,2026-09-07,117.04,USD,HPO-2026-08-2475,PAID,2026-08-26,2026-08,warehouse consumables 2026-08,JE-HAP-2026-08-2475
HAP-2026-08-2476,VEND-036,WeWork Cambridge,WEW-2026-08-2476,2026-08-08,2026-09-07,61.65,USD,HPO-2026-08-2476,PAID,2026-08-26,2026-08,security monitoring hosts 2026-08,JE-HAP-2026-08-2476
HAP-2026-08-2477,VEND-040,Kendall Square Parking,KEN-2026-08-2477,2026-08-08,2026-09-07,106.76,USD,HPO-2026-08-2477,PAID,2026-08-26,2026-08,usage overage block 2026-08,JE-HAP-2026-08-2477
HAP-2026-08-2478,VEND-044,DocuSign,DOC-2026-08-2478,2026-08-08,2026-09-07,16201.87,USD,HPO-2026-08-2478,PAID,2026-08-26,2026-08,premium support 2026-08,JE-HAP-2026-08-2478
HAP-2026-08-2479,VEND-048,Gusto Payroll,GUS-2026-08-2479,2026-08-08,2026-09-07,425.48,USD,HPO-2026-08-2479,PAID,2026-08-26,2026-08,warehouse consumables 2026-08,JE-HAP-2026-08-2479
HAP-2026-08-2480,VEND-001-DUP,Acme Supplies LLC,ACM-2026-08-2480,2026-08-08,2026-09-07,26.09,USD,HPO-2026-08-2480,PAID,2026-08-26,2026-08,security monitoring hosts 2026-08,JE-HAP-2026-08-2480
HAP-2026-08-2481,VEND-004,Office Depot,OFF-2026-08-2481,2026-08-08,2026-09-07,62.2,USD,HPO-2026-08-2481,PAID,2026-08-26,2026-08,usage overage block 2026-08,JE-HAP-2026-08-2481
HAP-2026-08-2482,VEND-008,Figma,FIG-2026-08-2482,2026-08-08,2026-09-07,10802.31,USD,HPO-2026-08-2482,PAID,2026-08-26,2026-08,premium support 2026-08,JE-HAP-2026-08-2482
HAP-2026-08-2483,VEND-013,Cambridge Properties,CAM-2026-08-2483,2026-08-08,2026-09-07,310.42,USD,HPO-2026-08-2483,PAID,2026-08-26,2026-08,warehouse consumables 2026-08,JE-HAP-2026-08-2483
HAP-2026-08-2484,VEND-017,GitHub,GIT-2026-08-2484,2026-08-08,2026-09-07,120.0,USD,HPO-2026-08-2484,PAID,2026-08-26,2026-08,security monitoring hosts 2026-08,JE-HAP-2026-08-2484
HAP-2026-08-2485,VEND-008,Figma,FIG-2026-08-2485,2026-08-09,2026-09-08,423.61,USD,HPO-2026-08-2485,PAID,2026-08-27,2026-08,warehouse consumables 2026-08,JE-HAP-2026-08-2485
HAP-2026-08-2486,VEND-013,Cambridge Properties,CAM-2026-08-2486,2026-08-09,2026-09-08,24.22,USD,HPO-2026-08-2486,PAID,2026-08-27,2026-08,security monitoring hosts 2026-08,JE-HAP-2026-08-2486
HAP-2026-08-2487,VEND-017,GitHub,GIT-2026-08-2487,2026-08-09,2026-09-08,60.33,USD,HPO-2026-08-2487,PAID,2026-08-27,2026-08,usage overage block 2026-08,JE-HAP-2026-08-2487
HAP-2026-08-2488,VEND-021,Misc Supplies,MIS-2026-08-2488,2026-08-09,2026-09-08,10800.44,USD,HPO-2026-08-2488,PAID,2026-08-27,2026-08,premium support 2026-08,JE-HAP-2026-08-2488
HAP-2026-08-2489,VEND-025,Okta,OKT-2026-08-2489,2026-08-09,2026-09-08,308.55,USD,HPO-2026-08-2489,PAID,2026-08-27,2026-08,warehouse consumables 2026-08,JE-HAP-2026-08-2489
HAP-2026-08-2490,VEND-029,Cloudflare,CLO-2026-08-2490,2026-08-09,2026-09-08,120.66,USD,HPO-2026-08-2490,PAID,2026-08-27,2026-08,security monitoring hosts 2026-08,JE-HAP-2026-08-2490
HAP-2026-08-2491,VEND-033,Staples Business Advantage,STA-2026-08-2491,2026-08-09,2026-09-08,15.77,USD,HPO-2026-08-2491,PAID,2026-08-27,2026-08,usage overage block 2026-08,JE-HAP-2026-08-2491
HAP-2026-08-2492,VEND-037,Comcast Business,COM-2026-08-2492,2026-08-09,2026-09-08,5400.88,USD,HPO-2026-08-2492,PAID,2026-08-27,2026-08,premium support 2026-08,JE-HAP-2026-08-2492
HAP-2026-08-2493,VEND-041,HubSpot,HUB-2026-08-2493,2026-08-09,2026-09-08,193.49,USD,HPO-2026-08-2493,PAID,2026-08-27,2026-08,warehouse consumables 2026-08,JE-HAP-2026-08-2493
HAP-2026-08-2494,VEND-045,Palo Alto Networks,PAL-2026-08-2494,2026-08-09,2026-09-08,85.1,USD,HPO-2026-08-2494,PAID,2026-08-27,2026-08,security monitoring hosts 2026-08,JE-HAP-2026-08-2494
HAP-2026-08-2495,VEND-049,Vanta,VAN-2026-08-2495,2026-08-09,2026-09-08,136.21,USD,HPO-2026-08-2495,PAID,2026-08-27,2026-08,usage overage block 2026-08,JE-HAP-2026-08-2495
HAP-2026-08-2496,VEND-001-ALIAS,Acme Supply Co.,ACM-2026-08-2496,2026-08-09,2026-09-08,19801.32,USD,HPO-2026-08-2496,PAID,2026-08-27,2026-08,premium support 2026-08,JE-HAP-2026-08-2496
HAP-2026-08-2497,VEND-045,Palo Alto Networks,PAL-2026-08-2497,2026-08-10,2026-09-09,16.43,USD,HPO-2026-08-2497,PAID,2026-08-28,2026-08,usage overage block 2026-08,JE-HAP-2026-08-2497
HAP-2026-08-2498,VEND-049,Vanta,VAN-2026-08-2498,2026-08-10,2026-09-09,5401.54,USD,HPO-2026-08-2498,PAID,2026-08-28,2026-08,premium support 2026-08,JE-HAP-2026-08-2498
HAP-2026-08-2499,VEND-001-ALIAS,Acme Supply Co.,ACM-2026-08-2499,2026-08-10,2026-09-09,194.15,USD,HPO-2026-08-2499,PAID,2026-08-28,2026-08,warehouse consumables 2026-08,JE-HAP-2026-08-2499
HAP-2026-08-2500,VEND-005,Helios Hardware,HEL-2026-08-2500,2026-08-10,2026-09-09,85.76,USD,HPO-2026-08-2500,PAID,2026-08-28,2026-08,security monitoring hosts 2026-08,JE-HAP-2026-08-2500
HAP-2026-08-2501,VEND-009,Google Cloud,GOO-2026-08-2501,2026-08-10,2026-09-09,136.87,USD,HPO-2026-08-2501,PAID,2026-08-28,2026-08,usage overage block 2026-08,JE-HAP-2026-08-2501
HAP-2026-08-2502,VEND-014,Dell Technologies,DEL-2026-08-2502,2026-08-10,2026-09-09,19801.98,USD,HPO-2026-08-2502,PAID,2026-08-28,2026-08,premium support 2026-08,JE-HAP-2026-08-2502
HAP-2026-08-2503,VEND-018,Shadow Vendor LLC,SHA-2026-08-2503,2026-08-10,2026-09-09,79.09,USD,HPO-2026-08-2503,PAID,2026-08-28,2026-08,warehouse consumables 2026-08,JE-HAP-2026-08-2503
HAP-2026-08-2504,VEND-022,Twilio,TWI-2026-08-2504,2026-08-10,2026-09-09,50.2,USD,HPO-2026-08-2504,PAID,2026-08-28,2026-08,security monitoring hosts 2026-08,JE-HAP-2026-08-2504
HAP-2026-08-2505,VEND-026,CrowdStrike,CRO-2026-08-2505,2026-08-10,2026-09-09,92.31,USD,HPO-2026-08-2505,PAID,2026-08-28,2026-08,usage overage block 2026-08,JE-HAP-2026-08-2505
HAP-2026-08-2506,VEND-030,Northline Fab Group,NOR-2026-08-2506,2026-08-10,2026-09-09,14402.42,USD,HPO-2026-08-2506,PAID,2026-08-28,2026-08,premium support 2026-08,JE-HAP-2026-08-2506
HAP-2026-08-2507,VEND-034,FedEx,FED-2026-08-2507,2026-08-10,2026-09-09,385.0,USD,HPO-2026-08-2507,PAID,2026-08-28,2026-08,warehouse consumables 2026-08,JE-HAP-2026-08-2507
HAP-2026-08-2508,VEND-038,Pagaya Coffee Service,PAG-2026-08-2508,2026-08-10,2026-09-09,12.11,USD,HPO-2026-08-2508,PAID,2026-08-28,2026-08,security monitoring hosts 2026-08,JE-HAP-2026-08-2508
HAP-2026-08-2509,VEND-030,Northline Fab Group,NOR-2026-08-2509,2026-08-11,2026-09-10,77.22,USD,HPO-2026-08-2509,PAID,2026-08-29,2026-08,warehouse consumables 2026-08,JE-HAP-2026-08-2509
HAP-2026-08-2510,VEND-034,FedEx,FED-2026-08-2510,2026-08-11,2026-09-10,48.33,USD,HPO-2026-08-2510,PAID,2026-08-29,2026-08,security monitoring hosts 2026-08,JE-HAP-2026-08-2510
HAP-2026-08-2511,VEND-038,Pagaya Coffee Service,PAG-2026-08-2511,2026-08-11,2026-09-10,90.44,USD,HPO-2026-08-2511,PAID,2026-08-29,2026-08,usage overage block 2026-08,JE-HAP-2026-08-2511
HAP-2026-08-2512,VEND-042,Stripe Processing,STR-2026-08-2512,2026-08-11,2026-09-10,14400.55,USD,HPO-2026-08-2512,PAID,2026-08-29,2026-08,premium support 2026-08,JE-HAP-2026-08-2512
HAP-2026-08-2513,VEND-046,Boston Edison Steam,BOS-2026-08-2513,2026-08-11,2026-09-10,385.66,USD,HPO-2026-08-2513,PAID,2026-08-29,2026-08,warehouse consumables 2026-08,JE-HAP-2026-08-2513
HAP-2026-08-2514,VEND-050,Linear App,LIN-2026-08-2514,2026-08-11,2026-09-10,12.77,USD,HPO-2026-08-2514,PAID,2026-08-29,2026-08,security monitoring hosts 2026-08,JE-HAP-2026-08-2514
HAP-2026-08-2515,VEND-002,Amazon Web Services,AMA-2026-08-2515,2026-08-11,2026-09-10,45.88,USD,HPO-2026-08-2515,PAID,2026-08-29,2026-08,usage overage block 2026-08,JE-HAP-2026-08-2515
HAP-2026-08-2516,VEND-006,Datadog,DAT-2026-08-2516,2026-08-11,2026-09-10,9000.99,USD,HPO-2026-08-2516,PAID,2026-08-29,2026-08,premium support 2026-08,JE-HAP-2026-08-2516
HAP-2026-08-2517,VEND-011,Hartford Insurance,HAR-2026-08-2517,2026-08-11,2026-09-10,270.6,USD,HPO-2026-08-2517,PAID,2026-08-29,2026-08,warehouse consumables 2026-08,JE-HAP-2026-08-2517
HAP-2026-08-2518,VEND-015,Harbor Electric,HAR-2026-08-2518,2026-08-11,2026-09-10,109.21,USD,HPO-2026-08-2518,PAID,2026-08-29,2026-08,security monitoring hosts 2026-08,JE-HAP-2026-08-2518
HAP-2026-08-2519,VEND-019,Freightline Logistics,FRE-2026-08-2519,2026-08-11,2026-09-10,166.32,USD,HPO-2026-08-2519,PAID,2026-08-29,2026-08,usage overage block 2026-08,JE-HAP-2026-08-2519
HAP-2026-08-2520,VEND-023,Notion Labs,NOT-2026-08-2520,2026-08-11,2026-09-10,3601.43,USD,HPO-2026-08-2520,PAID,2026-08-29,2026-08,premium support 2026-08,JE-HAP-2026-08-2520
HAP-2026-08-2521,VEND-015,Harbor Electric,HAR-2026-08-2521,2026-08-12,2026-09-11,46.54,USD,HPO-2026-08-2521,PAID,2026-08-30,2026-08,usage overage block 2026-08,JE-HAP-2026-08-2521
HAP-2026-08-2522,VEND-019,Freightline Logistics,FRE-2026-08-2522,2026-08-12,2026-09-11,9001.65,USD,HPO-2026-08-2522,PAID,2026-08-30,2026-08,premium support 2026-08,JE-HAP-2026-08-2522
HAP-2026-08-2523,VEND-023,Notion Labs,NOT-2026-08-2523,2026-08-12,2026-09-11,271.26,USD,HPO-2026-08-2523,PAID,2026-08-30,2026-08,warehouse consumables 2026-08,JE-HAP-2026-08-2523
HAP-2026-08-2524,VEND-027,Zoom Video,ZOO-2026-08-2524,2026-08-12,2026-09-11,109.87,USD,HPO-2026-08-2524,PAID,2026-08-30,2026-08,security monitoring hosts 2026-08,JE-HAP-2026-08-2524
HAP-2026-08-2525,VEND-031,Helios Hardware Supply,HEL-2026-08-2525,2026-08-12,2026-09-11,166.98,USD,HPO-2026-08-2525,PAID,2026-08-30,2026-08,usage overage block 2026-08,JE-HAP-2026-08-2525
HAP-2026-08-2526,VEND-035,ADP,ADP-2026-08-2526,2026-08-12,2026-09-11,3602.09,USD,HPO-2026-08-2526,PAID,2026-08-30,2026-08,premium support 2026-08,JE-HAP-2026-08-2526
HAP-2026-08-2527,VEND-039,CleanRoom Janitorial,CLE-2026-08-2527,2026-08-12,2026-09-11,156.2,USD,HPO-2026-08-2527,PAID,2026-08-30,2026-08,warehouse consumables 2026-08,JE-HAP-2026-08-2527
HAP-2026-08-2528,VEND-043,Adyen NV,ADY-2026-08-2528,2026-08-12,2026-09-11,74.31,USD,HPO-2026-08-2528,PAID,2026-08-30,2026-08,security monitoring hosts 2026-08,JE-HAP-2026-08-2528
HAP-2026-08-2529,VEND-047,Carta,CAR-2026-08-2529,2026-08-12,2026-09-11,122.42,USD,HPO-2026-08-2529,PAID,2026-08-30,2026-08,usage overage block 2026-08,JE-HAP-2026-08-2529
HAP-2026-08-2530,VEND-001,Acme Supplies,ACM-2026-08-2530,2026-08-12,2026-09-11,18000.0,USD,HPO-2026-08-2530,PAID,2026-08-30,2026-08,premium support 2026-08,JE-HAP-2026-08-2530
HAP-2026-08-2531,VEND-003,Northline Fabrication,NOR-2026-08-2531,2026-08-12,2026-09-11,38.61,USD,HPO-2026-08-2531,PAID,2026-08-30,2026-08,warehouse consumables 2026-08,JE-HAP-2026-08-2531
HAP-2026-08-2532,VEND-007,Slack Technologies,SLA-2026-08-2532,2026-08-12,2026-09-11,36.22,USD,HPO-2026-08-2532,PAID,2026-08-30,2026-08,security monitoring hosts 2026-08,JE-HAP-2026-08-2532
HAP-2026-08-2533,VEND-001,Acme Supplies,ACM-2026-08-2533,2026-08-13,2026-09-12,154.33,USD,HPO-2026-08-2533,PAID,2026-08-31,2026-08,warehouse consumables 2026-08,JE-HAP-2026-08-2533
HAP-2026-08-2534,VEND-003,Northline Fabrication,NOR-2026-08-2534,2026-08-13,2026-09-12,72.44,USD,HPO-2026-08-2534,PAID,2026-08-31,2026-08,security monitoring hosts 2026-08,JE-HAP-2026-08-2534
HAP-2026-08-2535,VEND-007,Slack Technologies,SLA-2026-08-2535,2026-08-13,2026-09-12,120.55,USD,HPO-2026-08-2535,PAID,2026-08-31,2026-08,usage overage block 2026-08,JE-HAP-2026-08-2535
HAP-2026-08-2536,VEND-012,Orbit Analytics,ORB-2026-08-2536,2026-08-13,2026-09-12,18000.66,USD,HPO-2026-08-2536,PAID,2026-08-31,2026-08,premium support 2026-08,JE-HAP-2026-08-2536
HAP-2026-08-2537,VEND-016,Lindholm & Ruiz LLP,LIN-2026-08-2537,2026-08-13,2026-09-12,39.27,USD,HPO-2026-08-2537,PAID,2026-08-31,2026-08,warehouse consumables 2026-08,JE-HAP-2026-08-2537
HAP-2026-08-2538,VEND-020,Lenovo,LEN-2026-08-2538,2026-08-13,2026-09-12,36.88,USD,HPO-2026-08-2538,PAID,2026-08-31,2026-08,security monitoring hosts 2026-08,JE-HAP-2026-08-2538
HAP-2026-08-2539,VEND-024,Snowflake,SNO-2026-08-2539,2026-08-13,2026-09-12,75.99,USD,HPO-2026-08-2539,PAID,2026-08-31,2026-08,usage overage block 2026-08,JE-HAP-2026-08-2539
HAP-2026-08-2540,VEND-028,Atlassian,ATL-2026-08-2540,2026-08-13,2026-09-12,12601.1,USD,HPO-2026-08-2540,PAID,2026-08-31,2026-08,premium support 2026-08,JE-HAP-2026-08-2540
HAP-2026-08-2541,VEND-032,Harbor Power & Light,HAR-2026-08-2541,2026-08-13,2026-09-12,347.71,USD,HPO-2026-08-2541,PAID,2026-08-31,2026-08,warehouse consumables 2026-08,JE-HAP-2026-08-2541
HAP-2026-08-2542,VEND-036,WeWork Cambridge,WEW-2026-08-2542,2026-08-13,2026-09-12,133.32,USD,HPO-2026-08-2542,PAID,2026-08-31,2026-08,security monitoring hosts 2026-08,JE-HAP-2026-08-2542
HAP-2026-08-2543,VEND-040,Kendall Square Parking,KEN-2026-08-2543,2026-08-13,2026-09-12,31.43,USD,HPO-2026-08-2543,PAID,2026-08-31,2026-08,usage overage block 2026-08,JE-HAP-2026-08-2543
HAP-2026-08-2544,VEND-044,DocuSign,DOC-2026-08-2544,2026-08-13,2026-09-12,7201.54,USD,HPO-2026-08-2544,PAID,2026-08-31,2026-08,premium support 2026-08,JE-HAP-2026-08-2544
HAP-2026-08-2545,VEND-036,WeWork Cambridge,WEW-2026-08-2545,2026-08-14,2026-09-13,76.65,USD,HPO-2026-08-2545,PAID,2026-08-31,2026-08,usage overage block 2026-08,JE-HAP-2026-08-2545
HAP-2026-08-2546,VEND-040,Kendall Square Parking,KEN-2026-08-2546,2026-08-14,2026-09-13,12601.76,USD,HPO-2026-08-2546,PAID,2026-08-31,2026-08,premium support 2026-08,JE-HAP-2026-08-2546
HAP-2026-08-2547,VEND-044,DocuSign,DOC-2026-08-2547,2026-08-14,2026-09-13,348.37,USD,HPO-2026-08-2547,PAID,2026-08-31,2026-08,warehouse consumables 2026-08,JE-HAP-2026-08-2547
HAP-2026-08-2548,VEND-048,Gusto Payroll,GUS-2026-08-2548,2026-08-14,2026-09-13,133.98,USD,HPO-2026-08-2548,PAID,2026-08-31,2026-08,security monitoring hosts 2026-08,JE-HAP-2026-08-2548
HAP-2026-08-2549,VEND-001-DUP,Acme Supplies LLC,ACM-2026-08-2549,2026-08-14,2026-09-13,32.09,USD,HPO-2026-08-2549,PAID,2026-08-31,2026-08,usage overage block 2026-08,JE-HAP-2026-08-2549
HAP-2026-08-2550,VEND-004,Office Depot,OFF-2026-08-2550,2026-08-14,2026-09-13,7202.2,USD,HPO-2026-08-2550,PAID,2026-08-31,2026-08,premium support 2026-08,JE-HAP-2026-08-2550
HAP-2026-08-2551,VEND-008,Figma,FIG-2026-08-2551,2026-08-14,2026-09-13,233.31,USD,HPO-2026-08-2551,PAID,2026-08-31,2026-08,warehouse consumables 2026-08,JE-HAP-2026-08-2551
HAP-2026-08-2552,VEND-013,Cambridge Properties,CAM-2026-08-2552,2026-08-14,2026-09-13,98.42,USD,HPO-2026-08-2552,PAID,2026-08-31,2026-08,security monitoring hosts 2026-08,JE-HAP-2026-08-2552
HAP-2026-08-2553,VEND-017,GitHub,GIT-2026-08-2553,2026-08-14,2026-09-13,150.0,USD,HPO-2026-08-2553,PAID,2026-08-31,2026-08,usage overage block 2026-08,JE-HAP-2026-08-2553
HAP-2026-08-2554,VEND-021,Misc Supplies,MIS-2026-08-2554,2026-08-14,2026-09-13,1800.11,USD,HPO-2026-08-2554,PAID,2026-08-31,2026-08,premium support 2026-08,JE-HAP-2026-08-2554
HAP-2026-08-2555,VEND-025,Okta,OKT-2026-08-2555,2026-08-14,2026-09-13,115.72,USD,HPO-2026-08-2555,PAID,2026-08-31,2026-08,warehouse consumables 2026-08,JE-HAP-2026-08-2555
HAP-2026-08-2556,VEND-029,Cloudflare,CLO-2026-08-2556,2026-08-14,2026-09-13,60.33,USD,HPO-2026-08-2556,PAID,2026-08-31,2026-08,security monitoring hosts 2026-08,JE-HAP-2026-08-2556
HAP-2026-08-2557,VEND-021,Misc Supplies,MIS-2026-08-2557,2026-08-15,2026-09-14,231.44,USD,HPO-2026-08-2557,PAID,2026-08-31,2026-08,warehouse consumables 2026-08,JE-HAP-2026-08-2557
HAP-2026-08-2558,VEND-025,Okta,OKT-2026-08-2558,2026-08-15,2026-09-14,96.55,USD,HPO-2026-08-2558,PAID,2026-08-31,2026-08,security monitoring hosts 2026-08,JE-HAP-2026-08-2558
HAP-2026-08-2559,VEND-029,Cloudflare,CLO-2026-08-2559,2026-08-15,2026-09-14,150.66,USD,HPO-2026-08-2559,PAID,2026-08-31,2026-08,usage overage block 2026-08,JE-HAP-2026-08-2559
HAP-2026-08-2560,VEND-033,Staples Business Advantage,STA-2026-08-2560,2026-08-15,2026-09-14,1800.77,USD,HPO-2026-08-2560,PAID,2026-08-31,2026-08,premium support 2026-08,JE-HAP-2026-08-2560
HAP-2026-08-2561,VEND-037,Comcast Business,COM-2026-08-2561,2026-08-15,2026-09-14,116.38,USD,HPO-2026-08-2561,PAID,2026-08-31,2026-08,warehouse consumables 2026-08,JE-HAP-2026-08-2561
HAP-2026-08-2562,VEND-041,HubSpot,HUB-2026-08-2562,2026-08-15,2026-09-14,60.99,USD,HPO-2026-08-2562,PAID,2026-08-31,2026-08,security monitoring hosts 2026-08,JE-HAP-2026-08-2562
HAP-2026-08-2563,VEND-045,Palo Alto Networks,PAL-2026-08-2563,2026-08-15,2026-09-14,106.1,USD,HPO-2026-08-2563,PAID,2026-08-31,2026-08,usage overage block 2026-08,JE-HAP-2026-08-2563
HAP-2026-08-2564,VEND-049,Vanta,VAN-2026-08-2564,2026-08-15,2026-09-14,16201.21,USD,HPO-2026-08-2564,PAID,2026-08-31,2026-08,premium support 2026-08,JE-HAP-2026-08-2564
HAP-2026-08-2565,VEND-001-ALIAS,Acme Supply Co.,ACM-2026-08-2565,2026-08-15,2026-09-14,424.82,USD,HPO-2026-08-2565,PAID,2026-08-31,2026-08,warehouse consumables 2026-08,JE-HAP-2026-08-2565
HAP-2026-08-2566,VEND-005,Helios Hardware,HEL-2026-08-2566,2026-08-15,2026-09-14,25.43,USD,HPO-2026-08-2566,PAID,2026-08-31,2026-08,security monitoring hosts 2026-08,JE-HAP-2026-08-2566
HAP-2026-08-2567,VEND-009,Google Cloud,GOO-2026-08-2567,2026-08-15,2026-09-14,61.54,USD,HPO-2026-08-2567,PAID,2026-08-31,2026-08,usage overage block 2026-08,JE-HAP-2026-08-2567
HAP-2026-08-2568,VEND-014,Dell Technologies,DEL-2026-08-2568,2026-08-15,2026-09-14,10801.65,USD,HPO-2026-08-2568,PAID,2026-08-31,2026-08,premium support 2026-08,JE-HAP-2026-08-2568
HAP-2026-08-2569,VEND-005,Helios Hardware,HEL-2026-08-2569,2026-08-16,2026-09-15,106.76,USD,HPO-2026-08-2569,PAID,2026-08-31,2026-08,usage overage block 2026-08,JE-HAP-2026-08-2569
HAP-2026-08-2570,VEND-009,Google Cloud,GOO-2026-08-2570,2026-08-16,2026-09-15,16201.87,USD,HPO-2026-08-2570,PAID,2026-08-31,2026-08,premium support 2026-08,JE-HAP-2026-08-2570
HAP-2026-08-2571,VEND-014,Dell Technologies,DEL-2026-08-2571,2026-08-16,2026-09-15,425.48,USD,HPO-2026-08-2571,PAID,2026-08-31,2026-08,warehouse consumables 2026-08,JE-HAP-2026-08-2571
HAP-2026-08-2572,VEND-018,Shadow Vendor LLC,SHA-2026-08-2572,2026-08-16,2026-09-15,26.09,USD,HPO-2026-08-2572,PAID,2026-08-31,2026-08,security monitoring hosts 2026-08,JE-HAP-2026-08-2572
HAP-2026-08-2573,VEND-022,Twilio,TWI-2026-08-2573,2026-08-16,2026-09-15,62.2,USD,HPO-2026-08-2573,PAID,2026-08-31,2026-08,usage overage block 2026-08,JE-HAP-2026-08-2573
HAP-2026-08-2574,VEND-026,CrowdStrike,CRO-2026-08-2574,2026-08-16,2026-09-15,10802.31,USD,HPO-2026-08-2574,PAID,2026-08-31,2026-08,premium support 2026-08,JE-HAP-2026-08-2574
HAP-2026-08-2575,VEND-030,Northline Fab Group,NOR-2026-08-2575,2026-08-16,2026-09-15,310.42,USD,HPO-2026-08-2575,PAID,2026-08-31,2026-08,warehouse consumables 2026-08,JE-HAP-2026-08-2575
HAP-2026-08-2576,VEND-034,FedEx,FED-2026-08-2576,2026-08-16,2026-09-15,120.0,USD,HPO-2026-08-2576,PAID,2026-08-31,2026-08,security monitoring hosts 2026-08,JE-HAP-2026-08-2576
HAP-2026-08-2577,VEND-038,Pagaya Coffee Service,PAG-2026-08-2577,2026-08-16,2026-09-15,15.11,USD,HPO-2026-08-2577,PAID,2026-08-31,2026-08,usage overage block 2026-08,JE-HAP-2026-08-2577
HAP-2026-08-2578,VEND-042,Stripe Processing,STR-2026-08-2578,2026-08-16,2026-09-15,5400.22,USD,HPO-2026-08-2578,PAID,2026-08-31,2026-08,premium support 2026-08,JE-HAP-2026-08-2578
HAP-2026-08-2579,VEND-046,Boston Edison Steam,BOS-2026-08-2579,2026-08-16,2026-09-15,192.83,USD,HPO-2026-08-2579,PAID,2026-08-31,2026-08,warehouse consumables 2026-08,JE-HAP-2026-08-2579
HAP-2026-08-2580,VEND-050,Linear App,LIN-2026-08-2580,2026-08-16,2026-09-15,84.44,USD,HPO-2026-08-2580,PAID,2026-08-31,2026-08,security monitoring hosts 2026-08,JE-HAP-2026-08-2580
HAP-2026-08-2581,VEND-042,Stripe Processing,STR-2026-08-2581,2026-08-17,2026-09-16,308.55,USD,HPO-2026-08-2581,PAID,2026-08-31,2026-08,warehouse consumables 2026-08,JE-HAP-2026-08-2581
HAP-2026-08-2582,VEND-046,Boston Edison Steam,BOS-2026-08-2582,2026-08-17,2026-09-16,120.66,USD,HPO-2026-08-2582,PAID,2026-08-31,2026-08,security monitoring hosts 2026-08,JE-HAP-2026-08-2582
HAP-2026-08-2583,VEND-050,Linear App,LIN-2026-08-2583,2026-08-17,2026-09-16,15.77,USD,HPO-2026-08-2583,PAID,2026-08-31,2026-08,usage overage block 2026-08,JE-HAP-2026-08-2583
HAP-2026-08-2584,VEND-002,Amazon Web Services,AMA-2026-08-2584,2026-08-17,2026-09-16,5400.88,USD,HPO-2026-08-2584,PAID,2026-08-31,2026-08,premium support 2026-08,JE-HAP-2026-08-2584
HAP-2026-08-2585,VEND-006,Datadog,DAT-2026-08-2585,2026-08-17,2026-09-16,193.49,USD,HPO-2026-08-2585,PAID,2026-08-31,2026-08,warehouse consumables 2026-08,JE-HAP-2026-08-2585
HAP-2026-08-2586,VEND-011,Hartford Insurance,HAR-2026-08-2586,2026-08-17,2026-09-16,85.1,USD,HPO-2026-08-2586,PAID,2026-08-31,2026-08,security monitoring hosts 2026-08,JE-HAP-2026-08-2586
HAP-2026-08-2587,VEND-015,Harbor Electric,HAR-2026-08-2587,2026-08-17,2026-09-16,136.21,USD,HPO-2026-08-2587,PAID,2026-08-31,2026-08,usage overage block 2026-08,JE-HAP-2026-08-2587
HAP-2026-08-2588,VEND-019,Freightline Logistics,FRE-2026-08-2588,2026-08-17,2026-09-16,19801.32,USD,HPO-2026-08-2588,PAID,2026-08-31,2026-08,premium support 2026-08,JE-HAP-2026-08-2588
HAP-2026-08-2589,VEND-023,Notion Labs,NOT-2026-08-2589,2026-08-17,2026-09-16,78.43,USD,HPO-2026-08-2589,PAID,2026-08-31,2026-08,warehouse consumables 2026-08,JE-HAP-2026-08-2589
HAP-2026-08-2590,VEND-027,Zoom Video,ZOO-2026-08-2590,2026-08-17,2026-09-16,49.54,USD,HPO-2026-08-2590,PAID,2026-08-31,2026-08,security monitoring hosts 2026-08,JE-HAP-2026-08-2590
HAP-2026-08-2591,VEND-031,Helios Hardware Supply,HEL-2026-08-2591,2026-08-17,2026-09-16,91.65,USD,HPO-2026-08-2591,PAID,2026-08-31,2026-08,usage overage block 2026-08,JE-HAP-2026-08-2591
HAP-2026-08-2592,VEND-035,ADP,ADP-2026-08-2592,2026-08-17,2026-09-16,14401.76,USD,HPO-2026-08-2592,PAID,2026-08-31,2026-08,premium support 2026-08,JE-HAP-2026-08-2592
HAP-2026-08-2593,VEND-027,Zoom Video,ZOO-2026-08-2593,2026-08-18,2026-09-17,136.87,USD,HPO-2026-08-2593,PAID,2026-08-31,2026-08,usage overage block 2026-08,JE-HAP-2026-08-2593
HAP-2026-08-2594,VEND-031,Helios Hardware Supply,HEL-2026-08-2594,2026-08-18,2026-09-17,19801.98,USD,HPO-2026-08-2594,PAID,2026-08-31,2026-08,premium support 2026-08,JE-HAP-2026-08-2594
HAP-2026-08-2595,VEND-035,ADP,ADP-2026-08-2595,2026-08-18,2026-09-17,79.09,USD,HPO-2026-08-2595,PAID,2026-08-31,2026-08,warehouse consumables 2026-08,JE-HAP-2026-08-2595
HAP-2026-08-2596,VEND-039,CleanRoom Janitorial,CLE-2026-08-2596,2026-08-18,2026-09-17,50.2,USD,HPO-2026-08-2596,PAID,2026-08-31,2026-08,security monitoring hosts 2026-08,JE-HAP-2026-08-2596
HAP-2026-08-2597,VEND-043,Adyen NV,ADY-2026-08-2597,2026-08-18,2026-09-17,92.31,USD,HPO-2026-08-2597,PAID,2026-08-31,2026-08,usage overage block 2026-08,JE-HAP-2026-08-2597
HAP-2026-08-2598,VEND-047,Carta,CAR-2026-08-2598,2026-08-18,2026-09-17,14402.42,USD,HPO-2026-08-2598,PAID,2026-08-31,2026-08,premium support 2026-08,JE-HAP-2026-08-2598
HAP-2026-08-2599,VEND-001,Acme Supplies,ACM-2026-08-2599,2026-08-18,2026-09-17,385.0,USD,HPO-2026-08-2599,PAID,2026-08-31,2026-08,warehouse consumables 2026-08,JE-HAP-2026-08-2599
HAP-2026-08-2600,VEND-003,Northline Fabrication,NOR-2026-08-2600,2026-08-18,2026-09-17,12.11,USD,HPO-2026-08-2600,PAID,2026-08-31,2026-08,security monitoring hosts 2026-08,JE-HAP-2026-08-2600
HAP-2026-08-2601,VEND-007,Slack Technologies,SLA-2026-08-2601,2026-08-18,2026-09-17,45.22,USD,HPO-2026-08-2601,PAID,2026-08-31,2026-08,usage overage block 2026-08,JE-HAP-2026-08-2601
HAP-2026-08-2602,VEND-012,Orbit Analytics,ORB-2026-08-2602,2026-08-18,2026-09-17,9000.33,USD,HPO-2026-08-2602,PAID,2026-08-31,2026-08,premium support 2026-08,JE-HAP-2026-08-2602
HAP-2026-08-2603,VEND-016,Lindholm & Ruiz LLP,LIN-2026-08-2603,2026-08-18,2026-09-17,269.94,USD,HPO-2026-08-2603,PAID,2026-08-31,2026-08,warehouse consumables 2026-08,JE-HAP-2026-08-2603
HAP-2026-08-2604,VEND-020,Lenovo,LEN-2026-08-2604,2026-08-18,2026-09-17,108.55,USD,HPO-2026-08-2604,PAID,2026-08-31,2026-08,security monitoring hosts 2026-08,JE-HAP-2026-08-2604
HAP-2026-08-2605,VEND-012,Orbit Analytics,ORB-2026-08-2605,2026-08-19,2026-09-18,385.66,USD,HPO-2026-08-2605,PAID,2026-08-31,2026-08,warehouse consumables 2026-08,JE-HAP-2026-08-2605
HAP-2026-08-2606,VEND-016,Lindholm & Ruiz LLP,LIN-2026-08-2606,2026-08-19,2026-09-18,12.77,USD,HPO-2026-08-2606,PAID,2026-08-31,2026-08,security monitoring hosts 2026-08,JE-HAP-2026-08-2606
HAP-2026-08-2607,VEND-020,Lenovo,LEN-2026-08-2607,2026-08-19,2026-09-18,45.88,USD,HPO-2026-08-2607,PAID,2026-08-31,2026-08,usage overage block 2026-08,JE-HAP-2026-08-2607
HAP-2026-08-2608,VEND-024,Snowflake,SNO-2026-08-2608,2026-08-19,2026-09-18,9000.99,USD,HPO-2026-08-2608,PAID,2026-08-31,2026-08,premium support 2026-08,JE-HAP-2026-08-2608
HAP-2026-08-2609,VEND-028,Atlassian,ATL-2026-08-2609,2026-08-19,2026-09-18,270.6,USD,HPO-2026-08-2609,PAID,2026-08-31,2026-08,warehouse consumables 2026-08,JE-HAP-2026-08-2609
HAP-2026-08-2610,VEND-032,Harbor Power & Light,HAR-2026-08-2610,2026-08-19,2026-09-18,109.21,USD,HPO-2026-08-2610,PAID,2026-08-31,2026-08,security monitoring hosts 2026-08,JE-HAP-2026-08-2610
HAP-2026-08-2611,VEND-036,WeWork Cambridge,WEW-2026-08-2611,2026-08-19,2026-09-18,166.32,USD,HPO-2026-08-2611,PAID,2026-08-31,2026-08,usage overage block 2026-08,JE-HAP-2026-08-2611
HAP-2026-08-2612,VEND-040,Kendall Square Parking,KEN-2026-08-2612,2026-08-19,2026-09-18,3601.43,USD,HPO-2026-08-2612,PAID,2026-08-31,2026-08,premium support 2026-08,JE-HAP-2026-08-2612
HAP-2026-08-2613,VEND-044,DocuSign,DOC-2026-08-2613,2026-08-19,2026-09-18,155.54,USD,HPO-2026-08-2613,PAID,2026-08-31,2026-08,warehouse consumables 2026-08,JE-HAP-2026-08-2613
HAP-2026-08-2614,VEND-048,Gusto Payroll,GUS-2026-08-2614,2026-08-19,2026-09-18,73.65,USD,HPO-2026-08-2614,PAID,2026-08-31,2026-08,security monitoring hosts 2026-08,JE-HAP-2026-08-2614
HAP-2026-08-2615,VEND-001-DUP,Acme Supplies LLC,ACM-2026-08-2615,2026-08-19,2026-09-18,121.76,USD,HPO-2026-08-2615,PAID,2026-08-31,2026-08,usage overage block 2026-08,JE-HAP-2026-08-2615
HAP-2026-08-2616,VEND-004,Office Depot,OFF-2026-08-2616,2026-08-19,2026-09-18,18001.87,USD,HPO-2026-08-2616,PAID,2026-08-31,2026-08,premium support 2026-08,JE-HAP-2026-08-2616
HAP-2026-08-2617,VEND-048,Gusto Payroll,GUS-2026-08-2617,2026-08-20,2026-09-19,166.98,USD,HPO-2026-08-2617,PAID,2026-08-31,2026-08,usage overage block 2026-08,JE-HAP-2026-08-2617
HAP-2026-08-2618,VEND-001-DUP,Acme Supplies LLC,ACM-2026-08-2618,2026-08-20,2026-09-19,3602.09,USD,HPO-2026-08-2618,PAID,2026-08-31,2026-08,premium support 2026-08,JE-HAP-2026-08-2618
HAP-2026-08-2619,VEND-004,Office Depot,OFF-2026-08-2619,2026-08-20,2026-09-19,156.2,USD,HPO-2026-08-2619,PAID,2026-08-31,2026-08,warehouse consumables 2026-08,JE-HAP-2026-08-2619
HAP-2026-08-2620,VEND-008,Figma,FIG-2026-08-2620,2026-08-20,2026-09-19,74.31,USD,HPO-2026-08-2620,PAID,2026-08-31,2026-08,security monitoring hosts 2026-08,JE-HAP-2026-08-2620
HAP-2026-08-2621,VEND-013,Cambridge Properties,CAM-2026-08-2621,2026-08-20,2026-09-19,122.42,USD,HPO-2026-08-2621,PAID,2026-08-31,2026-08,usage overage block 2026-08,JE-HAP-2026-08-2621
HAP-2026-08-2622,VEND-017,GitHub,GIT-2026-08-2622,2026-08-20,2026-09-19,18000.0,USD,HPO-2026-08-2622,PAID,2026-08-31,2026-08,premium support 2026-08,JE-HAP-2026-08-2622
HAP-2026-08-2623,VEND-021,Misc Supplies,MIS-2026-08-2623,2026-08-20,2026-09-19,38.61,USD,HPO-2026-08-2623,PAID,2026-08-31,2026-08,warehouse consumables 2026-08,JE-HAP-2026-08-2623
HAP-2026-08-2624,VEND-025,Okta,OKT-2026-08-2624,2026-08-20,2026-09-19,36.22,USD,HPO-2026-08-2624,PAID,2026-08-31,2026-08,security monitoring hosts 2026-08,JE-HAP-2026-08-2624
HAP-2026-08-2625,VEND-029,Cloudflare,CLO-2026-08-2625,2026-08-20,2026-09-19,75.33,USD,HPO-2026-08-2625,PAID,2026-08-31,2026-08,usage overage block 2026-08,JE-HAP-2026-08-2625
HAP-2026-08-2626,VEND-033,Staples Business Advantage,STA-2026-08-2626,2026-08-20,2026-09-19,12600.44,USD,HPO-2026-08-2626,PAID,2026-08-31,2026-08,premium support 2026-08,JE-HAP-2026-08-2626
HAP-2026-08-2627,VEND-037,Comcast Business,COM-2026-08-2627,2026-08-20,2026-09-19,347.05,USD,HPO-2026-08-2627,PAID,2026-08-31,2026-08,warehouse consumables 2026-08,JE-HAP-2026-08-2627
HAP-2026-08-2628,VEND-041,HubSpot,HUB-2026-08-2628,2026-08-20,2026-09-19,132.66,USD,HPO-2026-08-2628,PAID,2026-08-31,2026-08,security monitoring hosts 2026-08,JE-HAP-2026-08-2628
HAP-2026-08-2629,VEND-033,Staples Business Advantage,STA-2026-08-2629,2026-08-21,2026-09-20,39.27,USD,HPO-2026-08-2629,PAID,2026-08-31,2026-08,warehouse consumables 2026-08,JE-HAP-2026-08-2629
HAP-2026-08-2630,VEND-037,Comcast Business,COM-2026-08-2630,2026-08-21,2026-09-20,36.88,USD,HPO-2026-08-2630,PAID,2026-08-31,2026-08,security monitoring hosts 2026-08,JE-HAP-2026-08-2630
HAP-2026-08-2631,VEND-041,HubSpot,HUB-2026-08-2631,2026-08-21,2026-09-20,75.99,USD,HPO-2026-08-2631,PAID,2026-08-31,2026-08,usage overage block 2026-08,JE-HAP-2026-08-2631
HAP-2026-08-2632,VEND-045,Palo Alto Networks,PAL-2026-08-2632,2026-08-21,2026-09-20,12601.1,USD,HPO-2026-08-2632,PAID,2026-08-31,2026-08,premium support 2026-08,JE-HAP-2026-08-2632
HAP-2026-08-2633,VEND-049,Vanta,VAN-2026-08-2633,2026-08-21,2026-09-20,347.71,USD,HPO-2026-08-2633,PAID,2026-08-31,2026-08,warehouse consumables 2026-08,JE-HAP-2026-08-2633
HAP-2026-08-2634,VEND-001-ALIAS,Acme Supply Co.,ACM-2026-08-2634,2026-08-21,2026-09-20,133.32,USD,HPO-2026-08-2634,PAID,2026-08-31,2026-08,security monitoring hosts 2026-08,JE-HAP-2026-08-2634
HAP-2026-08-2635,VEND-005,Helios Hardware,HEL-2026-08-2635,2026-08-21,2026-09-20,31.43,USD,HPO-2026-08-2635,PAID,2026-08-31,2026-08,usage overage block 2026-08,JE-HAP-2026-08-2635
HAP-2026-08-2636,VEND-009,Google Cloud,GOO-2026-08-2636,2026-08-21,2026-09-20,7201.54,USD,HPO-2026-08-2636,PAID,2026-08-31,2026-08,premium support 2026-08,JE-HAP-2026-08-2636
HAP-2026-08-2637,VEND-014,Dell Technologies,DEL-2026-08-2637,2026-08-21,2026-09-20,232.65,USD,HPO-2026-08-2637,PAID,2026-08-31,2026-08,warehouse consumables 2026-08,JE-HAP-2026-08-2637
HAP-2026-08-2638,VEND-018,Shadow Vendor LLC,SHA-2026-08-2638,2026-08-21,2026-09-20,97.76,USD,HPO-2026-08-2638,PAID,2026-08-31,2026-08,security monitoring hosts 2026-08,JE-HAP-2026-08-2638
HAP-2026-08-2639,VEND-022,Twilio,TWI-2026-08-2639,2026-08-21,2026-09-20,151.87,USD,HPO-2026-08-2639,PAID,2026-08-31,2026-08,usage overage block 2026-08,JE-HAP-2026-08-2639
HAP-2026-08-2640,VEND-026,CrowdStrike,CRO-2026-08-2640,2026-08-21,2026-09-20,1801.98,USD,HPO-2026-08-2640,PAID,2026-08-31,2026-08,premium support 2026-08,JE-HAP-2026-08-2640
