entry_id,period,effective_date,posting_date,debit_account,credit_account,amount_minor,amount,memo,vendor,customer,source_document_id,transaction_id,entry_type,category
JE-AP-INV-001,2026-09,2026-09-08,2026-09-08,6000-Operating,2000-AP,1245000,12450.0,Acme supplies invoice,Acme Supplies,,INV-001,TXN-AP-INV-001,ap_invoice,opex
JE-AP-INV-002,2026-09,2026-09-05,2026-09-05,6000-Operating,2000-AP,832000,8320.0,AWS September invoice,Amazon Web Services,,INV-002,TXN-AP-INV-002,ap_invoice,opex
JE-AP-INV-003,2026-09,2026-09-03,2026-09-03,6000-Operating,2000-AP,1500000,15000.0,Datadog invoice pending receipt,Datadog,,INV-003,TXN-AP-INV-003,operating,opex
JE-AP-INV-004,2026-09,2026-09-04,2026-09-04,6000-Operating,2000-AP,500000,5000.0,Slack price exception,Slack Technologies,,INV-004,TXN-AP-INV-004,operating,opex
JE-AP-INV-005,2026-09,2026-09-06,2026-09-06,6000-Operating,2000-AP,437500,4375.0,Figma invoice without receipt,Figma,,INV-005,TXN-AP-INV-005,operating,opex
JE-AP-INV-006,2026-09,2026-09-16,2026-09-16,6000-Operating,2000-AP,875000,8750.0,Shadow vendor original,Shadow Vendor LLC,,INV-006,TXN-AP-INV-006,operating,opex
JE-AP-INV-009,2026-09,2026-09-19,2026-09-19,6000-Operating,2000-AP,5000000,50000.0,Phantom vendor invoice,Northwind Phantom LLC,,INV-009,TXN-AP-INV-009,operating,opex
JE-AP-INV-012,2026-09,2026-09-02,2026-09-02,6000-Operating,2000-AP,2100000,21000.0,GitHub not yet due,GitHub,,INV-012,TXN-AP-INV-012,operating,opex
JE-AP-INV-013,2026-09,2026-09-14,2026-09-14,6000-Operating,2000-AP,210000,2100.0,Office Depot discount window,Office Depot,,INV-013,TXN-AP-INV-013,operating,opex
JE-AP-INV-014,2026-09,2026-09-04,2026-09-04,6000-Operating,2000-AP,500000,5000.0,Northline INV-014,Northline Fabrication,,INV-014,TXN-AP-INV-014,operating,opex
JE-AP-INV-015,2026-09,2026-09-05,2026-09-05,6000-Operating,2000-AP,750000,7500.0,Northline INV-015,Northline Fabrication,,INV-015,TXN-AP-INV-015,operating,opex
JE-AP-INV-016,2026-09,2026-09-06,2026-09-06,6000-Operating,2000-AP,600000,6000.0,Northline INV-016,Northline Fabrication,,INV-016,TXN-AP-INV-016,operating,opex
JE-AP-INV-017,2026-09,2026-09-08,2026-09-08,6000-Operating,2000-AP,1000000,10000.0,Helios hardware,Helios Hardware,,INV-017,TXN-AP-INV-017,ap_invoice,opex
JE-AP-INV-018,2026-09,2026-09-05,2026-09-05,Computer Equipment,2000-AP,6000000,60000.0,Dell server cluster,Dell Technologies,,INV-018,TXN-AP-INV-018,capital,capex
JE-AP-INV-019,2026-09,2026-09-01,2026-09-01,Prepaid Insurance,2000-AP,1200000,12000.0,Prepaid insurance,Hartford Insurance,,INV-019,TXN-AP-INV-019,operating,prepaid
JE-AP-INV-021,2026-09,2026-09-10,2026-09-10,6000-Operating,2000-AP,1245000,12450.0,Acme alias invoice using August CASE-001 precedent,Acme Supply Co.,,INV-021,TXN-AP-INV-021,ap_invoice,opex
JE-TXN-REV-AUG-001,2026-08,2026-08-15,2026-08-15,1100-AR,4000-Revenue,40000000,400000.0,August platform subscriptions,,Northwind Labs,INV-AR-AUG-001,TXN-REV-AUG-001,ar_invoice,revenue
JE-TXN-REV-AUG-002,2026-08,2026-08-20,2026-08-20,1100-AR,4000-Revenue,35000000,350000.0,August usage,,Helios Analytics,INV-AR-AUG-002,TXN-REV-AUG-002,ar_invoice,revenue
JE-TXN-REV-AUG-003,2026-08,2026-08-28,2026-08-28,1100-AR,4000-Revenue,25000000,250000.0,August professional services,,Acme Industrial,INV-AR-AUG-003,TXN-REV-AUG-003,ar_invoice,revenue
JE-TXN-HOST-AUG-001,2026-08,2026-08-31,2026-08-31,5100-Hosting,2000-AP,5000000,50000.0,AWS August compute,Amazon Web Services,,INV-HOST-AUG-001,TXN-HOST-AUG-001,ap_invoice,hosting
JE-TXN-HOST-AUG-002,2026-08,2026-08-31,2026-08-31,5100-Hosting,2000-AP,3000000,30000.0,GCP August compute,Google Cloud,,INV-HOST-AUG-002,TXN-HOST-AUG-002,ap_invoice,hosting
JE-TXN-SUP-AUG-001,2026-08,2026-08-31,2026-08-31,5200-Supplier,2000-AP,18000000,180000.0,Acme components,Acme Supplies,,INV-SUP-AUG-001,TXN-SUP-AUG-001,ap_invoice,supplier
JE-TXN-SUP-AUG-002,2026-08,2026-08-31,2026-08-31,5200-Supplier,2000-AP,7000000,70000.0,Helios hardware,Helios Hardware,,INV-SUP-AUG-002,TXN-SUP-AUG-002,ap_invoice,supplier
JE-TXN-FRT-AUG-001,2026-08,2026-08-31,2026-08-31,5300-Freight,2000-AP,2000000,20000.0,Standard inbound freight,Freightline Logistics,,INV-FRT-AUG-001,TXN-FRT-AUG-001,ap_invoice,freight
JE-TXN-COGS-AUG-MSC,2026-08,2026-08-31,2026-08-31,5400-Other-COGS,2000-AP,1000000,10000.0,Unclassified August COGS,Misc Supplies,,INV-MSC-AUG-001,TXN-COGS-AUG-MSC,ap_invoice,unclassified
JE-TXN-HOST-SEP-001,2026-09,2026-09-30,2026-09-30,5100-Hosting,2000-AP,5000000,50000.0,AWS September compute,Amazon Web Services,,INV-HOST-SEP-001,TXN-HOST-SEP-001,ap_invoice,hosting
JE-TXN-HOST-SEP-002,2026-09,2026-09-30,2026-09-30,5100-Hosting,2000-AP,3000000,30000.0,GCP September compute,Google Cloud,,INV-HOST-SEP-002,TXN-HOST-SEP-002,ap_invoice,hosting
JE-TXN-HOST-SEP-OVERAGE,2026-09,2026-09-30,2026-09-30,5100-Hosting,2000-AP,1500000,15000.0,AWS unplanned hosting overage,Amazon Web Services,,INV-HOST-SEP-003,TXN-HOST-SEP-OVERAGE,ap_invoice,hosting
JE-TXN-SUP-SEP-001,2026-09,2026-09-30,2026-09-30,5200-Supplier,2000-AP,18720000,187200.0,Acme components at the new contract rate,Acme Supplies,,INV-SUP-SEP-001,TXN-SUP-SEP-001,ap_invoice,supplier
JE-TXN-SUP-SEP-002,2026-09,2026-09-30,2026-09-30,5200-Supplier,2000-AP,7280000,72800.0,Helios hardware at the new contract rate,Helios Hardware,,INV-SUP-SEP-002,TXN-SUP-SEP-002,ap_invoice,supplier
JE-TXN-FRT-SEP-001,2026-09,2026-09-30,2026-09-30,5300-Freight,2000-AP,2000000,20000.0,Standard inbound freight,Freightline Logistics,,INV-FRT-SEP-001,TXN-FRT-SEP-001,ap_invoice,freight
JE-TXN-FRT-SEP-EXPEDITE,2026-09,2026-09-30,2026-09-30,5300-Freight,2000-AP,400000,4000.0,Expedited freight on late materials,Freightline Logistics,,INV-FRT-SEP-002,TXN-FRT-SEP-EXPEDITE,ap_invoice,freight
JE-TXN-COGS-SEP-RESIDUAL,2026-09,2026-09-30,2026-09-30,5400-Other-COGS,2000-AP,1100000,11000.0,Unclassified September COGS,Misc Supplies,,INV-MSC-SEP-001,TXN-COGS-SEP-RESIDUAL,ap_invoice,unclassified
JE-TXN-REV-SEP-001,2026-09,2026-09-15,2026-09-15,1100-AR,4000-Revenue,36760000,367600.0,September platform after discount,,Northwind Labs,INV-AR-SEP-001,TXN-REV-SEP-001,ar_invoice,revenue
JE-TXN-REV-SEP-002,2026-09,2026-09-20,2026-09-20,1100-AR,4000-Revenue,37000000,370000.0,September usage (mix shift),,Helios Analytics,INV-AR-SEP-002,TXN-REV-SEP-002,ar_invoice,revenue
JE-TXN-REV-SEP-003,2026-09,2026-09-28,2026-09-28,1100-AR,4000-Revenue,25000000,250000.0,September professional services,,Acme Industrial,INV-AR-SEP-003,TXN-REV-SEP-003,ar_invoice,revenue
JE-OPEX-AUG-PAY,2026-08,2026-08-28,2026-08-28,6100-Payroll,1000-Cash,14000000,140000.0,August payroll,,,PR-2026-08-28,TXN-PAY-AUG,payroll,payroll
JE-OPEX-SEP-PAY,2026-09,2026-09-25,2026-09-25,6100-Payroll,1000-Cash,14000000,140000.0,September payroll,,,PR-2026-09-25,TXN-PAY-SEP,payroll,payroll
JE-OPEX-AUG-001,2026-08,2026-08-31,2026-08-31,6000-Operating,1000-Cash,6000000,60000.0,August operating expenses,,,OPEX-AUG,TXN-OPEX-AUG-001,operating,operating
JE-OPEX-SEP-001,2026-09,2026-09-30,2026-09-30,6000-Operating,1000-Cash,6000000,60000.0,September operating expenses,,,OPEX-SEP,TXN-OPEX-SEP-001,operating,operating
JE-AR-INV-AR-013,2026-09,2026-09-01,2026-09-01,1100-AR,4000-Revenue,1240000,12400.0,Northstar platform,,Northstar LLC,INV-AR-013,TXN-AR-013,ar_invoice,revenue
JE-AP-INV-022,2026-09,2026-09-24,2026-09-24,6000-Operating,2000-AP,7278,72.78,security monitoring hosts billed 2026-09-24,Slack Technologies,,INV-022,TXN-AP-INV-022,ap_invoice,volume_opex
JE-AP-INV-023,2026-09,2026-09-25,2026-09-25,6000-Operating,2000-AP,29491,294.91,platform seats — monthly billed 2026-09-25,Harbor Electric,,INV-023,TXN-AP-INV-023,ap_invoice,volume_opex
JE-AP-INV-024,2026-09,2026-09-26,2026-09-26,6000-Operating,2000-AP,12104,121.04,usage overage block billed 2026-09-26,Twilio,,INV-024,TXN-AP-INV-024,ap_invoice,volume_opex
JE-AP-INV-025,2026-09,2026-09-27,2026-09-27,6000-Operating,2000-AP,198117,1981.17,implementation hours billed 2026-09-27,Cloudflare,,INV-025,TXN-AP-INV-025,ap_invoice,volume_opex
JE-AP-INV-026,2026-09,2026-09-01,2026-09-01,6000-Operating,2000-AP,180130,1801.3,premium support billed 2026-09-01,WeWork Cambridge,,INV-026,TXN-AP-INV-026,ap_invoice,volume_opex
JE-AP-INV-027,2026-09,2026-09-02,2026-09-02,6000-Operating,2000-AP,19143,191.43,SaaS workspace add-on billed 2026-09-02,Adyen NV,,INV-027,TXN-AP-INV-027,ap_invoice,volume_opex
JE-AP-INV-028,2026-09,2026-09-03,2026-09-03,6000-Operating,2000-AP,11706,117.06,warehouse consumables billed 2026-09-03,Linear App,,INV-028,TXN-AP-INV-028,ap_invoice,volume_opex
JE-AP-INV-029,2026-09,2026-09-04,2026-09-04,6000-Operating,2000-AP,180169,1801.69,colo cross-connect billed 2026-09-04,Helios Hardware,,INV-029,TXN-AP-INV-029,ap_invoice,volume_opex
JE-AP-INV-030,2026-09,2026-09-05,2026-09-05,6000-Operating,2000-AP,6182,61.82,security monitoring hosts billed 2026-09-05,Cambridge Properties,,INV-030,TXN-AP-INV-030,ap_invoice,volume_opex
JE-AP-INV-031,2026-09,2026-09-06,2026-09-06,6000-Operating,2000-AP,25395,253.95,platform seats — monthly billed 2026-09-06,Lenovo,,INV-031,TXN-AP-INV-031,ap_invoice,volume_opex
JE-AP-INV-032,2026-09,2026-09-07,2026-09-07,6000-Operating,2000-AP,10708,107.08,usage overage block billed 2026-09-07,Zoom Video,,INV-032,TXN-AP-INV-032,ap_invoice,volume_opex
JE-AP-INV-033,2026-09,2026-09-08,2026-09-08,6000-Operating,2000-AP,176000,1760.0,implementation hours billed 2026-09-08,FedEx,,INV-033,TXN-AP-INV-033,ap_invoice,volume_opex
JE-AP-INV-034,2026-09,2026-09-09,2026-09-09,6000-Operating,2000-AP,1620013,16200.13,premium support billed 2026-09-09,HubSpot,,INV-034,TXN-AP-INV-034,ap_invoice,volume_opex
JE-AP-INV-035,2026-09,2026-09-10,2026-09-10,6000-Operating,2000-AP,9526,95.26,SaaS workspace add-on billed 2026-09-10,Gusto Payroll,,INV-035,TXN-AP-INV-035,ap_invoice,volume_opex
JE-AP-INV-036,2026-09,2026-09-11,2026-09-11,6000-Operating,2000-AP,7739,77.39,warehouse consumables billed 2026-09-11,Northline Fabrication,,INV-036,TXN-AP-INV-036,ap_invoice,volume_opex
JE-AP-INV-037,2026-09,2026-09-12,2026-09-12,6000-Operating,2000-AP,135052,1350.52,colo cross-connect billed 2026-09-12,Hartford Insurance,,INV-037,TXN-AP-INV-037,ap_invoice,volume_opex
JE-AP-INV-038,2026-09,2026-09-13,2026-09-13,6000-Operating,2000-AP,4865,48.65,security monitoring hosts billed 2026-09-13,Shadow Vendor LLC,,INV-038,TXN-AP-INV-038,ap_invoice,volume_opex
JE-AP-INV-039,2026-09,2026-09-14,2026-09-14,6000-Operating,2000-AP,21078,210.78,platform seats — monthly billed 2026-09-14,Okta,,INV-039,TXN-AP-INV-039,ap_invoice,volume_opex
JE-AP-INV-040,2026-09,2026-09-15,2026-09-15,6000-Operating,2000-AP,9091,90.91,usage overage block billed 2026-09-15,Harbor Power & Light,,INV-040,TXN-AP-INV-040,ap_invoice,volume_opex
JE-AP-INV-041,2026-09,2026-09-16,2026-09-16,6000-Operating,2000-AP,154104,1541.04,implementation hours billed 2026-09-16,CleanRoom Janitorial,,INV-041,TXN-AP-INV-041,ap_invoice,volume_opex
JE-AP-INV-042,2026-09,2026-09-17,2026-09-17,6000-Operating,2000-AP,1440117,14401.17,premium support billed 2026-09-17,Boston Edison Steam,,INV-042,TXN-AP-INV-042,ap_invoice,volume_opex
JE-AP-INV-043,2026-09,2026-09-18,2026-09-18,6000-Operating,2000-AP,85630,856.3,SaaS workspace add-on billed 2026-09-18,Acme Supply Co.,,INV-043,TXN-AP-INV-043,ap_invoice,volume_opex
JE-AP-INV-044,2026-09,2026-09-19,2026-09-19,6000-Operating,2000-AP,3993,39.93,warehouse consumables billed 2026-09-19,Figma,,INV-044,TXN-AP-INV-044,ap_invoice,volume_opex
JE-AP-INV-045,2026-09,2026-09-20,2026-09-20,6000-Operating,2000-AP,90156,901.56,colo cross-connect billed 2026-09-20,Lindholm & Ruiz LLP,,INV-045,TXN-AP-INV-045,ap_invoice,volume_opex
JE-AP-INV-046,2026-09,2026-09-21,2026-09-21,6000-Operating,2000-AP,3769,37.69,security monitoring hosts billed 2026-09-21,Notion Labs,,INV-046,TXN-AP-INV-046,ap_invoice,volume_opex
JE-AP-INV-047,2026-09,2026-09-22,2026-09-22,6000-Operating,2000-AP,16982,169.82,platform seats — monthly billed 2026-09-22,Northline Fab Group,,INV-047,TXN-AP-INV-047,ap_invoice,volume_opex
JE-AP-INV-048,2026-09,2026-09-23,2026-09-23,6000-Operating,2000-AP,7695,76.95,usage overage block billed 2026-09-23,Comcast Business,,INV-048,TXN-AP-INV-048,ap_invoice,volume_opex
JE-AP-INV-049,2026-09,2026-09-24,2026-09-24,6000-Operating,2000-AP,132208,1322.08,implementation hours billed 2026-09-24,DocuSign,,INV-049,TXN-AP-INV-049,ap_invoice,volume_opex
JE-AP-INV-050,2026-09,2026-09-25,2026-09-25,6000-Operating,2000-AP,1260017,12600.17,premium support billed 2026-09-25,Acme Supplies,,INV-050,TXN-AP-INV-050,ap_invoice,volume_opex
JE-AP-INV-051,2026-09,2026-09-26,2026-09-26,6000-Operating,2000-AP,76013,760.13,SaaS workspace add-on billed 2026-09-26,Datadog,,INV-051,TXN-AP-INV-051,ap_invoice,volume_opex
JE-AP-INV-052,2026-09,2026-09-27,2026-09-27,6000-Operating,2000-AP,34676,346.76,warehouse consumables billed 2026-09-27,Dell Technologies,,INV-052,TXN-AP-INV-052,ap_invoice,volume_opex
JE-AP-INV-053,2026-09,2026-09-01,2026-09-01,6000-Operating,2000-AP,45039,450.39,colo cross-connect billed 2026-09-01,Misc Supplies,,INV-053,TXN-AP-INV-053,ap_invoice,volume_opex
JE-AP-INV-054,2026-09,2026-09-02,2026-09-02,6000-Operating,2000-AP,2452,24.52,security monitoring hosts billed 2026-09-02,Atlassian,,INV-054,TXN-AP-INV-054,ap_invoice,volume_opex
JE-AP-INV-055,2026-09,2026-09-03,2026-09-03,6000-Operating,2000-AP,12665,126.65,platform seats — monthly billed 2026-09-03,ADP,,INV-055,TXN-AP-INV-055,ap_invoice,volume_opex
JE-AP-INV-056,2026-09,2026-09-04,2026-09-04,6000-Operating,2000-AP,6078,60.78,usage overage block billed 2026-09-04,Stripe Processing,,INV-056,TXN-AP-INV-056,ap_invoice,volume_opex
JE-AP-INV-057,2026-09,2026-09-05,2026-09-05,6000-Operating,2000-AP,110091,1100.91,implementation hours billed 2026-09-05,Vanta,,INV-057,TXN-AP-INV-057,ap_invoice,volume_opex
JE-AP-INV-058,2026-09,2026-09-06,2026-09-06,6000-Operating,2000-AP,1080104,10801.04,premium support billed 2026-09-06,Office Depot,,INV-058,TXN-AP-INV-058,ap_invoice,volume_opex
JE-AP-INV-059,2026-09,2026-09-07,2026-09-07,6000-Operating,2000-AP,66617,666.17,SaaS workspace add-on billed 2026-09-07,Orbit Analytics,,INV-059,TXN-AP-INV-059,ap_invoice,volume_opex
JE-AP-INV-060,2026-09,2026-09-08,2026-09-08,6000-Operating,2000-AP,30930,309.3,warehouse consumables billed 2026-09-08,Freightline Logistics,,INV-060,TXN-AP-INV-060,ap_invoice,volume_opex
JE-AP-INV-061,2026-09,2026-09-09,2026-09-09,6000-Operating,2000-AP,405143,4051.43,colo cross-connect billed 2026-09-09,CrowdStrike,,INV-061,TXN-AP-INV-061,ap_invoice,volume_opex
JE-AP-INV-062,2026-09,2026-09-10,2026-09-10,6000-Operating,2000-AP,1356,13.56,security monitoring hosts billed 2026-09-10,Staples Business Advantage,,INV-062,TXN-AP-INV-062,ap_invoice,volume_opex
JE-AP-INV-063,2026-09,2026-09-11,2026-09-11,6000-Operating,2000-AP,8569,85.69,platform seats — monthly billed 2026-09-11,Kendall Square Parking,,INV-063,TXN-AP-INV-063,ap_invoice,volume_opex
JE-AP-INV-064,2026-09,2026-09-12,2026-09-12,6000-Operating,2000-AP,4682,46.82,usage overage block billed 2026-09-12,Carta,,INV-064,TXN-AP-INV-064,ap_invoice,volume_opex
JE-AP-INV-065,2026-09,2026-09-13,2026-09-13,6000-Operating,2000-AP,88195,881.95,implementation hours billed 2026-09-13,Amazon Web Services,,INV-065,TXN-AP-INV-065,ap_invoice,volume_opex
JE-AP-INV-066,2026-09,2026-09-14,2026-09-14,6000-Operating,2000-AP,900208,9002.08,premium support billed 2026-09-14,Google Cloud,,INV-066,TXN-AP-INV-066,ap_invoice,volume_opex
JE-AP-INV-067,2026-09,2026-09-15,2026-09-15,6000-Operating,2000-AP,57000,570.0,SaaS workspace add-on billed 2026-09-15,GitHub,,INV-067,TXN-AP-INV-067,ap_invoice,volume_opex
JE-AP-INV-068,2026-09,2026-09-16,2026-09-16,6000-Operating,2000-AP,26963,269.63,warehouse consumables billed 2026-09-16,Snowflake,,INV-068,TXN-AP-INV-068,ap_invoice,volume_opex
JE-AP-INV-069,2026-09,2026-09-17,2026-09-17,6000-Operating,2000-AP,360026,3600.26,colo cross-connect billed 2026-09-17,Helios Hardware Supply,,INV-069,TXN-AP-INV-069,ap_invoice,volume_opex
JE-AP-INV-070,2026-09,2026-09-18,2026-09-18,6000-Operating,2000-AP,10839,108.39,security monitoring hosts billed 2026-09-18,Pagaya Coffee Service,,INV-070,TXN-AP-INV-070,ap_invoice,volume_opex
JE-AP-INV-071,2026-09,2026-09-19,2026-09-19,6000-Operating,2000-AP,4252,42.52,platform seats — monthly billed 2026-09-19,Palo Alto Networks,,INV-071,TXN-AP-INV-071,ap_invoice,volume_opex
JE-AP-INV-072,2026-09,2026-09-20,2026-09-20,6000-Operating,2000-AP,3065,30.65,usage overage block billed 2026-09-20,Acme Supplies LLC,,INV-072,TXN-AP-INV-072,ap_invoice,volume_opex
JE-AP-INV-073,2026-09,2026-09-21,2026-09-21,6000-Operating,2000-AP,66078,660.78,implementation hours billed 2026-09-21,Slack Technologies,,INV-073,TXN-AP-INV-073,ap_invoice,volume_opex
JE-AP-INV-074,2026-09,2026-09-22,2026-09-22,6000-Operating,2000-AP,720091,7200.91,premium support billed 2026-09-22,Harbor Electric,,INV-074,TXN-AP-INV-074,ap_invoice,volume_opex
JE-AP-INV-075,2026-09,2026-09-23,2026-09-23,6000-Operating,2000-AP,47604,476.04,SaaS workspace add-on billed 2026-09-23,Twilio,,INV-075,TXN-AP-INV-075,ap_invoice,volume_opex
JE-AP-INV-076,2026-09,2026-09-24,2026-09-24,6000-Operating,2000-AP,23217,232.17,warehouse consumables billed 2026-09-24,Cloudflare,,INV-076,TXN-AP-INV-076,ap_invoice,volume_opex
JE-AP-INV-077,2026-09,2026-09-25,2026-09-25,6000-Operating,2000-AP,315130,3151.3,colo cross-connect billed 2026-09-25,WeWork Cambridge,,INV-077,TXN-AP-INV-077,ap_invoice,volume_opex
JE-AP-INV-078,2026-09,2026-09-26,2026-09-26,6000-Operating,2000-AP,9743,97.43,security monitoring hosts billed 2026-09-26,Adyen NV,,INV-078,TXN-AP-INV-078,ap_invoice,volume_opex
JE-AP-INV-079,2026-09,2026-09-27,2026-09-27,6000-Operating,2000-AP,37956,379.56,platform seats — monthly billed 2026-09-27,Linear App,,INV-079,TXN-AP-INV-079,ap_invoice,volume_opex
JE-AP-INV-080,2026-09,2026-09-01,2026-09-01,6000-Operating,2000-AP,1669,16.69,usage overage block billed 2026-09-01,Helios Hardware,,INV-080,TXN-AP-INV-080,ap_invoice,volume_opex
JE-AP-INV-081,2026-09,2026-09-02,2026-09-02,6000-Operating,2000-AP,44182,441.82,implementation hours billed 2026-09-02,Cambridge Properties,,INV-081,TXN-AP-INV-081,ap_invoice,volume_opex
JE-AP-INV-082,2026-09,2026-09-03,2026-09-03,6000-Operating,2000-AP,540195,5401.95,premium support billed 2026-09-03,Lenovo,,INV-082,TXN-AP-INV-082,ap_invoice,volume_opex
JE-AP-INV-083,2026-09,2026-09-04,2026-09-04,6000-Operating,2000-AP,38208,382.08,SaaS workspace add-on billed 2026-09-04,Zoom Video,,INV-083,TXN-AP-INV-083,ap_invoice,volume_opex
JE-AP-INV-084,2026-09,2026-09-05,2026-09-05,6000-Operating,2000-AP,19250,192.5,warehouse consumables billed 2026-09-05,FedEx,,INV-084,TXN-AP-INV-084,ap_invoice,volume_opex
JE-AP-INV-085,2026-09,2026-09-06,2026-09-06,6000-Operating,2000-AP,270013,2700.13,colo cross-connect billed 2026-09-06,HubSpot,,INV-085,TXN-AP-INV-085,ap_invoice,volume_opex
JE-AP-INV-086,2026-09,2026-09-07,2026-09-07,6000-Operating,2000-AP,8426,84.26,security monitoring hosts billed 2026-09-07,Gusto Payroll,,INV-086,TXN-AP-INV-086,ap_invoice,volume_opex
JE-AP-INV-087,2026-09,2026-09-08,2026-09-08,6000-Operating,2000-AP,33639,336.39,platform seats — monthly billed 2026-09-08,Northline Fabrication,,INV-087,TXN-AP-INV-087,ap_invoice,volume_opex
JE-AP-INV-088,2026-09,2026-09-09,2026-09-09,6000-Operating,2000-AP,13552,135.52,usage overage block billed 2026-09-09,Hartford Insurance,,INV-088,TXN-AP-INV-088,ap_invoice,volume_opex
JE-AP-INV-089,2026-09,2026-09-10,2026-09-10,6000-Operating,2000-AP,22065,220.65,implementation hours billed 2026-09-10,Shadow Vendor LLC,,INV-089,TXN-AP-INV-089,ap_invoice,volume_opex
JE-AP-INV-090,2026-09,2026-09-11,2026-09-11,6000-Operating,2000-AP,360078,3600.78,premium support billed 2026-09-11,Okta,,INV-090,TXN-AP-INV-090,ap_invoice,volume_opex
JE-AP-INV-091,2026-09,2026-09-12,2026-09-12,6000-Operating,2000-AP,28591,285.91,SaaS workspace add-on billed 2026-09-12,Harbor Power & Light,,INV-091,TXN-AP-INV-091,ap_invoice,volume_opex
JE-AP-INV-092,2026-09,2026-09-13,2026-09-13,6000-Operating,2000-AP,15504,155.04,warehouse consumables billed 2026-09-13,CleanRoom Janitorial,,INV-092,TXN-AP-INV-092,ap_invoice,volume_opex
JE-AP-INV-093,2026-09,2026-09-14,2026-09-14,6000-Operating,2000-AP,225117,2251.17,colo cross-connect billed 2026-09-14,Boston Edison Steam,,INV-093,TXN-AP-INV-093,ap_invoice,volume_opex
JE-AP-INV-094,2026-09,2026-09-15,2026-09-15,6000-Operating,2000-AP,7330,73.3,security monitoring hosts billed 2026-09-15,Acme Supply Co.,,INV-094,TXN-AP-INV-094,ap_invoice,volume_opex
JE-AP-INV-095,2026-09,2026-09-16,2026-09-16,6000-Operating,2000-AP,29543,295.43,platform seats — monthly billed 2026-09-16,Figma,,INV-095,TXN-AP-INV-095,ap_invoice,volume_opex
JE-AP-INV-096,2026-09,2026-09-17,2026-09-17,6000-Operating,2000-AP,12156,121.56,usage overage block billed 2026-09-17,Lindholm & Ruiz LLP,,INV-096,TXN-AP-INV-096,ap_invoice,volume_opex
JE-AP-INV-097,2026-09,2026-09-18,2026-09-18,6000-Operating,2000-AP,198169,1981.69,implementation hours billed 2026-09-18,Notion Labs,,INV-097,TXN-AP-INV-097,ap_invoice,volume_opex
JE-CASH-PAY-AP-001,2026-09,2026-09-18,2026-09-18,2000-AP,1000-Cash,1245000,12450.0,Vendor payment INV-001,Acme Supplies,,INV-001,PAY-AP-001,ap_payment,
JE-CASH-PAY-AP-NORTHLINE,2026-09,2026-09-08,2026-09-08,2000-AP,1000-Cash,1850000,18500.0,Grouped Northline disbursement,Northline Fabrication,,INV-014,PAY-AP-NORTHLINE,ap_payment,
JE-CASH-PAY-AP-017,2026-09,2026-09-11,2026-09-11,2000-AP,1000-Cash,1000000,10000.0,International vendor wire,Helios Hardware,,INV-017,PAY-AP-017,ap_payment,
JE-CASH-PAY-AP-010,2026-09,2026-09-20,2026-09-20,2000-AP,1000-Cash,328000,3280.0,Released while invoice on hold,Office Depot,,INV-010,PAY-AP-010,ap_payment,
JE-CASH-PAY-AP-009,2026-09,2026-09-20,2026-09-20,2000-AP,1000-Cash,5000000,50000.0,Manual wire to a new vendor,Northwind Phantom LLC,,INV-009,PAY-AP-009,ap_payment,
JE-CASH-PAY-AP-012,2026-09,2026-09-23,2026-09-23,2000-AP,1000-Cash,2100000,21000.0,Paid earlier than the deferred forecast week,GitHub,,INV-012,PAY-AP-012,ap_payment,
JE-CASH-PAY-001,2026-09,2026-09-29,2026-09-29,1000-Cash,1100-AR,1200000,12000.0,Northwind receipt,,Northwind Labs,INV-AR-007,PAY-001,ar_receipt,
JE-ACC-HE-202609,2026-09,2026-09-30,2026-09-30,Utilities Expense,Accrued Expenses,478000,4780.0,Harbor Electric September accrual,Harbor Electric,,CTR-HE-001,ACC-HE-2026-09,accrual,
JE-ACC-LR-202609,2026-09,2026-09-30,2026-09-30,Legal Expense,Accrued Expenses,850000,8500.0,Legal retainer September accrual,Lindholm & Ruiz LLP,,CTR-LR-001,ACC-LR-2026-09,accrual,
JE-PRE-PRE-SFT-001-2026-09,2026-09,2026-09-30,2026-09-30,Software Subscription Expense,Prepaid Software,200000,2000.0,Amortize PRE-SFT-001,Orbit Analytics,,INV-020,TXN-PRE-SFT-001,prepaid_amortization,
JE-PRE-PRE-INS-001-2026-09,2026-09,2026-09-30,2026-09-30,Insurance Expense,Prepaid Insurance,100000,1000.0,Amortize PRE-INS-001,Hartford Insurance,,INV-019,TXN-PRE-INS-001,prepaid_amortization,
JE-FA-DELL-202609,2026-09,2026-09-30,2026-09-30,Depreciation Expense,Accumulated Depreciation - Equipment,150000,1500.0,Dell cluster September depreciation,Dell Technologies,,INV-018,FA-DELL-001,depreciation,
JE-HAP-2025-10-0001,2025-10,2025-10-20,2025-10-20,6000-Operating,1000-Cash,3011,30.11,usage overage block 2025-10,Amazon Web Services,,HAP-2025-10-0001,HAP-2025-10-0001,historical_ap,volume_opex
JE-HAP-2025-10-0002,2025-10,2025-10-20,2025-10-20,6000-Operating,1000-Cash,720022,7200.22,premium support 2025-10,Datadog,,HAP-2025-10-0002,HAP-2025-10-0002,historical_ap,volume_opex
JE-HAP-2025-10-0003,2025-10,2025-10-20,2025-10-20,6000-Operating,1000-Cash,23133,231.33,warehouse consumables 2025-10,Hartford Insurance,,HAP-2025-10-0003,HAP-2025-10-0003,historical_ap,volume_opex
JE-HAP-2025-10-0004,2025-10,2025-10-20,2025-10-20,6000-Operating,1000-Cash,9644,96.44,security monitoring hosts 2025-10,Harbor Electric,,HAP-2025-10-0004,HAP-2025-10-0004,historical_ap,volume_opex
JE-HAP-2025-10-0005,2025-10,2025-10-20,2025-10-20,6000-Operating,1000-Cash,15055,150.55,usage overage block 2025-10,Freightline Logistics,,HAP-2025-10-0005,HAP-2025-10-0005,historical_ap,volume_opex
JE-HAP-2025-10-0006,2025-10,2025-10-20,2025-10-20,6000-Operating,1000-Cash,180066,1800.66,premium support 2025-10,Notion Labs,,HAP-2025-10-0006,HAP-2025-10-0006,historical_ap,volume_opex
JE-HAP-2025-10-0007,2025-10,2025-10-20,2025-10-20,6000-Operating,1000-Cash,11627,116.27,warehouse consumables 2025-10,Zoom Video,,HAP-2025-10-0007,HAP-2025-10-0007,historical_ap,volume_opex
JE-HAP-2025-10-0008,2025-10,2025-10-20,2025-10-20,6000-Operating,1000-Cash,6088,60.88,security monitoring hosts 2025-10,Helios Hardware Supply,,HAP-2025-10-0008,HAP-2025-10-0008,historical_ap,volume_opex
JE-HAP-2025-10-0009,2025-10,2025-10-20,2025-10-20,6000-Operating,1000-Cash,10599,105.99,usage overage block 2025-10,ADP,,HAP-2025-10-0009,HAP-2025-10-0009,historical_ap,volume_opex
JE-HAP-2025-10-0010,2025-10,2025-10-20,2025-10-20,6000-Operating,1000-Cash,1620110,16201.1,premium support 2025-10,CleanRoom Janitorial,,HAP-2025-10-0010,HAP-2025-10-0010,historical_ap,volume_opex
JE-HAP-2025-10-0011,2025-10,2025-10-20,2025-10-20,6000-Operating,1000-Cash,42471,424.71,warehouse consumables 2025-10,Adyen NV,,HAP-2025-10-0011,HAP-2025-10-0011,historical_ap,volume_opex
JE-HAP-2025-10-0012,2025-10,2025-10-20,2025-10-20,6000-Operating,1000-Cash,2532,25.32,security monitoring hosts 2025-10,Carta,,HAP-2025-10-0012,HAP-2025-10-0012,historical_ap,volume_opex
JE-HAP-2025-10-0013,2025-10,2025-10-21,2025-10-21,6000-Operating,1000-Cash,11693,116.93,warehouse consumables 2025-10,CleanRoom Janitorial,,HAP-2025-10-0013,HAP-2025-10-0013,historical_ap,volume_opex
JE-HAP-2025-10-0014,2025-10,2025-10-21,2025-10-21,6000-Operating,1000-Cash,6154,61.54,security monitoring hosts 2025-10,Adyen NV,,HAP-2025-10-0014,HAP-2025-10-0014,historical_ap,volume_opex
JE-HAP-2025-10-0015,2025-10,2025-10-21,2025-10-21,6000-Operating,1000-Cash,10665,106.65,usage overage block 2025-10,Carta,,HAP-2025-10-0015,HAP-2025-10-0015,historical_ap,volume_opex
JE-HAP-2025-10-0016,2025-10,2025-10-21,2025-10-21,6000-Operating,1000-Cash,1620176,16201.76,premium support 2025-10,Acme Supplies,,HAP-2025-10-0016,HAP-2025-10-0016,historical_ap,volume_opex
JE-HAP-2025-10-0017,2025-10,2025-10-21,2025-10-21,6000-Operating,1000-Cash,42537,425.37,warehouse consumables 2025-10,Northline Fabrication,,HAP-2025-10-0017,HAP-2025-10-0017,historical_ap,volume_opex
JE-HAP-2025-10-0018,2025-10,2025-10-21,2025-10-21,6000-Operating,1000-Cash,2598,25.98,security monitoring hosts 2025-10,Slack Technologies,,HAP-2025-10-0018,HAP-2025-10-0018,historical_ap,volume_opex
JE-HAP-2025-10-0019,2025-10,2025-10-21,2025-10-21,6000-Operating,1000-Cash,6209,62.09,usage overage block 2025-10,Orbit Analytics,,HAP-2025-10-0019,HAP-2025-10-0019,historical_ap,volume_opex
JE-HAP-2025-10-0020,2025-10,2025-10-21,2025-10-21,6000-Operating,1000-Cash,1080220,10802.2,premium support 2025-10,Lindholm & Ruiz LLP,,HAP-2025-10-0020,HAP-2025-10-0020,historical_ap,volume_opex
JE-HAP-2025-10-0021,2025-10,2025-10-21,2025-10-21,6000-Operating,1000-Cash,31031,310.31,warehouse consumables 2025-10,Lenovo,,HAP-2025-10-0021,HAP-2025-10-0021,historical_ap,volume_opex
JE-HAP-2025-10-0022,2025-10,2025-10-21,2025-10-21,6000-Operating,1000-Cash,12242,122.42,security monitoring hosts 2025-10,Snowflake,,HAP-2025-10-0022,HAP-2025-10-0022,historical_ap,volume_opex
JE-HAP-2025-10-0023,2025-10,2025-10-21,2025-10-21,6000-Operating,1000-Cash,1500,15.0,usage overage block 2025-10,Atlassian,,HAP-2025-10-0023,HAP-2025-10-0023,historical_ap,volume_opex
JE-HAP-2025-10-0024,2025-10,2025-10-21,2025-10-21,6000-Operating,1000-Cash,540011,5400.11,premium support 2025-10,Harbor Power & Light,,HAP-2025-10-0024,HAP-2025-10-0024,historical_ap,volume_opex
JE-HAP-2025-10-0025,2025-10,2025-10-22,2025-10-22,6000-Operating,1000-Cash,6022,60.22,usage overage block 2025-10,Snowflake,,HAP-2025-10-0025,HAP-2025-10-0025,historical_ap,volume_opex
JE-HAP-2025-10-0026,2025-10,2025-10-22,2025-10-22,6000-Operating,1000-Cash,1080033,10800.33,premium support 2025-10,Atlassian,,HAP-2025-10-0026,HAP-2025-10-0026,historical_ap,volume_opex
JE-HAP-2025-10-0027,2025-10,2025-10-22,2025-10-22,6000-Operating,1000-Cash,30844,308.44,warehouse consumables 2025-10,Harbor Power & Light,,HAP-2025-10-0027,HAP-2025-10-0027,historical_ap,volume_opex
JE-HAP-2025-10-0028,2025-10,2025-10-22,2025-10-22,6000-Operating,1000-Cash,12055,120.55,security monitoring hosts 2025-10,WeWork Cambridge,,HAP-2025-10-0028,HAP-2025-10-0028,historical_ap,volume_opex
JE-HAP-2025-10-0029,2025-10,2025-10-22,2025-10-22,6000-Operating,1000-Cash,1566,15.66,usage overage block 2025-10,Kendall Square Parking,,HAP-2025-10-0029,HAP-2025-10-0029,historical_ap,volume_opex
JE-HAP-2025-10-0030,2025-10,2025-10-22,2025-10-22,6000-Operating,1000-Cash,540077,5400.77,premium support 2025-10,DocuSign,,HAP-2025-10-0030,HAP-2025-10-0030,historical_ap,volume_opex
JE-HAP-2025-10-0031,2025-10,2025-10-22,2025-10-22,6000-Operating,1000-Cash,19338,193.38,warehouse consumables 2025-10,Gusto Payroll,,HAP-2025-10-0031,HAP-2025-10-0031,historical_ap,volume_opex
JE-HAP-2025-10-0032,2025-10,2025-10-22,2025-10-22,6000-Operating,1000-Cash,8499,84.99,security monitoring hosts 2025-10,Acme Supplies LLC,,HAP-2025-10-0032,HAP-2025-10-0032,historical_ap,volume_opex
JE-HAP-2025-10-0033,2025-10,2025-10-22,2025-10-22,6000-Operating,1000-Cash,13610,136.1,usage overage block 2025-10,Office Depot,,HAP-2025-10-0033,HAP-2025-10-0033,historical_ap,volume_opex
JE-HAP-2025-10-0034,2025-10,2025-10-22,2025-10-22,6000-Operating,1000-Cash,1980121,19801.21,premium support 2025-10,Figma,,HAP-2025-10-0034,HAP-2025-10-0034,historical_ap,volume_opex
JE-HAP-2025-10-0035,2025-10,2025-10-22,2025-10-22,6000-Operating,1000-Cash,7832,78.32,warehouse consumables 2025-10,Cambridge Properties,,HAP-2025-10-0035,HAP-2025-10-0035,historical_ap,volume_opex
JE-HAP-2025-10-0036,2025-10,2025-10-22,2025-10-22,6000-Operating,1000-Cash,4943,49.43,security monitoring hosts 2025-10,GitHub,,HAP-2025-10-0036,HAP-2025-10-0036,historical_ap,volume_opex
JE-HAP-2025-10-0037,2025-10,2025-10-23,2025-10-23,6000-Operating,1000-Cash,19404,194.04,warehouse consumables 2025-10,Figma,,HAP-2025-10-0037,HAP-2025-10-0037,historical_ap,volume_opex
JE-HAP-2025-10-0038,2025-10,2025-10-23,2025-10-23,6000-Operating,1000-Cash,8565,85.65,security monitoring hosts 2025-10,Cambridge Properties,,HAP-2025-10-0038,HAP-2025-10-0038,historical_ap,volume_opex
JE-HAP-2025-10-0039,2025-10,2025-10-23,2025-10-23,6000-Operating,1000-Cash,13676,136.76,usage overage block 2025-10,GitHub,,HAP-2025-10-0039,HAP-2025-10-0039,historical_ap,volume_opex
JE-HAP-2025-10-0040,2025-10,2025-10-23,2025-10-23,6000-Operating,1000-Cash,1980187,19801.87,premium support 2025-10,Misc Supplies,,HAP-2025-10-0040,HAP-2025-10-0040,historical_ap,volume_opex
JE-HAP-2025-10-0041,2025-10,2025-10-23,2025-10-23,6000-Operating,1000-Cash,7898,78.98,warehouse consumables 2025-10,Okta,,HAP-2025-10-0041,HAP-2025-10-0041,historical_ap,volume_opex
JE-HAP-2025-10-0042,2025-10,2025-10-23,2025-10-23,6000-Operating,1000-Cash,5009,50.09,security monitoring hosts 2025-10,Cloudflare,,HAP-2025-10-0042,HAP-2025-10-0042,historical_ap,volume_opex
JE-HAP-2025-10-0043,2025-10,2025-10-23,2025-10-23,6000-Operating,1000-Cash,9220,92.2,usage overage block 2025-10,Staples Business Advantage,,HAP-2025-10-0043,HAP-2025-10-0043,historical_ap,volume_opex
JE-HAP-2025-10-0044,2025-10,2025-10-23,2025-10-23,6000-Operating,1000-Cash,1440231,14402.31,premium support 2025-10,Comcast Business,,HAP-2025-10-0044,HAP-2025-10-0044,historical_ap,volume_opex
JE-HAP-2025-10-0045,2025-10,2025-10-23,2025-10-23,6000-Operating,1000-Cash,38742,387.42,warehouse consumables 2025-10,HubSpot,,HAP-2025-10-0045,HAP-2025-10-0045,historical_ap,volume_opex
JE-HAP-2025-10-0046,2025-10,2025-10-23,2025-10-23,6000-Operating,1000-Cash,1200,12.0,security monitoring hosts 2025-10,Palo Alto Networks,,HAP-2025-10-0046,HAP-2025-10-0046,historical_ap,volume_opex
JE-HAP-2025-10-0047,2025-10,2025-10-23,2025-10-23,6000-Operating,1000-Cash,4511,45.11,usage overage block 2025-10,Vanta,,HAP-2025-10-0047,HAP-2025-10-0047,historical_ap,volume_opex
JE-HAP-2025-10-0048,2025-10,2025-10-23,2025-10-23,6000-Operating,1000-Cash,900022,9000.22,premium support 2025-10,Acme Supply Co.,,HAP-2025-10-0048,HAP-2025-10-0048,historical_ap,volume_opex
JE-HAP-2025-10-0049,2025-10,2025-10-24,2025-10-24,6000-Operating,1000-Cash,9033,90.33,usage overage block 2025-10,Palo Alto Networks,,HAP-2025-10-0049,HAP-2025-10-0049,historical_ap,volume_opex
JE-HAP-2025-10-0050,2025-10,2025-10-24,2025-10-24,6000-Operating,1000-Cash,1440044,14400.44,premium support 2025-10,Vanta,,HAP-2025-10-0050,HAP-2025-10-0050,historical_ap,volume_opex
JE-HAP-2025-10-0051,2025-10,2025-10-24,2025-10-24,6000-Operating,1000-Cash,38555,385.55,warehouse consumables 2025-10,Acme Supply Co.,,HAP-2025-10-0051,HAP-2025-10-0051,historical_ap,volume_opex
JE-HAP-2025-10-0052,2025-10,2025-10-24,2025-10-24,6000-Operating,1000-Cash,1266,12.66,security monitoring hosts 2025-10,Helios Hardware,,HAP-2025-10-0052,HAP-2025-10-0052,historical_ap,volume_opex
JE-HAP-2025-10-0053,2025-10,2025-10-24,2025-10-24,6000-Operating,1000-Cash,4577,45.77,usage overage block 2025-10,Google Cloud,,HAP-2025-10-0053,HAP-2025-10-0053,historical_ap,volume_opex
JE-HAP-2025-10-0054,2025-10,2025-10-24,2025-10-24,6000-Operating,1000-Cash,900088,9000.88,premium support 2025-10,Dell Technologies,,HAP-2025-10-0054,HAP-2025-10-0054,historical_ap,volume_opex
JE-HAP-2025-10-0055,2025-10,2025-10-24,2025-10-24,6000-Operating,1000-Cash,27049,270.49,warehouse consumables 2025-10,Shadow Vendor LLC,,HAP-2025-10-0055,HAP-2025-10-0055,historical_ap,volume_opex
JE-HAP-2025-10-0056,2025-10,2025-10-24,2025-10-24,6000-Operating,1000-Cash,10910,109.1,security monitoring hosts 2025-10,Twilio,,HAP-2025-10-0056,HAP-2025-10-0056,historical_ap,volume_opex
JE-HAP-2025-10-0057,2025-10,2025-10-24,2025-10-24,6000-Operating,1000-Cash,16621,166.21,usage overage block 2025-10,CrowdStrike,,HAP-2025-10-0057,HAP-2025-10-0057,historical_ap,volume_opex
JE-HAP-2025-10-0058,2025-10,2025-10-24,2025-10-24,6000-Operating,1000-Cash,360132,3601.32,premium support 2025-10,Northline Fab Group,,HAP-2025-10-0058,HAP-2025-10-0058,historical_ap,volume_opex
JE-HAP-2025-10-0059,2025-10,2025-10-24,2025-10-24,6000-Operating,1000-Cash,15543,155.43,warehouse consumables 2025-10,FedEx,,HAP-2025-10-0059,HAP-2025-10-0059,historical_ap,volume_opex
JE-HAP-2025-10-0060,2025-10,2025-10-24,2025-10-24,6000-Operating,1000-Cash,7354,73.54,security monitoring hosts 2025-10,Pagaya Coffee Service,,HAP-2025-10-0060,HAP-2025-10-0060,historical_ap,volume_opex
JE-HAP-2025-10-0061,2025-10,2025-10-25,2025-10-25,6000-Operating,1000-Cash,27115,271.15,warehouse consumables 2025-10,Northline Fab Group,,HAP-2025-10-0061,HAP-2025-10-0061,historical_ap,volume_opex
JE-HAP-2025-10-0062,2025-10,2025-10-25,2025-10-25,6000-Operating,1000-Cash,10976,109.76,security monitoring hosts 2025-10,FedEx,,HAP-2025-10-0062,HAP-2025-10-0062,historical_ap,volume_opex
JE-HAP-2025-10-0063,2025-10,2025-10-25,2025-10-25,6000-Operating,1000-Cash,16687,166.87,usage overage block 2025-10,Pagaya Coffee Service,,HAP-2025-10-0063,HAP-2025-10-0063,historical_ap,volume_opex
JE-HAP-2025-10-0064,2025-10,2025-10-25,2025-10-25,6000-Operating,1000-Cash,360198,3601.98,premium support 2025-10,Stripe Processing,,HAP-2025-10-0064,HAP-2025-10-0064,historical_ap,volume_opex
JE-HAP-2025-10-0065,2025-10,2025-10-25,2025-10-25,6000-Operating,1000-Cash,15609,156.09,warehouse consumables 2025-10,Boston Edison Steam,,HAP-2025-10-0065,HAP-2025-10-0065,historical_ap,volume_opex
JE-HAP-2025-10-0066,2025-10,2025-10-25,2025-10-25,6000-Operating,1000-Cash,7420,74.2,security monitoring hosts 2025-10,Linear App,,HAP-2025-10-0066,HAP-2025-10-0066,historical_ap,volume_opex
JE-HAP-2025-10-0067,2025-10,2025-10-25,2025-10-25,6000-Operating,1000-Cash,12231,122.31,usage overage block 2025-10,Amazon Web Services,,HAP-2025-10-0067,HAP-2025-10-0067,historical_ap,volume_opex
JE-HAP-2025-10-0068,2025-10,2025-10-25,2025-10-25,6000-Operating,1000-Cash,1800242,18002.42,premium support 2025-10,Datadog,,HAP-2025-10-0068,HAP-2025-10-0068,historical_ap,volume_opex
JE-HAP-2025-10-0069,2025-10,2025-10-25,2025-10-25,6000-Operating,1000-Cash,3850,38.5,warehouse consumables 2025-10,Hartford Insurance,,HAP-2025-10-0069,HAP-2025-10-0069,historical_ap,volume_opex
JE-HAP-2025-10-0070,2025-10,2025-10-25,2025-10-25,6000-Operating,1000-Cash,3611,36.11,security monitoring hosts 2025-10,Harbor Electric,,HAP-2025-10-0070,HAP-2025-10-0070,historical_ap,volume_opex
JE-HAP-2025-10-0071,2025-10,2025-10-25,2025-10-25,6000-Operating,1000-Cash,7522,75.22,usage overage block 2025-10,Freightline Logistics,,HAP-2025-10-0071,HAP-2025-10-0071,historical_ap,volume_opex
JE-HAP-2025-10-0072,2025-10,2025-10-25,2025-10-25,6000-Operating,1000-Cash,1260033,12600.33,premium support 2025-10,Notion Labs,,HAP-2025-10-0072,HAP-2025-10-0072,historical_ap,volume_opex
JE-HAP-2025-10-0073,2025-10,2025-10-26,2025-10-26,6000-Operating,1000-Cash,12044,120.44,usage overage block 2025-10,Harbor Electric,,HAP-2025-10-0073,HAP-2025-10-0073,historical_ap,volume_opex
JE-HAP-2025-10-0074,2025-10,2025-10-26,2025-10-26,6000-Operating,1000-Cash,1800055,18000.55,premium support 2025-10,Freightline Logistics,,HAP-2025-10-0074,HAP-2025-10-0074,historical_ap,volume_opex
JE-HAP-2025-10-0075,2025-10,2025-10-26,2025-10-26,6000-Operating,1000-Cash,3916,39.16,warehouse consumables 2025-10,Notion Labs,,HAP-2025-10-0075,HAP-2025-10-0075,historical_ap,volume_opex
JE-HAP-2025-10-0076,2025-10,2025-10-26,2025-10-26,6000-Operating,1000-Cash,3677,36.77,security monitoring hosts 2025-10,Zoom Video,,HAP-2025-10-0076,HAP-2025-10-0076,historical_ap,volume_opex
JE-HAP-2025-10-0077,2025-10,2025-10-26,2025-10-26,6000-Operating,1000-Cash,7588,75.88,usage overage block 2025-10,Helios Hardware Supply,,HAP-2025-10-0077,HAP-2025-10-0077,historical_ap,volume_opex
JE-HAP-2025-10-0078,2025-10,2025-10-26,2025-10-26,6000-Operating,1000-Cash,1260099,12600.99,premium support 2025-10,ADP,,HAP-2025-10-0078,HAP-2025-10-0078,historical_ap,volume_opex
JE-HAP-2025-10-0079,2025-10,2025-10-26,2025-10-26,6000-Operating,1000-Cash,34760,347.6,warehouse consumables 2025-10,CleanRoom Janitorial,,HAP-2025-10-0079,HAP-2025-10-0079,historical_ap,volume_opex
JE-HAP-2025-10-0080,2025-10,2025-10-26,2025-10-26,6000-Operating,1000-Cash,13321,133.21,security monitoring hosts 2025-10,Adyen NV,,HAP-2025-10-0080,HAP-2025-10-0080,historical_ap,volume_opex
JE-HAP-2025-10-0081,2025-10,2025-10-26,2025-10-26,6000-Operating,1000-Cash,3132,31.32,usage overage block 2025-10,Carta,,HAP-2025-10-0081,HAP-2025-10-0081,historical_ap,volume_opex
JE-HAP-2025-10-0082,2025-10,2025-10-26,2025-10-26,6000-Operating,1000-Cash,720143,7201.43,premium support 2025-10,Acme Supplies,,HAP-2025-10-0082,HAP-2025-10-0082,historical_ap,volume_opex
JE-HAP-2025-10-0083,2025-10,2025-10-26,2025-10-26,6000-Operating,1000-Cash,23254,232.54,warehouse consumables 2025-10,Northline Fabrication,,HAP-2025-10-0083,HAP-2025-10-0083,historical_ap,volume_opex
JE-HAP-2025-10-0084,2025-10,2025-10-26,2025-10-26,6000-Operating,1000-Cash,9765,97.65,security monitoring hosts 2025-10,Slack Technologies,,HAP-2025-10-0084,HAP-2025-10-0084,historical_ap,volume_opex
JE-HAP-2025-10-0085,2025-10,2025-10-27,2025-10-27,6000-Operating,1000-Cash,34826,348.26,warehouse consumables 2025-10,Acme Supplies,,HAP-2025-10-0085,HAP-2025-10-0085,historical_ap,volume_opex
JE-HAP-2025-10-0086,2025-10,2025-10-27,2025-10-27,6000-Operating,1000-Cash,13387,133.87,security monitoring hosts 2025-10,Northline Fabrication,,HAP-2025-10-0086,HAP-2025-10-0086,historical_ap,volume_opex
JE-HAP-2025-10-0087,2025-10,2025-10-27,2025-10-27,6000-Operating,1000-Cash,3198,31.98,usage overage block 2025-10,Slack Technologies,,HAP-2025-10-0087,HAP-2025-10-0087,historical_ap,volume_opex
JE-HAP-2025-10-0088,2025-10,2025-10-27,2025-10-27,6000-Operating,1000-Cash,720209,7202.09,premium support 2025-10,Orbit Analytics,,HAP-2025-10-0088,HAP-2025-10-0088,historical_ap,volume_opex
JE-HAP-2025-10-0089,2025-10,2025-10-27,2025-10-27,6000-Operating,1000-Cash,23320,233.2,warehouse consumables 2025-10,Lindholm & Ruiz LLP,,HAP-2025-10-0089,HAP-2025-10-0089,historical_ap,volume_opex
JE-HAP-2025-10-0090,2025-10,2025-10-27,2025-10-27,6000-Operating,1000-Cash,9831,98.31,security monitoring hosts 2025-10,Lenovo,,HAP-2025-10-0090,HAP-2025-10-0090,historical_ap,volume_opex
JE-HAP-2025-10-0091,2025-10,2025-10-27,2025-10-27,6000-Operating,1000-Cash,15242,152.42,usage overage block 2025-10,Snowflake,,HAP-2025-10-0091,HAP-2025-10-0091,historical_ap,volume_opex
JE-HAP-2025-10-0092,2025-10,2025-10-27,2025-10-27,6000-Operating,1000-Cash,180000,1800.0,premium support 2025-10,Atlassian,,HAP-2025-10-0092,HAP-2025-10-0092,historical_ap,volume_opex
JE-HAP-2025-10-0093,2025-10,2025-10-27,2025-10-27,6000-Operating,1000-Cash,11561,115.61,warehouse consumables 2025-10,Harbor Power & Light,,HAP-2025-10-0093,HAP-2025-10-0093,historical_ap,volume_opex
JE-HAP-2025-10-0094,2025-10,2025-10-27,2025-10-27,6000-Operating,1000-Cash,6022,60.22,security monitoring hosts 2025-10,WeWork Cambridge,,HAP-2025-10-0094,HAP-2025-10-0094,historical_ap,volume_opex
JE-HAP-2025-10-0095,2025-10,2025-10-27,2025-10-27,6000-Operating,1000-Cash,10533,105.33,usage overage block 2025-10,Kendall Square Parking,,HAP-2025-10-0095,HAP-2025-10-0095,historical_ap,volume_opex
JE-HAP-2025-10-0096,2025-10,2025-10-27,2025-10-27,6000-Operating,1000-Cash,1620044,16200.44,premium support 2025-10,DocuSign,,HAP-2025-10-0096,HAP-2025-10-0096,historical_ap,volume_opex
JE-HAP-2025-10-0097,2025-10,2025-10-28,2025-10-28,6000-Operating,1000-Cash,15055,150.55,usage overage block 2025-10,WeWork Cambridge,,HAP-2025-10-0097,HAP-2025-10-0097,historical_ap,volume_opex
JE-HAP-2025-10-0098,2025-10,2025-10-28,2025-10-28,6000-Operating,1000-Cash,180066,1800.66,premium support 2025-10,Kendall Square Parking,,HAP-2025-10-0098,HAP-2025-10-0098,historical_ap,volume_opex
JE-HAP-2025-10-0099,2025-10,2025-10-28,2025-10-28,6000-Operating,1000-Cash,11627,116.27,warehouse consumables 2025-10,DocuSign,,HAP-2025-10-0099,HAP-2025-10-0099,historical_ap,volume_opex
JE-HAP-2025-10-0100,2025-10,2025-10-28,2025-10-28,6000-Operating,1000-Cash,6088,60.88,security monitoring hosts 2025-10,Gusto Payroll,,HAP-2025-10-0100,HAP-2025-10-0100,historical_ap,volume_opex
JE-HAP-2025-10-0101,2025-10,2025-10-28,2025-10-28,6000-Operating,1000-Cash,10599,105.99,usage overage block 2025-10,Acme Supplies LLC,,HAP-2025-10-0101,HAP-2025-10-0101,historical_ap,volume_opex
JE-HAP-2025-10-0102,2025-10,2025-10-28,2025-10-28,6000-Operating,1000-Cash,1620110,16201.1,premium support 2025-10,Office Depot,,HAP-2025-10-0102,HAP-2025-10-0102,historical_ap,volume_opex
JE-HAP-2025-10-0103,2025-10,2025-10-28,2025-10-28,6000-Operating,1000-Cash,42471,424.71,warehouse consumables 2025-10,Figma,,HAP-2025-10-0103,HAP-2025-10-0103,historical_ap,volume_opex
JE-HAP-2025-10-0104,2025-10,2025-10-28,2025-10-28,6000-Operating,1000-Cash,2532,25.32,security monitoring hosts 2025-10,Cambridge Properties,,HAP-2025-10-0104,HAP-2025-10-0104,historical_ap,volume_opex
JE-HAP-2025-10-0105,2025-10,2025-10-28,2025-10-28,6000-Operating,1000-Cash,6143,61.43,usage overage block 2025-10,GitHub,,HAP-2025-10-0105,HAP-2025-10-0105,historical_ap,volume_opex
JE-HAP-2025-10-0106,2025-10,2025-10-28,2025-10-28,6000-Operating,1000-Cash,1080154,10801.54,premium support 2025-10,Misc Supplies,,HAP-2025-10-0106,HAP-2025-10-0106,historical_ap,volume_opex
JE-HAP-2025-10-0107,2025-10,2025-10-28,2025-10-28,6000-Operating,1000-Cash,30965,309.65,warehouse consumables 2025-10,Okta,,HAP-2025-10-0107,HAP-2025-10-0107,historical_ap,volume_opex
JE-HAP-2025-10-0108,2025-10,2025-10-28,2025-10-28,6000-Operating,1000-Cash,12176,121.76,security monitoring hosts 2025-10,Cloudflare,,HAP-2025-10-0108,HAP-2025-10-0108,historical_ap,volume_opex
JE-HAP-2025-10-0109,2025-10,2025-10-29,2025-10-29,6000-Operating,1000-Cash,42537,425.37,warehouse consumables 2025-10,Misc Supplies,,HAP-2025-10-0109,HAP-2025-10-0109,historical_ap,volume_opex
JE-HAP-2025-10-0110,2025-10,2025-10-29,2025-10-29,6000-Operating,1000-Cash,2598,25.98,security monitoring hosts 2025-10,Okta,,HAP-2025-10-0110,HAP-2025-10-0110,historical_ap,volume_opex
JE-HAP-2025-10-0111,2025-10,2025-10-29,2025-10-29,6000-Operating,1000-Cash,6209,62.09,usage overage block 2025-10,Cloudflare,,HAP-2025-10-0111,HAP-2025-10-0111,historical_ap,volume_opex
JE-HAP-2025-10-0112,2025-10,2025-10-29,2025-10-29,6000-Operating,1000-Cash,1080220,10802.2,premium support 2025-10,Staples Business Advantage,,HAP-2025-10-0112,HAP-2025-10-0112,historical_ap,volume_opex
JE-HAP-2025-10-0113,2025-10,2025-10-29,2025-10-29,6000-Operating,1000-Cash,31031,310.31,warehouse consumables 2025-10,Comcast Business,,HAP-2025-10-0113,HAP-2025-10-0113,historical_ap,volume_opex
JE-HAP-2025-10-0114,2025-10,2025-10-29,2025-10-29,6000-Operating,1000-Cash,12242,122.42,security monitoring hosts 2025-10,HubSpot,,HAP-2025-10-0114,HAP-2025-10-0114,historical_ap,volume_opex
JE-HAP-2025-10-0115,2025-10,2025-10-29,2025-10-29,6000-Operating,1000-Cash,1500,15.0,usage overage block 2025-10,Palo Alto Networks,,HAP-2025-10-0115,HAP-2025-10-0115,historical_ap,volume_opex
JE-HAP-2025-10-0116,2025-10,2025-10-29,2025-10-29,6000-Operating,1000-Cash,540011,5400.11,premium support 2025-10,Vanta,,HAP-2025-10-0116,HAP-2025-10-0116,historical_ap,volume_opex
JE-HAP-2025-10-0117,2025-10,2025-10-29,2025-10-29,6000-Operating,1000-Cash,19272,192.72,warehouse consumables 2025-10,Acme Supply Co.,,HAP-2025-10-0117,HAP-2025-10-0117,historical_ap,volume_opex
JE-HAP-2025-10-0118,2025-10,2025-10-29,2025-10-29,6000-Operating,1000-Cash,8433,84.33,security monitoring hosts 2025-10,Helios Hardware,,HAP-2025-10-0118,HAP-2025-10-0118,historical_ap,volume_opex
JE-HAP-2025-10-0119,2025-10,2025-10-29,2025-10-29,6000-Operating,1000-Cash,13544,135.44,usage overage block 2025-10,Google Cloud,,HAP-2025-10-0119,HAP-2025-10-0119,historical_ap,volume_opex
JE-HAP-2025-10-0120,2025-10,2025-10-29,2025-10-29,6000-Operating,1000-Cash,1980055,19800.55,premium support 2025-10,Dell Technologies,,HAP-2025-10-0120,HAP-2025-10-0120,historical_ap,volume_opex
JE-HAP-2025-10-0121,2025-10,2025-10-30,2025-10-30,6000-Operating,1000-Cash,1566,15.66,usage overage block 2025-10,Helios Hardware,,HAP-2025-10-0121,HAP-2025-10-0121,historical_ap,volume_opex
JE-HAP-2025-10-0122,2025-10,2025-10-30,2025-10-30,6000-Operating,1000-Cash,540077,5400.77,premium support 2025-10,Google Cloud,,HAP-2025-10-0122,HAP-2025-10-0122,historical_ap,volume_opex
JE-HAP-2025-10-0123,2025-10,2025-10-30,2025-10-30,6000-Operating,1000-Cash,19338,193.38,warehouse consumables 2025-10,Dell Technologies,,HAP-2025-10-0123,HAP-2025-10-0123,historical_ap,volume_opex
JE-HAP-2025-10-0124,2025-10,2025-10-30,2025-10-30,6000-Operating,1000-Cash,8499,84.99,security monitoring hosts 2025-10,Shadow Vendor LLC,,HAP-2025-10-0124,HAP-2025-10-0124,historical_ap,volume_opex
JE-HAP-2025-10-0125,2025-10,2025-10-30,2025-10-30,6000-Operating,1000-Cash,13610,136.1,usage overage block 2025-10,Twilio,,HAP-2025-10-0125,HAP-2025-10-0125,historical_ap,volume_opex
JE-HAP-2025-10-0126,2025-10,2025-10-30,2025-10-30,6000-Operating,1000-Cash,1980121,19801.21,premium support 2025-10,CrowdStrike,,HAP-2025-10-0126,HAP-2025-10-0126,historical_ap,volume_opex
JE-HAP-2025-10-0127,2025-10,2025-10-30,2025-10-30,6000-Operating,1000-Cash,7832,78.32,warehouse consumables 2025-10,Northline Fab Group,,HAP-2025-10-0127,HAP-2025-10-0127,historical_ap,volume_opex
JE-HAP-2025-10-0128,2025-10,2025-10-30,2025-10-30,6000-Operating,1000-Cash,4943,49.43,security monitoring hosts 2025-10,FedEx,,HAP-2025-10-0128,HAP-2025-10-0128,historical_ap,volume_opex
JE-HAP-2025-10-0129,2025-10,2025-10-30,2025-10-30,6000-Operating,1000-Cash,9154,91.54,usage overage block 2025-10,Pagaya Coffee Service,,HAP-2025-10-0129,HAP-2025-10-0129,historical_ap,volume_opex
JE-HAP-2025-10-0130,2025-10,2025-10-30,2025-10-30,6000-Operating,1000-Cash,1440165,14401.65,premium support 2025-10,Stripe Processing,,HAP-2025-10-0130,HAP-2025-10-0130,historical_ap,volume_opex
JE-HAP-2025-10-0131,2025-10,2025-10-30,2025-10-30,6000-Operating,1000-Cash,38676,386.76,warehouse consumables 2025-10,Boston Edison Steam,,HAP-2025-10-0131,HAP-2025-10-0131,historical_ap,volume_opex
JE-HAP-2025-10-0132,2025-10,2025-10-30,2025-10-30,6000-Operating,1000-Cash,1387,13.87,security monitoring hosts 2025-10,Linear App,,HAP-2025-10-0132,HAP-2025-10-0132,historical_ap,volume_opex
JE-HAP-2025-10-0133,2025-10,2025-10-31,2025-10-31,6000-Operating,1000-Cash,7898,78.98,warehouse consumables 2025-10,Stripe Processing,,HAP-2025-10-0133,HAP-2025-10-0133,historical_ap,volume_opex
JE-HAP-2025-10-0134,2025-10,2025-10-31,2025-10-31,6000-Operating,1000-Cash,5009,50.09,security monitoring hosts 2025-10,Boston Edison Steam,,HAP-2025-10-0134,HAP-2025-10-0134,historical_ap,volume_opex
JE-HAP-2025-10-0135,2025-10,2025-10-31,2025-10-31,6000-Operating,1000-Cash,9220,92.2,usage overage block 2025-10,Linear App,,HAP-2025-10-0135,HAP-2025-10-0135,historical_ap,volume_opex
JE-HAP-2025-10-0136,2025-10,2025-10-31,2025-10-31,6000-Operating,1000-Cash,1440231,14402.31,premium support 2025-10,Amazon Web Services,,HAP-2025-10-0136,HAP-2025-10-0136,historical_ap,volume_opex
JE-HAP-2025-10-0137,2025-10,2025-10-31,2025-10-31,6000-Operating,1000-Cash,38742,387.42,warehouse consumables 2025-10,Datadog,,HAP-2025-10-0137,HAP-2025-10-0137,historical_ap,volume_opex
JE-HAP-2025-10-0138,2025-10,2025-10-31,2025-10-31,6000-Operating,1000-Cash,1200,12.0,security monitoring hosts 2025-10,Hartford Insurance,,HAP-2025-10-0138,HAP-2025-10-0138,historical_ap,volume_opex
JE-HAP-2025-10-0139,2025-10,2025-10-31,2025-10-31,6000-Operating,1000-Cash,4511,45.11,usage overage block 2025-10,Harbor Electric,,HAP-2025-10-0139,HAP-2025-10-0139,historical_ap,volume_opex
JE-HAP-2025-10-0140,2025-10,2025-10-31,2025-10-31,6000-Operating,1000-Cash,900022,9000.22,premium support 2025-10,Freightline Logistics,,HAP-2025-10-0140,HAP-2025-10-0140,historical_ap,volume_opex
JE-HAP-2025-10-0141,2025-10,2025-10-31,2025-10-31,6000-Operating,1000-Cash,26983,269.83,warehouse consumables 2025-10,Notion Labs,,HAP-2025-10-0141,HAP-2025-10-0141,historical_ap,volume_opex
JE-HAP-2025-10-0142,2025-10,2025-10-31,2025-10-31,6000-Operating,1000-Cash,10844,108.44,security monitoring hosts 2025-10,Zoom Video,,HAP-2025-10-0142,HAP-2025-10-0142,historical_ap,volume_opex
JE-HAP-2025-10-0143,2025-10,2025-10-31,2025-10-31,6000-Operating,1000-Cash,16555,165.55,usage overage block 2025-10,Helios Hardware Supply,,HAP-2025-10-0143,HAP-2025-10-0143,historical_ap,volume_opex
JE-HAP-2025-10-0144,2025-10,2025-10-31,2025-10-31,6000-Operating,1000-Cash,360066,3600.66,premium support 2025-10,ADP,,HAP-2025-10-0144,HAP-2025-10-0144,historical_ap,volume_opex
JE-HAP-2025-10-0145,2025-10,2025-10-31,2025-10-31,6000-Operating,1000-Cash,4577,45.77,usage overage block 2025-10,Zoom Video,,HAP-2025-10-0145,HAP-2025-10-0145,historical_ap,volume_opex
JE-HAP-2025-10-0146,2025-10,2025-10-31,2025-10-31,6000-Operating,1000-Cash,900088,9000.88,premium support 2025-10,Helios Hardware Supply,,HAP-2025-10-0146,HAP-2025-10-0146,historical_ap,volume_opex
JE-HAP-2025-10-0147,2025-10,2025-10-31,2025-10-31,6000-Operating,1000-Cash,27049,270.49,warehouse consumables 2025-10,ADP,,HAP-2025-10-0147,HAP-2025-10-0147,historical_ap,volume_opex
JE-HAP-2025-10-0148,2025-10,2025-10-31,2025-10-31,6000-Operating,1000-Cash,10910,109.1,security monitoring hosts 2025-10,CleanRoom Janitorial,,HAP-2025-10-0148,HAP-2025-10-0148,historical_ap,volume_opex
JE-HAP-2025-10-0149,2025-10,2025-10-31,2025-10-31,6000-Operating,1000-Cash,16621,166.21,usage overage block 2025-10,Adyen NV,,HAP-2025-10-0149,HAP-2025-10-0149,historical_ap,volume_opex
JE-HAP-2025-10-0150,2025-10,2025-10-31,2025-10-31,6000-Operating,1000-Cash,360132,3601.32,premium support 2025-10,Carta,,HAP-2025-10-0150,HAP-2025-10-0150,historical_ap,volume_opex
JE-HAP-2025-10-0151,2025-10,2025-10-31,2025-10-31,6000-Operating,1000-Cash,15543,155.43,warehouse consumables 2025-10,Acme Supplies,,HAP-2025-10-0151,HAP-2025-10-0151,historical_ap,volume_opex
JE-HAP-2025-10-0152,2025-10,2025-10-31,2025-10-31,6000-Operating,1000-Cash,7354,73.54,security monitoring hosts 2025-10,Northline Fabrication,,HAP-2025-10-0152,HAP-2025-10-0152,historical_ap,volume_opex
JE-HAP-2025-10-0153,2025-10,2025-10-31,2025-10-31,6000-Operating,1000-Cash,12165,121.65,usage overage block 2025-10,Slack Technologies,,HAP-2025-10-0153,HAP-2025-10-0153,historical_ap,volume_opex
JE-HAP-2025-10-0154,2025-10,2025-10-31,2025-10-31,6000-Operating,1000-Cash,1800176,18001.76,premium support 2025-10,Orbit Analytics,,HAP-2025-10-0154,HAP-2025-10-0154,historical_ap,volume_opex
JE-HAP-2025-10-0155,2025-10,2025-10-31,2025-10-31,6000-Operating,1000-Cash,4037,40.37,warehouse consumables 2025-10,Lindholm & Ruiz LLP,,HAP-2025-10-0155,HAP-2025-10-0155,historical_ap,volume_opex
JE-HAP-2025-10-0156,2025-10,2025-10-31,2025-10-31,6000-Operating,1000-Cash,3798,37.98,security monitoring hosts 2025-10,Lenovo,,HAP-2025-10-0156,HAP-2025-10-0156,historical_ap,volume_opex
JE-HAP-2025-10-0157,2025-10,2025-10-31,2025-10-31,6000-Operating,1000-Cash,15609,156.09,warehouse consumables 2025-10,Orbit Analytics,,HAP-2025-10-0157,HAP-2025-10-0157,historical_ap,volume_opex
JE-HAP-2025-10-0158,2025-10,2025-10-31,2025-10-31,6000-Operating,1000-Cash,7420,74.2,security monitoring hosts 2025-10,Lindholm & Ruiz LLP,,HAP-2025-10-0158,HAP-2025-10-0158,historical_ap,volume_opex
JE-HAP-2025-10-0159,2025-10,2025-10-31,2025-10-31,6000-Operating,1000-Cash,12231,122.31,usage overage block 2025-10,Lenovo,,HAP-2025-10-0159,HAP-2025-10-0159,historical_ap,volume_opex
JE-HAP-2025-10-0160,2025-10,2025-10-31,2025-10-31,6000-Operating,1000-Cash,1800242,18002.42,premium support 2025-10,Snowflake,,HAP-2025-10-0160,HAP-2025-10-0160,historical_ap,volume_opex
JE-HAP-2025-10-0161,2025-10,2025-10-31,2025-10-31,6000-Operating,1000-Cash,3850,38.5,warehouse consumables 2025-10,Atlassian,,HAP-2025-10-0161,HAP-2025-10-0161,historical_ap,volume_opex
JE-HAP-2025-10-0162,2025-10,2025-10-31,2025-10-31,6000-Operating,1000-Cash,3611,36.11,security monitoring hosts 2025-10,Harbor Power & Light,,HAP-2025-10-0162,HAP-2025-10-0162,historical_ap,volume_opex
JE-HAP-2025-10-0163,2025-10,2025-10-31,2025-10-31,6000-Operating,1000-Cash,7522,75.22,usage overage block 2025-10,WeWork Cambridge,,HAP-2025-10-0163,HAP-2025-10-0163,historical_ap,volume_opex
JE-HAP-2025-10-0164,2025-10,2025-10-31,2025-10-31,6000-Operating,1000-Cash,1260033,12600.33,premium support 2025-10,Kendall Square Parking,,HAP-2025-10-0164,HAP-2025-10-0164,historical_ap,volume_opex
JE-HAP-2025-10-0165,2025-10,2025-10-31,2025-10-31,6000-Operating,1000-Cash,34694,346.94,warehouse consumables 2025-10,DocuSign,,HAP-2025-10-0165,HAP-2025-10-0165,historical_ap,volume_opex
JE-HAP-2025-10-0166,2025-10,2025-10-31,2025-10-31,6000-Operating,1000-Cash,13255,132.55,security monitoring hosts 2025-10,Gusto Payroll,,HAP-2025-10-0166,HAP-2025-10-0166,historical_ap,volume_opex
JE-HAP-2025-10-0167,2025-10,2025-10-31,2025-10-31,6000-Operating,1000-Cash,3066,30.66,usage overage block 2025-10,Acme Supplies LLC,,HAP-2025-10-0167,HAP-2025-10-0167,historical_ap,volume_opex
JE-HAP-2025-10-0168,2025-10,2025-10-31,2025-10-31,6000-Operating,1000-Cash,720077,7200.77,premium support 2025-10,Office Depot,,HAP-2025-10-0168,HAP-2025-10-0168,historical_ap,volume_opex
JE-HAP-2025-10-0169,2025-10,2025-10-31,2025-10-31,6000-Operating,1000-Cash,7588,75.88,usage overage block 2025-10,Gusto Payroll,,HAP-2025-10-0169,HAP-2025-10-0169,historical_ap,volume_opex
JE-HAP-2025-10-0170,2025-10,2025-10-31,2025-10-31,6000-Operating,1000-Cash,1260099,12600.99,premium support 2025-10,Acme Supplies LLC,,HAP-2025-10-0170,HAP-2025-10-0170,historical_ap,volume_opex
JE-HAP-2025-10-0171,2025-10,2025-10-31,2025-10-31,6000-Operating,1000-Cash,34760,347.6,warehouse consumables 2025-10,Office Depot,,HAP-2025-10-0171,HAP-2025-10-0171,historical_ap,volume_opex
JE-HAP-2025-10-0172,2025-10,2025-10-31,2025-10-31,6000-Operating,1000-Cash,13321,133.21,security monitoring hosts 2025-10,Figma,,HAP-2025-10-0172,HAP-2025-10-0172,historical_ap,volume_opex
JE-HAP-2025-10-0173,2025-10,2025-10-31,2025-10-31,6000-Operating,1000-Cash,3132,31.32,usage overage block 2025-10,Cambridge Properties,,HAP-2025-10-0173,HAP-2025-10-0173,historical_ap,volume_opex
JE-HAP-2025-10-0174,2025-10,2025-10-31,2025-10-31,6000-Operating,1000-Cash,720143,7201.43,premium support 2025-10,GitHub,,HAP-2025-10-0174,HAP-2025-10-0174,historical_ap,volume_opex
JE-HAP-2025-10-0175,2025-10,2025-10-31,2025-10-31,6000-Operating,1000-Cash,23254,232.54,warehouse consumables 2025-10,Misc Supplies,,HAP-2025-10-0175,HAP-2025-10-0175,historical_ap,volume_opex
JE-HAP-2025-10-0176,2025-10,2025-10-31,2025-10-31,6000-Operating,1000-Cash,9765,97.65,security monitoring hosts 2025-10,Okta,,HAP-2025-10-0176,HAP-2025-10-0176,historical_ap,volume_opex
JE-HAP-2025-10-0177,2025-10,2025-10-31,2025-10-31,6000-Operating,1000-Cash,15176,151.76,usage overage block 2025-10,Cloudflare,,HAP-2025-10-0177,HAP-2025-10-0177,historical_ap,volume_opex
JE-HAP-2025-10-0178,2025-10,2025-10-31,2025-10-31,6000-Operating,1000-Cash,180187,1801.87,premium support 2025-10,Staples Business Advantage,,HAP-2025-10-0178,HAP-2025-10-0178,historical_ap,volume_opex
JE-HAP-2025-10-0179,2025-10,2025-10-31,2025-10-31,6000-Operating,1000-Cash,11748,117.48,warehouse consumables 2025-10,Comcast Business,,HAP-2025-10-0179,HAP-2025-10-0179,historical_ap,volume_opex
JE-HAP-2025-10-0180,2025-10,2025-10-31,2025-10-31,6000-Operating,1000-Cash,6209,62.09,security monitoring hosts 2025-10,HubSpot,,HAP-2025-10-0180,HAP-2025-10-0180,historical_ap,volume_opex
JE-HAP-2025-10-0181,2025-10,2025-10-31,2025-10-31,6000-Operating,1000-Cash,23320,233.2,warehouse consumables 2025-10,Staples Business Advantage,,HAP-2025-10-0181,HAP-2025-10-0181,historical_ap,volume_opex
JE-HAP-2025-10-0182,2025-10,2025-10-31,2025-10-31,6000-Operating,1000-Cash,9831,98.31,security monitoring hosts 2025-10,Comcast Business,,HAP-2025-10-0182,HAP-2025-10-0182,historical_ap,volume_opex
JE-HAP-2025-10-0183,2025-10,2025-10-31,2025-10-31,6000-Operating,1000-Cash,15242,152.42,usage overage block 2025-10,HubSpot,,HAP-2025-10-0183,HAP-2025-10-0183,historical_ap,volume_opex
JE-HAP-2025-10-0184,2025-10,2025-10-31,2025-10-31,6000-Operating,1000-Cash,180000,1800.0,premium support 2025-10,Palo Alto Networks,,HAP-2025-10-0184,HAP-2025-10-0184,historical_ap,volume_opex
JE-HAP-2025-10-0185,2025-10,2025-10-31,2025-10-31,6000-Operating,1000-Cash,11561,115.61,warehouse consumables 2025-10,Vanta,,HAP-2025-10-0185,HAP-2025-10-0185,historical_ap,volume_opex
JE-HAP-2025-10-0186,2025-10,2025-10-31,2025-10-31,6000-Operating,1000-Cash,6022,60.22,security monitoring hosts 2025-10,Acme Supply Co.,,HAP-2025-10-0186,HAP-2025-10-0186,historical_ap,volume_opex
JE-HAP-2025-10-0187,2025-10,2025-10-31,2025-10-31,6000-Operating,1000-Cash,10533,105.33,usage overage block 2025-10,Helios Hardware,,HAP-2025-10-0187,HAP-2025-10-0187,historical_ap,volume_opex
JE-HAP-2025-10-0188,2025-10,2025-10-31,2025-10-31,6000-Operating,1000-Cash,1620044,16200.44,premium support 2025-10,Google Cloud,,HAP-2025-10-0188,HAP-2025-10-0188,historical_ap,volume_opex
JE-HAP-2025-10-0189,2025-10,2025-10-31,2025-10-31,6000-Operating,1000-Cash,42405,424.05,warehouse consumables 2025-10,Dell Technologies,,HAP-2025-10-0189,HAP-2025-10-0189,historical_ap,volume_opex
JE-HAP-2025-10-0190,2025-10,2025-10-31,2025-10-31,6000-Operating,1000-Cash,2466,24.66,security monitoring hosts 2025-10,Shadow Vendor LLC,,HAP-2025-10-0190,HAP-2025-10-0190,historical_ap,volume_opex
JE-HAP-2025-10-0191,2025-10,2025-10-31,2025-10-31,6000-Operating,1000-Cash,6077,60.77,usage overage block 2025-10,Twilio,,HAP-2025-10-0191,HAP-2025-10-0191,historical_ap,volume_opex
JE-HAP-2025-10-0192,2025-10,2025-10-31,2025-10-31,6000-Operating,1000-Cash,1080088,10800.88,premium support 2025-10,CrowdStrike,,HAP-2025-10-0192,HAP-2025-10-0192,historical_ap,volume_opex
JE-HAP-2025-10-0193,2025-10,2025-10-31,2025-10-31,6000-Operating,1000-Cash,10599,105.99,usage overage block 2025-10,Shadow Vendor LLC,,HAP-2025-10-0193,HAP-2025-10-0193,historical_ap,volume_opex
JE-HAP-2025-10-0194,2025-10,2025-10-31,2025-10-31,6000-Operating,1000-Cash,1620110,16201.1,premium support 2025-10,Twilio,,HAP-2025-10-0194,HAP-2025-10-0194,historical_ap,volume_opex
JE-HAP-2025-10-0195,2025-10,2025-10-31,2025-10-31,6000-Operating,1000-Cash,42471,424.71,warehouse consumables 2025-10,CrowdStrike,,HAP-2025-10-0195,HAP-2025-10-0195,historical_ap,volume_opex
JE-HAP-2025-10-0196,2025-10,2025-10-31,2025-10-31,6000-Operating,1000-Cash,2532,25.32,security monitoring hosts 2025-10,Northline Fab Group,,HAP-2025-10-0196,HAP-2025-10-0196,historical_ap,volume_opex
JE-HAP-2025-10-0197,2025-10,2025-10-31,2025-10-31,6000-Operating,1000-Cash,6143,61.43,usage overage block 2025-10,FedEx,,HAP-2025-10-0197,HAP-2025-10-0197,historical_ap,volume_opex
JE-HAP-2025-10-0198,2025-10,2025-10-31,2025-10-31,6000-Operating,1000-Cash,1080154,10801.54,premium support 2025-10,Pagaya Coffee Service,,HAP-2025-10-0198,HAP-2025-10-0198,historical_ap,volume_opex
JE-HAP-2025-10-0199,2025-10,2025-10-31,2025-10-31,6000-Operating,1000-Cash,30965,309.65,warehouse consumables 2025-10,Stripe Processing,,HAP-2025-10-0199,HAP-2025-10-0199,historical_ap,volume_opex
JE-HAP-2025-10-0200,2025-10,2025-10-31,2025-10-31,6000-Operating,1000-Cash,12176,121.76,security monitoring hosts 2025-10,Boston Edison Steam,,HAP-2025-10-0200,HAP-2025-10-0200,historical_ap,volume_opex
JE-HAP-2025-10-0201,2025-10,2025-10-31,2025-10-31,6000-Operating,1000-Cash,1687,16.87,usage overage block 2025-10,Linear App,,HAP-2025-10-0201,HAP-2025-10-0201,historical_ap,volume_opex
JE-HAP-2025-10-0202,2025-10,2025-10-31,2025-10-31,6000-Operating,1000-Cash,540198,5401.98,premium support 2025-10,Amazon Web Services,,HAP-2025-10-0202,HAP-2025-10-0202,historical_ap,volume_opex
JE-HAP-2025-10-0203,2025-10,2025-10-31,2025-10-31,6000-Operating,1000-Cash,19459,194.59,warehouse consumables 2025-10,Datadog,,HAP-2025-10-0203,HAP-2025-10-0203,historical_ap,volume_opex
JE-HAP-2025-10-0204,2025-10,2025-10-31,2025-10-31,6000-Operating,1000-Cash,8620,86.2,security monitoring hosts 2025-10,Hartford Insurance,,HAP-2025-10-0204,HAP-2025-10-0204,historical_ap,volume_opex
JE-HAP-2025-10-0205,2025-10,2025-10-31,2025-10-31,6000-Operating,1000-Cash,31031,310.31,warehouse consumables 2025-10,Amazon Web Services,,HAP-2025-10-0205,HAP-2025-10-0205,historical_ap,volume_opex
JE-HAP-2025-10-0206,2025-10,2025-10-31,2025-10-31,6000-Operating,1000-Cash,12242,122.42,security monitoring hosts 2025-10,Datadog,,HAP-2025-10-0206,HAP-2025-10-0206,historical_ap,volume_opex
JE-HAP-2025-10-0207,2025-10,2025-10-31,2025-10-31,6000-Operating,1000-Cash,1500,15.0,usage overage block 2025-10,Hartford Insurance,,HAP-2025-10-0207,HAP-2025-10-0207,historical_ap,volume_opex
JE-HAP-2025-10-0208,2025-10,2025-10-31,2025-10-31,6000-Operating,1000-Cash,540011,5400.11,premium support 2025-10,Harbor Electric,,HAP-2025-10-0208,HAP-2025-10-0208,historical_ap,volume_opex
JE-HAP-2025-10-0209,2025-10,2025-10-31,2025-10-31,6000-Operating,1000-Cash,19272,192.72,warehouse consumables 2025-10,Freightline Logistics,,HAP-2025-10-0209,HAP-2025-10-0209,historical_ap,volume_opex
JE-HAP-2025-10-0210,2025-10,2025-10-31,2025-10-31,6000-Operating,1000-Cash,8433,84.33,security monitoring hosts 2025-10,Notion Labs,,HAP-2025-10-0210,HAP-2025-10-0210,historical_ap,volume_opex
JE-HAP-2025-10-0211,2025-10,2025-10-31,2025-10-31,6000-Operating,1000-Cash,13544,135.44,usage overage block 2025-10,Zoom Video,,HAP-2025-10-0211,HAP-2025-10-0211,historical_ap,volume_opex
JE-HAP-2025-10-0212,2025-10,2025-10-31,2025-10-31,6000-Operating,1000-Cash,1980055,19800.55,premium support 2025-10,Helios Hardware Supply,,HAP-2025-10-0212,HAP-2025-10-0212,historical_ap,volume_opex
JE-HAP-2025-10-0213,2025-10,2025-10-31,2025-10-31,6000-Operating,1000-Cash,7766,77.66,warehouse consumables 2025-10,ADP,,HAP-2025-10-0213,HAP-2025-10-0213,historical_ap,volume_opex
JE-HAP-2025-10-0214,2025-10,2025-10-31,2025-10-31,6000-Operating,1000-Cash,4877,48.77,security monitoring hosts 2025-10,CleanRoom Janitorial,,HAP-2025-10-0214,HAP-2025-10-0214,historical_ap,volume_opex
JE-HAP-2025-10-0215,2025-10,2025-10-31,2025-10-31,6000-Operating,1000-Cash,9088,90.88,usage overage block 2025-10,Adyen NV,,HAP-2025-10-0215,HAP-2025-10-0215,historical_ap,volume_opex
JE-HAP-2025-10-0216,2025-10,2025-10-31,2025-10-31,6000-Operating,1000-Cash,1440099,14400.99,premium support 2025-10,Carta,,HAP-2025-10-0216,HAP-2025-10-0216,historical_ap,volume_opex
JE-HAP-2025-10-0217,2025-10,2025-10-31,2025-10-31,6000-Operating,1000-Cash,13610,136.1,usage overage block 2025-10,CleanRoom Janitorial,,HAP-2025-10-0217,HAP-2025-10-0217,historical_ap,volume_opex
JE-HAP-2025-10-0218,2025-10,2025-10-31,2025-10-31,6000-Operating,1000-Cash,1980121,19801.21,premium support 2025-10,Adyen NV,,HAP-2025-10-0218,HAP-2025-10-0218,historical_ap,volume_opex
JE-HAP-2025-10-0219,2025-10,2025-10-31,2025-10-31,6000-Operating,1000-Cash,7832,78.32,warehouse consumables 2025-10,Carta,,HAP-2025-10-0219,HAP-2025-10-0219,historical_ap,volume_opex
JE-HAP-2025-10-0220,2025-10,2025-10-31,2025-10-31,6000-Operating,1000-Cash,4943,49.43,security monitoring hosts 2025-10,Acme Supplies,,HAP-2025-10-0220,HAP-2025-10-0220,historical_ap,volume_opex
JE-HAP-2025-10-0221,2025-10,2025-10-31,2025-10-31,6000-Operating,1000-Cash,9154,91.54,usage overage block 2025-10,Northline Fabrication,,HAP-2025-10-0221,HAP-2025-10-0221,historical_ap,volume_opex
JE-HAP-2025-10-0222,2025-10,2025-10-31,2025-10-31,6000-Operating,1000-Cash,1440165,14401.65,premium support 2025-10,Slack Technologies,,HAP-2025-10-0222,HAP-2025-10-0222,historical_ap,volume_opex
JE-HAP-2025-10-0223,2025-10,2025-10-31,2025-10-31,6000-Operating,1000-Cash,38676,386.76,warehouse consumables 2025-10,Orbit Analytics,,HAP-2025-10-0223,HAP-2025-10-0223,historical_ap,volume_opex
JE-HAP-2025-10-0224,2025-10,2025-10-31,2025-10-31,6000-Operating,1000-Cash,1387,13.87,security monitoring hosts 2025-10,Lindholm & Ruiz LLP,,HAP-2025-10-0224,HAP-2025-10-0224,historical_ap,volume_opex
JE-HAP-2025-10-0225,2025-10,2025-10-31,2025-10-31,6000-Operating,1000-Cash,4698,46.98,usage overage block 2025-10,Lenovo,,HAP-2025-10-0225,HAP-2025-10-0225,historical_ap,volume_opex
JE-HAP-2025-10-0226,2025-10,2025-10-31,2025-10-31,6000-Operating,1000-Cash,900209,9002.09,premium support 2025-10,Snowflake,,HAP-2025-10-0226,HAP-2025-10-0226,historical_ap,volume_opex
JE-HAP-2025-10-0227,2025-10,2025-10-31,2025-10-31,6000-Operating,1000-Cash,27170,271.7,warehouse consumables 2025-10,Atlassian,,HAP-2025-10-0227,HAP-2025-10-0227,historical_ap,volume_opex
JE-HAP-2025-10-0228,2025-10,2025-10-31,2025-10-31,6000-Operating,1000-Cash,11031,110.31,security monitoring hosts 2025-10,Harbor Power & Light,,HAP-2025-10-0228,HAP-2025-10-0228,historical_ap,volume_opex
JE-HAP-2025-10-0229,2025-10,2025-10-31,2025-10-31,6000-Operating,1000-Cash,38742,387.42,warehouse consumables 2025-10,Snowflake,,HAP-2025-10-0229,HAP-2025-10-0229,historical_ap,volume_opex
JE-HAP-2025-10-0230,2025-10,2025-10-31,2025-10-31,6000-Operating,1000-Cash,1200,12.0,security monitoring hosts 2025-10,Atlassian,,HAP-2025-10-0230,HAP-2025-10-0230,historical_ap,volume_opex
JE-HAP-2025-10-0231,2025-10,2025-10-31,2025-10-31,6000-Operating,1000-Cash,4511,45.11,usage overage block 2025-10,Harbor Power & Light,,HAP-2025-10-0231,HAP-2025-10-0231,historical_ap,volume_opex
JE-HAP-2025-10-0232,2025-10,2025-10-31,2025-10-31,6000-Operating,1000-Cash,900022,9000.22,premium support 2025-10,WeWork Cambridge,,HAP-2025-10-0232,HAP-2025-10-0232,historical_ap,volume_opex
JE-HAP-2025-10-0233,2025-10,2025-10-31,2025-10-31,6000-Operating,1000-Cash,26983,269.83,warehouse consumables 2025-10,Kendall Square Parking,,HAP-2025-10-0233,HAP-2025-10-0233,historical_ap,volume_opex
JE-HAP-2025-10-0234,2025-10,2025-10-31,2025-10-31,6000-Operating,1000-Cash,10844,108.44,security monitoring hosts 2025-10,DocuSign,,HAP-2025-10-0234,HAP-2025-10-0234,historical_ap,volume_opex
JE-HAP-2025-10-0235,2025-10,2025-10-31,2025-10-31,6000-Operating,1000-Cash,16555,165.55,usage overage block 2025-10,Gusto Payroll,,HAP-2025-10-0235,HAP-2025-10-0235,historical_ap,volume_opex
JE-HAP-2025-10-0236,2025-10,2025-10-31,2025-10-31,6000-Operating,1000-Cash,360066,3600.66,premium support 2025-10,Acme Supplies LLC,,HAP-2025-10-0236,HAP-2025-10-0236,historical_ap,volume_opex
JE-HAP-2025-10-0237,2025-10,2025-10-31,2025-10-31,6000-Operating,1000-Cash,15477,154.77,warehouse consumables 2025-10,Office Depot,,HAP-2025-10-0237,HAP-2025-10-0237,historical_ap,volume_opex
JE-HAP-2025-10-0238,2025-10,2025-10-31,2025-10-31,6000-Operating,1000-Cash,7288,72.88,security monitoring hosts 2025-10,Figma,,HAP-2025-10-0238,HAP-2025-10-0238,historical_ap,volume_opex
JE-HAP-2025-10-0239,2025-10,2025-10-31,2025-10-31,6000-Operating,1000-Cash,12099,120.99,usage overage block 2025-10,Cambridge Properties,,HAP-2025-10-0239,HAP-2025-10-0239,historical_ap,volume_opex
JE-HAP-2025-10-0240,2025-10,2025-10-31,2025-10-31,6000-Operating,1000-Cash,1800110,18001.1,premium support 2025-10,GitHub,,HAP-2025-10-0240,HAP-2025-10-0240,historical_ap,volume_opex
JE-HAP-2025-11-0241,2025-11,2025-11-20,2025-11-20,6000-Operating,1000-Cash,16621,166.21,usage overage block 2025-11,Figma,,HAP-2025-11-0241,HAP-2025-11-0241,historical_ap,volume_opex
JE-HAP-2025-11-0242,2025-11,2025-11-20,2025-11-20,6000-Operating,1000-Cash,360132,3601.32,premium support 2025-11,Cambridge Properties,,HAP-2025-11-0242,HAP-2025-11-0242,historical_ap,volume_opex
JE-HAP-2025-11-0243,2025-11,2025-11-20,2025-11-20,6000-Operating,1000-Cash,15543,155.43,warehouse consumables 2025-11,GitHub,,HAP-2025-11-0243,HAP-2025-11-0243,historical_ap,volume_opex
JE-HAP-2025-11-0244,2025-11,2025-11-20,2025-11-20,6000-Operating,1000-Cash,7354,73.54,security monitoring hosts 2025-11,Misc Supplies,,HAP-2025-11-0244,HAP-2025-11-0244,historical_ap,volume_opex
JE-HAP-2025-11-0245,2025-11,2025-11-20,2025-11-20,6000-Operating,1000-Cash,12165,121.65,usage overage block 2025-11,Okta,,HAP-2025-11-0245,HAP-2025-11-0245,historical_ap,volume_opex
JE-HAP-2025-11-0246,2025-11,2025-11-20,2025-11-20,6000-Operating,1000-Cash,1800176,18001.76,premium support 2025-11,Cloudflare,,HAP-2025-11-0246,HAP-2025-11-0246,historical_ap,volume_opex
JE-HAP-2025-11-0247,2025-11,2025-11-20,2025-11-20,6000-Operating,1000-Cash,4037,40.37,warehouse consumables 2025-11,Staples Business Advantage,,HAP-2025-11-0247,HAP-2025-11-0247,historical_ap,volume_opex
JE-HAP-2025-11-0248,2025-11,2025-11-20,2025-11-20,6000-Operating,1000-Cash,3798,37.98,security monitoring hosts 2025-11,Comcast Business,,HAP-2025-11-0248,HAP-2025-11-0248,historical_ap,volume_opex
JE-HAP-2025-11-0249,2025-11,2025-11-20,2025-11-20,6000-Operating,1000-Cash,7709,77.09,usage overage block 2025-11,HubSpot,,HAP-2025-11-0249,HAP-2025-11-0249,historical_ap,volume_opex
JE-HAP-2025-11-0250,2025-11,2025-11-20,2025-11-20,6000-Operating,1000-Cash,1260220,12602.2,premium support 2025-11,Palo Alto Networks,,HAP-2025-11-0250,HAP-2025-11-0250,historical_ap,volume_opex
JE-HAP-2025-11-0251,2025-11,2025-11-20,2025-11-20,6000-Operating,1000-Cash,34881,348.81,warehouse consumables 2025-11,Vanta,,HAP-2025-11-0251,HAP-2025-11-0251,historical_ap,volume_opex
JE-HAP-2025-11-0252,2025-11,2025-11-20,2025-11-20,6000-Operating,1000-Cash,13442,134.42,security monitoring hosts 2025-11,Acme Supply Co.,,HAP-2025-11-0252,HAP-2025-11-0252,historical_ap,volume_opex
JE-HAP-2025-11-0253,2025-11,2025-11-21,2025-11-21,6000-Operating,1000-Cash,3850,38.5,warehouse consumables 2025-11,Palo Alto Networks,,HAP-2025-11-0253,HAP-2025-11-0253,historical_ap,volume_opex
JE-HAP-2025-11-0254,2025-11,2025-11-21,2025-11-21,6000-Operating,1000-Cash,3611,36.11,security monitoring hosts 2025-11,Vanta,,HAP-2025-11-0254,HAP-2025-11-0254,historical_ap,volume_opex
JE-HAP-2025-11-0255,2025-11,2025-11-21,2025-11-21,6000-Operating,1000-Cash,7522,75.22,usage overage block 2025-11,Acme Supply Co.,,HAP-2025-11-0255,HAP-2025-11-0255,historical_ap,volume_opex
JE-HAP-2025-11-0256,2025-11,2025-11-21,2025-11-21,6000-Operating,1000-Cash,1260033,12600.33,premium support 2025-11,Helios Hardware,,HAP-2025-11-0256,HAP-2025-11-0256,historical_ap,volume_opex
JE-HAP-2025-11-0257,2025-11,2025-11-21,2025-11-21,6000-Operating,1000-Cash,34694,346.94,warehouse consumables 2025-11,Google Cloud,,HAP-2025-11-0257,HAP-2025-11-0257,historical_ap,volume_opex
JE-HAP-2025-11-0258,2025-11,2025-11-21,2025-11-21,6000-Operating,1000-Cash,13255,132.55,security monitoring hosts 2025-11,Dell Technologies,,HAP-2025-11-0258,HAP-2025-11-0258,historical_ap,volume_opex
JE-HAP-2025-11-0259,2025-11,2025-11-21,2025-11-21,6000-Operating,1000-Cash,3066,30.66,usage overage block 2025-11,Shadow Vendor LLC,,HAP-2025-11-0259,HAP-2025-11-0259,historical_ap,volume_opex
JE-HAP-2025-11-0260,2025-11,2025-11-21,2025-11-21,6000-Operating,1000-Cash,720077,7200.77,premium support 2025-11,Twilio,,HAP-2025-11-0260,HAP-2025-11-0260,historical_ap,volume_opex
JE-HAP-2025-11-0261,2025-11,2025-11-21,2025-11-21,6000-Operating,1000-Cash,23188,231.88,warehouse consumables 2025-11,CrowdStrike,,HAP-2025-11-0261,HAP-2025-11-0261,historical_ap,volume_opex
JE-HAP-2025-11-0262,2025-11,2025-11-21,2025-11-21,6000-Operating,1000-Cash,9699,96.99,security monitoring hosts 2025-11,Northline Fab Group,,HAP-2025-11-0262,HAP-2025-11-0262,historical_ap,volume_opex
JE-HAP-2025-11-0263,2025-11,2025-11-21,2025-11-21,6000-Operating,1000-Cash,15110,151.1,usage overage block 2025-11,FedEx,,HAP-2025-11-0263,HAP-2025-11-0263,historical_ap,volume_opex
JE-HAP-2025-11-0264,2025-11,2025-11-21,2025-11-21,6000-Operating,1000-Cash,180121,1801.21,premium support 2025-11,Pagaya Coffee Service,,HAP-2025-11-0264,HAP-2025-11-0264,historical_ap,volume_opex
JE-HAP-2025-11-0265,2025-11,2025-11-22,2025-11-22,6000-Operating,1000-Cash,3132,31.32,usage overage block 2025-11,Northline Fab Group,,HAP-2025-11-0265,HAP-2025-11-0265,historical_ap,volume_opex
JE-HAP-2025-11-0266,2025-11,2025-11-22,2025-11-22,6000-Operating,1000-Cash,720143,7201.43,premium support 2025-11,FedEx,,HAP-2025-11-0266,HAP-2025-11-0266,historical_ap,volume_opex
JE-HAP-2025-11-0267,2025-11,2025-11-22,2025-11-22,6000-Operating,1000-Cash,23254,232.54,warehouse consumables 2025-11,Pagaya Coffee Service,,HAP-2025-11-0267,HAP-2025-11-0267,historical_ap,volume_opex
JE-HAP-2025-11-0268,2025-11,2025-11-22,2025-11-22,6000-Operating,1000-Cash,9765,97.65,security monitoring hosts 2025-11,Stripe Processing,,HAP-2025-11-0268,HAP-2025-11-0268,historical_ap,volume_opex
JE-HAP-2025-11-0269,2025-11,2025-11-22,2025-11-22,6000-Operating,1000-Cash,15176,151.76,usage overage block 2025-11,Boston Edison Steam,,HAP-2025-11-0269,HAP-2025-11-0269,historical_ap,volume_opex
JE-HAP-2025-11-0270,2025-11,2025-11-22,2025-11-22,6000-Operating,1000-Cash,180187,1801.87,premium support 2025-11,Linear App,,HAP-2025-11-0270,HAP-2025-11-0270,historical_ap,volume_opex
JE-HAP-2025-11-0271,2025-11,2025-11-22,2025-11-22,6000-Operating,1000-Cash,11748,117.48,warehouse consumables 2025-11,Amazon Web Services,,HAP-2025-11-0271,HAP-2025-11-0271,historical_ap,volume_opex
JE-HAP-2025-11-0272,2025-11,2025-11-22,2025-11-22,6000-Operating,1000-Cash,6209,62.09,security monitoring hosts 2025-11,Datadog,,HAP-2025-11-0272,HAP-2025-11-0272,historical_ap,volume_opex
JE-HAP-2025-11-0273,2025-11,2025-11-22,2025-11-22,6000-Operating,1000-Cash,10720,107.2,usage overage block 2025-11,Hartford Insurance,,HAP-2025-11-0273,HAP-2025-11-0273,historical_ap,volume_opex
JE-HAP-2025-11-0274,2025-11,2025-11-22,2025-11-22,6000-Operating,1000-Cash,1620231,16202.31,premium support 2025-11,Harbor Electric,,HAP-2025-11-0274,HAP-2025-11-0274,historical_ap,volume_opex
JE-HAP-2025-11-0275,2025-11,2025-11-22,2025-11-22,6000-Operating,1000-Cash,42592,425.92,warehouse consumables 2025-11,Freightline Logistics,,HAP-2025-11-0275,HAP-2025-11-0275,historical_ap,volume_opex
JE-HAP-2025-11-0276,2025-11,2025-11-22,2025-11-22,6000-Operating,1000-Cash,2400,24.0,security monitoring hosts 2025-11,Notion Labs,,HAP-2025-11-0276,HAP-2025-11-0276,historical_ap,volume_opex
JE-HAP-2025-11-0277,2025-11,2025-11-23,2025-11-23,6000-Operating,1000-Cash,11561,115.61,warehouse consumables 2025-11,Harbor Electric,,HAP-2025-11-0277,HAP-2025-11-0277,historical_ap,volume_opex
JE-HAP-2025-11-0278,2025-11,2025-11-23,2025-11-23,6000-Operating,1000-Cash,6022,60.22,security monitoring hosts 2025-11,Freightline Logistics,,HAP-2025-11-0278,HAP-2025-11-0278,historical_ap,volume_opex
JE-HAP-2025-11-0279,2025-11,2025-11-23,2025-11-23,6000-Operating,1000-Cash,10533,105.33,usage overage block 2025-11,Notion Labs,,HAP-2025-11-0279,HAP-2025-11-0279,historical_ap,volume_opex
JE-HAP-2025-11-0280,2025-11,2025-11-23,2025-11-23,6000-Operating,1000-Cash,1620044,16200.44,premium support 2025-11,Zoom Video,,HAP-2025-11-0280,HAP-2025-11-0280,historical_ap,volume_opex
JE-HAP-2025-11-0281,2025-11,2025-11-23,2025-11-23,6000-Operating,1000-Cash,42405,424.05,warehouse consumables 2025-11,Helios Hardware Supply,,HAP-2025-11-0281,HAP-2025-11-0281,historical_ap,volume_opex
JE-HAP-2025-11-0282,2025-11,2025-11-23,2025-11-23,6000-Operating,1000-Cash,2466,24.66,security monitoring hosts 2025-11,ADP,,HAP-2025-11-0282,HAP-2025-11-0282,historical_ap,volume_opex
JE-HAP-2025-11-0283,2025-11,2025-11-23,2025-11-23,6000-Operating,1000-Cash,6077,60.77,usage overage block 2025-11,CleanRoom Janitorial,,HAP-2025-11-0283,HAP-2025-11-0283,historical_ap,volume_opex
JE-HAP-2025-11-0284,2025-11,2025-11-23,2025-11-23,6000-Operating,1000-Cash,1080088,10800.88,premium support 2025-11,Adyen NV,,HAP-2025-11-0284,HAP-2025-11-0284,historical_ap,volume_opex
JE-HAP-2025-11-0285,2025-11,2025-11-23,2025-11-23,6000-Operating,1000-Cash,30899,308.99,warehouse consumables 2025-11,Carta,,HAP-2025-11-0285,HAP-2025-11-0285,historical_ap,volume_opex
JE-HAP-2025-11-0286,2025-11,2025-11-23,2025-11-23,6000-Operating,1000-Cash,12110,121.1,security monitoring hosts 2025-11,Acme Supplies,,HAP-2025-11-0286,HAP-2025-11-0286,historical_ap,volume_opex
JE-HAP-2025-11-0287,2025-11,2025-11-23,2025-11-23,6000-Operating,1000-Cash,1621,16.21,usage overage block 2025-11,Northline Fabrication,,HAP-2025-11-0287,HAP-2025-11-0287,historical_ap,volume_opex
JE-HAP-2025-11-0288,2025-11,2025-11-23,2025-11-23,6000-Operating,1000-Cash,540132,5401.32,premium support 2025-11,Slack Technologies,,HAP-2025-11-0288,HAP-2025-11-0288,historical_ap,volume_opex
JE-HAP-2025-11-0289,2025-11,2025-11-24,2025-11-24,6000-Operating,1000-Cash,6143,61.43,usage overage block 2025-11,Acme Supplies,,HAP-2025-11-0289,HAP-2025-11-0289,historical_ap,volume_opex
JE-HAP-2025-11-0290,2025-11,2025-11-24,2025-11-24,6000-Operating,1000-Cash,1080154,10801.54,premium support 2025-11,Northline Fabrication,,HAP-2025-11-0290,HAP-2025-11-0290,historical_ap,volume_opex
JE-HAP-2025-11-0291,2025-11,2025-11-24,2025-11-24,6000-Operating,1000-Cash,30965,309.65,warehouse consumables 2025-11,Slack Technologies,,HAP-2025-11-0291,HAP-2025-11-0291,historical_ap,volume_opex
JE-HAP-2025-11-0292,2025-11,2025-11-24,2025-11-24,6000-Operating,1000-Cash,12176,121.76,security monitoring hosts 2025-11,Orbit Analytics,,HAP-2025-11-0292,HAP-2025-11-0292,historical_ap,volume_opex
JE-HAP-2025-11-0293,2025-11,2025-11-24,2025-11-24,6000-Operating,1000-Cash,1687,16.87,usage overage block 2025-11,Lindholm & Ruiz LLP,,HAP-2025-11-0293,HAP-2025-11-0293,historical_ap,volume_opex
JE-HAP-2025-11-0294,2025-11,2025-11-24,2025-11-24,6000-Operating,1000-Cash,540198,5401.98,premium support 2025-11,Lenovo,,HAP-2025-11-0294,HAP-2025-11-0294,historical_ap,volume_opex
JE-HAP-2025-11-0295,2025-11,2025-11-24,2025-11-24,6000-Operating,1000-Cash,19459,194.59,warehouse consumables 2025-11,Snowflake,,HAP-2025-11-0295,HAP-2025-11-0295,historical_ap,volume_opex
JE-HAP-2025-11-0296,2025-11,2025-11-24,2025-11-24,6000-Operating,1000-Cash,8620,86.2,security monitoring hosts 2025-11,Atlassian,,HAP-2025-11-0296,HAP-2025-11-0296,historical_ap,volume_opex
JE-HAP-2025-11-0297,2025-11,2025-11-24,2025-11-24,6000-Operating,1000-Cash,13731,137.31,usage overage block 2025-11,Harbor Power & Light,,HAP-2025-11-0297,HAP-2025-11-0297,historical_ap,volume_opex
JE-HAP-2025-11-0298,2025-11,2025-11-24,2025-11-24,6000-Operating,1000-Cash,1980242,19802.42,premium support 2025-11,WeWork Cambridge,,HAP-2025-11-0298,HAP-2025-11-0298,historical_ap,volume_opex
JE-HAP-2025-11-0299,2025-11,2025-11-24,2025-11-24,6000-Operating,1000-Cash,7700,77.0,warehouse consumables 2025-11,Kendall Square Parking,,HAP-2025-11-0299,HAP-2025-11-0299,historical_ap,volume_opex
JE-HAP-2025-11-0300,2025-11,2025-11-24,2025-11-24,6000-Operating,1000-Cash,4811,48.11,security monitoring hosts 2025-11,DocuSign,,HAP-2025-11-0300,HAP-2025-11-0300,historical_ap,volume_opex
JE-HAP-2025-11-0301,2025-11,2025-11-25,2025-11-25,6000-Operating,1000-Cash,19272,192.72,warehouse consumables 2025-11,WeWork Cambridge,,HAP-2025-11-0301,HAP-2025-11-0301,historical_ap,volume_opex
JE-HAP-2025-11-0302,2025-11,2025-11-25,2025-11-25,6000-Operating,1000-Cash,8433,84.33,security monitoring hosts 2025-11,Kendall Square Parking,,HAP-2025-11-0302,HAP-2025-11-0302,historical_ap,volume_opex
JE-HAP-2025-11-0303,2025-11,2025-11-25,2025-11-25,6000-Operating,1000-Cash,13544,135.44,usage overage block 2025-11,DocuSign,,HAP-2025-11-0303,HAP-2025-11-0303,historical_ap,volume_opex
JE-HAP-2025-11-0304,2025-11,2025-11-25,2025-11-25,6000-Operating,1000-Cash,1980055,19800.55,premium support 2025-11,Gusto Payroll,,HAP-2025-11-0304,HAP-2025-11-0304,historical_ap,volume_opex
JE-HAP-2025-11-0305,2025-11,2025-11-25,2025-11-25,6000-Operating,1000-Cash,7766,77.66,warehouse consumables 2025-11,Acme Supplies LLC,,HAP-2025-11-0305,HAP-2025-11-0305,historical_ap,volume_opex
JE-HAP-2025-11-0306,2025-11,2025-11-25,2025-11-25,6000-Operating,1000-Cash,4877,48.77,security monitoring hosts 2025-11,Office Depot,,HAP-2025-11-0306,HAP-2025-11-0306,historical_ap,volume_opex
JE-HAP-2025-11-0307,2025-11,2025-11-25,2025-11-25,6000-Operating,1000-Cash,9088,90.88,usage overage block 2025-11,Figma,,HAP-2025-11-0307,HAP-2025-11-0307,historical_ap,volume_opex
JE-HAP-2025-11-0308,2025-11,2025-11-25,2025-11-25,6000-Operating,1000-Cash,1440099,14400.99,premium support 2025-11,Cambridge Properties,,HAP-2025-11-0308,HAP-2025-11-0308,historical_ap,volume_opex
JE-HAP-2025-11-0309,2025-11,2025-11-25,2025-11-25,6000-Operating,1000-Cash,38610,386.1,warehouse consumables 2025-11,GitHub,,HAP-2025-11-0309,HAP-2025-11-0309,historical_ap,volume_opex
JE-HAP-2025-11-0310,2025-11,2025-11-25,2025-11-25,6000-Operating,1000-Cash,1321,13.21,security monitoring hosts 2025-11,Misc Supplies,,HAP-2025-11-0310,HAP-2025-11-0310,historical_ap,volume_opex
JE-HAP-2025-11-0311,2025-11,2025-11-25,2025-11-25,6000-Operating,1000-Cash,4632,46.32,usage overage block 2025-11,Okta,,HAP-2025-11-0311,HAP-2025-11-0311,historical_ap,volume_opex
JE-HAP-2025-11-0312,2025-11,2025-11-25,2025-11-25,6000-Operating,1000-Cash,900143,9001.43,premium support 2025-11,Cloudflare,,HAP-2025-11-0312,HAP-2025-11-0312,historical_ap,volume_opex
JE-HAP-2025-11-0313,2025-11,2025-11-26,2025-11-26,6000-Operating,1000-Cash,9154,91.54,usage overage block 2025-11,Misc Supplies,,HAP-2025-11-0313,HAP-2025-11-0313,historical_ap,volume_opex
JE-HAP-2025-11-0314,2025-11,2025-11-26,2025-11-26,6000-Operating,1000-Cash,1440165,14401.65,premium support 2025-11,Okta,,HAP-2025-11-0314,HAP-2025-11-0314,historical_ap,volume_opex
JE-HAP-2025-11-0315,2025-11,2025-11-26,2025-11-26,6000-Operating,1000-Cash,38676,386.76,warehouse consumables 2025-11,Cloudflare,,HAP-2025-11-0315,HAP-2025-11-0315,historical_ap,volume_opex
JE-HAP-2025-11-0316,2025-11,2025-11-26,2025-11-26,6000-Operating,1000-Cash,1387,13.87,security monitoring hosts 2025-11,Staples Business Advantage,,HAP-2025-11-0316,HAP-2025-11-0316,historical_ap,volume_opex
JE-HAP-2025-11-0317,2025-11,2025-11-26,2025-11-26,6000-Operating,1000-Cash,4698,46.98,usage overage block 2025-11,Comcast Business,,HAP-2025-11-0317,HAP-2025-11-0317,historical_ap,volume_opex
JE-HAP-2025-11-0318,2025-11,2025-11-26,2025-11-26,6000-Operating,1000-Cash,900209,9002.09,premium support 2025-11,HubSpot,,HAP-2025-11-0318,HAP-2025-11-0318,historical_ap,volume_opex
JE-HAP-2025-11-0319,2025-11,2025-11-26,2025-11-26,6000-Operating,1000-Cash,27170,271.7,warehouse consumables 2025-11,Palo Alto Networks,,HAP-2025-11-0319,HAP-2025-11-0319,historical_ap,volume_opex
JE-HAP-2025-11-0320,2025-11,2025-11-26,2025-11-26,6000-Operating,1000-Cash,11031,110.31,security monitoring hosts 2025-11,Vanta,,HAP-2025-11-0320,HAP-2025-11-0320,historical_ap,volume_opex
JE-HAP-2025-11-0321,2025-11,2025-11-26,2025-11-26,6000-Operating,1000-Cash,16742,167.42,usage overage block 2025-11,Acme Supply Co.,,HAP-2025-11-0321,HAP-2025-11-0321,historical_ap,volume_opex
JE-HAP-2025-11-0322,2025-11,2025-11-26,2025-11-26,6000-Operating,1000-Cash,360000,3600.0,premium support 2025-11,Helios Hardware,,HAP-2025-11-0322,HAP-2025-11-0322,historical_ap,volume_opex
JE-HAP-2025-11-0323,2025-11,2025-11-26,2025-11-26,6000-Operating,1000-Cash,15411,154.11,warehouse consumables 2025-11,Google Cloud,,HAP-2025-11-0323,HAP-2025-11-0323,historical_ap,volume_opex
JE-HAP-2025-11-0324,2025-11,2025-11-26,2025-11-26,6000-Operating,1000-Cash,7222,72.22,security monitoring hosts 2025-11,Dell Technologies,,HAP-2025-11-0324,HAP-2025-11-0324,historical_ap,volume_opex
JE-HAP-2025-11-0325,2025-11,2025-11-27,2025-11-27,6000-Operating,1000-Cash,26983,269.83,warehouse consumables 2025-11,Helios Hardware,,HAP-2025-11-0325,HAP-2025-11-0325,historical_ap,volume_opex
JE-HAP-2025-11-0326,2025-11,2025-11-27,2025-11-27,6000-Operating,1000-Cash,10844,108.44,security monitoring hosts 2025-11,Google Cloud,,HAP-2025-11-0326,HAP-2025-11-0326,historical_ap,volume_opex
JE-HAP-2025-11-0327,2025-11,2025-11-27,2025-11-27,6000-Operating,1000-Cash,16555,165.55,usage overage block 2025-11,Dell Technologies,,HAP-2025-11-0327,HAP-2025-11-0327,historical_ap,volume_opex
JE-HAP-2025-11-0328,2025-11,2025-11-27,2025-11-27,6000-Operating,1000-Cash,360066,3600.66,premium support 2025-11,Shadow Vendor LLC,,HAP-2025-11-0328,HAP-2025-11-0328,historical_ap,volume_opex
JE-HAP-2025-11-0329,2025-11,2025-11-27,2025-11-27,6000-Operating,1000-Cash,15477,154.77,warehouse consumables 2025-11,Twilio,,HAP-2025-11-0329,HAP-2025-11-0329,historical_ap,volume_opex
JE-HAP-2025-11-0330,2025-11,2025-11-27,2025-11-27,6000-Operating,1000-Cash,7288,72.88,security monitoring hosts 2025-11,CrowdStrike,,HAP-2025-11-0330,HAP-2025-11-0330,historical_ap,volume_opex
JE-HAP-2025-11-0331,2025-11,2025-11-27,2025-11-27,6000-Operating,1000-Cash,12099,120.99,usage overage block 2025-11,Northline Fab Group,,HAP-2025-11-0331,HAP-2025-11-0331,historical_ap,volume_opex
JE-HAP-2025-11-0332,2025-11,2025-11-27,2025-11-27,6000-Operating,1000-Cash,1800110,18001.1,premium support 2025-11,FedEx,,HAP-2025-11-0332,HAP-2025-11-0332,historical_ap,volume_opex
JE-HAP-2025-11-0333,2025-11,2025-11-27,2025-11-27,6000-Operating,1000-Cash,3971,39.71,warehouse consumables 2025-11,Pagaya Coffee Service,,HAP-2025-11-0333,HAP-2025-11-0333,historical_ap,volume_opex
JE-HAP-2025-11-0334,2025-11,2025-11-27,2025-11-27,6000-Operating,1000-Cash,3732,37.32,security monitoring hosts 2025-11,Stripe Processing,,HAP-2025-11-0334,HAP-2025-11-0334,historical_ap,volume_opex
JE-HAP-2025-11-0335,2025-11,2025-11-27,2025-11-27,6000-Operating,1000-Cash,7643,76.43,usage overage block 2025-11,Boston Edison Steam,,HAP-2025-11-0335,HAP-2025-11-0335,historical_ap,volume_opex
JE-HAP-2025-11-0336,2025-11,2025-11-27,2025-11-27,6000-Operating,1000-Cash,1260154,12601.54,premium support 2025-11,Linear App,,HAP-2025-11-0336,HAP-2025-11-0336,historical_ap,volume_opex
JE-HAP-2025-11-0337,2025-11,2025-11-28,2025-11-28,6000-Operating,1000-Cash,12165,121.65,usage overage block 2025-11,Stripe Processing,,HAP-2025-11-0337,HAP-2025-11-0337,historical_ap,volume_opex
JE-HAP-2025-11-0338,2025-11,2025-11-28,2025-11-28,6000-Operating,1000-Cash,1800176,18001.76,premium support 2025-11,Boston Edison Steam,,HAP-2025-11-0338,HAP-2025-11-0338,historical_ap,volume_opex
JE-HAP-2025-11-0339,2025-11,2025-11-28,2025-11-28,6000-Operating,1000-Cash,4037,40.37,warehouse consumables 2025-11,Linear App,,HAP-2025-11-0339,HAP-2025-11-0339,historical_ap,volume_opex
JE-HAP-2025-11-0340,2025-11,2025-11-28,2025-11-28,6000-Operating,1000-Cash,3798,37.98,security monitoring hosts 2025-11,Amazon Web Services,,HAP-2025-11-0340,HAP-2025-11-0340,historical_ap,volume_opex
JE-HAP-2025-11-0341,2025-11,2025-11-28,2025-11-28,6000-Operating,1000-Cash,7709,77.09,usage overage block 2025-11,Datadog,,HAP-2025-11-0341,HAP-2025-11-0341,historical_ap,volume_opex
JE-HAP-2025-11-0342,2025-11,2025-11-28,2025-11-28,6000-Operating,1000-Cash,1260220,12602.2,premium support 2025-11,Hartford Insurance,,HAP-2025-11-0342,HAP-2025-11-0342,historical_ap,volume_opex
JE-HAP-2025-11-0343,2025-11,2025-11-28,2025-11-28,6000-Operating,1000-Cash,34881,348.81,warehouse consumables 2025-11,Harbor Electric,,HAP-2025-11-0343,HAP-2025-11-0343,historical_ap,volume_opex
JE-HAP-2025-11-0344,2025-11,2025-11-28,2025-11-28,6000-Operating,1000-Cash,13442,134.42,security monitoring hosts 2025-11,Freightline Logistics,,HAP-2025-11-0344,HAP-2025-11-0344,historical_ap,volume_opex
JE-HAP-2025-11-0345,2025-11,2025-11-28,2025-11-28,6000-Operating,1000-Cash,3000,30.0,usage overage block 2025-11,Notion Labs,,HAP-2025-11-0345,HAP-2025-11-0345,historical_ap,volume_opex
JE-HAP-2025-11-0346,2025-11,2025-11-28,2025-11-28,6000-Operating,1000-Cash,720011,7200.11,premium support 2025-11,Zoom Video,,HAP-2025-11-0346,HAP-2025-11-0346,historical_ap,volume_opex
JE-HAP-2025-11-0347,2025-11,2025-11-28,2025-11-28,6000-Operating,1000-Cash,23122,231.22,warehouse consumables 2025-11,Helios Hardware Supply,,HAP-2025-11-0347,HAP-2025-11-0347,historical_ap,volume_opex
JE-HAP-2025-11-0348,2025-11,2025-11-28,2025-11-28,6000-Operating,1000-Cash,9633,96.33,security monitoring hosts 2025-11,ADP,,HAP-2025-11-0348,HAP-2025-11-0348,historical_ap,volume_opex
JE-HAP-2025-11-0349,2025-11,2025-11-29,2025-11-29,6000-Operating,1000-Cash,34694,346.94,warehouse consumables 2025-11,Zoom Video,,HAP-2025-11-0349,HAP-2025-11-0349,historical_ap,volume_opex
JE-HAP-2025-11-0350,2025-11,2025-11-29,2025-11-29,6000-Operating,1000-Cash,13255,132.55,security monitoring hosts 2025-11,Helios Hardware Supply,,HAP-2025-11-0350,HAP-2025-11-0350,historical_ap,volume_opex
JE-HAP-2025-11-0351,2025-11,2025-11-29,2025-11-29,6000-Operating,1000-Cash,3066,30.66,usage overage block 2025-11,ADP,,HAP-2025-11-0351,HAP-2025-11-0351,historical_ap,volume_opex
JE-HAP-2025-11-0352,2025-11,2025-11-29,2025-11-29,6000-Operating,1000-Cash,720077,7200.77,premium support 2025-11,CleanRoom Janitorial,,HAP-2025-11-0352,HAP-2025-11-0352,historical_ap,volume_opex
JE-HAP-2025-11-0353,2025-11,2025-11-29,2025-11-29,6000-Operating,1000-Cash,23188,231.88,warehouse consumables 2025-11,Adyen NV,,HAP-2025-11-0353,HAP-2025-11-0353,historical_ap,volume_opex
JE-HAP-2025-11-0354,2025-11,2025-11-29,2025-11-29,6000-Operating,1000-Cash,9699,96.99,security monitoring hosts 2025-11,Carta,,HAP-2025-11-0354,HAP-2025-11-0354,historical_ap,volume_opex
JE-HAP-2025-11-0355,2025-11,2025-11-29,2025-11-29,6000-Operating,1000-Cash,15110,151.1,usage overage block 2025-11,Acme Supplies,,HAP-2025-11-0355,HAP-2025-11-0355,historical_ap,volume_opex
JE-HAP-2025-11-0356,2025-11,2025-11-29,2025-11-29,6000-Operating,1000-Cash,180121,1801.21,premium support 2025-11,Northline Fabrication,,HAP-2025-11-0356,HAP-2025-11-0356,historical_ap,volume_opex
JE-HAP-2025-11-0357,2025-11,2025-11-29,2025-11-29,6000-Operating,1000-Cash,11682,116.82,warehouse consumables 2025-11,Slack Technologies,,HAP-2025-11-0357,HAP-2025-11-0357,historical_ap,volume_opex
JE-HAP-2025-11-0358,2025-11,2025-11-29,2025-11-29,6000-Operating,1000-Cash,6143,61.43,security monitoring hosts 2025-11,Orbit Analytics,,HAP-2025-11-0358,HAP-2025-11-0358,historical_ap,volume_opex
JE-HAP-2025-11-0359,2025-11,2025-11-29,2025-11-29,6000-Operating,1000-Cash,10654,106.54,usage overage block 2025-11,Lindholm & Ruiz LLP,,HAP-2025-11-0359,HAP-2025-11-0359,historical_ap,volume_opex
JE-HAP-2025-11-0360,2025-11,2025-11-29,2025-11-29,6000-Operating,1000-Cash,1620165,16201.65,premium support 2025-11,Lenovo,,HAP-2025-11-0360,HAP-2025-11-0360,historical_ap,volume_opex
JE-HAP-2025-11-0361,2025-11,2025-11-30,2025-11-30,6000-Operating,1000-Cash,15176,151.76,usage overage block 2025-11,Orbit Analytics,,HAP-2025-11-0361,HAP-2025-11-0361,historical_ap,volume_opex
JE-HAP-2025-11-0362,2025-11,2025-11-30,2025-11-30,6000-Operating,1000-Cash,180187,1801.87,premium support 2025-11,Lindholm & Ruiz LLP,,HAP-2025-11-0362,HAP-2025-11-0362,historical_ap,volume_opex
JE-HAP-2025-11-0363,2025-11,2025-11-30,2025-11-30,6000-Operating,1000-Cash,11748,117.48,warehouse consumables 2025-11,Lenovo,,HAP-2025-11-0363,HAP-2025-11-0363,historical_ap,volume_opex
JE-HAP-2025-11-0364,2025-11,2025-11-30,2025-11-30,6000-Operating,1000-Cash,6209,62.09,security monitoring hosts 2025-11,Snowflake,,HAP-2025-11-0364,HAP-2025-11-0364,historical_ap,volume_opex
JE-HAP-2025-11-0365,2025-11,2025-11-30,2025-11-30,6000-Operating,1000-Cash,10720,107.2,usage overage block 2025-11,Atlassian,,HAP-2025-11-0365,HAP-2025-11-0365,historical_ap,volume_opex
JE-HAP-2025-11-0366,2025-11,2025-11-30,2025-11-30,6000-Operating,1000-Cash,1620231,16202.31,premium support 2025-11,Harbor Power & Light,,HAP-2025-11-0366,HAP-2025-11-0366,historical_ap,volume_opex
JE-HAP-2025-11-0367,2025-11,2025-11-30,2025-11-30,6000-Operating,1000-Cash,42592,425.92,warehouse consumables 2025-11,WeWork Cambridge,,HAP-2025-11-0367,HAP-2025-11-0367,historical_ap,volume_opex
JE-HAP-2025-11-0368,2025-11,2025-11-30,2025-11-30,6000-Operating,1000-Cash,2400,24.0,security monitoring hosts 2025-11,Kendall Square Parking,,HAP-2025-11-0368,HAP-2025-11-0368,historical_ap,volume_opex
JE-HAP-2025-11-0369,2025-11,2025-11-30,2025-11-30,6000-Operating,1000-Cash,6011,60.11,usage overage block 2025-11,DocuSign,,HAP-2025-11-0369,HAP-2025-11-0369,historical_ap,volume_opex
JE-HAP-2025-11-0370,2025-11,2025-11-30,2025-11-30,6000-Operating,1000-Cash,1080022,10800.22,premium support 2025-11,Gusto Payroll,,HAP-2025-11-0370,HAP-2025-11-0370,historical_ap,volume_opex
JE-HAP-2025-11-0371,2025-11,2025-11-30,2025-11-30,6000-Operating,1000-Cash,30833,308.33,warehouse consumables 2025-11,Acme Supplies LLC,,HAP-2025-11-0371,HAP-2025-11-0371,historical_ap,volume_opex
JE-HAP-2025-11-0372,2025-11,2025-11-30,2025-11-30,6000-Operating,1000-Cash,12044,120.44,security monitoring hosts 2025-11,Office Depot,,HAP-2025-11-0372,HAP-2025-11-0372,historical_ap,volume_opex
JE-HAP-2025-11-0373,2025-11,2025-11-30,2025-11-30,6000-Operating,1000-Cash,42405,424.05,warehouse consumables 2025-11,Gusto Payroll,,HAP-2025-11-0373,HAP-2025-11-0373,historical_ap,volume_opex
JE-HAP-2025-11-0374,2025-11,2025-11-30,2025-11-30,6000-Operating,1000-Cash,2466,24.66,security monitoring hosts 2025-11,Acme Supplies LLC,,HAP-2025-11-0374,HAP-2025-11-0374,historical_ap,volume_opex
JE-HAP-2025-11-0375,2025-11,2025-11-30,2025-11-30,6000-Operating,1000-Cash,6077,60.77,usage overage block 2025-11,Office Depot,,HAP-2025-11-0375,HAP-2025-11-0375,historical_ap,volume_opex
JE-HAP-2025-11-0376,2025-11,2025-11-30,2025-11-30,6000-Operating,1000-Cash,1080088,10800.88,premium support 2025-11,Figma,,HAP-2025-11-0376,HAP-2025-11-0376,historical_ap,volume_opex
JE-HAP-2025-11-0377,2025-11,2025-11-30,2025-11-30,6000-Operating,1000-Cash,30899,308.99,warehouse consumables 2025-11,Cambridge Properties,,HAP-2025-11-0377,HAP-2025-11-0377,historical_ap,volume_opex
JE-HAP-2025-11-0378,2025-11,2025-11-30,2025-11-30,6000-Operating,1000-Cash,12110,121.1,security monitoring hosts 2025-11,GitHub,,HAP-2025-11-0378,HAP-2025-11-0378,historical_ap,volume_opex
JE-HAP-2025-11-0379,2025-11,2025-11-30,2025-11-30,6000-Operating,1000-Cash,1621,16.21,usage overage block 2025-11,Misc Supplies,,HAP-2025-11-0379,HAP-2025-11-0379,historical_ap,volume_opex
JE-HAP-2025-11-0380,2025-11,2025-11-30,2025-11-30,6000-Operating,1000-Cash,540132,5401.32,premium support 2025-11,Okta,,HAP-2025-11-0380,HAP-2025-11-0380,historical_ap,volume_opex
JE-HAP-2025-11-0381,2025-11,2025-11-30,2025-11-30,6000-Operating,1000-Cash,19393,193.93,warehouse consumables 2025-11,Cloudflare,,HAP-2025-11-0381,HAP-2025-11-0381,historical_ap,volume_opex
JE-HAP-2025-11-0382,2025-11,2025-11-30,2025-11-30,6000-Operating,1000-Cash,8554,85.54,security monitoring hosts 2025-11,Staples Business Advantage,,HAP-2025-11-0382,HAP-2025-11-0382,historical_ap,volume_opex
JE-HAP-2025-11-0383,2025-11,2025-11-30,2025-11-30,6000-Operating,1000-Cash,13665,136.65,usage overage block 2025-11,Comcast Business,,HAP-2025-11-0383,HAP-2025-11-0383,historical_ap,volume_opex
JE-HAP-2025-11-0384,2025-11,2025-11-30,2025-11-30,6000-Operating,1000-Cash,1980176,19801.76,premium support 2025-11,HubSpot,,HAP-2025-11-0384,HAP-2025-11-0384,historical_ap,volume_opex
JE-HAP-2025-11-0385,2025-11,2025-11-30,2025-11-30,6000-Operating,1000-Cash,1687,16.87,usage overage block 2025-11,Staples Business Advantage,,HAP-2025-11-0385,HAP-2025-11-0385,historical_ap,volume_opex
JE-HAP-2025-11-0386,2025-11,2025-11-30,2025-11-30,6000-Operating,1000-Cash,540198,5401.98,premium support 2025-11,Comcast Business,,HAP-2025-11-0386,HAP-2025-11-0386,historical_ap,volume_opex
JE-HAP-2025-11-0387,2025-11,2025-11-30,2025-11-30,6000-Operating,1000-Cash,19459,194.59,warehouse consumables 2025-11,HubSpot,,HAP-2025-11-0387,HAP-2025-11-0387,historical_ap,volume_opex
JE-HAP-2025-11-0388,2025-11,2025-11-30,2025-11-30,6000-Operating,1000-Cash,8620,86.2,security monitoring hosts 2025-11,Palo Alto Networks,,HAP-2025-11-0388,HAP-2025-11-0388,historical_ap,volume_opex
JE-HAP-2025-11-0389,2025-11,2025-11-30,2025-11-30,6000-Operating,1000-Cash,13731,137.31,usage overage block 2025-11,Vanta,,HAP-2025-11-0389,HAP-2025-11-0389,historical_ap,volume_opex
JE-HAP-2025-11-0390,2025-11,2025-11-30,2025-11-30,6000-Operating,1000-Cash,1980242,19802.42,premium support 2025-11,Acme Supply Co.,,HAP-2025-11-0390,HAP-2025-11-0390,historical_ap,volume_opex
JE-HAP-2025-11-0391,2025-11,2025-11-30,2025-11-30,6000-Operating,1000-Cash,7700,77.0,warehouse consumables 2025-11,Helios Hardware,,HAP-2025-11-0391,HAP-2025-11-0391,historical_ap,volume_opex
JE-HAP-2025-11-0392,2025-11,2025-11-30,2025-11-30,6000-Operating,1000-Cash,4811,48.11,security monitoring hosts 2025-11,Google Cloud,,HAP-2025-11-0392,HAP-2025-11-0392,historical_ap,volume_opex
JE-HAP-2025-11-0393,2025-11,2025-11-30,2025-11-30,6000-Operating,1000-Cash,9022,90.22,usage overage block 2025-11,Dell Technologies,,HAP-2025-11-0393,HAP-2025-11-0393,historical_ap,volume_opex
JE-HAP-2025-11-0394,2025-11,2025-11-30,2025-11-30,6000-Operating,1000-Cash,1440033,14400.33,premium support 2025-11,Shadow Vendor LLC,,HAP-2025-11-0394,HAP-2025-11-0394,historical_ap,volume_opex
JE-HAP-2025-11-0395,2025-11,2025-11-30,2025-11-30,6000-Operating,1000-Cash,38544,385.44,warehouse consumables 2025-11,Twilio,,HAP-2025-11-0395,HAP-2025-11-0395,historical_ap,volume_opex
JE-HAP-2025-11-0396,2025-11,2025-11-30,2025-11-30,6000-Operating,1000-Cash,1255,12.55,security monitoring hosts 2025-11,CrowdStrike,,HAP-2025-11-0396,HAP-2025-11-0396,historical_ap,volume_opex
JE-HAP-2025-11-0397,2025-11,2025-11-30,2025-11-30,6000-Operating,1000-Cash,7766,77.66,warehouse consumables 2025-11,Shadow Vendor LLC,,HAP-2025-11-0397,HAP-2025-11-0397,historical_ap,volume_opex
JE-HAP-2025-11-0398,2025-11,2025-11-30,2025-11-30,6000-Operating,1000-Cash,4877,48.77,security monitoring hosts 2025-11,Twilio,,HAP-2025-11-0398,HAP-2025-11-0398,historical_ap,volume_opex
JE-HAP-2025-11-0399,2025-11,2025-11-30,2025-11-30,6000-Operating,1000-Cash,9088,90.88,usage overage block 2025-11,CrowdStrike,,HAP-2025-11-0399,HAP-2025-11-0399,historical_ap,volume_opex
JE-HAP-2025-11-0400,2025-11,2025-11-30,2025-11-30,6000-Operating,1000-Cash,1440099,14400.99,premium support 2025-11,Northline Fab Group,,HAP-2025-11-0400,HAP-2025-11-0400,historical_ap,volume_opex
JE-HAP-2025-11-0401,2025-11,2025-11-30,2025-11-30,6000-Operating,1000-Cash,38610,386.1,warehouse consumables 2025-11,FedEx,,HAP-2025-11-0401,HAP-2025-11-0401,historical_ap,volume_opex
JE-HAP-2025-11-0402,2025-11,2025-11-30,2025-11-30,6000-Operating,1000-Cash,1321,13.21,security monitoring hosts 2025-11,Pagaya Coffee Service,,HAP-2025-11-0402,HAP-2025-11-0402,historical_ap,volume_opex
JE-HAP-2025-11-0403,2025-11,2025-11-30,2025-11-30,6000-Operating,1000-Cash,4632,46.32,usage overage block 2025-11,Stripe Processing,,HAP-2025-11-0403,HAP-2025-11-0403,historical_ap,volume_opex
JE-HAP-2025-11-0404,2025-11,2025-11-30,2025-11-30,6000-Operating,1000-Cash,900143,9001.43,premium support 2025-11,Boston Edison Steam,,HAP-2025-11-0404,HAP-2025-11-0404,historical_ap,volume_opex
JE-HAP-2025-11-0405,2025-11,2025-11-30,2025-11-30,6000-Operating,1000-Cash,27104,271.04,warehouse consumables 2025-11,Linear App,,HAP-2025-11-0405,HAP-2025-11-0405,historical_ap,volume_opex
JE-HAP-2025-11-0406,2025-11,2025-11-30,2025-11-30,6000-Operating,1000-Cash,10965,109.65,security monitoring hosts 2025-11,Amazon Web Services,,HAP-2025-11-0406,HAP-2025-11-0406,historical_ap,volume_opex
JE-HAP-2025-11-0407,2025-11,2025-11-30,2025-11-30,6000-Operating,1000-Cash,16676,166.76,usage overage block 2025-11,Datadog,,HAP-2025-11-0407,HAP-2025-11-0407,historical_ap,volume_opex
JE-HAP-2025-11-0408,2025-11,2025-11-30,2025-11-30,6000-Operating,1000-Cash,360187,3601.87,premium support 2025-11,Hartford Insurance,,HAP-2025-11-0408,HAP-2025-11-0408,historical_ap,volume_opex
JE-HAP-2025-11-0409,2025-11,2025-11-30,2025-11-30,6000-Operating,1000-Cash,4698,46.98,usage overage block 2025-11,Amazon Web Services,,HAP-2025-11-0409,HAP-2025-11-0409,historical_ap,volume_opex
JE-HAP-2025-11-0410,2025-11,2025-11-30,2025-11-30,6000-Operating,1000-Cash,900209,9002.09,premium support 2025-11,Datadog,,HAP-2025-11-0410,HAP-2025-11-0410,historical_ap,volume_opex
JE-HAP-2025-11-0411,2025-11,2025-11-30,2025-11-30,6000-Operating,1000-Cash,27170,271.7,warehouse consumables 2025-11,Hartford Insurance,,HAP-2025-11-0411,HAP-2025-11-0411,historical_ap,volume_opex
JE-HAP-2025-11-0412,2025-11,2025-11-30,2025-11-30,6000-Operating,1000-Cash,11031,110.31,security monitoring hosts 2025-11,Harbor Electric,,HAP-2025-11-0412,HAP-2025-11-0412,historical_ap,volume_opex
JE-HAP-2025-11-0413,2025-11,2025-11-30,2025-11-30,6000-Operating,1000-Cash,16742,167.42,usage overage block 2025-11,Freightline Logistics,,HAP-2025-11-0413,HAP-2025-11-0413,historical_ap,volume_opex
JE-HAP-2025-11-0414,2025-11,2025-11-30,2025-11-30,6000-Operating,1000-Cash,360000,3600.0,premium support 2025-11,Notion Labs,,HAP-2025-11-0414,HAP-2025-11-0414,historical_ap,volume_opex
JE-HAP-2025-11-0415,2025-11,2025-11-30,2025-11-30,6000-Operating,1000-Cash,15411,154.11,warehouse consumables 2025-11,Zoom Video,,HAP-2025-11-0415,HAP-2025-11-0415,historical_ap,volume_opex
JE-HAP-2025-11-0416,2025-11,2025-11-30,2025-11-30,6000-Operating,1000-Cash,7222,72.22,security monitoring hosts 2025-11,Helios Hardware Supply,,HAP-2025-11-0416,HAP-2025-11-0416,historical_ap,volume_opex
JE-HAP-2025-11-0417,2025-11,2025-11-30,2025-11-30,6000-Operating,1000-Cash,12033,120.33,usage overage block 2025-11,ADP,,HAP-2025-11-0417,HAP-2025-11-0417,historical_ap,volume_opex
JE-HAP-2025-11-0418,2025-11,2025-11-30,2025-11-30,6000-Operating,1000-Cash,1800044,18000.44,premium support 2025-11,CleanRoom Janitorial,,HAP-2025-11-0418,HAP-2025-11-0418,historical_ap,volume_opex
JE-HAP-2025-11-0419,2025-11,2025-11-30,2025-11-30,6000-Operating,1000-Cash,3905,39.05,warehouse consumables 2025-11,Adyen NV,,HAP-2025-11-0419,HAP-2025-11-0419,historical_ap,volume_opex
JE-HAP-2025-11-0420,2025-11,2025-11-30,2025-11-30,6000-Operating,1000-Cash,3666,36.66,security monitoring hosts 2025-11,Carta,,HAP-2025-11-0420,HAP-2025-11-0420,historical_ap,volume_opex
JE-HAP-2025-11-0421,2025-11,2025-11-30,2025-11-30,6000-Operating,1000-Cash,15477,154.77,warehouse consumables 2025-11,CleanRoom Janitorial,,HAP-2025-11-0421,HAP-2025-11-0421,historical_ap,volume_opex
JE-HAP-2025-11-0422,2025-11,2025-11-30,2025-11-30,6000-Operating,1000-Cash,7288,72.88,security monitoring hosts 2025-11,Adyen NV,,HAP-2025-11-0422,HAP-2025-11-0422,historical_ap,volume_opex
JE-HAP-2025-11-0423,2025-11,2025-11-30,2025-11-30,6000-Operating,1000-Cash,12099,120.99,usage overage block 2025-11,Carta,,HAP-2025-11-0423,HAP-2025-11-0423,historical_ap,volume_opex
JE-HAP-2025-11-0424,2025-11,2025-11-30,2025-11-30,6000-Operating,1000-Cash,1800110,18001.1,premium support 2025-11,Acme Supplies,,HAP-2025-11-0424,HAP-2025-11-0424,historical_ap,volume_opex
JE-HAP-2025-11-0425,2025-11,2025-11-30,2025-11-30,6000-Operating,1000-Cash,3971,39.71,warehouse consumables 2025-11,Northline Fabrication,,HAP-2025-11-0425,HAP-2025-11-0425,historical_ap,volume_opex
JE-HAP-2025-11-0426,2025-11,2025-11-30,2025-11-30,6000-Operating,1000-Cash,3732,37.32,security monitoring hosts 2025-11,Slack Technologies,,HAP-2025-11-0426,HAP-2025-11-0426,historical_ap,volume_opex
JE-HAP-2025-11-0427,2025-11,2025-11-30,2025-11-30,6000-Operating,1000-Cash,7643,76.43,usage overage block 2025-11,Orbit Analytics,,HAP-2025-11-0427,HAP-2025-11-0427,historical_ap,volume_opex
JE-HAP-2025-11-0428,2025-11,2025-11-30,2025-11-30,6000-Operating,1000-Cash,1260154,12601.54,premium support 2025-11,Lindholm & Ruiz LLP,,HAP-2025-11-0428,HAP-2025-11-0428,historical_ap,volume_opex
JE-HAP-2025-11-0429,2025-11,2025-11-30,2025-11-30,6000-Operating,1000-Cash,34815,348.15,warehouse consumables 2025-11,Lenovo,,HAP-2025-11-0429,HAP-2025-11-0429,historical_ap,volume_opex
JE-HAP-2025-11-0430,2025-11,2025-11-30,2025-11-30,6000-Operating,1000-Cash,13376,133.76,security monitoring hosts 2025-11,Snowflake,,HAP-2025-11-0430,HAP-2025-11-0430,historical_ap,volume_opex
JE-HAP-2025-11-0431,2025-11,2025-11-30,2025-11-30,6000-Operating,1000-Cash,3187,31.87,usage overage block 2025-11,Atlassian,,HAP-2025-11-0431,HAP-2025-11-0431,historical_ap,volume_opex
JE-HAP-2025-11-0432,2025-11,2025-11-30,2025-11-30,6000-Operating,1000-Cash,720198,7201.98,premium support 2025-11,Harbor Power & Light,,HAP-2025-11-0432,HAP-2025-11-0432,historical_ap,volume_opex
JE-HAP-2025-11-0433,2025-11,2025-11-30,2025-11-30,6000-Operating,1000-Cash,7709,77.09,usage overage block 2025-11,Snowflake,,HAP-2025-11-0433,HAP-2025-11-0433,historical_ap,volume_opex
JE-HAP-2025-11-0434,2025-11,2025-11-30,2025-11-30,6000-Operating,1000-Cash,1260220,12602.2,premium support 2025-11,Atlassian,,HAP-2025-11-0434,HAP-2025-11-0434,historical_ap,volume_opex
JE-HAP-2025-11-0435,2025-11,2025-11-30,2025-11-30,6000-Operating,1000-Cash,34881,348.81,warehouse consumables 2025-11,Harbor Power & Light,,HAP-2025-11-0435,HAP-2025-11-0435,historical_ap,volume_opex
JE-HAP-2025-11-0436,2025-11,2025-11-30,2025-11-30,6000-Operating,1000-Cash,13442,134.42,security monitoring hosts 2025-11,WeWork Cambridge,,HAP-2025-11-0436,HAP-2025-11-0436,historical_ap,volume_opex
JE-HAP-2025-11-0437,2025-11,2025-11-30,2025-11-30,6000-Operating,1000-Cash,3000,30.0,usage overage block 2025-11,Kendall Square Parking,,HAP-2025-11-0437,HAP-2025-11-0437,historical_ap,volume_opex
JE-HAP-2025-11-0438,2025-11,2025-11-30,2025-11-30,6000-Operating,1000-Cash,720011,7200.11,premium support 2025-11,DocuSign,,HAP-2025-11-0438,HAP-2025-11-0438,historical_ap,volume_opex
JE-HAP-2025-11-0439,2025-11,2025-11-30,2025-11-30,6000-Operating,1000-Cash,23122,231.22,warehouse consumables 2025-11,Gusto Payroll,,HAP-2025-11-0439,HAP-2025-11-0439,historical_ap,volume_opex
JE-HAP-2025-11-0440,2025-11,2025-11-30,2025-11-30,6000-Operating,1000-Cash,9633,96.33,security monitoring hosts 2025-11,Acme Supplies LLC,,HAP-2025-11-0440,HAP-2025-11-0440,historical_ap,volume_opex
JE-HAP-2025-11-0441,2025-11,2025-11-30,2025-11-30,6000-Operating,1000-Cash,15044,150.44,usage overage block 2025-11,Office Depot,,HAP-2025-11-0441,HAP-2025-11-0441,historical_ap,volume_opex
JE-HAP-2025-11-0442,2025-11,2025-11-30,2025-11-30,6000-Operating,1000-Cash,180055,1800.55,premium support 2025-11,Figma,,HAP-2025-11-0442,HAP-2025-11-0442,historical_ap,volume_opex
JE-HAP-2025-11-0443,2025-11,2025-11-30,2025-11-30,6000-Operating,1000-Cash,11616,116.16,warehouse consumables 2025-11,Cambridge Properties,,HAP-2025-11-0443,HAP-2025-11-0443,historical_ap,volume_opex
JE-HAP-2025-11-0444,2025-11,2025-11-30,2025-11-30,6000-Operating,1000-Cash,6077,60.77,security monitoring hosts 2025-11,GitHub,,HAP-2025-11-0444,HAP-2025-11-0444,historical_ap,volume_opex
JE-HAP-2025-11-0445,2025-11,2025-11-30,2025-11-30,6000-Operating,1000-Cash,23188,231.88,warehouse consumables 2025-11,Figma,,HAP-2025-11-0445,HAP-2025-11-0445,historical_ap,volume_opex
JE-HAP-2025-11-0446,2025-11,2025-11-30,2025-11-30,6000-Operating,1000-Cash,9699,96.99,security monitoring hosts 2025-11,Cambridge Properties,,HAP-2025-11-0446,HAP-2025-11-0446,historical_ap,volume_opex
JE-HAP-2025-11-0447,2025-11,2025-11-30,2025-11-30,6000-Operating,1000-Cash,15110,151.1,usage overage block 2025-11,GitHub,,HAP-2025-11-0447,HAP-2025-11-0447,historical_ap,volume_opex
JE-HAP-2025-11-0448,2025-11,2025-11-30,2025-11-30,6000-Operating,1000-Cash,180121,1801.21,premium support 2025-11,Misc Supplies,,HAP-2025-11-0448,HAP-2025-11-0448,historical_ap,volume_opex
JE-HAP-2025-11-0449,2025-11,2025-11-30,2025-11-30,6000-Operating,1000-Cash,11682,116.82,warehouse consumables 2025-11,Okta,,HAP-2025-11-0449,HAP-2025-11-0449,historical_ap,volume_opex
JE-HAP-2025-11-0450,2025-11,2025-11-30,2025-11-30,6000-Operating,1000-Cash,6143,61.43,security monitoring hosts 2025-11,Cloudflare,,HAP-2025-11-0450,HAP-2025-11-0450,historical_ap,volume_opex
JE-HAP-2025-11-0451,2025-11,2025-11-30,2025-11-30,6000-Operating,1000-Cash,10654,106.54,usage overage block 2025-11,Staples Business Advantage,,HAP-2025-11-0451,HAP-2025-11-0451,historical_ap,volume_opex
JE-HAP-2025-11-0452,2025-11,2025-11-30,2025-11-30,6000-Operating,1000-Cash,1620165,16201.65,premium support 2025-11,Comcast Business,,HAP-2025-11-0452,HAP-2025-11-0452,historical_ap,volume_opex
JE-HAP-2025-11-0453,2025-11,2025-11-30,2025-11-30,6000-Operating,1000-Cash,42526,425.26,warehouse consumables 2025-11,HubSpot,,HAP-2025-11-0453,HAP-2025-11-0453,historical_ap,volume_opex
JE-HAP-2025-11-0454,2025-11,2025-11-30,2025-11-30,6000-Operating,1000-Cash,2587,25.87,security monitoring hosts 2025-11,Palo Alto Networks,,HAP-2025-11-0454,HAP-2025-11-0454,historical_ap,volume_opex
JE-HAP-2025-11-0455,2025-11,2025-11-30,2025-11-30,6000-Operating,1000-Cash,6198,61.98,usage overage block 2025-11,Vanta,,HAP-2025-11-0455,HAP-2025-11-0455,historical_ap,volume_opex
JE-HAP-2025-11-0456,2025-11,2025-11-30,2025-11-30,6000-Operating,1000-Cash,1080209,10802.09,premium support 2025-11,Acme Supply Co.,,HAP-2025-11-0456,HAP-2025-11-0456,historical_ap,volume_opex
JE-HAP-2025-11-0457,2025-11,2025-11-30,2025-11-30,6000-Operating,1000-Cash,10720,107.2,usage overage block 2025-11,Palo Alto Networks,,HAP-2025-11-0457,HAP-2025-11-0457,historical_ap,volume_opex
JE-HAP-2025-11-0458,2025-11,2025-11-30,2025-11-30,6000-Operating,1000-Cash,1620231,16202.31,premium support 2025-11,Vanta,,HAP-2025-11-0458,HAP-2025-11-0458,historical_ap,volume_opex
JE-HAP-2025-11-0459,2025-11,2025-11-30,2025-11-30,6000-Operating,1000-Cash,42592,425.92,warehouse consumables 2025-11,Acme Supply Co.,,HAP-2025-11-0459,HAP-2025-11-0459,historical_ap,volume_opex
JE-HAP-2025-11-0460,2025-11,2025-11-30,2025-11-30,6000-Operating,1000-Cash,2400,24.0,security monitoring hosts 2025-11,Helios Hardware,,HAP-2025-11-0460,HAP-2025-11-0460,historical_ap,volume_opex
JE-HAP-2025-11-0461,2025-11,2025-11-30,2025-11-30,6000-Operating,1000-Cash,6011,60.11,usage overage block 2025-11,Google Cloud,,HAP-2025-11-0461,HAP-2025-11-0461,historical_ap,volume_opex
JE-HAP-2025-11-0462,2025-11,2025-11-30,2025-11-30,6000-Operating,1000-Cash,1080022,10800.22,premium support 2025-11,Dell Technologies,,HAP-2025-11-0462,HAP-2025-11-0462,historical_ap,volume_opex
JE-HAP-2025-11-0463,2025-11,2025-11-30,2025-11-30,6000-Operating,1000-Cash,30833,308.33,warehouse consumables 2025-11,Shadow Vendor LLC,,HAP-2025-11-0463,HAP-2025-11-0463,historical_ap,volume_opex
JE-HAP-2025-11-0464,2025-11,2025-11-30,2025-11-30,6000-Operating,1000-Cash,12044,120.44,security monitoring hosts 2025-11,Twilio,,HAP-2025-11-0464,HAP-2025-11-0464,historical_ap,volume_opex
JE-HAP-2025-11-0465,2025-11,2025-11-30,2025-11-30,6000-Operating,1000-Cash,1555,15.55,usage overage block 2025-11,CrowdStrike,,HAP-2025-11-0465,HAP-2025-11-0465,historical_ap,volume_opex
JE-HAP-2025-11-0466,2025-11,2025-11-30,2025-11-30,6000-Operating,1000-Cash,540066,5400.66,premium support 2025-11,Northline Fab Group,,HAP-2025-11-0466,HAP-2025-11-0466,historical_ap,volume_opex
JE-HAP-2025-11-0467,2025-11,2025-11-30,2025-11-30,6000-Operating,1000-Cash,19327,193.27,warehouse consumables 2025-11,FedEx,,HAP-2025-11-0467,HAP-2025-11-0467,historical_ap,volume_opex
JE-HAP-2025-11-0468,2025-11,2025-11-30,2025-11-30,6000-Operating,1000-Cash,8488,84.88,security monitoring hosts 2025-11,Pagaya Coffee Service,,HAP-2025-11-0468,HAP-2025-11-0468,historical_ap,volume_opex
JE-HAP-2025-11-0469,2025-11,2025-11-30,2025-11-30,6000-Operating,1000-Cash,30899,308.99,warehouse consumables 2025-11,Northline Fab Group,,HAP-2025-11-0469,HAP-2025-11-0469,historical_ap,volume_opex
JE-HAP-2025-11-0470,2025-11,2025-11-30,2025-11-30,6000-Operating,1000-Cash,12110,121.1,security monitoring hosts 2025-11,FedEx,,HAP-2025-11-0470,HAP-2025-11-0470,historical_ap,volume_opex
JE-HAP-2025-11-0471,2025-11,2025-11-30,2025-11-30,6000-Operating,1000-Cash,1621,16.21,usage overage block 2025-11,Pagaya Coffee Service,,HAP-2025-11-0471,HAP-2025-11-0471,historical_ap,volume_opex
JE-HAP-2025-11-0472,2025-11,2025-11-30,2025-11-30,6000-Operating,1000-Cash,540132,5401.32,premium support 2025-11,Stripe Processing,,HAP-2025-11-0472,HAP-2025-11-0472,historical_ap,volume_opex
JE-HAP-2025-11-0473,2025-11,2025-11-30,2025-11-30,6000-Operating,1000-Cash,19393,193.93,warehouse consumables 2025-11,Boston Edison Steam,,HAP-2025-11-0473,HAP-2025-11-0473,historical_ap,volume_opex
JE-HAP-2025-11-0474,2025-11,2025-11-30,2025-11-30,6000-Operating,1000-Cash,8554,85.54,security monitoring hosts 2025-11,Linear App,,HAP-2025-11-0474,HAP-2025-11-0474,historical_ap,volume_opex
JE-HAP-2025-11-0475,2025-11,2025-11-30,2025-11-30,6000-Operating,1000-Cash,13665,136.65,usage overage block 2025-11,Amazon Web Services,,HAP-2025-11-0475,HAP-2025-11-0475,historical_ap,volume_opex
JE-HAP-2025-11-0476,2025-11,2025-11-30,2025-11-30,6000-Operating,1000-Cash,1980176,19801.76,premium support 2025-11,Datadog,,HAP-2025-11-0476,HAP-2025-11-0476,historical_ap,volume_opex
JE-HAP-2025-11-0477,2025-11,2025-11-30,2025-11-30,6000-Operating,1000-Cash,7887,78.87,warehouse consumables 2025-11,Hartford Insurance,,HAP-2025-11-0477,HAP-2025-11-0477,historical_ap,volume_opex
JE-HAP-2025-11-0478,2025-11,2025-11-30,2025-11-30,6000-Operating,1000-Cash,4998,49.98,security monitoring hosts 2025-11,Harbor Electric,,HAP-2025-11-0478,HAP-2025-11-0478,historical_ap,volume_opex
JE-HAP-2025-11-0479,2025-11,2025-11-30,2025-11-30,6000-Operating,1000-Cash,9209,92.09,usage overage block 2025-11,Freightline Logistics,,HAP-2025-11-0479,HAP-2025-11-0479,historical_ap,volume_opex
JE-HAP-2025-11-0480,2025-11,2025-11-30,2025-11-30,6000-Operating,1000-Cash,1440220,14402.2,premium support 2025-11,Notion Labs,,HAP-2025-11-0480,HAP-2025-11-0480,historical_ap,volume_opex
JE-HAP-2025-12-0481,2025-12,2025-12-20,2025-12-20,6000-Operating,1000-Cash,13731,137.31,usage overage block 2025-12,Harbor Electric,,HAP-2025-12-0481,HAP-2025-12-0481,historical_ap,volume_opex
JE-HAP-2025-12-0482,2025-12,2025-12-20,2025-12-20,6000-Operating,1000-Cash,1980242,19802.42,premium support 2025-12,Freightline Logistics,,HAP-2025-12-0482,HAP-2025-12-0482,historical_ap,volume_opex
JE-HAP-2025-12-0483,2025-12,2025-12-20,2025-12-20,6000-Operating,1000-Cash,7700,77.0,warehouse consumables 2025-12,Notion Labs,,HAP-2025-12-0483,HAP-2025-12-0483,historical_ap,volume_opex
JE-HAP-2025-12-0484,2025-12,2025-12-20,2025-12-20,6000-Operating,1000-Cash,4811,48.11,security monitoring hosts 2025-12,Zoom Video,,HAP-2025-12-0484,HAP-2025-12-0484,historical_ap,volume_opex
JE-HAP-2025-12-0485,2025-12,2025-12-20,2025-12-20,6000-Operating,1000-Cash,9022,90.22,usage overage block 2025-12,Helios Hardware Supply,,HAP-2025-12-0485,HAP-2025-12-0485,historical_ap,volume_opex
JE-HAP-2025-12-0486,2025-12,2025-12-20,2025-12-20,6000-Operating,1000-Cash,1440033,14400.33,premium support 2025-12,ADP,,HAP-2025-12-0486,HAP-2025-12-0486,historical_ap,volume_opex
JE-HAP-2025-12-0487,2025-12,2025-12-20,2025-12-20,6000-Operating,1000-Cash,38544,385.44,warehouse consumables 2025-12,CleanRoom Janitorial,,HAP-2025-12-0487,HAP-2025-12-0487,historical_ap,volume_opex
JE-HAP-2025-12-0488,2025-12,2025-12-20,2025-12-20,6000-Operating,1000-Cash,1255,12.55,security monitoring hosts 2025-12,Adyen NV,,HAP-2025-12-0488,HAP-2025-12-0488,historical_ap,volume_opex
JE-HAP-2025-12-0489,2025-12,2025-12-20,2025-12-20,6000-Operating,1000-Cash,4566,45.66,usage overage block 2025-12,Carta,,HAP-2025-12-0489,HAP-2025-12-0489,historical_ap,volume_opex
JE-HAP-2025-12-0490,2025-12,2025-12-20,2025-12-20,6000-Operating,1000-Cash,900077,9000.77,premium support 2025-12,Acme Supplies,,HAP-2025-12-0490,HAP-2025-12-0490,historical_ap,volume_opex
JE-HAP-2025-12-0491,2025-12,2025-12-20,2025-12-20,6000-Operating,1000-Cash,27038,270.38,warehouse consumables 2025-12,Northline Fabrication,,HAP-2025-12-0491,HAP-2025-12-0491,historical_ap,volume_opex
JE-HAP-2025-12-0492,2025-12,2025-12-20,2025-12-20,6000-Operating,1000-Cash,10899,108.99,security monitoring hosts 2025-12,Slack Technologies,,HAP-2025-12-0492,HAP-2025-12-0492,historical_ap,volume_opex
JE-HAP-2025-12-0493,2025-12,2025-12-21,2025-12-21,6000-Operating,1000-Cash,38610,386.1,warehouse consumables 2025-12,Acme Supplies,,HAP-2025-12-0493,HAP-2025-12-0493,historical_ap,volume_opex
JE-HAP-2025-12-0494,2025-12,2025-12-21,2025-12-21,6000-Operating,1000-Cash,1321,13.21,security monitoring hosts 2025-12,Northline Fabrication,,HAP-2025-12-0494,HAP-2025-12-0494,historical_ap,volume_opex
JE-HAP-2025-12-0495,2025-12,2025-12-21,2025-12-21,6000-Operating,1000-Cash,4632,46.32,usage overage block 2025-12,Slack Technologies,,HAP-2025-12-0495,HAP-2025-12-0495,historical_ap,volume_opex
JE-HAP-2025-12-0496,2025-12,2025-12-21,2025-12-21,6000-Operating,1000-Cash,900143,9001.43,premium support 2025-12,Orbit Analytics,,HAP-2025-12-0496,HAP-2025-12-0496,historical_ap,volume_opex
JE-HAP-2025-12-0497,2025-12,2025-12-21,2025-12-21,6000-Operating,1000-Cash,27104,271.04,warehouse consumables 2025-12,Lindholm & Ruiz LLP,,HAP-2025-12-0497,HAP-2025-12-0497,historical_ap,volume_opex
JE-HAP-2025-12-0498,2025-12,2025-12-21,2025-12-21,6000-Operating,1000-Cash,10965,109.65,security monitoring hosts 2025-12,Lenovo,,HAP-2025-12-0498,HAP-2025-12-0498,historical_ap,volume_opex
JE-HAP-2025-12-0499,2025-12,2025-12-21,2025-12-21,6000-Operating,1000-Cash,16676,166.76,usage overage block 2025-12,Snowflake,,HAP-2025-12-0499,HAP-2025-12-0499,historical_ap,volume_opex
JE-HAP-2025-12-0500,2025-12,2025-12-21,2025-12-21,6000-Operating,1000-Cash,360187,3601.87,premium support 2025-12,Atlassian,,HAP-2025-12-0500,HAP-2025-12-0500,historical_ap,volume_opex
JE-HAP-2025-12-0501,2025-12,2025-12-21,2025-12-21,6000-Operating,1000-Cash,15598,155.98,warehouse consumables 2025-12,Harbor Power & Light,,HAP-2025-12-0501,HAP-2025-12-0501,historical_ap,volume_opex
JE-HAP-2025-12-0502,2025-12,2025-12-21,2025-12-21,6000-Operating,1000-Cash,7409,74.09,security monitoring hosts 2025-12,WeWork Cambridge,,HAP-2025-12-0502,HAP-2025-12-0502,historical_ap,volume_opex
JE-HAP-2025-12-0503,2025-12,2025-12-21,2025-12-21,6000-Operating,1000-Cash,12220,122.2,usage overage block 2025-12,Kendall Square Parking,,HAP-2025-12-0503,HAP-2025-12-0503,historical_ap,volume_opex
JE-HAP-2025-12-0504,2025-12,2025-12-21,2025-12-21,6000-Operating,1000-Cash,1800231,18002.31,premium support 2025-12,DocuSign,,HAP-2025-12-0504,HAP-2025-12-0504,historical_ap,volume_opex
JE-HAP-2025-12-0505,2025-12,2025-12-22,2025-12-22,6000-Operating,1000-Cash,16742,167.42,usage overage block 2025-12,WeWork Cambridge,,HAP-2025-12-0505,HAP-2025-12-0505,historical_ap,volume_opex
JE-HAP-2025-12-0506,2025-12,2025-12-22,2025-12-22,6000-Operating,1000-Cash,360000,3600.0,premium support 2025-12,Kendall Square Parking,,HAP-2025-12-0506,HAP-2025-12-0506,historical_ap,volume_opex
JE-HAP-2025-12-0507,2025-12,2025-12-22,2025-12-22,6000-Operating,1000-Cash,15411,154.11,warehouse consumables 2025-12,DocuSign,,HAP-2025-12-0507,HAP-2025-12-0507,historical_ap,volume_opex
JE-HAP-2025-12-0508,2025-12,2025-12-22,2025-12-22,6000-Operating,1000-Cash,7222,72.22,security monitoring hosts 2025-12,Gusto Payroll,,HAP-2025-12-0508,HAP-2025-12-0508,historical_ap,volume_opex
JE-HAP-2025-12-0509,2025-12,2025-12-22,2025-12-22,6000-Operating,1000-Cash,12033,120.33,usage overage block 2025-12,Acme Supplies LLC,,HAP-2025-12-0509,HAP-2025-12-0509,historical_ap,volume_opex
JE-HAP-2025-12-0510,2025-12,2025-12-22,2025-12-22,6000-Operating,1000-Cash,1800044,18000.44,premium support 2025-12,Office Depot,,HAP-2025-12-0510,HAP-2025-12-0510,historical_ap,volume_opex
JE-HAP-2025-12-0511,2025-12,2025-12-22,2025-12-22,6000-Operating,1000-Cash,3905,39.05,warehouse consumables 2025-12,Figma,,HAP-2025-12-0511,HAP-2025-12-0511,historical_ap,volume_opex
JE-HAP-2025-12-0512,2025-12,2025-12-22,2025-12-22,6000-Operating,1000-Cash,3666,36.66,security monitoring hosts 2025-12,Cambridge Properties,,HAP-2025-12-0512,HAP-2025-12-0512,historical_ap,volume_opex
JE-HAP-2025-12-0513,2025-12,2025-12-22,2025-12-22,6000-Operating,1000-Cash,7577,75.77,usage overage block 2025-12,GitHub,,HAP-2025-12-0513,HAP-2025-12-0513,historical_ap,volume_opex
JE-HAP-2025-12-0514,2025-12,2025-12-22,2025-12-22,6000-Operating,1000-Cash,1260088,12600.88,premium support 2025-12,Misc Supplies,,HAP-2025-12-0514,HAP-2025-12-0514,historical_ap,volume_opex
JE-HAP-2025-12-0515,2025-12,2025-12-22,2025-12-22,6000-Operating,1000-Cash,34749,347.49,warehouse consumables 2025-12,Okta,,HAP-2025-12-0515,HAP-2025-12-0515,historical_ap,volume_opex
JE-HAP-2025-12-0516,2025-12,2025-12-22,2025-12-22,6000-Operating,1000-Cash,13310,133.1,security monitoring hosts 2025-12,Cloudflare,,HAP-2025-12-0516,HAP-2025-12-0516,historical_ap,volume_opex
JE-HAP-2025-12-0517,2025-12,2025-12-23,2025-12-23,6000-Operating,1000-Cash,3971,39.71,warehouse consumables 2025-12,Misc Supplies,,HAP-2025-12-0517,HAP-2025-12-0517,historical_ap,volume_opex
JE-HAP-2025-12-0518,2025-12,2025-12-23,2025-12-23,6000-Operating,1000-Cash,3732,37.32,security monitoring hosts 2025-12,Okta,,HAP-2025-12-0518,HAP-2025-12-0518,historical_ap,volume_opex
JE-HAP-2025-12-0519,2025-12,2025-12-23,2025-12-23,6000-Operating,1000-Cash,7643,76.43,usage overage block 2025-12,Cloudflare,,HAP-2025-12-0519,HAP-2025-12-0519,historical_ap,volume_opex
JE-HAP-2025-12-0520,2025-12,2025-12-23,2025-12-23,6000-Operating,1000-Cash,1260154,12601.54,premium support 2025-12,Staples Business Advantage,,HAP-2025-12-0520,HAP-2025-12-0520,historical_ap,volume_opex
JE-HAP-2025-12-0521,2025-12,2025-12-23,2025-12-23,6000-Operating,1000-Cash,34815,348.15,warehouse consumables 2025-12,Comcast Business,,HAP-2025-12-0521,HAP-2025-12-0521,historical_ap,volume_opex
JE-HAP-2025-12-0522,2025-12,2025-12-23,2025-12-23,6000-Operating,1000-Cash,13376,133.76,security monitoring hosts 2025-12,HubSpot,,HAP-2025-12-0522,HAP-2025-12-0522,historical_ap,volume_opex
JE-HAP-2025-12-0523,2025-12,2025-12-23,2025-12-23,6000-Operating,1000-Cash,3187,31.87,usage overage block 2025-12,Palo Alto Networks,,HAP-2025-12-0523,HAP-2025-12-0523,historical_ap,volume_opex
JE-HAP-2025-12-0524,2025-12,2025-12-23,2025-12-23,6000-Operating,1000-Cash,720198,7201.98,premium support 2025-12,Vanta,,HAP-2025-12-0524,HAP-2025-12-0524,historical_ap,volume_opex
JE-HAP-2025-12-0525,2025-12,2025-12-23,2025-12-23,6000-Operating,1000-Cash,23309,233.09,warehouse consumables 2025-12,Acme Supply Co.,,HAP-2025-12-0525,HAP-2025-12-0525,historical_ap,volume_opex
JE-HAP-2025-12-0526,2025-12,2025-12-23,2025-12-23,6000-Operating,1000-Cash,9820,98.2,security monitoring hosts 2025-12,Helios Hardware,,HAP-2025-12-0526,HAP-2025-12-0526,historical_ap,volume_opex
JE-HAP-2025-12-0527,2025-12,2025-12-23,2025-12-23,6000-Operating,1000-Cash,15231,152.31,usage overage block 2025-12,Google Cloud,,HAP-2025-12-0527,HAP-2025-12-0527,historical_ap,volume_opex
JE-HAP-2025-12-0528,2025-12,2025-12-23,2025-12-23,6000-Operating,1000-Cash,180242,1802.42,premium support 2025-12,Dell Technologies,,HAP-2025-12-0528,HAP-2025-12-0528,historical_ap,volume_opex
JE-HAP-2025-12-0529,2025-12,2025-12-24,2025-12-24,6000-Operating,1000-Cash,3000,30.0,usage overage block 2025-12,Helios Hardware,,HAP-2025-12-0529,HAP-2025-12-0529,historical_ap,volume_opex
JE-HAP-2025-12-0530,2025-12,2025-12-24,2025-12-24,6000-Operating,1000-Cash,720011,7200.11,premium support 2025-12,Google Cloud,,HAP-2025-12-0530,HAP-2025-12-0530,historical_ap,volume_opex
JE-HAP-2025-12-0531,2025-12,2025-12-24,2025-12-24,6000-Operating,1000-Cash,23122,231.22,warehouse consumables 2025-12,Dell Technologies,,HAP-2025-12-0531,HAP-2025-12-0531,historical_ap,volume_opex
JE-HAP-2025-12-0532,2025-12,2025-12-24,2025-12-24,6000-Operating,1000-Cash,9633,96.33,security monitoring hosts 2025-12,Shadow Vendor LLC,,HAP-2025-12-0532,HAP-2025-12-0532,historical_ap,volume_opex
JE-HAP-2025-12-0533,2025-12,2025-12-24,2025-12-24,6000-Operating,1000-Cash,15044,150.44,usage overage block 2025-12,Twilio,,HAP-2025-12-0533,HAP-2025-12-0533,historical_ap,volume_opex
JE-HAP-2025-12-0534,2025-12,2025-12-24,2025-12-24,6000-Operating,1000-Cash,180055,1800.55,premium support 2025-12,CrowdStrike,,HAP-2025-12-0534,HAP-2025-12-0534,historical_ap,volume_opex
JE-HAP-2025-12-0535,2025-12,2025-12-24,2025-12-24,6000-Operating,1000-Cash,11616,116.16,warehouse consumables 2025-12,Northline Fab Group,,HAP-2025-12-0535,HAP-2025-12-0535,historical_ap,volume_opex
JE-HAP-2025-12-0536,2025-12,2025-12-24,2025-12-24,6000-Operating,1000-Cash,6077,60.77,security monitoring hosts 2025-12,FedEx,,HAP-2025-12-0536,HAP-2025-12-0536,historical_ap,volume_opex
JE-HAP-2025-12-0537,2025-12,2025-12-24,2025-12-24,6000-Operating,1000-Cash,10588,105.88,usage overage block 2025-12,Pagaya Coffee Service,,HAP-2025-12-0537,HAP-2025-12-0537,historical_ap,volume_opex
JE-HAP-2025-12-0538,2025-12,2025-12-24,2025-12-24,6000-Operating,1000-Cash,1620099,16200.99,premium support 2025-12,Stripe Processing,,HAP-2025-12-0538,HAP-2025-12-0538,historical_ap,volume_opex
JE-HAP-2025-12-0539,2025-12,2025-12-24,2025-12-24,6000-Operating,1000-Cash,42460,424.6,warehouse consumables 2025-12,Boston Edison Steam,,HAP-2025-12-0539,HAP-2025-12-0539,historical_ap,volume_opex
JE-HAP-2025-12-0540,2025-12,2025-12-24,2025-12-24,6000-Operating,1000-Cash,2521,25.21,security monitoring hosts 2025-12,Linear App,,HAP-2025-12-0540,HAP-2025-12-0540,historical_ap,volume_opex
JE-HAP-2025-12-0541,2025-12,2025-12-25,2025-12-25,6000-Operating,1000-Cash,11682,116.82,warehouse consumables 2025-12,Stripe Processing,,HAP-2025-12-0541,HAP-2025-12-0541,historical_ap,volume_opex
JE-HAP-2025-12-0542,2025-12,2025-12-25,2025-12-25,6000-Operating,1000-Cash,6143,61.43,security monitoring hosts 2025-12,Boston Edison Steam,,HAP-2025-12-0542,HAP-2025-12-0542,historical_ap,volume_opex
JE-HAP-2025-12-0543,2025-12,2025-12-25,2025-12-25,6000-Operating,1000-Cash,10654,106.54,usage overage block 2025-12,Linear App,,HAP-2025-12-0543,HAP-2025-12-0543,historical_ap,volume_opex
JE-HAP-2025-12-0544,2025-12,2025-12-25,2025-12-25,6000-Operating,1000-Cash,1620165,16201.65,premium support 2025-12,Amazon Web Services,,HAP-2025-12-0544,HAP-2025-12-0544,historical_ap,volume_opex
JE-HAP-2025-12-0545,2025-12,2025-12-25,2025-12-25,6000-Operating,1000-Cash,42526,425.26,warehouse consumables 2025-12,Datadog,,HAP-2025-12-0545,HAP-2025-12-0545,historical_ap,volume_opex
JE-HAP-2025-12-0546,2025-12,2025-12-25,2025-12-25,6000-Operating,1000-Cash,2587,25.87,security monitoring hosts 2025-12,Hartford Insurance,,HAP-2025-12-0546,HAP-2025-12-0546,historical_ap,volume_opex
JE-HAP-2025-12-0547,2025-12,2025-12-25,2025-12-25,6000-Operating,1000-Cash,6198,61.98,usage overage block 2025-12,Harbor Electric,,HAP-2025-12-0547,HAP-2025-12-0547,historical_ap,volume_opex
JE-HAP-2025-12-0548,2025-12,2025-12-25,2025-12-25,6000-Operating,1000-Cash,1080209,10802.09,premium support 2025-12,Freightline Logistics,,HAP-2025-12-0548,HAP-2025-12-0548,historical_ap,volume_opex
JE-HAP-2025-12-0549,2025-12,2025-12-25,2025-12-25,6000-Operating,1000-Cash,31020,310.2,warehouse consumables 2025-12,Notion Labs,,HAP-2025-12-0549,HAP-2025-12-0549,historical_ap,volume_opex
JE-HAP-2025-12-0550,2025-12,2025-12-25,2025-12-25,6000-Operating,1000-Cash,12231,122.31,security monitoring hosts 2025-12,Zoom Video,,HAP-2025-12-0550,HAP-2025-12-0550,historical_ap,volume_opex
JE-HAP-2025-12-0551,2025-12,2025-12-25,2025-12-25,6000-Operating,1000-Cash,1742,17.42,usage overage block 2025-12,Helios Hardware Supply,,HAP-2025-12-0551,HAP-2025-12-0551,historical_ap,volume_opex
JE-HAP-2025-12-0552,2025-12,2025-12-25,2025-12-25,6000-Operating,1000-Cash,540000,5400.0,premium support 2025-12,ADP,,HAP-2025-12-0552,HAP-2025-12-0552,historical_ap,volume_opex
JE-HAP-2025-12-0553,2025-12,2025-12-26,2025-12-26,6000-Operating,1000-Cash,6011,60.11,usage overage block 2025-12,Zoom Video,,HAP-2025-12-0553,HAP-2025-12-0553,historical_ap,volume_opex
JE-HAP-2025-12-0554,2025-12,2025-12-26,2025-12-26,6000-Operating,1000-Cash,1080022,10800.22,premium support 2025-12,Helios Hardware Supply,,HAP-2025-12-0554,HAP-2025-12-0554,historical_ap,volume_opex
JE-HAP-2025-12-0555,2025-12,2025-12-26,2025-12-26,6000-Operating,1000-Cash,30833,308.33,warehouse consumables 2025-12,ADP,,HAP-2025-12-0555,HAP-2025-12-0555,historical_ap,volume_opex
JE-HAP-2025-12-0556,2025-12,2025-12-26,2025-12-26,6000-Operating,1000-Cash,12044,120.44,security monitoring hosts 2025-12,CleanRoom Janitorial,,HAP-2025-12-0556,HAP-2025-12-0556,historical_ap,volume_opex
JE-HAP-2025-12-0557,2025-12,2025-12-26,2025-12-26,6000-Operating,1000-Cash,1555,15.55,usage overage block 2025-12,Adyen NV,,HAP-2025-12-0557,HAP-2025-12-0557,historical_ap,volume_opex
JE-HAP-2025-12-0558,2025-12,2025-12-26,2025-12-26,6000-Operating,1000-Cash,540066,5400.66,premium support 2025-12,Carta,,HAP-2025-12-0558,HAP-2025-12-0558,historical_ap,volume_opex
JE-HAP-2025-12-0559,2025-12,2025-12-26,2025-12-26,6000-Operating,1000-Cash,19327,193.27,warehouse consumables 2025-12,Acme Supplies,,HAP-2025-12-0559,HAP-2025-12-0559,historical_ap,volume_opex
JE-HAP-2025-12-0560,2025-12,2025-12-26,2025-12-26,6000-Operating,1000-Cash,8488,84.88,security monitoring hosts 2025-12,Northline Fabrication,,HAP-2025-12-0560,HAP-2025-12-0560,historical_ap,volume_opex
JE-HAP-2025-12-0561,2025-12,2025-12-26,2025-12-26,6000-Operating,1000-Cash,13599,135.99,usage overage block 2025-12,Slack Technologies,,HAP-2025-12-0561,HAP-2025-12-0561,historical_ap,volume_opex
JE-HAP-2025-12-0562,2025-12,2025-12-26,2025-12-26,6000-Operating,1000-Cash,1980110,19801.1,premium support 2025-12,Orbit Analytics,,HAP-2025-12-0562,HAP-2025-12-0562,historical_ap,volume_opex
JE-HAP-2025-12-0563,2025-12,2025-12-26,2025-12-26,6000-Operating,1000-Cash,7821,78.21,warehouse consumables 2025-12,Lindholm & Ruiz LLP,,HAP-2025-12-0563,HAP-2025-12-0563,historical_ap,volume_opex
JE-HAP-2025-12-0564,2025-12,2025-12-26,2025-12-26,6000-Operating,1000-Cash,4932,49.32,security monitoring hosts 2025-12,Lenovo,,HAP-2025-12-0564,HAP-2025-12-0564,historical_ap,volume_opex
JE-HAP-2025-12-0565,2025-12,2025-12-27,2025-12-27,6000-Operating,1000-Cash,19393,193.93,warehouse consumables 2025-12,Orbit Analytics,,HAP-2025-12-0565,HAP-2025-12-0565,historical_ap,volume_opex
JE-HAP-2025-12-0566,2025-12,2025-12-27,2025-12-27,6000-Operating,1000-Cash,8554,85.54,security monitoring hosts 2025-12,Lindholm & Ruiz LLP,,HAP-2025-12-0566,HAP-2025-12-0566,historical_ap,volume_opex
JE-HAP-2025-12-0567,2025-12,2025-12-27,2025-12-27,6000-Operating,1000-Cash,13665,136.65,usage overage block 2025-12,Lenovo,,HAP-2025-12-0567,HAP-2025-12-0567,historical_ap,volume_opex
JE-HAP-2025-12-0568,2025-12,2025-12-27,2025-12-27,6000-Operating,1000-Cash,1980176,19801.76,premium support 2025-12,Snowflake,,HAP-2025-12-0568,HAP-2025-12-0568,historical_ap,volume_opex
JE-HAP-2025-12-0569,2025-12,2025-12-27,2025-12-27,6000-Operating,1000-Cash,7887,78.87,warehouse consumables 2025-12,Atlassian,,HAP-2025-12-0569,HAP-2025-12-0569,historical_ap,volume_opex
JE-HAP-2025-12-0570,2025-12,2025-12-27,2025-12-27,6000-Operating,1000-Cash,4998,49.98,security monitoring hosts 2025-12,Harbor Power & Light,,HAP-2025-12-0570,HAP-2025-12-0570,historical_ap,volume_opex
JE-HAP-2025-12-0571,2025-12,2025-12-27,2025-12-27,6000-Operating,1000-Cash,9209,92.09,usage overage block 2025-12,WeWork Cambridge,,HAP-2025-12-0571,HAP-2025-12-0571,historical_ap,volume_opex
JE-HAP-2025-12-0572,2025-12,2025-12-27,2025-12-27,6000-Operating,1000-Cash,1440220,14402.2,premium support 2025-12,Kendall Square Parking,,HAP-2025-12-0572,HAP-2025-12-0572,historical_ap,volume_opex
JE-HAP-2025-12-0573,2025-12,2025-12-27,2025-12-27,6000-Operating,1000-Cash,38731,387.31,warehouse consumables 2025-12,DocuSign,,HAP-2025-12-0573,HAP-2025-12-0573,historical_ap,volume_opex
JE-HAP-2025-12-0574,2025-12,2025-12-27,2025-12-27,6000-Operating,1000-Cash,1442,14.42,security monitoring hosts 2025-12,Gusto Payroll,,HAP-2025-12-0574,HAP-2025-12-0574,historical_ap,volume_opex
JE-HAP-2025-12-0575,2025-12,2025-12-27,2025-12-27,6000-Operating,1000-Cash,4500,45.0,usage overage block 2025-12,Acme Supplies LLC,,HAP-2025-12-0575,HAP-2025-12-0575,historical_ap,volume_opex
JE-HAP-2025-12-0576,2025-12,2025-12-27,2025-12-27,6000-Operating,1000-Cash,900011,9000.11,premium support 2025-12,Office Depot,,HAP-2025-12-0576,HAP-2025-12-0576,historical_ap,volume_opex
JE-HAP-2025-12-0577,2025-12,2025-12-28,2025-12-28,6000-Operating,1000-Cash,9022,90.22,usage overage block 2025-12,Gusto Payroll,,HAP-2025-12-0577,HAP-2025-12-0577,historical_ap,volume_opex
JE-HAP-2025-12-0578,2025-12,2025-12-28,2025-12-28,6000-Operating,1000-Cash,1440033,14400.33,premium support 2025-12,Acme Supplies LLC,,HAP-2025-12-0578,HAP-2025-12-0578,historical_ap,volume_opex
JE-HAP-2025-12-0579,2025-12,2025-12-28,2025-12-28,6000-Operating,1000-Cash,38544,385.44,warehouse consumables 2025-12,Office Depot,,HAP-2025-12-0579,HAP-2025-12-0579,historical_ap,volume_opex
JE-HAP-2025-12-0580,2025-12,2025-12-28,2025-12-28,6000-Operating,1000-Cash,1255,12.55,security monitoring hosts 2025-12,Figma,,HAP-2025-12-0580,HAP-2025-12-0580,historical_ap,volume_opex
JE-HAP-2025-12-0581,2025-12,2025-12-28,2025-12-28,6000-Operating,1000-Cash,4566,45.66,usage overage block 2025-12,Cambridge Properties,,HAP-2025-12-0581,HAP-2025-12-0581,historical_ap,volume_opex
JE-HAP-2025-12-0582,2025-12,2025-12-28,2025-12-28,6000-Operating,1000-Cash,900077,9000.77,premium support 2025-12,GitHub,,HAP-2025-12-0582,HAP-2025-12-0582,historical_ap,volume_opex
JE-HAP-2025-12-0583,2025-12,2025-12-28,2025-12-28,6000-Operating,1000-Cash,27038,270.38,warehouse consumables 2025-12,Misc Supplies,,HAP-2025-12-0583,HAP-2025-12-0583,historical_ap,volume_opex
JE-HAP-2025-12-0584,2025-12,2025-12-28,2025-12-28,6000-Operating,1000-Cash,10899,108.99,security monitoring hosts 2025-12,Okta,,HAP-2025-12-0584,HAP-2025-12-0584,historical_ap,volume_opex
JE-HAP-2025-12-0585,2025-12,2025-12-28,2025-12-28,6000-Operating,1000-Cash,16610,166.1,usage overage block 2025-12,Cloudflare,,HAP-2025-12-0585,HAP-2025-12-0585,historical_ap,volume_opex
JE-HAP-2025-12-0586,2025-12,2025-12-28,2025-12-28,6000-Operating,1000-Cash,360121,3601.21,premium support 2025-12,Staples Business Advantage,,HAP-2025-12-0586,HAP-2025-12-0586,historical_ap,volume_opex
JE-HAP-2025-12-0587,2025-12,2025-12-28,2025-12-28,6000-Operating,1000-Cash,15532,155.32,warehouse consumables 2025-12,Comcast Business,,HAP-2025-12-0587,HAP-2025-12-0587,historical_ap,volume_opex
JE-HAP-2025-12-0588,2025-12,2025-12-28,2025-12-28,6000-Operating,1000-Cash,7343,73.43,security monitoring hosts 2025-12,HubSpot,,HAP-2025-12-0588,HAP-2025-12-0588,historical_ap,volume_opex
JE-HAP-2025-12-0589,2025-12,2025-12-29,2025-12-29,6000-Operating,1000-Cash,27104,271.04,warehouse consumables 2025-12,Staples Business Advantage,,HAP-2025-12-0589,HAP-2025-12-0589,historical_ap,volume_opex
JE-HAP-2025-12-0590,2025-12,2025-12-29,2025-12-29,6000-Operating,1000-Cash,10965,109.65,security monitoring hosts 2025-12,Comcast Business,,HAP-2025-12-0590,HAP-2025-12-0590,historical_ap,volume_opex
JE-HAP-2025-12-0591,2025-12,2025-12-29,2025-12-29,6000-Operating,1000-Cash,16676,166.76,usage overage block 2025-12,HubSpot,,HAP-2025-12-0591,HAP-2025-12-0591,historical_ap,volume_opex
JE-HAP-2025-12-0592,2025-12,2025-12-29,2025-12-29,6000-Operating,1000-Cash,360187,3601.87,premium support 2025-12,Palo Alto Networks,,HAP-2025-12-0592,HAP-2025-12-0592,historical_ap,volume_opex
JE-HAP-2025-12-0593,2025-12,2025-12-29,2025-12-29,6000-Operating,1000-Cash,15598,155.98,warehouse consumables 2025-12,Vanta,,HAP-2025-12-0593,HAP-2025-12-0593,historical_ap,volume_opex
JE-HAP-2025-12-0594,2025-12,2025-12-29,2025-12-29,6000-Operating,1000-Cash,7409,74.09,security monitoring hosts 2025-12,Acme Supply Co.,,HAP-2025-12-0594,HAP-2025-12-0594,historical_ap,volume_opex
JE-HAP-2025-12-0595,2025-12,2025-12-29,2025-12-29,6000-Operating,1000-Cash,12220,122.2,usage overage block 2025-12,Helios Hardware,,HAP-2025-12-0595,HAP-2025-12-0595,historical_ap,volume_opex
JE-HAP-2025-12-0596,2025-12,2025-12-29,2025-12-29,6000-Operating,1000-Cash,1800231,18002.31,premium support 2025-12,Google Cloud,,HAP-2025-12-0596,HAP-2025-12-0596,historical_ap,volume_opex
JE-HAP-2025-12-0597,2025-12,2025-12-29,2025-12-29,6000-Operating,1000-Cash,4092,40.92,warehouse consumables 2025-12,Dell Technologies,,HAP-2025-12-0597,HAP-2025-12-0597,historical_ap,volume_opex
JE-HAP-2025-12-0598,2025-12,2025-12-29,2025-12-29,6000-Operating,1000-Cash,3600,36.0,security monitoring hosts 2025-12,Shadow Vendor LLC,,HAP-2025-12-0598,HAP-2025-12-0598,historical_ap,volume_opex
JE-HAP-2025-12-0599,2025-12,2025-12-29,2025-12-29,6000-Operating,1000-Cash,7511,75.11,usage overage block 2025-12,Twilio,,HAP-2025-12-0599,HAP-2025-12-0599,historical_ap,volume_opex
JE-HAP-2025-12-0600,2025-12,2025-12-29,2025-12-29,6000-Operating,1000-Cash,1260022,12600.22,premium support 2025-12,CrowdStrike,,HAP-2025-12-0600,HAP-2025-12-0600,historical_ap,volume_opex
JE-HAP-2025-12-0601,2025-12,2025-12-30,2025-12-30,6000-Operating,1000-Cash,12033,120.33,usage overage block 2025-12,Shadow Vendor LLC,,HAP-2025-12-0601,HAP-2025-12-0601,historical_ap,volume_opex
JE-HAP-2025-12-0602,2025-12,2025-12-30,2025-12-30,6000-Operating,1000-Cash,1800044,18000.44,premium support 2025-12,Twilio,,HAP-2025-12-0602,HAP-2025-12-0602,historical_ap,volume_opex
JE-HAP-2025-12-0603,2025-12,2025-12-30,2025-12-30,6000-Operating,1000-Cash,3905,39.05,warehouse consumables 2025-12,CrowdStrike,,HAP-2025-12-0603,HAP-2025-12-0603,historical_ap,volume_opex
JE-HAP-2025-12-0604,2025-12,2025-12-30,2025-12-30,6000-Operating,1000-Cash,3666,36.66,security monitoring hosts 2025-12,Northline Fab Group,,HAP-2025-12-0604,HAP-2025-12-0604,historical_ap,volume_opex
JE-HAP-2025-12-0605,2025-12,2025-12-30,2025-12-30,6000-Operating,1000-Cash,7577,75.77,usage overage block 2025-12,FedEx,,HAP-2025-12-0605,HAP-2025-12-0605,historical_ap,volume_opex
JE-HAP-2025-12-0606,2025-12,2025-12-30,2025-12-30,6000-Operating,1000-Cash,1260088,12600.88,premium support 2025-12,Pagaya Coffee Service,,HAP-2025-12-0606,HAP-2025-12-0606,historical_ap,volume_opex
JE-HAP-2025-12-0607,2025-12,2025-12-30,2025-12-30,6000-Operating,1000-Cash,34749,347.49,warehouse consumables 2025-12,Stripe Processing,,HAP-2025-12-0607,HAP-2025-12-0607,historical_ap,volume_opex
JE-HAP-2025-12-0608,2025-12,2025-12-30,2025-12-30,6000-Operating,1000-Cash,13310,133.1,security monitoring hosts 2025-12,Boston Edison Steam,,HAP-2025-12-0608,HAP-2025-12-0608,historical_ap,volume_opex
JE-HAP-2025-12-0609,2025-12,2025-12-30,2025-12-30,6000-Operating,1000-Cash,3121,31.21,usage overage block 2025-12,Linear App,,HAP-2025-12-0609,HAP-2025-12-0609,historical_ap,volume_opex
JE-HAP-2025-12-0610,2025-12,2025-12-30,2025-12-30,6000-Operating,1000-Cash,720132,7201.32,premium support 2025-12,Amazon Web Services,,HAP-2025-12-0610,HAP-2025-12-0610,historical_ap,volume_opex
JE-HAP-2025-12-0611,2025-12,2025-12-30,2025-12-30,6000-Operating,1000-Cash,23243,232.43,warehouse consumables 2025-12,Datadog,,HAP-2025-12-0611,HAP-2025-12-0611,historical_ap,volume_opex
JE-HAP-2025-12-0612,2025-12,2025-12-30,2025-12-30,6000-Operating,1000-Cash,9754,97.54,security monitoring hosts 2025-12,Hartford Insurance,,HAP-2025-12-0612,HAP-2025-12-0612,historical_ap,volume_opex
JE-HAP-2025-12-0613,2025-12,2025-12-31,2025-12-31,6000-Operating,1000-Cash,34815,348.15,warehouse consumables 2025-12,Amazon Web Services,,HAP-2025-12-0613,HAP-2025-12-0613,historical_ap,volume_opex
JE-HAP-2025-12-0614,2025-12,2025-12-31,2025-12-31,6000-Operating,1000-Cash,13376,133.76,security monitoring hosts 2025-12,Datadog,,HAP-2025-12-0614,HAP-2025-12-0614,historical_ap,volume_opex
JE-HAP-2025-12-0615,2025-12,2025-12-31,2025-12-31,6000-Operating,1000-Cash,3187,31.87,usage overage block 2025-12,Hartford Insurance,,HAP-2025-12-0615,HAP-2025-12-0615,historical_ap,volume_opex
JE-HAP-2025-12-0616,2025-12,2025-12-31,2025-12-31,6000-Operating,1000-Cash,720198,7201.98,premium support 2025-12,Harbor Electric,,HAP-2025-12-0616,HAP-2025-12-0616,historical_ap,volume_opex
JE-HAP-2025-12-0617,2025-12,2025-12-31,2025-12-31,6000-Operating,1000-Cash,23309,233.09,warehouse consumables 2025-12,Freightline Logistics,,HAP-2025-12-0617,HAP-2025-12-0617,historical_ap,volume_opex
JE-HAP-2025-12-0618,2025-12,2025-12-31,2025-12-31,6000-Operating,1000-Cash,9820,98.2,security monitoring hosts 2025-12,Notion Labs,,HAP-2025-12-0618,HAP-2025-12-0618,historical_ap,volume_opex
JE-HAP-2025-12-0619,2025-12,2025-12-31,2025-12-31,6000-Operating,1000-Cash,15231,152.31,usage overage block 2025-12,Zoom Video,,HAP-2025-12-0619,HAP-2025-12-0619,historical_ap,volume_opex
JE-HAP-2025-12-0620,2025-12,2025-12-31,2025-12-31,6000-Operating,1000-Cash,180242,1802.42,premium support 2025-12,Helios Hardware Supply,,HAP-2025-12-0620,HAP-2025-12-0620,historical_ap,volume_opex
JE-HAP-2025-12-0621,2025-12,2025-12-31,2025-12-31,6000-Operating,1000-Cash,11550,115.5,warehouse consumables 2025-12,ADP,,HAP-2025-12-0621,HAP-2025-12-0621,historical_ap,volume_opex
JE-HAP-2025-12-0622,2025-12,2025-12-31,2025-12-31,6000-Operating,1000-Cash,6011,60.11,security monitoring hosts 2025-12,CleanRoom Janitorial,,HAP-2025-12-0622,HAP-2025-12-0622,historical_ap,volume_opex
JE-HAP-2025-12-0623,2025-12,2025-12-31,2025-12-31,6000-Operating,1000-Cash,10522,105.22,usage overage block 2025-12,Adyen NV,,HAP-2025-12-0623,HAP-2025-12-0623,historical_ap,volume_opex
JE-HAP-2025-12-0624,2025-12,2025-12-31,2025-12-31,6000-Operating,1000-Cash,1620033,16200.33,premium support 2025-12,Carta,,HAP-2025-12-0624,HAP-2025-12-0624,historical_ap,volume_opex
JE-HAP-2025-12-0625,2025-12,2025-12-31,2025-12-31,6000-Operating,1000-Cash,15044,150.44,usage overage block 2025-12,CleanRoom Janitorial,,HAP-2025-12-0625,HAP-2025-12-0625,historical_ap,volume_opex
JE-HAP-2025-12-0626,2025-12,2025-12-31,2025-12-31,6000-Operating,1000-Cash,180055,1800.55,premium support 2025-12,Adyen NV,,HAP-2025-12-0626,HAP-2025-12-0626,historical_ap,volume_opex
JE-HAP-2025-12-0627,2025-12,2025-12-31,2025-12-31,6000-Operating,1000-Cash,11616,116.16,warehouse consumables 2025-12,Carta,,HAP-2025-12-0627,HAP-2025-12-0627,historical_ap,volume_opex
JE-HAP-2025-12-0628,2025-12,2025-12-31,2025-12-31,6000-Operating,1000-Cash,6077,60.77,security monitoring hosts 2025-12,Acme Supplies,,HAP-2025-12-0628,HAP-2025-12-0628,historical_ap,volume_opex
JE-HAP-2025-12-0629,2025-12,2025-12-31,2025-12-31,6000-Operating,1000-Cash,10588,105.88,usage overage block 2025-12,Northline Fabrication,,HAP-2025-12-0629,HAP-2025-12-0629,historical_ap,volume_opex
JE-HAP-2025-12-0630,2025-12,2025-12-31,2025-12-31,6000-Operating,1000-Cash,1620099,16200.99,premium support 2025-12,Slack Technologies,,HAP-2025-12-0630,HAP-2025-12-0630,historical_ap,volume_opex
JE-HAP-2025-12-0631,2025-12,2025-12-31,2025-12-31,6000-Operating,1000-Cash,42460,424.6,warehouse consumables 2025-12,Orbit Analytics,,HAP-2025-12-0631,HAP-2025-12-0631,historical_ap,volume_opex
JE-HAP-2025-12-0632,2025-12,2025-12-31,2025-12-31,6000-Operating,1000-Cash,2521,25.21,security monitoring hosts 2025-12,Lindholm & Ruiz LLP,,HAP-2025-12-0632,HAP-2025-12-0632,historical_ap,volume_opex
JE-HAP-2025-12-0633,2025-12,2025-12-31,2025-12-31,6000-Operating,1000-Cash,6132,61.32,usage overage block 2025-12,Lenovo,,HAP-2025-12-0633,HAP-2025-12-0633,historical_ap,volume_opex
JE-HAP-2025-12-0634,2025-12,2025-12-31,2025-12-31,6000-Operating,1000-Cash,1080143,10801.43,premium support 2025-12,Snowflake,,HAP-2025-12-0634,HAP-2025-12-0634,historical_ap,volume_opex
JE-HAP-2025-12-0635,2025-12,2025-12-31,2025-12-31,6000-Operating,1000-Cash,30954,309.54,warehouse consumables 2025-12,Atlassian,,HAP-2025-12-0635,HAP-2025-12-0635,historical_ap,volume_opex
JE-HAP-2025-12-0636,2025-12,2025-12-31,2025-12-31,6000-Operating,1000-Cash,12165,121.65,security monitoring hosts 2025-12,Harbor Power & Light,,HAP-2025-12-0636,HAP-2025-12-0636,historical_ap,volume_opex
JE-HAP-2025-12-0637,2025-12,2025-12-31,2025-12-31,6000-Operating,1000-Cash,42526,425.26,warehouse consumables 2025-12,Snowflake,,HAP-2025-12-0637,HAP-2025-12-0637,historical_ap,volume_opex
JE-HAP-2025-12-0638,2025-12,2025-12-31,2025-12-31,6000-Operating,1000-Cash,2587,25.87,security monitoring hosts 2025-12,Atlassian,,HAP-2025-12-0638,HAP-2025-12-0638,historical_ap,volume_opex
JE-HAP-2025-12-0639,2025-12,2025-12-31,2025-12-31,6000-Operating,1000-Cash,6198,61.98,usage overage block 2025-12,Harbor Power & Light,,HAP-2025-12-0639,HAP-2025-12-0639,historical_ap,volume_opex
JE-HAP-2025-12-0640,2025-12,2025-12-31,2025-12-31,6000-Operating,1000-Cash,1080209,10802.09,premium support 2025-12,WeWork Cambridge,,HAP-2025-12-0640,HAP-2025-12-0640,historical_ap,volume_opex
JE-HAP-2025-12-0641,2025-12,2025-12-31,2025-12-31,6000-Operating,1000-Cash,31020,310.2,warehouse consumables 2025-12,Kendall Square Parking,,HAP-2025-12-0641,HAP-2025-12-0641,historical_ap,volume_opex
JE-HAP-2025-12-0642,2025-12,2025-12-31,2025-12-31,6000-Operating,1000-Cash,12231,122.31,security monitoring hosts 2025-12,DocuSign,,HAP-2025-12-0642,HAP-2025-12-0642,historical_ap,volume_opex
JE-HAP-2025-12-0643,2025-12,2025-12-31,2025-12-31,6000-Operating,1000-Cash,1742,17.42,usage overage block 2025-12,Gusto Payroll,,HAP-2025-12-0643,HAP-2025-12-0643,historical_ap,volume_opex
JE-HAP-2025-12-0644,2025-12,2025-12-31,2025-12-31,6000-Operating,1000-Cash,540000,5400.0,premium support 2025-12,Acme Supplies LLC,,HAP-2025-12-0644,HAP-2025-12-0644,historical_ap,volume_opex
JE-HAP-2025-12-0645,2025-12,2025-12-31,2025-12-31,6000-Operating,1000-Cash,19261,192.61,warehouse consumables 2025-12,Office Depot,,HAP-2025-12-0645,HAP-2025-12-0645,historical_ap,volume_opex
JE-HAP-2025-12-0646,2025-12,2025-12-31,2025-12-31,6000-Operating,1000-Cash,8422,84.22,security monitoring hosts 2025-12,Figma,,HAP-2025-12-0646,HAP-2025-12-0646,historical_ap,volume_opex
JE-HAP-2025-12-0647,2025-12,2025-12-31,2025-12-31,6000-Operating,1000-Cash,13533,135.33,usage overage block 2025-12,Cambridge Properties,,HAP-2025-12-0647,HAP-2025-12-0647,historical_ap,volume_opex
JE-HAP-2025-12-0648,2025-12,2025-12-31,2025-12-31,6000-Operating,1000-Cash,1980044,19800.44,premium support 2025-12,GitHub,,HAP-2025-12-0648,HAP-2025-12-0648,historical_ap,volume_opex
JE-HAP-2025-12-0649,2025-12,2025-12-31,2025-12-31,6000-Operating,1000-Cash,1555,15.55,usage overage block 2025-12,Figma,,HAP-2025-12-0649,HAP-2025-12-0649,historical_ap,volume_opex
JE-HAP-2025-12-0650,2025-12,2025-12-31,2025-12-31,6000-Operating,1000-Cash,540066,5400.66,premium support 2025-12,Cambridge Properties,,HAP-2025-12-0650,HAP-2025-12-0650,historical_ap,volume_opex
JE-HAP-2025-12-0651,2025-12,2025-12-31,2025-12-31,6000-Operating,1000-Cash,19327,193.27,warehouse consumables 2025-12,GitHub,,HAP-2025-12-0651,HAP-2025-12-0651,historical_ap,volume_opex
JE-HAP-2025-12-0652,2025-12,2025-12-31,2025-12-31,6000-Operating,1000-Cash,8488,84.88,security monitoring hosts 2025-12,Misc Supplies,,HAP-2025-12-0652,HAP-2025-12-0652,historical_ap,volume_opex
JE-HAP-2025-12-0653,2025-12,2025-12-31,2025-12-31,6000-Operating,1000-Cash,13599,135.99,usage overage block 2025-12,Okta,,HAP-2025-12-0653,HAP-2025-12-0653,historical_ap,volume_opex
JE-HAP-2025-12-0654,2025-12,2025-12-31,2025-12-31,6000-Operating,1000-Cash,1980110,19801.1,premium support 2025-12,Cloudflare,,HAP-2025-12-0654,HAP-2025-12-0654,historical_ap,volume_opex
JE-HAP-2025-12-0655,2025-12,2025-12-31,2025-12-31,6000-Operating,1000-Cash,7821,78.21,warehouse consumables 2025-12,Staples Business Advantage,,HAP-2025-12-0655,HAP-2025-12-0655,historical_ap,volume_opex
JE-HAP-2025-12-0656,2025-12,2025-12-31,2025-12-31,6000-Operating,1000-Cash,4932,49.32,security monitoring hosts 2025-12,Comcast Business,,HAP-2025-12-0656,HAP-2025-12-0656,historical_ap,volume_opex
JE-HAP-2025-12-0657,2025-12,2025-12-31,2025-12-31,6000-Operating,1000-Cash,9143,91.43,usage overage block 2025-12,HubSpot,,HAP-2025-12-0657,HAP-2025-12-0657,historical_ap,volume_opex
JE-HAP-2025-12-0658,2025-12,2025-12-31,2025-12-31,6000-Operating,1000-Cash,1440154,14401.54,premium support 2025-12,Palo Alto Networks,,HAP-2025-12-0658,HAP-2025-12-0658,historical_ap,volume_opex
JE-HAP-2025-12-0659,2025-12,2025-12-31,2025-12-31,6000-Operating,1000-Cash,38665,386.65,warehouse consumables 2025-12,Vanta,,HAP-2025-12-0659,HAP-2025-12-0659,historical_ap,volume_opex
JE-HAP-2025-12-0660,2025-12,2025-12-31,2025-12-31,6000-Operating,1000-Cash,1376,13.76,security monitoring hosts 2025-12,Acme Supply Co.,,HAP-2025-12-0660,HAP-2025-12-0660,historical_ap,volume_opex
JE-HAP-2025-12-0661,2025-12,2025-12-31,2025-12-31,6000-Operating,1000-Cash,7887,78.87,warehouse consumables 2025-12,Palo Alto Networks,,HAP-2025-12-0661,HAP-2025-12-0661,historical_ap,volume_opex
JE-HAP-2025-12-0662,2025-12,2025-12-31,2025-12-31,6000-Operating,1000-Cash,4998,49.98,security monitoring hosts 2025-12,Vanta,,HAP-2025-12-0662,HAP-2025-12-0662,historical_ap,volume_opex
JE-HAP-2025-12-0663,2025-12,2025-12-31,2025-12-31,6000-Operating,1000-Cash,9209,92.09,usage overage block 2025-12,Acme Supply Co.,,HAP-2025-12-0663,HAP-2025-12-0663,historical_ap,volume_opex
JE-HAP-2025-12-0664,2025-12,2025-12-31,2025-12-31,6000-Operating,1000-Cash,1440220,14402.2,premium support 2025-12,Helios Hardware,,HAP-2025-12-0664,HAP-2025-12-0664,historical_ap,volume_opex
JE-HAP-2025-12-0665,2025-12,2025-12-31,2025-12-31,6000-Operating,1000-Cash,38731,387.31,warehouse consumables 2025-12,Google Cloud,,HAP-2025-12-0665,HAP-2025-12-0665,historical_ap,volume_opex
JE-HAP-2025-12-0666,2025-12,2025-12-31,2025-12-31,6000-Operating,1000-Cash,1442,14.42,security monitoring hosts 2025-12,Dell Technologies,,HAP-2025-12-0666,HAP-2025-12-0666,historical_ap,volume_opex
JE-HAP-2025-12-0667,2025-12,2025-12-31,2025-12-31,6000-Operating,1000-Cash,4500,45.0,usage overage block 2025-12,Shadow Vendor LLC,,HAP-2025-12-0667,HAP-2025-12-0667,historical_ap,volume_opex
JE-HAP-2025-12-0668,2025-12,2025-12-31,2025-12-31,6000-Operating,1000-Cash,900011,9000.11,premium support 2025-12,Twilio,,HAP-2025-12-0668,HAP-2025-12-0668,historical_ap,volume_opex
JE-HAP-2025-12-0669,2025-12,2025-12-31,2025-12-31,6000-Operating,1000-Cash,26972,269.72,warehouse consumables 2025-12,CrowdStrike,,HAP-2025-12-0669,HAP-2025-12-0669,historical_ap,volume_opex
JE-HAP-2025-12-0670,2025-12,2025-12-31,2025-12-31,6000-Operating,1000-Cash,10833,108.33,security monitoring hosts 2025-12,Northline Fab Group,,HAP-2025-12-0670,HAP-2025-12-0670,historical_ap,volume_opex
JE-HAP-2025-12-0671,2025-12,2025-12-31,2025-12-31,6000-Operating,1000-Cash,16544,165.44,usage overage block 2025-12,FedEx,,HAP-2025-12-0671,HAP-2025-12-0671,historical_ap,volume_opex
JE-HAP-2025-12-0672,2025-12,2025-12-31,2025-12-31,6000-Operating,1000-Cash,360055,3600.55,premium support 2025-12,Pagaya Coffee Service,,HAP-2025-12-0672,HAP-2025-12-0672,historical_ap,volume_opex
JE-HAP-2025-12-0673,2025-12,2025-12-31,2025-12-31,6000-Operating,1000-Cash,4566,45.66,usage overage block 2025-12,Northline Fab Group,,HAP-2025-12-0673,HAP-2025-12-0673,historical_ap,volume_opex
JE-HAP-2025-12-0674,2025-12,2025-12-31,2025-12-31,6000-Operating,1000-Cash,900077,9000.77,premium support 2025-12,FedEx,,HAP-2025-12-0674,HAP-2025-12-0674,historical_ap,volume_opex
JE-HAP-2025-12-0675,2025-12,2025-12-31,2025-12-31,6000-Operating,1000-Cash,27038,270.38,warehouse consumables 2025-12,Pagaya Coffee Service,,HAP-2025-12-0675,HAP-2025-12-0675,historical_ap,volume_opex
JE-HAP-2025-12-0676,2025-12,2025-12-31,2025-12-31,6000-Operating,1000-Cash,10899,108.99,security monitoring hosts 2025-12,Stripe Processing,,HAP-2025-12-0676,HAP-2025-12-0676,historical_ap,volume_opex
JE-HAP-2025-12-0677,2025-12,2025-12-31,2025-12-31,6000-Operating,1000-Cash,16610,166.1,usage overage block 2025-12,Boston Edison Steam,,HAP-2025-12-0677,HAP-2025-12-0677,historical_ap,volume_opex
JE-HAP-2025-12-0678,2025-12,2025-12-31,2025-12-31,6000-Operating,1000-Cash,360121,3601.21,premium support 2025-12,Linear App,,HAP-2025-12-0678,HAP-2025-12-0678,historical_ap,volume_opex
JE-HAP-2025-12-0679,2025-12,2025-12-31,2025-12-31,6000-Operating,1000-Cash,15532,155.32,warehouse consumables 2025-12,Amazon Web Services,,HAP-2025-12-0679,HAP-2025-12-0679,historical_ap,volume_opex
JE-HAP-2025-12-0680,2025-12,2025-12-31,2025-12-31,6000-Operating,1000-Cash,7343,73.43,security monitoring hosts 2025-12,Datadog,,HAP-2025-12-0680,HAP-2025-12-0680,historical_ap,volume_opex
JE-HAP-2025-12-0681,2025-12,2025-12-31,2025-12-31,6000-Operating,1000-Cash,12154,121.54,usage overage block 2025-12,Hartford Insurance,,HAP-2025-12-0681,HAP-2025-12-0681,historical_ap,volume_opex
JE-HAP-2025-12-0682,2025-12,2025-12-31,2025-12-31,6000-Operating,1000-Cash,1800165,18001.65,premium support 2025-12,Harbor Electric,,HAP-2025-12-0682,HAP-2025-12-0682,historical_ap,volume_opex
JE-HAP-2025-12-0683,2025-12,2025-12-31,2025-12-31,6000-Operating,1000-Cash,4026,40.26,warehouse consumables 2025-12,Freightline Logistics,,HAP-2025-12-0683,HAP-2025-12-0683,historical_ap,volume_opex
JE-HAP-2025-12-0684,2025-12,2025-12-31,2025-12-31,6000-Operating,1000-Cash,3787,37.87,security monitoring hosts 2025-12,Notion Labs,,HAP-2025-12-0684,HAP-2025-12-0684,historical_ap,volume_opex
JE-HAP-2025-12-0685,2025-12,2025-12-31,2025-12-31,6000-Operating,1000-Cash,15598,155.98,warehouse consumables 2025-12,Harbor Electric,,HAP-2025-12-0685,HAP-2025-12-0685,historical_ap,volume_opex
JE-HAP-2025-12-0686,2025-12,2025-12-31,2025-12-31,6000-Operating,1000-Cash,7409,74.09,security monitoring hosts 2025-12,Freightline Logistics,,HAP-2025-12-0686,HAP-2025-12-0686,historical_ap,volume_opex
JE-HAP-2025-12-0687,2025-12,2025-12-31,2025-12-31,6000-Operating,1000-Cash,12220,122.2,usage overage block 2025-12,Notion Labs,,HAP-2025-12-0687,HAP-2025-12-0687,historical_ap,volume_opex
JE-HAP-2025-12-0688,2025-12,2025-12-31,2025-12-31,6000-Operating,1000-Cash,1800231,18002.31,premium support 2025-12,Zoom Video,,HAP-2025-12-0688,HAP-2025-12-0688,historical_ap,volume_opex
JE-HAP-2025-12-0689,2025-12,2025-12-31,2025-12-31,6000-Operating,1000-Cash,4092,40.92,warehouse consumables 2025-12,Helios Hardware Supply,,HAP-2025-12-0689,HAP-2025-12-0689,historical_ap,volume_opex
JE-HAP-2025-12-0690,2025-12,2025-12-31,2025-12-31,6000-Operating,1000-Cash,3600,36.0,security monitoring hosts 2025-12,ADP,,HAP-2025-12-0690,HAP-2025-12-0690,historical_ap,volume_opex
JE-HAP-2025-12-0691,2025-12,2025-12-31,2025-12-31,6000-Operating,1000-Cash,7511,75.11,usage overage block 2025-12,CleanRoom Janitorial,,HAP-2025-12-0691,HAP-2025-12-0691,historical_ap,volume_opex
JE-HAP-2025-12-0692,2025-12,2025-12-31,2025-12-31,6000-Operating,1000-Cash,1260022,12600.22,premium support 2025-12,Adyen NV,,HAP-2025-12-0692,HAP-2025-12-0692,historical_ap,volume_opex
JE-HAP-2025-12-0693,2025-12,2025-12-31,2025-12-31,6000-Operating,1000-Cash,34683,346.83,warehouse consumables 2025-12,Carta,,HAP-2025-12-0693,HAP-2025-12-0693,historical_ap,volume_opex
JE-HAP-2025-12-0694,2025-12,2025-12-31,2025-12-31,6000-Operating,1000-Cash,13244,132.44,security monitoring hosts 2025-12,Acme Supplies,,HAP-2025-12-0694,HAP-2025-12-0694,historical_ap,volume_opex
JE-HAP-2025-12-0695,2025-12,2025-12-31,2025-12-31,6000-Operating,1000-Cash,3055,30.55,usage overage block 2025-12,Northline Fabrication,,HAP-2025-12-0695,HAP-2025-12-0695,historical_ap,volume_opex
JE-HAP-2025-12-0696,2025-12,2025-12-31,2025-12-31,6000-Operating,1000-Cash,720066,7200.66,premium support 2025-12,Slack Technologies,,HAP-2025-12-0696,HAP-2025-12-0696,historical_ap,volume_opex
JE-HAP-2025-12-0697,2025-12,2025-12-31,2025-12-31,6000-Operating,1000-Cash,7577,75.77,usage overage block 2025-12,Acme Supplies,,HAP-2025-12-0697,HAP-2025-12-0697,historical_ap,volume_opex
JE-HAP-2025-12-0698,2025-12,2025-12-31,2025-12-31,6000-Operating,1000-Cash,1260088,12600.88,premium support 2025-12,Northline Fabrication,,HAP-2025-12-0698,HAP-2025-12-0698,historical_ap,volume_opex
JE-HAP-2025-12-0699,2025-12,2025-12-31,2025-12-31,6000-Operating,1000-Cash,34749,347.49,warehouse consumables 2025-12,Slack Technologies,,HAP-2025-12-0699,HAP-2025-12-0699,historical_ap,volume_opex
JE-HAP-2025-12-0700,2025-12,2025-12-31,2025-12-31,6000-Operating,1000-Cash,13310,133.1,security monitoring hosts 2025-12,Orbit Analytics,,HAP-2025-12-0700,HAP-2025-12-0700,historical_ap,volume_opex
JE-HAP-2025-12-0701,2025-12,2025-12-31,2025-12-31,6000-Operating,1000-Cash,3121,31.21,usage overage block 2025-12,Lindholm & Ruiz LLP,,HAP-2025-12-0701,HAP-2025-12-0701,historical_ap,volume_opex
JE-HAP-2025-12-0702,2025-12,2025-12-31,2025-12-31,6000-Operating,1000-Cash,720132,7201.32,premium support 2025-12,Lenovo,,HAP-2025-12-0702,HAP-2025-12-0702,historical_ap,volume_opex
JE-HAP-2025-12-0703,2025-12,2025-12-31,2025-12-31,6000-Operating,1000-Cash,23243,232.43,warehouse consumables 2025-12,Snowflake,,HAP-2025-12-0703,HAP-2025-12-0703,historical_ap,volume_opex
JE-HAP-2025-12-0704,2025-12,2025-12-31,2025-12-31,6000-Operating,1000-Cash,9754,97.54,security monitoring hosts 2025-12,Atlassian,,HAP-2025-12-0704,HAP-2025-12-0704,historical_ap,volume_opex
JE-HAP-2025-12-0705,2025-12,2025-12-31,2025-12-31,6000-Operating,1000-Cash,15165,151.65,usage overage block 2025-12,Harbor Power & Light,,HAP-2025-12-0705,HAP-2025-12-0705,historical_ap,volume_opex
JE-HAP-2025-12-0706,2025-12,2025-12-31,2025-12-31,6000-Operating,1000-Cash,180176,1801.76,premium support 2025-12,WeWork Cambridge,,HAP-2025-12-0706,HAP-2025-12-0706,historical_ap,volume_opex
JE-HAP-2025-12-0707,2025-12,2025-12-31,2025-12-31,6000-Operating,1000-Cash,11737,117.37,warehouse consumables 2025-12,Kendall Square Parking,,HAP-2025-12-0707,HAP-2025-12-0707,historical_ap,volume_opex
JE-HAP-2025-12-0708,2025-12,2025-12-31,2025-12-31,6000-Operating,1000-Cash,6198,61.98,security monitoring hosts 2025-12,DocuSign,,HAP-2025-12-0708,HAP-2025-12-0708,historical_ap,volume_opex
JE-HAP-2025-12-0709,2025-12,2025-12-31,2025-12-31,6000-Operating,1000-Cash,23309,233.09,warehouse consumables 2025-12,WeWork Cambridge,,HAP-2025-12-0709,HAP-2025-12-0709,historical_ap,volume_opex
JE-HAP-2025-12-0710,2025-12,2025-12-31,2025-12-31,6000-Operating,1000-Cash,9820,98.2,security monitoring hosts 2025-12,Kendall Square Parking,,HAP-2025-12-0710,HAP-2025-12-0710,historical_ap,volume_opex
JE-HAP-2025-12-0711,2025-12,2025-12-31,2025-12-31,6000-Operating,1000-Cash,15231,152.31,usage overage block 2025-12,DocuSign,,HAP-2025-12-0711,HAP-2025-12-0711,historical_ap,volume_opex
JE-HAP-2025-12-0712,2025-12,2025-12-31,2025-12-31,6000-Operating,1000-Cash,180242,1802.42,premium support 2025-12,Gusto Payroll,,HAP-2025-12-0712,HAP-2025-12-0712,historical_ap,volume_opex
JE-HAP-2025-12-0713,2025-12,2025-12-31,2025-12-31,6000-Operating,1000-Cash,11550,115.5,warehouse consumables 2025-12,Acme Supplies LLC,,HAP-2025-12-0713,HAP-2025-12-0713,historical_ap,volume_opex
JE-HAP-2025-12-0714,2025-12,2025-12-31,2025-12-31,6000-Operating,1000-Cash,6011,60.11,security monitoring hosts 2025-12,Office Depot,,HAP-2025-12-0714,HAP-2025-12-0714,historical_ap,volume_opex
JE-HAP-2025-12-0715,2025-12,2025-12-31,2025-12-31,6000-Operating,1000-Cash,10522,105.22,usage overage block 2025-12,Figma,,HAP-2025-12-0715,HAP-2025-12-0715,historical_ap,volume_opex
JE-HAP-2025-12-0716,2025-12,2025-12-31,2025-12-31,6000-Operating,1000-Cash,1620033,16200.33,premium support 2025-12,Cambridge Properties,,HAP-2025-12-0716,HAP-2025-12-0716,historical_ap,volume_opex
JE-HAP-2025-12-0717,2025-12,2025-12-31,2025-12-31,6000-Operating,1000-Cash,42394,423.94,warehouse consumables 2025-12,GitHub,,HAP-2025-12-0717,HAP-2025-12-0717,historical_ap,volume_opex
JE-HAP-2025-12-0718,2025-12,2025-12-31,2025-12-31,6000-Operating,1000-Cash,2455,24.55,security monitoring hosts 2025-12,Misc Supplies,,HAP-2025-12-0718,HAP-2025-12-0718,historical_ap,volume_opex
JE-HAP-2025-12-0719,2025-12,2025-12-31,2025-12-31,6000-Operating,1000-Cash,6066,60.66,usage overage block 2025-12,Okta,,HAP-2025-12-0719,HAP-2025-12-0719,historical_ap,volume_opex
JE-HAP-2025-12-0720,2025-12,2025-12-31,2025-12-31,6000-Operating,1000-Cash,1080077,10800.77,premium support 2025-12,Cloudflare,,HAP-2025-12-0720,HAP-2025-12-0720,historical_ap,volume_opex
JE-HAP-2026-01-0721,2026-01,2026-01-20,2026-01-20,6000-Operating,1000-Cash,10588,105.88,usage overage block 2026-01,Misc Supplies,,HAP-2026-01-0721,HAP-2026-01-0721,historical_ap,volume_opex
JE-HAP-2026-01-0722,2026-01,2026-01-20,2026-01-20,6000-Operating,1000-Cash,1620099,16200.99,premium support 2026-01,Okta,,HAP-2026-01-0722,HAP-2026-01-0722,historical_ap,volume_opex
JE-HAP-2026-01-0723,2026-01,2026-01-20,2026-01-20,6000-Operating,1000-Cash,42460,424.6,warehouse consumables 2026-01,Cloudflare,,HAP-2026-01-0723,HAP-2026-01-0723,historical_ap,volume_opex
JE-HAP-2026-01-0724,2026-01,2026-01-20,2026-01-20,6000-Operating,1000-Cash,2521,25.21,security monitoring hosts 2026-01,Staples Business Advantage,,HAP-2026-01-0724,HAP-2026-01-0724,historical_ap,volume_opex
JE-HAP-2026-01-0725,2026-01,2026-01-20,2026-01-20,6000-Operating,1000-Cash,6132,61.32,usage overage block 2026-01,Comcast Business,,HAP-2026-01-0725,HAP-2026-01-0725,historical_ap,volume_opex
JE-HAP-2026-01-0726,2026-01,2026-01-20,2026-01-20,6000-Operating,1000-Cash,1080143,10801.43,premium support 2026-01,HubSpot,,HAP-2026-01-0726,HAP-2026-01-0726,historical_ap,volume_opex
JE-HAP-2026-01-0727,2026-01,2026-01-20,2026-01-20,6000-Operating,1000-Cash,30954,309.54,warehouse consumables 2026-01,Palo Alto Networks,,HAP-2026-01-0727,HAP-2026-01-0727,historical_ap,volume_opex
JE-HAP-2026-01-0728,2026-01,2026-01-20,2026-01-20,6000-Operating,1000-Cash,12165,121.65,security monitoring hosts 2026-01,Vanta,,HAP-2026-01-0728,HAP-2026-01-0728,historical_ap,volume_opex
JE-HAP-2026-01-0729,2026-01,2026-01-20,2026-01-20,6000-Operating,1000-Cash,1676,16.76,usage overage block 2026-01,Acme Supply Co.,,HAP-2026-01-0729,HAP-2026-01-0729,historical_ap,volume_opex
JE-HAP-2026-01-0730,2026-01,2026-01-20,2026-01-20,6000-Operating,1000-Cash,540187,5401.87,premium support 2026-01,Helios Hardware,,HAP-2026-01-0730,HAP-2026-01-0730,historical_ap,volume_opex
JE-HAP-2026-01-0731,2026-01,2026-01-20,2026-01-20,6000-Operating,1000-Cash,19448,194.48,warehouse consumables 2026-01,Google Cloud,,HAP-2026-01-0731,HAP-2026-01-0731,historical_ap,volume_opex
JE-HAP-2026-01-0732,2026-01,2026-01-20,2026-01-20,6000-Operating,1000-Cash,8609,86.09,security monitoring hosts 2026-01,Dell Technologies,,HAP-2026-01-0732,HAP-2026-01-0732,historical_ap,volume_opex
JE-HAP-2026-01-0733,2026-01,2026-01-21,2026-01-21,6000-Operating,1000-Cash,31020,310.2,warehouse consumables 2026-01,Helios Hardware,,HAP-2026-01-0733,HAP-2026-01-0733,historical_ap,volume_opex
JE-HAP-2026-01-0734,2026-01,2026-01-21,2026-01-21,6000-Operating,1000-Cash,12231,122.31,security monitoring hosts 2026-01,Google Cloud,,HAP-2026-01-0734,HAP-2026-01-0734,historical_ap,volume_opex
JE-HAP-2026-01-0735,2026-01,2026-01-21,2026-01-21,6000-Operating,1000-Cash,1742,17.42,usage overage block 2026-01,Dell Technologies,,HAP-2026-01-0735,HAP-2026-01-0735,historical_ap,volume_opex
JE-HAP-2026-01-0736,2026-01,2026-01-21,2026-01-21,6000-Operating,1000-Cash,540000,5400.0,premium support 2026-01,Shadow Vendor LLC,,HAP-2026-01-0736,HAP-2026-01-0736,historical_ap,volume_opex
JE-HAP-2026-01-0737,2026-01,2026-01-21,2026-01-21,6000-Operating,1000-Cash,19261,192.61,warehouse consumables 2026-01,Twilio,,HAP-2026-01-0737,HAP-2026-01-0737,historical_ap,volume_opex
JE-HAP-2026-01-0738,2026-01,2026-01-21,2026-01-21,6000-Operating,1000-Cash,8422,84.22,security monitoring hosts 2026-01,CrowdStrike,,HAP-2026-01-0738,HAP-2026-01-0738,historical_ap,volume_opex
JE-HAP-2026-01-0739,2026-01,2026-01-21,2026-01-21,6000-Operating,1000-Cash,13533,135.33,usage overage block 2026-01,Northline Fab Group,,HAP-2026-01-0739,HAP-2026-01-0739,historical_ap,volume_opex
JE-HAP-2026-01-0740,2026-01,2026-01-21,2026-01-21,6000-Operating,1000-Cash,1980044,19800.44,premium support 2026-01,FedEx,,HAP-2026-01-0740,HAP-2026-01-0740,historical_ap,volume_opex
JE-HAP-2026-01-0741,2026-01,2026-01-21,2026-01-21,6000-Operating,1000-Cash,7755,77.55,warehouse consumables 2026-01,Pagaya Coffee Service,,HAP-2026-01-0741,HAP-2026-01-0741,historical_ap,volume_opex
JE-HAP-2026-01-0742,2026-01,2026-01-21,2026-01-21,6000-Operating,1000-Cash,4866,48.66,security monitoring hosts 2026-01,Stripe Processing,,HAP-2026-01-0742,HAP-2026-01-0742,historical_ap,volume_opex
JE-HAP-2026-01-0743,2026-01,2026-01-21,2026-01-21,6000-Operating,1000-Cash,9077,90.77,usage overage block 2026-01,Boston Edison Steam,,HAP-2026-01-0743,HAP-2026-01-0743,historical_ap,volume_opex
JE-HAP-2026-01-0744,2026-01,2026-01-21,2026-01-21,6000-Operating,1000-Cash,1440088,14400.88,premium support 2026-01,Linear App,,HAP-2026-01-0744,HAP-2026-01-0744,historical_ap,volume_opex
JE-HAP-2026-01-0745,2026-01,2026-01-22,2026-01-22,6000-Operating,1000-Cash,13599,135.99,usage overage block 2026-01,Stripe Processing,,HAP-2026-01-0745,HAP-2026-01-0745,historical_ap,volume_opex
JE-HAP-2026-01-0746,2026-01,2026-01-22,2026-01-22,6000-Operating,1000-Cash,1980110,19801.1,premium support 2026-01,Boston Edison Steam,,HAP-2026-01-0746,HAP-2026-01-0746,historical_ap,volume_opex
JE-HAP-2026-01-0747,2026-01,2026-01-22,2026-01-22,6000-Operating,1000-Cash,7821,78.21,warehouse consumables 2026-01,Linear App,,HAP-2026-01-0747,HAP-2026-01-0747,historical_ap,volume_opex
JE-HAP-2026-01-0748,2026-01,2026-01-22,2026-01-22,6000-Operating,1000-Cash,4932,49.32,security monitoring hosts 2026-01,Amazon Web Services,,HAP-2026-01-0748,HAP-2026-01-0748,historical_ap,volume_opex
JE-HAP-2026-01-0749,2026-01,2026-01-22,2026-01-22,6000-Operating,1000-Cash,9143,91.43,usage overage block 2026-01,Datadog,,HAP-2026-01-0749,HAP-2026-01-0749,historical_ap,volume_opex
JE-HAP-2026-01-0750,2026-01,2026-01-22,2026-01-22,6000-Operating,1000-Cash,1440154,14401.54,premium support 2026-01,Hartford Insurance,,HAP-2026-01-0750,HAP-2026-01-0750,historical_ap,volume_opex
JE-HAP-2026-01-0751,2026-01,2026-01-22,2026-01-22,6000-Operating,1000-Cash,38665,386.65,warehouse consumables 2026-01,Harbor Electric,,HAP-2026-01-0751,HAP-2026-01-0751,historical_ap,volume_opex
JE-HAP-2026-01-0752,2026-01,2026-01-22,2026-01-22,6000-Operating,1000-Cash,1376,13.76,security monitoring hosts 2026-01,Freightline Logistics,,HAP-2026-01-0752,HAP-2026-01-0752,historical_ap,volume_opex
JE-HAP-2026-01-0753,2026-01,2026-01-22,2026-01-22,6000-Operating,1000-Cash,4687,46.87,usage overage block 2026-01,Notion Labs,,HAP-2026-01-0753,HAP-2026-01-0753,historical_ap,volume_opex
JE-HAP-2026-01-0754,2026-01,2026-01-22,2026-01-22,6000-Operating,1000-Cash,900198,9001.98,premium support 2026-01,Zoom Video,,HAP-2026-01-0754,HAP-2026-01-0754,historical_ap,volume_opex
JE-HAP-2026-01-0755,2026-01,2026-01-22,2026-01-22,6000-Operating,1000-Cash,27159,271.59,warehouse consumables 2026-01,Helios Hardware Supply,,HAP-2026-01-0755,HAP-2026-01-0755,historical_ap,volume_opex
JE-HAP-2026-01-0756,2026-01,2026-01-22,2026-01-22,6000-Operating,1000-Cash,11020,110.2,security monitoring hosts 2026-01,ADP,,HAP-2026-01-0756,HAP-2026-01-0756,historical_ap,volume_opex
JE-HAP-2026-01-0757,2026-01,2026-01-23,2026-01-23,6000-Operating,1000-Cash,38731,387.31,warehouse consumables 2026-01,Zoom Video,,HAP-2026-01-0757,HAP-2026-01-0757,historical_ap,volume_opex
JE-HAP-2026-01-0758,2026-01,2026-01-23,2026-01-23,6000-Operating,1000-Cash,1442,14.42,security monitoring hosts 2026-01,Helios Hardware Supply,,HAP-2026-01-0758,HAP-2026-01-0758,historical_ap,volume_opex
JE-HAP-2026-01-0759,2026-01,2026-01-23,2026-01-23,6000-Operating,1000-Cash,4500,45.0,usage overage block 2026-01,ADP,,HAP-2026-01-0759,HAP-2026-01-0759,historical_ap,volume_opex
JE-HAP-2026-01-0760,2026-01,2026-01-23,2026-01-23,6000-Operating,1000-Cash,900011,9000.11,premium support 2026-01,CleanRoom Janitorial,,HAP-2026-01-0760,HAP-2026-01-0760,historical_ap,volume_opex
JE-HAP-2026-01-0761,2026-01,2026-01-23,2026-01-23,6000-Operating,1000-Cash,26972,269.72,warehouse consumables 2026-01,Adyen NV,,HAP-2026-01-0761,HAP-2026-01-0761,historical_ap,volume_opex
JE-HAP-2026-01-0762,2026-01,2026-01-23,2026-01-23,6000-Operating,1000-Cash,10833,108.33,security monitoring hosts 2026-01,Carta,,HAP-2026-01-0762,HAP-2026-01-0762,historical_ap,volume_opex
JE-HAP-2026-01-0763,2026-01,2026-01-23,2026-01-23,6000-Operating,1000-Cash,16544,165.44,usage overage block 2026-01,Acme Supplies,,HAP-2026-01-0763,HAP-2026-01-0763,historical_ap,volume_opex
JE-HAP-2026-01-0764,2026-01,2026-01-23,2026-01-23,6000-Operating,1000-Cash,360055,3600.55,premium support 2026-01,Northline Fabrication,,HAP-2026-01-0764,HAP-2026-01-0764,historical_ap,volume_opex
JE-HAP-2026-01-0765,2026-01,2026-01-23,2026-01-23,6000-Operating,1000-Cash,15466,154.66,warehouse consumables 2026-01,Slack Technologies,,HAP-2026-01-0765,HAP-2026-01-0765,historical_ap,volume_opex
JE-HAP-2026-01-0766,2026-01,2026-01-23,2026-01-23,6000-Operating,1000-Cash,7277,72.77,security monitoring hosts 2026-01,Orbit Analytics,,HAP-2026-01-0766,HAP-2026-01-0766,historical_ap,volume_opex
JE-HAP-2026-01-0767,2026-01,2026-01-23,2026-01-23,6000-Operating,1000-Cash,12088,120.88,usage overage block 2026-01,Lindholm & Ruiz LLP,,HAP-2026-01-0767,HAP-2026-01-0767,historical_ap,volume_opex
JE-HAP-2026-01-0768,2026-01,2026-01-23,2026-01-23,6000-Operating,1000-Cash,1800099,18000.99,premium support 2026-01,Lenovo,,HAP-2026-01-0768,HAP-2026-01-0768,historical_ap,volume_opex
JE-HAP-2026-01-0769,2026-01,2026-01-24,2026-01-24,6000-Operating,1000-Cash,16610,166.1,usage overage block 2026-01,Orbit Analytics,,HAP-2026-01-0769,HAP-2026-01-0769,historical_ap,volume_opex
JE-HAP-2026-01-0770,2026-01,2026-01-24,2026-01-24,6000-Operating,1000-Cash,360121,3601.21,premium support 2026-01,Lindholm & Ruiz LLP,,HAP-2026-01-0770,HAP-2026-01-0770,historical_ap,volume_opex
JE-HAP-2026-01-0771,2026-01,2026-01-24,2026-01-24,6000-Operating,1000-Cash,15532,155.32,warehouse consumables 2026-01,Lenovo,,HAP-2026-01-0771,HAP-2026-01-0771,historical_ap,volume_opex
JE-HAP-2026-01-0772,2026-01,2026-01-24,2026-01-24,6000-Operating,1000-Cash,7343,73.43,security monitoring hosts 2026-01,Snowflake,,HAP-2026-01-0772,HAP-2026-01-0772,historical_ap,volume_opex
JE-HAP-2026-01-0773,2026-01,2026-01-24,2026-01-24,6000-Operating,1000-Cash,12154,121.54,usage overage block 2026-01,Atlassian,,HAP-2026-01-0773,HAP-2026-01-0773,historical_ap,volume_opex
JE-HAP-2026-01-0774,2026-01,2026-01-24,2026-01-24,6000-Operating,1000-Cash,1800165,18001.65,premium support 2026-01,Harbor Power & Light,,HAP-2026-01-0774,HAP-2026-01-0774,historical_ap,volume_opex
JE-HAP-2026-01-0775,2026-01,2026-01-24,2026-01-24,6000-Operating,1000-Cash,4026,40.26,warehouse consumables 2026-01,WeWork Cambridge,,HAP-2026-01-0775,HAP-2026-01-0775,historical_ap,volume_opex
JE-HAP-2026-01-0776,2026-01,2026-01-24,2026-01-24,6000-Operating,1000-Cash,3787,37.87,security monitoring hosts 2026-01,Kendall Square Parking,,HAP-2026-01-0776,HAP-2026-01-0776,historical_ap,volume_opex
JE-HAP-2026-01-0777,2026-01,2026-01-24,2026-01-24,6000-Operating,1000-Cash,7698,76.98,usage overage block 2026-01,DocuSign,,HAP-2026-01-0777,HAP-2026-01-0777,historical_ap,volume_opex
JE-HAP-2026-01-0778,2026-01,2026-01-24,2026-01-24,6000-Operating,1000-Cash,1260209,12602.09,premium support 2026-01,Gusto Payroll,,HAP-2026-01-0778,HAP-2026-01-0778,historical_ap,volume_opex
JE-HAP-2026-01-0779,2026-01,2026-01-24,2026-01-24,6000-Operating,1000-Cash,34870,348.7,warehouse consumables 2026-01,Acme Supplies LLC,,HAP-2026-01-0779,HAP-2026-01-0779,historical_ap,volume_opex
JE-HAP-2026-01-0780,2026-01,2026-01-24,2026-01-24,6000-Operating,1000-Cash,13431,134.31,security monitoring hosts 2026-01,Office Depot,,HAP-2026-01-0780,HAP-2026-01-0780,historical_ap,volume_opex
JE-HAP-2026-01-0781,2026-01,2026-01-25,2026-01-25,6000-Operating,1000-Cash,4092,40.92,warehouse consumables 2026-01,Gusto Payroll,,HAP-2026-01-0781,HAP-2026-01-0781,historical_ap,volume_opex
JE-HAP-2026-01-0782,2026-01,2026-01-25,2026-01-25,6000-Operating,1000-Cash,3600,36.0,security monitoring hosts 2026-01,Acme Supplies LLC,,HAP-2026-01-0782,HAP-2026-01-0782,historical_ap,volume_opex
JE-HAP-2026-01-0783,2026-01,2026-01-25,2026-01-25,6000-Operating,1000-Cash,7511,75.11,usage overage block 2026-01,Office Depot,,HAP-2026-01-0783,HAP-2026-01-0783,historical_ap,volume_opex
JE-HAP-2026-01-0784,2026-01,2026-01-25,2026-01-25,6000-Operating,1000-Cash,1260022,12600.22,premium support 2026-01,Figma,,HAP-2026-01-0784,HAP-2026-01-0784,historical_ap,volume_opex
JE-HAP-2026-01-0785,2026-01,2026-01-25,2026-01-25,6000-Operating,1000-Cash,34683,346.83,warehouse consumables 2026-01,Cambridge Properties,,HAP-2026-01-0785,HAP-2026-01-0785,historical_ap,volume_opex
JE-HAP-2026-01-0786,2026-01,2026-01-25,2026-01-25,6000-Operating,1000-Cash,13244,132.44,security monitoring hosts 2026-01,GitHub,,HAP-2026-01-0786,HAP-2026-01-0786,historical_ap,volume_opex
JE-HAP-2026-01-0787,2026-01,2026-01-25,2026-01-25,6000-Operating,1000-Cash,3055,30.55,usage overage block 2026-01,Misc Supplies,,HAP-2026-01-0787,HAP-2026-01-0787,historical_ap,volume_opex
JE-HAP-2026-01-0788,2026-01,2026-01-25,2026-01-25,6000-Operating,1000-Cash,720066,7200.66,premium support 2026-01,Okta,,HAP-2026-01-0788,HAP-2026-01-0788,historical_ap,volume_opex
JE-HAP-2026-01-0789,2026-01,2026-01-25,2026-01-25,6000-Operating,1000-Cash,23177,231.77,warehouse consumables 2026-01,Cloudflare,,HAP-2026-01-0789,HAP-2026-01-0789,historical_ap,volume_opex
JE-HAP-2026-01-0790,2026-01,2026-01-25,2026-01-25,6000-Operating,1000-Cash,9688,96.88,security monitoring hosts 2026-01,Staples Business Advantage,,HAP-2026-01-0790,HAP-2026-01-0790,historical_ap,volume_opex
JE-HAP-2026-01-0791,2026-01,2026-01-25,2026-01-25,6000-Operating,1000-Cash,15099,150.99,usage overage block 2026-01,Comcast Business,,HAP-2026-01-0791,HAP-2026-01-0791,historical_ap,volume_opex
JE-HAP-2026-01-0792,2026-01,2026-01-25,2026-01-25,6000-Operating,1000-Cash,180110,1801.1,premium support 2026-01,HubSpot,,HAP-2026-01-0792,HAP-2026-01-0792,historical_ap,volume_opex
JE-HAP-2026-01-0793,2026-01,2026-01-26,2026-01-26,6000-Operating,1000-Cash,3121,31.21,usage overage block 2026-01,Staples Business Advantage,,HAP-2026-01-0793,HAP-2026-01-0793,historical_ap,volume_opex
JE-HAP-2026-01-0794,2026-01,2026-01-26,2026-01-26,6000-Operating,1000-Cash,720132,7201.32,premium support 2026-01,Comcast Business,,HAP-2026-01-0794,HAP-2026-01-0794,historical_ap,volume_opex
JE-HAP-2026-01-0795,2026-01,2026-01-26,2026-01-26,6000-Operating,1000-Cash,23243,232.43,warehouse consumables 2026-01,HubSpot,,HAP-2026-01-0795,HAP-2026-01-0795,historical_ap,volume_opex
JE-HAP-2026-01-0796,2026-01,2026-01-26,2026-01-26,6000-Operating,1000-Cash,9754,97.54,security monitoring hosts 2026-01,Palo Alto Networks,,HAP-2026-01-0796,HAP-2026-01-0796,historical_ap,volume_opex
JE-HAP-2026-01-0797,2026-01,2026-01-26,2026-01-26,6000-Operating,1000-Cash,15165,151.65,usage overage block 2026-01,Vanta,,HAP-2026-01-0797,HAP-2026-01-0797,historical_ap,volume_opex
JE-HAP-2026-01-0798,2026-01,2026-01-26,2026-01-26,6000-Operating,1000-Cash,180176,1801.76,premium support 2026-01,Acme Supply Co.,,HAP-2026-01-0798,HAP-2026-01-0798,historical_ap,volume_opex
JE-HAP-2026-01-0799,2026-01,2026-01-26,2026-01-26,6000-Operating,1000-Cash,11737,117.37,warehouse consumables 2026-01,Helios Hardware,,HAP-2026-01-0799,HAP-2026-01-0799,historical_ap,volume_opex
JE-HAP-2026-01-0800,2026-01,2026-01-26,2026-01-26,6000-Operating,1000-Cash,6198,61.98,security monitoring hosts 2026-01,Google Cloud,,HAP-2026-01-0800,HAP-2026-01-0800,historical_ap,volume_opex
JE-HAP-2026-01-0801,2026-01,2026-01-26,2026-01-26,6000-Operating,1000-Cash,10709,107.09,usage overage block 2026-01,Dell Technologies,,HAP-2026-01-0801,HAP-2026-01-0801,historical_ap,volume_opex
JE-HAP-2026-01-0802,2026-01,2026-01-26,2026-01-26,6000-Operating,1000-Cash,1620220,16202.2,premium support 2026-01,Shadow Vendor LLC,,HAP-2026-01-0802,HAP-2026-01-0802,historical_ap,volume_opex
JE-HAP-2026-01-0803,2026-01,2026-01-26,2026-01-26,6000-Operating,1000-Cash,42581,425.81,warehouse consumables 2026-01,Twilio,,HAP-2026-01-0803,HAP-2026-01-0803,historical_ap,volume_opex
JE-HAP-2026-01-0804,2026-01,2026-01-26,2026-01-26,6000-Operating,1000-Cash,2642,26.42,security monitoring hosts 2026-01,CrowdStrike,,HAP-2026-01-0804,HAP-2026-01-0804,historical_ap,volume_opex
JE-HAP-2026-01-0805,2026-01,2026-01-27,2026-01-27,6000-Operating,1000-Cash,11550,115.5,warehouse consumables 2026-01,Shadow Vendor LLC,,HAP-2026-01-0805,HAP-2026-01-0805,historical_ap,volume_opex
JE-HAP-2026-01-0806,2026-01,2026-01-27,2026-01-27,6000-Operating,1000-Cash,6011,60.11,security monitoring hosts 2026-01,Twilio,,HAP-2026-01-0806,HAP-2026-01-0806,historical_ap,volume_opex
JE-HAP-2026-01-0807,2026-01,2026-01-27,2026-01-27,6000-Operating,1000-Cash,10522,105.22,usage overage block 2026-01,CrowdStrike,,HAP-2026-01-0807,HAP-2026-01-0807,historical_ap,volume_opex
JE-HAP-2026-01-0808,2026-01,2026-01-27,2026-01-27,6000-Operating,1000-Cash,1620033,16200.33,premium support 2026-01,Northline Fab Group,,HAP-2026-01-0808,HAP-2026-01-0808,historical_ap,volume_opex
JE-HAP-2026-01-0809,2026-01,2026-01-27,2026-01-27,6000-Operating,1000-Cash,42394,423.94,warehouse consumables 2026-01,FedEx,,HAP-2026-01-0809,HAP-2026-01-0809,historical_ap,volume_opex
JE-HAP-2026-01-0810,2026-01,2026-01-27,2026-01-27,6000-Operating,1000-Cash,2455,24.55,security monitoring hosts 2026-01,Pagaya Coffee Service,,HAP-2026-01-0810,HAP-2026-01-0810,historical_ap,volume_opex
JE-HAP-2026-01-0811,2026-01,2026-01-27,2026-01-27,6000-Operating,1000-Cash,6066,60.66,usage overage block 2026-01,Stripe Processing,,HAP-2026-01-0811,HAP-2026-01-0811,historical_ap,volume_opex
JE-HAP-2026-01-0812,2026-01,2026-01-27,2026-01-27,6000-Operating,1000-Cash,1080077,10800.77,premium support 2026-01,Boston Edison Steam,,HAP-2026-01-0812,HAP-2026-01-0812,historical_ap,volume_opex
JE-HAP-2026-01-0813,2026-01,2026-01-27,2026-01-27,6000-Operating,1000-Cash,30888,308.88,warehouse consumables 2026-01,Linear App,,HAP-2026-01-0813,HAP-2026-01-0813,historical_ap,volume_opex
JE-HAP-2026-01-0814,2026-01,2026-01-27,2026-01-27,6000-Operating,1000-Cash,12099,120.99,security monitoring hosts 2026-01,Amazon Web Services,,HAP-2026-01-0814,HAP-2026-01-0814,historical_ap,volume_opex
JE-HAP-2026-01-0815,2026-01,2026-01-27,2026-01-27,6000-Operating,1000-Cash,1610,16.1,usage overage block 2026-01,Datadog,,HAP-2026-01-0815,HAP-2026-01-0815,historical_ap,volume_opex
JE-HAP-2026-01-0816,2026-01,2026-01-27,2026-01-27,6000-Operating,1000-Cash,540121,5401.21,premium support 2026-01,Hartford Insurance,,HAP-2026-01-0816,HAP-2026-01-0816,historical_ap,volume_opex
JE-HAP-2026-01-0817,2026-01,2026-01-28,2026-01-28,6000-Operating,1000-Cash,6132,61.32,usage overage block 2026-01,Amazon Web Services,,HAP-2026-01-0817,HAP-2026-01-0817,historical_ap,volume_opex
JE-HAP-2026-01-0818,2026-01,2026-01-28,2026-01-28,6000-Operating,1000-Cash,1080143,10801.43,premium support 2026-01,Datadog,,HAP-2026-01-0818,HAP-2026-01-0818,historical_ap,volume_opex
JE-HAP-2026-01-0819,2026-01,2026-01-28,2026-01-28,6000-Operating,1000-Cash,30954,309.54,warehouse consumables 2026-01,Hartford Insurance,,HAP-2026-01-0819,HAP-2026-01-0819,historical_ap,volume_opex
JE-HAP-2026-01-0820,2026-01,2026-01-28,2026-01-28,6000-Operating,1000-Cash,12165,121.65,security monitoring hosts 2026-01,Harbor Electric,,HAP-2026-01-0820,HAP-2026-01-0820,historical_ap,volume_opex
JE-HAP-2026-01-0821,2026-01,2026-01-28,2026-01-28,6000-Operating,1000-Cash,1676,16.76,usage overage block 2026-01,Freightline Logistics,,HAP-2026-01-0821,HAP-2026-01-0821,historical_ap,volume_opex
JE-HAP-2026-01-0822,2026-01,2026-01-28,2026-01-28,6000-Operating,1000-Cash,540187,5401.87,premium support 2026-01,Notion Labs,,HAP-2026-01-0822,HAP-2026-01-0822,historical_ap,volume_opex
JE-HAP-2026-01-0823,2026-01,2026-01-28,2026-01-28,6000-Operating,1000-Cash,19448,194.48,warehouse consumables 2026-01,Zoom Video,,HAP-2026-01-0823,HAP-2026-01-0823,historical_ap,volume_opex
JE-HAP-2026-01-0824,2026-01,2026-01-28,2026-01-28,6000-Operating,1000-Cash,8609,86.09,security monitoring hosts 2026-01,Helios Hardware Supply,,HAP-2026-01-0824,HAP-2026-01-0824,historical_ap,volume_opex
JE-HAP-2026-01-0825,2026-01,2026-01-28,2026-01-28,6000-Operating,1000-Cash,13720,137.2,usage overage block 2026-01,ADP,,HAP-2026-01-0825,HAP-2026-01-0825,historical_ap,volume_opex
JE-HAP-2026-01-0826,2026-01,2026-01-28,2026-01-28,6000-Operating,1000-Cash,1980231,19802.31,premium support 2026-01,CleanRoom Janitorial,,HAP-2026-01-0826,HAP-2026-01-0826,historical_ap,volume_opex
JE-HAP-2026-01-0827,2026-01,2026-01-28,2026-01-28,6000-Operating,1000-Cash,7942,79.42,warehouse consumables 2026-01,Adyen NV,,HAP-2026-01-0827,HAP-2026-01-0827,historical_ap,volume_opex
JE-HAP-2026-01-0828,2026-01,2026-01-28,2026-01-28,6000-Operating,1000-Cash,4800,48.0,security monitoring hosts 2026-01,Carta,,HAP-2026-01-0828,HAP-2026-01-0828,historical_ap,volume_opex
JE-HAP-2026-01-0829,2026-01,2026-01-29,2026-01-29,6000-Operating,1000-Cash,19261,192.61,warehouse consumables 2026-01,CleanRoom Janitorial,,HAP-2026-01-0829,HAP-2026-01-0829,historical_ap,volume_opex
JE-HAP-2026-01-0830,2026-01,2026-01-29,2026-01-29,6000-Operating,1000-Cash,8422,84.22,security monitoring hosts 2026-01,Adyen NV,,HAP-2026-01-0830,HAP-2026-01-0830,historical_ap,volume_opex
JE-HAP-2026-01-0831,2026-01,2026-01-29,2026-01-29,6000-Operating,1000-Cash,13533,135.33,usage overage block 2026-01,Carta,,HAP-2026-01-0831,HAP-2026-01-0831,historical_ap,volume_opex
JE-HAP-2026-01-0832,2026-01,2026-01-29,2026-01-29,6000-Operating,1000-Cash,1980044,19800.44,premium support 2026-01,Acme Supplies,,HAP-2026-01-0832,HAP-2026-01-0832,historical_ap,volume_opex
JE-HAP-2026-01-0833,2026-01,2026-01-29,2026-01-29,6000-Operating,1000-Cash,7755,77.55,warehouse consumables 2026-01,Northline Fabrication,,HAP-2026-01-0833,HAP-2026-01-0833,historical_ap,volume_opex
JE-HAP-2026-01-0834,2026-01,2026-01-29,2026-01-29,6000-Operating,1000-Cash,4866,48.66,security monitoring hosts 2026-01,Slack Technologies,,HAP-2026-01-0834,HAP-2026-01-0834,historical_ap,volume_opex
JE-HAP-2026-01-0835,2026-01,2026-01-29,2026-01-29,6000-Operating,1000-Cash,9077,90.77,usage overage block 2026-01,Orbit Analytics,,HAP-2026-01-0835,HAP-2026-01-0835,historical_ap,volume_opex
JE-HAP-2026-01-0836,2026-01,2026-01-29,2026-01-29,6000-Operating,1000-Cash,1440088,14400.88,premium support 2026-01,Lindholm & Ruiz LLP,,HAP-2026-01-0836,HAP-2026-01-0836,historical_ap,volume_opex
JE-HAP-2026-01-0837,2026-01,2026-01-29,2026-01-29,6000-Operating,1000-Cash,38599,385.99,warehouse consumables 2026-01,Lenovo,,HAP-2026-01-0837,HAP-2026-01-0837,historical_ap,volume_opex
JE-HAP-2026-01-0838,2026-01,2026-01-29,2026-01-29,6000-Operating,1000-Cash,1310,13.1,security monitoring hosts 2026-01,Snowflake,,HAP-2026-01-0838,HAP-2026-01-0838,historical_ap,volume_opex
JE-HAP-2026-01-0839,2026-01,2026-01-29,2026-01-29,6000-Operating,1000-Cash,4621,46.21,usage overage block 2026-01,Atlassian,,HAP-2026-01-0839,HAP-2026-01-0839,historical_ap,volume_opex
JE-HAP-2026-01-0840,2026-01,2026-01-29,2026-01-29,6000-Operating,1000-Cash,900132,9001.32,premium support 2026-01,Harbor Power & Light,,HAP-2026-01-0840,HAP-2026-01-0840,historical_ap,volume_opex
JE-HAP-2026-01-0841,2026-01,2026-01-30,2026-01-30,6000-Operating,1000-Cash,9143,91.43,usage overage block 2026-01,Snowflake,,HAP-2026-01-0841,HAP-2026-01-0841,historical_ap,volume_opex
JE-HAP-2026-01-0842,2026-01,2026-01-30,2026-01-30,6000-Operating,1000-Cash,1440154,14401.54,premium support 2026-01,Atlassian,,HAP-2026-01-0842,HAP-2026-01-0842,historical_ap,volume_opex
JE-HAP-2026-01-0843,2026-01,2026-01-30,2026-01-30,6000-Operating,1000-Cash,38665,386.65,warehouse consumables 2026-01,Harbor Power & Light,,HAP-2026-01-0843,HAP-2026-01-0843,historical_ap,volume_opex
JE-HAP-2026-01-0844,2026-01,2026-01-30,2026-01-30,6000-Operating,1000-Cash,1376,13.76,security monitoring hosts 2026-01,WeWork Cambridge,,HAP-2026-01-0844,HAP-2026-01-0844,historical_ap,volume_opex
JE-HAP-2026-01-0845,2026-01,2026-01-30,2026-01-30,6000-Operating,1000-Cash,4687,46.87,usage overage block 2026-01,Kendall Square Parking,,HAP-2026-01-0845,HAP-2026-01-0845,historical_ap,volume_opex
JE-HAP-2026-01-0846,2026-01,2026-01-30,2026-01-30,6000-Operating,1000-Cash,900198,9001.98,premium support 2026-01,DocuSign,,HAP-2026-01-0846,HAP-2026-01-0846,historical_ap,volume_opex
JE-HAP-2026-01-0847,2026-01,2026-01-30,2026-01-30,6000-Operating,1000-Cash,27159,271.59,warehouse consumables 2026-01,Gusto Payroll,,HAP-2026-01-0847,HAP-2026-01-0847,historical_ap,volume_opex
JE-HAP-2026-01-0848,2026-01,2026-01-30,2026-01-30,6000-Operating,1000-Cash,11020,110.2,security monitoring hosts 2026-01,Acme Supplies LLC,,HAP-2026-01-0848,HAP-2026-01-0848,historical_ap,volume_opex
JE-HAP-2026-01-0849,2026-01,2026-01-30,2026-01-30,6000-Operating,1000-Cash,16731,167.31,usage overage block 2026-01,Office Depot,,HAP-2026-01-0849,HAP-2026-01-0849,historical_ap,volume_opex
JE-HAP-2026-01-0850,2026-01,2026-01-30,2026-01-30,6000-Operating,1000-Cash,360242,3602.42,premium support 2026-01,Figma,,HAP-2026-01-0850,HAP-2026-01-0850,historical_ap,volume_opex
JE-HAP-2026-01-0851,2026-01,2026-01-30,2026-01-30,6000-Operating,1000-Cash,15400,154.0,warehouse consumables 2026-01,Cambridge Properties,,HAP-2026-01-0851,HAP-2026-01-0851,historical_ap,volume_opex
JE-HAP-2026-01-0852,2026-01,2026-01-30,2026-01-30,6000-Operating,1000-Cash,7211,72.11,security monitoring hosts 2026-01,GitHub,,HAP-2026-01-0852,HAP-2026-01-0852,historical_ap,volume_opex
JE-HAP-2026-01-0853,2026-01,2026-01-31,2026-01-31,6000-Operating,1000-Cash,26972,269.72,warehouse consumables 2026-01,Figma,,HAP-2026-01-0853,HAP-2026-01-0853,historical_ap,volume_opex
JE-HAP-2026-01-0854,2026-01,2026-01-31,2026-01-31,6000-Operating,1000-Cash,10833,108.33,security monitoring hosts 2026-01,Cambridge Properties,,HAP-2026-01-0854,HAP-2026-01-0854,historical_ap,volume_opex
JE-HAP-2026-01-0855,2026-01,2026-01-31,2026-01-31,6000-Operating,1000-Cash,16544,165.44,usage overage block 2026-01,GitHub,,HAP-2026-01-0855,HAP-2026-01-0855,historical_ap,volume_opex
JE-HAP-2026-01-0856,2026-01,2026-01-31,2026-01-31,6000-Operating,1000-Cash,360055,3600.55,premium support 2026-01,Misc Supplies,,HAP-2026-01-0856,HAP-2026-01-0856,historical_ap,volume_opex
JE-HAP-2026-01-0857,2026-01,2026-01-31,2026-01-31,6000-Operating,1000-Cash,15466,154.66,warehouse consumables 2026-01,Okta,,HAP-2026-01-0857,HAP-2026-01-0857,historical_ap,volume_opex
JE-HAP-2026-01-0858,2026-01,2026-01-31,2026-01-31,6000-Operating,1000-Cash,7277,72.77,security monitoring hosts 2026-01,Cloudflare,,HAP-2026-01-0858,HAP-2026-01-0858,historical_ap,volume_opex
JE-HAP-2026-01-0859,2026-01,2026-01-31,2026-01-31,6000-Operating,1000-Cash,12088,120.88,usage overage block 2026-01,Staples Business Advantage,,HAP-2026-01-0859,HAP-2026-01-0859,historical_ap,volume_opex
JE-HAP-2026-01-0860,2026-01,2026-01-31,2026-01-31,6000-Operating,1000-Cash,1800099,18000.99,premium support 2026-01,Comcast Business,,HAP-2026-01-0860,HAP-2026-01-0860,historical_ap,volume_opex
JE-HAP-2026-01-0861,2026-01,2026-01-31,2026-01-31,6000-Operating,1000-Cash,3960,39.6,warehouse consumables 2026-01,HubSpot,,HAP-2026-01-0861,HAP-2026-01-0861,historical_ap,volume_opex
JE-HAP-2026-01-0862,2026-01,2026-01-31,2026-01-31,6000-Operating,1000-Cash,3721,37.21,security monitoring hosts 2026-01,Palo Alto Networks,,HAP-2026-01-0862,HAP-2026-01-0862,historical_ap,volume_opex
JE-HAP-2026-01-0863,2026-01,2026-01-31,2026-01-31,6000-Operating,1000-Cash,7632,76.32,usage overage block 2026-01,Vanta,,HAP-2026-01-0863,HAP-2026-01-0863,historical_ap,volume_opex
JE-HAP-2026-01-0864,2026-01,2026-01-31,2026-01-31,6000-Operating,1000-Cash,1260143,12601.43,premium support 2026-01,Acme Supply Co.,,HAP-2026-01-0864,HAP-2026-01-0864,historical_ap,volume_opex
JE-HAP-2026-01-0865,2026-01,2026-01-31,2026-01-31,6000-Operating,1000-Cash,12154,121.54,usage overage block 2026-01,Palo Alto Networks,,HAP-2026-01-0865,HAP-2026-01-0865,historical_ap,volume_opex
JE-HAP-2026-01-0866,2026-01,2026-01-31,2026-01-31,6000-Operating,1000-Cash,1800165,18001.65,premium support 2026-01,Vanta,,HAP-2026-01-0866,HAP-2026-01-0866,historical_ap,volume_opex
JE-HAP-2026-01-0867,2026-01,2026-01-31,2026-01-31,6000-Operating,1000-Cash,4026,40.26,warehouse consumables 2026-01,Acme Supply Co.,,HAP-2026-01-0867,HAP-2026-01-0867,historical_ap,volume_opex
JE-HAP-2026-01-0868,2026-01,2026-01-31,2026-01-31,6000-Operating,1000-Cash,3787,37.87,security monitoring hosts 2026-01,Helios Hardware,,HAP-2026-01-0868,HAP-2026-01-0868,historical_ap,volume_opex
JE-HAP-2026-01-0869,2026-01,2026-01-31,2026-01-31,6000-Operating,1000-Cash,7698,76.98,usage overage block 2026-01,Google Cloud,,HAP-2026-01-0869,HAP-2026-01-0869,historical_ap,volume_opex
JE-HAP-2026-01-0870,2026-01,2026-01-31,2026-01-31,6000-Operating,1000-Cash,1260209,12602.09,premium support 2026-01,Dell Technologies,,HAP-2026-01-0870,HAP-2026-01-0870,historical_ap,volume_opex
JE-HAP-2026-01-0871,2026-01,2026-01-31,2026-01-31,6000-Operating,1000-Cash,34870,348.7,warehouse consumables 2026-01,Shadow Vendor LLC,,HAP-2026-01-0871,HAP-2026-01-0871,historical_ap,volume_opex
JE-HAP-2026-01-0872,2026-01,2026-01-31,2026-01-31,6000-Operating,1000-Cash,13431,134.31,security monitoring hosts 2026-01,Twilio,,HAP-2026-01-0872,HAP-2026-01-0872,historical_ap,volume_opex
JE-HAP-2026-01-0873,2026-01,2026-01-31,2026-01-31,6000-Operating,1000-Cash,3242,32.42,usage overage block 2026-01,CrowdStrike,,HAP-2026-01-0873,HAP-2026-01-0873,historical_ap,volume_opex
JE-HAP-2026-01-0874,2026-01,2026-01-31,2026-01-31,6000-Operating,1000-Cash,720000,7200.0,premium support 2026-01,Northline Fab Group,,HAP-2026-01-0874,HAP-2026-01-0874,historical_ap,volume_opex
JE-HAP-2026-01-0875,2026-01,2026-01-31,2026-01-31,6000-Operating,1000-Cash,23111,231.11,warehouse consumables 2026-01,FedEx,,HAP-2026-01-0875,HAP-2026-01-0875,historical_ap,volume_opex
JE-HAP-2026-01-0876,2026-01,2026-01-31,2026-01-31,6000-Operating,1000-Cash,9622,96.22,security monitoring hosts 2026-01,Pagaya Coffee Service,,HAP-2026-01-0876,HAP-2026-01-0876,historical_ap,volume_opex
JE-HAP-2026-01-0877,2026-01,2026-01-31,2026-01-31,6000-Operating,1000-Cash,34683,346.83,warehouse consumables 2026-01,Northline Fab Group,,HAP-2026-01-0877,HAP-2026-01-0877,historical_ap,volume_opex
JE-HAP-2026-01-0878,2026-01,2026-01-31,2026-01-31,6000-Operating,1000-Cash,13244,132.44,security monitoring hosts 2026-01,FedEx,,HAP-2026-01-0878,HAP-2026-01-0878,historical_ap,volume_opex
JE-HAP-2026-01-0879,2026-01,2026-01-31,2026-01-31,6000-Operating,1000-Cash,3055,30.55,usage overage block 2026-01,Pagaya Coffee Service,,HAP-2026-01-0879,HAP-2026-01-0879,historical_ap,volume_opex
JE-HAP-2026-01-0880,2026-01,2026-01-31,2026-01-31,6000-Operating,1000-Cash,720066,7200.66,premium support 2026-01,Stripe Processing,,HAP-2026-01-0880,HAP-2026-01-0880,historical_ap,volume_opex
JE-HAP-2026-01-0881,2026-01,2026-01-31,2026-01-31,6000-Operating,1000-Cash,23177,231.77,warehouse consumables 2026-01,Boston Edison Steam,,HAP-2026-01-0881,HAP-2026-01-0881,historical_ap,volume_opex
JE-HAP-2026-01-0882,2026-01,2026-01-31,2026-01-31,6000-Operating,1000-Cash,9688,96.88,security monitoring hosts 2026-01,Linear App,,HAP-2026-01-0882,HAP-2026-01-0882,historical_ap,volume_opex
JE-HAP-2026-01-0883,2026-01,2026-01-31,2026-01-31,6000-Operating,1000-Cash,15099,150.99,usage overage block 2026-01,Amazon Web Services,,HAP-2026-01-0883,HAP-2026-01-0883,historical_ap,volume_opex
JE-HAP-2026-01-0884,2026-01,2026-01-31,2026-01-31,6000-Operating,1000-Cash,180110,1801.1,premium support 2026-01,Datadog,,HAP-2026-01-0884,HAP-2026-01-0884,historical_ap,volume_opex
JE-HAP-2026-01-0885,2026-01,2026-01-31,2026-01-31,6000-Operating,1000-Cash,11671,116.71,warehouse consumables 2026-01,Hartford Insurance,,HAP-2026-01-0885,HAP-2026-01-0885,historical_ap,volume_opex
JE-HAP-2026-01-0886,2026-01,2026-01-31,2026-01-31,6000-Operating,1000-Cash,6132,61.32,security monitoring hosts 2026-01,Harbor Electric,,HAP-2026-01-0886,HAP-2026-01-0886,historical_ap,volume_opex
JE-HAP-2026-01-0887,2026-01,2026-01-31,2026-01-31,6000-Operating,1000-Cash,10643,106.43,usage overage block 2026-01,Freightline Logistics,,HAP-2026-01-0887,HAP-2026-01-0887,historical_ap,volume_opex
JE-HAP-2026-01-0888,2026-01,2026-01-31,2026-01-31,6000-Operating,1000-Cash,1620154,16201.54,premium support 2026-01,Notion Labs,,HAP-2026-01-0888,HAP-2026-01-0888,historical_ap,volume_opex
JE-HAP-2026-01-0889,2026-01,2026-01-31,2026-01-31,6000-Operating,1000-Cash,15165,151.65,usage overage block 2026-01,Harbor Electric,,HAP-2026-01-0889,HAP-2026-01-0889,historical_ap,volume_opex
JE-HAP-2026-01-0890,2026-01,2026-01-31,2026-01-31,6000-Operating,1000-Cash,180176,1801.76,premium support 2026-01,Freightline Logistics,,HAP-2026-01-0890,HAP-2026-01-0890,historical_ap,volume_opex
JE-HAP-2026-01-0891,2026-01,2026-01-31,2026-01-31,6000-Operating,1000-Cash,11737,117.37,warehouse consumables 2026-01,Notion Labs,,HAP-2026-01-0891,HAP-2026-01-0891,historical_ap,volume_opex
JE-HAP-2026-01-0892,2026-01,2026-01-31,2026-01-31,6000-Operating,1000-Cash,6198,61.98,security monitoring hosts 2026-01,Zoom Video,,HAP-2026-01-0892,HAP-2026-01-0892,historical_ap,volume_opex
JE-HAP-2026-01-0893,2026-01,2026-01-31,2026-01-31,6000-Operating,1000-Cash,10709,107.09,usage overage block 2026-01,Helios Hardware Supply,,HAP-2026-01-0893,HAP-2026-01-0893,historical_ap,volume_opex
JE-HAP-2026-01-0894,2026-01,2026-01-31,2026-01-31,6000-Operating,1000-Cash,1620220,16202.2,premium support 2026-01,ADP,,HAP-2026-01-0894,HAP-2026-01-0894,historical_ap,volume_opex
JE-HAP-2026-01-0895,2026-01,2026-01-31,2026-01-31,6000-Operating,1000-Cash,42581,425.81,warehouse consumables 2026-01,CleanRoom Janitorial,,HAP-2026-01-0895,HAP-2026-01-0895,historical_ap,volume_opex
JE-HAP-2026-01-0896,2026-01,2026-01-31,2026-01-31,6000-Operating,1000-Cash,2642,26.42,security monitoring hosts 2026-01,Adyen NV,,HAP-2026-01-0896,HAP-2026-01-0896,historical_ap,volume_opex
JE-HAP-2026-01-0897,2026-01,2026-01-31,2026-01-31,6000-Operating,1000-Cash,6000,60.0,usage overage block 2026-01,Carta,,HAP-2026-01-0897,HAP-2026-01-0897,historical_ap,volume_opex
JE-HAP-2026-01-0898,2026-01,2026-01-31,2026-01-31,6000-Operating,1000-Cash,1080011,10800.11,premium support 2026-01,Acme Supplies,,HAP-2026-01-0898,HAP-2026-01-0898,historical_ap,volume_opex
JE-HAP-2026-01-0899,2026-01,2026-01-31,2026-01-31,6000-Operating,1000-Cash,30822,308.22,warehouse consumables 2026-01,Northline Fabrication,,HAP-2026-01-0899,HAP-2026-01-0899,historical_ap,volume_opex
JE-HAP-2026-01-0900,2026-01,2026-01-31,2026-01-31,6000-Operating,1000-Cash,12033,120.33,security monitoring hosts 2026-01,Slack Technologies,,HAP-2026-01-0900,HAP-2026-01-0900,historical_ap,volume_opex
JE-HAP-2026-01-0901,2026-01,2026-01-31,2026-01-31,6000-Operating,1000-Cash,42394,423.94,warehouse consumables 2026-01,Acme Supplies,,HAP-2026-01-0901,HAP-2026-01-0901,historical_ap,volume_opex
JE-HAP-2026-01-0902,2026-01,2026-01-31,2026-01-31,6000-Operating,1000-Cash,2455,24.55,security monitoring hosts 2026-01,Northline Fabrication,,HAP-2026-01-0902,HAP-2026-01-0902,historical_ap,volume_opex
JE-HAP-2026-01-0903,2026-01,2026-01-31,2026-01-31,6000-Operating,1000-Cash,6066,60.66,usage overage block 2026-01,Slack Technologies,,HAP-2026-01-0903,HAP-2026-01-0903,historical_ap,volume_opex
JE-HAP-2026-01-0904,2026-01,2026-01-31,2026-01-31,6000-Operating,1000-Cash,1080077,10800.77,premium support 2026-01,Orbit Analytics,,HAP-2026-01-0904,HAP-2026-01-0904,historical_ap,volume_opex
JE-HAP-2026-01-0905,2026-01,2026-01-31,2026-01-31,6000-Operating,1000-Cash,30888,308.88,warehouse consumables 2026-01,Lindholm & Ruiz LLP,,HAP-2026-01-0905,HAP-2026-01-0905,historical_ap,volume_opex
JE-HAP-2026-01-0906,2026-01,2026-01-31,2026-01-31,6000-Operating,1000-Cash,12099,120.99,security monitoring hosts 2026-01,Lenovo,,HAP-2026-01-0906,HAP-2026-01-0906,historical_ap,volume_opex
JE-HAP-2026-01-0907,2026-01,2026-01-31,2026-01-31,6000-Operating,1000-Cash,1610,16.1,usage overage block 2026-01,Snowflake,,HAP-2026-01-0907,HAP-2026-01-0907,historical_ap,volume_opex
JE-HAP-2026-01-0908,2026-01,2026-01-31,2026-01-31,6000-Operating,1000-Cash,540121,5401.21,premium support 2026-01,Atlassian,,HAP-2026-01-0908,HAP-2026-01-0908,historical_ap,volume_opex
JE-HAP-2026-01-0909,2026-01,2026-01-31,2026-01-31,6000-Operating,1000-Cash,19382,193.82,warehouse consumables 2026-01,Harbor Power & Light,,HAP-2026-01-0909,HAP-2026-01-0909,historical_ap,volume_opex
JE-HAP-2026-01-0910,2026-01,2026-01-31,2026-01-31,6000-Operating,1000-Cash,8543,85.43,security monitoring hosts 2026-01,WeWork Cambridge,,HAP-2026-01-0910,HAP-2026-01-0910,historical_ap,volume_opex
JE-HAP-2026-01-0911,2026-01,2026-01-31,2026-01-31,6000-Operating,1000-Cash,13654,136.54,usage overage block 2026-01,Kendall Square Parking,,HAP-2026-01-0911,HAP-2026-01-0911,historical_ap,volume_opex
JE-HAP-2026-01-0912,2026-01,2026-01-31,2026-01-31,6000-Operating,1000-Cash,1980165,19801.65,premium support 2026-01,DocuSign,,HAP-2026-01-0912,HAP-2026-01-0912,historical_ap,volume_opex
JE-HAP-2026-01-0913,2026-01,2026-01-31,2026-01-31,6000-Operating,1000-Cash,1676,16.76,usage overage block 2026-01,WeWork Cambridge,,HAP-2026-01-0913,HAP-2026-01-0913,historical_ap,volume_opex
JE-HAP-2026-01-0914,2026-01,2026-01-31,2026-01-31,6000-Operating,1000-Cash,540187,5401.87,premium support 2026-01,Kendall Square Parking,,HAP-2026-01-0914,HAP-2026-01-0914,historical_ap,volume_opex
JE-HAP-2026-01-0915,2026-01,2026-01-31,2026-01-31,6000-Operating,1000-Cash,19448,194.48,warehouse consumables 2026-01,DocuSign,,HAP-2026-01-0915,HAP-2026-01-0915,historical_ap,volume_opex
JE-HAP-2026-01-0916,2026-01,2026-01-31,2026-01-31,6000-Operating,1000-Cash,8609,86.09,security monitoring hosts 2026-01,Gusto Payroll,,HAP-2026-01-0916,HAP-2026-01-0916,historical_ap,volume_opex
JE-HAP-2026-01-0917,2026-01,2026-01-31,2026-01-31,6000-Operating,1000-Cash,13720,137.2,usage overage block 2026-01,Acme Supplies LLC,,HAP-2026-01-0917,HAP-2026-01-0917,historical_ap,volume_opex
JE-HAP-2026-01-0918,2026-01,2026-01-31,2026-01-31,6000-Operating,1000-Cash,1980231,19802.31,premium support 2026-01,Office Depot,,HAP-2026-01-0918,HAP-2026-01-0918,historical_ap,volume_opex
JE-HAP-2026-01-0919,2026-01,2026-01-31,2026-01-31,6000-Operating,1000-Cash,7942,79.42,warehouse consumables 2026-01,Figma,,HAP-2026-01-0919,HAP-2026-01-0919,historical_ap,volume_opex
JE-HAP-2026-01-0920,2026-01,2026-01-31,2026-01-31,6000-Operating,1000-Cash,4800,48.0,security monitoring hosts 2026-01,Cambridge Properties,,HAP-2026-01-0920,HAP-2026-01-0920,historical_ap,volume_opex
JE-HAP-2026-01-0921,2026-01,2026-01-31,2026-01-31,6000-Operating,1000-Cash,9011,90.11,usage overage block 2026-01,GitHub,,HAP-2026-01-0921,HAP-2026-01-0921,historical_ap,volume_opex
JE-HAP-2026-01-0922,2026-01,2026-01-31,2026-01-31,6000-Operating,1000-Cash,1440022,14400.22,premium support 2026-01,Misc Supplies,,HAP-2026-01-0922,HAP-2026-01-0922,historical_ap,volume_opex
JE-HAP-2026-01-0923,2026-01,2026-01-31,2026-01-31,6000-Operating,1000-Cash,38533,385.33,warehouse consumables 2026-01,Okta,,HAP-2026-01-0923,HAP-2026-01-0923,historical_ap,volume_opex
JE-HAP-2026-01-0924,2026-01,2026-01-31,2026-01-31,6000-Operating,1000-Cash,1244,12.44,security monitoring hosts 2026-01,Cloudflare,,HAP-2026-01-0924,HAP-2026-01-0924,historical_ap,volume_opex
JE-HAP-2026-01-0925,2026-01,2026-01-31,2026-01-31,6000-Operating,1000-Cash,7755,77.55,warehouse consumables 2026-01,Misc Supplies,,HAP-2026-01-0925,HAP-2026-01-0925,historical_ap,volume_opex
JE-HAP-2026-01-0926,2026-01,2026-01-31,2026-01-31,6000-Operating,1000-Cash,4866,48.66,security monitoring hosts 2026-01,Okta,,HAP-2026-01-0926,HAP-2026-01-0926,historical_ap,volume_opex
JE-HAP-2026-01-0927,2026-01,2026-01-31,2026-01-31,6000-Operating,1000-Cash,9077,90.77,usage overage block 2026-01,Cloudflare,,HAP-2026-01-0927,HAP-2026-01-0927,historical_ap,volume_opex
JE-HAP-2026-01-0928,2026-01,2026-01-31,2026-01-31,6000-Operating,1000-Cash,1440088,14400.88,premium support 2026-01,Staples Business Advantage,,HAP-2026-01-0928,HAP-2026-01-0928,historical_ap,volume_opex
JE-HAP-2026-01-0929,2026-01,2026-01-31,2026-01-31,6000-Operating,1000-Cash,38599,385.99,warehouse consumables 2026-01,Comcast Business,,HAP-2026-01-0929,HAP-2026-01-0929,historical_ap,volume_opex
JE-HAP-2026-01-0930,2026-01,2026-01-31,2026-01-31,6000-Operating,1000-Cash,1310,13.1,security monitoring hosts 2026-01,HubSpot,,HAP-2026-01-0930,HAP-2026-01-0930,historical_ap,volume_opex
JE-HAP-2026-01-0931,2026-01,2026-01-31,2026-01-31,6000-Operating,1000-Cash,4621,46.21,usage overage block 2026-01,Palo Alto Networks,,HAP-2026-01-0931,HAP-2026-01-0931,historical_ap,volume_opex
JE-HAP-2026-01-0932,2026-01,2026-01-31,2026-01-31,6000-Operating,1000-Cash,900132,9001.32,premium support 2026-01,Vanta,,HAP-2026-01-0932,HAP-2026-01-0932,historical_ap,volume_opex
JE-HAP-2026-01-0933,2026-01,2026-01-31,2026-01-31,6000-Operating,1000-Cash,27093,270.93,warehouse consumables 2026-01,Acme Supply Co.,,HAP-2026-01-0933,HAP-2026-01-0933,historical_ap,volume_opex
JE-HAP-2026-01-0934,2026-01,2026-01-31,2026-01-31,6000-Operating,1000-Cash,10954,109.54,security monitoring hosts 2026-01,Helios Hardware,,HAP-2026-01-0934,HAP-2026-01-0934,historical_ap,volume_opex
JE-HAP-2026-01-0935,2026-01,2026-01-31,2026-01-31,6000-Operating,1000-Cash,16665,166.65,usage overage block 2026-01,Google Cloud,,HAP-2026-01-0935,HAP-2026-01-0935,historical_ap,volume_opex
JE-HAP-2026-01-0936,2026-01,2026-01-31,2026-01-31,6000-Operating,1000-Cash,360176,3601.76,premium support 2026-01,Dell Technologies,,HAP-2026-01-0936,HAP-2026-01-0936,historical_ap,volume_opex
JE-HAP-2026-01-0937,2026-01,2026-01-31,2026-01-31,6000-Operating,1000-Cash,4687,46.87,usage overage block 2026-01,Helios Hardware,,HAP-2026-01-0937,HAP-2026-01-0937,historical_ap,volume_opex
JE-HAP-2026-01-0938,2026-01,2026-01-31,2026-01-31,6000-Operating,1000-Cash,900198,9001.98,premium support 2026-01,Google Cloud,,HAP-2026-01-0938,HAP-2026-01-0938,historical_ap,volume_opex
JE-HAP-2026-01-0939,2026-01,2026-01-31,2026-01-31,6000-Operating,1000-Cash,27159,271.59,warehouse consumables 2026-01,Dell Technologies,,HAP-2026-01-0939,HAP-2026-01-0939,historical_ap,volume_opex
JE-HAP-2026-01-0940,2026-01,2026-01-31,2026-01-31,6000-Operating,1000-Cash,11020,110.2,security monitoring hosts 2026-01,Shadow Vendor LLC,,HAP-2026-01-0940,HAP-2026-01-0940,historical_ap,volume_opex
JE-HAP-2026-01-0941,2026-01,2026-01-31,2026-01-31,6000-Operating,1000-Cash,16731,167.31,usage overage block 2026-01,Twilio,,HAP-2026-01-0941,HAP-2026-01-0941,historical_ap,volume_opex
JE-HAP-2026-01-0942,2026-01,2026-01-31,2026-01-31,6000-Operating,1000-Cash,360242,3602.42,premium support 2026-01,CrowdStrike,,HAP-2026-01-0942,HAP-2026-01-0942,historical_ap,volume_opex
JE-HAP-2026-01-0943,2026-01,2026-01-31,2026-01-31,6000-Operating,1000-Cash,15400,154.0,warehouse consumables 2026-01,Northline Fab Group,,HAP-2026-01-0943,HAP-2026-01-0943,historical_ap,volume_opex
JE-HAP-2026-01-0944,2026-01,2026-01-31,2026-01-31,6000-Operating,1000-Cash,7211,72.11,security monitoring hosts 2026-01,FedEx,,HAP-2026-01-0944,HAP-2026-01-0944,historical_ap,volume_opex
JE-HAP-2026-01-0945,2026-01,2026-01-31,2026-01-31,6000-Operating,1000-Cash,12022,120.22,usage overage block 2026-01,Pagaya Coffee Service,,HAP-2026-01-0945,HAP-2026-01-0945,historical_ap,volume_opex
JE-HAP-2026-01-0946,2026-01,2026-01-31,2026-01-31,6000-Operating,1000-Cash,1800033,18000.33,premium support 2026-01,Stripe Processing,,HAP-2026-01-0946,HAP-2026-01-0946,historical_ap,volume_opex
JE-HAP-2026-01-0947,2026-01,2026-01-31,2026-01-31,6000-Operating,1000-Cash,3894,38.94,warehouse consumables 2026-01,Boston Edison Steam,,HAP-2026-01-0947,HAP-2026-01-0947,historical_ap,volume_opex
JE-HAP-2026-01-0948,2026-01,2026-01-31,2026-01-31,6000-Operating,1000-Cash,3655,36.55,security monitoring hosts 2026-01,Linear App,,HAP-2026-01-0948,HAP-2026-01-0948,historical_ap,volume_opex
JE-HAP-2026-01-0949,2026-01,2026-01-31,2026-01-31,6000-Operating,1000-Cash,15466,154.66,warehouse consumables 2026-01,Stripe Processing,,HAP-2026-01-0949,HAP-2026-01-0949,historical_ap,volume_opex
JE-HAP-2026-01-0950,2026-01,2026-01-31,2026-01-31,6000-Operating,1000-Cash,7277,72.77,security monitoring hosts 2026-01,Boston Edison Steam,,HAP-2026-01-0950,HAP-2026-01-0950,historical_ap,volume_opex
JE-HAP-2026-01-0951,2026-01,2026-01-31,2026-01-31,6000-Operating,1000-Cash,12088,120.88,usage overage block 2026-01,Linear App,,HAP-2026-01-0951,HAP-2026-01-0951,historical_ap,volume_opex
JE-HAP-2026-01-0952,2026-01,2026-01-31,2026-01-31,6000-Operating,1000-Cash,1800099,18000.99,premium support 2026-01,Amazon Web Services,,HAP-2026-01-0952,HAP-2026-01-0952,historical_ap,volume_opex
JE-HAP-2026-01-0953,2026-01,2026-01-31,2026-01-31,6000-Operating,1000-Cash,3960,39.6,warehouse consumables 2026-01,Datadog,,HAP-2026-01-0953,HAP-2026-01-0953,historical_ap,volume_opex
JE-HAP-2026-01-0954,2026-01,2026-01-31,2026-01-31,6000-Operating,1000-Cash,3721,37.21,security monitoring hosts 2026-01,Hartford Insurance,,HAP-2026-01-0954,HAP-2026-01-0954,historical_ap,volume_opex
JE-HAP-2026-01-0955,2026-01,2026-01-31,2026-01-31,6000-Operating,1000-Cash,7632,76.32,usage overage block 2026-01,Harbor Electric,,HAP-2026-01-0955,HAP-2026-01-0955,historical_ap,volume_opex
JE-HAP-2026-01-0956,2026-01,2026-01-31,2026-01-31,6000-Operating,1000-Cash,1260143,12601.43,premium support 2026-01,Freightline Logistics,,HAP-2026-01-0956,HAP-2026-01-0956,historical_ap,volume_opex
JE-HAP-2026-01-0957,2026-01,2026-01-31,2026-01-31,6000-Operating,1000-Cash,34804,348.04,warehouse consumables 2026-01,Notion Labs,,HAP-2026-01-0957,HAP-2026-01-0957,historical_ap,volume_opex
JE-HAP-2026-01-0958,2026-01,2026-01-31,2026-01-31,6000-Operating,1000-Cash,13365,133.65,security monitoring hosts 2026-01,Zoom Video,,HAP-2026-01-0958,HAP-2026-01-0958,historical_ap,volume_opex
JE-HAP-2026-01-0959,2026-01,2026-01-31,2026-01-31,6000-Operating,1000-Cash,3176,31.76,usage overage block 2026-01,Helios Hardware Supply,,HAP-2026-01-0959,HAP-2026-01-0959,historical_ap,volume_opex
JE-HAP-2026-01-0960,2026-01,2026-01-31,2026-01-31,6000-Operating,1000-Cash,720187,7201.87,premium support 2026-01,ADP,,HAP-2026-01-0960,HAP-2026-01-0960,historical_ap,volume_opex
JE-HAP-2026-02-0961,2026-02,2026-02-20,2026-02-20,6000-Operating,1000-Cash,7698,76.98,usage overage block 2026-02,Zoom Video,,HAP-2026-02-0961,HAP-2026-02-0961,historical_ap,volume_opex
JE-HAP-2026-02-0962,2026-02,2026-02-20,2026-02-20,6000-Operating,1000-Cash,1260209,12602.09,premium support 2026-02,Helios Hardware Supply,,HAP-2026-02-0962,HAP-2026-02-0962,historical_ap,volume_opex
JE-HAP-2026-02-0963,2026-02,2026-02-20,2026-02-20,6000-Operating,1000-Cash,34870,348.7,warehouse consumables 2026-02,ADP,,HAP-2026-02-0963,HAP-2026-02-0963,historical_ap,volume_opex
JE-HAP-2026-02-0964,2026-02,2026-02-20,2026-02-20,6000-Operating,1000-Cash,13431,134.31,security monitoring hosts 2026-02,CleanRoom Janitorial,,HAP-2026-02-0964,HAP-2026-02-0964,historical_ap,volume_opex
JE-HAP-2026-02-0965,2026-02,2026-02-20,2026-02-20,6000-Operating,1000-Cash,3242,32.42,usage overage block 2026-02,Adyen NV,,HAP-2026-02-0965,HAP-2026-02-0965,historical_ap,volume_opex
JE-HAP-2026-02-0966,2026-02,2026-02-20,2026-02-20,6000-Operating,1000-Cash,720000,7200.0,premium support 2026-02,Carta,,HAP-2026-02-0966,HAP-2026-02-0966,historical_ap,volume_opex
JE-HAP-2026-02-0967,2026-02,2026-02-20,2026-02-20,6000-Operating,1000-Cash,23111,231.11,warehouse consumables 2026-02,Acme Supplies,,HAP-2026-02-0967,HAP-2026-02-0967,historical_ap,volume_opex
JE-HAP-2026-02-0968,2026-02,2026-02-20,2026-02-20,6000-Operating,1000-Cash,9622,96.22,security monitoring hosts 2026-02,Northline Fabrication,,HAP-2026-02-0968,HAP-2026-02-0968,historical_ap,volume_opex
JE-HAP-2026-02-0969,2026-02,2026-02-20,2026-02-20,6000-Operating,1000-Cash,15033,150.33,usage overage block 2026-02,Slack Technologies,,HAP-2026-02-0969,HAP-2026-02-0969,historical_ap,volume_opex
JE-HAP-2026-02-0970,2026-02,2026-02-20,2026-02-20,6000-Operating,1000-Cash,180044,1800.44,premium support 2026-02,Orbit Analytics,,HAP-2026-02-0970,HAP-2026-02-0970,historical_ap,volume_opex
JE-HAP-2026-02-0971,2026-02,2026-02-20,2026-02-20,6000-Operating,1000-Cash,11605,116.05,warehouse consumables 2026-02,Lindholm & Ruiz LLP,,HAP-2026-02-0971,HAP-2026-02-0971,historical_ap,volume_opex
JE-HAP-2026-02-0972,2026-02,2026-02-20,2026-02-20,6000-Operating,1000-Cash,6066,60.66,security monitoring hosts 2026-02,Lenovo,,HAP-2026-02-0972,HAP-2026-02-0972,historical_ap,volume_opex
JE-HAP-2026-02-0973,2026-02,2026-02-21,2026-02-21,6000-Operating,1000-Cash,23177,231.77,warehouse consumables 2026-02,Orbit Analytics,,HAP-2026-02-0973,HAP-2026-02-0973,historical_ap,volume_opex
JE-HAP-2026-02-0974,2026-02,2026-02-21,2026-02-21,6000-Operating,1000-Cash,9688,96.88,security monitoring hosts 2026-02,Lindholm & Ruiz LLP,,HAP-2026-02-0974,HAP-2026-02-0974,historical_ap,volume_opex
JE-HAP-2026-02-0975,2026-02,2026-02-21,2026-02-21,6000-Operating,1000-Cash,15099,150.99,usage overage block 2026-02,Lenovo,,HAP-2026-02-0975,HAP-2026-02-0975,historical_ap,volume_opex
JE-HAP-2026-02-0976,2026-02,2026-02-21,2026-02-21,6000-Operating,1000-Cash,180110,1801.1,premium support 2026-02,Snowflake,,HAP-2026-02-0976,HAP-2026-02-0976,historical_ap,volume_opex
JE-HAP-2026-02-0977,2026-02,2026-02-21,2026-02-21,6000-Operating,1000-Cash,11671,116.71,warehouse consumables 2026-02,Atlassian,,HAP-2026-02-0977,HAP-2026-02-0977,historical_ap,volume_opex
JE-HAP-2026-02-0978,2026-02,2026-02-21,2026-02-21,6000-Operating,1000-Cash,6132,61.32,security monitoring hosts 2026-02,Harbor Power & Light,,HAP-2026-02-0978,HAP-2026-02-0978,historical_ap,volume_opex
JE-HAP-2026-02-0979,2026-02,2026-02-21,2026-02-21,6000-Operating,1000-Cash,10643,106.43,usage overage block 2026-02,WeWork Cambridge,,HAP-2026-02-0979,HAP-2026-02-0979,historical_ap,volume_opex
JE-HAP-2026-02-0980,2026-02,2026-02-21,2026-02-21,6000-Operating,1000-Cash,1620154,16201.54,premium support 2026-02,Kendall Square Parking,,HAP-2026-02-0980,HAP-2026-02-0980,historical_ap,volume_opex
JE-HAP-2026-02-0981,2026-02,2026-02-21,2026-02-21,6000-Operating,1000-Cash,42515,425.15,warehouse consumables 2026-02,DocuSign,,HAP-2026-02-0981,HAP-2026-02-0981,historical_ap,volume_opex
JE-HAP-2026-02-0982,2026-02,2026-02-21,2026-02-21,6000-Operating,1000-Cash,2576,25.76,security monitoring hosts 2026-02,Gusto Payroll,,HAP-2026-02-0982,HAP-2026-02-0982,historical_ap,volume_opex
JE-HAP-2026-02-0983,2026-02,2026-02-21,2026-02-21,6000-Operating,1000-Cash,6187,61.87,usage overage block 2026-02,Acme Supplies LLC,,HAP-2026-02-0983,HAP-2026-02-0983,historical_ap,volume_opex
JE-HAP-2026-02-0984,2026-02,2026-02-21,2026-02-21,6000-Operating,1000-Cash,1080198,10801.98,premium support 2026-02,Office Depot,,HAP-2026-02-0984,HAP-2026-02-0984,historical_ap,volume_opex
JE-HAP-2026-02-0985,2026-02,2026-02-22,2026-02-22,6000-Operating,1000-Cash,10709,107.09,usage overage block 2026-02,Gusto Payroll,,HAP-2026-02-0985,HAP-2026-02-0985,historical_ap,volume_opex
JE-HAP-2026-02-0986,2026-02,2026-02-22,2026-02-22,6000-Operating,1000-Cash,1620220,16202.2,premium support 2026-02,Acme Supplies LLC,,HAP-2026-02-0986,HAP-2026-02-0986,historical_ap,volume_opex
JE-HAP-2026-02-0987,2026-02,2026-02-22,2026-02-22,6000-Operating,1000-Cash,42581,425.81,warehouse consumables 2026-02,Office Depot,,HAP-2026-02-0987,HAP-2026-02-0987,historical_ap,volume_opex
JE-HAP-2026-02-0988,2026-02,2026-02-22,2026-02-22,6000-Operating,1000-Cash,2642,26.42,security monitoring hosts 2026-02,Figma,,HAP-2026-02-0988,HAP-2026-02-0988,historical_ap,volume_opex
JE-HAP-2026-02-0989,2026-02,2026-02-22,2026-02-22,6000-Operating,1000-Cash,6000,60.0,usage overage block 2026-02,Cambridge Properties,,HAP-2026-02-0989,HAP-2026-02-0989,historical_ap,volume_opex
JE-HAP-2026-02-0990,2026-02,2026-02-22,2026-02-22,6000-Operating,1000-Cash,1080011,10800.11,premium support 2026-02,GitHub,,HAP-2026-02-0990,HAP-2026-02-0990,historical_ap,volume_opex
JE-HAP-2026-02-0991,2026-02,2026-02-22,2026-02-22,6000-Operating,1000-Cash,30822,308.22,warehouse consumables 2026-02,Misc Supplies,,HAP-2026-02-0991,HAP-2026-02-0991,historical_ap,volume_opex
JE-HAP-2026-02-0992,2026-02,2026-02-22,2026-02-22,6000-Operating,1000-Cash,12033,120.33,security monitoring hosts 2026-02,Okta,,HAP-2026-02-0992,HAP-2026-02-0992,historical_ap,volume_opex
JE-HAP-2026-02-0993,2026-02,2026-02-22,2026-02-22,6000-Operating,1000-Cash,1544,15.44,usage overage block 2026-02,Cloudflare,,HAP-2026-02-0993,HAP-2026-02-0993,historical_ap,volume_opex
JE-HAP-2026-02-0994,2026-02,2026-02-22,2026-02-22,6000-Operating,1000-Cash,540055,5400.55,premium support 2026-02,Staples Business Advantage,,HAP-2026-02-0994,HAP-2026-02-0994,historical_ap,volume_opex
JE-HAP-2026-02-0995,2026-02,2026-02-22,2026-02-22,6000-Operating,1000-Cash,19316,193.16,warehouse consumables 2026-02,Comcast Business,,HAP-2026-02-0995,HAP-2026-02-0995,historical_ap,volume_opex
JE-HAP-2026-02-0996,2026-02,2026-02-22,2026-02-22,6000-Operating,1000-Cash,8477,84.77,security monitoring hosts 2026-02,HubSpot,,HAP-2026-02-0996,HAP-2026-02-0996,historical_ap,volume_opex
JE-HAP-2026-02-0997,2026-02,2026-02-23,2026-02-23,6000-Operating,1000-Cash,30888,308.88,warehouse consumables 2026-02,Staples Business Advantage,,HAP-2026-02-0997,HAP-2026-02-0997,historical_ap,volume_opex
JE-HAP-2026-02-0998,2026-02,2026-02-23,2026-02-23,6000-Operating,1000-Cash,12099,120.99,security monitoring hosts 2026-02,Comcast Business,,HAP-2026-02-0998,HAP-2026-02-0998,historical_ap,volume_opex
JE-HAP-2026-02-0999,2026-02,2026-02-23,2026-02-23,6000-Operating,1000-Cash,1610,16.1,usage overage block 2026-02,HubSpot,,HAP-2026-02-0999,HAP-2026-02-0999,historical_ap,volume_opex
JE-HAP-2026-02-1000,2026-02,2026-02-23,2026-02-23,6000-Operating,1000-Cash,540121,5401.21,premium support 2026-02,Palo Alto Networks,,HAP-2026-02-1000,HAP-2026-02-1000,historical_ap,volume_opex
JE-HAP-2026-02-1001,2026-02,2026-02-23,2026-02-23,6000-Operating,1000-Cash,19382,193.82,warehouse consumables 2026-02,Vanta,,HAP-2026-02-1001,HAP-2026-02-1001,historical_ap,volume_opex
JE-HAP-2026-02-1002,2026-02,2026-02-23,2026-02-23,6000-Operating,1000-Cash,8543,85.43,security monitoring hosts 2026-02,Acme Supply Co.,,HAP-2026-02-1002,HAP-2026-02-1002,historical_ap,volume_opex
JE-HAP-2026-02-1003,2026-02,2026-02-23,2026-02-23,6000-Operating,1000-Cash,13654,136.54,usage overage block 2026-02,Helios Hardware,,HAP-2026-02-1003,HAP-2026-02-1003,historical_ap,volume_opex
JE-HAP-2026-02-1004,2026-02,2026-02-23,2026-02-23,6000-Operating,1000-Cash,1980165,19801.65,premium support 2026-02,Google Cloud,,HAP-2026-02-1004,HAP-2026-02-1004,historical_ap,volume_opex
JE-HAP-2026-02-1005,2026-02,2026-02-23,2026-02-23,6000-Operating,1000-Cash,7876,78.76,warehouse consumables 2026-02,Dell Technologies,,HAP-2026-02-1005,HAP-2026-02-1005,historical_ap,volume_opex
JE-HAP-2026-02-1006,2026-02,2026-02-23,2026-02-23,6000-Operating,1000-Cash,4987,49.87,security monitoring hosts 2026-02,Shadow Vendor LLC,,HAP-2026-02-1006,HAP-2026-02-1006,historical_ap,volume_opex
JE-HAP-2026-02-1007,2026-02,2026-02-23,2026-02-23,6000-Operating,1000-Cash,9198,91.98,usage overage block 2026-02,Twilio,,HAP-2026-02-1007,HAP-2026-02-1007,historical_ap,volume_opex
JE-HAP-2026-02-1008,2026-02,2026-02-23,2026-02-23,6000-Operating,1000-Cash,1440209,14402.09,premium support 2026-02,CrowdStrike,,HAP-2026-02-1008,HAP-2026-02-1008,historical_ap,volume_opex
JE-HAP-2026-02-1009,2026-02,2026-02-24,2026-02-24,6000-Operating,1000-Cash,13720,137.2,usage overage block 2026-02,Shadow Vendor LLC,,HAP-2026-02-1009,HAP-2026-02-1009,historical_ap,volume_opex
JE-HAP-2026-02-1010,2026-02,2026-02-24,2026-02-24,6000-Operating,1000-Cash,1980231,19802.31,premium support 2026-02,Twilio,,HAP-2026-02-1010,HAP-2026-02-1010,historical_ap,volume_opex
JE-HAP-2026-02-1011,2026-02,2026-02-24,2026-02-24,6000-Operating,1000-Cash,7942,79.42,warehouse consumables 2026-02,CrowdStrike,,HAP-2026-02-1011,HAP-2026-02-1011,historical_ap,volume_opex
JE-HAP-2026-02-1012,2026-02,2026-02-24,2026-02-24,6000-Operating,1000-Cash,4800,48.0,security monitoring hosts 2026-02,Northline Fab Group,,HAP-2026-02-1012,HAP-2026-02-1012,historical_ap,volume_opex
JE-HAP-2026-02-1013,2026-02,2026-02-24,2026-02-24,6000-Operating,1000-Cash,9011,90.11,usage overage block 2026-02,FedEx,,HAP-2026-02-1013,HAP-2026-02-1013,historical_ap,volume_opex
JE-HAP-2026-02-1014,2026-02,2026-02-24,2026-02-24,6000-Operating,1000-Cash,1440022,14400.22,premium support 2026-02,Pagaya Coffee Service,,HAP-2026-02-1014,HAP-2026-02-1014,historical_ap,volume_opex
JE-HAP-2026-02-1015,2026-02,2026-02-24,2026-02-24,6000-Operating,1000-Cash,38533,385.33,warehouse consumables 2026-02,Stripe Processing,,HAP-2026-02-1015,HAP-2026-02-1015,historical_ap,volume_opex
JE-HAP-2026-02-1016,2026-02,2026-02-24,2026-02-24,6000-Operating,1000-Cash,1244,12.44,security monitoring hosts 2026-02,Boston Edison Steam,,HAP-2026-02-1016,HAP-2026-02-1016,historical_ap,volume_opex
JE-HAP-2026-02-1017,2026-02,2026-02-24,2026-02-24,6000-Operating,1000-Cash,4555,45.55,usage overage block 2026-02,Linear App,,HAP-2026-02-1017,HAP-2026-02-1017,historical_ap,volume_opex
JE-HAP-2026-02-1018,2026-02,2026-02-24,2026-02-24,6000-Operating,1000-Cash,900066,9000.66,premium support 2026-02,Amazon Web Services,,HAP-2026-02-1018,HAP-2026-02-1018,historical_ap,volume_opex
JE-HAP-2026-02-1019,2026-02,2026-02-24,2026-02-24,6000-Operating,1000-Cash,27027,270.27,warehouse consumables 2026-02,Datadog,,HAP-2026-02-1019,HAP-2026-02-1019,historical_ap,volume_opex
JE-HAP-2026-02-1020,2026-02,2026-02-24,2026-02-24,6000-Operating,1000-Cash,10888,108.88,security monitoring hosts 2026-02,Hartford Insurance,,HAP-2026-02-1020,HAP-2026-02-1020,historical_ap,volume_opex
JE-HAP-2026-02-1021,2026-02,2026-02-25,2026-02-25,6000-Operating,1000-Cash,38599,385.99,warehouse consumables 2026-02,Amazon Web Services,,HAP-2026-02-1021,HAP-2026-02-1021,historical_ap,volume_opex
JE-HAP-2026-02-1022,2026-02,2026-02-25,2026-02-25,6000-Operating,1000-Cash,1310,13.1,security monitoring hosts 2026-02,Datadog,,HAP-2026-02-1022,HAP-2026-02-1022,historical_ap,volume_opex
JE-HAP-2026-02-1023,2026-02,2026-02-25,2026-02-25,6000-Operating,1000-Cash,4621,46.21,usage overage block 2026-02,Hartford Insurance,,HAP-2026-02-1023,HAP-2026-02-1023,historical_ap,volume_opex
JE-HAP-2026-02-1024,2026-02,2026-02-25,2026-02-25,6000-Operating,1000-Cash,900132,9001.32,premium support 2026-02,Harbor Electric,,HAP-2026-02-1024,HAP-2026-02-1024,historical_ap,volume_opex
JE-HAP-2026-02-1025,2026-02,2026-02-25,2026-02-25,6000-Operating,1000-Cash,27093,270.93,warehouse consumables 2026-02,Freightline Logistics,,HAP-2026-02-1025,HAP-2026-02-1025,historical_ap,volume_opex
JE-HAP-2026-02-1026,2026-02,2026-02-25,2026-02-25,6000-Operating,1000-Cash,10954,109.54,security monitoring hosts 2026-02,Notion Labs,,HAP-2026-02-1026,HAP-2026-02-1026,historical_ap,volume_opex
JE-HAP-2026-02-1027,2026-02,2026-02-25,2026-02-25,6000-Operating,1000-Cash,16665,166.65,usage overage block 2026-02,Zoom Video,,HAP-2026-02-1027,HAP-2026-02-1027,historical_ap,volume_opex
JE-HAP-2026-02-1028,2026-02,2026-02-25,2026-02-25,6000-Operating,1000-Cash,360176,3601.76,premium support 2026-02,Helios Hardware Supply,,HAP-2026-02-1028,HAP-2026-02-1028,historical_ap,volume_opex
JE-HAP-2026-02-1029,2026-02,2026-02-25,2026-02-25,6000-Operating,1000-Cash,15587,155.87,warehouse consumables 2026-02,ADP,,HAP-2026-02-1029,HAP-2026-02-1029,historical_ap,volume_opex
JE-HAP-2026-02-1030,2026-02,2026-02-25,2026-02-25,6000-Operating,1000-Cash,7398,73.98,security monitoring hosts 2026-02,CleanRoom Janitorial,,HAP-2026-02-1030,HAP-2026-02-1030,historical_ap,volume_opex
JE-HAP-2026-02-1031,2026-02,2026-02-25,2026-02-25,6000-Operating,1000-Cash,12209,122.09,usage overage block 2026-02,Adyen NV,,HAP-2026-02-1031,HAP-2026-02-1031,historical_ap,volume_opex
JE-HAP-2026-02-1032,2026-02,2026-02-25,2026-02-25,6000-Operating,1000-Cash,1800220,18002.2,premium support 2026-02,Carta,,HAP-2026-02-1032,HAP-2026-02-1032,historical_ap,volume_opex
JE-HAP-2026-02-1033,2026-02,2026-02-26,2026-02-26,6000-Operating,1000-Cash,16731,167.31,usage overage block 2026-02,CleanRoom Janitorial,,HAP-2026-02-1033,HAP-2026-02-1033,historical_ap,volume_opex
JE-HAP-2026-02-1034,2026-02,2026-02-26,2026-02-26,6000-Operating,1000-Cash,360242,3602.42,premium support 2026-02,Adyen NV,,HAP-2026-02-1034,HAP-2026-02-1034,historical_ap,volume_opex
JE-HAP-2026-02-1035,2026-02,2026-02-26,2026-02-26,6000-Operating,1000-Cash,15400,154.0,warehouse consumables 2026-02,Carta,,HAP-2026-02-1035,HAP-2026-02-1035,historical_ap,volume_opex
JE-HAP-2026-02-1036,2026-02,2026-02-26,2026-02-26,6000-Operating,1000-Cash,7211,72.11,security monitoring hosts 2026-02,Acme Supplies,,HAP-2026-02-1036,HAP-2026-02-1036,historical_ap,volume_opex
JE-HAP-2026-02-1037,2026-02,2026-02-26,2026-02-26,6000-Operating,1000-Cash,12022,120.22,usage overage block 2026-02,Northline Fabrication,,HAP-2026-02-1037,HAP-2026-02-1037,historical_ap,volume_opex
JE-HAP-2026-02-1038,2026-02,2026-02-26,2026-02-26,6000-Operating,1000-Cash,1800033,18000.33,premium support 2026-02,Slack Technologies,,HAP-2026-02-1038,HAP-2026-02-1038,historical_ap,volume_opex
JE-HAP-2026-02-1039,2026-02,2026-02-26,2026-02-26,6000-Operating,1000-Cash,3894,38.94,warehouse consumables 2026-02,Orbit Analytics,,HAP-2026-02-1039,HAP-2026-02-1039,historical_ap,volume_opex
JE-HAP-2026-02-1040,2026-02,2026-02-26,2026-02-26,6000-Operating,1000-Cash,3655,36.55,security monitoring hosts 2026-02,Lindholm & Ruiz LLP,,HAP-2026-02-1040,HAP-2026-02-1040,historical_ap,volume_opex
JE-HAP-2026-02-1041,2026-02,2026-02-26,2026-02-26,6000-Operating,1000-Cash,7566,75.66,usage overage block 2026-02,Lenovo,,HAP-2026-02-1041,HAP-2026-02-1041,historical_ap,volume_opex
JE-HAP-2026-02-1042,2026-02,2026-02-26,2026-02-26,6000-Operating,1000-Cash,1260077,12600.77,premium support 2026-02,Snowflake,,HAP-2026-02-1042,HAP-2026-02-1042,historical_ap,volume_opex
JE-HAP-2026-02-1043,2026-02,2026-02-26,2026-02-26,6000-Operating,1000-Cash,34738,347.38,warehouse consumables 2026-02,Atlassian,,HAP-2026-02-1043,HAP-2026-02-1043,historical_ap,volume_opex
JE-HAP-2026-02-1044,2026-02,2026-02-26,2026-02-26,6000-Operating,1000-Cash,13299,132.99,security monitoring hosts 2026-02,Harbor Power & Light,,HAP-2026-02-1044,HAP-2026-02-1044,historical_ap,volume_opex
JE-HAP-2026-02-1045,2026-02,2026-02-27,2026-02-27,6000-Operating,1000-Cash,3960,39.6,warehouse consumables 2026-02,Snowflake,,HAP-2026-02-1045,HAP-2026-02-1045,historical_ap,volume_opex
JE-HAP-2026-02-1046,2026-02,2026-02-27,2026-02-27,6000-Operating,1000-Cash,3721,37.21,security monitoring hosts 2026-02,Atlassian,,HAP-2026-02-1046,HAP-2026-02-1046,historical_ap,volume_opex
JE-HAP-2026-02-1047,2026-02,2026-02-27,2026-02-27,6000-Operating,1000-Cash,7632,76.32,usage overage block 2026-02,Harbor Power & Light,,HAP-2026-02-1047,HAP-2026-02-1047,historical_ap,volume_opex
JE-HAP-2026-02-1048,2026-02,2026-02-27,2026-02-27,6000-Operating,1000-Cash,1260143,12601.43,premium support 2026-02,WeWork Cambridge,,HAP-2026-02-1048,HAP-2026-02-1048,historical_ap,volume_opex
JE-HAP-2026-02-1049,2026-02,2026-02-27,2026-02-27,6000-Operating,1000-Cash,34804,348.04,warehouse consumables 2026-02,Kendall Square Parking,,HAP-2026-02-1049,HAP-2026-02-1049,historical_ap,volume_opex
JE-HAP-2026-02-1050,2026-02,2026-02-27,2026-02-27,6000-Operating,1000-Cash,13365,133.65,security monitoring hosts 2026-02,DocuSign,,HAP-2026-02-1050,HAP-2026-02-1050,historical_ap,volume_opex
JE-HAP-2026-02-1051,2026-02,2026-02-27,2026-02-27,6000-Operating,1000-Cash,3176,31.76,usage overage block 2026-02,Gusto Payroll,,HAP-2026-02-1051,HAP-2026-02-1051,historical_ap,volume_opex
JE-HAP-2026-02-1052,2026-02,2026-02-27,2026-02-27,6000-Operating,1000-Cash,720187,7201.87,premium support 2026-02,Acme Supplies LLC,,HAP-2026-02-1052,HAP-2026-02-1052,historical_ap,volume_opex
JE-HAP-2026-02-1053,2026-02,2026-02-27,2026-02-27,6000-Operating,1000-Cash,23298,232.98,warehouse consumables 2026-02,Office Depot,,HAP-2026-02-1053,HAP-2026-02-1053,historical_ap,volume_opex
JE-HAP-2026-02-1054,2026-02,2026-02-27,2026-02-27,6000-Operating,1000-Cash,9809,98.09,security monitoring hosts 2026-02,Figma,,HAP-2026-02-1054,HAP-2026-02-1054,historical_ap,volume_opex
JE-HAP-2026-02-1055,2026-02,2026-02-27,2026-02-27,6000-Operating,1000-Cash,15220,152.2,usage overage block 2026-02,Cambridge Properties,,HAP-2026-02-1055,HAP-2026-02-1055,historical_ap,volume_opex
JE-HAP-2026-02-1056,2026-02,2026-02-27,2026-02-27,6000-Operating,1000-Cash,180231,1802.31,premium support 2026-02,GitHub,,HAP-2026-02-1056,HAP-2026-02-1056,historical_ap,volume_opex
JE-HAP-2026-02-1057,2026-02,2026-02-28,2026-02-28,6000-Operating,1000-Cash,3242,32.42,usage overage block 2026-02,Figma,,HAP-2026-02-1057,HAP-2026-02-1057,historical_ap,volume_opex
JE-HAP-2026-02-1058,2026-02,2026-02-28,2026-02-28,6000-Operating,1000-Cash,720000,7200.0,premium support 2026-02,Cambridge Properties,,HAP-2026-02-1058,HAP-2026-02-1058,historical_ap,volume_opex
JE-HAP-2026-02-1059,2026-02,2026-02-28,2026-02-28,6000-Operating,1000-Cash,23111,231.11,warehouse consumables 2026-02,GitHub,,HAP-2026-02-1059,HAP-2026-02-1059,historical_ap,volume_opex
JE-HAP-2026-02-1060,2026-02,2026-02-28,2026-02-28,6000-Operating,1000-Cash,9622,96.22,security monitoring hosts 2026-02,Misc Supplies,,HAP-2026-02-1060,HAP-2026-02-1060,historical_ap,volume_opex
JE-HAP-2026-02-1061,2026-02,2026-02-28,2026-02-28,6000-Operating,1000-Cash,15033,150.33,usage overage block 2026-02,Okta,,HAP-2026-02-1061,HAP-2026-02-1061,historical_ap,volume_opex
JE-HAP-2026-02-1062,2026-02,2026-02-28,2026-02-28,6000-Operating,1000-Cash,180044,1800.44,premium support 2026-02,Cloudflare,,HAP-2026-02-1062,HAP-2026-02-1062,historical_ap,volume_opex
JE-HAP-2026-02-1063,2026-02,2026-02-28,2026-02-28,6000-Operating,1000-Cash,11605,116.05,warehouse consumables 2026-02,Staples Business Advantage,,HAP-2026-02-1063,HAP-2026-02-1063,historical_ap,volume_opex
JE-HAP-2026-02-1064,2026-02,2026-02-28,2026-02-28,6000-Operating,1000-Cash,6066,60.66,security monitoring hosts 2026-02,Comcast Business,,HAP-2026-02-1064,HAP-2026-02-1064,historical_ap,volume_opex
JE-HAP-2026-02-1065,2026-02,2026-02-28,2026-02-28,6000-Operating,1000-Cash,10577,105.77,usage overage block 2026-02,HubSpot,,HAP-2026-02-1065,HAP-2026-02-1065,historical_ap,volume_opex
JE-HAP-2026-02-1066,2026-02,2026-02-28,2026-02-28,6000-Operating,1000-Cash,1620088,16200.88,premium support 2026-02,Palo Alto Networks,,HAP-2026-02-1066,HAP-2026-02-1066,historical_ap,volume_opex
JE-HAP-2026-02-1067,2026-02,2026-02-28,2026-02-28,6000-Operating,1000-Cash,42449,424.49,warehouse consumables 2026-02,Vanta,,HAP-2026-02-1067,HAP-2026-02-1067,historical_ap,volume_opex
JE-HAP-2026-02-1068,2026-02,2026-02-28,2026-02-28,6000-Operating,1000-Cash,2510,25.1,security monitoring hosts 2026-02,Acme Supply Co.,,HAP-2026-02-1068,HAP-2026-02-1068,historical_ap,volume_opex
JE-HAP-2026-02-1069,2026-02,2026-02-28,2026-02-28,6000-Operating,1000-Cash,11671,116.71,warehouse consumables 2026-02,Palo Alto Networks,,HAP-2026-02-1069,HAP-2026-02-1069,historical_ap,volume_opex
JE-HAP-2026-02-1070,2026-02,2026-02-28,2026-02-28,6000-Operating,1000-Cash,6132,61.32,security monitoring hosts 2026-02,Vanta,,HAP-2026-02-1070,HAP-2026-02-1070,historical_ap,volume_opex
JE-HAP-2026-02-1071,2026-02,2026-02-28,2026-02-28,6000-Operating,1000-Cash,10643,106.43,usage overage block 2026-02,Acme Supply Co.,,HAP-2026-02-1071,HAP-2026-02-1071,historical_ap,volume_opex
JE-HAP-2026-02-1072,2026-02,2026-02-28,2026-02-28,6000-Operating,1000-Cash,1620154,16201.54,premium support 2026-02,Helios Hardware,,HAP-2026-02-1072,HAP-2026-02-1072,historical_ap,volume_opex
JE-HAP-2026-02-1073,2026-02,2026-02-28,2026-02-28,6000-Operating,1000-Cash,42515,425.15,warehouse consumables 2026-02,Google Cloud,,HAP-2026-02-1073,HAP-2026-02-1073,historical_ap,volume_opex
JE-HAP-2026-02-1074,2026-02,2026-02-28,2026-02-28,6000-Operating,1000-Cash,2576,25.76,security monitoring hosts 2026-02,Dell Technologies,,HAP-2026-02-1074,HAP-2026-02-1074,historical_ap,volume_opex
JE-HAP-2026-02-1075,2026-02,2026-02-28,2026-02-28,6000-Operating,1000-Cash,6187,61.87,usage overage block 2026-02,Shadow Vendor LLC,,HAP-2026-02-1075,HAP-2026-02-1075,historical_ap,volume_opex
JE-HAP-2026-02-1076,2026-02,2026-02-28,2026-02-28,6000-Operating,1000-Cash,1080198,10801.98,premium support 2026-02,Twilio,,HAP-2026-02-1076,HAP-2026-02-1076,historical_ap,volume_opex
JE-HAP-2026-02-1077,2026-02,2026-02-28,2026-02-28,6000-Operating,1000-Cash,31009,310.09,warehouse consumables 2026-02,CrowdStrike,,HAP-2026-02-1077,HAP-2026-02-1077,historical_ap,volume_opex
JE-HAP-2026-02-1078,2026-02,2026-02-28,2026-02-28,6000-Operating,1000-Cash,12220,122.2,security monitoring hosts 2026-02,Northline Fab Group,,HAP-2026-02-1078,HAP-2026-02-1078,historical_ap,volume_opex
JE-HAP-2026-02-1079,2026-02,2026-02-28,2026-02-28,6000-Operating,1000-Cash,1731,17.31,usage overage block 2026-02,FedEx,,HAP-2026-02-1079,HAP-2026-02-1079,historical_ap,volume_opex
JE-HAP-2026-02-1080,2026-02,2026-02-28,2026-02-28,6000-Operating,1000-Cash,540242,5402.42,premium support 2026-02,Pagaya Coffee Service,,HAP-2026-02-1080,HAP-2026-02-1080,historical_ap,volume_opex
JE-HAP-2026-02-1081,2026-02,2026-02-28,2026-02-28,6000-Operating,1000-Cash,6000,60.0,usage overage block 2026-02,Northline Fab Group,,HAP-2026-02-1081,HAP-2026-02-1081,historical_ap,volume_opex
JE-HAP-2026-02-1082,2026-02,2026-02-28,2026-02-28,6000-Operating,1000-Cash,1080011,10800.11,premium support 2026-02,FedEx,,HAP-2026-02-1082,HAP-2026-02-1082,historical_ap,volume_opex
JE-HAP-2026-02-1083,2026-02,2026-02-28,2026-02-28,6000-Operating,1000-Cash,30822,308.22,warehouse consumables 2026-02,Pagaya Coffee Service,,HAP-2026-02-1083,HAP-2026-02-1083,historical_ap,volume_opex
JE-HAP-2026-02-1084,2026-02,2026-02-28,2026-02-28,6000-Operating,1000-Cash,12033,120.33,security monitoring hosts 2026-02,Stripe Processing,,HAP-2026-02-1084,HAP-2026-02-1084,historical_ap,volume_opex
JE-HAP-2026-02-1085,2026-02,2026-02-28,2026-02-28,6000-Operating,1000-Cash,1544,15.44,usage overage block 2026-02,Boston Edison Steam,,HAP-2026-02-1085,HAP-2026-02-1085,historical_ap,volume_opex
JE-HAP-2026-02-1086,2026-02,2026-02-28,2026-02-28,6000-Operating,1000-Cash,540055,5400.55,premium support 2026-02,Linear App,,HAP-2026-02-1086,HAP-2026-02-1086,historical_ap,volume_opex
JE-HAP-2026-02-1087,2026-02,2026-02-28,2026-02-28,6000-Operating,1000-Cash,19316,193.16,warehouse consumables 2026-02,Amazon Web Services,,HAP-2026-02-1087,HAP-2026-02-1087,historical_ap,volume_opex
JE-HAP-2026-02-1088,2026-02,2026-02-28,2026-02-28,6000-Operating,1000-Cash,8477,84.77,security monitoring hosts 2026-02,Datadog,,HAP-2026-02-1088,HAP-2026-02-1088,historical_ap,volume_opex
JE-HAP-2026-02-1089,2026-02,2026-02-28,2026-02-28,6000-Operating,1000-Cash,13588,135.88,usage overage block 2026-02,Hartford Insurance,,HAP-2026-02-1089,HAP-2026-02-1089,historical_ap,volume_opex
JE-HAP-2026-02-1090,2026-02,2026-02-28,2026-02-28,6000-Operating,1000-Cash,1980099,19800.99,premium support 2026-02,Harbor Electric,,HAP-2026-02-1090,HAP-2026-02-1090,historical_ap,volume_opex
JE-HAP-2026-02-1091,2026-02,2026-02-28,2026-02-28,6000-Operating,1000-Cash,7810,78.1,warehouse consumables 2026-02,Freightline Logistics,,HAP-2026-02-1091,HAP-2026-02-1091,historical_ap,volume_opex
JE-HAP-2026-02-1092,2026-02,2026-02-28,2026-02-28,6000-Operating,1000-Cash,4921,49.21,security monitoring hosts 2026-02,Notion Labs,,HAP-2026-02-1092,HAP-2026-02-1092,historical_ap,volume_opex
JE-HAP-2026-02-1093,2026-02,2026-02-28,2026-02-28,6000-Operating,1000-Cash,19382,193.82,warehouse consumables 2026-02,Harbor Electric,,HAP-2026-02-1093,HAP-2026-02-1093,historical_ap,volume_opex
JE-HAP-2026-02-1094,2026-02,2026-02-28,2026-02-28,6000-Operating,1000-Cash,8543,85.43,security monitoring hosts 2026-02,Freightline Logistics,,HAP-2026-02-1094,HAP-2026-02-1094,historical_ap,volume_opex
JE-HAP-2026-02-1095,2026-02,2026-02-28,2026-02-28,6000-Operating,1000-Cash,13654,136.54,usage overage block 2026-02,Notion Labs,,HAP-2026-02-1095,HAP-2026-02-1095,historical_ap,volume_opex
JE-HAP-2026-02-1096,2026-02,2026-02-28,2026-02-28,6000-Operating,1000-Cash,1980165,19801.65,premium support 2026-02,Zoom Video,,HAP-2026-02-1096,HAP-2026-02-1096,historical_ap,volume_opex
JE-HAP-2026-02-1097,2026-02,2026-02-28,2026-02-28,6000-Operating,1000-Cash,7876,78.76,warehouse consumables 2026-02,Helios Hardware Supply,,HAP-2026-02-1097,HAP-2026-02-1097,historical_ap,volume_opex
JE-HAP-2026-02-1098,2026-02,2026-02-28,2026-02-28,6000-Operating,1000-Cash,4987,49.87,security monitoring hosts 2026-02,ADP,,HAP-2026-02-1098,HAP-2026-02-1098,historical_ap,volume_opex
JE-HAP-2026-02-1099,2026-02,2026-02-28,2026-02-28,6000-Operating,1000-Cash,9198,91.98,usage overage block 2026-02,CleanRoom Janitorial,,HAP-2026-02-1099,HAP-2026-02-1099,historical_ap,volume_opex
JE-HAP-2026-02-1100,2026-02,2026-02-28,2026-02-28,6000-Operating,1000-Cash,1440209,14402.09,premium support 2026-02,Adyen NV,,HAP-2026-02-1100,HAP-2026-02-1100,historical_ap,volume_opex
JE-HAP-2026-02-1101,2026-02,2026-02-28,2026-02-28,6000-Operating,1000-Cash,38720,387.2,warehouse consumables 2026-02,Carta,,HAP-2026-02-1101,HAP-2026-02-1101,historical_ap,volume_opex
JE-HAP-2026-02-1102,2026-02,2026-02-28,2026-02-28,6000-Operating,1000-Cash,1431,14.31,security monitoring hosts 2026-02,Acme Supplies,,HAP-2026-02-1102,HAP-2026-02-1102,historical_ap,volume_opex
JE-HAP-2026-02-1103,2026-02,2026-02-28,2026-02-28,6000-Operating,1000-Cash,4742,47.42,usage overage block 2026-02,Northline Fabrication,,HAP-2026-02-1103,HAP-2026-02-1103,historical_ap,volume_opex
JE-HAP-2026-02-1104,2026-02,2026-02-28,2026-02-28,6000-Operating,1000-Cash,900000,9000.0,premium support 2026-02,Slack Technologies,,HAP-2026-02-1104,HAP-2026-02-1104,historical_ap,volume_opex
JE-HAP-2026-02-1105,2026-02,2026-02-28,2026-02-28,6000-Operating,1000-Cash,9011,90.11,usage overage block 2026-02,Acme Supplies,,HAP-2026-02-1105,HAP-2026-02-1105,historical_ap,volume_opex
JE-HAP-2026-02-1106,2026-02,2026-02-28,2026-02-28,6000-Operating,1000-Cash,1440022,14400.22,premium support 2026-02,Northline Fabrication,,HAP-2026-02-1106,HAP-2026-02-1106,historical_ap,volume_opex
JE-HAP-2026-02-1107,2026-02,2026-02-28,2026-02-28,6000-Operating,1000-Cash,38533,385.33,warehouse consumables 2026-02,Slack Technologies,,HAP-2026-02-1107,HAP-2026-02-1107,historical_ap,volume_opex
JE-HAP-2026-02-1108,2026-02,2026-02-28,2026-02-28,6000-Operating,1000-Cash,1244,12.44,security monitoring hosts 2026-02,Orbit Analytics,,HAP-2026-02-1108,HAP-2026-02-1108,historical_ap,volume_opex
JE-HAP-2026-02-1109,2026-02,2026-02-28,2026-02-28,6000-Operating,1000-Cash,4555,45.55,usage overage block 2026-02,Lindholm & Ruiz LLP,,HAP-2026-02-1109,HAP-2026-02-1109,historical_ap,volume_opex
JE-HAP-2026-02-1110,2026-02,2026-02-28,2026-02-28,6000-Operating,1000-Cash,900066,9000.66,premium support 2026-02,Lenovo,,HAP-2026-02-1110,HAP-2026-02-1110,historical_ap,volume_opex
JE-HAP-2026-02-1111,2026-02,2026-02-28,2026-02-28,6000-Operating,1000-Cash,27027,270.27,warehouse consumables 2026-02,Snowflake,,HAP-2026-02-1111,HAP-2026-02-1111,historical_ap,volume_opex
JE-HAP-2026-02-1112,2026-02,2026-02-28,2026-02-28,6000-Operating,1000-Cash,10888,108.88,security monitoring hosts 2026-02,Atlassian,,HAP-2026-02-1112,HAP-2026-02-1112,historical_ap,volume_opex
JE-HAP-2026-02-1113,2026-02,2026-02-28,2026-02-28,6000-Operating,1000-Cash,16599,165.99,usage overage block 2026-02,Harbor Power & Light,,HAP-2026-02-1113,HAP-2026-02-1113,historical_ap,volume_opex
JE-HAP-2026-02-1114,2026-02,2026-02-28,2026-02-28,6000-Operating,1000-Cash,360110,3601.1,premium support 2026-02,WeWork Cambridge,,HAP-2026-02-1114,HAP-2026-02-1114,historical_ap,volume_opex
JE-HAP-2026-02-1115,2026-02,2026-02-28,2026-02-28,6000-Operating,1000-Cash,15521,155.21,warehouse consumables 2026-02,Kendall Square Parking,,HAP-2026-02-1115,HAP-2026-02-1115,historical_ap,volume_opex
JE-HAP-2026-02-1116,2026-02,2026-02-28,2026-02-28,6000-Operating,1000-Cash,7332,73.32,security monitoring hosts 2026-02,DocuSign,,HAP-2026-02-1116,HAP-2026-02-1116,historical_ap,volume_opex
JE-HAP-2026-02-1117,2026-02,2026-02-28,2026-02-28,6000-Operating,1000-Cash,27093,270.93,warehouse consumables 2026-02,WeWork Cambridge,,HAP-2026-02-1117,HAP-2026-02-1117,historical_ap,volume_opex
JE-HAP-2026-02-1118,2026-02,2026-02-28,2026-02-28,6000-Operating,1000-Cash,10954,109.54,security monitoring hosts 2026-02,Kendall Square Parking,,HAP-2026-02-1118,HAP-2026-02-1118,historical_ap,volume_opex
JE-HAP-2026-02-1119,2026-02,2026-02-28,2026-02-28,6000-Operating,1000-Cash,16665,166.65,usage overage block 2026-02,DocuSign,,HAP-2026-02-1119,HAP-2026-02-1119,historical_ap,volume_opex
JE-HAP-2026-02-1120,2026-02,2026-02-28,2026-02-28,6000-Operating,1000-Cash,360176,3601.76,premium support 2026-02,Gusto Payroll,,HAP-2026-02-1120,HAP-2026-02-1120,historical_ap,volume_opex
JE-HAP-2026-02-1121,2026-02,2026-02-28,2026-02-28,6000-Operating,1000-Cash,15587,155.87,warehouse consumables 2026-02,Acme Supplies LLC,,HAP-2026-02-1121,HAP-2026-02-1121,historical_ap,volume_opex
JE-HAP-2026-02-1122,2026-02,2026-02-28,2026-02-28,6000-Operating,1000-Cash,7398,73.98,security monitoring hosts 2026-02,Office Depot,,HAP-2026-02-1122,HAP-2026-02-1122,historical_ap,volume_opex
JE-HAP-2026-02-1123,2026-02,2026-02-28,2026-02-28,6000-Operating,1000-Cash,12209,122.09,usage overage block 2026-02,Figma,,HAP-2026-02-1123,HAP-2026-02-1123,historical_ap,volume_opex
JE-HAP-2026-02-1124,2026-02,2026-02-28,2026-02-28,6000-Operating,1000-Cash,1800220,18002.2,premium support 2026-02,Cambridge Properties,,HAP-2026-02-1124,HAP-2026-02-1124,historical_ap,volume_opex
JE-HAP-2026-02-1125,2026-02,2026-02-28,2026-02-28,6000-Operating,1000-Cash,4081,40.81,warehouse consumables 2026-02,GitHub,,HAP-2026-02-1125,HAP-2026-02-1125,historical_ap,volume_opex
JE-HAP-2026-02-1126,2026-02,2026-02-28,2026-02-28,6000-Operating,1000-Cash,3842,38.42,security monitoring hosts 2026-02,Misc Supplies,,HAP-2026-02-1126,HAP-2026-02-1126,historical_ap,volume_opex
JE-HAP-2026-02-1127,2026-02,2026-02-28,2026-02-28,6000-Operating,1000-Cash,7500,75.0,usage overage block 2026-02,Okta,,HAP-2026-02-1127,HAP-2026-02-1127,historical_ap,volume_opex
JE-HAP-2026-02-1128,2026-02,2026-02-28,2026-02-28,6000-Operating,1000-Cash,1260011,12600.11,premium support 2026-02,Cloudflare,,HAP-2026-02-1128,HAP-2026-02-1128,historical_ap,volume_opex
JE-HAP-2026-02-1129,2026-02,2026-02-28,2026-02-28,6000-Operating,1000-Cash,12022,120.22,usage overage block 2026-02,Misc Supplies,,HAP-2026-02-1129,HAP-2026-02-1129,historical_ap,volume_opex
JE-HAP-2026-02-1130,2026-02,2026-02-28,2026-02-28,6000-Operating,1000-Cash,1800033,18000.33,premium support 2026-02,Okta,,HAP-2026-02-1130,HAP-2026-02-1130,historical_ap,volume_opex
JE-HAP-2026-02-1131,2026-02,2026-02-28,2026-02-28,6000-Operating,1000-Cash,3894,38.94,warehouse consumables 2026-02,Cloudflare,,HAP-2026-02-1131,HAP-2026-02-1131,historical_ap,volume_opex
JE-HAP-2026-02-1132,2026-02,2026-02-28,2026-02-28,6000-Operating,1000-Cash,3655,36.55,security monitoring hosts 2026-02,Staples Business Advantage,,HAP-2026-02-1132,HAP-2026-02-1132,historical_ap,volume_opex
JE-HAP-2026-02-1133,2026-02,2026-02-28,2026-02-28,6000-Operating,1000-Cash,7566,75.66,usage overage block 2026-02,Comcast Business,,HAP-2026-02-1133,HAP-2026-02-1133,historical_ap,volume_opex
JE-HAP-2026-02-1134,2026-02,2026-02-28,2026-02-28,6000-Operating,1000-Cash,1260077,12600.77,premium support 2026-02,HubSpot,,HAP-2026-02-1134,HAP-2026-02-1134,historical_ap,volume_opex
JE-HAP-2026-02-1135,2026-02,2026-02-28,2026-02-28,6000-Operating,1000-Cash,34738,347.38,warehouse consumables 2026-02,Palo Alto Networks,,HAP-2026-02-1135,HAP-2026-02-1135,historical_ap,volume_opex
JE-HAP-2026-02-1136,2026-02,2026-02-28,2026-02-28,6000-Operating,1000-Cash,13299,132.99,security monitoring hosts 2026-02,Vanta,,HAP-2026-02-1136,HAP-2026-02-1136,historical_ap,volume_opex
JE-HAP-2026-02-1137,2026-02,2026-02-28,2026-02-28,6000-Operating,1000-Cash,3110,31.1,usage overage block 2026-02,Acme Supply Co.,,HAP-2026-02-1137,HAP-2026-02-1137,historical_ap,volume_opex
JE-HAP-2026-02-1138,2026-02,2026-02-28,2026-02-28,6000-Operating,1000-Cash,720121,7201.21,premium support 2026-02,Helios Hardware,,HAP-2026-02-1138,HAP-2026-02-1138,historical_ap,volume_opex
JE-HAP-2026-02-1139,2026-02,2026-02-28,2026-02-28,6000-Operating,1000-Cash,23232,232.32,warehouse consumables 2026-02,Google Cloud,,HAP-2026-02-1139,HAP-2026-02-1139,historical_ap,volume_opex
JE-HAP-2026-02-1140,2026-02,2026-02-28,2026-02-28,6000-Operating,1000-Cash,9743,97.43,security monitoring hosts 2026-02,Dell Technologies,,HAP-2026-02-1140,HAP-2026-02-1140,historical_ap,volume_opex
JE-HAP-2026-02-1141,2026-02,2026-02-28,2026-02-28,6000-Operating,1000-Cash,34804,348.04,warehouse consumables 2026-02,Helios Hardware,,HAP-2026-02-1141,HAP-2026-02-1141,historical_ap,volume_opex
JE-HAP-2026-02-1142,2026-02,2026-02-28,2026-02-28,6000-Operating,1000-Cash,13365,133.65,security monitoring hosts 2026-02,Google Cloud,,HAP-2026-02-1142,HAP-2026-02-1142,historical_ap,volume_opex
JE-HAP-2026-02-1143,2026-02,2026-02-28,2026-02-28,6000-Operating,1000-Cash,3176,31.76,usage overage block 2026-02,Dell Technologies,,HAP-2026-02-1143,HAP-2026-02-1143,historical_ap,volume_opex
JE-HAP-2026-02-1144,2026-02,2026-02-28,2026-02-28,6000-Operating,1000-Cash,720187,7201.87,premium support 2026-02,Shadow Vendor LLC,,HAP-2026-02-1144,HAP-2026-02-1144,historical_ap,volume_opex
JE-HAP-2026-02-1145,2026-02,2026-02-28,2026-02-28,6000-Operating,1000-Cash,23298,232.98,warehouse consumables 2026-02,Twilio,,HAP-2026-02-1145,HAP-2026-02-1145,historical_ap,volume_opex
JE-HAP-2026-02-1146,2026-02,2026-02-28,2026-02-28,6000-Operating,1000-Cash,9809,98.09,security monitoring hosts 2026-02,CrowdStrike,,HAP-2026-02-1146,HAP-2026-02-1146,historical_ap,volume_opex
JE-HAP-2026-02-1147,2026-02,2026-02-28,2026-02-28,6000-Operating,1000-Cash,15220,152.2,usage overage block 2026-02,Northline Fab Group,,HAP-2026-02-1147,HAP-2026-02-1147,historical_ap,volume_opex
JE-HAP-2026-02-1148,2026-02,2026-02-28,2026-02-28,6000-Operating,1000-Cash,180231,1802.31,premium support 2026-02,FedEx,,HAP-2026-02-1148,HAP-2026-02-1148,historical_ap,volume_opex
JE-HAP-2026-02-1149,2026-02,2026-02-28,2026-02-28,6000-Operating,1000-Cash,11792,117.92,warehouse consumables 2026-02,Pagaya Coffee Service,,HAP-2026-02-1149,HAP-2026-02-1149,historical_ap,volume_opex
JE-HAP-2026-02-1150,2026-02,2026-02-28,2026-02-28,6000-Operating,1000-Cash,6000,60.0,security monitoring hosts 2026-02,Stripe Processing,,HAP-2026-02-1150,HAP-2026-02-1150,historical_ap,volume_opex
JE-HAP-2026-02-1151,2026-02,2026-02-28,2026-02-28,6000-Operating,1000-Cash,10511,105.11,usage overage block 2026-02,Boston Edison Steam,,HAP-2026-02-1151,HAP-2026-02-1151,historical_ap,volume_opex
JE-HAP-2026-02-1152,2026-02,2026-02-28,2026-02-28,6000-Operating,1000-Cash,1620022,16200.22,premium support 2026-02,Linear App,,HAP-2026-02-1152,HAP-2026-02-1152,historical_ap,volume_opex
JE-HAP-2026-02-1153,2026-02,2026-02-28,2026-02-28,6000-Operating,1000-Cash,15033,150.33,usage overage block 2026-02,Stripe Processing,,HAP-2026-02-1153,HAP-2026-02-1153,historical_ap,volume_opex
JE-HAP-2026-02-1154,2026-02,2026-02-28,2026-02-28,6000-Operating,1000-Cash,180044,1800.44,premium support 2026-02,Boston Edison Steam,,HAP-2026-02-1154,HAP-2026-02-1154,historical_ap,volume_opex
JE-HAP-2026-02-1155,2026-02,2026-02-28,2026-02-28,6000-Operating,1000-Cash,11605,116.05,warehouse consumables 2026-02,Linear App,,HAP-2026-02-1155,HAP-2026-02-1155,historical_ap,volume_opex
JE-HAP-2026-02-1156,2026-02,2026-02-28,2026-02-28,6000-Operating,1000-Cash,6066,60.66,security monitoring hosts 2026-02,Amazon Web Services,,HAP-2026-02-1156,HAP-2026-02-1156,historical_ap,volume_opex
JE-HAP-2026-02-1157,2026-02,2026-02-28,2026-02-28,6000-Operating,1000-Cash,10577,105.77,usage overage block 2026-02,Datadog,,HAP-2026-02-1157,HAP-2026-02-1157,historical_ap,volume_opex
JE-HAP-2026-02-1158,2026-02,2026-02-28,2026-02-28,6000-Operating,1000-Cash,1620088,16200.88,premium support 2026-02,Hartford Insurance,,HAP-2026-02-1158,HAP-2026-02-1158,historical_ap,volume_opex
JE-HAP-2026-02-1159,2026-02,2026-02-28,2026-02-28,6000-Operating,1000-Cash,42449,424.49,warehouse consumables 2026-02,Harbor Electric,,HAP-2026-02-1159,HAP-2026-02-1159,historical_ap,volume_opex
JE-HAP-2026-02-1160,2026-02,2026-02-28,2026-02-28,6000-Operating,1000-Cash,2510,25.1,security monitoring hosts 2026-02,Freightline Logistics,,HAP-2026-02-1160,HAP-2026-02-1160,historical_ap,volume_opex
JE-HAP-2026-02-1161,2026-02,2026-02-28,2026-02-28,6000-Operating,1000-Cash,6121,61.21,usage overage block 2026-02,Notion Labs,,HAP-2026-02-1161,HAP-2026-02-1161,historical_ap,volume_opex
JE-HAP-2026-02-1162,2026-02,2026-02-28,2026-02-28,6000-Operating,1000-Cash,1080132,10801.32,premium support 2026-02,Zoom Video,,HAP-2026-02-1162,HAP-2026-02-1162,historical_ap,volume_opex
JE-HAP-2026-02-1163,2026-02,2026-02-28,2026-02-28,6000-Operating,1000-Cash,30943,309.43,warehouse consumables 2026-02,Helios Hardware Supply,,HAP-2026-02-1163,HAP-2026-02-1163,historical_ap,volume_opex
JE-HAP-2026-02-1164,2026-02,2026-02-28,2026-02-28,6000-Operating,1000-Cash,12154,121.54,security monitoring hosts 2026-02,ADP,,HAP-2026-02-1164,HAP-2026-02-1164,historical_ap,volume_opex
JE-HAP-2026-02-1165,2026-02,2026-02-28,2026-02-28,6000-Operating,1000-Cash,42515,425.15,warehouse consumables 2026-02,Zoom Video,,HAP-2026-02-1165,HAP-2026-02-1165,historical_ap,volume_opex
JE-HAP-2026-02-1166,2026-02,2026-02-28,2026-02-28,6000-Operating,1000-Cash,2576,25.76,security monitoring hosts 2026-02,Helios Hardware Supply,,HAP-2026-02-1166,HAP-2026-02-1166,historical_ap,volume_opex
JE-HAP-2026-02-1167,2026-02,2026-02-28,2026-02-28,6000-Operating,1000-Cash,6187,61.87,usage overage block 2026-02,ADP,,HAP-2026-02-1167,HAP-2026-02-1167,historical_ap,volume_opex
JE-HAP-2026-02-1168,2026-02,2026-02-28,2026-02-28,6000-Operating,1000-Cash,1080198,10801.98,premium support 2026-02,CleanRoom Janitorial,,HAP-2026-02-1168,HAP-2026-02-1168,historical_ap,volume_opex
JE-HAP-2026-02-1169,2026-02,2026-02-28,2026-02-28,6000-Operating,1000-Cash,31009,310.09,warehouse consumables 2026-02,Adyen NV,,HAP-2026-02-1169,HAP-2026-02-1169,historical_ap,volume_opex
JE-HAP-2026-02-1170,2026-02,2026-02-28,2026-02-28,6000-Operating,1000-Cash,12220,122.2,security monitoring hosts 2026-02,Carta,,HAP-2026-02-1170,HAP-2026-02-1170,historical_ap,volume_opex
JE-HAP-2026-02-1171,2026-02,2026-02-28,2026-02-28,6000-Operating,1000-Cash,1731,17.31,usage overage block 2026-02,Acme Supplies,,HAP-2026-02-1171,HAP-2026-02-1171,historical_ap,volume_opex
JE-HAP-2026-02-1172,2026-02,2026-02-28,2026-02-28,6000-Operating,1000-Cash,540242,5402.42,premium support 2026-02,Northline Fabrication,,HAP-2026-02-1172,HAP-2026-02-1172,historical_ap,volume_opex
JE-HAP-2026-02-1173,2026-02,2026-02-28,2026-02-28,6000-Operating,1000-Cash,19250,192.5,warehouse consumables 2026-02,Slack Technologies,,HAP-2026-02-1173,HAP-2026-02-1173,historical_ap,volume_opex
JE-HAP-2026-02-1174,2026-02,2026-02-28,2026-02-28,6000-Operating,1000-Cash,8411,84.11,security monitoring hosts 2026-02,Orbit Analytics,,HAP-2026-02-1174,HAP-2026-02-1174,historical_ap,volume_opex
JE-HAP-2026-02-1175,2026-02,2026-02-28,2026-02-28,6000-Operating,1000-Cash,13522,135.22,usage overage block 2026-02,Lindholm & Ruiz LLP,,HAP-2026-02-1175,HAP-2026-02-1175,historical_ap,volume_opex
JE-HAP-2026-02-1176,2026-02,2026-02-28,2026-02-28,6000-Operating,1000-Cash,1980033,19800.33,premium support 2026-02,Lenovo,,HAP-2026-02-1176,HAP-2026-02-1176,historical_ap,volume_opex
JE-HAP-2026-02-1177,2026-02,2026-02-28,2026-02-28,6000-Operating,1000-Cash,1544,15.44,usage overage block 2026-02,Orbit Analytics,,HAP-2026-02-1177,HAP-2026-02-1177,historical_ap,volume_opex
JE-HAP-2026-02-1178,2026-02,2026-02-28,2026-02-28,6000-Operating,1000-Cash,540055,5400.55,premium support 2026-02,Lindholm & Ruiz LLP,,HAP-2026-02-1178,HAP-2026-02-1178,historical_ap,volume_opex
JE-HAP-2026-02-1179,2026-02,2026-02-28,2026-02-28,6000-Operating,1000-Cash,19316,193.16,warehouse consumables 2026-02,Lenovo,,HAP-2026-02-1179,HAP-2026-02-1179,historical_ap,volume_opex
JE-HAP-2026-02-1180,2026-02,2026-02-28,2026-02-28,6000-Operating,1000-Cash,8477,84.77,security monitoring hosts 2026-02,Snowflake,,HAP-2026-02-1180,HAP-2026-02-1180,historical_ap,volume_opex
JE-HAP-2026-02-1181,2026-02,2026-02-28,2026-02-28,6000-Operating,1000-Cash,13588,135.88,usage overage block 2026-02,Atlassian,,HAP-2026-02-1181,HAP-2026-02-1181,historical_ap,volume_opex
JE-HAP-2026-02-1182,2026-02,2026-02-28,2026-02-28,6000-Operating,1000-Cash,1980099,19800.99,premium support 2026-02,Harbor Power & Light,,HAP-2026-02-1182,HAP-2026-02-1182,historical_ap,volume_opex
JE-HAP-2026-02-1183,2026-02,2026-02-28,2026-02-28,6000-Operating,1000-Cash,7810,78.1,warehouse consumables 2026-02,WeWork Cambridge,,HAP-2026-02-1183,HAP-2026-02-1183,historical_ap,volume_opex
JE-HAP-2026-02-1184,2026-02,2026-02-28,2026-02-28,6000-Operating,1000-Cash,4921,49.21,security monitoring hosts 2026-02,Kendall Square Parking,,HAP-2026-02-1184,HAP-2026-02-1184,historical_ap,volume_opex
JE-HAP-2026-02-1185,2026-02,2026-02-28,2026-02-28,6000-Operating,1000-Cash,9132,91.32,usage overage block 2026-02,DocuSign,,HAP-2026-02-1185,HAP-2026-02-1185,historical_ap,volume_opex
JE-HAP-2026-02-1186,2026-02,2026-02-28,2026-02-28,6000-Operating,1000-Cash,1440143,14401.43,premium support 2026-02,Gusto Payroll,,HAP-2026-02-1186,HAP-2026-02-1186,historical_ap,volume_opex
JE-HAP-2026-02-1187,2026-02,2026-02-28,2026-02-28,6000-Operating,1000-Cash,38654,386.54,warehouse consumables 2026-02,Acme Supplies LLC,,HAP-2026-02-1187,HAP-2026-02-1187,historical_ap,volume_opex
JE-HAP-2026-02-1188,2026-02,2026-02-28,2026-02-28,6000-Operating,1000-Cash,1365,13.65,security monitoring hosts 2026-02,Office Depot,,HAP-2026-02-1188,HAP-2026-02-1188,historical_ap,volume_opex
JE-HAP-2026-02-1189,2026-02,2026-02-28,2026-02-28,6000-Operating,1000-Cash,7876,78.76,warehouse consumables 2026-02,Gusto Payroll,,HAP-2026-02-1189,HAP-2026-02-1189,historical_ap,volume_opex
JE-HAP-2026-02-1190,2026-02,2026-02-28,2026-02-28,6000-Operating,1000-Cash,4987,49.87,security monitoring hosts 2026-02,Acme Supplies LLC,,HAP-2026-02-1190,HAP-2026-02-1190,historical_ap,volume_opex
JE-HAP-2026-02-1191,2026-02,2026-02-28,2026-02-28,6000-Operating,1000-Cash,9198,91.98,usage overage block 2026-02,Office Depot,,HAP-2026-02-1191,HAP-2026-02-1191,historical_ap,volume_opex
JE-HAP-2026-02-1192,2026-02,2026-02-28,2026-02-28,6000-Operating,1000-Cash,1440209,14402.09,premium support 2026-02,Figma,,HAP-2026-02-1192,HAP-2026-02-1192,historical_ap,volume_opex
JE-HAP-2026-02-1193,2026-02,2026-02-28,2026-02-28,6000-Operating,1000-Cash,38720,387.2,warehouse consumables 2026-02,Cambridge Properties,,HAP-2026-02-1193,HAP-2026-02-1193,historical_ap,volume_opex
JE-HAP-2026-02-1194,2026-02,2026-02-28,2026-02-28,6000-Operating,1000-Cash,1431,14.31,security monitoring hosts 2026-02,GitHub,,HAP-2026-02-1194,HAP-2026-02-1194,historical_ap,volume_opex
JE-HAP-2026-02-1195,2026-02,2026-02-28,2026-02-28,6000-Operating,1000-Cash,4742,47.42,usage overage block 2026-02,Misc Supplies,,HAP-2026-02-1195,HAP-2026-02-1195,historical_ap,volume_opex
JE-HAP-2026-02-1196,2026-02,2026-02-28,2026-02-28,6000-Operating,1000-Cash,900000,9000.0,premium support 2026-02,Okta,,HAP-2026-02-1196,HAP-2026-02-1196,historical_ap,volume_opex
JE-HAP-2026-02-1197,2026-02,2026-02-28,2026-02-28,6000-Operating,1000-Cash,26961,269.61,warehouse consumables 2026-02,Cloudflare,,HAP-2026-02-1197,HAP-2026-02-1197,historical_ap,volume_opex
JE-HAP-2026-02-1198,2026-02,2026-02-28,2026-02-28,6000-Operating,1000-Cash,10822,108.22,security monitoring hosts 2026-02,Staples Business Advantage,,HAP-2026-02-1198,HAP-2026-02-1198,historical_ap,volume_opex
JE-HAP-2026-02-1199,2026-02,2026-02-28,2026-02-28,6000-Operating,1000-Cash,16533,165.33,usage overage block 2026-02,Comcast Business,,HAP-2026-02-1199,HAP-2026-02-1199,historical_ap,volume_opex
JE-HAP-2026-02-1200,2026-02,2026-02-28,2026-02-28,6000-Operating,1000-Cash,360044,3600.44,premium support 2026-02,HubSpot,,HAP-2026-02-1200,HAP-2026-02-1200,historical_ap,volume_opex
JE-HAP-2026-03-1201,2026-03,2026-03-20,2026-03-20,6000-Operating,1000-Cash,4555,45.55,usage overage block 2026-03,Staples Business Advantage,,HAP-2026-03-1201,HAP-2026-03-1201,historical_ap,volume_opex
JE-HAP-2026-03-1202,2026-03,2026-03-20,2026-03-20,6000-Operating,1000-Cash,900066,9000.66,premium support 2026-03,Comcast Business,,HAP-2026-03-1202,HAP-2026-03-1202,historical_ap,volume_opex
JE-HAP-2026-03-1203,2026-03,2026-03-20,2026-03-20,6000-Operating,1000-Cash,27027,270.27,warehouse consumables 2026-03,HubSpot,,HAP-2026-03-1203,HAP-2026-03-1203,historical_ap,volume_opex
JE-HAP-2026-03-1204,2026-03,2026-03-20,2026-03-20,6000-Operating,1000-Cash,10888,108.88,security monitoring hosts 2026-03,Palo Alto Networks,,HAP-2026-03-1204,HAP-2026-03-1204,historical_ap,volume_opex
JE-HAP-2026-03-1205,2026-03,2026-03-20,2026-03-20,6000-Operating,1000-Cash,16599,165.99,usage overage block 2026-03,Vanta,,HAP-2026-03-1205,HAP-2026-03-1205,historical_ap,volume_opex
JE-HAP-2026-03-1206,2026-03,2026-03-20,2026-03-20,6000-Operating,1000-Cash,360110,3601.1,premium support 2026-03,Acme Supply Co.,,HAP-2026-03-1206,HAP-2026-03-1206,historical_ap,volume_opex
JE-HAP-2026-03-1207,2026-03,2026-03-20,2026-03-20,6000-Operating,1000-Cash,15521,155.21,warehouse consumables 2026-03,Helios Hardware,,HAP-2026-03-1207,HAP-2026-03-1207,historical_ap,volume_opex
JE-HAP-2026-03-1208,2026-03,2026-03-20,2026-03-20,6000-Operating,1000-Cash,7332,73.32,security monitoring hosts 2026-03,Google Cloud,,HAP-2026-03-1208,HAP-2026-03-1208,historical_ap,volume_opex
JE-HAP-2026-03-1209,2026-03,2026-03-20,2026-03-20,6000-Operating,1000-Cash,12143,121.43,usage overage block 2026-03,Dell Technologies,,HAP-2026-03-1209,HAP-2026-03-1209,historical_ap,volume_opex
JE-HAP-2026-03-1210,2026-03,2026-03-20,2026-03-20,6000-Operating,1000-Cash,1800154,18001.54,premium support 2026-03,Shadow Vendor LLC,,HAP-2026-03-1210,HAP-2026-03-1210,historical_ap,volume_opex
JE-HAP-2026-03-1211,2026-03,2026-03-20,2026-03-20,6000-Operating,1000-Cash,4015,40.15,warehouse consumables 2026-03,Twilio,,HAP-2026-03-1211,HAP-2026-03-1211,historical_ap,volume_opex
JE-HAP-2026-03-1212,2026-03,2026-03-20,2026-03-20,6000-Operating,1000-Cash,3776,37.76,security monitoring hosts 2026-03,CrowdStrike,,HAP-2026-03-1212,HAP-2026-03-1212,historical_ap,volume_opex
JE-HAP-2026-03-1213,2026-03,2026-03-21,2026-03-21,6000-Operating,1000-Cash,15587,155.87,warehouse consumables 2026-03,Shadow Vendor LLC,,HAP-2026-03-1213,HAP-2026-03-1213,historical_ap,volume_opex
JE-HAP-2026-03-1214,2026-03,2026-03-21,2026-03-21,6000-Operating,1000-Cash,7398,73.98,security monitoring hosts 2026-03,Twilio,,HAP-2026-03-1214,HAP-2026-03-1214,historical_ap,volume_opex
JE-HAP-2026-03-1215,2026-03,2026-03-21,2026-03-21,6000-Operating,1000-Cash,12209,122.09,usage overage block 2026-03,CrowdStrike,,HAP-2026-03-1215,HAP-2026-03-1215,historical_ap,volume_opex
JE-HAP-2026-03-1216,2026-03,2026-03-21,2026-03-21,6000-Operating,1000-Cash,1800220,18002.2,premium support 2026-03,Northline Fab Group,,HAP-2026-03-1216,HAP-2026-03-1216,historical_ap,volume_opex
JE-HAP-2026-03-1217,2026-03,2026-03-21,2026-03-21,6000-Operating,1000-Cash,4081,40.81,warehouse consumables 2026-03,FedEx,,HAP-2026-03-1217,HAP-2026-03-1217,historical_ap,volume_opex
JE-HAP-2026-03-1218,2026-03,2026-03-21,2026-03-21,6000-Operating,1000-Cash,3842,38.42,security monitoring hosts 2026-03,Pagaya Coffee Service,,HAP-2026-03-1218,HAP-2026-03-1218,historical_ap,volume_opex
JE-HAP-2026-03-1219,2026-03,2026-03-21,2026-03-21,6000-Operating,1000-Cash,7500,75.0,usage overage block 2026-03,Stripe Processing,,HAP-2026-03-1219,HAP-2026-03-1219,historical_ap,volume_opex
JE-HAP-2026-03-1220,2026-03,2026-03-21,2026-03-21,6000-Operating,1000-Cash,1260011,12600.11,premium support 2026-03,Boston Edison Steam,,HAP-2026-03-1220,HAP-2026-03-1220,historical_ap,volume_opex
JE-HAP-2026-03-1221,2026-03,2026-03-21,2026-03-21,6000-Operating,1000-Cash,34672,346.72,warehouse consumables 2026-03,Linear App,,HAP-2026-03-1221,HAP-2026-03-1221,historical_ap,volume_opex
JE-HAP-2026-03-1222,2026-03,2026-03-21,2026-03-21,6000-Operating,1000-Cash,13233,132.33,security monitoring hosts 2026-03,Amazon Web Services,,HAP-2026-03-1222,HAP-2026-03-1222,historical_ap,volume_opex
JE-HAP-2026-03-1223,2026-03,2026-03-21,2026-03-21,6000-Operating,1000-Cash,3044,30.44,usage overage block 2026-03,Datadog,,HAP-2026-03-1223,HAP-2026-03-1223,historical_ap,volume_opex
JE-HAP-2026-03-1224,2026-03,2026-03-21,2026-03-21,6000-Operating,1000-Cash,720055,7200.55,premium support 2026-03,Hartford Insurance,,HAP-2026-03-1224,HAP-2026-03-1224,historical_ap,volume_opex
JE-HAP-2026-03-1225,2026-03,2026-03-22,2026-03-22,6000-Operating,1000-Cash,7566,75.66,usage overage block 2026-03,Amazon Web Services,,HAP-2026-03-1225,HAP-2026-03-1225,historical_ap,volume_opex
JE-HAP-2026-03-1226,2026-03,2026-03-22,2026-03-22,6000-Operating,1000-Cash,1260077,12600.77,premium support 2026-03,Datadog,,HAP-2026-03-1226,HAP-2026-03-1226,historical_ap,volume_opex
JE-HAP-2026-03-1227,2026-03,2026-03-22,2026-03-22,6000-Operating,1000-Cash,34738,347.38,warehouse consumables 2026-03,Hartford Insurance,,HAP-2026-03-1227,HAP-2026-03-1227,historical_ap,volume_opex
JE-HAP-2026-03-1228,2026-03,2026-03-22,2026-03-22,6000-Operating,1000-Cash,13299,132.99,security monitoring hosts 2026-03,Harbor Electric,,HAP-2026-03-1228,HAP-2026-03-1228,historical_ap,volume_opex
JE-HAP-2026-03-1229,2026-03,2026-03-22,2026-03-22,6000-Operating,1000-Cash,3110,31.1,usage overage block 2026-03,Freightline Logistics,,HAP-2026-03-1229,HAP-2026-03-1229,historical_ap,volume_opex
JE-HAP-2026-03-1230,2026-03,2026-03-22,2026-03-22,6000-Operating,1000-Cash,720121,7201.21,premium support 2026-03,Notion Labs,,HAP-2026-03-1230,HAP-2026-03-1230,historical_ap,volume_opex
JE-HAP-2026-03-1231,2026-03,2026-03-22,2026-03-22,6000-Operating,1000-Cash,23232,232.32,warehouse consumables 2026-03,Zoom Video,,HAP-2026-03-1231,HAP-2026-03-1231,historical_ap,volume_opex
JE-HAP-2026-03-1232,2026-03,2026-03-22,2026-03-22,6000-Operating,1000-Cash,9743,97.43,security monitoring hosts 2026-03,Helios Hardware Supply,,HAP-2026-03-1232,HAP-2026-03-1232,historical_ap,volume_opex
JE-HAP-2026-03-1233,2026-03,2026-03-22,2026-03-22,6000-Operating,1000-Cash,15154,151.54,usage overage block 2026-03,ADP,,HAP-2026-03-1233,HAP-2026-03-1233,historical_ap,volume_opex
JE-HAP-2026-03-1234,2026-03,2026-03-22,2026-03-22,6000-Operating,1000-Cash,180165,1801.65,premium support 2026-03,CleanRoom Janitorial,,HAP-2026-03-1234,HAP-2026-03-1234,historical_ap,volume_opex
JE-HAP-2026-03-1235,2026-03,2026-03-22,2026-03-22,6000-Operating,1000-Cash,11726,117.26,warehouse consumables 2026-03,Adyen NV,,HAP-2026-03-1235,HAP-2026-03-1235,historical_ap,volume_opex
JE-HAP-2026-03-1236,2026-03,2026-03-22,2026-03-22,6000-Operating,1000-Cash,6187,61.87,security monitoring hosts 2026-03,Carta,,HAP-2026-03-1236,HAP-2026-03-1236,historical_ap,volume_opex
JE-HAP-2026-03-1237,2026-03,2026-03-23,2026-03-23,6000-Operating,1000-Cash,23298,232.98,warehouse consumables 2026-03,CleanRoom Janitorial,,HAP-2026-03-1237,HAP-2026-03-1237,historical_ap,volume_opex
JE-HAP-2026-03-1238,2026-03,2026-03-23,2026-03-23,6000-Operating,1000-Cash,9809,98.09,security monitoring hosts 2026-03,Adyen NV,,HAP-2026-03-1238,HAP-2026-03-1238,historical_ap,volume_opex
JE-HAP-2026-03-1239,2026-03,2026-03-23,2026-03-23,6000-Operating,1000-Cash,15220,152.2,usage overage block 2026-03,Carta,,HAP-2026-03-1239,HAP-2026-03-1239,historical_ap,volume_opex
JE-HAP-2026-03-1240,2026-03,2026-03-23,2026-03-23,6000-Operating,1000-Cash,180231,1802.31,premium support 2026-03,Acme Supplies,,HAP-2026-03-1240,HAP-2026-03-1240,historical_ap,volume_opex
JE-HAP-2026-03-1241,2026-03,2026-03-23,2026-03-23,6000-Operating,1000-Cash,11792,117.92,warehouse consumables 2026-03,Northline Fabrication,,HAP-2026-03-1241,HAP-2026-03-1241,historical_ap,volume_opex
JE-HAP-2026-03-1242,2026-03,2026-03-23,2026-03-23,6000-Operating,1000-Cash,6000,60.0,security monitoring hosts 2026-03,Slack Technologies,,HAP-2026-03-1242,HAP-2026-03-1242,historical_ap,volume_opex
JE-HAP-2026-03-1243,2026-03,2026-03-23,2026-03-23,6000-Operating,1000-Cash,10511,105.11,usage overage block 2026-03,Orbit Analytics,,HAP-2026-03-1243,HAP-2026-03-1243,historical_ap,volume_opex
JE-HAP-2026-03-1244,2026-03,2026-03-23,2026-03-23,6000-Operating,1000-Cash,1620022,16200.22,premium support 2026-03,Lindholm & Ruiz LLP,,HAP-2026-03-1244,HAP-2026-03-1244,historical_ap,volume_opex
JE-HAP-2026-03-1245,2026-03,2026-03-23,2026-03-23,6000-Operating,1000-Cash,42383,423.83,warehouse consumables 2026-03,Lenovo,,HAP-2026-03-1245,HAP-2026-03-1245,historical_ap,volume_opex
JE-HAP-2026-03-1246,2026-03,2026-03-23,2026-03-23,6000-Operating,1000-Cash,2444,24.44,security monitoring hosts 2026-03,Snowflake,,HAP-2026-03-1246,HAP-2026-03-1246,historical_ap,volume_opex
JE-HAP-2026-03-1247,2026-03,2026-03-23,2026-03-23,6000-Operating,1000-Cash,6055,60.55,usage overage block 2026-03,Atlassian,,HAP-2026-03-1247,HAP-2026-03-1247,historical_ap,volume_opex
JE-HAP-2026-03-1248,2026-03,2026-03-23,2026-03-23,6000-Operating,1000-Cash,1080066,10800.66,premium support 2026-03,Harbor Power & Light,,HAP-2026-03-1248,HAP-2026-03-1248,historical_ap,volume_opex
JE-HAP-2026-03-1249,2026-03,2026-03-24,2026-03-24,6000-Operating,1000-Cash,10577,105.77,usage overage block 2026-03,Snowflake,,HAP-2026-03-1249,HAP-2026-03-1249,historical_ap,volume_opex
JE-HAP-2026-03-1250,2026-03,2026-03-24,2026-03-24,6000-Operating,1000-Cash,1620088,16200.88,premium support 2026-03,Atlassian,,HAP-2026-03-1250,HAP-2026-03-1250,historical_ap,volume_opex
JE-HAP-2026-03-1251,2026-03,2026-03-24,2026-03-24,6000-Operating,1000-Cash,42449,424.49,warehouse consumables 2026-03,Harbor Power & Light,,HAP-2026-03-1251,HAP-2026-03-1251,historical_ap,volume_opex
JE-HAP-2026-03-1252,2026-03,2026-03-24,2026-03-24,6000-Operating,1000-Cash,2510,25.1,security monitoring hosts 2026-03,WeWork Cambridge,,HAP-2026-03-1252,HAP-2026-03-1252,historical_ap,volume_opex
JE-HAP-2026-03-1253,2026-03,2026-03-24,2026-03-24,6000-Operating,1000-Cash,6121,61.21,usage overage block 2026-03,Kendall Square Parking,,HAP-2026-03-1253,HAP-2026-03-1253,historical_ap,volume_opex
JE-HAP-2026-03-1254,2026-03,2026-03-24,2026-03-24,6000-Operating,1000-Cash,1080132,10801.32,premium support 2026-03,DocuSign,,HAP-2026-03-1254,HAP-2026-03-1254,historical_ap,volume_opex
JE-HAP-2026-03-1255,2026-03,2026-03-24,2026-03-24,6000-Operating,1000-Cash,30943,309.43,warehouse consumables 2026-03,Gusto Payroll,,HAP-2026-03-1255,HAP-2026-03-1255,historical_ap,volume_opex
JE-HAP-2026-03-1256,2026-03,2026-03-24,2026-03-24,6000-Operating,1000-Cash,12154,121.54,security monitoring hosts 2026-03,Acme Supplies LLC,,HAP-2026-03-1256,HAP-2026-03-1256,historical_ap,volume_opex
JE-HAP-2026-03-1257,2026-03,2026-03-24,2026-03-24,6000-Operating,1000-Cash,1665,16.65,usage overage block 2026-03,Office Depot,,HAP-2026-03-1257,HAP-2026-03-1257,historical_ap,volume_opex
JE-HAP-2026-03-1258,2026-03,2026-03-24,2026-03-24,6000-Operating,1000-Cash,540176,5401.76,premium support 2026-03,Figma,,HAP-2026-03-1258,HAP-2026-03-1258,historical_ap,volume_opex
JE-HAP-2026-03-1259,2026-03,2026-03-24,2026-03-24,6000-Operating,1000-Cash,19437,194.37,warehouse consumables 2026-03,Cambridge Properties,,HAP-2026-03-1259,HAP-2026-03-1259,historical_ap,volume_opex
JE-HAP-2026-03-1260,2026-03,2026-03-24,2026-03-24,6000-Operating,1000-Cash,8598,85.98,security monitoring hosts 2026-03,GitHub,,HAP-2026-03-1260,HAP-2026-03-1260,historical_ap,volume_opex
JE-HAP-2026-03-1261,2026-03,2026-03-25,2026-03-25,6000-Operating,1000-Cash,31009,310.09,warehouse consumables 2026-03,Figma,,HAP-2026-03-1261,HAP-2026-03-1261,historical_ap,volume_opex
JE-HAP-2026-03-1262,2026-03,2026-03-25,2026-03-25,6000-Operating,1000-Cash,12220,122.2,security monitoring hosts 2026-03,Cambridge Properties,,HAP-2026-03-1262,HAP-2026-03-1262,historical_ap,volume_opex
JE-HAP-2026-03-1263,2026-03,2026-03-25,2026-03-25,6000-Operating,1000-Cash,1731,17.31,usage overage block 2026-03,GitHub,,HAP-2026-03-1263,HAP-2026-03-1263,historical_ap,volume_opex
JE-HAP-2026-03-1264,2026-03,2026-03-25,2026-03-25,6000-Operating,1000-Cash,540242,5402.42,premium support 2026-03,Misc Supplies,,HAP-2026-03-1264,HAP-2026-03-1264,historical_ap,volume_opex
JE-HAP-2026-03-1265,2026-03,2026-03-25,2026-03-25,6000-Operating,1000-Cash,19250,192.5,warehouse consumables 2026-03,Okta,,HAP-2026-03-1265,HAP-2026-03-1265,historical_ap,volume_opex
JE-HAP-2026-03-1266,2026-03,2026-03-25,2026-03-25,6000-Operating,1000-Cash,8411,84.11,security monitoring hosts 2026-03,Cloudflare,,HAP-2026-03-1266,HAP-2026-03-1266,historical_ap,volume_opex
JE-HAP-2026-03-1267,2026-03,2026-03-25,2026-03-25,6000-Operating,1000-Cash,13522,135.22,usage overage block 2026-03,Staples Business Advantage,,HAP-2026-03-1267,HAP-2026-03-1267,historical_ap,volume_opex
JE-HAP-2026-03-1268,2026-03,2026-03-25,2026-03-25,6000-Operating,1000-Cash,1980033,19800.33,premium support 2026-03,Comcast Business,,HAP-2026-03-1268,HAP-2026-03-1268,historical_ap,volume_opex
JE-HAP-2026-03-1269,2026-03,2026-03-25,2026-03-25,6000-Operating,1000-Cash,7744,77.44,warehouse consumables 2026-03,HubSpot,,HAP-2026-03-1269,HAP-2026-03-1269,historical_ap,volume_opex
JE-HAP-2026-03-1270,2026-03,2026-03-25,2026-03-25,6000-Operating,1000-Cash,4855,48.55,security monitoring hosts 2026-03,Palo Alto Networks,,HAP-2026-03-1270,HAP-2026-03-1270,historical_ap,volume_opex
JE-HAP-2026-03-1271,2026-03,2026-03-25,2026-03-25,6000-Operating,1000-Cash,9066,90.66,usage overage block 2026-03,Vanta,,HAP-2026-03-1271,HAP-2026-03-1271,historical_ap,volume_opex
JE-HAP-2026-03-1272,2026-03,2026-03-25,2026-03-25,6000-Operating,1000-Cash,1440077,14400.77,premium support 2026-03,Acme Supply Co.,,HAP-2026-03-1272,HAP-2026-03-1272,historical_ap,volume_opex
JE-HAP-2026-03-1273,2026-03,2026-03-26,2026-03-26,6000-Operating,1000-Cash,13588,135.88,usage overage block 2026-03,Palo Alto Networks,,HAP-2026-03-1273,HAP-2026-03-1273,historical_ap,volume_opex
JE-HAP-2026-03-1274,2026-03,2026-03-26,2026-03-26,6000-Operating,1000-Cash,1980099,19800.99,premium support 2026-03,Vanta,,HAP-2026-03-1274,HAP-2026-03-1274,historical_ap,volume_opex
JE-HAP-2026-03-1275,2026-03,2026-03-26,2026-03-26,6000-Operating,1000-Cash,7810,78.1,warehouse consumables 2026-03,Acme Supply Co.,,HAP-2026-03-1275,HAP-2026-03-1275,historical_ap,volume_opex
JE-HAP-2026-03-1276,2026-03,2026-03-26,2026-03-26,6000-Operating,1000-Cash,4921,49.21,security monitoring hosts 2026-03,Helios Hardware,,HAP-2026-03-1276,HAP-2026-03-1276,historical_ap,volume_opex
JE-HAP-2026-03-1277,2026-03,2026-03-26,2026-03-26,6000-Operating,1000-Cash,9132,91.32,usage overage block 2026-03,Google Cloud,,HAP-2026-03-1277,HAP-2026-03-1277,historical_ap,volume_opex
JE-HAP-2026-03-1278,2026-03,2026-03-26,2026-03-26,6000-Operating,1000-Cash,1440143,14401.43,premium support 2026-03,Dell Technologies,,HAP-2026-03-1278,HAP-2026-03-1278,historical_ap,volume_opex
JE-HAP-2026-03-1279,2026-03,2026-03-26,2026-03-26,6000-Operating,1000-Cash,38654,386.54,warehouse consumables 2026-03,Shadow Vendor LLC,,HAP-2026-03-1279,HAP-2026-03-1279,historical_ap,volume_opex
JE-HAP-2026-03-1280,2026-03,2026-03-26,2026-03-26,6000-Operating,1000-Cash,1365,13.65,security monitoring hosts 2026-03,Twilio,,HAP-2026-03-1280,HAP-2026-03-1280,historical_ap,volume_opex
JE-HAP-2026-03-1281,2026-03,2026-03-26,2026-03-26,6000-Operating,1000-Cash,4676,46.76,usage overage block 2026-03,CrowdStrike,,HAP-2026-03-1281,HAP-2026-03-1281,historical_ap,volume_opex
JE-HAP-2026-03-1282,2026-03,2026-03-26,2026-03-26,6000-Operating,1000-Cash,900187,9001.87,premium support 2026-03,Northline Fab Group,,HAP-2026-03-1282,HAP-2026-03-1282,historical_ap,volume_opex
JE-HAP-2026-03-1283,2026-03,2026-03-26,2026-03-26,6000-Operating,1000-Cash,27148,271.48,warehouse consumables 2026-03,FedEx,,HAP-2026-03-1283,HAP-2026-03-1283,historical_ap,volume_opex
JE-HAP-2026-03-1284,2026-03,2026-03-26,2026-03-26,6000-Operating,1000-Cash,11009,110.09,security monitoring hosts 2026-03,Pagaya Coffee Service,,HAP-2026-03-1284,HAP-2026-03-1284,historical_ap,volume_opex
JE-HAP-2026-03-1285,2026-03,2026-03-27,2026-03-27,6000-Operating,1000-Cash,38720,387.2,warehouse consumables 2026-03,Northline Fab Group,,HAP-2026-03-1285,HAP-2026-03-1285,historical_ap,volume_opex
JE-HAP-2026-03-1286,2026-03,2026-03-27,2026-03-27,6000-Operating,1000-Cash,1431,14.31,security monitoring hosts 2026-03,FedEx,,HAP-2026-03-1286,HAP-2026-03-1286,historical_ap,volume_opex
JE-HAP-2026-03-1287,2026-03,2026-03-27,2026-03-27,6000-Operating,1000-Cash,4742,47.42,usage overage block 2026-03,Pagaya Coffee Service,,HAP-2026-03-1287,HAP-2026-03-1287,historical_ap,volume_opex
JE-HAP-2026-03-1288,2026-03,2026-03-27,2026-03-27,6000-Operating,1000-Cash,900000,9000.0,premium support 2026-03,Stripe Processing,,HAP-2026-03-1288,HAP-2026-03-1288,historical_ap,volume_opex
JE-HAP-2026-03-1289,2026-03,2026-03-27,2026-03-27,6000-Operating,1000-Cash,26961,269.61,warehouse consumables 2026-03,Boston Edison Steam,,HAP-2026-03-1289,HAP-2026-03-1289,historical_ap,volume_opex
JE-HAP-2026-03-1290,2026-03,2026-03-27,2026-03-27,6000-Operating,1000-Cash,10822,108.22,security monitoring hosts 2026-03,Linear App,,HAP-2026-03-1290,HAP-2026-03-1290,historical_ap,volume_opex
JE-HAP-2026-03-1291,2026-03,2026-03-27,2026-03-27,6000-Operating,1000-Cash,16533,165.33,usage overage block 2026-03,Amazon Web Services,,HAP-2026-03-1291,HAP-2026-03-1291,historical_ap,volume_opex
JE-HAP-2026-03-1292,2026-03,2026-03-27,2026-03-27,6000-Operating,1000-Cash,360044,3600.44,premium support 2026-03,Datadog,,HAP-2026-03-1292,HAP-2026-03-1292,historical_ap,volume_opex
JE-HAP-2026-03-1293,2026-03,2026-03-27,2026-03-27,6000-Operating,1000-Cash,15455,154.55,warehouse consumables 2026-03,Hartford Insurance,,HAP-2026-03-1293,HAP-2026-03-1293,historical_ap,volume_opex
JE-HAP-2026-03-1294,2026-03,2026-03-27,2026-03-27,6000-Operating,1000-Cash,7266,72.66,security monitoring hosts 2026-03,Harbor Electric,,HAP-2026-03-1294,HAP-2026-03-1294,historical_ap,volume_opex
JE-HAP-2026-03-1295,2026-03,2026-03-27,2026-03-27,6000-Operating,1000-Cash,12077,120.77,usage overage block 2026-03,Freightline Logistics,,HAP-2026-03-1295,HAP-2026-03-1295,historical_ap,volume_opex
JE-HAP-2026-03-1296,2026-03,2026-03-27,2026-03-27,6000-Operating,1000-Cash,1800088,18000.88,premium support 2026-03,Notion Labs,,HAP-2026-03-1296,HAP-2026-03-1296,historical_ap,volume_opex
JE-HAP-2026-03-1297,2026-03,2026-03-28,2026-03-28,6000-Operating,1000-Cash,16599,165.99,usage overage block 2026-03,Harbor Electric,,HAP-2026-03-1297,HAP-2026-03-1297,historical_ap,volume_opex
JE-HAP-2026-03-1298,2026-03,2026-03-28,2026-03-28,6000-Operating,1000-Cash,360110,3601.1,premium support 2026-03,Freightline Logistics,,HAP-2026-03-1298,HAP-2026-03-1298,historical_ap,volume_opex
JE-HAP-2026-03-1299,2026-03,2026-03-28,2026-03-28,6000-Operating,1000-Cash,15521,155.21,warehouse consumables 2026-03,Notion Labs,,HAP-2026-03-1299,HAP-2026-03-1299,historical_ap,volume_opex
JE-HAP-2026-03-1300,2026-03,2026-03-28,2026-03-28,6000-Operating,1000-Cash,7332,73.32,security monitoring hosts 2026-03,Zoom Video,,HAP-2026-03-1300,HAP-2026-03-1300,historical_ap,volume_opex
JE-HAP-2026-03-1301,2026-03,2026-03-28,2026-03-28,6000-Operating,1000-Cash,12143,121.43,usage overage block 2026-03,Helios Hardware Supply,,HAP-2026-03-1301,HAP-2026-03-1301,historical_ap,volume_opex
JE-HAP-2026-03-1302,2026-03,2026-03-28,2026-03-28,6000-Operating,1000-Cash,1800154,18001.54,premium support 2026-03,ADP,,HAP-2026-03-1302,HAP-2026-03-1302,historical_ap,volume_opex
JE-HAP-2026-03-1303,2026-03,2026-03-28,2026-03-28,6000-Operating,1000-Cash,4015,40.15,warehouse consumables 2026-03,CleanRoom Janitorial,,HAP-2026-03-1303,HAP-2026-03-1303,historical_ap,volume_opex
JE-HAP-2026-03-1304,2026-03,2026-03-28,2026-03-28,6000-Operating,1000-Cash,3776,37.76,security monitoring hosts 2026-03,Adyen NV,,HAP-2026-03-1304,HAP-2026-03-1304,historical_ap,volume_opex
JE-HAP-2026-03-1305,2026-03,2026-03-28,2026-03-28,6000-Operating,1000-Cash,7687,76.87,usage overage block 2026-03,Carta,,HAP-2026-03-1305,HAP-2026-03-1305,historical_ap,volume_opex
JE-HAP-2026-03-1306,2026-03,2026-03-28,2026-03-28,6000-Operating,1000-Cash,1260198,12601.98,premium support 2026-03,Acme Supplies,,HAP-2026-03-1306,HAP-2026-03-1306,historical_ap,volume_opex
JE-HAP-2026-03-1307,2026-03,2026-03-28,2026-03-28,6000-Operating,1000-Cash,34859,348.59,warehouse consumables 2026-03,Northline Fabrication,,HAP-2026-03-1307,HAP-2026-03-1307,historical_ap,volume_opex
JE-HAP-2026-03-1308,2026-03,2026-03-28,2026-03-28,6000-Operating,1000-Cash,13420,134.2,security monitoring hosts 2026-03,Slack Technologies,,HAP-2026-03-1308,HAP-2026-03-1308,historical_ap,volume_opex
JE-HAP-2026-03-1309,2026-03,2026-03-29,2026-03-29,6000-Operating,1000-Cash,4081,40.81,warehouse consumables 2026-03,Acme Supplies,,HAP-2026-03-1309,HAP-2026-03-1309,historical_ap,volume_opex
JE-HAP-2026-03-1310,2026-03,2026-03-29,2026-03-29,6000-Operating,1000-Cash,3842,38.42,security monitoring hosts 2026-03,Northline Fabrication,,HAP-2026-03-1310,HAP-2026-03-1310,historical_ap,volume_opex
JE-HAP-2026-03-1311,2026-03,2026-03-29,2026-03-29,6000-Operating,1000-Cash,7500,75.0,usage overage block 2026-03,Slack Technologies,,HAP-2026-03-1311,HAP-2026-03-1311,historical_ap,volume_opex
JE-HAP-2026-03-1312,2026-03,2026-03-29,2026-03-29,6000-Operating,1000-Cash,1260011,12600.11,premium support 2026-03,Orbit Analytics,,HAP-2026-03-1312,HAP-2026-03-1312,historical_ap,volume_opex
JE-HAP-2026-03-1313,2026-03,2026-03-29,2026-03-29,6000-Operating,1000-Cash,34672,346.72,warehouse consumables 2026-03,Lindholm & Ruiz LLP,,HAP-2026-03-1313,HAP-2026-03-1313,historical_ap,volume_opex
JE-HAP-2026-03-1314,2026-03,2026-03-29,2026-03-29,6000-Operating,1000-Cash,13233,132.33,security monitoring hosts 2026-03,Lenovo,,HAP-2026-03-1314,HAP-2026-03-1314,historical_ap,volume_opex
JE-HAP-2026-03-1315,2026-03,2026-03-29,2026-03-29,6000-Operating,1000-Cash,3044,30.44,usage overage block 2026-03,Snowflake,,HAP-2026-03-1315,HAP-2026-03-1315,historical_ap,volume_opex
JE-HAP-2026-03-1316,2026-03,2026-03-29,2026-03-29,6000-Operating,1000-Cash,720055,7200.55,premium support 2026-03,Atlassian,,HAP-2026-03-1316,HAP-2026-03-1316,historical_ap,volume_opex
JE-HAP-2026-03-1317,2026-03,2026-03-29,2026-03-29,6000-Operating,1000-Cash,23166,231.66,warehouse consumables 2026-03,Harbor Power & Light,,HAP-2026-03-1317,HAP-2026-03-1317,historical_ap,volume_opex
JE-HAP-2026-03-1318,2026-03,2026-03-29,2026-03-29,6000-Operating,1000-Cash,9677,96.77,security monitoring hosts 2026-03,WeWork Cambridge,,HAP-2026-03-1318,HAP-2026-03-1318,historical_ap,volume_opex
JE-HAP-2026-03-1319,2026-03,2026-03-29,2026-03-29,6000-Operating,1000-Cash,15088,150.88,usage overage block 2026-03,Kendall Square Parking,,HAP-2026-03-1319,HAP-2026-03-1319,historical_ap,volume_opex
JE-HAP-2026-03-1320,2026-03,2026-03-29,2026-03-29,6000-Operating,1000-Cash,180099,1800.99,premium support 2026-03,DocuSign,,HAP-2026-03-1320,HAP-2026-03-1320,historical_ap,volume_opex
JE-HAP-2026-03-1321,2026-03,2026-03-30,2026-03-30,6000-Operating,1000-Cash,3110,31.1,usage overage block 2026-03,WeWork Cambridge,,HAP-2026-03-1321,HAP-2026-03-1321,historical_ap,volume_opex
JE-HAP-2026-03-1322,2026-03,2026-03-30,2026-03-30,6000-Operating,1000-Cash,720121,7201.21,premium support 2026-03,Kendall Square Parking,,HAP-2026-03-1322,HAP-2026-03-1322,historical_ap,volume_opex
JE-HAP-2026-03-1323,2026-03,2026-03-30,2026-03-30,6000-Operating,1000-Cash,23232,232.32,warehouse consumables 2026-03,DocuSign,,HAP-2026-03-1323,HAP-2026-03-1323,historical_ap,volume_opex
JE-HAP-2026-03-1324,2026-03,2026-03-30,2026-03-30,6000-Operating,1000-Cash,9743,97.43,security monitoring hosts 2026-03,Gusto Payroll,,HAP-2026-03-1324,HAP-2026-03-1324,historical_ap,volume_opex
JE-HAP-2026-03-1325,2026-03,2026-03-30,2026-03-30,6000-Operating,1000-Cash,15154,151.54,usage overage block 2026-03,Acme Supplies LLC,,HAP-2026-03-1325,HAP-2026-03-1325,historical_ap,volume_opex
JE-HAP-2026-03-1326,2026-03,2026-03-30,2026-03-30,6000-Operating,1000-Cash,180165,1801.65,premium support 2026-03,Office Depot,,HAP-2026-03-1326,HAP-2026-03-1326,historical_ap,volume_opex
JE-HAP-2026-03-1327,2026-03,2026-03-30,2026-03-30,6000-Operating,1000-Cash,11726,117.26,warehouse consumables 2026-03,Figma,,HAP-2026-03-1327,HAP-2026-03-1327,historical_ap,volume_opex
JE-HAP-2026-03-1328,2026-03,2026-03-30,2026-03-30,6000-Operating,1000-Cash,6187,61.87,security monitoring hosts 2026-03,Cambridge Properties,,HAP-2026-03-1328,HAP-2026-03-1328,historical_ap,volume_opex
JE-HAP-2026-03-1329,2026-03,2026-03-30,2026-03-30,6000-Operating,1000-Cash,10698,106.98,usage overage block 2026-03,GitHub,,HAP-2026-03-1329,HAP-2026-03-1329,historical_ap,volume_opex
JE-HAP-2026-03-1330,2026-03,2026-03-30,2026-03-30,6000-Operating,1000-Cash,1620209,16202.09,premium support 2026-03,Misc Supplies,,HAP-2026-03-1330,HAP-2026-03-1330,historical_ap,volume_opex
JE-HAP-2026-03-1331,2026-03,2026-03-30,2026-03-30,6000-Operating,1000-Cash,42570,425.7,warehouse consumables 2026-03,Okta,,HAP-2026-03-1331,HAP-2026-03-1331,historical_ap,volume_opex
JE-HAP-2026-03-1332,2026-03,2026-03-30,2026-03-30,6000-Operating,1000-Cash,2631,26.31,security monitoring hosts 2026-03,Cloudflare,,HAP-2026-03-1332,HAP-2026-03-1332,historical_ap,volume_opex
JE-HAP-2026-03-1333,2026-03,2026-03-31,2026-03-31,6000-Operating,1000-Cash,11792,117.92,warehouse consumables 2026-03,Misc Supplies,,HAP-2026-03-1333,HAP-2026-03-1333,historical_ap,volume_opex
JE-HAP-2026-03-1334,2026-03,2026-03-31,2026-03-31,6000-Operating,1000-Cash,6000,60.0,security monitoring hosts 2026-03,Okta,,HAP-2026-03-1334,HAP-2026-03-1334,historical_ap,volume_opex
JE-HAP-2026-03-1335,2026-03,2026-03-31,2026-03-31,6000-Operating,1000-Cash,10511,105.11,usage overage block 2026-03,Cloudflare,,HAP-2026-03-1335,HAP-2026-03-1335,historical_ap,volume_opex
JE-HAP-2026-03-1336,2026-03,2026-03-31,2026-03-31,6000-Operating,1000-Cash,1620022,16200.22,premium support 2026-03,Staples Business Advantage,,HAP-2026-03-1336,HAP-2026-03-1336,historical_ap,volume_opex
JE-HAP-2026-03-1337,2026-03,2026-03-31,2026-03-31,6000-Operating,1000-Cash,42383,423.83,warehouse consumables 2026-03,Comcast Business,,HAP-2026-03-1337,HAP-2026-03-1337,historical_ap,volume_opex
JE-HAP-2026-03-1338,2026-03,2026-03-31,2026-03-31,6000-Operating,1000-Cash,2444,24.44,security monitoring hosts 2026-03,HubSpot,,HAP-2026-03-1338,HAP-2026-03-1338,historical_ap,volume_opex
JE-HAP-2026-03-1339,2026-03,2026-03-31,2026-03-31,6000-Operating,1000-Cash,6055,60.55,usage overage block 2026-03,Palo Alto Networks,,HAP-2026-03-1339,HAP-2026-03-1339,historical_ap,volume_opex
JE-HAP-2026-03-1340,2026-03,2026-03-31,2026-03-31,6000-Operating,1000-Cash,1080066,10800.66,premium support 2026-03,Vanta,,HAP-2026-03-1340,HAP-2026-03-1340,historical_ap,volume_opex
JE-HAP-2026-03-1341,2026-03,2026-03-31,2026-03-31,6000-Operating,1000-Cash,30877,308.77,warehouse consumables 2026-03,Acme Supply Co.,,HAP-2026-03-1341,HAP-2026-03-1341,historical_ap,volume_opex
JE-HAP-2026-03-1342,2026-03,2026-03-31,2026-03-31,6000-Operating,1000-Cash,12088,120.88,security monitoring hosts 2026-03,Helios Hardware,,HAP-2026-03-1342,HAP-2026-03-1342,historical_ap,volume_opex
JE-HAP-2026-03-1343,2026-03,2026-03-31,2026-03-31,6000-Operating,1000-Cash,1599,15.99,usage overage block 2026-03,Google Cloud,,HAP-2026-03-1343,HAP-2026-03-1343,historical_ap,volume_opex
JE-HAP-2026-03-1344,2026-03,2026-03-31,2026-03-31,6000-Operating,1000-Cash,540110,5401.1,premium support 2026-03,Dell Technologies,,HAP-2026-03-1344,HAP-2026-03-1344,historical_ap,volume_opex
JE-HAP-2026-03-1345,2026-03,2026-03-31,2026-03-31,6000-Operating,1000-Cash,6121,61.21,usage overage block 2026-03,Helios Hardware,,HAP-2026-03-1345,HAP-2026-03-1345,historical_ap,volume_opex
JE-HAP-2026-03-1346,2026-03,2026-03-31,2026-03-31,6000-Operating,1000-Cash,1080132,10801.32,premium support 2026-03,Google Cloud,,HAP-2026-03-1346,HAP-2026-03-1346,historical_ap,volume_opex
JE-HAP-2026-03-1347,2026-03,2026-03-31,2026-03-31,6000-Operating,1000-Cash,30943,309.43,warehouse consumables 2026-03,Dell Technologies,,HAP-2026-03-1347,HAP-2026-03-1347,historical_ap,volume_opex
JE-HAP-2026-03-1348,2026-03,2026-03-31,2026-03-31,6000-Operating,1000-Cash,12154,121.54,security monitoring hosts 2026-03,Shadow Vendor LLC,,HAP-2026-03-1348,HAP-2026-03-1348,historical_ap,volume_opex
JE-HAP-2026-03-1349,2026-03,2026-03-31,2026-03-31,6000-Operating,1000-Cash,1665,16.65,usage overage block 2026-03,Twilio,,HAP-2026-03-1349,HAP-2026-03-1349,historical_ap,volume_opex
JE-HAP-2026-03-1350,2026-03,2026-03-31,2026-03-31,6000-Operating,1000-Cash,540176,5401.76,premium support 2026-03,CrowdStrike,,HAP-2026-03-1350,HAP-2026-03-1350,historical_ap,volume_opex
JE-HAP-2026-03-1351,2026-03,2026-03-31,2026-03-31,6000-Operating,1000-Cash,19437,194.37,warehouse consumables 2026-03,Northline Fab Group,,HAP-2026-03-1351,HAP-2026-03-1351,historical_ap,volume_opex
JE-HAP-2026-03-1352,2026-03,2026-03-31,2026-03-31,6000-Operating,1000-Cash,8598,85.98,security monitoring hosts 2026-03,FedEx,,HAP-2026-03-1352,HAP-2026-03-1352,historical_ap,volume_opex
JE-HAP-2026-03-1353,2026-03,2026-03-31,2026-03-31,6000-Operating,1000-Cash,13709,137.09,usage overage block 2026-03,Pagaya Coffee Service,,HAP-2026-03-1353,HAP-2026-03-1353,historical_ap,volume_opex
JE-HAP-2026-03-1354,2026-03,2026-03-31,2026-03-31,6000-Operating,1000-Cash,1980220,19802.2,premium support 2026-03,Stripe Processing,,HAP-2026-03-1354,HAP-2026-03-1354,historical_ap,volume_opex
JE-HAP-2026-03-1355,2026-03,2026-03-31,2026-03-31,6000-Operating,1000-Cash,7931,79.31,warehouse consumables 2026-03,Boston Edison Steam,,HAP-2026-03-1355,HAP-2026-03-1355,historical_ap,volume_opex
JE-HAP-2026-03-1356,2026-03,2026-03-31,2026-03-31,6000-Operating,1000-Cash,5042,50.42,security monitoring hosts 2026-03,Linear App,,HAP-2026-03-1356,HAP-2026-03-1356,historical_ap,volume_opex
JE-HAP-2026-03-1357,2026-03,2026-03-31,2026-03-31,6000-Operating,1000-Cash,19250,192.5,warehouse consumables 2026-03,Stripe Processing,,HAP-2026-03-1357,HAP-2026-03-1357,historical_ap,volume_opex
JE-HAP-2026-03-1358,2026-03,2026-03-31,2026-03-31,6000-Operating,1000-Cash,8411,84.11,security monitoring hosts 2026-03,Boston Edison Steam,,HAP-2026-03-1358,HAP-2026-03-1358,historical_ap,volume_opex
JE-HAP-2026-03-1359,2026-03,2026-03-31,2026-03-31,6000-Operating,1000-Cash,13522,135.22,usage overage block 2026-03,Linear App,,HAP-2026-03-1359,HAP-2026-03-1359,historical_ap,volume_opex
JE-HAP-2026-03-1360,2026-03,2026-03-31,2026-03-31,6000-Operating,1000-Cash,1980033,19800.33,premium support 2026-03,Amazon Web Services,,HAP-2026-03-1360,HAP-2026-03-1360,historical_ap,volume_opex
JE-HAP-2026-03-1361,2026-03,2026-03-31,2026-03-31,6000-Operating,1000-Cash,7744,77.44,warehouse consumables 2026-03,Datadog,,HAP-2026-03-1361,HAP-2026-03-1361,historical_ap,volume_opex
JE-HAP-2026-03-1362,2026-03,2026-03-31,2026-03-31,6000-Operating,1000-Cash,4855,48.55,security monitoring hosts 2026-03,Hartford Insurance,,HAP-2026-03-1362,HAP-2026-03-1362,historical_ap,volume_opex
JE-HAP-2026-03-1363,2026-03,2026-03-31,2026-03-31,6000-Operating,1000-Cash,9066,90.66,usage overage block 2026-03,Harbor Electric,,HAP-2026-03-1363,HAP-2026-03-1363,historical_ap,volume_opex
JE-HAP-2026-03-1364,2026-03,2026-03-31,2026-03-31,6000-Operating,1000-Cash,1440077,14400.77,premium support 2026-03,Freightline Logistics,,HAP-2026-03-1364,HAP-2026-03-1364,historical_ap,volume_opex
JE-HAP-2026-03-1365,2026-03,2026-03-31,2026-03-31,6000-Operating,1000-Cash,38588,385.88,warehouse consumables 2026-03,Notion Labs,,HAP-2026-03-1365,HAP-2026-03-1365,historical_ap,volume_opex
JE-HAP-2026-03-1366,2026-03,2026-03-31,2026-03-31,6000-Operating,1000-Cash,1299,12.99,security monitoring hosts 2026-03,Zoom Video,,HAP-2026-03-1366,HAP-2026-03-1366,historical_ap,volume_opex
JE-HAP-2026-03-1367,2026-03,2026-03-31,2026-03-31,6000-Operating,1000-Cash,4610,46.1,usage overage block 2026-03,Helios Hardware Supply,,HAP-2026-03-1367,HAP-2026-03-1367,historical_ap,volume_opex
JE-HAP-2026-03-1368,2026-03,2026-03-31,2026-03-31,6000-Operating,1000-Cash,900121,9001.21,premium support 2026-03,ADP,,HAP-2026-03-1368,HAP-2026-03-1368,historical_ap,volume_opex
JE-HAP-2026-03-1369,2026-03,2026-03-31,2026-03-31,6000-Operating,1000-Cash,9132,91.32,usage overage block 2026-03,Zoom Video,,HAP-2026-03-1369,HAP-2026-03-1369,historical_ap,volume_opex
JE-HAP-2026-03-1370,2026-03,2026-03-31,2026-03-31,6000-Operating,1000-Cash,1440143,14401.43,premium support 2026-03,Helios Hardware Supply,,HAP-2026-03-1370,HAP-2026-03-1370,historical_ap,volume_opex
JE-HAP-2026-03-1371,2026-03,2026-03-31,2026-03-31,6000-Operating,1000-Cash,38654,386.54,warehouse consumables 2026-03,ADP,,HAP-2026-03-1371,HAP-2026-03-1371,historical_ap,volume_opex
JE-HAP-2026-03-1372,2026-03,2026-03-31,2026-03-31,6000-Operating,1000-Cash,1365,13.65,security monitoring hosts 2026-03,CleanRoom Janitorial,,HAP-2026-03-1372,HAP-2026-03-1372,historical_ap,volume_opex
JE-HAP-2026-03-1373,2026-03,2026-03-31,2026-03-31,6000-Operating,1000-Cash,4676,46.76,usage overage block 2026-03,Adyen NV,,HAP-2026-03-1373,HAP-2026-03-1373,historical_ap,volume_opex
JE-HAP-2026-03-1374,2026-03,2026-03-31,2026-03-31,6000-Operating,1000-Cash,900187,9001.87,premium support 2026-03,Carta,,HAP-2026-03-1374,HAP-2026-03-1374,historical_ap,volume_opex
JE-HAP-2026-03-1375,2026-03,2026-03-31,2026-03-31,6000-Operating,1000-Cash,27148,271.48,warehouse consumables 2026-03,Acme Supplies,,HAP-2026-03-1375,HAP-2026-03-1375,historical_ap,volume_opex
JE-HAP-2026-03-1376,2026-03,2026-03-31,2026-03-31,6000-Operating,1000-Cash,11009,110.09,security monitoring hosts 2026-03,Northline Fabrication,,HAP-2026-03-1376,HAP-2026-03-1376,historical_ap,volume_opex
JE-HAP-2026-03-1377,2026-03,2026-03-31,2026-03-31,6000-Operating,1000-Cash,16720,167.2,usage overage block 2026-03,Slack Technologies,,HAP-2026-03-1377,HAP-2026-03-1377,historical_ap,volume_opex
JE-HAP-2026-03-1378,2026-03,2026-03-31,2026-03-31,6000-Operating,1000-Cash,360231,3602.31,premium support 2026-03,Orbit Analytics,,HAP-2026-03-1378,HAP-2026-03-1378,historical_ap,volume_opex
JE-HAP-2026-03-1379,2026-03,2026-03-31,2026-03-31,6000-Operating,1000-Cash,15642,156.42,warehouse consumables 2026-03,Lindholm & Ruiz LLP,,HAP-2026-03-1379,HAP-2026-03-1379,historical_ap,volume_opex
JE-HAP-2026-03-1380,2026-03,2026-03-31,2026-03-31,6000-Operating,1000-Cash,7200,72.0,security monitoring hosts 2026-03,Lenovo,,HAP-2026-03-1380,HAP-2026-03-1380,historical_ap,volume_opex
JE-HAP-2026-03-1381,2026-03,2026-03-31,2026-03-31,6000-Operating,1000-Cash,26961,269.61,warehouse consumables 2026-03,Orbit Analytics,,HAP-2026-03-1381,HAP-2026-03-1381,historical_ap,volume_opex
JE-HAP-2026-03-1382,2026-03,2026-03-31,2026-03-31,6000-Operating,1000-Cash,10822,108.22,security monitoring hosts 2026-03,Lindholm & Ruiz LLP,,HAP-2026-03-1382,HAP-2026-03-1382,historical_ap,volume_opex
JE-HAP-2026-03-1383,2026-03,2026-03-31,2026-03-31,6000-Operating,1000-Cash,16533,165.33,usage overage block 2026-03,Lenovo,,HAP-2026-03-1383,HAP-2026-03-1383,historical_ap,volume_opex
JE-HAP-2026-03-1384,2026-03,2026-03-31,2026-03-31,6000-Operating,1000-Cash,360044,3600.44,premium support 2026-03,Snowflake,,HAP-2026-03-1384,HAP-2026-03-1384,historical_ap,volume_opex
JE-HAP-2026-03-1385,2026-03,2026-03-31,2026-03-31,6000-Operating,1000-Cash,15455,154.55,warehouse consumables 2026-03,Atlassian,,HAP-2026-03-1385,HAP-2026-03-1385,historical_ap,volume_opex
JE-HAP-2026-03-1386,2026-03,2026-03-31,2026-03-31,6000-Operating,1000-Cash,7266,72.66,security monitoring hosts 2026-03,Harbor Power & Light,,HAP-2026-03-1386,HAP-2026-03-1386,historical_ap,volume_opex
JE-HAP-2026-03-1387,2026-03,2026-03-31,2026-03-31,6000-Operating,1000-Cash,12077,120.77,usage overage block 2026-03,WeWork Cambridge,,HAP-2026-03-1387,HAP-2026-03-1387,historical_ap,volume_opex
JE-HAP-2026-03-1388,2026-03,2026-03-31,2026-03-31,6000-Operating,1000-Cash,1800088,18000.88,premium support 2026-03,Kendall Square Parking,,HAP-2026-03-1388,HAP-2026-03-1388,historical_ap,volume_opex
JE-HAP-2026-03-1389,2026-03,2026-03-31,2026-03-31,6000-Operating,1000-Cash,3949,39.49,warehouse consumables 2026-03,DocuSign,,HAP-2026-03-1389,HAP-2026-03-1389,historical_ap,volume_opex
JE-HAP-2026-03-1390,2026-03,2026-03-31,2026-03-31,6000-Operating,1000-Cash,3710,37.1,security monitoring hosts 2026-03,Gusto Payroll,,HAP-2026-03-1390,HAP-2026-03-1390,historical_ap,volume_opex
JE-HAP-2026-03-1391,2026-03,2026-03-31,2026-03-31,6000-Operating,1000-Cash,7621,76.21,usage overage block 2026-03,Acme Supplies LLC,,HAP-2026-03-1391,HAP-2026-03-1391,historical_ap,volume_opex
JE-HAP-2026-03-1392,2026-03,2026-03-31,2026-03-31,6000-Operating,1000-Cash,1260132,12601.32,premium support 2026-03,Office Depot,,HAP-2026-03-1392,HAP-2026-03-1392,historical_ap,volume_opex
JE-HAP-2026-03-1393,2026-03,2026-03-31,2026-03-31,6000-Operating,1000-Cash,12143,121.43,usage overage block 2026-03,Gusto Payroll,,HAP-2026-03-1393,HAP-2026-03-1393,historical_ap,volume_opex
JE-HAP-2026-03-1394,2026-03,2026-03-31,2026-03-31,6000-Operating,1000-Cash,1800154,18001.54,premium support 2026-03,Acme Supplies LLC,,HAP-2026-03-1394,HAP-2026-03-1394,historical_ap,volume_opex
JE-HAP-2026-03-1395,2026-03,2026-03-31,2026-03-31,6000-Operating,1000-Cash,4015,40.15,warehouse consumables 2026-03,Office Depot,,HAP-2026-03-1395,HAP-2026-03-1395,historical_ap,volume_opex
JE-HAP-2026-03-1396,2026-03,2026-03-31,2026-03-31,6000-Operating,1000-Cash,3776,37.76,security monitoring hosts 2026-03,Figma,,HAP-2026-03-1396,HAP-2026-03-1396,historical_ap,volume_opex
JE-HAP-2026-03-1397,2026-03,2026-03-31,2026-03-31,6000-Operating,1000-Cash,7687,76.87,usage overage block 2026-03,Cambridge Properties,,HAP-2026-03-1397,HAP-2026-03-1397,historical_ap,volume_opex
JE-HAP-2026-03-1398,2026-03,2026-03-31,2026-03-31,6000-Operating,1000-Cash,1260198,12601.98,premium support 2026-03,GitHub,,HAP-2026-03-1398,HAP-2026-03-1398,historical_ap,volume_opex
JE-HAP-2026-03-1399,2026-03,2026-03-31,2026-03-31,6000-Operating,1000-Cash,34859,348.59,warehouse consumables 2026-03,Misc Supplies,,HAP-2026-03-1399,HAP-2026-03-1399,historical_ap,volume_opex
JE-HAP-2026-03-1400,2026-03,2026-03-31,2026-03-31,6000-Operating,1000-Cash,13420,134.2,security monitoring hosts 2026-03,Okta,,HAP-2026-03-1400,HAP-2026-03-1400,historical_ap,volume_opex
JE-HAP-2026-03-1401,2026-03,2026-03-31,2026-03-31,6000-Operating,1000-Cash,3231,32.31,usage overage block 2026-03,Cloudflare,,HAP-2026-03-1401,HAP-2026-03-1401,historical_ap,volume_opex
JE-HAP-2026-03-1402,2026-03,2026-03-31,2026-03-31,6000-Operating,1000-Cash,720242,7202.42,premium support 2026-03,Staples Business Advantage,,HAP-2026-03-1402,HAP-2026-03-1402,historical_ap,volume_opex
JE-HAP-2026-03-1403,2026-03,2026-03-31,2026-03-31,6000-Operating,1000-Cash,23100,231.0,warehouse consumables 2026-03,Comcast Business,,HAP-2026-03-1403,HAP-2026-03-1403,historical_ap,volume_opex
JE-HAP-2026-03-1404,2026-03,2026-03-31,2026-03-31,6000-Operating,1000-Cash,9611,96.11,security monitoring hosts 2026-03,HubSpot,,HAP-2026-03-1404,HAP-2026-03-1404,historical_ap,volume_opex
JE-HAP-2026-03-1405,2026-03,2026-03-31,2026-03-31,6000-Operating,1000-Cash,34672,346.72,warehouse consumables 2026-03,Staples Business Advantage,,HAP-2026-03-1405,HAP-2026-03-1405,historical_ap,volume_opex
JE-HAP-2026-03-1406,2026-03,2026-03-31,2026-03-31,6000-Operating,1000-Cash,13233,132.33,security monitoring hosts 2026-03,Comcast Business,,HAP-2026-03-1406,HAP-2026-03-1406,historical_ap,volume_opex
JE-HAP-2026-03-1407,2026-03,2026-03-31,2026-03-31,6000-Operating,1000-Cash,3044,30.44,usage overage block 2026-03,HubSpot,,HAP-2026-03-1407,HAP-2026-03-1407,historical_ap,volume_opex
JE-HAP-2026-03-1408,2026-03,2026-03-31,2026-03-31,6000-Operating,1000-Cash,720055,7200.55,premium support 2026-03,Palo Alto Networks,,HAP-2026-03-1408,HAP-2026-03-1408,historical_ap,volume_opex
JE-HAP-2026-03-1409,2026-03,2026-03-31,2026-03-31,6000-Operating,1000-Cash,23166,231.66,warehouse consumables 2026-03,Vanta,,HAP-2026-03-1409,HAP-2026-03-1409,historical_ap,volume_opex
JE-HAP-2026-03-1410,2026-03,2026-03-31,2026-03-31,6000-Operating,1000-Cash,9677,96.77,security monitoring hosts 2026-03,Acme Supply Co.,,HAP-2026-03-1410,HAP-2026-03-1410,historical_ap,volume_opex
JE-HAP-2026-03-1411,2026-03,2026-03-31,2026-03-31,6000-Operating,1000-Cash,15088,150.88,usage overage block 2026-03,Helios Hardware,,HAP-2026-03-1411,HAP-2026-03-1411,historical_ap,volume_opex
JE-HAP-2026-03-1412,2026-03,2026-03-31,2026-03-31,6000-Operating,1000-Cash,180099,1800.99,premium support 2026-03,Google Cloud,,HAP-2026-03-1412,HAP-2026-03-1412,historical_ap,volume_opex
JE-HAP-2026-03-1413,2026-03,2026-03-31,2026-03-31,6000-Operating,1000-Cash,11660,116.6,warehouse consumables 2026-03,Dell Technologies,,HAP-2026-03-1413,HAP-2026-03-1413,historical_ap,volume_opex
JE-HAP-2026-03-1414,2026-03,2026-03-31,2026-03-31,6000-Operating,1000-Cash,6121,61.21,security monitoring hosts 2026-03,Shadow Vendor LLC,,HAP-2026-03-1414,HAP-2026-03-1414,historical_ap,volume_opex
JE-HAP-2026-03-1415,2026-03,2026-03-31,2026-03-31,6000-Operating,1000-Cash,10632,106.32,usage overage block 2026-03,Twilio,,HAP-2026-03-1415,HAP-2026-03-1415,historical_ap,volume_opex
JE-HAP-2026-03-1416,2026-03,2026-03-31,2026-03-31,6000-Operating,1000-Cash,1620143,16201.43,premium support 2026-03,CrowdStrike,,HAP-2026-03-1416,HAP-2026-03-1416,historical_ap,volume_opex
JE-HAP-2026-03-1417,2026-03,2026-03-31,2026-03-31,6000-Operating,1000-Cash,15154,151.54,usage overage block 2026-03,Shadow Vendor LLC,,HAP-2026-03-1417,HAP-2026-03-1417,historical_ap,volume_opex
JE-HAP-2026-03-1418,2026-03,2026-03-31,2026-03-31,6000-Operating,1000-Cash,180165,1801.65,premium support 2026-03,Twilio,,HAP-2026-03-1418,HAP-2026-03-1418,historical_ap,volume_opex
JE-HAP-2026-03-1419,2026-03,2026-03-31,2026-03-31,6000-Operating,1000-Cash,11726,117.26,warehouse consumables 2026-03,CrowdStrike,,HAP-2026-03-1419,HAP-2026-03-1419,historical_ap,volume_opex
JE-HAP-2026-03-1420,2026-03,2026-03-31,2026-03-31,6000-Operating,1000-Cash,6187,61.87,security monitoring hosts 2026-03,Northline Fab Group,,HAP-2026-03-1420,HAP-2026-03-1420,historical_ap,volume_opex
JE-HAP-2026-03-1421,2026-03,2026-03-31,2026-03-31,6000-Operating,1000-Cash,10698,106.98,usage overage block 2026-03,FedEx,,HAP-2026-03-1421,HAP-2026-03-1421,historical_ap,volume_opex
JE-HAP-2026-03-1422,2026-03,2026-03-31,2026-03-31,6000-Operating,1000-Cash,1620209,16202.09,premium support 2026-03,Pagaya Coffee Service,,HAP-2026-03-1422,HAP-2026-03-1422,historical_ap,volume_opex
JE-HAP-2026-03-1423,2026-03,2026-03-31,2026-03-31,6000-Operating,1000-Cash,42570,425.7,warehouse consumables 2026-03,Stripe Processing,,HAP-2026-03-1423,HAP-2026-03-1423,historical_ap,volume_opex
JE-HAP-2026-03-1424,2026-03,2026-03-31,2026-03-31,6000-Operating,1000-Cash,2631,26.31,security monitoring hosts 2026-03,Boston Edison Steam,,HAP-2026-03-1424,HAP-2026-03-1424,historical_ap,volume_opex
JE-HAP-2026-03-1425,2026-03,2026-03-31,2026-03-31,6000-Operating,1000-Cash,6242,62.42,usage overage block 2026-03,Linear App,,HAP-2026-03-1425,HAP-2026-03-1425,historical_ap,volume_opex
JE-HAP-2026-03-1426,2026-03,2026-03-31,2026-03-31,6000-Operating,1000-Cash,1080000,10800.0,premium support 2026-03,Amazon Web Services,,HAP-2026-03-1426,HAP-2026-03-1426,historical_ap,volume_opex
JE-HAP-2026-03-1427,2026-03,2026-03-31,2026-03-31,6000-Operating,1000-Cash,30811,308.11,warehouse consumables 2026-03,Datadog,,HAP-2026-03-1427,HAP-2026-03-1427,historical_ap,volume_opex
JE-HAP-2026-03-1428,2026-03,2026-03-31,2026-03-31,6000-Operating,1000-Cash,12022,120.22,security monitoring hosts 2026-03,Hartford Insurance,,HAP-2026-03-1428,HAP-2026-03-1428,historical_ap,volume_opex
JE-HAP-2026-03-1429,2026-03,2026-03-31,2026-03-31,6000-Operating,1000-Cash,42383,423.83,warehouse consumables 2026-03,Amazon Web Services,,HAP-2026-03-1429,HAP-2026-03-1429,historical_ap,volume_opex
JE-HAP-2026-03-1430,2026-03,2026-03-31,2026-03-31,6000-Operating,1000-Cash,2444,24.44,security monitoring hosts 2026-03,Datadog,,HAP-2026-03-1430,HAP-2026-03-1430,historical_ap,volume_opex
JE-HAP-2026-03-1431,2026-03,2026-03-31,2026-03-31,6000-Operating,1000-Cash,6055,60.55,usage overage block 2026-03,Hartford Insurance,,HAP-2026-03-1431,HAP-2026-03-1431,historical_ap,volume_opex
JE-HAP-2026-03-1432,2026-03,2026-03-31,2026-03-31,6000-Operating,1000-Cash,1080066,10800.66,premium support 2026-03,Harbor Electric,,HAP-2026-03-1432,HAP-2026-03-1432,historical_ap,volume_opex
JE-HAP-2026-03-1433,2026-03,2026-03-31,2026-03-31,6000-Operating,1000-Cash,30877,308.77,warehouse consumables 2026-03,Freightline Logistics,,HAP-2026-03-1433,HAP-2026-03-1433,historical_ap,volume_opex
JE-HAP-2026-03-1434,2026-03,2026-03-31,2026-03-31,6000-Operating,1000-Cash,12088,120.88,security monitoring hosts 2026-03,Notion Labs,,HAP-2026-03-1434,HAP-2026-03-1434,historical_ap,volume_opex
JE-HAP-2026-03-1435,2026-03,2026-03-31,2026-03-31,6000-Operating,1000-Cash,1599,15.99,usage overage block 2026-03,Zoom Video,,HAP-2026-03-1435,HAP-2026-03-1435,historical_ap,volume_opex
JE-HAP-2026-03-1436,2026-03,2026-03-31,2026-03-31,6000-Operating,1000-Cash,540110,5401.1,premium support 2026-03,Helios Hardware Supply,,HAP-2026-03-1436,HAP-2026-03-1436,historical_ap,volume_opex
JE-HAP-2026-03-1437,2026-03,2026-03-31,2026-03-31,6000-Operating,1000-Cash,19371,193.71,warehouse consumables 2026-03,ADP,,HAP-2026-03-1437,HAP-2026-03-1437,historical_ap,volume_opex
JE-HAP-2026-03-1438,2026-03,2026-03-31,2026-03-31,6000-Operating,1000-Cash,8532,85.32,security monitoring hosts 2026-03,CleanRoom Janitorial,,HAP-2026-03-1438,HAP-2026-03-1438,historical_ap,volume_opex
JE-HAP-2026-03-1439,2026-03,2026-03-31,2026-03-31,6000-Operating,1000-Cash,13643,136.43,usage overage block 2026-03,Adyen NV,,HAP-2026-03-1439,HAP-2026-03-1439,historical_ap,volume_opex
JE-HAP-2026-03-1440,2026-03,2026-03-31,2026-03-31,6000-Operating,1000-Cash,1980154,19801.54,premium support 2026-03,Carta,,HAP-2026-03-1440,HAP-2026-03-1440,historical_ap,volume_opex
JE-HAP-2026-04-1441,2026-04,2026-04-20,2026-04-20,6000-Operating,1000-Cash,1665,16.65,usage overage block 2026-04,CleanRoom Janitorial,,HAP-2026-04-1441,HAP-2026-04-1441,historical_ap,volume_opex
JE-HAP-2026-04-1442,2026-04,2026-04-20,2026-04-20,6000-Operating,1000-Cash,540176,5401.76,premium support 2026-04,Adyen NV,,HAP-2026-04-1442,HAP-2026-04-1442,historical_ap,volume_opex
JE-HAP-2026-04-1443,2026-04,2026-04-20,2026-04-20,6000-Operating,1000-Cash,19437,194.37,warehouse consumables 2026-04,Carta,,HAP-2026-04-1443,HAP-2026-04-1443,historical_ap,volume_opex
JE-HAP-2026-04-1444,2026-04,2026-04-20,2026-04-20,6000-Operating,1000-Cash,8598,85.98,security monitoring hosts 2026-04,Acme Supplies,,HAP-2026-04-1444,HAP-2026-04-1444,historical_ap,volume_opex
JE-HAP-2026-04-1445,2026-04,2026-04-20,2026-04-20,6000-Operating,1000-Cash,13709,137.09,usage overage block 2026-04,Northline Fabrication,,HAP-2026-04-1445,HAP-2026-04-1445,historical_ap,volume_opex
JE-HAP-2026-04-1446,2026-04,2026-04-20,2026-04-20,6000-Operating,1000-Cash,1980220,19802.2,premium support 2026-04,Slack Technologies,,HAP-2026-04-1446,HAP-2026-04-1446,historical_ap,volume_opex
JE-HAP-2026-04-1447,2026-04,2026-04-20,2026-04-20,6000-Operating,1000-Cash,7931,79.31,warehouse consumables 2026-04,Orbit Analytics,,HAP-2026-04-1447,HAP-2026-04-1447,historical_ap,volume_opex
JE-HAP-2026-04-1448,2026-04,2026-04-20,2026-04-20,6000-Operating,1000-Cash,5042,50.42,security monitoring hosts 2026-04,Lindholm & Ruiz LLP,,HAP-2026-04-1448,HAP-2026-04-1448,historical_ap,volume_opex
JE-HAP-2026-04-1449,2026-04,2026-04-20,2026-04-20,6000-Operating,1000-Cash,9000,90.0,usage overage block 2026-04,Lenovo,,HAP-2026-04-1449,HAP-2026-04-1449,historical_ap,volume_opex
JE-HAP-2026-04-1450,2026-04,2026-04-20,2026-04-20,6000-Operating,1000-Cash,1440011,14400.11,premium support 2026-04,Snowflake,,HAP-2026-04-1450,HAP-2026-04-1450,historical_ap,volume_opex
JE-HAP-2026-04-1451,2026-04,2026-04-20,2026-04-20,6000-Operating,1000-Cash,38522,385.22,warehouse consumables 2026-04,Atlassian,,HAP-2026-04-1451,HAP-2026-04-1451,historical_ap,volume_opex
JE-HAP-2026-04-1452,2026-04,2026-04-20,2026-04-20,6000-Operating,1000-Cash,1233,12.33,security monitoring hosts 2026-04,Harbor Power & Light,,HAP-2026-04-1452,HAP-2026-04-1452,historical_ap,volume_opex
JE-HAP-2026-04-1453,2026-04,2026-04-21,2026-04-21,6000-Operating,1000-Cash,7744,77.44,warehouse consumables 2026-04,Snowflake,,HAP-2026-04-1453,HAP-2026-04-1453,historical_ap,volume_opex
JE-HAP-2026-04-1454,2026-04,2026-04-21,2026-04-21,6000-Operating,1000-Cash,4855,48.55,security monitoring hosts 2026-04,Atlassian,,HAP-2026-04-1454,HAP-2026-04-1454,historical_ap,volume_opex
JE-HAP-2026-04-1455,2026-04,2026-04-21,2026-04-21,6000-Operating,1000-Cash,9066,90.66,usage overage block 2026-04,Harbor Power & Light,,HAP-2026-04-1455,HAP-2026-04-1455,historical_ap,volume_opex
JE-HAP-2026-04-1456,2026-04,2026-04-21,2026-04-21,6000-Operating,1000-Cash,1440077,14400.77,premium support 2026-04,WeWork Cambridge,,HAP-2026-04-1456,HAP-2026-04-1456,historical_ap,volume_opex
JE-HAP-2026-04-1457,2026-04,2026-04-21,2026-04-21,6000-Operating,1000-Cash,38588,385.88,warehouse consumables 2026-04,Kendall Square Parking,,HAP-2026-04-1457,HAP-2026-04-1457,historical_ap,volume_opex
JE-HAP-2026-04-1458,2026-04,2026-04-21,2026-04-21,6000-Operating,1000-Cash,1299,12.99,security monitoring hosts 2026-04,DocuSign,,HAP-2026-04-1458,HAP-2026-04-1458,historical_ap,volume_opex
JE-HAP-2026-04-1459,2026-04,2026-04-21,2026-04-21,6000-Operating,1000-Cash,4610,46.1,usage overage block 2026-04,Gusto Payroll,,HAP-2026-04-1459,HAP-2026-04-1459,historical_ap,volume_opex
JE-HAP-2026-04-1460,2026-04,2026-04-21,2026-04-21,6000-Operating,1000-Cash,900121,9001.21,premium support 2026-04,Acme Supplies LLC,,HAP-2026-04-1460,HAP-2026-04-1460,historical_ap,volume_opex
JE-HAP-2026-04-1461,2026-04,2026-04-21,2026-04-21,6000-Operating,1000-Cash,27082,270.82,warehouse consumables 2026-04,Office Depot,,HAP-2026-04-1461,HAP-2026-04-1461,historical_ap,volume_opex
JE-HAP-2026-04-1462,2026-04,2026-04-21,2026-04-21,6000-Operating,1000-Cash,10943,109.43,security monitoring hosts 2026-04,Figma,,HAP-2026-04-1462,HAP-2026-04-1462,historical_ap,volume_opex
JE-HAP-2026-04-1463,2026-04,2026-04-21,2026-04-21,6000-Operating,1000-Cash,16654,166.54,usage overage block 2026-04,Cambridge Properties,,HAP-2026-04-1463,HAP-2026-04-1463,historical_ap,volume_opex
JE-HAP-2026-04-1464,2026-04,2026-04-21,2026-04-21,6000-Operating,1000-Cash,360165,3601.65,premium support 2026-04,GitHub,,HAP-2026-04-1464,HAP-2026-04-1464,historical_ap,volume_opex
JE-HAP-2026-04-1465,2026-04,2026-04-22,2026-04-22,6000-Operating,1000-Cash,4676,46.76,usage overage block 2026-04,Figma,,HAP-2026-04-1465,HAP-2026-04-1465,historical_ap,volume_opex
JE-HAP-2026-04-1466,2026-04,2026-04-22,2026-04-22,6000-Operating,1000-Cash,900187,9001.87,premium support 2026-04,Cambridge Properties,,HAP-2026-04-1466,HAP-2026-04-1466,historical_ap,volume_opex
JE-HAP-2026-04-1467,2026-04,2026-04-22,2026-04-22,6000-Operating,1000-Cash,27148,271.48,warehouse consumables 2026-04,GitHub,,HAP-2026-04-1467,HAP-2026-04-1467,historical_ap,volume_opex
JE-HAP-2026-04-1468,2026-04,2026-04-22,2026-04-22,6000-Operating,1000-Cash,11009,110.09,security monitoring hosts 2026-04,Misc Supplies,,HAP-2026-04-1468,HAP-2026-04-1468,historical_ap,volume_opex
JE-HAP-2026-04-1469,2026-04,2026-04-22,2026-04-22,6000-Operating,1000-Cash,16720,167.2,usage overage block 2026-04,Okta,,HAP-2026-04-1469,HAP-2026-04-1469,historical_ap,volume_opex
JE-HAP-2026-04-1470,2026-04,2026-04-22,2026-04-22,6000-Operating,1000-Cash,360231,3602.31,premium support 2026-04,Cloudflare,,HAP-2026-04-1470,HAP-2026-04-1470,historical_ap,volume_opex
JE-HAP-2026-04-1471,2026-04,2026-04-22,2026-04-22,6000-Operating,1000-Cash,15642,156.42,warehouse consumables 2026-04,Staples Business Advantage,,HAP-2026-04-1471,HAP-2026-04-1471,historical_ap,volume_opex
JE-HAP-2026-04-1472,2026-04,2026-04-22,2026-04-22,6000-Operating,1000-Cash,7200,72.0,security monitoring hosts 2026-04,Comcast Business,,HAP-2026-04-1472,HAP-2026-04-1472,historical_ap,volume_opex
JE-HAP-2026-04-1473,2026-04,2026-04-22,2026-04-22,6000-Operating,1000-Cash,12011,120.11,usage overage block 2026-04,HubSpot,,HAP-2026-04-1473,HAP-2026-04-1473,historical_ap,volume_opex
JE-HAP-2026-04-1474,2026-04,2026-04-22,2026-04-22,6000-Operating,1000-Cash,1800022,18000.22,premium support 2026-04,Palo Alto Networks,,HAP-2026-04-1474,HAP-2026-04-1474,historical_ap,volume_opex
JE-HAP-2026-04-1475,2026-04,2026-04-22,2026-04-22,6000-Operating,1000-Cash,3883,38.83,warehouse consumables 2026-04,Vanta,,HAP-2026-04-1475,HAP-2026-04-1475,historical_ap,volume_opex
JE-HAP-2026-04-1476,2026-04,2026-04-22,2026-04-22,6000-Operating,1000-Cash,3644,36.44,security monitoring hosts 2026-04,Acme Supply Co.,,HAP-2026-04-1476,HAP-2026-04-1476,historical_ap,volume_opex
JE-HAP-2026-04-1477,2026-04,2026-04-23,2026-04-23,6000-Operating,1000-Cash,15455,154.55,warehouse consumables 2026-04,Palo Alto Networks,,HAP-2026-04-1477,HAP-2026-04-1477,historical_ap,volume_opex
JE-HAP-2026-04-1478,2026-04,2026-04-23,2026-04-23,6000-Operating,1000-Cash,7266,72.66,security monitoring hosts 2026-04,Vanta,,HAP-2026-04-1478,HAP-2026-04-1478,historical_ap,volume_opex
JE-HAP-2026-04-1479,2026-04,2026-04-23,2026-04-23,6000-Operating,1000-Cash,12077,120.77,usage overage block 2026-04,Acme Supply Co.,,HAP-2026-04-1479,HAP-2026-04-1479,historical_ap,volume_opex
JE-HAP-2026-04-1480,2026-04,2026-04-23,2026-04-23,6000-Operating,1000-Cash,1800088,18000.88,premium support 2026-04,Helios Hardware,,HAP-2026-04-1480,HAP-2026-04-1480,historical_ap,volume_opex
JE-HAP-2026-04-1481,2026-04,2026-04-23,2026-04-23,6000-Operating,1000-Cash,3949,39.49,warehouse consumables 2026-04,Google Cloud,,HAP-2026-04-1481,HAP-2026-04-1481,historical_ap,volume_opex
JE-HAP-2026-04-1482,2026-04,2026-04-23,2026-04-23,6000-Operating,1000-Cash,3710,37.1,security monitoring hosts 2026-04,Dell Technologies,,HAP-2026-04-1482,HAP-2026-04-1482,historical_ap,volume_opex
JE-HAP-2026-04-1483,2026-04,2026-04-23,2026-04-23,6000-Operating,1000-Cash,7621,76.21,usage overage block 2026-04,Shadow Vendor LLC,,HAP-2026-04-1483,HAP-2026-04-1483,historical_ap,volume_opex
JE-HAP-2026-04-1484,2026-04,2026-04-23,2026-04-23,6000-Operating,1000-Cash,1260132,12601.32,premium support 2026-04,Twilio,,HAP-2026-04-1484,HAP-2026-04-1484,historical_ap,volume_opex
JE-HAP-2026-04-1485,2026-04,2026-04-23,2026-04-23,6000-Operating,1000-Cash,34793,347.93,warehouse consumables 2026-04,CrowdStrike,,HAP-2026-04-1485,HAP-2026-04-1485,historical_ap,volume_opex
JE-HAP-2026-04-1486,2026-04,2026-04-23,2026-04-23,6000-Operating,1000-Cash,13354,133.54,security monitoring hosts 2026-04,Northline Fab Group,,HAP-2026-04-1486,HAP-2026-04-1486,historical_ap,volume_opex
JE-HAP-2026-04-1487,2026-04,2026-04-23,2026-04-23,6000-Operating,1000-Cash,3165,31.65,usage overage block 2026-04,FedEx,,HAP-2026-04-1487,HAP-2026-04-1487,historical_ap,volume_opex
JE-HAP-2026-04-1488,2026-04,2026-04-23,2026-04-23,6000-Operating,1000-Cash,720176,7201.76,premium support 2026-04,Pagaya Coffee Service,,HAP-2026-04-1488,HAP-2026-04-1488,historical_ap,volume_opex
JE-HAP-2026-04-1489,2026-04,2026-04-24,2026-04-24,6000-Operating,1000-Cash,7687,76.87,usage overage block 2026-04,Northline Fab Group,,HAP-2026-04-1489,HAP-2026-04-1489,historical_ap,volume_opex
JE-HAP-2026-04-1490,2026-04,2026-04-24,2026-04-24,6000-Operating,1000-Cash,1260198,12601.98,premium support 2026-04,FedEx,,HAP-2026-04-1490,HAP-2026-04-1490,historical_ap,volume_opex
JE-HAP-2026-04-1491,2026-04,2026-04-24,2026-04-24,6000-Operating,1000-Cash,34859,348.59,warehouse consumables 2026-04,Pagaya Coffee Service,,HAP-2026-04-1491,HAP-2026-04-1491,historical_ap,volume_opex
JE-HAP-2026-04-1492,2026-04,2026-04-24,2026-04-24,6000-Operating,1000-Cash,13420,134.2,security monitoring hosts 2026-04,Stripe Processing,,HAP-2026-04-1492,HAP-2026-04-1492,historical_ap,volume_opex
JE-HAP-2026-04-1493,2026-04,2026-04-24,2026-04-24,6000-Operating,1000-Cash,3231,32.31,usage overage block 2026-04,Boston Edison Steam,,HAP-2026-04-1493,HAP-2026-04-1493,historical_ap,volume_opex
JE-HAP-2026-04-1494,2026-04,2026-04-24,2026-04-24,6000-Operating,1000-Cash,720242,7202.42,premium support 2026-04,Linear App,,HAP-2026-04-1494,HAP-2026-04-1494,historical_ap,volume_opex
JE-HAP-2026-04-1495,2026-04,2026-04-24,2026-04-24,6000-Operating,1000-Cash,23100,231.0,warehouse consumables 2026-04,Amazon Web Services,,HAP-2026-04-1495,HAP-2026-04-1495,historical_ap,volume_opex
JE-HAP-2026-04-1496,2026-04,2026-04-24,2026-04-24,6000-Operating,1000-Cash,9611,96.11,security monitoring hosts 2026-04,Datadog,,HAP-2026-04-1496,HAP-2026-04-1496,historical_ap,volume_opex
JE-HAP-2026-04-1497,2026-04,2026-04-24,2026-04-24,6000-Operating,1000-Cash,15022,150.22,usage overage block 2026-04,Hartford Insurance,,HAP-2026-04-1497,HAP-2026-04-1497,historical_ap,volume_opex
JE-HAP-2026-04-1498,2026-04,2026-04-24,2026-04-24,6000-Operating,1000-Cash,180033,1800.33,premium support 2026-04,Harbor Electric,,HAP-2026-04-1498,HAP-2026-04-1498,historical_ap,volume_opex
JE-HAP-2026-04-1499,2026-04,2026-04-24,2026-04-24,6000-Operating,1000-Cash,11594,115.94,warehouse consumables 2026-04,Freightline Logistics,,HAP-2026-04-1499,HAP-2026-04-1499,historical_ap,volume_opex
JE-HAP-2026-04-1500,2026-04,2026-04-24,2026-04-24,6000-Operating,1000-Cash,6055,60.55,security monitoring hosts 2026-04,Notion Labs,,HAP-2026-04-1500,HAP-2026-04-1500,historical_ap,volume_opex
JE-HAP-2026-04-1501,2026-04,2026-04-25,2026-04-25,6000-Operating,1000-Cash,23166,231.66,warehouse consumables 2026-04,Harbor Electric,,HAP-2026-04-1501,HAP-2026-04-1501,historical_ap,volume_opex
JE-HAP-2026-04-1502,2026-04,2026-04-25,2026-04-25,6000-Operating,1000-Cash,9677,96.77,security monitoring hosts 2026-04,Freightline Logistics,,HAP-2026-04-1502,HAP-2026-04-1502,historical_ap,volume_opex
JE-HAP-2026-04-1503,2026-04,2026-04-25,2026-04-25,6000-Operating,1000-Cash,15088,150.88,usage overage block 2026-04,Notion Labs,,HAP-2026-04-1503,HAP-2026-04-1503,historical_ap,volume_opex
JE-HAP-2026-04-1504,2026-04,2026-04-25,2026-04-25,6000-Operating,1000-Cash,180099,1800.99,premium support 2026-04,Zoom Video,,HAP-2026-04-1504,HAP-2026-04-1504,historical_ap,volume_opex
JE-HAP-2026-04-1505,2026-04,2026-04-25,2026-04-25,6000-Operating,1000-Cash,11660,116.6,warehouse consumables 2026-04,Helios Hardware Supply,,HAP-2026-04-1505,HAP-2026-04-1505,historical_ap,volume_opex
JE-HAP-2026-04-1506,2026-04,2026-04-25,2026-04-25,6000-Operating,1000-Cash,6121,61.21,security monitoring hosts 2026-04,ADP,,HAP-2026-04-1506,HAP-2026-04-1506,historical_ap,volume_opex
JE-HAP-2026-04-1507,2026-04,2026-04-25,2026-04-25,6000-Operating,1000-Cash,10632,106.32,usage overage block 2026-04,CleanRoom Janitorial,,HAP-2026-04-1507,HAP-2026-04-1507,historical_ap,volume_opex
JE-HAP-2026-04-1508,2026-04,2026-04-25,2026-04-25,6000-Operating,1000-Cash,1620143,16201.43,premium support 2026-04,Adyen NV,,HAP-2026-04-1508,HAP-2026-04-1508,historical_ap,volume_opex
JE-HAP-2026-04-1509,2026-04,2026-04-25,2026-04-25,6000-Operating,1000-Cash,42504,425.04,warehouse consumables 2026-04,Carta,,HAP-2026-04-1509,HAP-2026-04-1509,historical_ap,volume_opex
JE-HAP-2026-04-1510,2026-04,2026-04-25,2026-04-25,6000-Operating,1000-Cash,2565,25.65,security monitoring hosts 2026-04,Acme Supplies,,HAP-2026-04-1510,HAP-2026-04-1510,historical_ap,volume_opex
JE-HAP-2026-04-1511,2026-04,2026-04-25,2026-04-25,6000-Operating,1000-Cash,6176,61.76,usage overage block 2026-04,Northline Fabrication,,HAP-2026-04-1511,HAP-2026-04-1511,historical_ap,volume_opex
JE-HAP-2026-04-1512,2026-04,2026-04-25,2026-04-25,6000-Operating,1000-Cash,1080187,10801.87,premium support 2026-04,Slack Technologies,,HAP-2026-04-1512,HAP-2026-04-1512,historical_ap,volume_opex
JE-HAP-2026-04-1513,2026-04,2026-04-26,2026-04-26,6000-Operating,1000-Cash,10698,106.98,usage overage block 2026-04,Acme Supplies,,HAP-2026-04-1513,HAP-2026-04-1513,historical_ap,volume_opex
JE-HAP-2026-04-1514,2026-04,2026-04-26,2026-04-26,6000-Operating,1000-Cash,1620209,16202.09,premium support 2026-04,Northline Fabrication,,HAP-2026-04-1514,HAP-2026-04-1514,historical_ap,volume_opex
JE-HAP-2026-04-1515,2026-04,2026-04-26,2026-04-26,6000-Operating,1000-Cash,42570,425.7,warehouse consumables 2026-04,Slack Technologies,,HAP-2026-04-1515,HAP-2026-04-1515,historical_ap,volume_opex
JE-HAP-2026-04-1516,2026-04,2026-04-26,2026-04-26,6000-Operating,1000-Cash,2631,26.31,security monitoring hosts 2026-04,Orbit Analytics,,HAP-2026-04-1516,HAP-2026-04-1516,historical_ap,volume_opex
JE-HAP-2026-04-1517,2026-04,2026-04-26,2026-04-26,6000-Operating,1000-Cash,6242,62.42,usage overage block 2026-04,Lindholm & Ruiz LLP,,HAP-2026-04-1517,HAP-2026-04-1517,historical_ap,volume_opex
JE-HAP-2026-04-1518,2026-04,2026-04-26,2026-04-26,6000-Operating,1000-Cash,1080000,10800.0,premium support 2026-04,Lenovo,,HAP-2026-04-1518,HAP-2026-04-1518,historical_ap,volume_opex
JE-HAP-2026-04-1519,2026-04,2026-04-26,2026-04-26,6000-Operating,1000-Cash,30811,308.11,warehouse consumables 2026-04,Snowflake,,HAP-2026-04-1519,HAP-2026-04-1519,historical_ap,volume_opex
JE-HAP-2026-04-1520,2026-04,2026-04-26,2026-04-26,6000-Operating,1000-Cash,12022,120.22,security monitoring hosts 2026-04,Atlassian,,HAP-2026-04-1520,HAP-2026-04-1520,historical_ap,volume_opex
JE-HAP-2026-04-1521,2026-04,2026-04-26,2026-04-26,6000-Operating,1000-Cash,1533,15.33,usage overage block 2026-04,Harbor Power & Light,,HAP-2026-04-1521,HAP-2026-04-1521,historical_ap,volume_opex
JE-HAP-2026-04-1522,2026-04,2026-04-26,2026-04-26,6000-Operating,1000-Cash,540044,5400.44,premium support 2026-04,WeWork Cambridge,,HAP-2026-04-1522,HAP-2026-04-1522,historical_ap,volume_opex
JE-HAP-2026-04-1523,2026-04,2026-04-26,2026-04-26,6000-Operating,1000-Cash,19305,193.05,warehouse consumables 2026-04,Kendall Square Parking,,HAP-2026-04-1523,HAP-2026-04-1523,historical_ap,volume_opex
JE-HAP-2026-04-1524,2026-04,2026-04-26,2026-04-26,6000-Operating,1000-Cash,8466,84.66,security monitoring hosts 2026-04,DocuSign,,HAP-2026-04-1524,HAP-2026-04-1524,historical_ap,volume_opex
JE-HAP-2026-04-1525,2026-04,2026-04-27,2026-04-27,6000-Operating,1000-Cash,30877,308.77,warehouse consumables 2026-04,WeWork Cambridge,,HAP-2026-04-1525,HAP-2026-04-1525,historical_ap,volume_opex
JE-HAP-2026-04-1526,2026-04,2026-04-27,2026-04-27,6000-Operating,1000-Cash,12088,120.88,security monitoring hosts 2026-04,Kendall Square Parking,,HAP-2026-04-1526,HAP-2026-04-1526,historical_ap,volume_opex
JE-HAP-2026-04-1527,2026-04,2026-04-27,2026-04-27,6000-Operating,1000-Cash,1599,15.99,usage overage block 2026-04,DocuSign,,HAP-2026-04-1527,HAP-2026-04-1527,historical_ap,volume_opex
JE-HAP-2026-04-1528,2026-04,2026-04-27,2026-04-27,6000-Operating,1000-Cash,540110,5401.1,premium support 2026-04,Gusto Payroll,,HAP-2026-04-1528,HAP-2026-04-1528,historical_ap,volume_opex
JE-HAP-2026-04-1529,2026-04,2026-04-27,2026-04-27,6000-Operating,1000-Cash,19371,193.71,warehouse consumables 2026-04,Acme Supplies LLC,,HAP-2026-04-1529,HAP-2026-04-1529,historical_ap,volume_opex
JE-HAP-2026-04-1530,2026-04,2026-04-27,2026-04-27,6000-Operating,1000-Cash,8532,85.32,security monitoring hosts 2026-04,Office Depot,,HAP-2026-04-1530,HAP-2026-04-1530,historical_ap,volume_opex
JE-HAP-2026-04-1531,2026-04,2026-04-27,2026-04-27,6000-Operating,1000-Cash,13643,136.43,usage overage block 2026-04,Figma,,HAP-2026-04-1531,HAP-2026-04-1531,historical_ap,volume_opex
JE-HAP-2026-04-1532,2026-04,2026-04-27,2026-04-27,6000-Operating,1000-Cash,1980154,19801.54,premium support 2026-04,Cambridge Properties,,HAP-2026-04-1532,HAP-2026-04-1532,historical_ap,volume_opex
JE-HAP-2026-04-1533,2026-04,2026-04-27,2026-04-27,6000-Operating,1000-Cash,7865,78.65,warehouse consumables 2026-04,GitHub,,HAP-2026-04-1533,HAP-2026-04-1533,historical_ap,volume_opex
JE-HAP-2026-04-1534,2026-04,2026-04-27,2026-04-27,6000-Operating,1000-Cash,4976,49.76,security monitoring hosts 2026-04,Misc Supplies,,HAP-2026-04-1534,HAP-2026-04-1534,historical_ap,volume_opex
JE-HAP-2026-04-1535,2026-04,2026-04-27,2026-04-27,6000-Operating,1000-Cash,9187,91.87,usage overage block 2026-04,Okta,,HAP-2026-04-1535,HAP-2026-04-1535,historical_ap,volume_opex
JE-HAP-2026-04-1536,2026-04,2026-04-27,2026-04-27,6000-Operating,1000-Cash,1440198,14401.98,premium support 2026-04,Cloudflare,,HAP-2026-04-1536,HAP-2026-04-1536,historical_ap,volume_opex
JE-HAP-2026-04-1537,2026-04,2026-04-28,2026-04-28,6000-Operating,1000-Cash,13709,137.09,usage overage block 2026-04,Misc Supplies,,HAP-2026-04-1537,HAP-2026-04-1537,historical_ap,volume_opex
JE-HAP-2026-04-1538,2026-04,2026-04-28,2026-04-28,6000-Operating,1000-Cash,1980220,19802.2,premium support 2026-04,Okta,,HAP-2026-04-1538,HAP-2026-04-1538,historical_ap,volume_opex
JE-HAP-2026-04-1539,2026-04,2026-04-28,2026-04-28,6000-Operating,1000-Cash,7931,79.31,warehouse consumables 2026-04,Cloudflare,,HAP-2026-04-1539,HAP-2026-04-1539,historical_ap,volume_opex
JE-HAP-2026-04-1540,2026-04,2026-04-28,2026-04-28,6000-Operating,1000-Cash,5042,50.42,security monitoring hosts 2026-04,Staples Business Advantage,,HAP-2026-04-1540,HAP-2026-04-1540,historical_ap,volume_opex
JE-HAP-2026-04-1541,2026-04,2026-04-28,2026-04-28,6000-Operating,1000-Cash,9000,90.0,usage overage block 2026-04,Comcast Business,,HAP-2026-04-1541,HAP-2026-04-1541,historical_ap,volume_opex
JE-HAP-2026-04-1542,2026-04,2026-04-28,2026-04-28,6000-Operating,1000-Cash,1440011,14400.11,premium support 2026-04,HubSpot,,HAP-2026-04-1542,HAP-2026-04-1542,historical_ap,volume_opex
JE-HAP-2026-04-1543,2026-04,2026-04-28,2026-04-28,6000-Operating,1000-Cash,38522,385.22,warehouse consumables 2026-04,Palo Alto Networks,,HAP-2026-04-1543,HAP-2026-04-1543,historical_ap,volume_opex
JE-HAP-2026-04-1544,2026-04,2026-04-28,2026-04-28,6000-Operating,1000-Cash,1233,12.33,security monitoring hosts 2026-04,Vanta,,HAP-2026-04-1544,HAP-2026-04-1544,historical_ap,volume_opex
JE-HAP-2026-04-1545,2026-04,2026-04-28,2026-04-28,6000-Operating,1000-Cash,4544,45.44,usage overage block 2026-04,Acme Supply Co.,,HAP-2026-04-1545,HAP-2026-04-1545,historical_ap,volume_opex
JE-HAP-2026-04-1546,2026-04,2026-04-28,2026-04-28,6000-Operating,1000-Cash,900055,9000.55,premium support 2026-04,Helios Hardware,,HAP-2026-04-1546,HAP-2026-04-1546,historical_ap,volume_opex
JE-HAP-2026-04-1547,2026-04,2026-04-28,2026-04-28,6000-Operating,1000-Cash,27016,270.16,warehouse consumables 2026-04,Google Cloud,,HAP-2026-04-1547,HAP-2026-04-1547,historical_ap,volume_opex
JE-HAP-2026-04-1548,2026-04,2026-04-28,2026-04-28,6000-Operating,1000-Cash,10877,108.77,security monitoring hosts 2026-04,Dell Technologies,,HAP-2026-04-1548,HAP-2026-04-1548,historical_ap,volume_opex
JE-HAP-2026-04-1549,2026-04,2026-04-29,2026-04-29,6000-Operating,1000-Cash,38588,385.88,warehouse consumables 2026-04,Helios Hardware,,HAP-2026-04-1549,HAP-2026-04-1549,historical_ap,volume_opex
JE-HAP-2026-04-1550,2026-04,2026-04-29,2026-04-29,6000-Operating,1000-Cash,1299,12.99,security monitoring hosts 2026-04,Google Cloud,,HAP-2026-04-1550,HAP-2026-04-1550,historical_ap,volume_opex
JE-HAP-2026-04-1551,2026-04,2026-04-29,2026-04-29,6000-Operating,1000-Cash,4610,46.1,usage overage block 2026-04,Dell Technologies,,HAP-2026-04-1551,HAP-2026-04-1551,historical_ap,volume_opex
JE-HAP-2026-04-1552,2026-04,2026-04-29,2026-04-29,6000-Operating,1000-Cash,900121,9001.21,premium support 2026-04,Shadow Vendor LLC,,HAP-2026-04-1552,HAP-2026-04-1552,historical_ap,volume_opex
JE-HAP-2026-04-1553,2026-04,2026-04-29,2026-04-29,6000-Operating,1000-Cash,27082,270.82,warehouse consumables 2026-04,Twilio,,HAP-2026-04-1553,HAP-2026-04-1553,historical_ap,volume_opex
JE-HAP-2026-04-1554,2026-04,2026-04-29,2026-04-29,6000-Operating,1000-Cash,10943,109.43,security monitoring hosts 2026-04,CrowdStrike,,HAP-2026-04-1554,HAP-2026-04-1554,historical_ap,volume_opex
JE-HAP-2026-04-1555,2026-04,2026-04-29,2026-04-29,6000-Operating,1000-Cash,16654,166.54,usage overage block 2026-04,Northline Fab Group,,HAP-2026-04-1555,HAP-2026-04-1555,historical_ap,volume_opex
JE-HAP-2026-04-1556,2026-04,2026-04-29,2026-04-29,6000-Operating,1000-Cash,360165,3601.65,premium support 2026-04,FedEx,,HAP-2026-04-1556,HAP-2026-04-1556,historical_ap,volume_opex
JE-HAP-2026-04-1557,2026-04,2026-04-29,2026-04-29,6000-Operating,1000-Cash,15576,155.76,warehouse consumables 2026-04,Pagaya Coffee Service,,HAP-2026-04-1557,HAP-2026-04-1557,historical_ap,volume_opex
JE-HAP-2026-04-1558,2026-04,2026-04-29,2026-04-29,6000-Operating,1000-Cash,7387,73.87,security monitoring hosts 2026-04,Stripe Processing,,HAP-2026-04-1558,HAP-2026-04-1558,historical_ap,volume_opex
JE-HAP-2026-04-1559,2026-04,2026-04-29,2026-04-29,6000-Operating,1000-Cash,12198,121.98,usage overage block 2026-04,Boston Edison Steam,,HAP-2026-04-1559,HAP-2026-04-1559,historical_ap,volume_opex
JE-HAP-2026-04-1560,2026-04,2026-04-29,2026-04-29,6000-Operating,1000-Cash,1800209,18002.09,premium support 2026-04,Linear App,,HAP-2026-04-1560,HAP-2026-04-1560,historical_ap,volume_opex
JE-HAP-2026-04-1561,2026-04,2026-04-30,2026-04-30,6000-Operating,1000-Cash,16720,167.2,usage overage block 2026-04,Stripe Processing,,HAP-2026-04-1561,HAP-2026-04-1561,historical_ap,volume_opex
JE-HAP-2026-04-1562,2026-04,2026-04-30,2026-04-30,6000-Operating,1000-Cash,360231,3602.31,premium support 2026-04,Boston Edison Steam,,HAP-2026-04-1562,HAP-2026-04-1562,historical_ap,volume_opex
JE-HAP-2026-04-1563,2026-04,2026-04-30,2026-04-30,6000-Operating,1000-Cash,15642,156.42,warehouse consumables 2026-04,Linear App,,HAP-2026-04-1563,HAP-2026-04-1563,historical_ap,volume_opex
JE-HAP-2026-04-1564,2026-04,2026-04-30,2026-04-30,6000-Operating,1000-Cash,7200,72.0,security monitoring hosts 2026-04,Amazon Web Services,,HAP-2026-04-1564,HAP-2026-04-1564,historical_ap,volume_opex
JE-HAP-2026-04-1565,2026-04,2026-04-30,2026-04-30,6000-Operating,1000-Cash,12011,120.11,usage overage block 2026-04,Datadog,,HAP-2026-04-1565,HAP-2026-04-1565,historical_ap,volume_opex
JE-HAP-2026-04-1566,2026-04,2026-04-30,2026-04-30,6000-Operating,1000-Cash,1800022,18000.22,premium support 2026-04,Hartford Insurance,,HAP-2026-04-1566,HAP-2026-04-1566,historical_ap,volume_opex
JE-HAP-2026-04-1567,2026-04,2026-04-30,2026-04-30,6000-Operating,1000-Cash,3883,38.83,warehouse consumables 2026-04,Harbor Electric,,HAP-2026-04-1567,HAP-2026-04-1567,historical_ap,volume_opex
JE-HAP-2026-04-1568,2026-04,2026-04-30,2026-04-30,6000-Operating,1000-Cash,3644,36.44,security monitoring hosts 2026-04,Freightline Logistics,,HAP-2026-04-1568,HAP-2026-04-1568,historical_ap,volume_opex
JE-HAP-2026-04-1569,2026-04,2026-04-30,2026-04-30,6000-Operating,1000-Cash,7555,75.55,usage overage block 2026-04,Notion Labs,,HAP-2026-04-1569,HAP-2026-04-1569,historical_ap,volume_opex
JE-HAP-2026-04-1570,2026-04,2026-04-30,2026-04-30,6000-Operating,1000-Cash,1260066,12600.66,premium support 2026-04,Zoom Video,,HAP-2026-04-1570,HAP-2026-04-1570,historical_ap,volume_opex
JE-HAP-2026-04-1571,2026-04,2026-04-30,2026-04-30,6000-Operating,1000-Cash,34727,347.27,warehouse consumables 2026-04,Helios Hardware Supply,,HAP-2026-04-1571,HAP-2026-04-1571,historical_ap,volume_opex
JE-HAP-2026-04-1572,2026-04,2026-04-30,2026-04-30,6000-Operating,1000-Cash,13288,132.88,security monitoring hosts 2026-04,ADP,,HAP-2026-04-1572,HAP-2026-04-1572,historical_ap,volume_opex
JE-HAP-2026-04-1573,2026-04,2026-04-30,2026-04-30,6000-Operating,1000-Cash,3949,39.49,warehouse consumables 2026-04,Zoom Video,,HAP-2026-04-1573,HAP-2026-04-1573,historical_ap,volume_opex
JE-HAP-2026-04-1574,2026-04,2026-04-30,2026-04-30,6000-Operating,1000-Cash,3710,37.1,security monitoring hosts 2026-04,Helios Hardware Supply,,HAP-2026-04-1574,HAP-2026-04-1574,historical_ap,volume_opex
JE-HAP-2026-04-1575,2026-04,2026-04-30,2026-04-30,6000-Operating,1000-Cash,7621,76.21,usage overage block 2026-04,ADP,,HAP-2026-04-1575,HAP-2026-04-1575,historical_ap,volume_opex
JE-HAP-2026-04-1576,2026-04,2026-04-30,2026-04-30,6000-Operating,1000-Cash,1260132,12601.32,premium support 2026-04,CleanRoom Janitorial,,HAP-2026-04-1576,HAP-2026-04-1576,historical_ap,volume_opex
JE-HAP-2026-04-1577,2026-04,2026-04-30,2026-04-30,6000-Operating,1000-Cash,34793,347.93,warehouse consumables 2026-04,Adyen NV,,HAP-2026-04-1577,HAP-2026-04-1577,historical_ap,volume_opex
JE-HAP-2026-04-1578,2026-04,2026-04-30,2026-04-30,6000-Operating,1000-Cash,13354,133.54,security monitoring hosts 2026-04,Carta,,HAP-2026-04-1578,HAP-2026-04-1578,historical_ap,volume_opex
JE-HAP-2026-04-1579,2026-04,2026-04-30,2026-04-30,6000-Operating,1000-Cash,3165,31.65,usage overage block 2026-04,Acme Supplies,,HAP-2026-04-1579,HAP-2026-04-1579,historical_ap,volume_opex
JE-HAP-2026-04-1580,2026-04,2026-04-30,2026-04-30,6000-Operating,1000-Cash,720176,7201.76,premium support 2026-04,Northline Fabrication,,HAP-2026-04-1580,HAP-2026-04-1580,historical_ap,volume_opex
JE-HAP-2026-04-1581,2026-04,2026-04-30,2026-04-30,6000-Operating,1000-Cash,23287,232.87,warehouse consumables 2026-04,Slack Technologies,,HAP-2026-04-1581,HAP-2026-04-1581,historical_ap,volume_opex
JE-HAP-2026-04-1582,2026-04,2026-04-30,2026-04-30,6000-Operating,1000-Cash,9798,97.98,security monitoring hosts 2026-04,Orbit Analytics,,HAP-2026-04-1582,HAP-2026-04-1582,historical_ap,volume_opex
JE-HAP-2026-04-1583,2026-04,2026-04-30,2026-04-30,6000-Operating,1000-Cash,15209,152.09,usage overage block 2026-04,Lindholm & Ruiz LLP,,HAP-2026-04-1583,HAP-2026-04-1583,historical_ap,volume_opex
JE-HAP-2026-04-1584,2026-04,2026-04-30,2026-04-30,6000-Operating,1000-Cash,180220,1802.2,premium support 2026-04,Lenovo,,HAP-2026-04-1584,HAP-2026-04-1584,historical_ap,volume_opex
JE-HAP-2026-04-1585,2026-04,2026-04-30,2026-04-30,6000-Operating,1000-Cash,3231,32.31,usage overage block 2026-04,Orbit Analytics,,HAP-2026-04-1585,HAP-2026-04-1585,historical_ap,volume_opex
JE-HAP-2026-04-1586,2026-04,2026-04-30,2026-04-30,6000-Operating,1000-Cash,720242,7202.42,premium support 2026-04,Lindholm & Ruiz LLP,,HAP-2026-04-1586,HAP-2026-04-1586,historical_ap,volume_opex
JE-HAP-2026-04-1587,2026-04,2026-04-30,2026-04-30,6000-Operating,1000-Cash,23100,231.0,warehouse consumables 2026-04,Lenovo,,HAP-2026-04-1587,HAP-2026-04-1587,historical_ap,volume_opex
JE-HAP-2026-04-1588,2026-04,2026-04-30,2026-04-30,6000-Operating,1000-Cash,9611,96.11,security monitoring hosts 2026-04,Snowflake,,HAP-2026-04-1588,HAP-2026-04-1588,historical_ap,volume_opex
JE-HAP-2026-04-1589,2026-04,2026-04-30,2026-04-30,6000-Operating,1000-Cash,15022,150.22,usage overage block 2026-04,Atlassian,,HAP-2026-04-1589,HAP-2026-04-1589,historical_ap,volume_opex
JE-HAP-2026-04-1590,2026-04,2026-04-30,2026-04-30,6000-Operating,1000-Cash,180033,1800.33,premium support 2026-04,Harbor Power & Light,,HAP-2026-04-1590,HAP-2026-04-1590,historical_ap,volume_opex
JE-HAP-2026-04-1591,2026-04,2026-04-30,2026-04-30,6000-Operating,1000-Cash,11594,115.94,warehouse consumables 2026-04,WeWork Cambridge,,HAP-2026-04-1591,HAP-2026-04-1591,historical_ap,volume_opex
JE-HAP-2026-04-1592,2026-04,2026-04-30,2026-04-30,6000-Operating,1000-Cash,6055,60.55,security monitoring hosts 2026-04,Kendall Square Parking,,HAP-2026-04-1592,HAP-2026-04-1592,historical_ap,volume_opex
JE-HAP-2026-04-1593,2026-04,2026-04-30,2026-04-30,6000-Operating,1000-Cash,10566,105.66,usage overage block 2026-04,DocuSign,,HAP-2026-04-1593,HAP-2026-04-1593,historical_ap,volume_opex
JE-HAP-2026-04-1594,2026-04,2026-04-30,2026-04-30,6000-Operating,1000-Cash,1620077,16200.77,premium support 2026-04,Gusto Payroll,,HAP-2026-04-1594,HAP-2026-04-1594,historical_ap,volume_opex
JE-HAP-2026-04-1595,2026-04,2026-04-30,2026-04-30,6000-Operating,1000-Cash,42438,424.38,warehouse consumables 2026-04,Acme Supplies LLC,,HAP-2026-04-1595,HAP-2026-04-1595,historical_ap,volume_opex
JE-HAP-2026-04-1596,2026-04,2026-04-30,2026-04-30,6000-Operating,1000-Cash,2499,24.99,security monitoring hosts 2026-04,Office Depot,,HAP-2026-04-1596,HAP-2026-04-1596,historical_ap,volume_opex
JE-HAP-2026-04-1597,2026-04,2026-04-30,2026-04-30,6000-Operating,1000-Cash,11660,116.6,warehouse consumables 2026-04,Gusto Payroll,,HAP-2026-04-1597,HAP-2026-04-1597,historical_ap,volume_opex
JE-HAP-2026-04-1598,2026-04,2026-04-30,2026-04-30,6000-Operating,1000-Cash,6121,61.21,security monitoring hosts 2026-04,Acme Supplies LLC,,HAP-2026-04-1598,HAP-2026-04-1598,historical_ap,volume_opex
JE-HAP-2026-04-1599,2026-04,2026-04-30,2026-04-30,6000-Operating,1000-Cash,10632,106.32,usage overage block 2026-04,Office Depot,,HAP-2026-04-1599,HAP-2026-04-1599,historical_ap,volume_opex
JE-HAP-2026-04-1600,2026-04,2026-04-30,2026-04-30,6000-Operating,1000-Cash,1620143,16201.43,premium support 2026-04,Figma,,HAP-2026-04-1600,HAP-2026-04-1600,historical_ap,volume_opex
JE-HAP-2026-04-1601,2026-04,2026-04-30,2026-04-30,6000-Operating,1000-Cash,42504,425.04,warehouse consumables 2026-04,Cambridge Properties,,HAP-2026-04-1601,HAP-2026-04-1601,historical_ap,volume_opex
JE-HAP-2026-04-1602,2026-04,2026-04-30,2026-04-30,6000-Operating,1000-Cash,2565,25.65,security monitoring hosts 2026-04,GitHub,,HAP-2026-04-1602,HAP-2026-04-1602,historical_ap,volume_opex
JE-HAP-2026-04-1603,2026-04,2026-04-30,2026-04-30,6000-Operating,1000-Cash,6176,61.76,usage overage block 2026-04,Misc Supplies,,HAP-2026-04-1603,HAP-2026-04-1603,historical_ap,volume_opex
JE-HAP-2026-04-1604,2026-04,2026-04-30,2026-04-30,6000-Operating,1000-Cash,1080187,10801.87,premium support 2026-04,Okta,,HAP-2026-04-1604,HAP-2026-04-1604,historical_ap,volume_opex
JE-HAP-2026-04-1605,2026-04,2026-04-30,2026-04-30,6000-Operating,1000-Cash,30998,309.98,warehouse consumables 2026-04,Cloudflare,,HAP-2026-04-1605,HAP-2026-04-1605,historical_ap,volume_opex
JE-HAP-2026-04-1606,2026-04,2026-04-30,2026-04-30,6000-Operating,1000-Cash,12209,122.09,security monitoring hosts 2026-04,Staples Business Advantage,,HAP-2026-04-1606,HAP-2026-04-1606,historical_ap,volume_opex
JE-HAP-2026-04-1607,2026-04,2026-04-30,2026-04-30,6000-Operating,1000-Cash,1720,17.2,usage overage block 2026-04,Comcast Business,,HAP-2026-04-1607,HAP-2026-04-1607,historical_ap,volume_opex
JE-HAP-2026-04-1608,2026-04,2026-04-30,2026-04-30,6000-Operating,1000-Cash,540231,5402.31,premium support 2026-04,HubSpot,,HAP-2026-04-1608,HAP-2026-04-1608,historical_ap,volume_opex
JE-HAP-2026-04-1609,2026-04,2026-04-30,2026-04-30,6000-Operating,1000-Cash,6242,62.42,usage overage block 2026-04,Staples Business Advantage,,HAP-2026-04-1609,HAP-2026-04-1609,historical_ap,volume_opex
JE-HAP-2026-04-1610,2026-04,2026-04-30,2026-04-30,6000-Operating,1000-Cash,1080000,10800.0,premium support 2026-04,Comcast Business,,HAP-2026-04-1610,HAP-2026-04-1610,historical_ap,volume_opex
JE-HAP-2026-04-1611,2026-04,2026-04-30,2026-04-30,6000-Operating,1000-Cash,30811,308.11,warehouse consumables 2026-04,HubSpot,,HAP-2026-04-1611,HAP-2026-04-1611,historical_ap,volume_opex
JE-HAP-2026-04-1612,2026-04,2026-04-30,2026-04-30,6000-Operating,1000-Cash,12022,120.22,security monitoring hosts 2026-04,Palo Alto Networks,,HAP-2026-04-1612,HAP-2026-04-1612,historical_ap,volume_opex
JE-HAP-2026-04-1613,2026-04,2026-04-30,2026-04-30,6000-Operating,1000-Cash,1533,15.33,usage overage block 2026-04,Vanta,,HAP-2026-04-1613,HAP-2026-04-1613,historical_ap,volume_opex
JE-HAP-2026-04-1614,2026-04,2026-04-30,2026-04-30,6000-Operating,1000-Cash,540044,5400.44,premium support 2026-04,Acme Supply Co.,,HAP-2026-04-1614,HAP-2026-04-1614,historical_ap,volume_opex
JE-HAP-2026-04-1615,2026-04,2026-04-30,2026-04-30,6000-Operating,1000-Cash,19305,193.05,warehouse consumables 2026-04,Helios Hardware,,HAP-2026-04-1615,HAP-2026-04-1615,historical_ap,volume_opex
JE-HAP-2026-04-1616,2026-04,2026-04-30,2026-04-30,6000-Operating,1000-Cash,8466,84.66,security monitoring hosts 2026-04,Google Cloud,,HAP-2026-04-1616,HAP-2026-04-1616,historical_ap,volume_opex
JE-HAP-2026-04-1617,2026-04,2026-04-30,2026-04-30,6000-Operating,1000-Cash,13577,135.77,usage overage block 2026-04,Dell Technologies,,HAP-2026-04-1617,HAP-2026-04-1617,historical_ap,volume_opex
JE-HAP-2026-04-1618,2026-04,2026-04-30,2026-04-30,6000-Operating,1000-Cash,1980088,19800.88,premium support 2026-04,Shadow Vendor LLC,,HAP-2026-04-1618,HAP-2026-04-1618,historical_ap,volume_opex
JE-HAP-2026-04-1619,2026-04,2026-04-30,2026-04-30,6000-Operating,1000-Cash,7799,77.99,warehouse consumables 2026-04,Twilio,,HAP-2026-04-1619,HAP-2026-04-1619,historical_ap,volume_opex
JE-HAP-2026-04-1620,2026-04,2026-04-30,2026-04-30,6000-Operating,1000-Cash,4910,49.1,security monitoring hosts 2026-04,CrowdStrike,,HAP-2026-04-1620,HAP-2026-04-1620,historical_ap,volume_opex
JE-HAP-2026-04-1621,2026-04,2026-04-30,2026-04-30,6000-Operating,1000-Cash,19371,193.71,warehouse consumables 2026-04,Shadow Vendor LLC,,HAP-2026-04-1621,HAP-2026-04-1621,historical_ap,volume_opex
JE-HAP-2026-04-1622,2026-04,2026-04-30,2026-04-30,6000-Operating,1000-Cash,8532,85.32,security monitoring hosts 2026-04,Twilio,,HAP-2026-04-1622,HAP-2026-04-1622,historical_ap,volume_opex
JE-HAP-2026-04-1623,2026-04,2026-04-30,2026-04-30,6000-Operating,1000-Cash,13643,136.43,usage overage block 2026-04,CrowdStrike,,HAP-2026-04-1623,HAP-2026-04-1623,historical_ap,volume_opex
JE-HAP-2026-04-1624,2026-04,2026-04-30,2026-04-30,6000-Operating,1000-Cash,1980154,19801.54,premium support 2026-04,Northline Fab Group,,HAP-2026-04-1624,HAP-2026-04-1624,historical_ap,volume_opex
JE-HAP-2026-04-1625,2026-04,2026-04-30,2026-04-30,6000-Operating,1000-Cash,7865,78.65,warehouse consumables 2026-04,FedEx,,HAP-2026-04-1625,HAP-2026-04-1625,historical_ap,volume_opex
JE-HAP-2026-04-1626,2026-04,2026-04-30,2026-04-30,6000-Operating,1000-Cash,4976,49.76,security monitoring hosts 2026-04,Pagaya Coffee Service,,HAP-2026-04-1626,HAP-2026-04-1626,historical_ap,volume_opex
JE-HAP-2026-04-1627,2026-04,2026-04-30,2026-04-30,6000-Operating,1000-Cash,9187,91.87,usage overage block 2026-04,Stripe Processing,,HAP-2026-04-1627,HAP-2026-04-1627,historical_ap,volume_opex
JE-HAP-2026-04-1628,2026-04,2026-04-30,2026-04-30,6000-Operating,1000-Cash,1440198,14401.98,premium support 2026-04,Boston Edison Steam,,HAP-2026-04-1628,HAP-2026-04-1628,historical_ap,volume_opex
JE-HAP-2026-04-1629,2026-04,2026-04-30,2026-04-30,6000-Operating,1000-Cash,38709,387.09,warehouse consumables 2026-04,Linear App,,HAP-2026-04-1629,HAP-2026-04-1629,historical_ap,volume_opex
JE-HAP-2026-04-1630,2026-04,2026-04-30,2026-04-30,6000-Operating,1000-Cash,1420,14.2,security monitoring hosts 2026-04,Amazon Web Services,,HAP-2026-04-1630,HAP-2026-04-1630,historical_ap,volume_opex
JE-HAP-2026-04-1631,2026-04,2026-04-30,2026-04-30,6000-Operating,1000-Cash,4731,47.31,usage overage block 2026-04,Datadog,,HAP-2026-04-1631,HAP-2026-04-1631,historical_ap,volume_opex
JE-HAP-2026-04-1632,2026-04,2026-04-30,2026-04-30,6000-Operating,1000-Cash,900242,9002.42,premium support 2026-04,Hartford Insurance,,HAP-2026-04-1632,HAP-2026-04-1632,historical_ap,volume_opex
JE-HAP-2026-04-1633,2026-04,2026-04-30,2026-04-30,6000-Operating,1000-Cash,9000,90.0,usage overage block 2026-04,Amazon Web Services,,HAP-2026-04-1633,HAP-2026-04-1633,historical_ap,volume_opex
JE-HAP-2026-04-1634,2026-04,2026-04-30,2026-04-30,6000-Operating,1000-Cash,1440011,14400.11,premium support 2026-04,Datadog,,HAP-2026-04-1634,HAP-2026-04-1634,historical_ap,volume_opex
JE-HAP-2026-04-1635,2026-04,2026-04-30,2026-04-30,6000-Operating,1000-Cash,38522,385.22,warehouse consumables 2026-04,Hartford Insurance,,HAP-2026-04-1635,HAP-2026-04-1635,historical_ap,volume_opex
JE-HAP-2026-04-1636,2026-04,2026-04-30,2026-04-30,6000-Operating,1000-Cash,1233,12.33,security monitoring hosts 2026-04,Harbor Electric,,HAP-2026-04-1636,HAP-2026-04-1636,historical_ap,volume_opex
JE-HAP-2026-04-1637,2026-04,2026-04-30,2026-04-30,6000-Operating,1000-Cash,4544,45.44,usage overage block 2026-04,Freightline Logistics,,HAP-2026-04-1637,HAP-2026-04-1637,historical_ap,volume_opex
JE-HAP-2026-04-1638,2026-04,2026-04-30,2026-04-30,6000-Operating,1000-Cash,900055,9000.55,premium support 2026-04,Notion Labs,,HAP-2026-04-1638,HAP-2026-04-1638,historical_ap,volume_opex
JE-HAP-2026-04-1639,2026-04,2026-04-30,2026-04-30,6000-Operating,1000-Cash,27016,270.16,warehouse consumables 2026-04,Zoom Video,,HAP-2026-04-1639,HAP-2026-04-1639,historical_ap,volume_opex
JE-HAP-2026-04-1640,2026-04,2026-04-30,2026-04-30,6000-Operating,1000-Cash,10877,108.77,security monitoring hosts 2026-04,Helios Hardware Supply,,HAP-2026-04-1640,HAP-2026-04-1640,historical_ap,volume_opex
JE-HAP-2026-04-1641,2026-04,2026-04-30,2026-04-30,6000-Operating,1000-Cash,16588,165.88,usage overage block 2026-04,ADP,,HAP-2026-04-1641,HAP-2026-04-1641,historical_ap,volume_opex
JE-HAP-2026-04-1642,2026-04,2026-04-30,2026-04-30,6000-Operating,1000-Cash,360099,3600.99,premium support 2026-04,CleanRoom Janitorial,,HAP-2026-04-1642,HAP-2026-04-1642,historical_ap,volume_opex
JE-HAP-2026-04-1643,2026-04,2026-04-30,2026-04-30,6000-Operating,1000-Cash,15510,155.1,warehouse consumables 2026-04,Adyen NV,,HAP-2026-04-1643,HAP-2026-04-1643,historical_ap,volume_opex
JE-HAP-2026-04-1644,2026-04,2026-04-30,2026-04-30,6000-Operating,1000-Cash,7321,73.21,security monitoring hosts 2026-04,Carta,,HAP-2026-04-1644,HAP-2026-04-1644,historical_ap,volume_opex
JE-HAP-2026-04-1645,2026-04,2026-04-30,2026-04-30,6000-Operating,1000-Cash,27082,270.82,warehouse consumables 2026-04,CleanRoom Janitorial,,HAP-2026-04-1645,HAP-2026-04-1645,historical_ap,volume_opex
JE-HAP-2026-04-1646,2026-04,2026-04-30,2026-04-30,6000-Operating,1000-Cash,10943,109.43,security monitoring hosts 2026-04,Adyen NV,,HAP-2026-04-1646,HAP-2026-04-1646,historical_ap,volume_opex
JE-HAP-2026-04-1647,2026-04,2026-04-30,2026-04-30,6000-Operating,1000-Cash,16654,166.54,usage overage block 2026-04,Carta,,HAP-2026-04-1647,HAP-2026-04-1647,historical_ap,volume_opex
JE-HAP-2026-04-1648,2026-04,2026-04-30,2026-04-30,6000-Operating,1000-Cash,360165,3601.65,premium support 2026-04,Acme Supplies,,HAP-2026-04-1648,HAP-2026-04-1648,historical_ap,volume_opex
JE-HAP-2026-04-1649,2026-04,2026-04-30,2026-04-30,6000-Operating,1000-Cash,15576,155.76,warehouse consumables 2026-04,Northline Fabrication,,HAP-2026-04-1649,HAP-2026-04-1649,historical_ap,volume_opex
JE-HAP-2026-04-1650,2026-04,2026-04-30,2026-04-30,6000-Operating,1000-Cash,7387,73.87,security monitoring hosts 2026-04,Slack Technologies,,HAP-2026-04-1650,HAP-2026-04-1650,historical_ap,volume_opex
JE-HAP-2026-04-1651,2026-04,2026-04-30,2026-04-30,6000-Operating,1000-Cash,12198,121.98,usage overage block 2026-04,Orbit Analytics,,HAP-2026-04-1651,HAP-2026-04-1651,historical_ap,volume_opex
JE-HAP-2026-04-1652,2026-04,2026-04-30,2026-04-30,6000-Operating,1000-Cash,1800209,18002.09,premium support 2026-04,Lindholm & Ruiz LLP,,HAP-2026-04-1652,HAP-2026-04-1652,historical_ap,volume_opex
JE-HAP-2026-04-1653,2026-04,2026-04-30,2026-04-30,6000-Operating,1000-Cash,4070,40.7,warehouse consumables 2026-04,Lenovo,,HAP-2026-04-1653,HAP-2026-04-1653,historical_ap,volume_opex
JE-HAP-2026-04-1654,2026-04,2026-04-30,2026-04-30,6000-Operating,1000-Cash,3831,38.31,security monitoring hosts 2026-04,Snowflake,,HAP-2026-04-1654,HAP-2026-04-1654,historical_ap,volume_opex
JE-HAP-2026-04-1655,2026-04,2026-04-30,2026-04-30,6000-Operating,1000-Cash,7742,77.42,usage overage block 2026-04,Atlassian,,HAP-2026-04-1655,HAP-2026-04-1655,historical_ap,volume_opex
JE-HAP-2026-04-1656,2026-04,2026-04-30,2026-04-30,6000-Operating,1000-Cash,1260000,12600.0,premium support 2026-04,Harbor Power & Light,,HAP-2026-04-1656,HAP-2026-04-1656,historical_ap,volume_opex
JE-HAP-2026-04-1657,2026-04,2026-04-30,2026-04-30,6000-Operating,1000-Cash,12011,120.11,usage overage block 2026-04,Snowflake,,HAP-2026-04-1657,HAP-2026-04-1657,historical_ap,volume_opex
JE-HAP-2026-04-1658,2026-04,2026-04-30,2026-04-30,6000-Operating,1000-Cash,1800022,18000.22,premium support 2026-04,Atlassian,,HAP-2026-04-1658,HAP-2026-04-1658,historical_ap,volume_opex
JE-HAP-2026-04-1659,2026-04,2026-04-30,2026-04-30,6000-Operating,1000-Cash,3883,38.83,warehouse consumables 2026-04,Harbor Power & Light,,HAP-2026-04-1659,HAP-2026-04-1659,historical_ap,volume_opex
JE-HAP-2026-04-1660,2026-04,2026-04-30,2026-04-30,6000-Operating,1000-Cash,3644,36.44,security monitoring hosts 2026-04,WeWork Cambridge,,HAP-2026-04-1660,HAP-2026-04-1660,historical_ap,volume_opex
JE-HAP-2026-04-1661,2026-04,2026-04-30,2026-04-30,6000-Operating,1000-Cash,7555,75.55,usage overage block 2026-04,Kendall Square Parking,,HAP-2026-04-1661,HAP-2026-04-1661,historical_ap,volume_opex
JE-HAP-2026-04-1662,2026-04,2026-04-30,2026-04-30,6000-Operating,1000-Cash,1260066,12600.66,premium support 2026-04,DocuSign,,HAP-2026-04-1662,HAP-2026-04-1662,historical_ap,volume_opex
JE-HAP-2026-04-1663,2026-04,2026-04-30,2026-04-30,6000-Operating,1000-Cash,34727,347.27,warehouse consumables 2026-04,Gusto Payroll,,HAP-2026-04-1663,HAP-2026-04-1663,historical_ap,volume_opex
JE-HAP-2026-04-1664,2026-04,2026-04-30,2026-04-30,6000-Operating,1000-Cash,13288,132.88,security monitoring hosts 2026-04,Acme Supplies LLC,,HAP-2026-04-1664,HAP-2026-04-1664,historical_ap,volume_opex
JE-HAP-2026-04-1665,2026-04,2026-04-30,2026-04-30,6000-Operating,1000-Cash,3099,30.99,usage overage block 2026-04,Office Depot,,HAP-2026-04-1665,HAP-2026-04-1665,historical_ap,volume_opex
JE-HAP-2026-04-1666,2026-04,2026-04-30,2026-04-30,6000-Operating,1000-Cash,720110,7201.1,premium support 2026-04,Figma,,HAP-2026-04-1666,HAP-2026-04-1666,historical_ap,volume_opex
JE-HAP-2026-04-1667,2026-04,2026-04-30,2026-04-30,6000-Operating,1000-Cash,23221,232.21,warehouse consumables 2026-04,Cambridge Properties,,HAP-2026-04-1667,HAP-2026-04-1667,historical_ap,volume_opex
JE-HAP-2026-04-1668,2026-04,2026-04-30,2026-04-30,6000-Operating,1000-Cash,9732,97.32,security monitoring hosts 2026-04,GitHub,,HAP-2026-04-1668,HAP-2026-04-1668,historical_ap,volume_opex
JE-HAP-2026-04-1669,2026-04,2026-04-30,2026-04-30,6000-Operating,1000-Cash,34793,347.93,warehouse consumables 2026-04,Figma,,HAP-2026-04-1669,HAP-2026-04-1669,historical_ap,volume_opex
JE-HAP-2026-04-1670,2026-04,2026-04-30,2026-04-30,6000-Operating,1000-Cash,13354,133.54,security monitoring hosts 2026-04,Cambridge Properties,,HAP-2026-04-1670,HAP-2026-04-1670,historical_ap,volume_opex
JE-HAP-2026-04-1671,2026-04,2026-04-30,2026-04-30,6000-Operating,1000-Cash,3165,31.65,usage overage block 2026-04,GitHub,,HAP-2026-04-1671,HAP-2026-04-1671,historical_ap,volume_opex
JE-HAP-2026-04-1672,2026-04,2026-04-30,2026-04-30,6000-Operating,1000-Cash,720176,7201.76,premium support 2026-04,Misc Supplies,,HAP-2026-04-1672,HAP-2026-04-1672,historical_ap,volume_opex
JE-HAP-2026-04-1673,2026-04,2026-04-30,2026-04-30,6000-Operating,1000-Cash,23287,232.87,warehouse consumables 2026-04,Okta,,HAP-2026-04-1673,HAP-2026-04-1673,historical_ap,volume_opex
JE-HAP-2026-04-1674,2026-04,2026-04-30,2026-04-30,6000-Operating,1000-Cash,9798,97.98,security monitoring hosts 2026-04,Cloudflare,,HAP-2026-04-1674,HAP-2026-04-1674,historical_ap,volume_opex
JE-HAP-2026-04-1675,2026-04,2026-04-30,2026-04-30,6000-Operating,1000-Cash,15209,152.09,usage overage block 2026-04,Staples Business Advantage,,HAP-2026-04-1675,HAP-2026-04-1675,historical_ap,volume_opex
JE-HAP-2026-04-1676,2026-04,2026-04-30,2026-04-30,6000-Operating,1000-Cash,180220,1802.2,premium support 2026-04,Comcast Business,,HAP-2026-04-1676,HAP-2026-04-1676,historical_ap,volume_opex
JE-HAP-2026-04-1677,2026-04,2026-04-30,2026-04-30,6000-Operating,1000-Cash,11781,117.81,warehouse consumables 2026-04,HubSpot,,HAP-2026-04-1677,HAP-2026-04-1677,historical_ap,volume_opex
JE-HAP-2026-04-1678,2026-04,2026-04-30,2026-04-30,6000-Operating,1000-Cash,6242,62.42,security monitoring hosts 2026-04,Palo Alto Networks,,HAP-2026-04-1678,HAP-2026-04-1678,historical_ap,volume_opex
JE-HAP-2026-04-1679,2026-04,2026-04-30,2026-04-30,6000-Operating,1000-Cash,10500,105.0,usage overage block 2026-04,Vanta,,HAP-2026-04-1679,HAP-2026-04-1679,historical_ap,volume_opex
JE-HAP-2026-04-1680,2026-04,2026-04-30,2026-04-30,6000-Operating,1000-Cash,1620011,16200.11,premium support 2026-04,Acme Supply Co.,,HAP-2026-04-1680,HAP-2026-04-1680,historical_ap,volume_opex
JE-HAP-2026-05-1681,2026-05,2026-05-20,2026-05-20,6000-Operating,1000-Cash,15022,150.22,usage overage block 2026-05,Palo Alto Networks,,HAP-2026-05-1681,HAP-2026-05-1681,historical_ap,volume_opex
JE-HAP-2026-05-1682,2026-05,2026-05-20,2026-05-20,6000-Operating,1000-Cash,180033,1800.33,premium support 2026-05,Vanta,,HAP-2026-05-1682,HAP-2026-05-1682,historical_ap,volume_opex
JE-HAP-2026-05-1683,2026-05,2026-05-20,2026-05-20,6000-Operating,1000-Cash,11594,115.94,warehouse consumables 2026-05,Acme Supply Co.,,HAP-2026-05-1683,HAP-2026-05-1683,historical_ap,volume_opex
JE-HAP-2026-05-1684,2026-05,2026-05-20,2026-05-20,6000-Operating,1000-Cash,6055,60.55,security monitoring hosts 2026-05,Helios Hardware,,HAP-2026-05-1684,HAP-2026-05-1684,historical_ap,volume_opex
JE-HAP-2026-05-1685,2026-05,2026-05-20,2026-05-20,6000-Operating,1000-Cash,10566,105.66,usage overage block 2026-05,Google Cloud,,HAP-2026-05-1685,HAP-2026-05-1685,historical_ap,volume_opex
JE-HAP-2026-05-1686,2026-05,2026-05-20,2026-05-20,6000-Operating,1000-Cash,1620077,16200.77,premium support 2026-05,Dell Technologies,,HAP-2026-05-1686,HAP-2026-05-1686,historical_ap,volume_opex
JE-HAP-2026-05-1687,2026-05,2026-05-20,2026-05-20,6000-Operating,1000-Cash,42438,424.38,warehouse consumables 2026-05,Shadow Vendor LLC,,HAP-2026-05-1687,HAP-2026-05-1687,historical_ap,volume_opex
JE-HAP-2026-05-1688,2026-05,2026-05-20,2026-05-20,6000-Operating,1000-Cash,2499,24.99,security monitoring hosts 2026-05,Twilio,,HAP-2026-05-1688,HAP-2026-05-1688,historical_ap,volume_opex
JE-HAP-2026-05-1689,2026-05,2026-05-20,2026-05-20,6000-Operating,1000-Cash,6110,61.1,usage overage block 2026-05,CrowdStrike,,HAP-2026-05-1689,HAP-2026-05-1689,historical_ap,volume_opex
JE-HAP-2026-05-1690,2026-05,2026-05-20,2026-05-20,6000-Operating,1000-Cash,1080121,10801.21,premium support 2026-05,Northline Fab Group,,HAP-2026-05-1690,HAP-2026-05-1690,historical_ap,volume_opex
JE-HAP-2026-05-1691,2026-05,2026-05-20,2026-05-20,6000-Operating,1000-Cash,30932,309.32,warehouse consumables 2026-05,FedEx,,HAP-2026-05-1691,HAP-2026-05-1691,historical_ap,volume_opex
JE-HAP-2026-05-1692,2026-05,2026-05-20,2026-05-20,6000-Operating,1000-Cash,12143,121.43,security monitoring hosts 2026-05,Pagaya Coffee Service,,HAP-2026-05-1692,HAP-2026-05-1692,historical_ap,volume_opex
JE-HAP-2026-05-1693,2026-05,2026-05-21,2026-05-21,6000-Operating,1000-Cash,42504,425.04,warehouse consumables 2026-05,Northline Fab Group,,HAP-2026-05-1693,HAP-2026-05-1693,historical_ap,volume_opex
JE-HAP-2026-05-1694,2026-05,2026-05-21,2026-05-21,6000-Operating,1000-Cash,2565,25.65,security monitoring hosts 2026-05,FedEx,,HAP-2026-05-1694,HAP-2026-05-1694,historical_ap,volume_opex
JE-HAP-2026-05-1695,2026-05,2026-05-21,2026-05-21,6000-Operating,1000-Cash,6176,61.76,usage overage block 2026-05,Pagaya Coffee Service,,HAP-2026-05-1695,HAP-2026-05-1695,historical_ap,volume_opex
JE-HAP-2026-05-1696,2026-05,2026-05-21,2026-05-21,6000-Operating,1000-Cash,1080187,10801.87,premium support 2026-05,Stripe Processing,,HAP-2026-05-1696,HAP-2026-05-1696,historical_ap,volume_opex
JE-HAP-2026-05-1697,2026-05,2026-05-21,2026-05-21,6000-Operating,1000-Cash,30998,309.98,warehouse consumables 2026-05,Boston Edison Steam,,HAP-2026-05-1697,HAP-2026-05-1697,historical_ap,volume_opex
JE-HAP-2026-05-1698,2026-05,2026-05-21,2026-05-21,6000-Operating,1000-Cash,12209,122.09,security monitoring hosts 2026-05,Linear App,,HAP-2026-05-1698,HAP-2026-05-1698,historical_ap,volume_opex
JE-HAP-2026-05-1699,2026-05,2026-05-21,2026-05-21,6000-Operating,1000-Cash,1720,17.2,usage overage block 2026-05,Amazon Web Services,,HAP-2026-05-1699,HAP-2026-05-1699,historical_ap,volume_opex
JE-HAP-2026-05-1700,2026-05,2026-05-21,2026-05-21,6000-Operating,1000-Cash,540231,5402.31,premium support 2026-05,Datadog,,HAP-2026-05-1700,HAP-2026-05-1700,historical_ap,volume_opex
JE-HAP-2026-05-1701,2026-05,2026-05-21,2026-05-21,6000-Operating,1000-Cash,19492,194.92,warehouse consumables 2026-05,Hartford Insurance,,HAP-2026-05-1701,HAP-2026-05-1701,historical_ap,volume_opex
JE-HAP-2026-05-1702,2026-05,2026-05-21,2026-05-21,6000-Operating,1000-Cash,8400,84.0,security monitoring hosts 2026-05,Harbor Electric,,HAP-2026-05-1702,HAP-2026-05-1702,historical_ap,volume_opex
JE-HAP-2026-05-1703,2026-05,2026-05-21,2026-05-21,6000-Operating,1000-Cash,13511,135.11,usage overage block 2026-05,Freightline Logistics,,HAP-2026-05-1703,HAP-2026-05-1703,historical_ap,volume_opex
JE-HAP-2026-05-1704,2026-05,2026-05-21,2026-05-21,6000-Operating,1000-Cash,1980022,19800.22,premium support 2026-05,Notion Labs,,HAP-2026-05-1704,HAP-2026-05-1704,historical_ap,volume_opex
JE-HAP-2026-05-1705,2026-05,2026-05-22,2026-05-22,6000-Operating,1000-Cash,1533,15.33,usage overage block 2026-05,Harbor Electric,,HAP-2026-05-1705,HAP-2026-05-1705,historical_ap,volume_opex
JE-HAP-2026-05-1706,2026-05,2026-05-22,2026-05-22,6000-Operating,1000-Cash,540044,5400.44,premium support 2026-05,Freightline Logistics,,HAP-2026-05-1706,HAP-2026-05-1706,historical_ap,volume_opex
JE-HAP-2026-05-1707,2026-05,2026-05-22,2026-05-22,6000-Operating,1000-Cash,19305,193.05,warehouse consumables 2026-05,Notion Labs,,HAP-2026-05-1707,HAP-2026-05-1707,historical_ap,volume_opex
JE-HAP-2026-05-1708,2026-05,2026-05-22,2026-05-22,6000-Operating,1000-Cash,8466,84.66,security monitoring hosts 2026-05,Zoom Video,,HAP-2026-05-1708,HAP-2026-05-1708,historical_ap,volume_opex
JE-HAP-2026-05-1709,2026-05,2026-05-22,2026-05-22,6000-Operating,1000-Cash,13577,135.77,usage overage block 2026-05,Helios Hardware Supply,,HAP-2026-05-1709,HAP-2026-05-1709,historical_ap,volume_opex
JE-HAP-2026-05-1710,2026-05,2026-05-22,2026-05-22,6000-Operating,1000-Cash,1980088,19800.88,premium support 2026-05,ADP,,HAP-2026-05-1710,HAP-2026-05-1710,historical_ap,volume_opex
JE-HAP-2026-05-1711,2026-05,2026-05-22,2026-05-22,6000-Operating,1000-Cash,7799,77.99,warehouse consumables 2026-05,CleanRoom Janitorial,,HAP-2026-05-1711,HAP-2026-05-1711,historical_ap,volume_opex
JE-HAP-2026-05-1712,2026-05,2026-05-22,2026-05-22,6000-Operating,1000-Cash,4910,49.1,security monitoring hosts 2026-05,Adyen NV,,HAP-2026-05-1712,HAP-2026-05-1712,historical_ap,volume_opex
JE-HAP-2026-05-1713,2026-05,2026-05-22,2026-05-22,6000-Operating,1000-Cash,9121,91.21,usage overage block 2026-05,Carta,,HAP-2026-05-1713,HAP-2026-05-1713,historical_ap,volume_opex
JE-HAP-2026-05-1714,2026-05,2026-05-22,2026-05-22,6000-Operating,1000-Cash,1440132,14401.32,premium support 2026-05,Acme Supplies,,HAP-2026-05-1714,HAP-2026-05-1714,historical_ap,volume_opex
JE-HAP-2026-05-1715,2026-05,2026-05-22,2026-05-22,6000-Operating,1000-Cash,38643,386.43,warehouse consumables 2026-05,Northline Fabrication,,HAP-2026-05-1715,HAP-2026-05-1715,historical_ap,volume_opex
JE-HAP-2026-05-1716,2026-05,2026-05-22,2026-05-22,6000-Operating,1000-Cash,1354,13.54,security monitoring hosts 2026-05,Slack Technologies,,HAP-2026-05-1716,HAP-2026-05-1716,historical_ap,volume_opex
JE-HAP-2026-05-1717,2026-05,2026-05-23,2026-05-23,6000-Operating,1000-Cash,7865,78.65,warehouse consumables 2026-05,Acme Supplies,,HAP-2026-05-1717,HAP-2026-05-1717,historical_ap,volume_opex
JE-HAP-2026-05-1718,2026-05,2026-05-23,2026-05-23,6000-Operating,1000-Cash,4976,49.76,security monitoring hosts 2026-05,Northline Fabrication,,HAP-2026-05-1718,HAP-2026-05-1718,historical_ap,volume_opex
JE-HAP-2026-05-1719,2026-05,2026-05-23,2026-05-23,6000-Operating,1000-Cash,9187,91.87,usage overage block 2026-05,Slack Technologies,,HAP-2026-05-1719,HAP-2026-05-1719,historical_ap,volume_opex
JE-HAP-2026-05-1720,2026-05,2026-05-23,2026-05-23,6000-Operating,1000-Cash,1440198,14401.98,premium support 2026-05,Orbit Analytics,,HAP-2026-05-1720,HAP-2026-05-1720,historical_ap,volume_opex
JE-HAP-2026-05-1721,2026-05,2026-05-23,2026-05-23,6000-Operating,1000-Cash,38709,387.09,warehouse consumables 2026-05,Lindholm & Ruiz LLP,,HAP-2026-05-1721,HAP-2026-05-1721,historical_ap,volume_opex
JE-HAP-2026-05-1722,2026-05,2026-05-23,2026-05-23,6000-Operating,1000-Cash,1420,14.2,security monitoring hosts 2026-05,Lenovo,,HAP-2026-05-1722,HAP-2026-05-1722,historical_ap,volume_opex
JE-HAP-2026-05-1723,2026-05,2026-05-23,2026-05-23,6000-Operating,1000-Cash,4731,47.31,usage overage block 2026-05,Snowflake,,HAP-2026-05-1723,HAP-2026-05-1723,historical_ap,volume_opex
JE-HAP-2026-05-1724,2026-05,2026-05-23,2026-05-23,6000-Operating,1000-Cash,900242,9002.42,premium support 2026-05,Atlassian,,HAP-2026-05-1724,HAP-2026-05-1724,historical_ap,volume_opex
JE-HAP-2026-05-1725,2026-05,2026-05-23,2026-05-23,6000-Operating,1000-Cash,26950,269.5,warehouse consumables 2026-05,Harbor Power & Light,,HAP-2026-05-1725,HAP-2026-05-1725,historical_ap,volume_opex
JE-HAP-2026-05-1726,2026-05,2026-05-23,2026-05-23,6000-Operating,1000-Cash,10811,108.11,security monitoring hosts 2026-05,WeWork Cambridge,,HAP-2026-05-1726,HAP-2026-05-1726,historical_ap,volume_opex
JE-HAP-2026-05-1727,2026-05,2026-05-23,2026-05-23,6000-Operating,1000-Cash,16522,165.22,usage overage block 2026-05,Kendall Square Parking,,HAP-2026-05-1727,HAP-2026-05-1727,historical_ap,volume_opex
JE-HAP-2026-05-1728,2026-05,2026-05-23,2026-05-23,6000-Operating,1000-Cash,360033,3600.33,premium support 2026-05,DocuSign,,HAP-2026-05-1728,HAP-2026-05-1728,historical_ap,volume_opex
JE-HAP-2026-05-1729,2026-05,2026-05-24,2026-05-24,6000-Operating,1000-Cash,4544,45.44,usage overage block 2026-05,WeWork Cambridge,,HAP-2026-05-1729,HAP-2026-05-1729,historical_ap,volume_opex
JE-HAP-2026-05-1730,2026-05,2026-05-24,2026-05-24,6000-Operating,1000-Cash,900055,9000.55,premium support 2026-05,Kendall Square Parking,,HAP-2026-05-1730,HAP-2026-05-1730,historical_ap,volume_opex
JE-HAP-2026-05-1731,2026-05,2026-05-24,2026-05-24,6000-Operating,1000-Cash,27016,270.16,warehouse consumables 2026-05,DocuSign,,HAP-2026-05-1731,HAP-2026-05-1731,historical_ap,volume_opex
JE-HAP-2026-05-1732,2026-05,2026-05-24,2026-05-24,6000-Operating,1000-Cash,10877,108.77,security monitoring hosts 2026-05,Gusto Payroll,,HAP-2026-05-1732,HAP-2026-05-1732,historical_ap,volume_opex
JE-HAP-2026-05-1733,2026-05,2026-05-24,2026-05-24,6000-Operating,1000-Cash,16588,165.88,usage overage block 2026-05,Acme Supplies LLC,,HAP-2026-05-1733,HAP-2026-05-1733,historical_ap,volume_opex
JE-HAP-2026-05-1734,2026-05,2026-05-24,2026-05-24,6000-Operating,1000-Cash,360099,3600.99,premium support 2026-05,Office Depot,,HAP-2026-05-1734,HAP-2026-05-1734,historical_ap,volume_opex
JE-HAP-2026-05-1735,2026-05,2026-05-24,2026-05-24,6000-Operating,1000-Cash,15510,155.1,warehouse consumables 2026-05,Figma,,HAP-2026-05-1735,HAP-2026-05-1735,historical_ap,volume_opex
JE-HAP-2026-05-1736,2026-05,2026-05-24,2026-05-24,6000-Operating,1000-Cash,7321,73.21,security monitoring hosts 2026-05,Cambridge Properties,,HAP-2026-05-1736,HAP-2026-05-1736,historical_ap,volume_opex
JE-HAP-2026-05-1737,2026-05,2026-05-24,2026-05-24,6000-Operating,1000-Cash,12132,121.32,usage overage block 2026-05,GitHub,,HAP-2026-05-1737,HAP-2026-05-1737,historical_ap,volume_opex
JE-HAP-2026-05-1738,2026-05,2026-05-24,2026-05-24,6000-Operating,1000-Cash,1800143,18001.43,premium support 2026-05,Misc Supplies,,HAP-2026-05-1738,HAP-2026-05-1738,historical_ap,volume_opex
JE-HAP-2026-05-1739,2026-05,2026-05-24,2026-05-24,6000-Operating,1000-Cash,4004,40.04,warehouse consumables 2026-05,Okta,,HAP-2026-05-1739,HAP-2026-05-1739,historical_ap,volume_opex
JE-HAP-2026-05-1740,2026-05,2026-05-24,2026-05-24,6000-Operating,1000-Cash,3765,37.65,security monitoring hosts 2026-05,Cloudflare,,HAP-2026-05-1740,HAP-2026-05-1740,historical_ap,volume_opex
JE-HAP-2026-05-1741,2026-05,2026-05-25,2026-05-25,6000-Operating,1000-Cash,15576,155.76,warehouse consumables 2026-05,Misc Supplies,,HAP-2026-05-1741,HAP-2026-05-1741,historical_ap,volume_opex
JE-HAP-2026-05-1742,2026-05,2026-05-25,2026-05-25,6000-Operating,1000-Cash,7387,73.87,security monitoring hosts 2026-05,Okta,,HAP-2026-05-1742,HAP-2026-05-1742,historical_ap,volume_opex
JE-HAP-2026-05-1743,2026-05,2026-05-25,2026-05-25,6000-Operating,1000-Cash,12198,121.98,usage overage block 2026-05,Cloudflare,,HAP-2026-05-1743,HAP-2026-05-1743,historical_ap,volume_opex
JE-HAP-2026-05-1744,2026-05,2026-05-25,2026-05-25,6000-Operating,1000-Cash,1800209,18002.09,premium support 2026-05,Staples Business Advantage,,HAP-2026-05-1744,HAP-2026-05-1744,historical_ap,volume_opex
JE-HAP-2026-05-1745,2026-05,2026-05-25,2026-05-25,6000-Operating,1000-Cash,4070,40.7,warehouse consumables 2026-05,Comcast Business,,HAP-2026-05-1745,HAP-2026-05-1745,historical_ap,volume_opex
JE-HAP-2026-05-1746,2026-05,2026-05-25,2026-05-25,6000-Operating,1000-Cash,3831,38.31,security monitoring hosts 2026-05,HubSpot,,HAP-2026-05-1746,HAP-2026-05-1746,historical_ap,volume_opex
JE-HAP-2026-05-1747,2026-05,2026-05-25,2026-05-25,6000-Operating,1000-Cash,7742,77.42,usage overage block 2026-05,Palo Alto Networks,,HAP-2026-05-1747,HAP-2026-05-1747,historical_ap,volume_opex
JE-HAP-2026-05-1748,2026-05,2026-05-25,2026-05-25,6000-Operating,1000-Cash,1260000,12600.0,premium support 2026-05,Vanta,,HAP-2026-05-1748,HAP-2026-05-1748,historical_ap,volume_opex
JE-HAP-2026-05-1749,2026-05,2026-05-25,2026-05-25,6000-Operating,1000-Cash,34661,346.61,warehouse consumables 2026-05,Acme Supply Co.,,HAP-2026-05-1749,HAP-2026-05-1749,historical_ap,volume_opex
JE-HAP-2026-05-1750,2026-05,2026-05-25,2026-05-25,6000-Operating,1000-Cash,13222,132.22,security monitoring hosts 2026-05,Helios Hardware,,HAP-2026-05-1750,HAP-2026-05-1750,historical_ap,volume_opex
JE-HAP-2026-05-1751,2026-05,2026-05-25,2026-05-25,6000-Operating,1000-Cash,3033,30.33,usage overage block 2026-05,Google Cloud,,HAP-2026-05-1751,HAP-2026-05-1751,historical_ap,volume_opex
JE-HAP-2026-05-1752,2026-05,2026-05-25,2026-05-25,6000-Operating,1000-Cash,720044,7200.44,premium support 2026-05,Dell Technologies,,HAP-2026-05-1752,HAP-2026-05-1752,historical_ap,volume_opex
JE-HAP-2026-05-1753,2026-05,2026-05-26,2026-05-26,6000-Operating,1000-Cash,7555,75.55,usage overage block 2026-05,Helios Hardware,,HAP-2026-05-1753,HAP-2026-05-1753,historical_ap,volume_opex
JE-HAP-2026-05-1754,2026-05,2026-05-26,2026-05-26,6000-Operating,1000-Cash,1260066,12600.66,premium support 2026-05,Google Cloud,,HAP-2026-05-1754,HAP-2026-05-1754,historical_ap,volume_opex
JE-HAP-2026-05-1755,2026-05,2026-05-26,2026-05-26,6000-Operating,1000-Cash,34727,347.27,warehouse consumables 2026-05,Dell Technologies,,HAP-2026-05-1755,HAP-2026-05-1755,historical_ap,volume_opex
JE-HAP-2026-05-1756,2026-05,2026-05-26,2026-05-26,6000-Operating,1000-Cash,13288,132.88,security monitoring hosts 2026-05,Shadow Vendor LLC,,HAP-2026-05-1756,HAP-2026-05-1756,historical_ap,volume_opex
JE-HAP-2026-05-1757,2026-05,2026-05-26,2026-05-26,6000-Operating,1000-Cash,3099,30.99,usage overage block 2026-05,Twilio,,HAP-2026-05-1757,HAP-2026-05-1757,historical_ap,volume_opex
JE-HAP-2026-05-1758,2026-05,2026-05-26,2026-05-26,6000-Operating,1000-Cash,720110,7201.1,premium support 2026-05,CrowdStrike,,HAP-2026-05-1758,HAP-2026-05-1758,historical_ap,volume_opex
JE-HAP-2026-05-1759,2026-05,2026-05-26,2026-05-26,6000-Operating,1000-Cash,23221,232.21,warehouse consumables 2026-05,Northline Fab Group,,HAP-2026-05-1759,HAP-2026-05-1759,historical_ap,volume_opex
JE-HAP-2026-05-1760,2026-05,2026-05-26,2026-05-26,6000-Operating,1000-Cash,9732,97.32,security monitoring hosts 2026-05,FedEx,,HAP-2026-05-1760,HAP-2026-05-1760,historical_ap,volume_opex
JE-HAP-2026-05-1761,2026-05,2026-05-26,2026-05-26,6000-Operating,1000-Cash,15143,151.43,usage overage block 2026-05,Pagaya Coffee Service,,HAP-2026-05-1761,HAP-2026-05-1761,historical_ap,volume_opex
JE-HAP-2026-05-1762,2026-05,2026-05-26,2026-05-26,6000-Operating,1000-Cash,180154,1801.54,premium support 2026-05,Stripe Processing,,HAP-2026-05-1762,HAP-2026-05-1762,historical_ap,volume_opex
JE-HAP-2026-05-1763,2026-05,2026-05-26,2026-05-26,6000-Operating,1000-Cash,11715,117.15,warehouse consumables 2026-05,Boston Edison Steam,,HAP-2026-05-1763,HAP-2026-05-1763,historical_ap,volume_opex
JE-HAP-2026-05-1764,2026-05,2026-05-26,2026-05-26,6000-Operating,1000-Cash,6176,61.76,security monitoring hosts 2026-05,Linear App,,HAP-2026-05-1764,HAP-2026-05-1764,historical_ap,volume_opex
JE-HAP-2026-05-1765,2026-05,2026-05-27,2026-05-27,6000-Operating,1000-Cash,23287,232.87,warehouse consumables 2026-05,Stripe Processing,,HAP-2026-05-1765,HAP-2026-05-1765,historical_ap,volume_opex
JE-HAP-2026-05-1766,2026-05,2026-05-27,2026-05-27,6000-Operating,1000-Cash,9798,97.98,security monitoring hosts 2026-05,Boston Edison Steam,,HAP-2026-05-1766,HAP-2026-05-1766,historical_ap,volume_opex
JE-HAP-2026-05-1767,2026-05,2026-05-27,2026-05-27,6000-Operating,1000-Cash,15209,152.09,usage overage block 2026-05,Linear App,,HAP-2026-05-1767,HAP-2026-05-1767,historical_ap,volume_opex
JE-HAP-2026-05-1768,2026-05,2026-05-27,2026-05-27,6000-Operating,1000-Cash,180220,1802.2,premium support 2026-05,Amazon Web Services,,HAP-2026-05-1768,HAP-2026-05-1768,historical_ap,volume_opex
JE-HAP-2026-05-1769,2026-05,2026-05-27,2026-05-27,6000-Operating,1000-Cash,11781,117.81,warehouse consumables 2026-05,Datadog,,HAP-2026-05-1769,HAP-2026-05-1769,historical_ap,volume_opex
JE-HAP-2026-05-1770,2026-05,2026-05-27,2026-05-27,6000-Operating,1000-Cash,6242,62.42,security monitoring hosts 2026-05,Hartford Insurance,,HAP-2026-05-1770,HAP-2026-05-1770,historical_ap,volume_opex
JE-HAP-2026-05-1771,2026-05,2026-05-27,2026-05-27,6000-Operating,1000-Cash,10500,105.0,usage overage block 2026-05,Harbor Electric,,HAP-2026-05-1771,HAP-2026-05-1771,historical_ap,volume_opex
JE-HAP-2026-05-1772,2026-05,2026-05-27,2026-05-27,6000-Operating,1000-Cash,1620011,16200.11,premium support 2026-05,Freightline Logistics,,HAP-2026-05-1772,HAP-2026-05-1772,historical_ap,volume_opex
JE-HAP-2026-05-1773,2026-05,2026-05-27,2026-05-27,6000-Operating,1000-Cash,42372,423.72,warehouse consumables 2026-05,Notion Labs,,HAP-2026-05-1773,HAP-2026-05-1773,historical_ap,volume_opex
JE-HAP-2026-05-1774,2026-05,2026-05-27,2026-05-27,6000-Operating,1000-Cash,2433,24.33,security monitoring hosts 2026-05,Zoom Video,,HAP-2026-05-1774,HAP-2026-05-1774,historical_ap,volume_opex
JE-HAP-2026-05-1775,2026-05,2026-05-27,2026-05-27,6000-Operating,1000-Cash,6044,60.44,usage overage block 2026-05,Helios Hardware Supply,,HAP-2026-05-1775,HAP-2026-05-1775,historical_ap,volume_opex
JE-HAP-2026-05-1776,2026-05,2026-05-27,2026-05-27,6000-Operating,1000-Cash,1080055,10800.55,premium support 2026-05,ADP,,HAP-2026-05-1776,HAP-2026-05-1776,historical_ap,volume_opex
JE-HAP-2026-05-1777,2026-05,2026-05-28,2026-05-28,6000-Operating,1000-Cash,10566,105.66,usage overage block 2026-05,Zoom Video,,HAP-2026-05-1777,HAP-2026-05-1777,historical_ap,volume_opex
JE-HAP-2026-05-1778,2026-05,2026-05-28,2026-05-28,6000-Operating,1000-Cash,1620077,16200.77,premium support 2026-05,Helios Hardware Supply,,HAP-2026-05-1778,HAP-2026-05-1778,historical_ap,volume_opex
JE-HAP-2026-05-1779,2026-05,2026-05-28,2026-05-28,6000-Operating,1000-Cash,42438,424.38,warehouse consumables 2026-05,ADP,,HAP-2026-05-1779,HAP-2026-05-1779,historical_ap,volume_opex
JE-HAP-2026-05-1780,2026-05,2026-05-28,2026-05-28,6000-Operating,1000-Cash,2499,24.99,security monitoring hosts 2026-05,CleanRoom Janitorial,,HAP-2026-05-1780,HAP-2026-05-1780,historical_ap,volume_opex
JE-HAP-2026-05-1781,2026-05,2026-05-28,2026-05-28,6000-Operating,1000-Cash,6110,61.1,usage overage block 2026-05,Adyen NV,,HAP-2026-05-1781,HAP-2026-05-1781,historical_ap,volume_opex
JE-HAP-2026-05-1782,2026-05,2026-05-28,2026-05-28,6000-Operating,1000-Cash,1080121,10801.21,premium support 2026-05,Carta,,HAP-2026-05-1782,HAP-2026-05-1782,historical_ap,volume_opex
JE-HAP-2026-05-1783,2026-05,2026-05-28,2026-05-28,6000-Operating,1000-Cash,30932,309.32,warehouse consumables 2026-05,Acme Supplies,,HAP-2026-05-1783,HAP-2026-05-1783,historical_ap,volume_opex
JE-HAP-2026-05-1784,2026-05,2026-05-28,2026-05-28,6000-Operating,1000-Cash,12143,121.43,security monitoring hosts 2026-05,Northline Fabrication,,HAP-2026-05-1784,HAP-2026-05-1784,historical_ap,volume_opex
JE-HAP-2026-05-1785,2026-05,2026-05-28,2026-05-28,6000-Operating,1000-Cash,1654,16.54,usage overage block 2026-05,Slack Technologies,,HAP-2026-05-1785,HAP-2026-05-1785,historical_ap,volume_opex
JE-HAP-2026-05-1786,2026-05,2026-05-28,2026-05-28,6000-Operating,1000-Cash,540165,5401.65,premium support 2026-05,Orbit Analytics,,HAP-2026-05-1786,HAP-2026-05-1786,historical_ap,volume_opex
JE-HAP-2026-05-1787,2026-05,2026-05-28,2026-05-28,6000-Operating,1000-Cash,19426,194.26,warehouse consumables 2026-05,Lindholm & Ruiz LLP,,HAP-2026-05-1787,HAP-2026-05-1787,historical_ap,volume_opex
JE-HAP-2026-05-1788,2026-05,2026-05-28,2026-05-28,6000-Operating,1000-Cash,8587,85.87,security monitoring hosts 2026-05,Lenovo,,HAP-2026-05-1788,HAP-2026-05-1788,historical_ap,volume_opex
JE-HAP-2026-05-1789,2026-05,2026-05-29,2026-05-29,6000-Operating,1000-Cash,30998,309.98,warehouse consumables 2026-05,Orbit Analytics,,HAP-2026-05-1789,HAP-2026-05-1789,historical_ap,volume_opex
JE-HAP-2026-05-1790,2026-05,2026-05-29,2026-05-29,6000-Operating,1000-Cash,12209,122.09,security monitoring hosts 2026-05,Lindholm & Ruiz LLP,,HAP-2026-05-1790,HAP-2026-05-1790,historical_ap,volume_opex
JE-HAP-2026-05-1791,2026-05,2026-05-29,2026-05-29,6000-Operating,1000-Cash,1720,17.2,usage overage block 2026-05,Lenovo,,HAP-2026-05-1791,HAP-2026-05-1791,historical_ap,volume_opex
JE-HAP-2026-05-1792,2026-05,2026-05-29,2026-05-29,6000-Operating,1000-Cash,540231,5402.31,premium support 2026-05,Snowflake,,HAP-2026-05-1792,HAP-2026-05-1792,historical_ap,volume_opex
JE-HAP-2026-05-1793,2026-05,2026-05-29,2026-05-29,6000-Operating,1000-Cash,19492,194.92,warehouse consumables 2026-05,Atlassian,,HAP-2026-05-1793,HAP-2026-05-1793,historical_ap,volume_opex
JE-HAP-2026-05-1794,2026-05,2026-05-29,2026-05-29,6000-Operating,1000-Cash,8400,84.0,security monitoring hosts 2026-05,Harbor Power & Light,,HAP-2026-05-1794,HAP-2026-05-1794,historical_ap,volume_opex
JE-HAP-2026-05-1795,2026-05,2026-05-29,2026-05-29,6000-Operating,1000-Cash,13511,135.11,usage overage block 2026-05,WeWork Cambridge,,HAP-2026-05-1795,HAP-2026-05-1795,historical_ap,volume_opex
JE-HAP-2026-05-1796,2026-05,2026-05-29,2026-05-29,6000-Operating,1000-Cash,1980022,19800.22,premium support 2026-05,Kendall Square Parking,,HAP-2026-05-1796,HAP-2026-05-1796,historical_ap,volume_opex
JE-HAP-2026-05-1797,2026-05,2026-05-29,2026-05-29,6000-Operating,1000-Cash,7733,77.33,warehouse consumables 2026-05,DocuSign,,HAP-2026-05-1797,HAP-2026-05-1797,historical_ap,volume_opex
JE-HAP-2026-05-1798,2026-05,2026-05-29,2026-05-29,6000-Operating,1000-Cash,4844,48.44,security monitoring hosts 2026-05,Gusto Payroll,,HAP-2026-05-1798,HAP-2026-05-1798,historical_ap,volume_opex
JE-HAP-2026-05-1799,2026-05,2026-05-29,2026-05-29,6000-Operating,1000-Cash,9055,90.55,usage overage block 2026-05,Acme Supplies LLC,,HAP-2026-05-1799,HAP-2026-05-1799,historical_ap,volume_opex
JE-HAP-2026-05-1800,2026-05,2026-05-29,2026-05-29,6000-Operating,1000-Cash,1440066,14400.66,premium support 2026-05,Office Depot,,HAP-2026-05-1800,HAP-2026-05-1800,historical_ap,volume_opex
JE-HAP-2026-05-1801,2026-05,2026-05-30,2026-05-30,6000-Operating,1000-Cash,13577,135.77,usage overage block 2026-05,Gusto Payroll,,HAP-2026-05-1801,HAP-2026-05-1801,historical_ap,volume_opex
JE-HAP-2026-05-1802,2026-05,2026-05-30,2026-05-30,6000-Operating,1000-Cash,1980088,19800.88,premium support 2026-05,Acme Supplies LLC,,HAP-2026-05-1802,HAP-2026-05-1802,historical_ap,volume_opex
JE-HAP-2026-05-1803,2026-05,2026-05-30,2026-05-30,6000-Operating,1000-Cash,7799,77.99,warehouse consumables 2026-05,Office Depot,,HAP-2026-05-1803,HAP-2026-05-1803,historical_ap,volume_opex
JE-HAP-2026-05-1804,2026-05,2026-05-30,2026-05-30,6000-Operating,1000-Cash,4910,49.1,security monitoring hosts 2026-05,Figma,,HAP-2026-05-1804,HAP-2026-05-1804,historical_ap,volume_opex
JE-HAP-2026-05-1805,2026-05,2026-05-30,2026-05-30,6000-Operating,1000-Cash,9121,91.21,usage overage block 2026-05,Cambridge Properties,,HAP-2026-05-1805,HAP-2026-05-1805,historical_ap,volume_opex
JE-HAP-2026-05-1806,2026-05,2026-05-30,2026-05-30,6000-Operating,1000-Cash,1440132,14401.32,premium support 2026-05,GitHub,,HAP-2026-05-1806,HAP-2026-05-1806,historical_ap,volume_opex
JE-HAP-2026-05-1807,2026-05,2026-05-30,2026-05-30,6000-Operating,1000-Cash,38643,386.43,warehouse consumables 2026-05,Misc Supplies,,HAP-2026-05-1807,HAP-2026-05-1807,historical_ap,volume_opex
JE-HAP-2026-05-1808,2026-05,2026-05-30,2026-05-30,6000-Operating,1000-Cash,1354,13.54,security monitoring hosts 2026-05,Okta,,HAP-2026-05-1808,HAP-2026-05-1808,historical_ap,volume_opex
JE-HAP-2026-05-1809,2026-05,2026-05-30,2026-05-30,6000-Operating,1000-Cash,4665,46.65,usage overage block 2026-05,Cloudflare,,HAP-2026-05-1809,HAP-2026-05-1809,historical_ap,volume_opex
JE-HAP-2026-05-1810,2026-05,2026-05-30,2026-05-30,6000-Operating,1000-Cash,900176,9001.76,premium support 2026-05,Staples Business Advantage,,HAP-2026-05-1810,HAP-2026-05-1810,historical_ap,volume_opex
JE-HAP-2026-05-1811,2026-05,2026-05-30,2026-05-30,6000-Operating,1000-Cash,27137,271.37,warehouse consumables 2026-05,Comcast Business,,HAP-2026-05-1811,HAP-2026-05-1811,historical_ap,volume_opex
JE-HAP-2026-05-1812,2026-05,2026-05-30,2026-05-30,6000-Operating,1000-Cash,10998,109.98,security monitoring hosts 2026-05,HubSpot,,HAP-2026-05-1812,HAP-2026-05-1812,historical_ap,volume_opex
JE-HAP-2026-05-1813,2026-05,2026-05-31,2026-05-31,6000-Operating,1000-Cash,38709,387.09,warehouse consumables 2026-05,Staples Business Advantage,,HAP-2026-05-1813,HAP-2026-05-1813,historical_ap,volume_opex
JE-HAP-2026-05-1814,2026-05,2026-05-31,2026-05-31,6000-Operating,1000-Cash,1420,14.2,security monitoring hosts 2026-05,Comcast Business,,HAP-2026-05-1814,HAP-2026-05-1814,historical_ap,volume_opex
JE-HAP-2026-05-1815,2026-05,2026-05-31,2026-05-31,6000-Operating,1000-Cash,4731,47.31,usage overage block 2026-05,HubSpot,,HAP-2026-05-1815,HAP-2026-05-1815,historical_ap,volume_opex
JE-HAP-2026-05-1816,2026-05,2026-05-31,2026-05-31,6000-Operating,1000-Cash,900242,9002.42,premium support 2026-05,Palo Alto Networks,,HAP-2026-05-1816,HAP-2026-05-1816,historical_ap,volume_opex
JE-HAP-2026-05-1817,2026-05,2026-05-31,2026-05-31,6000-Operating,1000-Cash,26950,269.5,warehouse consumables 2026-05,Vanta,,HAP-2026-05-1817,HAP-2026-05-1817,historical_ap,volume_opex
JE-HAP-2026-05-1818,2026-05,2026-05-31,2026-05-31,6000-Operating,1000-Cash,10811,108.11,security monitoring hosts 2026-05,Acme Supply Co.,,HAP-2026-05-1818,HAP-2026-05-1818,historical_ap,volume_opex
JE-HAP-2026-05-1819,2026-05,2026-05-31,2026-05-31,6000-Operating,1000-Cash,16522,165.22,usage overage block 2026-05,Helios Hardware,,HAP-2026-05-1819,HAP-2026-05-1819,historical_ap,volume_opex
JE-HAP-2026-05-1820,2026-05,2026-05-31,2026-05-31,6000-Operating,1000-Cash,360033,3600.33,premium support 2026-05,Google Cloud,,HAP-2026-05-1820,HAP-2026-05-1820,historical_ap,volume_opex
JE-HAP-2026-05-1821,2026-05,2026-05-31,2026-05-31,6000-Operating,1000-Cash,15444,154.44,warehouse consumables 2026-05,Dell Technologies,,HAP-2026-05-1821,HAP-2026-05-1821,historical_ap,volume_opex
JE-HAP-2026-05-1822,2026-05,2026-05-31,2026-05-31,6000-Operating,1000-Cash,7255,72.55,security monitoring hosts 2026-05,Shadow Vendor LLC,,HAP-2026-05-1822,HAP-2026-05-1822,historical_ap,volume_opex
JE-HAP-2026-05-1823,2026-05,2026-05-31,2026-05-31,6000-Operating,1000-Cash,12066,120.66,usage overage block 2026-05,Twilio,,HAP-2026-05-1823,HAP-2026-05-1823,historical_ap,volume_opex
JE-HAP-2026-05-1824,2026-05,2026-05-31,2026-05-31,6000-Operating,1000-Cash,1800077,18000.77,premium support 2026-05,CrowdStrike,,HAP-2026-05-1824,HAP-2026-05-1824,historical_ap,volume_opex
JE-HAP-2026-05-1825,2026-05,2026-05-31,2026-05-31,6000-Operating,1000-Cash,16588,165.88,usage overage block 2026-05,Shadow Vendor LLC,,HAP-2026-05-1825,HAP-2026-05-1825,historical_ap,volume_opex
JE-HAP-2026-05-1826,2026-05,2026-05-31,2026-05-31,6000-Operating,1000-Cash,360099,3600.99,premium support 2026-05,Twilio,,HAP-2026-05-1826,HAP-2026-05-1826,historical_ap,volume_opex
JE-HAP-2026-05-1827,2026-05,2026-05-31,2026-05-31,6000-Operating,1000-Cash,15510,155.1,warehouse consumables 2026-05,CrowdStrike,,HAP-2026-05-1827,HAP-2026-05-1827,historical_ap,volume_opex
JE-HAP-2026-05-1828,2026-05,2026-05-31,2026-05-31,6000-Operating,1000-Cash,7321,73.21,security monitoring hosts 2026-05,Northline Fab Group,,HAP-2026-05-1828,HAP-2026-05-1828,historical_ap,volume_opex
JE-HAP-2026-05-1829,2026-05,2026-05-31,2026-05-31,6000-Operating,1000-Cash,12132,121.32,usage overage block 2026-05,FedEx,,HAP-2026-05-1829,HAP-2026-05-1829,historical_ap,volume_opex
JE-HAP-2026-05-1830,2026-05,2026-05-31,2026-05-31,6000-Operating,1000-Cash,1800143,18001.43,premium support 2026-05,Pagaya Coffee Service,,HAP-2026-05-1830,HAP-2026-05-1830,historical_ap,volume_opex
JE-HAP-2026-05-1831,2026-05,2026-05-31,2026-05-31,6000-Operating,1000-Cash,4004,40.04,warehouse consumables 2026-05,Stripe Processing,,HAP-2026-05-1831,HAP-2026-05-1831,historical_ap,volume_opex
JE-HAP-2026-05-1832,2026-05,2026-05-31,2026-05-31,6000-Operating,1000-Cash,3765,37.65,security monitoring hosts 2026-05,Boston Edison Steam,,HAP-2026-05-1832,HAP-2026-05-1832,historical_ap,volume_opex
JE-HAP-2026-05-1833,2026-05,2026-05-31,2026-05-31,6000-Operating,1000-Cash,7676,76.76,usage overage block 2026-05,Linear App,,HAP-2026-05-1833,HAP-2026-05-1833,historical_ap,volume_opex
JE-HAP-2026-05-1834,2026-05,2026-05-31,2026-05-31,6000-Operating,1000-Cash,1260187,12601.87,premium support 2026-05,Amazon Web Services,,HAP-2026-05-1834,HAP-2026-05-1834,historical_ap,volume_opex
JE-HAP-2026-05-1835,2026-05,2026-05-31,2026-05-31,6000-Operating,1000-Cash,34848,348.48,warehouse consumables 2026-05,Datadog,,HAP-2026-05-1835,HAP-2026-05-1835,historical_ap,volume_opex
JE-HAP-2026-05-1836,2026-05,2026-05-31,2026-05-31,6000-Operating,1000-Cash,13409,134.09,security monitoring hosts 2026-05,Hartford Insurance,,HAP-2026-05-1836,HAP-2026-05-1836,historical_ap,volume_opex
JE-HAP-2026-05-1837,2026-05,2026-05-31,2026-05-31,6000-Operating,1000-Cash,4070,40.7,warehouse consumables 2026-05,Amazon Web Services,,HAP-2026-05-1837,HAP-2026-05-1837,historical_ap,volume_opex
JE-HAP-2026-05-1838,2026-05,2026-05-31,2026-05-31,6000-Operating,1000-Cash,3831,38.31,security monitoring hosts 2026-05,Datadog,,HAP-2026-05-1838,HAP-2026-05-1838,historical_ap,volume_opex
JE-HAP-2026-05-1839,2026-05,2026-05-31,2026-05-31,6000-Operating,1000-Cash,7742,77.42,usage overage block 2026-05,Hartford Insurance,,HAP-2026-05-1839,HAP-2026-05-1839,historical_ap,volume_opex
JE-HAP-2026-05-1840,2026-05,2026-05-31,2026-05-31,6000-Operating,1000-Cash,1260000,12600.0,premium support 2026-05,Harbor Electric,,HAP-2026-05-1840,HAP-2026-05-1840,historical_ap,volume_opex
JE-HAP-2026-05-1841,2026-05,2026-05-31,2026-05-31,6000-Operating,1000-Cash,34661,346.61,warehouse consumables 2026-05,Freightline Logistics,,HAP-2026-05-1841,HAP-2026-05-1841,historical_ap,volume_opex
JE-HAP-2026-05-1842,2026-05,2026-05-31,2026-05-31,6000-Operating,1000-Cash,13222,132.22,security monitoring hosts 2026-05,Notion Labs,,HAP-2026-05-1842,HAP-2026-05-1842,historical_ap,volume_opex
JE-HAP-2026-05-1843,2026-05,2026-05-31,2026-05-31,6000-Operating,1000-Cash,3033,30.33,usage overage block 2026-05,Zoom Video,,HAP-2026-05-1843,HAP-2026-05-1843,historical_ap,volume_opex
JE-HAP-2026-05-1844,2026-05,2026-05-31,2026-05-31,6000-Operating,1000-Cash,720044,7200.44,premium support 2026-05,Helios Hardware Supply,,HAP-2026-05-1844,HAP-2026-05-1844,historical_ap,volume_opex
JE-HAP-2026-05-1845,2026-05,2026-05-31,2026-05-31,6000-Operating,1000-Cash,23155,231.55,warehouse consumables 2026-05,ADP,,HAP-2026-05-1845,HAP-2026-05-1845,historical_ap,volume_opex
JE-HAP-2026-05-1846,2026-05,2026-05-31,2026-05-31,6000-Operating,1000-Cash,9666,96.66,security monitoring hosts 2026-05,CleanRoom Janitorial,,HAP-2026-05-1846,HAP-2026-05-1846,historical_ap,volume_opex
JE-HAP-2026-05-1847,2026-05,2026-05-31,2026-05-31,6000-Operating,1000-Cash,15077,150.77,usage overage block 2026-05,Adyen NV,,HAP-2026-05-1847,HAP-2026-05-1847,historical_ap,volume_opex
JE-HAP-2026-05-1848,2026-05,2026-05-31,2026-05-31,6000-Operating,1000-Cash,180088,1800.88,premium support 2026-05,Carta,,HAP-2026-05-1848,HAP-2026-05-1848,historical_ap,volume_opex
JE-HAP-2026-05-1849,2026-05,2026-05-31,2026-05-31,6000-Operating,1000-Cash,3099,30.99,usage overage block 2026-05,CleanRoom Janitorial,,HAP-2026-05-1849,HAP-2026-05-1849,historical_ap,volume_opex
JE-HAP-2026-05-1850,2026-05,2026-05-31,2026-05-31,6000-Operating,1000-Cash,720110,7201.1,premium support 2026-05,Adyen NV,,HAP-2026-05-1850,HAP-2026-05-1850,historical_ap,volume_opex
JE-HAP-2026-05-1851,2026-05,2026-05-31,2026-05-31,6000-Operating,1000-Cash,23221,232.21,warehouse consumables 2026-05,Carta,,HAP-2026-05-1851,HAP-2026-05-1851,historical_ap,volume_opex
JE-HAP-2026-05-1852,2026-05,2026-05-31,2026-05-31,6000-Operating,1000-Cash,9732,97.32,security monitoring hosts 2026-05,Acme Supplies,,HAP-2026-05-1852,HAP-2026-05-1852,historical_ap,volume_opex
JE-HAP-2026-05-1853,2026-05,2026-05-31,2026-05-31,6000-Operating,1000-Cash,15143,151.43,usage overage block 2026-05,Northline Fabrication,,HAP-2026-05-1853,HAP-2026-05-1853,historical_ap,volume_opex
JE-HAP-2026-05-1854,2026-05,2026-05-31,2026-05-31,6000-Operating,1000-Cash,180154,1801.54,premium support 2026-05,Slack Technologies,,HAP-2026-05-1854,HAP-2026-05-1854,historical_ap,volume_opex
JE-HAP-2026-05-1855,2026-05,2026-05-31,2026-05-31,6000-Operating,1000-Cash,11715,117.15,warehouse consumables 2026-05,Orbit Analytics,,HAP-2026-05-1855,HAP-2026-05-1855,historical_ap,volume_opex
JE-HAP-2026-05-1856,2026-05,2026-05-31,2026-05-31,6000-Operating,1000-Cash,6176,61.76,security monitoring hosts 2026-05,Lindholm & Ruiz LLP,,HAP-2026-05-1856,HAP-2026-05-1856,historical_ap,volume_opex
JE-HAP-2026-05-1857,2026-05,2026-05-31,2026-05-31,6000-Operating,1000-Cash,10687,106.87,usage overage block 2026-05,Lenovo,,HAP-2026-05-1857,HAP-2026-05-1857,historical_ap,volume_opex
JE-HAP-2026-05-1858,2026-05,2026-05-31,2026-05-31,6000-Operating,1000-Cash,1620198,16201.98,premium support 2026-05,Snowflake,,HAP-2026-05-1858,HAP-2026-05-1858,historical_ap,volume_opex
JE-HAP-2026-05-1859,2026-05,2026-05-31,2026-05-31,6000-Operating,1000-Cash,42559,425.59,warehouse consumables 2026-05,Atlassian,,HAP-2026-05-1859,HAP-2026-05-1859,historical_ap,volume_opex
JE-HAP-2026-05-1860,2026-05,2026-05-31,2026-05-31,6000-Operating,1000-Cash,2620,26.2,security monitoring hosts 2026-05,Harbor Power & Light,,HAP-2026-05-1860,HAP-2026-05-1860,historical_ap,volume_opex
JE-HAP-2026-05-1861,2026-05,2026-05-31,2026-05-31,6000-Operating,1000-Cash,11781,117.81,warehouse consumables 2026-05,Snowflake,,HAP-2026-05-1861,HAP-2026-05-1861,historical_ap,volume_opex
JE-HAP-2026-05-1862,2026-05,2026-05-31,2026-05-31,6000-Operating,1000-Cash,6242,62.42,security monitoring hosts 2026-05,Atlassian,,HAP-2026-05-1862,HAP-2026-05-1862,historical_ap,volume_opex
JE-HAP-2026-05-1863,2026-05,2026-05-31,2026-05-31,6000-Operating,1000-Cash,10500,105.0,usage overage block 2026-05,Harbor Power & Light,,HAP-2026-05-1863,HAP-2026-05-1863,historical_ap,volume_opex
JE-HAP-2026-05-1864,2026-05,2026-05-31,2026-05-31,6000-Operating,1000-Cash,1620011,16200.11,premium support 2026-05,WeWork Cambridge,,HAP-2026-05-1864,HAP-2026-05-1864,historical_ap,volume_opex
JE-HAP-2026-05-1865,2026-05,2026-05-31,2026-05-31,6000-Operating,1000-Cash,42372,423.72,warehouse consumables 2026-05,Kendall Square Parking,,HAP-2026-05-1865,HAP-2026-05-1865,historical_ap,volume_opex
JE-HAP-2026-05-1866,2026-05,2026-05-31,2026-05-31,6000-Operating,1000-Cash,2433,24.33,security monitoring hosts 2026-05,DocuSign,,HAP-2026-05-1866,HAP-2026-05-1866,historical_ap,volume_opex
JE-HAP-2026-05-1867,2026-05,2026-05-31,2026-05-31,6000-Operating,1000-Cash,6044,60.44,usage overage block 2026-05,Gusto Payroll,,HAP-2026-05-1867,HAP-2026-05-1867,historical_ap,volume_opex
JE-HAP-2026-05-1868,2026-05,2026-05-31,2026-05-31,6000-Operating,1000-Cash,1080055,10800.55,premium support 2026-05,Acme Supplies LLC,,HAP-2026-05-1868,HAP-2026-05-1868,historical_ap,volume_opex
JE-HAP-2026-05-1869,2026-05,2026-05-31,2026-05-31,6000-Operating,1000-Cash,30866,308.66,warehouse consumables 2026-05,Office Depot,,HAP-2026-05-1869,HAP-2026-05-1869,historical_ap,volume_opex
JE-HAP-2026-05-1870,2026-05,2026-05-31,2026-05-31,6000-Operating,1000-Cash,12077,120.77,security monitoring hosts 2026-05,Figma,,HAP-2026-05-1870,HAP-2026-05-1870,historical_ap,volume_opex
JE-HAP-2026-05-1871,2026-05,2026-05-31,2026-05-31,6000-Operating,1000-Cash,1588,15.88,usage overage block 2026-05,Cambridge Properties,,HAP-2026-05-1871,HAP-2026-05-1871,historical_ap,volume_opex
JE-HAP-2026-05-1872,2026-05,2026-05-31,2026-05-31,6000-Operating,1000-Cash,540099,5400.99,premium support 2026-05,GitHub,,HAP-2026-05-1872,HAP-2026-05-1872,historical_ap,volume_opex
JE-HAP-2026-05-1873,2026-05,2026-05-31,2026-05-31,6000-Operating,1000-Cash,6110,61.1,usage overage block 2026-05,Figma,,HAP-2026-05-1873,HAP-2026-05-1873,historical_ap,volume_opex
JE-HAP-2026-05-1874,2026-05,2026-05-31,2026-05-31,6000-Operating,1000-Cash,1080121,10801.21,premium support 2026-05,Cambridge Properties,,HAP-2026-05-1874,HAP-2026-05-1874,historical_ap,volume_opex
JE-HAP-2026-05-1875,2026-05,2026-05-31,2026-05-31,6000-Operating,1000-Cash,30932,309.32,warehouse consumables 2026-05,GitHub,,HAP-2026-05-1875,HAP-2026-05-1875,historical_ap,volume_opex
JE-HAP-2026-05-1876,2026-05,2026-05-31,2026-05-31,6000-Operating,1000-Cash,12143,121.43,security monitoring hosts 2026-05,Misc Supplies,,HAP-2026-05-1876,HAP-2026-05-1876,historical_ap,volume_opex
JE-HAP-2026-05-1877,2026-05,2026-05-31,2026-05-31,6000-Operating,1000-Cash,1654,16.54,usage overage block 2026-05,Okta,,HAP-2026-05-1877,HAP-2026-05-1877,historical_ap,volume_opex
JE-HAP-2026-05-1878,2026-05,2026-05-31,2026-05-31,6000-Operating,1000-Cash,540165,5401.65,premium support 2026-05,Cloudflare,,HAP-2026-05-1878,HAP-2026-05-1878,historical_ap,volume_opex
JE-HAP-2026-05-1879,2026-05,2026-05-31,2026-05-31,6000-Operating,1000-Cash,19426,194.26,warehouse consumables 2026-05,Staples Business Advantage,,HAP-2026-05-1879,HAP-2026-05-1879,historical_ap,volume_opex
JE-HAP-2026-05-1880,2026-05,2026-05-31,2026-05-31,6000-Operating,1000-Cash,8587,85.87,security monitoring hosts 2026-05,Comcast Business,,HAP-2026-05-1880,HAP-2026-05-1880,historical_ap,volume_opex
JE-HAP-2026-05-1881,2026-05,2026-05-31,2026-05-31,6000-Operating,1000-Cash,13698,136.98,usage overage block 2026-05,HubSpot,,HAP-2026-05-1881,HAP-2026-05-1881,historical_ap,volume_opex
JE-HAP-2026-05-1882,2026-05,2026-05-31,2026-05-31,6000-Operating,1000-Cash,1980209,19802.09,premium support 2026-05,Palo Alto Networks,,HAP-2026-05-1882,HAP-2026-05-1882,historical_ap,volume_opex
JE-HAP-2026-05-1883,2026-05,2026-05-31,2026-05-31,6000-Operating,1000-Cash,7920,79.2,warehouse consumables 2026-05,Vanta,,HAP-2026-05-1883,HAP-2026-05-1883,historical_ap,volume_opex
JE-HAP-2026-05-1884,2026-05,2026-05-31,2026-05-31,6000-Operating,1000-Cash,5031,50.31,security monitoring hosts 2026-05,Acme Supply Co.,,HAP-2026-05-1884,HAP-2026-05-1884,historical_ap,volume_opex
JE-HAP-2026-05-1885,2026-05,2026-05-31,2026-05-31,6000-Operating,1000-Cash,19492,194.92,warehouse consumables 2026-05,Palo Alto Networks,,HAP-2026-05-1885,HAP-2026-05-1885,historical_ap,volume_opex
JE-HAP-2026-05-1886,2026-05,2026-05-31,2026-05-31,6000-Operating,1000-Cash,8400,84.0,security monitoring hosts 2026-05,Vanta,,HAP-2026-05-1886,HAP-2026-05-1886,historical_ap,volume_opex
JE-HAP-2026-05-1887,2026-05,2026-05-31,2026-05-31,6000-Operating,1000-Cash,13511,135.11,usage overage block 2026-05,Acme Supply Co.,,HAP-2026-05-1887,HAP-2026-05-1887,historical_ap,volume_opex
JE-HAP-2026-05-1888,2026-05,2026-05-31,2026-05-31,6000-Operating,1000-Cash,1980022,19800.22,premium support 2026-05,Helios Hardware,,HAP-2026-05-1888,HAP-2026-05-1888,historical_ap,volume_opex
JE-HAP-2026-05-1889,2026-05,2026-05-31,2026-05-31,6000-Operating,1000-Cash,7733,77.33,warehouse consumables 2026-05,Google Cloud,,HAP-2026-05-1889,HAP-2026-05-1889,historical_ap,volume_opex
JE-HAP-2026-05-1890,2026-05,2026-05-31,2026-05-31,6000-Operating,1000-Cash,4844,48.44,security monitoring hosts 2026-05,Dell Technologies,,HAP-2026-05-1890,HAP-2026-05-1890,historical_ap,volume_opex
JE-HAP-2026-05-1891,2026-05,2026-05-31,2026-05-31,6000-Operating,1000-Cash,9055,90.55,usage overage block 2026-05,Shadow Vendor LLC,,HAP-2026-05-1891,HAP-2026-05-1891,historical_ap,volume_opex
JE-HAP-2026-05-1892,2026-05,2026-05-31,2026-05-31,6000-Operating,1000-Cash,1440066,14400.66,premium support 2026-05,Twilio,,HAP-2026-05-1892,HAP-2026-05-1892,historical_ap,volume_opex
JE-HAP-2026-05-1893,2026-05,2026-05-31,2026-05-31,6000-Operating,1000-Cash,38577,385.77,warehouse consumables 2026-05,CrowdStrike,,HAP-2026-05-1893,HAP-2026-05-1893,historical_ap,volume_opex
JE-HAP-2026-05-1894,2026-05,2026-05-31,2026-05-31,6000-Operating,1000-Cash,1288,12.88,security monitoring hosts 2026-05,Northline Fab Group,,HAP-2026-05-1894,HAP-2026-05-1894,historical_ap,volume_opex
JE-HAP-2026-05-1895,2026-05,2026-05-31,2026-05-31,6000-Operating,1000-Cash,4599,45.99,usage overage block 2026-05,FedEx,,HAP-2026-05-1895,HAP-2026-05-1895,historical_ap,volume_opex
JE-HAP-2026-05-1896,2026-05,2026-05-31,2026-05-31,6000-Operating,1000-Cash,900110,9001.1,premium support 2026-05,Pagaya Coffee Service,,HAP-2026-05-1896,HAP-2026-05-1896,historical_ap,volume_opex
JE-HAP-2026-05-1897,2026-05,2026-05-31,2026-05-31,6000-Operating,1000-Cash,9121,91.21,usage overage block 2026-05,Northline Fab Group,,HAP-2026-05-1897,HAP-2026-05-1897,historical_ap,volume_opex
JE-HAP-2026-05-1898,2026-05,2026-05-31,2026-05-31,6000-Operating,1000-Cash,1440132,14401.32,premium support 2026-05,FedEx,,HAP-2026-05-1898,HAP-2026-05-1898,historical_ap,volume_opex
JE-HAP-2026-05-1899,2026-05,2026-05-31,2026-05-31,6000-Operating,1000-Cash,38643,386.43,warehouse consumables 2026-05,Pagaya Coffee Service,,HAP-2026-05-1899,HAP-2026-05-1899,historical_ap,volume_opex
JE-HAP-2026-05-1900,2026-05,2026-05-31,2026-05-31,6000-Operating,1000-Cash,1354,13.54,security monitoring hosts 2026-05,Stripe Processing,,HAP-2026-05-1900,HAP-2026-05-1900,historical_ap,volume_opex
JE-HAP-2026-05-1901,2026-05,2026-05-31,2026-05-31,6000-Operating,1000-Cash,4665,46.65,usage overage block 2026-05,Boston Edison Steam,,HAP-2026-05-1901,HAP-2026-05-1901,historical_ap,volume_opex
JE-HAP-2026-05-1902,2026-05,2026-05-31,2026-05-31,6000-Operating,1000-Cash,900176,9001.76,premium support 2026-05,Linear App,,HAP-2026-05-1902,HAP-2026-05-1902,historical_ap,volume_opex
JE-HAP-2026-05-1903,2026-05,2026-05-31,2026-05-31,6000-Operating,1000-Cash,27137,271.37,warehouse consumables 2026-05,Amazon Web Services,,HAP-2026-05-1903,HAP-2026-05-1903,historical_ap,volume_opex
JE-HAP-2026-05-1904,2026-05,2026-05-31,2026-05-31,6000-Operating,1000-Cash,10998,109.98,security monitoring hosts 2026-05,Datadog,,HAP-2026-05-1904,HAP-2026-05-1904,historical_ap,volume_opex
JE-HAP-2026-05-1905,2026-05,2026-05-31,2026-05-31,6000-Operating,1000-Cash,16709,167.09,usage overage block 2026-05,Hartford Insurance,,HAP-2026-05-1905,HAP-2026-05-1905,historical_ap,volume_opex
JE-HAP-2026-05-1906,2026-05,2026-05-31,2026-05-31,6000-Operating,1000-Cash,360220,3602.2,premium support 2026-05,Harbor Electric,,HAP-2026-05-1906,HAP-2026-05-1906,historical_ap,volume_opex
JE-HAP-2026-05-1907,2026-05,2026-05-31,2026-05-31,6000-Operating,1000-Cash,15631,156.31,warehouse consumables 2026-05,Freightline Logistics,,HAP-2026-05-1907,HAP-2026-05-1907,historical_ap,volume_opex
JE-HAP-2026-05-1908,2026-05,2026-05-31,2026-05-31,6000-Operating,1000-Cash,7442,74.42,security monitoring hosts 2026-05,Notion Labs,,HAP-2026-05-1908,HAP-2026-05-1908,historical_ap,volume_opex
JE-HAP-2026-05-1909,2026-05,2026-05-31,2026-05-31,6000-Operating,1000-Cash,26950,269.5,warehouse consumables 2026-05,Harbor Electric,,HAP-2026-05-1909,HAP-2026-05-1909,historical_ap,volume_opex
JE-HAP-2026-05-1910,2026-05,2026-05-31,2026-05-31,6000-Operating,1000-Cash,10811,108.11,security monitoring hosts 2026-05,Freightline Logistics,,HAP-2026-05-1910,HAP-2026-05-1910,historical_ap,volume_opex
JE-HAP-2026-05-1911,2026-05,2026-05-31,2026-05-31,6000-Operating,1000-Cash,16522,165.22,usage overage block 2026-05,Notion Labs,,HAP-2026-05-1911,HAP-2026-05-1911,historical_ap,volume_opex
JE-HAP-2026-05-1912,2026-05,2026-05-31,2026-05-31,6000-Operating,1000-Cash,360033,3600.33,premium support 2026-05,Zoom Video,,HAP-2026-05-1912,HAP-2026-05-1912,historical_ap,volume_opex
JE-HAP-2026-05-1913,2026-05,2026-05-31,2026-05-31,6000-Operating,1000-Cash,15444,154.44,warehouse consumables 2026-05,Helios Hardware Supply,,HAP-2026-05-1913,HAP-2026-05-1913,historical_ap,volume_opex
JE-HAP-2026-05-1914,2026-05,2026-05-31,2026-05-31,6000-Operating,1000-Cash,7255,72.55,security monitoring hosts 2026-05,ADP,,HAP-2026-05-1914,HAP-2026-05-1914,historical_ap,volume_opex
JE-HAP-2026-05-1915,2026-05,2026-05-31,2026-05-31,6000-Operating,1000-Cash,12066,120.66,usage overage block 2026-05,CleanRoom Janitorial,,HAP-2026-05-1915,HAP-2026-05-1915,historical_ap,volume_opex
JE-HAP-2026-05-1916,2026-05,2026-05-31,2026-05-31,6000-Operating,1000-Cash,1800077,18000.77,premium support 2026-05,Adyen NV,,HAP-2026-05-1916,HAP-2026-05-1916,historical_ap,volume_opex
JE-HAP-2026-05-1917,2026-05,2026-05-31,2026-05-31,6000-Operating,1000-Cash,3938,39.38,warehouse consumables 2026-05,Carta,,HAP-2026-05-1917,HAP-2026-05-1917,historical_ap,volume_opex
JE-HAP-2026-05-1918,2026-05,2026-05-31,2026-05-31,6000-Operating,1000-Cash,3699,36.99,security monitoring hosts 2026-05,Acme Supplies,,HAP-2026-05-1918,HAP-2026-05-1918,historical_ap,volume_opex
JE-HAP-2026-05-1919,2026-05,2026-05-31,2026-05-31,6000-Operating,1000-Cash,7610,76.1,usage overage block 2026-05,Northline Fabrication,,HAP-2026-05-1919,HAP-2026-05-1919,historical_ap,volume_opex
JE-HAP-2026-05-1920,2026-05,2026-05-31,2026-05-31,6000-Operating,1000-Cash,1260121,12601.21,premium support 2026-05,Slack Technologies,,HAP-2026-05-1920,HAP-2026-05-1920,historical_ap,volume_opex
JE-HAP-2026-06-1921,2026-06,2026-06-20,2026-06-20,6000-Operating,1000-Cash,12132,121.32,usage overage block 2026-06,Acme Supplies,,HAP-2026-06-1921,HAP-2026-06-1921,historical_ap,volume_opex
JE-HAP-2026-06-1922,2026-06,2026-06-20,2026-06-20,6000-Operating,1000-Cash,1800143,18001.43,premium support 2026-06,Northline Fabrication,,HAP-2026-06-1922,HAP-2026-06-1922,historical_ap,volume_opex
JE-HAP-2026-06-1923,2026-06,2026-06-20,2026-06-20,6000-Operating,1000-Cash,4004,40.04,warehouse consumables 2026-06,Slack Technologies,,HAP-2026-06-1923,HAP-2026-06-1923,historical_ap,volume_opex
JE-HAP-2026-06-1924,2026-06,2026-06-20,2026-06-20,6000-Operating,1000-Cash,3765,37.65,security monitoring hosts 2026-06,Orbit Analytics,,HAP-2026-06-1924,HAP-2026-06-1924,historical_ap,volume_opex
JE-HAP-2026-06-1925,2026-06,2026-06-20,2026-06-20,6000-Operating,1000-Cash,7676,76.76,usage overage block 2026-06,Lindholm & Ruiz LLP,,HAP-2026-06-1925,HAP-2026-06-1925,historical_ap,volume_opex
JE-HAP-2026-06-1926,2026-06,2026-06-20,2026-06-20,6000-Operating,1000-Cash,1260187,12601.87,premium support 2026-06,Lenovo,,HAP-2026-06-1926,HAP-2026-06-1926,historical_ap,volume_opex
JE-HAP-2026-06-1927,2026-06,2026-06-20,2026-06-20,6000-Operating,1000-Cash,34848,348.48,warehouse consumables 2026-06,Snowflake,,HAP-2026-06-1927,HAP-2026-06-1927,historical_ap,volume_opex
JE-HAP-2026-06-1928,2026-06,2026-06-20,2026-06-20,6000-Operating,1000-Cash,13409,134.09,security monitoring hosts 2026-06,Atlassian,,HAP-2026-06-1928,HAP-2026-06-1928,historical_ap,volume_opex
JE-HAP-2026-06-1929,2026-06,2026-06-20,2026-06-20,6000-Operating,1000-Cash,3220,32.2,usage overage block 2026-06,Harbor Power & Light,,HAP-2026-06-1929,HAP-2026-06-1929,historical_ap,volume_opex
JE-HAP-2026-06-1930,2026-06,2026-06-20,2026-06-20,6000-Operating,1000-Cash,720231,7202.31,premium support 2026-06,WeWork Cambridge,,HAP-2026-06-1930,HAP-2026-06-1930,historical_ap,volume_opex
JE-HAP-2026-06-1931,2026-06,2026-06-20,2026-06-20,6000-Operating,1000-Cash,23342,233.42,warehouse consumables 2026-06,Kendall Square Parking,,HAP-2026-06-1931,HAP-2026-06-1931,historical_ap,volume_opex
JE-HAP-2026-06-1932,2026-06,2026-06-20,2026-06-20,6000-Operating,1000-Cash,9600,96.0,security monitoring hosts 2026-06,DocuSign,,HAP-2026-06-1932,HAP-2026-06-1932,historical_ap,volume_opex
JE-HAP-2026-06-1933,2026-06,2026-06-21,2026-06-21,6000-Operating,1000-Cash,34661,346.61,warehouse consumables 2026-06,WeWork Cambridge,,HAP-2026-06-1933,HAP-2026-06-1933,historical_ap,volume_opex
JE-HAP-2026-06-1934,2026-06,2026-06-21,2026-06-21,6000-Operating,1000-Cash,13222,132.22,security monitoring hosts 2026-06,Kendall Square Parking,,HAP-2026-06-1934,HAP-2026-06-1934,historical_ap,volume_opex
JE-HAP-2026-06-1935,2026-06,2026-06-21,2026-06-21,6000-Operating,1000-Cash,3033,30.33,usage overage block 2026-06,DocuSign,,HAP-2026-06-1935,HAP-2026-06-1935,historical_ap,volume_opex
JE-HAP-2026-06-1936,2026-06,2026-06-21,2026-06-21,6000-Operating,1000-Cash,720044,7200.44,premium support 2026-06,Gusto Payroll,,HAP-2026-06-1936,HAP-2026-06-1936,historical_ap,volume_opex
JE-HAP-2026-06-1937,2026-06,2026-06-21,2026-06-21,6000-Operating,1000-Cash,23155,231.55,warehouse consumables 2026-06,Acme Supplies LLC,,HAP-2026-06-1937,HAP-2026-06-1937,historical_ap,volume_opex
JE-HAP-2026-06-1938,2026-06,2026-06-21,2026-06-21,6000-Operating,1000-Cash,9666,96.66,security monitoring hosts 2026-06,Office Depot,,HAP-2026-06-1938,HAP-2026-06-1938,historical_ap,volume_opex
JE-HAP-2026-06-1939,2026-06,2026-06-21,2026-06-21,6000-Operating,1000-Cash,15077,150.77,usage overage block 2026-06,Figma,,HAP-2026-06-1939,HAP-2026-06-1939,historical_ap,volume_opex
JE-HAP-2026-06-1940,2026-06,2026-06-21,2026-06-21,6000-Operating,1000-Cash,180088,1800.88,premium support 2026-06,Cambridge Properties,,HAP-2026-06-1940,HAP-2026-06-1940,historical_ap,volume_opex
JE-HAP-2026-06-1941,2026-06,2026-06-21,2026-06-21,6000-Operating,1000-Cash,11649,116.49,warehouse consumables 2026-06,GitHub,,HAP-2026-06-1941,HAP-2026-06-1941,historical_ap,volume_opex
JE-HAP-2026-06-1942,2026-06,2026-06-21,2026-06-21,6000-Operating,1000-Cash,6110,61.1,security monitoring hosts 2026-06,Misc Supplies,,HAP-2026-06-1942,HAP-2026-06-1942,historical_ap,volume_opex
JE-HAP-2026-06-1943,2026-06,2026-06-21,2026-06-21,6000-Operating,1000-Cash,10621,106.21,usage overage block 2026-06,Okta,,HAP-2026-06-1943,HAP-2026-06-1943,historical_ap,volume_opex
JE-HAP-2026-06-1944,2026-06,2026-06-21,2026-06-21,6000-Operating,1000-Cash,1620132,16201.32,premium support 2026-06,Cloudflare,,HAP-2026-06-1944,HAP-2026-06-1944,historical_ap,volume_opex
JE-HAP-2026-06-1945,2026-06,2026-06-22,2026-06-22,6000-Operating,1000-Cash,15143,151.43,usage overage block 2026-06,Misc Supplies,,HAP-2026-06-1945,HAP-2026-06-1945,historical_ap,volume_opex
JE-HAP-2026-06-1946,2026-06,2026-06-22,2026-06-22,6000-Operating,1000-Cash,180154,1801.54,premium support 2026-06,Okta,,HAP-2026-06-1946,HAP-2026-06-1946,historical_ap,volume_opex
JE-HAP-2026-06-1947,2026-06,2026-06-22,2026-06-22,6000-Operating,1000-Cash,11715,117.15,warehouse consumables 2026-06,Cloudflare,,HAP-2026-06-1947,HAP-2026-06-1947,historical_ap,volume_opex
JE-HAP-2026-06-1948,2026-06,2026-06-22,2026-06-22,6000-Operating,1000-Cash,6176,61.76,security monitoring hosts 2026-06,Staples Business Advantage,,HAP-2026-06-1948,HAP-2026-06-1948,historical_ap,volume_opex
JE-HAP-2026-06-1949,2026-06,2026-06-22,2026-06-22,6000-Operating,1000-Cash,10687,106.87,usage overage block 2026-06,Comcast Business,,HAP-2026-06-1949,HAP-2026-06-1949,historical_ap,volume_opex
JE-HAP-2026-06-1950,2026-06,2026-06-22,2026-06-22,6000-Operating,1000-Cash,1620198,16201.98,premium support 2026-06,HubSpot,,HAP-2026-06-1950,HAP-2026-06-1950,historical_ap,volume_opex
JE-HAP-2026-06-1951,2026-06,2026-06-22,2026-06-22,6000-Operating,1000-Cash,42559,425.59,warehouse consumables 2026-06,Palo Alto Networks,,HAP-2026-06-1951,HAP-2026-06-1951,historical_ap,volume_opex
JE-HAP-2026-06-1952,2026-06,2026-06-22,2026-06-22,6000-Operating,1000-Cash,2620,26.2,security monitoring hosts 2026-06,Vanta,,HAP-2026-06-1952,HAP-2026-06-1952,historical_ap,volume_opex
JE-HAP-2026-06-1953,2026-06,2026-06-22,2026-06-22,6000-Operating,1000-Cash,6231,62.31,usage overage block 2026-06,Acme Supply Co.,,HAP-2026-06-1953,HAP-2026-06-1953,historical_ap,volume_opex
JE-HAP-2026-06-1954,2026-06,2026-06-22,2026-06-22,6000-Operating,1000-Cash,1080242,10802.42,premium support 2026-06,Helios Hardware,,HAP-2026-06-1954,HAP-2026-06-1954,historical_ap,volume_opex
JE-HAP-2026-06-1955,2026-06,2026-06-22,2026-06-22,6000-Operating,1000-Cash,30800,308.0,warehouse consumables 2026-06,Google Cloud,,HAP-2026-06-1955,HAP-2026-06-1955,historical_ap,volume_opex
JE-HAP-2026-06-1956,2026-06,2026-06-22,2026-06-22,6000-Operating,1000-Cash,12011,120.11,security monitoring hosts 2026-06,Dell Technologies,,HAP-2026-06-1956,HAP-2026-06-1956,historical_ap,volume_opex
JE-HAP-2026-06-1957,2026-06,2026-06-23,2026-06-23,6000-Operating,1000-Cash,42372,423.72,warehouse consumables 2026-06,Helios Hardware,,HAP-2026-06-1957,HAP-2026-06-1957,historical_ap,volume_opex
JE-HAP-2026-06-1958,2026-06,2026-06-23,2026-06-23,6000-Operating,1000-Cash,2433,24.33,security monitoring hosts 2026-06,Google Cloud,,HAP-2026-06-1958,HAP-2026-06-1958,historical_ap,volume_opex
JE-HAP-2026-06-1959,2026-06,2026-06-23,2026-06-23,6000-Operating,1000-Cash,6044,60.44,usage overage block 2026-06,Dell Technologies,,HAP-2026-06-1959,HAP-2026-06-1959,historical_ap,volume_opex
JE-HAP-2026-06-1960,2026-06,2026-06-23,2026-06-23,6000-Operating,1000-Cash,1080055,10800.55,premium support 2026-06,Shadow Vendor LLC,,HAP-2026-06-1960,HAP-2026-06-1960,historical_ap,volume_opex
JE-HAP-2026-06-1961,2026-06,2026-06-23,2026-06-23,6000-Operating,1000-Cash,30866,308.66,warehouse consumables 2026-06,Twilio,,HAP-2026-06-1961,HAP-2026-06-1961,historical_ap,volume_opex
JE-HAP-2026-06-1962,2026-06,2026-06-23,2026-06-23,6000-Operating,1000-Cash,12077,120.77,security monitoring hosts 2026-06,CrowdStrike,,HAP-2026-06-1962,HAP-2026-06-1962,historical_ap,volume_opex
JE-HAP-2026-06-1963,2026-06,2026-06-23,2026-06-23,6000-Operating,1000-Cash,1588,15.88,usage overage block 2026-06,Northline Fab Group,,HAP-2026-06-1963,HAP-2026-06-1963,historical_ap,volume_opex
JE-HAP-2026-06-1964,2026-06,2026-06-23,2026-06-23,6000-Operating,1000-Cash,540099,5400.99,premium support 2026-06,FedEx,,HAP-2026-06-1964,HAP-2026-06-1964,historical_ap,volume_opex
JE-HAP-2026-06-1965,2026-06,2026-06-23,2026-06-23,6000-Operating,1000-Cash,19360,193.6,warehouse consumables 2026-06,Pagaya Coffee Service,,HAP-2026-06-1965,HAP-2026-06-1965,historical_ap,volume_opex
JE-HAP-2026-06-1966,2026-06,2026-06-23,2026-06-23,6000-Operating,1000-Cash,8521,85.21,security monitoring hosts 2026-06,Stripe Processing,,HAP-2026-06-1966,HAP-2026-06-1966,historical_ap,volume_opex
JE-HAP-2026-06-1967,2026-06,2026-06-23,2026-06-23,6000-Operating,1000-Cash,13632,136.32,usage overage block 2026-06,Boston Edison Steam,,HAP-2026-06-1967,HAP-2026-06-1967,historical_ap,volume_opex
JE-HAP-2026-06-1968,2026-06,2026-06-23,2026-06-23,6000-Operating,1000-Cash,1980143,19801.43,premium support 2026-06,Linear App,,HAP-2026-06-1968,HAP-2026-06-1968,historical_ap,volume_opex
JE-HAP-2026-06-1969,2026-06,2026-06-24,2026-06-24,6000-Operating,1000-Cash,1654,16.54,usage overage block 2026-06,Stripe Processing,,HAP-2026-06-1969,HAP-2026-06-1969,historical_ap,volume_opex
JE-HAP-2026-06-1970,2026-06,2026-06-24,2026-06-24,6000-Operating,1000-Cash,540165,5401.65,premium support 2026-06,Boston Edison Steam,,HAP-2026-06-1970,HAP-2026-06-1970,historical_ap,volume_opex
JE-HAP-2026-06-1971,2026-06,2026-06-24,2026-06-24,6000-Operating,1000-Cash,19426,194.26,warehouse consumables 2026-06,Linear App,,HAP-2026-06-1971,HAP-2026-06-1971,historical_ap,volume_opex
JE-HAP-2026-06-1972,2026-06,2026-06-24,2026-06-24,6000-Operating,1000-Cash,8587,85.87,security monitoring hosts 2026-06,Amazon Web Services,,HAP-2026-06-1972,HAP-2026-06-1972,historical_ap,volume_opex
JE-HAP-2026-06-1973,2026-06,2026-06-24,2026-06-24,6000-Operating,1000-Cash,13698,136.98,usage overage block 2026-06,Datadog,,HAP-2026-06-1973,HAP-2026-06-1973,historical_ap,volume_opex
JE-HAP-2026-06-1974,2026-06,2026-06-24,2026-06-24,6000-Operating,1000-Cash,1980209,19802.09,premium support 2026-06,Hartford Insurance,,HAP-2026-06-1974,HAP-2026-06-1974,historical_ap,volume_opex
JE-HAP-2026-06-1975,2026-06,2026-06-24,2026-06-24,6000-Operating,1000-Cash,7920,79.2,warehouse consumables 2026-06,Harbor Electric,,HAP-2026-06-1975,HAP-2026-06-1975,historical_ap,volume_opex
JE-HAP-2026-06-1976,2026-06,2026-06-24,2026-06-24,6000-Operating,1000-Cash,5031,50.31,security monitoring hosts 2026-06,Freightline Logistics,,HAP-2026-06-1976,HAP-2026-06-1976,historical_ap,volume_opex
JE-HAP-2026-06-1977,2026-06,2026-06-24,2026-06-24,6000-Operating,1000-Cash,9242,92.42,usage overage block 2026-06,Notion Labs,,HAP-2026-06-1977,HAP-2026-06-1977,historical_ap,volume_opex
JE-HAP-2026-06-1978,2026-06,2026-06-24,2026-06-24,6000-Operating,1000-Cash,1440000,14400.0,premium support 2026-06,Zoom Video,,HAP-2026-06-1978,HAP-2026-06-1978,historical_ap,volume_opex
JE-HAP-2026-06-1979,2026-06,2026-06-24,2026-06-24,6000-Operating,1000-Cash,38511,385.11,warehouse consumables 2026-06,Helios Hardware Supply,,HAP-2026-06-1979,HAP-2026-06-1979,historical_ap,volume_opex
JE-HAP-2026-06-1980,2026-06,2026-06-24,2026-06-24,6000-Operating,1000-Cash,1222,12.22,security monitoring hosts 2026-06,ADP,,HAP-2026-06-1980,HAP-2026-06-1980,historical_ap,volume_opex
JE-HAP-2026-06-1981,2026-06,2026-06-25,2026-06-25,6000-Operating,1000-Cash,7733,77.33,warehouse consumables 2026-06,Zoom Video,,HAP-2026-06-1981,HAP-2026-06-1981,historical_ap,volume_opex
JE-HAP-2026-06-1982,2026-06,2026-06-25,2026-06-25,6000-Operating,1000-Cash,4844,48.44,security monitoring hosts 2026-06,Helios Hardware Supply,,HAP-2026-06-1982,HAP-2026-06-1982,historical_ap,volume_opex
JE-HAP-2026-06-1983,2026-06,2026-06-25,2026-06-25,6000-Operating,1000-Cash,9055,90.55,usage overage block 2026-06,ADP,,HAP-2026-06-1983,HAP-2026-06-1983,historical_ap,volume_opex
JE-HAP-2026-06-1984,2026-06,2026-06-25,2026-06-25,6000-Operating,1000-Cash,1440066,14400.66,premium support 2026-06,CleanRoom Janitorial,,HAP-2026-06-1984,HAP-2026-06-1984,historical_ap,volume_opex
JE-HAP-2026-06-1985,2026-06,2026-06-25,2026-06-25,6000-Operating,1000-Cash,38577,385.77,warehouse consumables 2026-06,Adyen NV,,HAP-2026-06-1985,HAP-2026-06-1985,historical_ap,volume_opex
JE-HAP-2026-06-1986,2026-06,2026-06-25,2026-06-25,6000-Operating,1000-Cash,1288,12.88,security monitoring hosts 2026-06,Carta,,HAP-2026-06-1986,HAP-2026-06-1986,historical_ap,volume_opex
JE-HAP-2026-06-1987,2026-06,2026-06-25,2026-06-25,6000-Operating,1000-Cash,4599,45.99,usage overage block 2026-06,Acme Supplies,,HAP-2026-06-1987,HAP-2026-06-1987,historical_ap,volume_opex
JE-HAP-2026-06-1988,2026-06,2026-06-25,2026-06-25,6000-Operating,1000-Cash,900110,9001.1,premium support 2026-06,Northline Fabrication,,HAP-2026-06-1988,HAP-2026-06-1988,historical_ap,volume_opex
JE-HAP-2026-06-1989,2026-06,2026-06-25,2026-06-25,6000-Operating,1000-Cash,27071,270.71,warehouse consumables 2026-06,Slack Technologies,,HAP-2026-06-1989,HAP-2026-06-1989,historical_ap,volume_opex
JE-HAP-2026-06-1990,2026-06,2026-06-25,2026-06-25,6000-Operating,1000-Cash,10932,109.32,security monitoring hosts 2026-06,Orbit Analytics,,HAP-2026-06-1990,HAP-2026-06-1990,historical_ap,volume_opex
JE-HAP-2026-06-1991,2026-06,2026-06-25,2026-06-25,6000-Operating,1000-Cash,16643,166.43,usage overage block 2026-06,Lindholm & Ruiz LLP,,HAP-2026-06-1991,HAP-2026-06-1991,historical_ap,volume_opex
JE-HAP-2026-06-1992,2026-06,2026-06-25,2026-06-25,6000-Operating,1000-Cash,360154,3601.54,premium support 2026-06,Lenovo,,HAP-2026-06-1992,HAP-2026-06-1992,historical_ap,volume_opex
JE-HAP-2026-06-1993,2026-06,2026-06-26,2026-06-26,6000-Operating,1000-Cash,4665,46.65,usage overage block 2026-06,Orbit Analytics,,HAP-2026-06-1993,HAP-2026-06-1993,historical_ap,volume_opex
JE-HAP-2026-06-1994,2026-06,2026-06-26,2026-06-26,6000-Operating,1000-Cash,900176,9001.76,premium support 2026-06,Lindholm & Ruiz LLP,,HAP-2026-06-1994,HAP-2026-06-1994,historical_ap,volume_opex
JE-HAP-2026-06-1995,2026-06,2026-06-26,2026-06-26,6000-Operating,1000-Cash,27137,271.37,warehouse consumables 2026-06,Lenovo,,HAP-2026-06-1995,HAP-2026-06-1995,historical_ap,volume_opex
JE-HAP-2026-06-1996,2026-06,2026-06-26,2026-06-26,6000-Operating,1000-Cash,10998,109.98,security monitoring hosts 2026-06,Snowflake,,HAP-2026-06-1996,HAP-2026-06-1996,historical_ap,volume_opex
JE-HAP-2026-06-1997,2026-06,2026-06-26,2026-06-26,6000-Operating,1000-Cash,16709,167.09,usage overage block 2026-06,Atlassian,,HAP-2026-06-1997,HAP-2026-06-1997,historical_ap,volume_opex
JE-HAP-2026-06-1998,2026-06,2026-06-26,2026-06-26,6000-Operating,1000-Cash,360220,3602.2,premium support 2026-06,Harbor Power & Light,,HAP-2026-06-1998,HAP-2026-06-1998,historical_ap,volume_opex
JE-HAP-2026-06-1999,2026-06,2026-06-26,2026-06-26,6000-Operating,1000-Cash,15631,156.31,warehouse consumables 2026-06,WeWork Cambridge,,HAP-2026-06-1999,HAP-2026-06-1999,historical_ap,volume_opex
JE-HAP-2026-06-2000,2026-06,2026-06-26,2026-06-26,6000-Operating,1000-Cash,7442,74.42,security monitoring hosts 2026-06,Kendall Square Parking,,HAP-2026-06-2000,HAP-2026-06-2000,historical_ap,volume_opex
JE-HAP-2026-06-2001,2026-06,2026-06-26,2026-06-26,6000-Operating,1000-Cash,12000,120.0,usage overage block 2026-06,DocuSign,,HAP-2026-06-2001,HAP-2026-06-2001,historical_ap,volume_opex
JE-HAP-2026-06-2002,2026-06,2026-06-26,2026-06-26,6000-Operating,1000-Cash,1800011,18000.11,premium support 2026-06,Gusto Payroll,,HAP-2026-06-2002,HAP-2026-06-2002,historical_ap,volume_opex
JE-HAP-2026-06-2003,2026-06,2026-06-26,2026-06-26,6000-Operating,1000-Cash,3872,38.72,warehouse consumables 2026-06,Acme Supplies LLC,,HAP-2026-06-2003,HAP-2026-06-2003,historical_ap,volume_opex
JE-HAP-2026-06-2004,2026-06,2026-06-26,2026-06-26,6000-Operating,1000-Cash,3633,36.33,security monitoring hosts 2026-06,Office Depot,,HAP-2026-06-2004,HAP-2026-06-2004,historical_ap,volume_opex
JE-HAP-2026-06-2005,2026-06,2026-06-27,2026-06-27,6000-Operating,1000-Cash,15444,154.44,warehouse consumables 2026-06,Gusto Payroll,,HAP-2026-06-2005,HAP-2026-06-2005,historical_ap,volume_opex
JE-HAP-2026-06-2006,2026-06,2026-06-27,2026-06-27,6000-Operating,1000-Cash,7255,72.55,security monitoring hosts 2026-06,Acme Supplies LLC,,HAP-2026-06-2006,HAP-2026-06-2006,historical_ap,volume_opex
JE-HAP-2026-06-2007,2026-06,2026-06-27,2026-06-27,6000-Operating,1000-Cash,12066,120.66,usage overage block 2026-06,Office Depot,,HAP-2026-06-2007,HAP-2026-06-2007,historical_ap,volume_opex
JE-HAP-2026-06-2008,2026-06,2026-06-27,2026-06-27,6000-Operating,1000-Cash,1800077,18000.77,premium support 2026-06,Figma,,HAP-2026-06-2008,HAP-2026-06-2008,historical_ap,volume_opex
JE-HAP-2026-06-2009,2026-06,2026-06-27,2026-06-27,6000-Operating,1000-Cash,3938,39.38,warehouse consumables 2026-06,Cambridge Properties,,HAP-2026-06-2009,HAP-2026-06-2009,historical_ap,volume_opex
JE-HAP-2026-06-2010,2026-06,2026-06-27,2026-06-27,6000-Operating,1000-Cash,3699,36.99,security monitoring hosts 2026-06,GitHub,,HAP-2026-06-2010,HAP-2026-06-2010,historical_ap,volume_opex
JE-HAP-2026-06-2011,2026-06,2026-06-27,2026-06-27,6000-Operating,1000-Cash,7610,76.1,usage overage block 2026-06,Misc Supplies,,HAP-2026-06-2011,HAP-2026-06-2011,historical_ap,volume_opex
JE-HAP-2026-06-2012,2026-06,2026-06-27,2026-06-27,6000-Operating,1000-Cash,1260121,12601.21,premium support 2026-06,Okta,,HAP-2026-06-2012,HAP-2026-06-2012,historical_ap,volume_opex
JE-HAP-2026-06-2013,2026-06,2026-06-27,2026-06-27,6000-Operating,1000-Cash,34782,347.82,warehouse consumables 2026-06,Cloudflare,,HAP-2026-06-2013,HAP-2026-06-2013,historical_ap,volume_opex
JE-HAP-2026-06-2014,2026-06,2026-06-27,2026-06-27,6000-Operating,1000-Cash,13343,133.43,security monitoring hosts 2026-06,Staples Business Advantage,,HAP-2026-06-2014,HAP-2026-06-2014,historical_ap,volume_opex
JE-HAP-2026-06-2015,2026-06,2026-06-27,2026-06-27,6000-Operating,1000-Cash,3154,31.54,usage overage block 2026-06,Comcast Business,,HAP-2026-06-2015,HAP-2026-06-2015,historical_ap,volume_opex
JE-HAP-2026-06-2016,2026-06,2026-06-27,2026-06-27,6000-Operating,1000-Cash,720165,7201.65,premium support 2026-06,HubSpot,,HAP-2026-06-2016,HAP-2026-06-2016,historical_ap,volume_opex
JE-HAP-2026-06-2017,2026-06,2026-06-28,2026-06-28,6000-Operating,1000-Cash,7676,76.76,usage overage block 2026-06,Staples Business Advantage,,HAP-2026-06-2017,HAP-2026-06-2017,historical_ap,volume_opex
JE-HAP-2026-06-2018,2026-06,2026-06-28,2026-06-28,6000-Operating,1000-Cash,1260187,12601.87,premium support 2026-06,Comcast Business,,HAP-2026-06-2018,HAP-2026-06-2018,historical_ap,volume_opex
JE-HAP-2026-06-2019,2026-06,2026-06-28,2026-06-28,6000-Operating,1000-Cash,34848,348.48,warehouse consumables 2026-06,HubSpot,,HAP-2026-06-2019,HAP-2026-06-2019,historical_ap,volume_opex
JE-HAP-2026-06-2020,2026-06,2026-06-28,2026-06-28,6000-Operating,1000-Cash,13409,134.09,security monitoring hosts 2026-06,Palo Alto Networks,,HAP-2026-06-2020,HAP-2026-06-2020,historical_ap,volume_opex
JE-HAP-2026-06-2021,2026-06,2026-06-28,2026-06-28,6000-Operating,1000-Cash,3220,32.2,usage overage block 2026-06,Vanta,,HAP-2026-06-2021,HAP-2026-06-2021,historical_ap,volume_opex
JE-HAP-2026-06-2022,2026-06,2026-06-28,2026-06-28,6000-Operating,1000-Cash,720231,7202.31,premium support 2026-06,Acme Supply Co.,,HAP-2026-06-2022,HAP-2026-06-2022,historical_ap,volume_opex
JE-HAP-2026-06-2023,2026-06,2026-06-28,2026-06-28,6000-Operating,1000-Cash,23342,233.42,warehouse consumables 2026-06,Helios Hardware,,HAP-2026-06-2023,HAP-2026-06-2023,historical_ap,volume_opex
JE-HAP-2026-06-2024,2026-06,2026-06-28,2026-06-28,6000-Operating,1000-Cash,9600,96.0,security monitoring hosts 2026-06,Google Cloud,,HAP-2026-06-2024,HAP-2026-06-2024,historical_ap,volume_opex
JE-HAP-2026-06-2025,2026-06,2026-06-28,2026-06-28,6000-Operating,1000-Cash,15011,150.11,usage overage block 2026-06,Dell Technologies,,HAP-2026-06-2025,HAP-2026-06-2025,historical_ap,volume_opex
JE-HAP-2026-06-2026,2026-06,2026-06-28,2026-06-28,6000-Operating,1000-Cash,180022,1800.22,premium support 2026-06,Shadow Vendor LLC,,HAP-2026-06-2026,HAP-2026-06-2026,historical_ap,volume_opex
JE-HAP-2026-06-2027,2026-06,2026-06-28,2026-06-28,6000-Operating,1000-Cash,11583,115.83,warehouse consumables 2026-06,Twilio,,HAP-2026-06-2027,HAP-2026-06-2027,historical_ap,volume_opex
JE-HAP-2026-06-2028,2026-06,2026-06-28,2026-06-28,6000-Operating,1000-Cash,6044,60.44,security monitoring hosts 2026-06,CrowdStrike,,HAP-2026-06-2028,HAP-2026-06-2028,historical_ap,volume_opex
JE-HAP-2026-06-2029,2026-06,2026-06-29,2026-06-29,6000-Operating,1000-Cash,23155,231.55,warehouse consumables 2026-06,Shadow Vendor LLC,,HAP-2026-06-2029,HAP-2026-06-2029,historical_ap,volume_opex
JE-HAP-2026-06-2030,2026-06,2026-06-29,2026-06-29,6000-Operating,1000-Cash,9666,96.66,security monitoring hosts 2026-06,Twilio,,HAP-2026-06-2030,HAP-2026-06-2030,historical_ap,volume_opex
JE-HAP-2026-06-2031,2026-06,2026-06-29,2026-06-29,6000-Operating,1000-Cash,15077,150.77,usage overage block 2026-06,CrowdStrike,,HAP-2026-06-2031,HAP-2026-06-2031,historical_ap,volume_opex
JE-HAP-2026-06-2032,2026-06,2026-06-29,2026-06-29,6000-Operating,1000-Cash,180088,1800.88,premium support 2026-06,Northline Fab Group,,HAP-2026-06-2032,HAP-2026-06-2032,historical_ap,volume_opex
JE-HAP-2026-06-2033,2026-06,2026-06-29,2026-06-29,6000-Operating,1000-Cash,11649,116.49,warehouse consumables 2026-06,FedEx,,HAP-2026-06-2033,HAP-2026-06-2033,historical_ap,volume_opex
JE-HAP-2026-06-2034,2026-06,2026-06-29,2026-06-29,6000-Operating,1000-Cash,6110,61.1,security monitoring hosts 2026-06,Pagaya Coffee Service,,HAP-2026-06-2034,HAP-2026-06-2034,historical_ap,volume_opex
JE-HAP-2026-06-2035,2026-06,2026-06-29,2026-06-29,6000-Operating,1000-Cash,10621,106.21,usage overage block 2026-06,Stripe Processing,,HAP-2026-06-2035,HAP-2026-06-2035,historical_ap,volume_opex
JE-HAP-2026-06-2036,2026-06,2026-06-29,2026-06-29,6000-Operating,1000-Cash,1620132,16201.32,premium support 2026-06,Boston Edison Steam,,HAP-2026-06-2036,HAP-2026-06-2036,historical_ap,volume_opex
JE-HAP-2026-06-2037,2026-06,2026-06-29,2026-06-29,6000-Operating,1000-Cash,42493,424.93,warehouse consumables 2026-06,Linear App,,HAP-2026-06-2037,HAP-2026-06-2037,historical_ap,volume_opex
JE-HAP-2026-06-2038,2026-06,2026-06-29,2026-06-29,6000-Operating,1000-Cash,2554,25.54,security monitoring hosts 2026-06,Amazon Web Services,,HAP-2026-06-2038,HAP-2026-06-2038,historical_ap,volume_opex
JE-HAP-2026-06-2039,2026-06,2026-06-29,2026-06-29,6000-Operating,1000-Cash,6165,61.65,usage overage block 2026-06,Datadog,,HAP-2026-06-2039,HAP-2026-06-2039,historical_ap,volume_opex
JE-HAP-2026-06-2040,2026-06,2026-06-29,2026-06-29,6000-Operating,1000-Cash,1080176,10801.76,premium support 2026-06,Hartford Insurance,,HAP-2026-06-2040,HAP-2026-06-2040,historical_ap,volume_opex
JE-HAP-2026-06-2041,2026-06,2026-06-30,2026-06-30,6000-Operating,1000-Cash,10687,106.87,usage overage block 2026-06,Amazon Web Services,,HAP-2026-06-2041,HAP-2026-06-2041,historical_ap,volume_opex
JE-HAP-2026-06-2042,2026-06,2026-06-30,2026-06-30,6000-Operating,1000-Cash,1620198,16201.98,premium support 2026-06,Datadog,,HAP-2026-06-2042,HAP-2026-06-2042,historical_ap,volume_opex
JE-HAP-2026-06-2043,2026-06,2026-06-30,2026-06-30,6000-Operating,1000-Cash,42559,425.59,warehouse consumables 2026-06,Hartford Insurance,,HAP-2026-06-2043,HAP-2026-06-2043,historical_ap,volume_opex
JE-HAP-2026-06-2044,2026-06,2026-06-30,2026-06-30,6000-Operating,1000-Cash,2620,26.2,security monitoring hosts 2026-06,Harbor Electric,,HAP-2026-06-2044,HAP-2026-06-2044,historical_ap,volume_opex
JE-HAP-2026-06-2045,2026-06,2026-06-30,2026-06-30,6000-Operating,1000-Cash,6231,62.31,usage overage block 2026-06,Freightline Logistics,,HAP-2026-06-2045,HAP-2026-06-2045,historical_ap,volume_opex
JE-HAP-2026-06-2046,2026-06,2026-06-30,2026-06-30,6000-Operating,1000-Cash,1080242,10802.42,premium support 2026-06,Notion Labs,,HAP-2026-06-2046,HAP-2026-06-2046,historical_ap,volume_opex
JE-HAP-2026-06-2047,2026-06,2026-06-30,2026-06-30,6000-Operating,1000-Cash,30800,308.0,warehouse consumables 2026-06,Zoom Video,,HAP-2026-06-2047,HAP-2026-06-2047,historical_ap,volume_opex
JE-HAP-2026-06-2048,2026-06,2026-06-30,2026-06-30,6000-Operating,1000-Cash,12011,120.11,security monitoring hosts 2026-06,Helios Hardware Supply,,HAP-2026-06-2048,HAP-2026-06-2048,historical_ap,volume_opex
JE-HAP-2026-06-2049,2026-06,2026-06-30,2026-06-30,6000-Operating,1000-Cash,1522,15.22,usage overage block 2026-06,ADP,,HAP-2026-06-2049,HAP-2026-06-2049,historical_ap,volume_opex
JE-HAP-2026-06-2050,2026-06,2026-06-30,2026-06-30,6000-Operating,1000-Cash,540033,5400.33,premium support 2026-06,CleanRoom Janitorial,,HAP-2026-06-2050,HAP-2026-06-2050,historical_ap,volume_opex
JE-HAP-2026-06-2051,2026-06,2026-06-30,2026-06-30,6000-Operating,1000-Cash,19294,192.94,warehouse consumables 2026-06,Adyen NV,,HAP-2026-06-2051,HAP-2026-06-2051,historical_ap,volume_opex
JE-HAP-2026-06-2052,2026-06,2026-06-30,2026-06-30,6000-Operating,1000-Cash,8455,84.55,security monitoring hosts 2026-06,Carta,,HAP-2026-06-2052,HAP-2026-06-2052,historical_ap,volume_opex
JE-HAP-2026-06-2053,2026-06,2026-06-30,2026-06-30,6000-Operating,1000-Cash,30866,308.66,warehouse consumables 2026-06,CleanRoom Janitorial,,HAP-2026-06-2053,HAP-2026-06-2053,historical_ap,volume_opex
JE-HAP-2026-06-2054,2026-06,2026-06-30,2026-06-30,6000-Operating,1000-Cash,12077,120.77,security monitoring hosts 2026-06,Adyen NV,,HAP-2026-06-2054,HAP-2026-06-2054,historical_ap,volume_opex
JE-HAP-2026-06-2055,2026-06,2026-06-30,2026-06-30,6000-Operating,1000-Cash,1588,15.88,usage overage block 2026-06,Carta,,HAP-2026-06-2055,HAP-2026-06-2055,historical_ap,volume_opex
JE-HAP-2026-06-2056,2026-06,2026-06-30,2026-06-30,6000-Operating,1000-Cash,540099,5400.99,premium support 2026-06,Acme Supplies,,HAP-2026-06-2056,HAP-2026-06-2056,historical_ap,volume_opex
JE-HAP-2026-06-2057,2026-06,2026-06-30,2026-06-30,6000-Operating,1000-Cash,19360,193.6,warehouse consumables 2026-06,Northline Fabrication,,HAP-2026-06-2057,HAP-2026-06-2057,historical_ap,volume_opex
JE-HAP-2026-06-2058,2026-06,2026-06-30,2026-06-30,6000-Operating,1000-Cash,8521,85.21,security monitoring hosts 2026-06,Slack Technologies,,HAP-2026-06-2058,HAP-2026-06-2058,historical_ap,volume_opex
JE-HAP-2026-06-2059,2026-06,2026-06-30,2026-06-30,6000-Operating,1000-Cash,13632,136.32,usage overage block 2026-06,Orbit Analytics,,HAP-2026-06-2059,HAP-2026-06-2059,historical_ap,volume_opex
JE-HAP-2026-06-2060,2026-06,2026-06-30,2026-06-30,6000-Operating,1000-Cash,1980143,19801.43,premium support 2026-06,Lindholm & Ruiz LLP,,HAP-2026-06-2060,HAP-2026-06-2060,historical_ap,volume_opex
JE-HAP-2026-06-2061,2026-06,2026-06-30,2026-06-30,6000-Operating,1000-Cash,7854,78.54,warehouse consumables 2026-06,Lenovo,,HAP-2026-06-2061,HAP-2026-06-2061,historical_ap,volume_opex
JE-HAP-2026-06-2062,2026-06,2026-06-30,2026-06-30,6000-Operating,1000-Cash,4965,49.65,security monitoring hosts 2026-06,Snowflake,,HAP-2026-06-2062,HAP-2026-06-2062,historical_ap,volume_opex
JE-HAP-2026-06-2063,2026-06,2026-06-30,2026-06-30,6000-Operating,1000-Cash,9176,91.76,usage overage block 2026-06,Atlassian,,HAP-2026-06-2063,HAP-2026-06-2063,historical_ap,volume_opex
JE-HAP-2026-06-2064,2026-06,2026-06-30,2026-06-30,6000-Operating,1000-Cash,1440187,14401.87,premium support 2026-06,Harbor Power & Light,,HAP-2026-06-2064,HAP-2026-06-2064,historical_ap,volume_opex
JE-HAP-2026-06-2065,2026-06,2026-06-30,2026-06-30,6000-Operating,1000-Cash,13698,136.98,usage overage block 2026-06,Snowflake,,HAP-2026-06-2065,HAP-2026-06-2065,historical_ap,volume_opex
JE-HAP-2026-06-2066,2026-06,2026-06-30,2026-06-30,6000-Operating,1000-Cash,1980209,19802.09,premium support 2026-06,Atlassian,,HAP-2026-06-2066,HAP-2026-06-2066,historical_ap,volume_opex
JE-HAP-2026-06-2067,2026-06,2026-06-30,2026-06-30,6000-Operating,1000-Cash,7920,79.2,warehouse consumables 2026-06,Harbor Power & Light,,HAP-2026-06-2067,HAP-2026-06-2067,historical_ap,volume_opex
JE-HAP-2026-06-2068,2026-06,2026-06-30,2026-06-30,6000-Operating,1000-Cash,5031,50.31,security monitoring hosts 2026-06,WeWork Cambridge,,HAP-2026-06-2068,HAP-2026-06-2068,historical_ap,volume_opex
JE-HAP-2026-06-2069,2026-06,2026-06-30,2026-06-30,6000-Operating,1000-Cash,9242,92.42,usage overage block 2026-06,Kendall Square Parking,,HAP-2026-06-2069,HAP-2026-06-2069,historical_ap,volume_opex
JE-HAP-2026-06-2070,2026-06,2026-06-30,2026-06-30,6000-Operating,1000-Cash,1440000,14400.0,premium support 2026-06,DocuSign,,HAP-2026-06-2070,HAP-2026-06-2070,historical_ap,volume_opex
JE-HAP-2026-06-2071,2026-06,2026-06-30,2026-06-30,6000-Operating,1000-Cash,38511,385.11,warehouse consumables 2026-06,Gusto Payroll,,HAP-2026-06-2071,HAP-2026-06-2071,historical_ap,volume_opex
JE-HAP-2026-06-2072,2026-06,2026-06-30,2026-06-30,6000-Operating,1000-Cash,1222,12.22,security monitoring hosts 2026-06,Acme Supplies LLC,,HAP-2026-06-2072,HAP-2026-06-2072,historical_ap,volume_opex
JE-HAP-2026-06-2073,2026-06,2026-06-30,2026-06-30,6000-Operating,1000-Cash,4533,45.33,usage overage block 2026-06,Office Depot,,HAP-2026-06-2073,HAP-2026-06-2073,historical_ap,volume_opex
JE-HAP-2026-06-2074,2026-06,2026-06-30,2026-06-30,6000-Operating,1000-Cash,900044,9000.44,premium support 2026-06,Figma,,HAP-2026-06-2074,HAP-2026-06-2074,historical_ap,volume_opex
JE-HAP-2026-06-2075,2026-06,2026-06-30,2026-06-30,6000-Operating,1000-Cash,27005,270.05,warehouse consumables 2026-06,Cambridge Properties,,HAP-2026-06-2075,HAP-2026-06-2075,historical_ap,volume_opex
JE-HAP-2026-06-2076,2026-06,2026-06-30,2026-06-30,6000-Operating,1000-Cash,10866,108.66,security monitoring hosts 2026-06,GitHub,,HAP-2026-06-2076,HAP-2026-06-2076,historical_ap,volume_opex
JE-HAP-2026-06-2077,2026-06,2026-06-30,2026-06-30,6000-Operating,1000-Cash,38577,385.77,warehouse consumables 2026-06,Figma,,HAP-2026-06-2077,HAP-2026-06-2077,historical_ap,volume_opex
JE-HAP-2026-06-2078,2026-06,2026-06-30,2026-06-30,6000-Operating,1000-Cash,1288,12.88,security monitoring hosts 2026-06,Cambridge Properties,,HAP-2026-06-2078,HAP-2026-06-2078,historical_ap,volume_opex
JE-HAP-2026-06-2079,2026-06,2026-06-30,2026-06-30,6000-Operating,1000-Cash,4599,45.99,usage overage block 2026-06,GitHub,,HAP-2026-06-2079,HAP-2026-06-2079,historical_ap,volume_opex
JE-HAP-2026-06-2080,2026-06,2026-06-30,2026-06-30,6000-Operating,1000-Cash,900110,9001.1,premium support 2026-06,Misc Supplies,,HAP-2026-06-2080,HAP-2026-06-2080,historical_ap,volume_opex
JE-HAP-2026-06-2081,2026-06,2026-06-30,2026-06-30,6000-Operating,1000-Cash,27071,270.71,warehouse consumables 2026-06,Okta,,HAP-2026-06-2081,HAP-2026-06-2081,historical_ap,volume_opex
JE-HAP-2026-06-2082,2026-06,2026-06-30,2026-06-30,6000-Operating,1000-Cash,10932,109.32,security monitoring hosts 2026-06,Cloudflare,,HAP-2026-06-2082,HAP-2026-06-2082,historical_ap,volume_opex
JE-HAP-2026-06-2083,2026-06,2026-06-30,2026-06-30,6000-Operating,1000-Cash,16643,166.43,usage overage block 2026-06,Staples Business Advantage,,HAP-2026-06-2083,HAP-2026-06-2083,historical_ap,volume_opex
JE-HAP-2026-06-2084,2026-06,2026-06-30,2026-06-30,6000-Operating,1000-Cash,360154,3601.54,premium support 2026-06,Comcast Business,,HAP-2026-06-2084,HAP-2026-06-2084,historical_ap,volume_opex
JE-HAP-2026-06-2085,2026-06,2026-06-30,2026-06-30,6000-Operating,1000-Cash,15565,155.65,warehouse consumables 2026-06,HubSpot,,HAP-2026-06-2085,HAP-2026-06-2085,historical_ap,volume_opex
JE-HAP-2026-06-2086,2026-06,2026-06-30,2026-06-30,6000-Operating,1000-Cash,7376,73.76,security monitoring hosts 2026-06,Palo Alto Networks,,HAP-2026-06-2086,HAP-2026-06-2086,historical_ap,volume_opex
JE-HAP-2026-06-2087,2026-06,2026-06-30,2026-06-30,6000-Operating,1000-Cash,12187,121.87,usage overage block 2026-06,Vanta,,HAP-2026-06-2087,HAP-2026-06-2087,historical_ap,volume_opex
JE-HAP-2026-06-2088,2026-06,2026-06-30,2026-06-30,6000-Operating,1000-Cash,1800198,18001.98,premium support 2026-06,Acme Supply Co.,,HAP-2026-06-2088,HAP-2026-06-2088,historical_ap,volume_opex
JE-HAP-2026-06-2089,2026-06,2026-06-30,2026-06-30,6000-Operating,1000-Cash,16709,167.09,usage overage block 2026-06,Palo Alto Networks,,HAP-2026-06-2089,HAP-2026-06-2089,historical_ap,volume_opex
JE-HAP-2026-06-2090,2026-06,2026-06-30,2026-06-30,6000-Operating,1000-Cash,360220,3602.2,premium support 2026-06,Vanta,,HAP-2026-06-2090,HAP-2026-06-2090,historical_ap,volume_opex
JE-HAP-2026-06-2091,2026-06,2026-06-30,2026-06-30,6000-Operating,1000-Cash,15631,156.31,warehouse consumables 2026-06,Acme Supply Co.,,HAP-2026-06-2091,HAP-2026-06-2091,historical_ap,volume_opex
JE-HAP-2026-06-2092,2026-06,2026-06-30,2026-06-30,6000-Operating,1000-Cash,7442,74.42,security monitoring hosts 2026-06,Helios Hardware,,HAP-2026-06-2092,HAP-2026-06-2092,historical_ap,volume_opex
JE-HAP-2026-06-2093,2026-06,2026-06-30,2026-06-30,6000-Operating,1000-Cash,12000,120.0,usage overage block 2026-06,Google Cloud,,HAP-2026-06-2093,HAP-2026-06-2093,historical_ap,volume_opex
JE-HAP-2026-06-2094,2026-06,2026-06-30,2026-06-30,6000-Operating,1000-Cash,1800011,18000.11,premium support 2026-06,Dell Technologies,,HAP-2026-06-2094,HAP-2026-06-2094,historical_ap,volume_opex
JE-HAP-2026-06-2095,2026-06,2026-06-30,2026-06-30,6000-Operating,1000-Cash,3872,38.72,warehouse consumables 2026-06,Shadow Vendor LLC,,HAP-2026-06-2095,HAP-2026-06-2095,historical_ap,volume_opex
JE-HAP-2026-06-2096,2026-06,2026-06-30,2026-06-30,6000-Operating,1000-Cash,3633,36.33,security monitoring hosts 2026-06,Twilio,,HAP-2026-06-2096,HAP-2026-06-2096,historical_ap,volume_opex
JE-HAP-2026-06-2097,2026-06,2026-06-30,2026-06-30,6000-Operating,1000-Cash,7544,75.44,usage overage block 2026-06,CrowdStrike,,HAP-2026-06-2097,HAP-2026-06-2097,historical_ap,volume_opex
JE-HAP-2026-06-2098,2026-06,2026-06-30,2026-06-30,6000-Operating,1000-Cash,1260055,12600.55,premium support 2026-06,Northline Fab Group,,HAP-2026-06-2098,HAP-2026-06-2098,historical_ap,volume_opex
JE-HAP-2026-06-2099,2026-06,2026-06-30,2026-06-30,6000-Operating,1000-Cash,34716,347.16,warehouse consumables 2026-06,FedEx,,HAP-2026-06-2099,HAP-2026-06-2099,historical_ap,volume_opex
JE-HAP-2026-06-2100,2026-06,2026-06-30,2026-06-30,6000-Operating,1000-Cash,13277,132.77,security monitoring hosts 2026-06,Pagaya Coffee Service,,HAP-2026-06-2100,HAP-2026-06-2100,historical_ap,volume_opex
JE-HAP-2026-06-2101,2026-06,2026-06-30,2026-06-30,6000-Operating,1000-Cash,3938,39.38,warehouse consumables 2026-06,Northline Fab Group,,HAP-2026-06-2101,HAP-2026-06-2101,historical_ap,volume_opex
JE-HAP-2026-06-2102,2026-06,2026-06-30,2026-06-30,6000-Operating,1000-Cash,3699,36.99,security monitoring hosts 2026-06,FedEx,,HAP-2026-06-2102,HAP-2026-06-2102,historical_ap,volume_opex
JE-HAP-2026-06-2103,2026-06,2026-06-30,2026-06-30,6000-Operating,1000-Cash,7610,76.1,usage overage block 2026-06,Pagaya Coffee Service,,HAP-2026-06-2103,HAP-2026-06-2103,historical_ap,volume_opex
JE-HAP-2026-06-2104,2026-06,2026-06-30,2026-06-30,6000-Operating,1000-Cash,1260121,12601.21,premium support 2026-06,Stripe Processing,,HAP-2026-06-2104,HAP-2026-06-2104,historical_ap,volume_opex
JE-HAP-2026-06-2105,2026-06,2026-06-30,2026-06-30,6000-Operating,1000-Cash,34782,347.82,warehouse consumables 2026-06,Boston Edison Steam,,HAP-2026-06-2105,HAP-2026-06-2105,historical_ap,volume_opex
JE-HAP-2026-06-2106,2026-06,2026-06-30,2026-06-30,6000-Operating,1000-Cash,13343,133.43,security monitoring hosts 2026-06,Linear App,,HAP-2026-06-2106,HAP-2026-06-2106,historical_ap,volume_opex
JE-HAP-2026-06-2107,2026-06,2026-06-30,2026-06-30,6000-Operating,1000-Cash,3154,31.54,usage overage block 2026-06,Amazon Web Services,,HAP-2026-06-2107,HAP-2026-06-2107,historical_ap,volume_opex
JE-HAP-2026-06-2108,2026-06,2026-06-30,2026-06-30,6000-Operating,1000-Cash,720165,7201.65,premium support 2026-06,Datadog,,HAP-2026-06-2108,HAP-2026-06-2108,historical_ap,volume_opex
JE-HAP-2026-06-2109,2026-06,2026-06-30,2026-06-30,6000-Operating,1000-Cash,23276,232.76,warehouse consumables 2026-06,Hartford Insurance,,HAP-2026-06-2109,HAP-2026-06-2109,historical_ap,volume_opex
JE-HAP-2026-06-2110,2026-06,2026-06-30,2026-06-30,6000-Operating,1000-Cash,9787,97.87,security monitoring hosts 2026-06,Harbor Electric,,HAP-2026-06-2110,HAP-2026-06-2110,historical_ap,volume_opex
JE-HAP-2026-06-2111,2026-06,2026-06-30,2026-06-30,6000-Operating,1000-Cash,15198,151.98,usage overage block 2026-06,Freightline Logistics,,HAP-2026-06-2111,HAP-2026-06-2111,historical_ap,volume_opex
JE-HAP-2026-06-2112,2026-06,2026-06-30,2026-06-30,6000-Operating,1000-Cash,180209,1802.09,premium support 2026-06,Notion Labs,,HAP-2026-06-2112,HAP-2026-06-2112,historical_ap,volume_opex
JE-HAP-2026-06-2113,2026-06,2026-06-30,2026-06-30,6000-Operating,1000-Cash,3220,32.2,usage overage block 2026-06,Harbor Electric,,HAP-2026-06-2113,HAP-2026-06-2113,historical_ap,volume_opex
JE-HAP-2026-06-2114,2026-06,2026-06-30,2026-06-30,6000-Operating,1000-Cash,720231,7202.31,premium support 2026-06,Freightline Logistics,,HAP-2026-06-2114,HAP-2026-06-2114,historical_ap,volume_opex
JE-HAP-2026-06-2115,2026-06,2026-06-30,2026-06-30,6000-Operating,1000-Cash,23342,233.42,warehouse consumables 2026-06,Notion Labs,,HAP-2026-06-2115,HAP-2026-06-2115,historical_ap,volume_opex
JE-HAP-2026-06-2116,2026-06,2026-06-30,2026-06-30,6000-Operating,1000-Cash,9600,96.0,security monitoring hosts 2026-06,Zoom Video,,HAP-2026-06-2116,HAP-2026-06-2116,historical_ap,volume_opex
JE-HAP-2026-06-2117,2026-06,2026-06-30,2026-06-30,6000-Operating,1000-Cash,15011,150.11,usage overage block 2026-06,Helios Hardware Supply,,HAP-2026-06-2117,HAP-2026-06-2117,historical_ap,volume_opex
JE-HAP-2026-06-2118,2026-06,2026-06-30,2026-06-30,6000-Operating,1000-Cash,180022,1800.22,premium support 2026-06,ADP,,HAP-2026-06-2118,HAP-2026-06-2118,historical_ap,volume_opex
JE-HAP-2026-06-2119,2026-06,2026-06-30,2026-06-30,6000-Operating,1000-Cash,11583,115.83,warehouse consumables 2026-06,CleanRoom Janitorial,,HAP-2026-06-2119,HAP-2026-06-2119,historical_ap,volume_opex
JE-HAP-2026-06-2120,2026-06,2026-06-30,2026-06-30,6000-Operating,1000-Cash,6044,60.44,security monitoring hosts 2026-06,Adyen NV,,HAP-2026-06-2120,HAP-2026-06-2120,historical_ap,volume_opex
JE-HAP-2026-06-2121,2026-06,2026-06-30,2026-06-30,6000-Operating,1000-Cash,10555,105.55,usage overage block 2026-06,Carta,,HAP-2026-06-2121,HAP-2026-06-2121,historical_ap,volume_opex
JE-HAP-2026-06-2122,2026-06,2026-06-30,2026-06-30,6000-Operating,1000-Cash,1620066,16200.66,premium support 2026-06,Acme Supplies,,HAP-2026-06-2122,HAP-2026-06-2122,historical_ap,volume_opex
JE-HAP-2026-06-2123,2026-06,2026-06-30,2026-06-30,6000-Operating,1000-Cash,42427,424.27,warehouse consumables 2026-06,Northline Fabrication,,HAP-2026-06-2123,HAP-2026-06-2123,historical_ap,volume_opex
JE-HAP-2026-06-2124,2026-06,2026-06-30,2026-06-30,6000-Operating,1000-Cash,2488,24.88,security monitoring hosts 2026-06,Slack Technologies,,HAP-2026-06-2124,HAP-2026-06-2124,historical_ap,volume_opex
JE-HAP-2026-06-2125,2026-06,2026-06-30,2026-06-30,6000-Operating,1000-Cash,11649,116.49,warehouse consumables 2026-06,Acme Supplies,,HAP-2026-06-2125,HAP-2026-06-2125,historical_ap,volume_opex
JE-HAP-2026-06-2126,2026-06,2026-06-30,2026-06-30,6000-Operating,1000-Cash,6110,61.1,security monitoring hosts 2026-06,Northline Fabrication,,HAP-2026-06-2126,HAP-2026-06-2126,historical_ap,volume_opex
JE-HAP-2026-06-2127,2026-06,2026-06-30,2026-06-30,6000-Operating,1000-Cash,10621,106.21,usage overage block 2026-06,Slack Technologies,,HAP-2026-06-2127,HAP-2026-06-2127,historical_ap,volume_opex
JE-HAP-2026-06-2128,2026-06,2026-06-30,2026-06-30,6000-Operating,1000-Cash,1620132,16201.32,premium support 2026-06,Orbit Analytics,,HAP-2026-06-2128,HAP-2026-06-2128,historical_ap,volume_opex
JE-HAP-2026-06-2129,2026-06,2026-06-30,2026-06-30,6000-Operating,1000-Cash,42493,424.93,warehouse consumables 2026-06,Lindholm & Ruiz LLP,,HAP-2026-06-2129,HAP-2026-06-2129,historical_ap,volume_opex
JE-HAP-2026-06-2130,2026-06,2026-06-30,2026-06-30,6000-Operating,1000-Cash,2554,25.54,security monitoring hosts 2026-06,Lenovo,,HAP-2026-06-2130,HAP-2026-06-2130,historical_ap,volume_opex
JE-HAP-2026-06-2131,2026-06,2026-06-30,2026-06-30,6000-Operating,1000-Cash,6165,61.65,usage overage block 2026-06,Snowflake,,HAP-2026-06-2131,HAP-2026-06-2131,historical_ap,volume_opex
JE-HAP-2026-06-2132,2026-06,2026-06-30,2026-06-30,6000-Operating,1000-Cash,1080176,10801.76,premium support 2026-06,Atlassian,,HAP-2026-06-2132,HAP-2026-06-2132,historical_ap,volume_opex
JE-HAP-2026-06-2133,2026-06,2026-06-30,2026-06-30,6000-Operating,1000-Cash,30987,309.87,warehouse consumables 2026-06,Harbor Power & Light,,HAP-2026-06-2133,HAP-2026-06-2133,historical_ap,volume_opex
JE-HAP-2026-06-2134,2026-06,2026-06-30,2026-06-30,6000-Operating,1000-Cash,12198,121.98,security monitoring hosts 2026-06,WeWork Cambridge,,HAP-2026-06-2134,HAP-2026-06-2134,historical_ap,volume_opex
JE-HAP-2026-06-2135,2026-06,2026-06-30,2026-06-30,6000-Operating,1000-Cash,1709,17.09,usage overage block 2026-06,Kendall Square Parking,,HAP-2026-06-2135,HAP-2026-06-2135,historical_ap,volume_opex
JE-HAP-2026-06-2136,2026-06,2026-06-30,2026-06-30,6000-Operating,1000-Cash,540220,5402.2,premium support 2026-06,DocuSign,,HAP-2026-06-2136,HAP-2026-06-2136,historical_ap,volume_opex
JE-HAP-2026-06-2137,2026-06,2026-06-30,2026-06-30,6000-Operating,1000-Cash,6231,62.31,usage overage block 2026-06,WeWork Cambridge,,HAP-2026-06-2137,HAP-2026-06-2137,historical_ap,volume_opex
JE-HAP-2026-06-2138,2026-06,2026-06-30,2026-06-30,6000-Operating,1000-Cash,1080242,10802.42,premium support 2026-06,Kendall Square Parking,,HAP-2026-06-2138,HAP-2026-06-2138,historical_ap,volume_opex
JE-HAP-2026-06-2139,2026-06,2026-06-30,2026-06-30,6000-Operating,1000-Cash,30800,308.0,warehouse consumables 2026-06,DocuSign,,HAP-2026-06-2139,HAP-2026-06-2139,historical_ap,volume_opex
JE-HAP-2026-06-2140,2026-06,2026-06-30,2026-06-30,6000-Operating,1000-Cash,12011,120.11,security monitoring hosts 2026-06,Gusto Payroll,,HAP-2026-06-2140,HAP-2026-06-2140,historical_ap,volume_opex
JE-HAP-2026-06-2141,2026-06,2026-06-30,2026-06-30,6000-Operating,1000-Cash,1522,15.22,usage overage block 2026-06,Acme Supplies LLC,,HAP-2026-06-2141,HAP-2026-06-2141,historical_ap,volume_opex
JE-HAP-2026-06-2142,2026-06,2026-06-30,2026-06-30,6000-Operating,1000-Cash,540033,5400.33,premium support 2026-06,Office Depot,,HAP-2026-06-2142,HAP-2026-06-2142,historical_ap,volume_opex
JE-HAP-2026-06-2143,2026-06,2026-06-30,2026-06-30,6000-Operating,1000-Cash,19294,192.94,warehouse consumables 2026-06,Figma,,HAP-2026-06-2143,HAP-2026-06-2143,historical_ap,volume_opex
JE-HAP-2026-06-2144,2026-06,2026-06-30,2026-06-30,6000-Operating,1000-Cash,8455,84.55,security monitoring hosts 2026-06,Cambridge Properties,,HAP-2026-06-2144,HAP-2026-06-2144,historical_ap,volume_opex
JE-HAP-2026-06-2145,2026-06,2026-06-30,2026-06-30,6000-Operating,1000-Cash,13566,135.66,usage overage block 2026-06,GitHub,,HAP-2026-06-2145,HAP-2026-06-2145,historical_ap,volume_opex
JE-HAP-2026-06-2146,2026-06,2026-06-30,2026-06-30,6000-Operating,1000-Cash,1980077,19800.77,premium support 2026-06,Misc Supplies,,HAP-2026-06-2146,HAP-2026-06-2146,historical_ap,volume_opex
JE-HAP-2026-06-2147,2026-06,2026-06-30,2026-06-30,6000-Operating,1000-Cash,7788,77.88,warehouse consumables 2026-06,Okta,,HAP-2026-06-2147,HAP-2026-06-2147,historical_ap,volume_opex
JE-HAP-2026-06-2148,2026-06,2026-06-30,2026-06-30,6000-Operating,1000-Cash,4899,48.99,security monitoring hosts 2026-06,Cloudflare,,HAP-2026-06-2148,HAP-2026-06-2148,historical_ap,volume_opex
JE-HAP-2026-06-2149,2026-06,2026-06-30,2026-06-30,6000-Operating,1000-Cash,19360,193.6,warehouse consumables 2026-06,Misc Supplies,,HAP-2026-06-2149,HAP-2026-06-2149,historical_ap,volume_opex
JE-HAP-2026-06-2150,2026-06,2026-06-30,2026-06-30,6000-Operating,1000-Cash,8521,85.21,security monitoring hosts 2026-06,Okta,,HAP-2026-06-2150,HAP-2026-06-2150,historical_ap,volume_opex
JE-HAP-2026-06-2151,2026-06,2026-06-30,2026-06-30,6000-Operating,1000-Cash,13632,136.32,usage overage block 2026-06,Cloudflare,,HAP-2026-06-2151,HAP-2026-06-2151,historical_ap,volume_opex
JE-HAP-2026-06-2152,2026-06,2026-06-30,2026-06-30,6000-Operating,1000-Cash,1980143,19801.43,premium support 2026-06,Staples Business Advantage,,HAP-2026-06-2152,HAP-2026-06-2152,historical_ap,volume_opex
JE-HAP-2026-06-2153,2026-06,2026-06-30,2026-06-30,6000-Operating,1000-Cash,7854,78.54,warehouse consumables 2026-06,Comcast Business,,HAP-2026-06-2153,HAP-2026-06-2153,historical_ap,volume_opex
JE-HAP-2026-06-2154,2026-06,2026-06-30,2026-06-30,6000-Operating,1000-Cash,4965,49.65,security monitoring hosts 2026-06,HubSpot,,HAP-2026-06-2154,HAP-2026-06-2154,historical_ap,volume_opex
JE-HAP-2026-06-2155,2026-06,2026-06-30,2026-06-30,6000-Operating,1000-Cash,9176,91.76,usage overage block 2026-06,Palo Alto Networks,,HAP-2026-06-2155,HAP-2026-06-2155,historical_ap,volume_opex
JE-HAP-2026-06-2156,2026-06,2026-06-30,2026-06-30,6000-Operating,1000-Cash,1440187,14401.87,premium support 2026-06,Vanta,,HAP-2026-06-2156,HAP-2026-06-2156,historical_ap,volume_opex
JE-HAP-2026-06-2157,2026-06,2026-06-30,2026-06-30,6000-Operating,1000-Cash,38698,386.98,warehouse consumables 2026-06,Acme Supply Co.,,HAP-2026-06-2157,HAP-2026-06-2157,historical_ap,volume_opex
JE-HAP-2026-06-2158,2026-06,2026-06-30,2026-06-30,6000-Operating,1000-Cash,1409,14.09,security monitoring hosts 2026-06,Helios Hardware,,HAP-2026-06-2158,HAP-2026-06-2158,historical_ap,volume_opex
JE-HAP-2026-06-2159,2026-06,2026-06-30,2026-06-30,6000-Operating,1000-Cash,4720,47.2,usage overage block 2026-06,Google Cloud,,HAP-2026-06-2159,HAP-2026-06-2159,historical_ap,volume_opex
JE-HAP-2026-06-2160,2026-06,2026-06-30,2026-06-30,6000-Operating,1000-Cash,900231,9002.31,premium support 2026-06,Dell Technologies,,HAP-2026-06-2160,HAP-2026-06-2160,historical_ap,volume_opex
JE-HAP-2026-07-2161,2026-07,2026-07-20,2026-07-20,6000-Operating,1000-Cash,9242,92.42,usage overage block 2026-07,Helios Hardware,,HAP-2026-07-2161,HAP-2026-07-2161,historical_ap,volume_opex
JE-HAP-2026-07-2162,2026-07,2026-07-20,2026-07-20,6000-Operating,1000-Cash,1440000,14400.0,premium support 2026-07,Google Cloud,,HAP-2026-07-2162,HAP-2026-07-2162,historical_ap,volume_opex
JE-HAP-2026-07-2163,2026-07,2026-07-20,2026-07-20,6000-Operating,1000-Cash,38511,385.11,warehouse consumables 2026-07,Dell Technologies,,HAP-2026-07-2163,HAP-2026-07-2163,historical_ap,volume_opex
JE-HAP-2026-07-2164,2026-07,2026-07-20,2026-07-20,6000-Operating,1000-Cash,1222,12.22,security monitoring hosts 2026-07,Shadow Vendor LLC,,HAP-2026-07-2164,HAP-2026-07-2164,historical_ap,volume_opex
JE-HAP-2026-07-2165,2026-07,2026-07-20,2026-07-20,6000-Operating,1000-Cash,4533,45.33,usage overage block 2026-07,Twilio,,HAP-2026-07-2165,HAP-2026-07-2165,historical_ap,volume_opex
JE-HAP-2026-07-2166,2026-07,2026-07-20,2026-07-20,6000-Operating,1000-Cash,900044,9000.44,premium support 2026-07,CrowdStrike,,HAP-2026-07-2166,HAP-2026-07-2166,historical_ap,volume_opex
JE-HAP-2026-07-2167,2026-07,2026-07-20,2026-07-20,6000-Operating,1000-Cash,27005,270.05,warehouse consumables 2026-07,Northline Fab Group,,HAP-2026-07-2167,HAP-2026-07-2167,historical_ap,volume_opex
JE-HAP-2026-07-2168,2026-07,2026-07-20,2026-07-20,6000-Operating,1000-Cash,10866,108.66,security monitoring hosts 2026-07,FedEx,,HAP-2026-07-2168,HAP-2026-07-2168,historical_ap,volume_opex
JE-HAP-2026-07-2169,2026-07,2026-07-20,2026-07-20,6000-Operating,1000-Cash,16577,165.77,usage overage block 2026-07,Pagaya Coffee Service,,HAP-2026-07-2169,HAP-2026-07-2169,historical_ap,volume_opex
JE-HAP-2026-07-2170,2026-07,2026-07-20,2026-07-20,6000-Operating,1000-Cash,360088,3600.88,premium support 2026-07,Stripe Processing,,HAP-2026-07-2170,HAP-2026-07-2170,historical_ap,volume_opex
JE-HAP-2026-07-2171,2026-07,2026-07-20,2026-07-20,6000-Operating,1000-Cash,15499,154.99,warehouse consumables 2026-07,Boston Edison Steam,,HAP-2026-07-2171,HAP-2026-07-2171,historical_ap,volume_opex
JE-HAP-2026-07-2172,2026-07,2026-07-20,2026-07-20,6000-Operating,1000-Cash,7310,73.1,security monitoring hosts 2026-07,Linear App,,HAP-2026-07-2172,HAP-2026-07-2172,historical_ap,volume_opex
JE-HAP-2026-07-2173,2026-07,2026-07-21,2026-07-21,6000-Operating,1000-Cash,27071,270.71,warehouse consumables 2026-07,Stripe Processing,,HAP-2026-07-2173,HAP-2026-07-2173,historical_ap,volume_opex
JE-HAP-2026-07-2174,2026-07,2026-07-21,2026-07-21,6000-Operating,1000-Cash,10932,109.32,security monitoring hosts 2026-07,Boston Edison Steam,,HAP-2026-07-2174,HAP-2026-07-2174,historical_ap,volume_opex
JE-HAP-2026-07-2175,2026-07,2026-07-21,2026-07-21,6000-Operating,1000-Cash,16643,166.43,usage overage block 2026-07,Linear App,,HAP-2026-07-2175,HAP-2026-07-2175,historical_ap,volume_opex
JE-HAP-2026-07-2176,2026-07,2026-07-21,2026-07-21,6000-Operating,1000-Cash,360154,3601.54,premium support 2026-07,Amazon Web Services,,HAP-2026-07-2176,HAP-2026-07-2176,historical_ap,volume_opex
JE-HAP-2026-07-2177,2026-07,2026-07-21,2026-07-21,6000-Operating,1000-Cash,15565,155.65,warehouse consumables 2026-07,Datadog,,HAP-2026-07-2177,HAP-2026-07-2177,historical_ap,volume_opex
JE-HAP-2026-07-2178,2026-07,2026-07-21,2026-07-21,6000-Operating,1000-Cash,7376,73.76,security monitoring hosts 2026-07,Hartford Insurance,,HAP-2026-07-2178,HAP-2026-07-2178,historical_ap,volume_opex
JE-HAP-2026-07-2179,2026-07,2026-07-21,2026-07-21,6000-Operating,1000-Cash,12187,121.87,usage overage block 2026-07,Harbor Electric,,HAP-2026-07-2179,HAP-2026-07-2179,historical_ap,volume_opex
JE-HAP-2026-07-2180,2026-07,2026-07-21,2026-07-21,6000-Operating,1000-Cash,1800198,18001.98,premium support 2026-07,Freightline Logistics,,HAP-2026-07-2180,HAP-2026-07-2180,historical_ap,volume_opex
JE-HAP-2026-07-2181,2026-07,2026-07-21,2026-07-21,6000-Operating,1000-Cash,4059,40.59,warehouse consumables 2026-07,Notion Labs,,HAP-2026-07-2181,HAP-2026-07-2181,historical_ap,volume_opex
JE-HAP-2026-07-2182,2026-07,2026-07-21,2026-07-21,6000-Operating,1000-Cash,3820,38.2,security monitoring hosts 2026-07,Zoom Video,,HAP-2026-07-2182,HAP-2026-07-2182,historical_ap,volume_opex
JE-HAP-2026-07-2183,2026-07,2026-07-21,2026-07-21,6000-Operating,1000-Cash,7731,77.31,usage overage block 2026-07,Helios Hardware Supply,,HAP-2026-07-2183,HAP-2026-07-2183,historical_ap,volume_opex
JE-HAP-2026-07-2184,2026-07,2026-07-21,2026-07-21,6000-Operating,1000-Cash,1260242,12602.42,premium support 2026-07,ADP,,HAP-2026-07-2184,HAP-2026-07-2184,historical_ap,volume_opex
JE-HAP-2026-07-2185,2026-07,2026-07-22,2026-07-22,6000-Operating,1000-Cash,12000,120.0,usage overage block 2026-07,Zoom Video,,HAP-2026-07-2185,HAP-2026-07-2185,historical_ap,volume_opex
JE-HAP-2026-07-2186,2026-07,2026-07-22,2026-07-22,6000-Operating,1000-Cash,1800011,18000.11,premium support 2026-07,Helios Hardware Supply,,HAP-2026-07-2186,HAP-2026-07-2186,historical_ap,volume_opex
JE-HAP-2026-07-2187,2026-07,2026-07-22,2026-07-22,6000-Operating,1000-Cash,3872,38.72,warehouse consumables 2026-07,ADP,,HAP-2026-07-2187,HAP-2026-07-2187,historical_ap,volume_opex
JE-HAP-2026-07-2188,2026-07,2026-07-22,2026-07-22,6000-Operating,1000-Cash,3633,36.33,security monitoring hosts 2026-07,CleanRoom Janitorial,,HAP-2026-07-2188,HAP-2026-07-2188,historical_ap,volume_opex
JE-HAP-2026-07-2189,2026-07,2026-07-22,2026-07-22,6000-Operating,1000-Cash,7544,75.44,usage overage block 2026-07,Adyen NV,,HAP-2026-07-2189,HAP-2026-07-2189,historical_ap,volume_opex
JE-HAP-2026-07-2190,2026-07,2026-07-22,2026-07-22,6000-Operating,1000-Cash,1260055,12600.55,premium support 2026-07,Carta,,HAP-2026-07-2190,HAP-2026-07-2190,historical_ap,volume_opex
JE-HAP-2026-07-2191,2026-07,2026-07-22,2026-07-22,6000-Operating,1000-Cash,34716,347.16,warehouse consumables 2026-07,Acme Supplies,,HAP-2026-07-2191,HAP-2026-07-2191,historical_ap,volume_opex
JE-HAP-2026-07-2192,2026-07,2026-07-22,2026-07-22,6000-Operating,1000-Cash,13277,132.77,security monitoring hosts 2026-07,Northline Fabrication,,HAP-2026-07-2192,HAP-2026-07-2192,historical_ap,volume_opex
JE-HAP-2026-07-2193,2026-07,2026-07-22,2026-07-22,6000-Operating,1000-Cash,3088,30.88,usage overage block 2026-07,Slack Technologies,,HAP-2026-07-2193,HAP-2026-07-2193,historical_ap,volume_opex
JE-HAP-2026-07-2194,2026-07,2026-07-22,2026-07-22,6000-Operating,1000-Cash,720099,7200.99,premium support 2026-07,Orbit Analytics,,HAP-2026-07-2194,HAP-2026-07-2194,historical_ap,volume_opex
JE-HAP-2026-07-2195,2026-07,2026-07-22,2026-07-22,6000-Operating,1000-Cash,23210,232.1,warehouse consumables 2026-07,Lindholm & Ruiz LLP,,HAP-2026-07-2195,HAP-2026-07-2195,historical_ap,volume_opex
JE-HAP-2026-07-2196,2026-07,2026-07-22,2026-07-22,6000-Operating,1000-Cash,9721,97.21,security monitoring hosts 2026-07,Lenovo,,HAP-2026-07-2196,HAP-2026-07-2196,historical_ap,volume_opex
JE-HAP-2026-07-2197,2026-07,2026-07-23,2026-07-23,6000-Operating,1000-Cash,34782,347.82,warehouse consumables 2026-07,Orbit Analytics,,HAP-2026-07-2197,HAP-2026-07-2197,historical_ap,volume_opex
JE-HAP-2026-07-2198,2026-07,2026-07-23,2026-07-23,6000-Operating,1000-Cash,13343,133.43,security monitoring hosts 2026-07,Lindholm & Ruiz LLP,,HAP-2026-07-2198,HAP-2026-07-2198,historical_ap,volume_opex
JE-HAP-2026-07-2199,2026-07,2026-07-23,2026-07-23,6000-Operating,1000-Cash,3154,31.54,usage overage block 2026-07,Lenovo,,HAP-2026-07-2199,HAP-2026-07-2199,historical_ap,volume_opex
JE-HAP-2026-07-2200,2026-07,2026-07-23,2026-07-23,6000-Operating,1000-Cash,720165,7201.65,premium support 2026-07,Snowflake,,HAP-2026-07-2200,HAP-2026-07-2200,historical_ap,volume_opex
JE-HAP-2026-07-2201,2026-07,2026-07-23,2026-07-23,6000-Operating,1000-Cash,23276,232.76,warehouse consumables 2026-07,Atlassian,,HAP-2026-07-2201,HAP-2026-07-2201,historical_ap,volume_opex
JE-HAP-2026-07-2202,2026-07,2026-07-23,2026-07-23,6000-Operating,1000-Cash,9787,97.87,security monitoring hosts 2026-07,Harbor Power & Light,,HAP-2026-07-2202,HAP-2026-07-2202,historical_ap,volume_opex
JE-HAP-2026-07-2203,2026-07,2026-07-23,2026-07-23,6000-Operating,1000-Cash,15198,151.98,usage overage block 2026-07,WeWork Cambridge,,HAP-2026-07-2203,HAP-2026-07-2203,historical_ap,volume_opex
JE-HAP-2026-07-2204,2026-07,2026-07-23,2026-07-23,6000-Operating,1000-Cash,180209,1802.09,premium support 2026-07,Kendall Square Parking,,HAP-2026-07-2204,HAP-2026-07-2204,historical_ap,volume_opex
JE-HAP-2026-07-2205,2026-07,2026-07-23,2026-07-23,6000-Operating,1000-Cash,11770,117.7,warehouse consumables 2026-07,DocuSign,,HAP-2026-07-2205,HAP-2026-07-2205,historical_ap,volume_opex
JE-HAP-2026-07-2206,2026-07,2026-07-23,2026-07-23,6000-Operating,1000-Cash,6231,62.31,security monitoring hosts 2026-07,Gusto Payroll,,HAP-2026-07-2206,HAP-2026-07-2206,historical_ap,volume_opex
JE-HAP-2026-07-2207,2026-07,2026-07-23,2026-07-23,6000-Operating,1000-Cash,10742,107.42,usage overage block 2026-07,Acme Supplies LLC,,HAP-2026-07-2207,HAP-2026-07-2207,historical_ap,volume_opex
JE-HAP-2026-07-2208,2026-07,2026-07-23,2026-07-23,6000-Operating,1000-Cash,1620000,16200.0,premium support 2026-07,Office Depot,,HAP-2026-07-2208,HAP-2026-07-2208,historical_ap,volume_opex
JE-HAP-2026-07-2209,2026-07,2026-07-24,2026-07-24,6000-Operating,1000-Cash,15011,150.11,usage overage block 2026-07,Gusto Payroll,,HAP-2026-07-2209,HAP-2026-07-2209,historical_ap,volume_opex
JE-HAP-2026-07-2210,2026-07,2026-07-24,2026-07-24,6000-Operating,1000-Cash,180022,1800.22,premium support 2026-07,Acme Supplies LLC,,HAP-2026-07-2210,HAP-2026-07-2210,historical_ap,volume_opex
JE-HAP-2026-07-2211,2026-07,2026-07-24,2026-07-24,6000-Operating,1000-Cash,11583,115.83,warehouse consumables 2026-07,Office Depot,,HAP-2026-07-2211,HAP-2026-07-2211,historical_ap,volume_opex
JE-HAP-2026-07-2212,2026-07,2026-07-24,2026-07-24,6000-Operating,1000-Cash,6044,60.44,security monitoring hosts 2026-07,Figma,,HAP-2026-07-2212,HAP-2026-07-2212,historical_ap,volume_opex
JE-HAP-2026-07-2213,2026-07,2026-07-24,2026-07-24,6000-Operating,1000-Cash,10555,105.55,usage overage block 2026-07,Cambridge Properties,,HAP-2026-07-2213,HAP-2026-07-2213,historical_ap,volume_opex
JE-HAP-2026-07-2214,2026-07,2026-07-24,2026-07-24,6000-Operating,1000-Cash,1620066,16200.66,premium support 2026-07,GitHub,,HAP-2026-07-2214,HAP-2026-07-2214,historical_ap,volume_opex
JE-HAP-2026-07-2215,2026-07,2026-07-24,2026-07-24,6000-Operating,1000-Cash,42427,424.27,warehouse consumables 2026-07,Misc Supplies,,HAP-2026-07-2215,HAP-2026-07-2215,historical_ap,volume_opex
JE-HAP-2026-07-2216,2026-07,2026-07-24,2026-07-24,6000-Operating,1000-Cash,2488,24.88,security monitoring hosts 2026-07,Okta,,HAP-2026-07-2216,HAP-2026-07-2216,historical_ap,volume_opex
JE-HAP-2026-07-2217,2026-07,2026-07-24,2026-07-24,6000-Operating,1000-Cash,6099,60.99,usage overage block 2026-07,Cloudflare,,HAP-2026-07-2217,HAP-2026-07-2217,historical_ap,volume_opex
JE-HAP-2026-07-2218,2026-07,2026-07-24,2026-07-24,6000-Operating,1000-Cash,1080110,10801.1,premium support 2026-07,Staples Business Advantage,,HAP-2026-07-2218,HAP-2026-07-2218,historical_ap,volume_opex
JE-HAP-2026-07-2219,2026-07,2026-07-24,2026-07-24,6000-Operating,1000-Cash,30921,309.21,warehouse consumables 2026-07,Comcast Business,,HAP-2026-07-2219,HAP-2026-07-2219,historical_ap,volume_opex
JE-HAP-2026-07-2220,2026-07,2026-07-24,2026-07-24,6000-Operating,1000-Cash,12132,121.32,security monitoring hosts 2026-07,HubSpot,,HAP-2026-07-2220,HAP-2026-07-2220,historical_ap,volume_opex
JE-HAP-2026-07-2221,2026-07,2026-07-25,2026-07-25,6000-Operating,1000-Cash,42493,424.93,warehouse consumables 2026-07,Staples Business Advantage,,HAP-2026-07-2221,HAP-2026-07-2221,historical_ap,volume_opex
JE-HAP-2026-07-2222,2026-07,2026-07-25,2026-07-25,6000-Operating,1000-Cash,2554,25.54,security monitoring hosts 2026-07,Comcast Business,,HAP-2026-07-2222,HAP-2026-07-2222,historical_ap,volume_opex
JE-HAP-2026-07-2223,2026-07,2026-07-25,2026-07-25,6000-Operating,1000-Cash,6165,61.65,usage overage block 2026-07,HubSpot,,HAP-2026-07-2223,HAP-2026-07-2223,historical_ap,volume_opex
JE-HAP-2026-07-2224,2026-07,2026-07-25,2026-07-25,6000-Operating,1000-Cash,1080176,10801.76,premium support 2026-07,Palo Alto Networks,,HAP-2026-07-2224,HAP-2026-07-2224,historical_ap,volume_opex
JE-HAP-2026-07-2225,2026-07,2026-07-25,2026-07-25,6000-Operating,1000-Cash,30987,309.87,warehouse consumables 2026-07,Vanta,,HAP-2026-07-2225,HAP-2026-07-2225,historical_ap,volume_opex
JE-HAP-2026-07-2226,2026-07,2026-07-25,2026-07-25,6000-Operating,1000-Cash,12198,121.98,security monitoring hosts 2026-07,Acme Supply Co.,,HAP-2026-07-2226,HAP-2026-07-2226,historical_ap,volume_opex
JE-HAP-2026-07-2227,2026-07,2026-07-25,2026-07-25,6000-Operating,1000-Cash,1709,17.09,usage overage block 2026-07,Helios Hardware,,HAP-2026-07-2227,HAP-2026-07-2227,historical_ap,volume_opex
JE-HAP-2026-07-2228,2026-07,2026-07-25,2026-07-25,6000-Operating,1000-Cash,540220,5402.2,premium support 2026-07,Google Cloud,,HAP-2026-07-2228,HAP-2026-07-2228,historical_ap,volume_opex
JE-HAP-2026-07-2229,2026-07,2026-07-25,2026-07-25,6000-Operating,1000-Cash,19481,194.81,warehouse consumables 2026-07,Dell Technologies,,HAP-2026-07-2229,HAP-2026-07-2229,historical_ap,volume_opex
JE-HAP-2026-07-2230,2026-07,2026-07-25,2026-07-25,6000-Operating,1000-Cash,8642,86.42,security monitoring hosts 2026-07,Shadow Vendor LLC,,HAP-2026-07-2230,HAP-2026-07-2230,historical_ap,volume_opex
JE-HAP-2026-07-2231,2026-07,2026-07-25,2026-07-25,6000-Operating,1000-Cash,13500,135.0,usage overage block 2026-07,Twilio,,HAP-2026-07-2231,HAP-2026-07-2231,historical_ap,volume_opex
JE-HAP-2026-07-2232,2026-07,2026-07-25,2026-07-25,6000-Operating,1000-Cash,1980011,19800.11,premium support 2026-07,CrowdStrike,,HAP-2026-07-2232,HAP-2026-07-2232,historical_ap,volume_opex
JE-HAP-2026-07-2233,2026-07,2026-07-26,2026-07-26,6000-Operating,1000-Cash,1522,15.22,usage overage block 2026-07,Shadow Vendor LLC,,HAP-2026-07-2233,HAP-2026-07-2233,historical_ap,volume_opex
JE-HAP-2026-07-2234,2026-07,2026-07-26,2026-07-26,6000-Operating,1000-Cash,540033,5400.33,premium support 2026-07,Twilio,,HAP-2026-07-2234,HAP-2026-07-2234,historical_ap,volume_opex
JE-HAP-2026-07-2235,2026-07,2026-07-26,2026-07-26,6000-Operating,1000-Cash,19294,192.94,warehouse consumables 2026-07,CrowdStrike,,HAP-2026-07-2235,HAP-2026-07-2235,historical_ap,volume_opex
JE-HAP-2026-07-2236,2026-07,2026-07-26,2026-07-26,6000-Operating,1000-Cash,8455,84.55,security monitoring hosts 2026-07,Northline Fab Group,,HAP-2026-07-2236,HAP-2026-07-2236,historical_ap,volume_opex
JE-HAP-2026-07-2237,2026-07,2026-07-26,2026-07-26,6000-Operating,1000-Cash,13566,135.66,usage overage block 2026-07,FedEx,,HAP-2026-07-2237,HAP-2026-07-2237,historical_ap,volume_opex
JE-HAP-2026-07-2238,2026-07,2026-07-26,2026-07-26,6000-Operating,1000-Cash,1980077,19800.77,premium support 2026-07,Pagaya Coffee Service,,HAP-2026-07-2238,HAP-2026-07-2238,historical_ap,volume_opex
JE-HAP-2026-07-2239,2026-07,2026-07-26,2026-07-26,6000-Operating,1000-Cash,7788,77.88,warehouse consumables 2026-07,Stripe Processing,,HAP-2026-07-2239,HAP-2026-07-2239,historical_ap,volume_opex
JE-HAP-2026-07-2240,2026-07,2026-07-26,2026-07-26,6000-Operating,1000-Cash,4899,48.99,security monitoring hosts 2026-07,Boston Edison Steam,,HAP-2026-07-2240,HAP-2026-07-2240,historical_ap,volume_opex
JE-HAP-2026-07-2241,2026-07,2026-07-26,2026-07-26,6000-Operating,1000-Cash,9110,91.1,usage overage block 2026-07,Linear App,,HAP-2026-07-2241,HAP-2026-07-2241,historical_ap,volume_opex
JE-HAP-2026-07-2242,2026-07,2026-07-26,2026-07-26,6000-Operating,1000-Cash,1440121,14401.21,premium support 2026-07,Amazon Web Services,,HAP-2026-07-2242,HAP-2026-07-2242,historical_ap,volume_opex
JE-HAP-2026-07-2243,2026-07,2026-07-26,2026-07-26,6000-Operating,1000-Cash,38632,386.32,warehouse consumables 2026-07,Datadog,,HAP-2026-07-2243,HAP-2026-07-2243,historical_ap,volume_opex
JE-HAP-2026-07-2244,2026-07,2026-07-26,2026-07-26,6000-Operating,1000-Cash,1343,13.43,security monitoring hosts 2026-07,Hartford Insurance,,HAP-2026-07-2244,HAP-2026-07-2244,historical_ap,volume_opex
JE-HAP-2026-07-2245,2026-07,2026-07-27,2026-07-27,6000-Operating,1000-Cash,7854,78.54,warehouse consumables 2026-07,Amazon Web Services,,HAP-2026-07-2245,HAP-2026-07-2245,historical_ap,volume_opex
JE-HAP-2026-07-2246,2026-07,2026-07-27,2026-07-27,6000-Operating,1000-Cash,4965,49.65,security monitoring hosts 2026-07,Datadog,,HAP-2026-07-2246,HAP-2026-07-2246,historical_ap,volume_opex
JE-HAP-2026-07-2247,2026-07,2026-07-27,2026-07-27,6000-Operating,1000-Cash,9176,91.76,usage overage block 2026-07,Hartford Insurance,,HAP-2026-07-2247,HAP-2026-07-2247,historical_ap,volume_opex
JE-HAP-2026-07-2248,2026-07,2026-07-27,2026-07-27,6000-Operating,1000-Cash,1440187,14401.87,premium support 2026-07,Harbor Electric,,HAP-2026-07-2248,HAP-2026-07-2248,historical_ap,volume_opex
JE-HAP-2026-07-2249,2026-07,2026-07-27,2026-07-27,6000-Operating,1000-Cash,38698,386.98,warehouse consumables 2026-07,Freightline Logistics,,HAP-2026-07-2249,HAP-2026-07-2249,historical_ap,volume_opex
JE-HAP-2026-07-2250,2026-07,2026-07-27,2026-07-27,6000-Operating,1000-Cash,1409,14.09,security monitoring hosts 2026-07,Notion Labs,,HAP-2026-07-2250,HAP-2026-07-2250,historical_ap,volume_opex
JE-HAP-2026-07-2251,2026-07,2026-07-27,2026-07-27,6000-Operating,1000-Cash,4720,47.2,usage overage block 2026-07,Zoom Video,,HAP-2026-07-2251,HAP-2026-07-2251,historical_ap,volume_opex
JE-HAP-2026-07-2252,2026-07,2026-07-27,2026-07-27,6000-Operating,1000-Cash,900231,9002.31,premium support 2026-07,Helios Hardware Supply,,HAP-2026-07-2252,HAP-2026-07-2252,historical_ap,volume_opex
JE-HAP-2026-07-2253,2026-07,2026-07-27,2026-07-27,6000-Operating,1000-Cash,27192,271.92,warehouse consumables 2026-07,ADP,,HAP-2026-07-2253,HAP-2026-07-2253,historical_ap,volume_opex
JE-HAP-2026-07-2254,2026-07,2026-07-27,2026-07-27,6000-Operating,1000-Cash,10800,108.0,security monitoring hosts 2026-07,CleanRoom Janitorial,,HAP-2026-07-2254,HAP-2026-07-2254,historical_ap,volume_opex
JE-HAP-2026-07-2255,2026-07,2026-07-27,2026-07-27,6000-Operating,1000-Cash,16511,165.11,usage overage block 2026-07,Adyen NV,,HAP-2026-07-2255,HAP-2026-07-2255,historical_ap,volume_opex
JE-HAP-2026-07-2256,2026-07,2026-07-27,2026-07-27,6000-Operating,1000-Cash,360022,3600.22,premium support 2026-07,Carta,,HAP-2026-07-2256,HAP-2026-07-2256,historical_ap,volume_opex
JE-HAP-2026-07-2257,2026-07,2026-07-28,2026-07-28,6000-Operating,1000-Cash,4533,45.33,usage overage block 2026-07,CleanRoom Janitorial,,HAP-2026-07-2257,HAP-2026-07-2257,historical_ap,volume_opex
JE-HAP-2026-07-2258,2026-07,2026-07-28,2026-07-28,6000-Operating,1000-Cash,900044,9000.44,premium support 2026-07,Adyen NV,,HAP-2026-07-2258,HAP-2026-07-2258,historical_ap,volume_opex
JE-HAP-2026-07-2259,2026-07,2026-07-28,2026-07-28,6000-Operating,1000-Cash,27005,270.05,warehouse consumables 2026-07,Carta,,HAP-2026-07-2259,HAP-2026-07-2259,historical_ap,volume_opex
JE-HAP-2026-07-2260,2026-07,2026-07-28,2026-07-28,6000-Operating,1000-Cash,10866,108.66,security monitoring hosts 2026-07,Acme Supplies,,HAP-2026-07-2260,HAP-2026-07-2260,historical_ap,volume_opex
JE-HAP-2026-07-2261,2026-07,2026-07-28,2026-07-28,6000-Operating,1000-Cash,16577,165.77,usage overage block 2026-07,Northline Fabrication,,HAP-2026-07-2261,HAP-2026-07-2261,historical_ap,volume_opex
JE-HAP-2026-07-2262,2026-07,2026-07-28,2026-07-28,6000-Operating,1000-Cash,360088,3600.88,premium support 2026-07,Slack Technologies,,HAP-2026-07-2262,HAP-2026-07-2262,historical_ap,volume_opex
JE-HAP-2026-07-2263,2026-07,2026-07-28,2026-07-28,6000-Operating,1000-Cash,15499,154.99,warehouse consumables 2026-07,Orbit Analytics,,HAP-2026-07-2263,HAP-2026-07-2263,historical_ap,volume_opex
JE-HAP-2026-07-2264,2026-07,2026-07-28,2026-07-28,6000-Operating,1000-Cash,7310,73.1,security monitoring hosts 2026-07,Lindholm & Ruiz LLP,,HAP-2026-07-2264,HAP-2026-07-2264,historical_ap,volume_opex
JE-HAP-2026-07-2265,2026-07,2026-07-28,2026-07-28,6000-Operating,1000-Cash,12121,121.21,usage overage block 2026-07,Lenovo,,HAP-2026-07-2265,HAP-2026-07-2265,historical_ap,volume_opex
JE-HAP-2026-07-2266,2026-07,2026-07-28,2026-07-28,6000-Operating,1000-Cash,1800132,18001.32,premium support 2026-07,Snowflake,,HAP-2026-07-2266,HAP-2026-07-2266,historical_ap,volume_opex
JE-HAP-2026-07-2267,2026-07,2026-07-28,2026-07-28,6000-Operating,1000-Cash,3993,39.93,warehouse consumables 2026-07,Atlassian,,HAP-2026-07-2267,HAP-2026-07-2267,historical_ap,volume_opex
JE-HAP-2026-07-2268,2026-07,2026-07-28,2026-07-28,6000-Operating,1000-Cash,3754,37.54,security monitoring hosts 2026-07,Harbor Power & Light,,HAP-2026-07-2268,HAP-2026-07-2268,historical_ap,volume_opex
JE-HAP-2026-07-2269,2026-07,2026-07-29,2026-07-29,6000-Operating,1000-Cash,15565,155.65,warehouse consumables 2026-07,Snowflake,,HAP-2026-07-2269,HAP-2026-07-2269,historical_ap,volume_opex
JE-HAP-2026-07-2270,2026-07,2026-07-29,2026-07-29,6000-Operating,1000-Cash,7376,73.76,security monitoring hosts 2026-07,Atlassian,,HAP-2026-07-2270,HAP-2026-07-2270,historical_ap,volume_opex
JE-HAP-2026-07-2271,2026-07,2026-07-29,2026-07-29,6000-Operating,1000-Cash,12187,121.87,usage overage block 2026-07,Harbor Power & Light,,HAP-2026-07-2271,HAP-2026-07-2271,historical_ap,volume_opex
JE-HAP-2026-07-2272,2026-07,2026-07-29,2026-07-29,6000-Operating,1000-Cash,1800198,18001.98,premium support 2026-07,WeWork Cambridge,,HAP-2026-07-2272,HAP-2026-07-2272,historical_ap,volume_opex
JE-HAP-2026-07-2273,2026-07,2026-07-29,2026-07-29,6000-Operating,1000-Cash,4059,40.59,warehouse consumables 2026-07,Kendall Square Parking,,HAP-2026-07-2273,HAP-2026-07-2273,historical_ap,volume_opex
JE-HAP-2026-07-2274,2026-07,2026-07-29,2026-07-29,6000-Operating,1000-Cash,3820,38.2,security monitoring hosts 2026-07,DocuSign,,HAP-2026-07-2274,HAP-2026-07-2274,historical_ap,volume_opex
JE-HAP-2026-07-2275,2026-07,2026-07-29,2026-07-29,6000-Operating,1000-Cash,7731,77.31,usage overage block 2026-07,Gusto Payroll,,HAP-2026-07-2275,HAP-2026-07-2275,historical_ap,volume_opex
JE-HAP-2026-07-2276,2026-07,2026-07-29,2026-07-29,6000-Operating,1000-Cash,1260242,12602.42,premium support 2026-07,Acme Supplies LLC,,HAP-2026-07-2276,HAP-2026-07-2276,historical_ap,volume_opex
JE-HAP-2026-07-2277,2026-07,2026-07-29,2026-07-29,6000-Operating,1000-Cash,34650,346.5,warehouse consumables 2026-07,Office Depot,,HAP-2026-07-2277,HAP-2026-07-2277,historical_ap,volume_opex
JE-HAP-2026-07-2278,2026-07,2026-07-29,2026-07-29,6000-Operating,1000-Cash,13211,132.11,security monitoring hosts 2026-07,Figma,,HAP-2026-07-2278,HAP-2026-07-2278,historical_ap,volume_opex
JE-HAP-2026-07-2279,2026-07,2026-07-29,2026-07-29,6000-Operating,1000-Cash,3022,30.22,usage overage block 2026-07,Cambridge Properties,,HAP-2026-07-2279,HAP-2026-07-2279,historical_ap,volume_opex
JE-HAP-2026-07-2280,2026-07,2026-07-29,2026-07-29,6000-Operating,1000-Cash,720033,7200.33,premium support 2026-07,GitHub,,HAP-2026-07-2280,HAP-2026-07-2280,historical_ap,volume_opex
JE-HAP-2026-07-2281,2026-07,2026-07-30,2026-07-30,6000-Operating,1000-Cash,7544,75.44,usage overage block 2026-07,Figma,,HAP-2026-07-2281,HAP-2026-07-2281,historical_ap,volume_opex
JE-HAP-2026-07-2282,2026-07,2026-07-30,2026-07-30,6000-Operating,1000-Cash,1260055,12600.55,premium support 2026-07,Cambridge Properties,,HAP-2026-07-2282,HAP-2026-07-2282,historical_ap,volume_opex
JE-HAP-2026-07-2283,2026-07,2026-07-30,2026-07-30,6000-Operating,1000-Cash,34716,347.16,warehouse consumables 2026-07,GitHub,,HAP-2026-07-2283,HAP-2026-07-2283,historical_ap,volume_opex
JE-HAP-2026-07-2284,2026-07,2026-07-30,2026-07-30,6000-Operating,1000-Cash,13277,132.77,security monitoring hosts 2026-07,Misc Supplies,,HAP-2026-07-2284,HAP-2026-07-2284,historical_ap,volume_opex
JE-HAP-2026-07-2285,2026-07,2026-07-30,2026-07-30,6000-Operating,1000-Cash,3088,30.88,usage overage block 2026-07,Okta,,HAP-2026-07-2285,HAP-2026-07-2285,historical_ap,volume_opex
JE-HAP-2026-07-2286,2026-07,2026-07-30,2026-07-30,6000-Operating,1000-Cash,720099,7200.99,premium support 2026-07,Cloudflare,,HAP-2026-07-2286,HAP-2026-07-2286,historical_ap,volume_opex
JE-HAP-2026-07-2287,2026-07,2026-07-30,2026-07-30,6000-Operating,1000-Cash,23210,232.1,warehouse consumables 2026-07,Staples Business Advantage,,HAP-2026-07-2287,HAP-2026-07-2287,historical_ap,volume_opex
JE-HAP-2026-07-2288,2026-07,2026-07-30,2026-07-30,6000-Operating,1000-Cash,9721,97.21,security monitoring hosts 2026-07,Comcast Business,,HAP-2026-07-2288,HAP-2026-07-2288,historical_ap,volume_opex
JE-HAP-2026-07-2289,2026-07,2026-07-30,2026-07-30,6000-Operating,1000-Cash,15132,151.32,usage overage block 2026-07,HubSpot,,HAP-2026-07-2289,HAP-2026-07-2289,historical_ap,volume_opex
JE-HAP-2026-07-2290,2026-07,2026-07-30,2026-07-30,6000-Operating,1000-Cash,180143,1801.43,premium support 2026-07,Palo Alto Networks,,HAP-2026-07-2290,HAP-2026-07-2290,historical_ap,volume_opex
JE-HAP-2026-07-2291,2026-07,2026-07-30,2026-07-30,6000-Operating,1000-Cash,11704,117.04,warehouse consumables 2026-07,Vanta,,HAP-2026-07-2291,HAP-2026-07-2291,historical_ap,volume_opex
JE-HAP-2026-07-2292,2026-07,2026-07-30,2026-07-30,6000-Operating,1000-Cash,6165,61.65,security monitoring hosts 2026-07,Acme Supply Co.,,HAP-2026-07-2292,HAP-2026-07-2292,historical_ap,volume_opex
JE-HAP-2026-07-2293,2026-07,2026-07-31,2026-07-31,6000-Operating,1000-Cash,23276,232.76,warehouse consumables 2026-07,Palo Alto Networks,,HAP-2026-07-2293,HAP-2026-07-2293,historical_ap,volume_opex
JE-HAP-2026-07-2294,2026-07,2026-07-31,2026-07-31,6000-Operating,1000-Cash,9787,97.87,security monitoring hosts 2026-07,Vanta,,HAP-2026-07-2294,HAP-2026-07-2294,historical_ap,volume_opex
JE-HAP-2026-07-2295,2026-07,2026-07-31,2026-07-31,6000-Operating,1000-Cash,15198,151.98,usage overage block 2026-07,Acme Supply Co.,,HAP-2026-07-2295,HAP-2026-07-2295,historical_ap,volume_opex
JE-HAP-2026-07-2296,2026-07,2026-07-31,2026-07-31,6000-Operating,1000-Cash,180209,1802.09,premium support 2026-07,Helios Hardware,,HAP-2026-07-2296,HAP-2026-07-2296,historical_ap,volume_opex
JE-HAP-2026-07-2297,2026-07,2026-07-31,2026-07-31,6000-Operating,1000-Cash,11770,117.7,warehouse consumables 2026-07,Google Cloud,,HAP-2026-07-2297,HAP-2026-07-2297,historical_ap,volume_opex
JE-HAP-2026-07-2298,2026-07,2026-07-31,2026-07-31,6000-Operating,1000-Cash,6231,62.31,security monitoring hosts 2026-07,Dell Technologies,,HAP-2026-07-2298,HAP-2026-07-2298,historical_ap,volume_opex
JE-HAP-2026-07-2299,2026-07,2026-07-31,2026-07-31,6000-Operating,1000-Cash,10742,107.42,usage overage block 2026-07,Shadow Vendor LLC,,HAP-2026-07-2299,HAP-2026-07-2299,historical_ap,volume_opex
JE-HAP-2026-07-2300,2026-07,2026-07-31,2026-07-31,6000-Operating,1000-Cash,1620000,16200.0,premium support 2026-07,Twilio,,HAP-2026-07-2300,HAP-2026-07-2300,historical_ap,volume_opex
JE-HAP-2026-07-2301,2026-07,2026-07-31,2026-07-31,6000-Operating,1000-Cash,42361,423.61,warehouse consumables 2026-07,CrowdStrike,,HAP-2026-07-2301,HAP-2026-07-2301,historical_ap,volume_opex
JE-HAP-2026-07-2302,2026-07,2026-07-31,2026-07-31,6000-Operating,1000-Cash,2422,24.22,security monitoring hosts 2026-07,Northline Fab Group,,HAP-2026-07-2302,HAP-2026-07-2302,historical_ap,volume_opex
JE-HAP-2026-07-2303,2026-07,2026-07-31,2026-07-31,6000-Operating,1000-Cash,6033,60.33,usage overage block 2026-07,FedEx,,HAP-2026-07-2303,HAP-2026-07-2303,historical_ap,volume_opex
JE-HAP-2026-07-2304,2026-07,2026-07-31,2026-07-31,6000-Operating,1000-Cash,1080044,10800.44,premium support 2026-07,Pagaya Coffee Service,,HAP-2026-07-2304,HAP-2026-07-2304,historical_ap,volume_opex
JE-HAP-2026-07-2305,2026-07,2026-07-31,2026-07-31,6000-Operating,1000-Cash,10555,105.55,usage overage block 2026-07,Northline Fab Group,,HAP-2026-07-2305,HAP-2026-07-2305,historical_ap,volume_opex
JE-HAP-2026-07-2306,2026-07,2026-07-31,2026-07-31,6000-Operating,1000-Cash,1620066,16200.66,premium support 2026-07,FedEx,,HAP-2026-07-2306,HAP-2026-07-2306,historical_ap,volume_opex
JE-HAP-2026-07-2307,2026-07,2026-07-31,2026-07-31,6000-Operating,1000-Cash,42427,424.27,warehouse consumables 2026-07,Pagaya Coffee Service,,HAP-2026-07-2307,HAP-2026-07-2307,historical_ap,volume_opex
JE-HAP-2026-07-2308,2026-07,2026-07-31,2026-07-31,6000-Operating,1000-Cash,2488,24.88,security monitoring hosts 2026-07,Stripe Processing,,HAP-2026-07-2308,HAP-2026-07-2308,historical_ap,volume_opex
JE-HAP-2026-07-2309,2026-07,2026-07-31,2026-07-31,6000-Operating,1000-Cash,6099,60.99,usage overage block 2026-07,Boston Edison Steam,,HAP-2026-07-2309,HAP-2026-07-2309,historical_ap,volume_opex
JE-HAP-2026-07-2310,2026-07,2026-07-31,2026-07-31,6000-Operating,1000-Cash,1080110,10801.1,premium support 2026-07,Linear App,,HAP-2026-07-2310,HAP-2026-07-2310,historical_ap,volume_opex
JE-HAP-2026-07-2311,2026-07,2026-07-31,2026-07-31,6000-Operating,1000-Cash,30921,309.21,warehouse consumables 2026-07,Amazon Web Services,,HAP-2026-07-2311,HAP-2026-07-2311,historical_ap,volume_opex
JE-HAP-2026-07-2312,2026-07,2026-07-31,2026-07-31,6000-Operating,1000-Cash,12132,121.32,security monitoring hosts 2026-07,Datadog,,HAP-2026-07-2312,HAP-2026-07-2312,historical_ap,volume_opex
JE-HAP-2026-07-2313,2026-07,2026-07-31,2026-07-31,6000-Operating,1000-Cash,1643,16.43,usage overage block 2026-07,Hartford Insurance,,HAP-2026-07-2313,HAP-2026-07-2313,historical_ap,volume_opex
JE-HAP-2026-07-2314,2026-07,2026-07-31,2026-07-31,6000-Operating,1000-Cash,540154,5401.54,premium support 2026-07,Harbor Electric,,HAP-2026-07-2314,HAP-2026-07-2314,historical_ap,volume_opex
JE-HAP-2026-07-2315,2026-07,2026-07-31,2026-07-31,6000-Operating,1000-Cash,19415,194.15,warehouse consumables 2026-07,Freightline Logistics,,HAP-2026-07-2315,HAP-2026-07-2315,historical_ap,volume_opex
JE-HAP-2026-07-2316,2026-07,2026-07-31,2026-07-31,6000-Operating,1000-Cash,8576,85.76,security monitoring hosts 2026-07,Notion Labs,,HAP-2026-07-2316,HAP-2026-07-2316,historical_ap,volume_opex
JE-HAP-2026-07-2317,2026-07,2026-07-31,2026-07-31,6000-Operating,1000-Cash,30987,309.87,warehouse consumables 2026-07,Harbor Electric,,HAP-2026-07-2317,HAP-2026-07-2317,historical_ap,volume_opex
JE-HAP-2026-07-2318,2026-07,2026-07-31,2026-07-31,6000-Operating,1000-Cash,12198,121.98,security monitoring hosts 2026-07,Freightline Logistics,,HAP-2026-07-2318,HAP-2026-07-2318,historical_ap,volume_opex
JE-HAP-2026-07-2319,2026-07,2026-07-31,2026-07-31,6000-Operating,1000-Cash,1709,17.09,usage overage block 2026-07,Notion Labs,,HAP-2026-07-2319,HAP-2026-07-2319,historical_ap,volume_opex
JE-HAP-2026-07-2320,2026-07,2026-07-31,2026-07-31,6000-Operating,1000-Cash,540220,5402.2,premium support 2026-07,Zoom Video,,HAP-2026-07-2320,HAP-2026-07-2320,historical_ap,volume_opex
JE-HAP-2026-07-2321,2026-07,2026-07-31,2026-07-31,6000-Operating,1000-Cash,19481,194.81,warehouse consumables 2026-07,Helios Hardware Supply,,HAP-2026-07-2321,HAP-2026-07-2321,historical_ap,volume_opex
JE-HAP-2026-07-2322,2026-07,2026-07-31,2026-07-31,6000-Operating,1000-Cash,8642,86.42,security monitoring hosts 2026-07,ADP,,HAP-2026-07-2322,HAP-2026-07-2322,historical_ap,volume_opex
JE-HAP-2026-07-2323,2026-07,2026-07-31,2026-07-31,6000-Operating,1000-Cash,13500,135.0,usage overage block 2026-07,CleanRoom Janitorial,,HAP-2026-07-2323,HAP-2026-07-2323,historical_ap,volume_opex
JE-HAP-2026-07-2324,2026-07,2026-07-31,2026-07-31,6000-Operating,1000-Cash,1980011,19800.11,premium support 2026-07,Adyen NV,,HAP-2026-07-2324,HAP-2026-07-2324,historical_ap,volume_opex
JE-HAP-2026-07-2325,2026-07,2026-07-31,2026-07-31,6000-Operating,1000-Cash,7722,77.22,warehouse consumables 2026-07,Carta,,HAP-2026-07-2325,HAP-2026-07-2325,historical_ap,volume_opex
JE-HAP-2026-07-2326,2026-07,2026-07-31,2026-07-31,6000-Operating,1000-Cash,4833,48.33,security monitoring hosts 2026-07,Acme Supplies,,HAP-2026-07-2326,HAP-2026-07-2326,historical_ap,volume_opex
JE-HAP-2026-07-2327,2026-07,2026-07-31,2026-07-31,6000-Operating,1000-Cash,9044,90.44,usage overage block 2026-07,Northline Fabrication,,HAP-2026-07-2327,HAP-2026-07-2327,historical_ap,volume_opex
JE-HAP-2026-07-2328,2026-07,2026-07-31,2026-07-31,6000-Operating,1000-Cash,1440055,14400.55,premium support 2026-07,Slack Technologies,,HAP-2026-07-2328,HAP-2026-07-2328,historical_ap,volume_opex
JE-HAP-2026-07-2329,2026-07,2026-07-31,2026-07-31,6000-Operating,1000-Cash,13566,135.66,usage overage block 2026-07,Acme Supplies,,HAP-2026-07-2329,HAP-2026-07-2329,historical_ap,volume_opex
JE-HAP-2026-07-2330,2026-07,2026-07-31,2026-07-31,6000-Operating,1000-Cash,1980077,19800.77,premium support 2026-07,Northline Fabrication,,HAP-2026-07-2330,HAP-2026-07-2330,historical_ap,volume_opex
JE-HAP-2026-07-2331,2026-07,2026-07-31,2026-07-31,6000-Operating,1000-Cash,7788,77.88,warehouse consumables 2026-07,Slack Technologies,,HAP-2026-07-2331,HAP-2026-07-2331,historical_ap,volume_opex
JE-HAP-2026-07-2332,2026-07,2026-07-31,2026-07-31,6000-Operating,1000-Cash,4899,48.99,security monitoring hosts 2026-07,Orbit Analytics,,HAP-2026-07-2332,HAP-2026-07-2332,historical_ap,volume_opex
JE-HAP-2026-07-2333,2026-07,2026-07-31,2026-07-31,6000-Operating,1000-Cash,9110,91.1,usage overage block 2026-07,Lindholm & Ruiz LLP,,HAP-2026-07-2333,HAP-2026-07-2333,historical_ap,volume_opex
JE-HAP-2026-07-2334,2026-07,2026-07-31,2026-07-31,6000-Operating,1000-Cash,1440121,14401.21,premium support 2026-07,Lenovo,,HAP-2026-07-2334,HAP-2026-07-2334,historical_ap,volume_opex
JE-HAP-2026-07-2335,2026-07,2026-07-31,2026-07-31,6000-Operating,1000-Cash,38632,386.32,warehouse consumables 2026-07,Snowflake,,HAP-2026-07-2335,HAP-2026-07-2335,historical_ap,volume_opex
JE-HAP-2026-07-2336,2026-07,2026-07-31,2026-07-31,6000-Operating,1000-Cash,1343,13.43,security monitoring hosts 2026-07,Atlassian,,HAP-2026-07-2336,HAP-2026-07-2336,historical_ap,volume_opex
JE-HAP-2026-07-2337,2026-07,2026-07-31,2026-07-31,6000-Operating,1000-Cash,4654,46.54,usage overage block 2026-07,Harbor Power & Light,,HAP-2026-07-2337,HAP-2026-07-2337,historical_ap,volume_opex
JE-HAP-2026-07-2338,2026-07,2026-07-31,2026-07-31,6000-Operating,1000-Cash,900165,9001.65,premium support 2026-07,WeWork Cambridge,,HAP-2026-07-2338,HAP-2026-07-2338,historical_ap,volume_opex
JE-HAP-2026-07-2339,2026-07,2026-07-31,2026-07-31,6000-Operating,1000-Cash,27126,271.26,warehouse consumables 2026-07,Kendall Square Parking,,HAP-2026-07-2339,HAP-2026-07-2339,historical_ap,volume_opex
JE-HAP-2026-07-2340,2026-07,2026-07-31,2026-07-31,6000-Operating,1000-Cash,10987,109.87,security monitoring hosts 2026-07,DocuSign,,HAP-2026-07-2340,HAP-2026-07-2340,historical_ap,volume_opex
JE-HAP-2026-07-2341,2026-07,2026-07-31,2026-07-31,6000-Operating,1000-Cash,38698,386.98,warehouse consumables 2026-07,WeWork Cambridge,,HAP-2026-07-2341,HAP-2026-07-2341,historical_ap,volume_opex
JE-HAP-2026-07-2342,2026-07,2026-07-31,2026-07-31,6000-Operating,1000-Cash,1409,14.09,security monitoring hosts 2026-07,Kendall Square Parking,,HAP-2026-07-2342,HAP-2026-07-2342,historical_ap,volume_opex
JE-HAP-2026-07-2343,2026-07,2026-07-31,2026-07-31,6000-Operating,1000-Cash,4720,47.2,usage overage block 2026-07,DocuSign,,HAP-2026-07-2343,HAP-2026-07-2343,historical_ap,volume_opex
JE-HAP-2026-07-2344,2026-07,2026-07-31,2026-07-31,6000-Operating,1000-Cash,900231,9002.31,premium support 2026-07,Gusto Payroll,,HAP-2026-07-2344,HAP-2026-07-2344,historical_ap,volume_opex
JE-HAP-2026-07-2345,2026-07,2026-07-31,2026-07-31,6000-Operating,1000-Cash,27192,271.92,warehouse consumables 2026-07,Acme Supplies LLC,,HAP-2026-07-2345,HAP-2026-07-2345,historical_ap,volume_opex
JE-HAP-2026-07-2346,2026-07,2026-07-31,2026-07-31,6000-Operating,1000-Cash,10800,108.0,security monitoring hosts 2026-07,Office Depot,,HAP-2026-07-2346,HAP-2026-07-2346,historical_ap,volume_opex
JE-HAP-2026-07-2347,2026-07,2026-07-31,2026-07-31,6000-Operating,1000-Cash,16511,165.11,usage overage block 2026-07,Figma,,HAP-2026-07-2347,HAP-2026-07-2347,historical_ap,volume_opex
JE-HAP-2026-07-2348,2026-07,2026-07-31,2026-07-31,6000-Operating,1000-Cash,360022,3600.22,premium support 2026-07,Cambridge Properties,,HAP-2026-07-2348,HAP-2026-07-2348,historical_ap,volume_opex
JE-HAP-2026-07-2349,2026-07,2026-07-31,2026-07-31,6000-Operating,1000-Cash,15433,154.33,warehouse consumables 2026-07,GitHub,,HAP-2026-07-2349,HAP-2026-07-2349,historical_ap,volume_opex
JE-HAP-2026-07-2350,2026-07,2026-07-31,2026-07-31,6000-Operating,1000-Cash,7244,72.44,security monitoring hosts 2026-07,Misc Supplies,,HAP-2026-07-2350,HAP-2026-07-2350,historical_ap,volume_opex
JE-HAP-2026-07-2351,2026-07,2026-07-31,2026-07-31,6000-Operating,1000-Cash,12055,120.55,usage overage block 2026-07,Okta,,HAP-2026-07-2351,HAP-2026-07-2351,historical_ap,volume_opex
JE-HAP-2026-07-2352,2026-07,2026-07-31,2026-07-31,6000-Operating,1000-Cash,1800066,18000.66,premium support 2026-07,Cloudflare,,HAP-2026-07-2352,HAP-2026-07-2352,historical_ap,volume_opex
JE-HAP-2026-07-2353,2026-07,2026-07-31,2026-07-31,6000-Operating,1000-Cash,16577,165.77,usage overage block 2026-07,Misc Supplies,,HAP-2026-07-2353,HAP-2026-07-2353,historical_ap,volume_opex
JE-HAP-2026-07-2354,2026-07,2026-07-31,2026-07-31,6000-Operating,1000-Cash,360088,3600.88,premium support 2026-07,Okta,,HAP-2026-07-2354,HAP-2026-07-2354,historical_ap,volume_opex
JE-HAP-2026-07-2355,2026-07,2026-07-31,2026-07-31,6000-Operating,1000-Cash,15499,154.99,warehouse consumables 2026-07,Cloudflare,,HAP-2026-07-2355,HAP-2026-07-2355,historical_ap,volume_opex
JE-HAP-2026-07-2356,2026-07,2026-07-31,2026-07-31,6000-Operating,1000-Cash,7310,73.1,security monitoring hosts 2026-07,Staples Business Advantage,,HAP-2026-07-2356,HAP-2026-07-2356,historical_ap,volume_opex
JE-HAP-2026-07-2357,2026-07,2026-07-31,2026-07-31,6000-Operating,1000-Cash,12121,121.21,usage overage block 2026-07,Comcast Business,,HAP-2026-07-2357,HAP-2026-07-2357,historical_ap,volume_opex
JE-HAP-2026-07-2358,2026-07,2026-07-31,2026-07-31,6000-Operating,1000-Cash,1800132,18001.32,premium support 2026-07,HubSpot,,HAP-2026-07-2358,HAP-2026-07-2358,historical_ap,volume_opex
JE-HAP-2026-07-2359,2026-07,2026-07-31,2026-07-31,6000-Operating,1000-Cash,3993,39.93,warehouse consumables 2026-07,Palo Alto Networks,,HAP-2026-07-2359,HAP-2026-07-2359,historical_ap,volume_opex
JE-HAP-2026-07-2360,2026-07,2026-07-31,2026-07-31,6000-Operating,1000-Cash,3754,37.54,security monitoring hosts 2026-07,Vanta,,HAP-2026-07-2360,HAP-2026-07-2360,historical_ap,volume_opex
JE-HAP-2026-07-2361,2026-07,2026-07-31,2026-07-31,6000-Operating,1000-Cash,7665,76.65,usage overage block 2026-07,Acme Supply Co.,,HAP-2026-07-2361,HAP-2026-07-2361,historical_ap,volume_opex
JE-HAP-2026-07-2362,2026-07,2026-07-31,2026-07-31,6000-Operating,1000-Cash,1260176,12601.76,premium support 2026-07,Helios Hardware,,HAP-2026-07-2362,HAP-2026-07-2362,historical_ap,volume_opex
JE-HAP-2026-07-2363,2026-07,2026-07-31,2026-07-31,6000-Operating,1000-Cash,34837,348.37,warehouse consumables 2026-07,Google Cloud,,HAP-2026-07-2363,HAP-2026-07-2363,historical_ap,volume_opex
JE-HAP-2026-07-2364,2026-07,2026-07-31,2026-07-31,6000-Operating,1000-Cash,13398,133.98,security monitoring hosts 2026-07,Dell Technologies,,HAP-2026-07-2364,HAP-2026-07-2364,historical_ap,volume_opex
JE-HAP-2026-07-2365,2026-07,2026-07-31,2026-07-31,6000-Operating,1000-Cash,4059,40.59,warehouse consumables 2026-07,Helios Hardware,,HAP-2026-07-2365,HAP-2026-07-2365,historical_ap,volume_opex
JE-HAP-2026-07-2366,2026-07,2026-07-31,2026-07-31,6000-Operating,1000-Cash,3820,38.2,security monitoring hosts 2026-07,Google Cloud,,HAP-2026-07-2366,HAP-2026-07-2366,historical_ap,volume_opex
JE-HAP-2026-07-2367,2026-07,2026-07-31,2026-07-31,6000-Operating,1000-Cash,7731,77.31,usage overage block 2026-07,Dell Technologies,,HAP-2026-07-2367,HAP-2026-07-2367,historical_ap,volume_opex
JE-HAP-2026-07-2368,2026-07,2026-07-31,2026-07-31,6000-Operating,1000-Cash,1260242,12602.42,premium support 2026-07,Shadow Vendor LLC,,HAP-2026-07-2368,HAP-2026-07-2368,historical_ap,volume_opex
JE-HAP-2026-07-2369,2026-07,2026-07-31,2026-07-31,6000-Operating,1000-Cash,34650,346.5,warehouse consumables 2026-07,Twilio,,HAP-2026-07-2369,HAP-2026-07-2369,historical_ap,volume_opex
JE-HAP-2026-07-2370,2026-07,2026-07-31,2026-07-31,6000-Operating,1000-Cash,13211,132.11,security monitoring hosts 2026-07,CrowdStrike,,HAP-2026-07-2370,HAP-2026-07-2370,historical_ap,volume_opex
JE-HAP-2026-07-2371,2026-07,2026-07-31,2026-07-31,6000-Operating,1000-Cash,3022,30.22,usage overage block 2026-07,Northline Fab Group,,HAP-2026-07-2371,HAP-2026-07-2371,historical_ap,volume_opex
JE-HAP-2026-07-2372,2026-07,2026-07-31,2026-07-31,6000-Operating,1000-Cash,720033,7200.33,premium support 2026-07,FedEx,,HAP-2026-07-2372,HAP-2026-07-2372,historical_ap,volume_opex
JE-HAP-2026-07-2373,2026-07,2026-07-31,2026-07-31,6000-Operating,1000-Cash,23144,231.44,warehouse consumables 2026-07,Pagaya Coffee Service,,HAP-2026-07-2373,HAP-2026-07-2373,historical_ap,volume_opex
JE-HAP-2026-07-2374,2026-07,2026-07-31,2026-07-31,6000-Operating,1000-Cash,9655,96.55,security monitoring hosts 2026-07,Stripe Processing,,HAP-2026-07-2374,HAP-2026-07-2374,historical_ap,volume_opex
JE-HAP-2026-07-2375,2026-07,2026-07-31,2026-07-31,6000-Operating,1000-Cash,15066,150.66,usage overage block 2026-07,Boston Edison Steam,,HAP-2026-07-2375,HAP-2026-07-2375,historical_ap,volume_opex
JE-HAP-2026-07-2376,2026-07,2026-07-31,2026-07-31,6000-Operating,1000-Cash,180077,1800.77,premium support 2026-07,Linear App,,HAP-2026-07-2376,HAP-2026-07-2376,historical_ap,volume_opex
JE-HAP-2026-07-2377,2026-07,2026-07-31,2026-07-31,6000-Operating,1000-Cash,3088,30.88,usage overage block 2026-07,Stripe Processing,,HAP-2026-07-2377,HAP-2026-07-2377,historical_ap,volume_opex
JE-HAP-2026-07-2378,2026-07,2026-07-31,2026-07-31,6000-Operating,1000-Cash,720099,7200.99,premium support 2026-07,Boston Edison Steam,,HAP-2026-07-2378,HAP-2026-07-2378,historical_ap,volume_opex
JE-HAP-2026-07-2379,2026-07,2026-07-31,2026-07-31,6000-Operating,1000-Cash,23210,232.1,warehouse consumables 2026-07,Linear App,,HAP-2026-07-2379,HAP-2026-07-2379,historical_ap,volume_opex
JE-HAP-2026-07-2380,2026-07,2026-07-31,2026-07-31,6000-Operating,1000-Cash,9721,97.21,security monitoring hosts 2026-07,Amazon Web Services,,HAP-2026-07-2380,HAP-2026-07-2380,historical_ap,volume_opex
JE-HAP-2026-07-2381,2026-07,2026-07-31,2026-07-31,6000-Operating,1000-Cash,15132,151.32,usage overage block 2026-07,Datadog,,HAP-2026-07-2381,HAP-2026-07-2381,historical_ap,volume_opex
JE-HAP-2026-07-2382,2026-07,2026-07-31,2026-07-31,6000-Operating,1000-Cash,180143,1801.43,premium support 2026-07,Hartford Insurance,,HAP-2026-07-2382,HAP-2026-07-2382,historical_ap,volume_opex
JE-HAP-2026-07-2383,2026-07,2026-07-31,2026-07-31,6000-Operating,1000-Cash,11704,117.04,warehouse consumables 2026-07,Harbor Electric,,HAP-2026-07-2383,HAP-2026-07-2383,historical_ap,volume_opex
JE-HAP-2026-07-2384,2026-07,2026-07-31,2026-07-31,6000-Operating,1000-Cash,6165,61.65,security monitoring hosts 2026-07,Freightline Logistics,,HAP-2026-07-2384,HAP-2026-07-2384,historical_ap,volume_opex
JE-HAP-2026-07-2385,2026-07,2026-07-31,2026-07-31,6000-Operating,1000-Cash,10676,106.76,usage overage block 2026-07,Notion Labs,,HAP-2026-07-2385,HAP-2026-07-2385,historical_ap,volume_opex
JE-HAP-2026-07-2386,2026-07,2026-07-31,2026-07-31,6000-Operating,1000-Cash,1620187,16201.87,premium support 2026-07,Zoom Video,,HAP-2026-07-2386,HAP-2026-07-2386,historical_ap,volume_opex
JE-HAP-2026-07-2387,2026-07,2026-07-31,2026-07-31,6000-Operating,1000-Cash,42548,425.48,warehouse consumables 2026-07,Helios Hardware Supply,,HAP-2026-07-2387,HAP-2026-07-2387,historical_ap,volume_opex
JE-HAP-2026-07-2388,2026-07,2026-07-31,2026-07-31,6000-Operating,1000-Cash,2609,26.09,security monitoring hosts 2026-07,ADP,,HAP-2026-07-2388,HAP-2026-07-2388,historical_ap,volume_opex
JE-HAP-2026-07-2389,2026-07,2026-07-31,2026-07-31,6000-Operating,1000-Cash,11770,117.7,warehouse consumables 2026-07,Zoom Video,,HAP-2026-07-2389,HAP-2026-07-2389,historical_ap,volume_opex
JE-HAP-2026-07-2390,2026-07,2026-07-31,2026-07-31,6000-Operating,1000-Cash,6231,62.31,security monitoring hosts 2026-07,Helios Hardware Supply,,HAP-2026-07-2390,HAP-2026-07-2390,historical_ap,volume_opex
JE-HAP-2026-07-2391,2026-07,2026-07-31,2026-07-31,6000-Operating,1000-Cash,10742,107.42,usage overage block 2026-07,ADP,,HAP-2026-07-2391,HAP-2026-07-2391,historical_ap,volume_opex
JE-HAP-2026-07-2392,2026-07,2026-07-31,2026-07-31,6000-Operating,1000-Cash,1620000,16200.0,premium support 2026-07,CleanRoom Janitorial,,HAP-2026-07-2392,HAP-2026-07-2392,historical_ap,volume_opex
JE-HAP-2026-07-2393,2026-07,2026-07-31,2026-07-31,6000-Operating,1000-Cash,42361,423.61,warehouse consumables 2026-07,Adyen NV,,HAP-2026-07-2393,HAP-2026-07-2393,historical_ap,volume_opex
JE-HAP-2026-07-2394,2026-07,2026-07-31,2026-07-31,6000-Operating,1000-Cash,2422,24.22,security monitoring hosts 2026-07,Carta,,HAP-2026-07-2394,HAP-2026-07-2394,historical_ap,volume_opex
JE-HAP-2026-07-2395,2026-07,2026-07-31,2026-07-31,6000-Operating,1000-Cash,6033,60.33,usage overage block 2026-07,Acme Supplies,,HAP-2026-07-2395,HAP-2026-07-2395,historical_ap,volume_opex
JE-HAP-2026-07-2396,2026-07,2026-07-31,2026-07-31,6000-Operating,1000-Cash,1080044,10800.44,premium support 2026-07,Northline Fabrication,,HAP-2026-07-2396,HAP-2026-07-2396,historical_ap,volume_opex
JE-HAP-2026-07-2397,2026-07,2026-07-31,2026-07-31,6000-Operating,1000-Cash,30855,308.55,warehouse consumables 2026-07,Slack Technologies,,HAP-2026-07-2397,HAP-2026-07-2397,historical_ap,volume_opex
JE-HAP-2026-07-2398,2026-07,2026-07-31,2026-07-31,6000-Operating,1000-Cash,12066,120.66,security monitoring hosts 2026-07,Orbit Analytics,,HAP-2026-07-2398,HAP-2026-07-2398,historical_ap,volume_opex
JE-HAP-2026-07-2399,2026-07,2026-07-31,2026-07-31,6000-Operating,1000-Cash,1577,15.77,usage overage block 2026-07,Lindholm & Ruiz LLP,,HAP-2026-07-2399,HAP-2026-07-2399,historical_ap,volume_opex
JE-HAP-2026-07-2400,2026-07,2026-07-31,2026-07-31,6000-Operating,1000-Cash,540088,5400.88,premium support 2026-07,Lenovo,,HAP-2026-07-2400,HAP-2026-07-2400,historical_ap,volume_opex
JE-HAP-2026-08-2401,2026-08,2026-08-20,2026-08-20,6000-Operating,1000-Cash,6099,60.99,usage overage block 2026-08,Orbit Analytics,,HAP-2026-08-2401,HAP-2026-08-2401,historical_ap,volume_opex
JE-HAP-2026-08-2402,2026-08,2026-08-20,2026-08-20,6000-Operating,1000-Cash,1080110,10801.1,premium support 2026-08,Lindholm & Ruiz LLP,,HAP-2026-08-2402,HAP-2026-08-2402,historical_ap,volume_opex
JE-HAP-2026-08-2403,2026-08,2026-08-20,2026-08-20,6000-Operating,1000-Cash,30921,309.21,warehouse consumables 2026-08,Lenovo,,HAP-2026-08-2403,HAP-2026-08-2403,historical_ap,volume_opex
JE-HAP-2026-08-2404,2026-08,2026-08-20,2026-08-20,6000-Operating,1000-Cash,12132,121.32,security monitoring hosts 2026-08,Snowflake,,HAP-2026-08-2404,HAP-2026-08-2404,historical_ap,volume_opex
JE-HAP-2026-08-2405,2026-08,2026-08-20,2026-08-20,6000-Operating,1000-Cash,1643,16.43,usage overage block 2026-08,Atlassian,,HAP-2026-08-2405,HAP-2026-08-2405,historical_ap,volume_opex
JE-HAP-2026-08-2406,2026-08,2026-08-20,2026-08-20,6000-Operating,1000-Cash,540154,5401.54,premium support 2026-08,Harbor Power & Light,,HAP-2026-08-2406,HAP-2026-08-2406,historical_ap,volume_opex
JE-HAP-2026-08-2407,2026-08,2026-08-20,2026-08-20,6000-Operating,1000-Cash,19415,194.15,warehouse consumables 2026-08,WeWork Cambridge,,HAP-2026-08-2407,HAP-2026-08-2407,historical_ap,volume_opex
JE-HAP-2026-08-2408,2026-08,2026-08-20,2026-08-20,6000-Operating,1000-Cash,8576,85.76,security monitoring hosts 2026-08,Kendall Square Parking,,HAP-2026-08-2408,HAP-2026-08-2408,historical_ap,volume_opex
JE-HAP-2026-08-2409,2026-08,2026-08-20,2026-08-20,6000-Operating,1000-Cash,13687,136.87,usage overage block 2026-08,DocuSign,,HAP-2026-08-2409,HAP-2026-08-2409,historical_ap,volume_opex
JE-HAP-2026-08-2410,2026-08,2026-08-20,2026-08-20,6000-Operating,1000-Cash,1980198,19801.98,premium support 2026-08,Gusto Payroll,,HAP-2026-08-2410,HAP-2026-08-2410,historical_ap,volume_opex
JE-HAP-2026-08-2411,2026-08,2026-08-20,2026-08-20,6000-Operating,1000-Cash,7909,79.09,warehouse consumables 2026-08,Acme Supplies LLC,,HAP-2026-08-2411,HAP-2026-08-2411,historical_ap,volume_opex
JE-HAP-2026-08-2412,2026-08,2026-08-20,2026-08-20,6000-Operating,1000-Cash,5020,50.2,security monitoring hosts 2026-08,Office Depot,,HAP-2026-08-2412,HAP-2026-08-2412,historical_ap,volume_opex
JE-HAP-2026-08-2413,2026-08,2026-08-21,2026-08-21,6000-Operating,1000-Cash,19481,194.81,warehouse consumables 2026-08,Gusto Payroll,,HAP-2026-08-2413,HAP-2026-08-2413,historical_ap,volume_opex
JE-HAP-2026-08-2414,2026-08,2026-08-21,2026-08-21,6000-Operating,1000-Cash,8642,86.42,security monitoring hosts 2026-08,Acme Supplies LLC,,HAP-2026-08-2414,HAP-2026-08-2414,historical_ap,volume_opex
JE-HAP-2026-08-2415,2026-08,2026-08-21,2026-08-21,6000-Operating,1000-Cash,13500,135.0,usage overage block 2026-08,Office Depot,,HAP-2026-08-2415,HAP-2026-08-2415,historical_ap,volume_opex
JE-HAP-2026-08-2416,2026-08,2026-08-21,2026-08-21,6000-Operating,1000-Cash,1980011,19800.11,premium support 2026-08,Figma,,HAP-2026-08-2416,HAP-2026-08-2416,historical_ap,volume_opex
JE-HAP-2026-08-2417,2026-08,2026-08-21,2026-08-21,6000-Operating,1000-Cash,7722,77.22,warehouse consumables 2026-08,Cambridge Properties,,HAP-2026-08-2417,HAP-2026-08-2417,historical_ap,volume_opex
JE-HAP-2026-08-2418,2026-08,2026-08-21,2026-08-21,6000-Operating,1000-Cash,4833,48.33,security monitoring hosts 2026-08,GitHub,,HAP-2026-08-2418,HAP-2026-08-2418,historical_ap,volume_opex
JE-HAP-2026-08-2419,2026-08,2026-08-21,2026-08-21,6000-Operating,1000-Cash,9044,90.44,usage overage block 2026-08,Misc Supplies,,HAP-2026-08-2419,HAP-2026-08-2419,historical_ap,volume_opex
JE-HAP-2026-08-2420,2026-08,2026-08-21,2026-08-21,6000-Operating,1000-Cash,1440055,14400.55,premium support 2026-08,Okta,,HAP-2026-08-2420,HAP-2026-08-2420,historical_ap,volume_opex
JE-HAP-2026-08-2421,2026-08,2026-08-21,2026-08-21,6000-Operating,1000-Cash,38566,385.66,warehouse consumables 2026-08,Cloudflare,,HAP-2026-08-2421,HAP-2026-08-2421,historical_ap,volume_opex
JE-HAP-2026-08-2422,2026-08,2026-08-21,2026-08-21,6000-Operating,1000-Cash,1277,12.77,security monitoring hosts 2026-08,Staples Business Advantage,,HAP-2026-08-2422,HAP-2026-08-2422,historical_ap,volume_opex
JE-HAP-2026-08-2423,2026-08,2026-08-21,2026-08-21,6000-Operating,1000-Cash,4588,45.88,usage overage block 2026-08,Comcast Business,,HAP-2026-08-2423,HAP-2026-08-2423,historical_ap,volume_opex
JE-HAP-2026-08-2424,2026-08,2026-08-21,2026-08-21,6000-Operating,1000-Cash,900099,9000.99,premium support 2026-08,HubSpot,,HAP-2026-08-2424,HAP-2026-08-2424,historical_ap,volume_opex
JE-HAP-2026-08-2425,2026-08,2026-08-22,2026-08-22,6000-Operating,1000-Cash,9110,91.1,usage overage block 2026-08,Staples Business Advantage,,HAP-2026-08-2425,HAP-2026-08-2425,historical_ap,volume_opex
JE-HAP-2026-08-2426,2026-08,2026-08-22,2026-08-22,6000-Operating,1000-Cash,1440121,14401.21,premium support 2026-08,Comcast Business,,HAP-2026-08-2426,HAP-2026-08-2426,historical_ap,volume_opex
JE-HAP-2026-08-2427,2026-08,2026-08-22,2026-08-22,6000-Operating,1000-Cash,38632,386.32,warehouse consumables 2026-08,HubSpot,,HAP-2026-08-2427,HAP-2026-08-2427,historical_ap,volume_opex
JE-HAP-2026-08-2428,2026-08,2026-08-22,2026-08-22,6000-Operating,1000-Cash,1343,13.43,security monitoring hosts 2026-08,Palo Alto Networks,,HAP-2026-08-2428,HAP-2026-08-2428,historical_ap,volume_opex
JE-HAP-2026-08-2429,2026-08,2026-08-22,2026-08-22,6000-Operating,1000-Cash,4654,46.54,usage overage block 2026-08,Vanta,,HAP-2026-08-2429,HAP-2026-08-2429,historical_ap,volume_opex
JE-HAP-2026-08-2430,2026-08,2026-08-22,2026-08-22,6000-Operating,1000-Cash,900165,9001.65,premium support 2026-08,Acme Supply Co.,,HAP-2026-08-2430,HAP-2026-08-2430,historical_ap,volume_opex
JE-HAP-2026-08-2431,2026-08,2026-08-22,2026-08-22,6000-Operating,1000-Cash,27126,271.26,warehouse consumables 2026-08,Helios Hardware,,HAP-2026-08-2431,HAP-2026-08-2431,historical_ap,volume_opex
JE-HAP-2026-08-2432,2026-08,2026-08-22,2026-08-22,6000-Operating,1000-Cash,10987,109.87,security monitoring hosts 2026-08,Google Cloud,,HAP-2026-08-2432,HAP-2026-08-2432,historical_ap,volume_opex
JE-HAP-2026-08-2433,2026-08,2026-08-22,2026-08-22,6000-Operating,1000-Cash,16698,166.98,usage overage block 2026-08,Dell Technologies,,HAP-2026-08-2433,HAP-2026-08-2433,historical_ap,volume_opex
JE-HAP-2026-08-2434,2026-08,2026-08-22,2026-08-22,6000-Operating,1000-Cash,360209,3602.09,premium support 2026-08,Shadow Vendor LLC,,HAP-2026-08-2434,HAP-2026-08-2434,historical_ap,volume_opex
JE-HAP-2026-08-2435,2026-08,2026-08-22,2026-08-22,6000-Operating,1000-Cash,15620,156.2,warehouse consumables 2026-08,Twilio,,HAP-2026-08-2435,HAP-2026-08-2435,historical_ap,volume_opex
JE-HAP-2026-08-2436,2026-08,2026-08-22,2026-08-22,6000-Operating,1000-Cash,7431,74.31,security monitoring hosts 2026-08,CrowdStrike,,HAP-2026-08-2436,HAP-2026-08-2436,historical_ap,volume_opex
JE-HAP-2026-08-2437,2026-08,2026-08-23,2026-08-23,6000-Operating,1000-Cash,27192,271.92,warehouse consumables 2026-08,Shadow Vendor LLC,,HAP-2026-08-2437,HAP-2026-08-2437,historical_ap,volume_opex
JE-HAP-2026-08-2438,2026-08,2026-08-23,2026-08-23,6000-Operating,1000-Cash,10800,108.0,security monitoring hosts 2026-08,Twilio,,HAP-2026-08-2438,HAP-2026-08-2438,historical_ap,volume_opex
JE-HAP-2026-08-2439,2026-08,2026-08-23,2026-08-23,6000-Operating,1000-Cash,16511,165.11,usage overage block 2026-08,CrowdStrike,,HAP-2026-08-2439,HAP-2026-08-2439,historical_ap,volume_opex
JE-HAP-2026-08-2440,2026-08,2026-08-23,2026-08-23,6000-Operating,1000-Cash,360022,3600.22,premium support 2026-08,Northline Fab Group,,HAP-2026-08-2440,HAP-2026-08-2440,historical_ap,volume_opex
JE-HAP-2026-08-2441,2026-08,2026-08-23,2026-08-23,6000-Operating,1000-Cash,15433,154.33,warehouse consumables 2026-08,FedEx,,HAP-2026-08-2441,HAP-2026-08-2441,historical_ap,volume_opex
JE-HAP-2026-08-2442,2026-08,2026-08-23,2026-08-23,6000-Operating,1000-Cash,7244,72.44,security monitoring hosts 2026-08,Pagaya Coffee Service,,HAP-2026-08-2442,HAP-2026-08-2442,historical_ap,volume_opex
JE-HAP-2026-08-2443,2026-08,2026-08-23,2026-08-23,6000-Operating,1000-Cash,12055,120.55,usage overage block 2026-08,Stripe Processing,,HAP-2026-08-2443,HAP-2026-08-2443,historical_ap,volume_opex
JE-HAP-2026-08-2444,2026-08,2026-08-23,2026-08-23,6000-Operating,1000-Cash,1800066,18000.66,premium support 2026-08,Boston Edison Steam,,HAP-2026-08-2444,HAP-2026-08-2444,historical_ap,volume_opex
JE-HAP-2026-08-2445,2026-08,2026-08-23,2026-08-23,6000-Operating,1000-Cash,3927,39.27,warehouse consumables 2026-08,Linear App,,HAP-2026-08-2445,HAP-2026-08-2445,historical_ap,volume_opex
JE-HAP-2026-08-2446,2026-08,2026-08-23,2026-08-23,6000-Operating,1000-Cash,3688,36.88,security monitoring hosts 2026-08,Amazon Web Services,,HAP-2026-08-2446,HAP-2026-08-2446,historical_ap,volume_opex
JE-HAP-2026-08-2447,2026-08,2026-08-23,2026-08-23,6000-Operating,1000-Cash,7599,75.99,usage overage block 2026-08,Datadog,,HAP-2026-08-2447,HAP-2026-08-2447,historical_ap,volume_opex
JE-HAP-2026-08-2448,2026-08,2026-08-23,2026-08-23,6000-Operating,1000-Cash,1260110,12601.1,premium support 2026-08,Hartford Insurance,,HAP-2026-08-2448,HAP-2026-08-2448,historical_ap,volume_opex
JE-HAP-2026-08-2449,2026-08,2026-08-24,2026-08-24,6000-Operating,1000-Cash,12121,121.21,usage overage block 2026-08,Amazon Web Services,,HAP-2026-08-2449,HAP-2026-08-2449,historical_ap,volume_opex
JE-HAP-2026-08-2450,2026-08,2026-08-24,2026-08-24,6000-Operating,1000-Cash,1800132,18001.32,premium support 2026-08,Datadog,,HAP-2026-08-2450,HAP-2026-08-2450,historical_ap,volume_opex
JE-HAP-2026-08-2451,2026-08,2026-08-24,2026-08-24,6000-Operating,1000-Cash,3993,39.93,warehouse consumables 2026-08,Hartford Insurance,,HAP-2026-08-2451,HAP-2026-08-2451,historical_ap,volume_opex
JE-HAP-2026-08-2452,2026-08,2026-08-24,2026-08-24,6000-Operating,1000-Cash,3754,37.54,security monitoring hosts 2026-08,Harbor Electric,,HAP-2026-08-2452,HAP-2026-08-2452,historical_ap,volume_opex
JE-HAP-2026-08-2453,2026-08,2026-08-24,2026-08-24,6000-Operating,1000-Cash,7665,76.65,usage overage block 2026-08,Freightline Logistics,,HAP-2026-08-2453,HAP-2026-08-2453,historical_ap,volume_opex
JE-HAP-2026-08-2454,2026-08,2026-08-24,2026-08-24,6000-Operating,1000-Cash,1260176,12601.76,premium support 2026-08,Notion Labs,,HAP-2026-08-2454,HAP-2026-08-2454,historical_ap,volume_opex
JE-HAP-2026-08-2455,2026-08,2026-08-24,2026-08-24,6000-Operating,1000-Cash,34837,348.37,warehouse consumables 2026-08,Zoom Video,,HAP-2026-08-2455,HAP-2026-08-2455,historical_ap,volume_opex
JE-HAP-2026-08-2456,2026-08,2026-08-24,2026-08-24,6000-Operating,1000-Cash,13398,133.98,security monitoring hosts 2026-08,Helios Hardware Supply,,HAP-2026-08-2456,HAP-2026-08-2456,historical_ap,volume_opex
JE-HAP-2026-08-2457,2026-08,2026-08-24,2026-08-24,6000-Operating,1000-Cash,3209,32.09,usage overage block 2026-08,ADP,,HAP-2026-08-2457,HAP-2026-08-2457,historical_ap,volume_opex
JE-HAP-2026-08-2458,2026-08,2026-08-24,2026-08-24,6000-Operating,1000-Cash,720220,7202.2,premium support 2026-08,CleanRoom Janitorial,,HAP-2026-08-2458,HAP-2026-08-2458,historical_ap,volume_opex
JE-HAP-2026-08-2459,2026-08,2026-08-24,2026-08-24,6000-Operating,1000-Cash,23331,233.31,warehouse consumables 2026-08,Adyen NV,,HAP-2026-08-2459,HAP-2026-08-2459,historical_ap,volume_opex
JE-HAP-2026-08-2460,2026-08,2026-08-24,2026-08-24,6000-Operating,1000-Cash,9842,98.42,security monitoring hosts 2026-08,Carta,,HAP-2026-08-2460,HAP-2026-08-2460,historical_ap,volume_opex
JE-HAP-2026-08-2461,2026-08,2026-08-25,2026-08-25,6000-Operating,1000-Cash,34650,346.5,warehouse consumables 2026-08,CleanRoom Janitorial,,HAP-2026-08-2461,HAP-2026-08-2461,historical_ap,volume_opex
JE-HAP-2026-08-2462,2026-08,2026-08-25,2026-08-25,6000-Operating,1000-Cash,13211,132.11,security monitoring hosts 2026-08,Adyen NV,,HAP-2026-08-2462,HAP-2026-08-2462,historical_ap,volume_opex
JE-HAP-2026-08-2463,2026-08,2026-08-25,2026-08-25,6000-Operating,1000-Cash,3022,30.22,usage overage block 2026-08,Carta,,HAP-2026-08-2463,HAP-2026-08-2463,historical_ap,volume_opex
JE-HAP-2026-08-2464,2026-08,2026-08-25,2026-08-25,6000-Operating,1000-Cash,720033,7200.33,premium support 2026-08,Acme Supplies,,HAP-2026-08-2464,HAP-2026-08-2464,historical_ap,volume_opex
JE-HAP-2026-08-2465,2026-08,2026-08-25,2026-08-25,6000-Operating,1000-Cash,23144,231.44,warehouse consumables 2026-08,Northline Fabrication,,HAP-2026-08-2465,HAP-2026-08-2465,historical_ap,volume_opex
JE-HAP-2026-08-2466,2026-08,2026-08-25,2026-08-25,6000-Operating,1000-Cash,9655,96.55,security monitoring hosts 2026-08,Slack Technologies,,HAP-2026-08-2466,HAP-2026-08-2466,historical_ap,volume_opex
JE-HAP-2026-08-2467,2026-08,2026-08-25,2026-08-25,6000-Operating,1000-Cash,15066,150.66,usage overage block 2026-08,Orbit Analytics,,HAP-2026-08-2467,HAP-2026-08-2467,historical_ap,volume_opex
JE-HAP-2026-08-2468,2026-08,2026-08-25,2026-08-25,6000-Operating,1000-Cash,180077,1800.77,premium support 2026-08,Lindholm & Ruiz LLP,,HAP-2026-08-2468,HAP-2026-08-2468,historical_ap,volume_opex
JE-HAP-2026-08-2469,2026-08,2026-08-25,2026-08-25,6000-Operating,1000-Cash,11638,116.38,warehouse consumables 2026-08,Lenovo,,HAP-2026-08-2469,HAP-2026-08-2469,historical_ap,volume_opex
JE-HAP-2026-08-2470,2026-08,2026-08-25,2026-08-25,6000-Operating,1000-Cash,6099,60.99,security monitoring hosts 2026-08,Snowflake,,HAP-2026-08-2470,HAP-2026-08-2470,historical_ap,volume_opex
JE-HAP-2026-08-2471,2026-08,2026-08-25,2026-08-25,6000-Operating,1000-Cash,10610,106.1,usage overage block 2026-08,Atlassian,,HAP-2026-08-2471,HAP-2026-08-2471,historical_ap,volume_opex
JE-HAP-2026-08-2472,2026-08,2026-08-25,2026-08-25,6000-Operating,1000-Cash,1620121,16201.21,premium support 2026-08,Harbor Power & Light,,HAP-2026-08-2472,HAP-2026-08-2472,historical_ap,volume_opex
JE-HAP-2026-08-2473,2026-08,2026-08-26,2026-08-26,6000-Operating,1000-Cash,15132,151.32,usage overage block 2026-08,Snowflake,,HAP-2026-08-2473,HAP-2026-08-2473,historical_ap,volume_opex
JE-HAP-2026-08-2474,2026-08,2026-08-26,2026-08-26,6000-Operating,1000-Cash,180143,1801.43,premium support 2026-08,Atlassian,,HAP-2026-08-2474,HAP-2026-08-2474,historical_ap,volume_opex
JE-HAP-2026-08-2475,2026-08,2026-08-26,2026-08-26,6000-Operating,1000-Cash,11704,117.04,warehouse consumables 2026-08,Harbor Power & Light,,HAP-2026-08-2475,HAP-2026-08-2475,historical_ap,volume_opex
JE-HAP-2026-08-2476,2026-08,2026-08-26,2026-08-26,6000-Operating,1000-Cash,6165,61.65,security monitoring hosts 2026-08,WeWork Cambridge,,HAP-2026-08-2476,HAP-2026-08-2476,historical_ap,volume_opex
JE-HAP-2026-08-2477,2026-08,2026-08-26,2026-08-26,6000-Operating,1000-Cash,10676,106.76,usage overage block 2026-08,Kendall Square Parking,,HAP-2026-08-2477,HAP-2026-08-2477,historical_ap,volume_opex
JE-HAP-2026-08-2478,2026-08,2026-08-26,2026-08-26,6000-Operating,1000-Cash,1620187,16201.87,premium support 2026-08,DocuSign,,HAP-2026-08-2478,HAP-2026-08-2478,historical_ap,volume_opex
JE-HAP-2026-08-2479,2026-08,2026-08-26,2026-08-26,6000-Operating,1000-Cash,42548,425.48,warehouse consumables 2026-08,Gusto Payroll,,HAP-2026-08-2479,HAP-2026-08-2479,historical_ap,volume_opex
JE-HAP-2026-08-2480,2026-08,2026-08-26,2026-08-26,6000-Operating,1000-Cash,2609,26.09,security monitoring hosts 2026-08,Acme Supplies LLC,,HAP-2026-08-2480,HAP-2026-08-2480,historical_ap,volume_opex
JE-HAP-2026-08-2481,2026-08,2026-08-26,2026-08-26,6000-Operating,1000-Cash,6220,62.2,usage overage block 2026-08,Office Depot,,HAP-2026-08-2481,HAP-2026-08-2481,historical_ap,volume_opex
JE-HAP-2026-08-2482,2026-08,2026-08-26,2026-08-26,6000-Operating,1000-Cash,1080231,10802.31,premium support 2026-08,Figma,,HAP-2026-08-2482,HAP-2026-08-2482,historical_ap,volume_opex
JE-HAP-2026-08-2483,2026-08,2026-08-26,2026-08-26,6000-Operating,1000-Cash,31042,310.42,warehouse consumables 2026-08,Cambridge Properties,,HAP-2026-08-2483,HAP-2026-08-2483,historical_ap,volume_opex
JE-HAP-2026-08-2484,2026-08,2026-08-26,2026-08-26,6000-Operating,1000-Cash,12000,120.0,security monitoring hosts 2026-08,GitHub,,HAP-2026-08-2484,HAP-2026-08-2484,historical_ap,volume_opex
JE-HAP-2026-08-2485,2026-08,2026-08-27,2026-08-27,6000-Operating,1000-Cash,42361,423.61,warehouse consumables 2026-08,Figma,,HAP-2026-08-2485,HAP-2026-08-2485,historical_ap,volume_opex
JE-HAP-2026-08-2486,2026-08,2026-08-27,2026-08-27,6000-Operating,1000-Cash,2422,24.22,security monitoring hosts 2026-08,Cambridge Properties,,HAP-2026-08-2486,HAP-2026-08-2486,historical_ap,volume_opex
JE-HAP-2026-08-2487,2026-08,2026-08-27,2026-08-27,6000-Operating,1000-Cash,6033,60.33,usage overage block 2026-08,GitHub,,HAP-2026-08-2487,HAP-2026-08-2487,historical_ap,volume_opex
JE-HAP-2026-08-2488,2026-08,2026-08-27,2026-08-27,6000-Operating,1000-Cash,1080044,10800.44,premium support 2026-08,Misc Supplies,,HAP-2026-08-2488,HAP-2026-08-2488,historical_ap,volume_opex
JE-HAP-2026-08-2489,2026-08,2026-08-27,2026-08-27,6000-Operating,1000-Cash,30855,308.55,warehouse consumables 2026-08,Okta,,HAP-2026-08-2489,HAP-2026-08-2489,historical_ap,volume_opex
JE-HAP-2026-08-2490,2026-08,2026-08-27,2026-08-27,6000-Operating,1000-Cash,12066,120.66,security monitoring hosts 2026-08,Cloudflare,,HAP-2026-08-2490,HAP-2026-08-2490,historical_ap,volume_opex
JE-HAP-2026-08-2491,2026-08,2026-08-27,2026-08-27,6000-Operating,1000-Cash,1577,15.77,usage overage block 2026-08,Staples Business Advantage,,HAP-2026-08-2491,HAP-2026-08-2491,historical_ap,volume_opex
JE-HAP-2026-08-2492,2026-08,2026-08-27,2026-08-27,6000-Operating,1000-Cash,540088,5400.88,premium support 2026-08,Comcast Business,,HAP-2026-08-2492,HAP-2026-08-2492,historical_ap,volume_opex
JE-HAP-2026-08-2493,2026-08,2026-08-27,2026-08-27,6000-Operating,1000-Cash,19349,193.49,warehouse consumables 2026-08,HubSpot,,HAP-2026-08-2493,HAP-2026-08-2493,historical_ap,volume_opex
JE-HAP-2026-08-2494,2026-08,2026-08-27,2026-08-27,6000-Operating,1000-Cash,8510,85.1,security monitoring hosts 2026-08,Palo Alto Networks,,HAP-2026-08-2494,HAP-2026-08-2494,historical_ap,volume_opex
JE-HAP-2026-08-2495,2026-08,2026-08-27,2026-08-27,6000-Operating,1000-Cash,13621,136.21,usage overage block 2026-08,Vanta,,HAP-2026-08-2495,HAP-2026-08-2495,historical_ap,volume_opex
JE-HAP-2026-08-2496,2026-08,2026-08-27,2026-08-27,6000-Operating,1000-Cash,1980132,19801.32,premium support 2026-08,Acme Supply Co.,,HAP-2026-08-2496,HAP-2026-08-2496,historical_ap,volume_opex
JE-HAP-2026-08-2497,2026-08,2026-08-28,2026-08-28,6000-Operating,1000-Cash,1643,16.43,usage overage block 2026-08,Palo Alto Networks,,HAP-2026-08-2497,HAP-2026-08-2497,historical_ap,volume_opex
JE-HAP-2026-08-2498,2026-08,2026-08-28,2026-08-28,6000-Operating,1000-Cash,540154,5401.54,premium support 2026-08,Vanta,,HAP-2026-08-2498,HAP-2026-08-2498,historical_ap,volume_opex
JE-HAP-2026-08-2499,2026-08,2026-08-28,2026-08-28,6000-Operating,1000-Cash,19415,194.15,warehouse consumables 2026-08,Acme Supply Co.,,HAP-2026-08-2499,HAP-2026-08-2499,historical_ap,volume_opex
JE-HAP-2026-08-2500,2026-08,2026-08-28,2026-08-28,6000-Operating,1000-Cash,8576,85.76,security monitoring hosts 2026-08,Helios Hardware,,HAP-2026-08-2500,HAP-2026-08-2500,historical_ap,volume_opex
JE-HAP-2026-08-2501,2026-08,2026-08-28,2026-08-28,6000-Operating,1000-Cash,13687,136.87,usage overage block 2026-08,Google Cloud,,HAP-2026-08-2501,HAP-2026-08-2501,historical_ap,volume_opex
JE-HAP-2026-08-2502,2026-08,2026-08-28,2026-08-28,6000-Operating,1000-Cash,1980198,19801.98,premium support 2026-08,Dell Technologies,,HAP-2026-08-2502,HAP-2026-08-2502,historical_ap,volume_opex
JE-HAP-2026-08-2503,2026-08,2026-08-28,2026-08-28,6000-Operating,1000-Cash,7909,79.09,warehouse consumables 2026-08,Shadow Vendor LLC,,HAP-2026-08-2503,HAP-2026-08-2503,historical_ap,volume_opex
JE-HAP-2026-08-2504,2026-08,2026-08-28,2026-08-28,6000-Operating,1000-Cash,5020,50.2,security monitoring hosts 2026-08,Twilio,,HAP-2026-08-2504,HAP-2026-08-2504,historical_ap,volume_opex
JE-HAP-2026-08-2505,2026-08,2026-08-28,2026-08-28,6000-Operating,1000-Cash,9231,92.31,usage overage block 2026-08,CrowdStrike,,HAP-2026-08-2505,HAP-2026-08-2505,historical_ap,volume_opex
JE-HAP-2026-08-2506,2026-08,2026-08-28,2026-08-28,6000-Operating,1000-Cash,1440242,14402.42,premium support 2026-08,Northline Fab Group,,HAP-2026-08-2506,HAP-2026-08-2506,historical_ap,volume_opex
JE-HAP-2026-08-2507,2026-08,2026-08-28,2026-08-28,6000-Operating,1000-Cash,38500,385.0,warehouse consumables 2026-08,FedEx,,HAP-2026-08-2507,HAP-2026-08-2507,historical_ap,volume_opex
JE-HAP-2026-08-2508,2026-08,2026-08-28,2026-08-28,6000-Operating,1000-Cash,1211,12.11,security monitoring hosts 2026-08,Pagaya Coffee Service,,HAP-2026-08-2508,HAP-2026-08-2508,historical_ap,volume_opex
JE-HAP-2026-08-2509,2026-08,2026-08-29,2026-08-29,6000-Operating,1000-Cash,7722,77.22,warehouse consumables 2026-08,Northline Fab Group,,HAP-2026-08-2509,HAP-2026-08-2509,historical_ap,volume_opex
JE-HAP-2026-08-2510,2026-08,2026-08-29,2026-08-29,6000-Operating,1000-Cash,4833,48.33,security monitoring hosts 2026-08,FedEx,,HAP-2026-08-2510,HAP-2026-08-2510,historical_ap,volume_opex
JE-HAP-2026-08-2511,2026-08,2026-08-29,2026-08-29,6000-Operating,1000-Cash,9044,90.44,usage overage block 2026-08,Pagaya Coffee Service,,HAP-2026-08-2511,HAP-2026-08-2511,historical_ap,volume_opex
JE-HAP-2026-08-2512,2026-08,2026-08-29,2026-08-29,6000-Operating,1000-Cash,1440055,14400.55,premium support 2026-08,Stripe Processing,,HAP-2026-08-2512,HAP-2026-08-2512,historical_ap,volume_opex
JE-HAP-2026-08-2513,2026-08,2026-08-29,2026-08-29,6000-Operating,1000-Cash,38566,385.66,warehouse consumables 2026-08,Boston Edison Steam,,HAP-2026-08-2513,HAP-2026-08-2513,historical_ap,volume_opex
JE-HAP-2026-08-2514,2026-08,2026-08-29,2026-08-29,6000-Operating,1000-Cash,1277,12.77,security monitoring hosts 2026-08,Linear App,,HAP-2026-08-2514,HAP-2026-08-2514,historical_ap,volume_opex
JE-HAP-2026-08-2515,2026-08,2026-08-29,2026-08-29,6000-Operating,1000-Cash,4588,45.88,usage overage block 2026-08,Amazon Web Services,,HAP-2026-08-2515,HAP-2026-08-2515,historical_ap,volume_opex
JE-HAP-2026-08-2516,2026-08,2026-08-29,2026-08-29,6000-Operating,1000-Cash,900099,9000.99,premium support 2026-08,Datadog,,HAP-2026-08-2516,HAP-2026-08-2516,historical_ap,volume_opex
JE-HAP-2026-08-2517,2026-08,2026-08-29,2026-08-29,6000-Operating,1000-Cash,27060,270.6,warehouse consumables 2026-08,Hartford Insurance,,HAP-2026-08-2517,HAP-2026-08-2517,historical_ap,volume_opex
JE-HAP-2026-08-2518,2026-08,2026-08-29,2026-08-29,6000-Operating,1000-Cash,10921,109.21,security monitoring hosts 2026-08,Harbor Electric,,HAP-2026-08-2518,HAP-2026-08-2518,historical_ap,volume_opex
JE-HAP-2026-08-2519,2026-08,2026-08-29,2026-08-29,6000-Operating,1000-Cash,16632,166.32,usage overage block 2026-08,Freightline Logistics,,HAP-2026-08-2519,HAP-2026-08-2519,historical_ap,volume_opex
JE-HAP-2026-08-2520,2026-08,2026-08-29,2026-08-29,6000-Operating,1000-Cash,360143,3601.43,premium support 2026-08,Notion Labs,,HAP-2026-08-2520,HAP-2026-08-2520,historical_ap,volume_opex
JE-HAP-2026-08-2521,2026-08,2026-08-30,2026-08-30,6000-Operating,1000-Cash,4654,46.54,usage overage block 2026-08,Harbor Electric,,HAP-2026-08-2521,HAP-2026-08-2521,historical_ap,volume_opex
JE-HAP-2026-08-2522,2026-08,2026-08-30,2026-08-30,6000-Operating,1000-Cash,900165,9001.65,premium support 2026-08,Freightline Logistics,,HAP-2026-08-2522,HAP-2026-08-2522,historical_ap,volume_opex
JE-HAP-2026-08-2523,2026-08,2026-08-30,2026-08-30,6000-Operating,1000-Cash,27126,271.26,warehouse consumables 2026-08,Notion Labs,,HAP-2026-08-2523,HAP-2026-08-2523,historical_ap,volume_opex
JE-HAP-2026-08-2524,2026-08,2026-08-30,2026-08-30,6000-Operating,1000-Cash,10987,109.87,security monitoring hosts 2026-08,Zoom Video,,HAP-2026-08-2524,HAP-2026-08-2524,historical_ap,volume_opex
JE-HAP-2026-08-2525,2026-08,2026-08-30,2026-08-30,6000-Operating,1000-Cash,16698,166.98,usage overage block 2026-08,Helios Hardware Supply,,HAP-2026-08-2525,HAP-2026-08-2525,historical_ap,volume_opex
JE-HAP-2026-08-2526,2026-08,2026-08-30,2026-08-30,6000-Operating,1000-Cash,360209,3602.09,premium support 2026-08,ADP,,HAP-2026-08-2526,HAP-2026-08-2526,historical_ap,volume_opex
JE-HAP-2026-08-2527,2026-08,2026-08-30,2026-08-30,6000-Operating,1000-Cash,15620,156.2,warehouse consumables 2026-08,CleanRoom Janitorial,,HAP-2026-08-2527,HAP-2026-08-2527,historical_ap,volume_opex
JE-HAP-2026-08-2528,2026-08,2026-08-30,2026-08-30,6000-Operating,1000-Cash,7431,74.31,security monitoring hosts 2026-08,Adyen NV,,HAP-2026-08-2528,HAP-2026-08-2528,historical_ap,volume_opex
JE-HAP-2026-08-2529,2026-08,2026-08-30,2026-08-30,6000-Operating,1000-Cash,12242,122.42,usage overage block 2026-08,Carta,,HAP-2026-08-2529,HAP-2026-08-2529,historical_ap,volume_opex
JE-HAP-2026-08-2530,2026-08,2026-08-30,2026-08-30,6000-Operating,1000-Cash,1800000,18000.0,premium support 2026-08,Acme Supplies,,HAP-2026-08-2530,HAP-2026-08-2530,historical_ap,volume_opex
JE-HAP-2026-08-2531,2026-08,2026-08-30,2026-08-30,6000-Operating,1000-Cash,3861,38.61,warehouse consumables 2026-08,Northline Fabrication,,HAP-2026-08-2531,HAP-2026-08-2531,historical_ap,volume_opex
JE-HAP-2026-08-2532,2026-08,2026-08-30,2026-08-30,6000-Operating,1000-Cash,3622,36.22,security monitoring hosts 2026-08,Slack Technologies,,HAP-2026-08-2532,HAP-2026-08-2532,historical_ap,volume_opex
JE-HAP-2026-08-2533,2026-08,2026-08-31,2026-08-31,6000-Operating,1000-Cash,15433,154.33,warehouse consumables 2026-08,Acme Supplies,,HAP-2026-08-2533,HAP-2026-08-2533,historical_ap,volume_opex
JE-HAP-2026-08-2534,2026-08,2026-08-31,2026-08-31,6000-Operating,1000-Cash,7244,72.44,security monitoring hosts 2026-08,Northline Fabrication,,HAP-2026-08-2534,HAP-2026-08-2534,historical_ap,volume_opex
JE-HAP-2026-08-2535,2026-08,2026-08-31,2026-08-31,6000-Operating,1000-Cash,12055,120.55,usage overage block 2026-08,Slack Technologies,,HAP-2026-08-2535,HAP-2026-08-2535,historical_ap,volume_opex
JE-HAP-2026-08-2536,2026-08,2026-08-31,2026-08-31,6000-Operating,1000-Cash,1800066,18000.66,premium support 2026-08,Orbit Analytics,,HAP-2026-08-2536,HAP-2026-08-2536,historical_ap,volume_opex
JE-HAP-2026-08-2537,2026-08,2026-08-31,2026-08-31,6000-Operating,1000-Cash,3927,39.27,warehouse consumables 2026-08,Lindholm & Ruiz LLP,,HAP-2026-08-2537,HAP-2026-08-2537,historical_ap,volume_opex
JE-HAP-2026-08-2538,2026-08,2026-08-31,2026-08-31,6000-Operating,1000-Cash,3688,36.88,security monitoring hosts 2026-08,Lenovo,,HAP-2026-08-2538,HAP-2026-08-2538,historical_ap,volume_opex
JE-HAP-2026-08-2539,2026-08,2026-08-31,2026-08-31,6000-Operating,1000-Cash,7599,75.99,usage overage block 2026-08,Snowflake,,HAP-2026-08-2539,HAP-2026-08-2539,historical_ap,volume_opex
JE-HAP-2026-08-2540,2026-08,2026-08-31,2026-08-31,6000-Operating,1000-Cash,1260110,12601.1,premium support 2026-08,Atlassian,,HAP-2026-08-2540,HAP-2026-08-2540,historical_ap,volume_opex
JE-HAP-2026-08-2541,2026-08,2026-08-31,2026-08-31,6000-Operating,1000-Cash,34771,347.71,warehouse consumables 2026-08,Harbor Power & Light,,HAP-2026-08-2541,HAP-2026-08-2541,historical_ap,volume_opex
JE-HAP-2026-08-2542,2026-08,2026-08-31,2026-08-31,6000-Operating,1000-Cash,13332,133.32,security monitoring hosts 2026-08,WeWork Cambridge,,HAP-2026-08-2542,HAP-2026-08-2542,historical_ap,volume_opex
JE-HAP-2026-08-2543,2026-08,2026-08-31,2026-08-31,6000-Operating,1000-Cash,3143,31.43,usage overage block 2026-08,Kendall Square Parking,,HAP-2026-08-2543,HAP-2026-08-2543,historical_ap,volume_opex
JE-HAP-2026-08-2544,2026-08,2026-08-31,2026-08-31,6000-Operating,1000-Cash,720154,7201.54,premium support 2026-08,DocuSign,,HAP-2026-08-2544,HAP-2026-08-2544,historical_ap,volume_opex
JE-HAP-2026-08-2545,2026-08,2026-08-31,2026-08-31,6000-Operating,1000-Cash,7665,76.65,usage overage block 2026-08,WeWork Cambridge,,HAP-2026-08-2545,HAP-2026-08-2545,historical_ap,volume_opex
JE-HAP-2026-08-2546,2026-08,2026-08-31,2026-08-31,6000-Operating,1000-Cash,1260176,12601.76,premium support 2026-08,Kendall Square Parking,,HAP-2026-08-2546,HAP-2026-08-2546,historical_ap,volume_opex
JE-HAP-2026-08-2547,2026-08,2026-08-31,2026-08-31,6000-Operating,1000-Cash,34837,348.37,warehouse consumables 2026-08,DocuSign,,HAP-2026-08-2547,HAP-2026-08-2547,historical_ap,volume_opex
JE-HAP-2026-08-2548,2026-08,2026-08-31,2026-08-31,6000-Operating,1000-Cash,13398,133.98,security monitoring hosts 2026-08,Gusto Payroll,,HAP-2026-08-2548,HAP-2026-08-2548,historical_ap,volume_opex
JE-HAP-2026-08-2549,2026-08,2026-08-31,2026-08-31,6000-Operating,1000-Cash,3209,32.09,usage overage block 2026-08,Acme Supplies LLC,,HAP-2026-08-2549,HAP-2026-08-2549,historical_ap,volume_opex
JE-HAP-2026-08-2550,2026-08,2026-08-31,2026-08-31,6000-Operating,1000-Cash,720220,7202.2,premium support 2026-08,Office Depot,,HAP-2026-08-2550,HAP-2026-08-2550,historical_ap,volume_opex
JE-HAP-2026-08-2551,2026-08,2026-08-31,2026-08-31,6000-Operating,1000-Cash,23331,233.31,warehouse consumables 2026-08,Figma,,HAP-2026-08-2551,HAP-2026-08-2551,historical_ap,volume_opex
JE-HAP-2026-08-2552,2026-08,2026-08-31,2026-08-31,6000-Operating,1000-Cash,9842,98.42,security monitoring hosts 2026-08,Cambridge Properties,,HAP-2026-08-2552,HAP-2026-08-2552,historical_ap,volume_opex
JE-HAP-2026-08-2553,2026-08,2026-08-31,2026-08-31,6000-Operating,1000-Cash,15000,150.0,usage overage block 2026-08,GitHub,,HAP-2026-08-2553,HAP-2026-08-2553,historical_ap,volume_opex
JE-HAP-2026-08-2554,2026-08,2026-08-31,2026-08-31,6000-Operating,1000-Cash,180011,1800.11,premium support 2026-08,Misc Supplies,,HAP-2026-08-2554,HAP-2026-08-2554,historical_ap,volume_opex
JE-HAP-2026-08-2555,2026-08,2026-08-31,2026-08-31,6000-Operating,1000-Cash,11572,115.72,warehouse consumables 2026-08,Okta,,HAP-2026-08-2555,HAP-2026-08-2555,historical_ap,volume_opex
JE-HAP-2026-08-2556,2026-08,2026-08-31,2026-08-31,6000-Operating,1000-Cash,6033,60.33,security monitoring hosts 2026-08,Cloudflare,,HAP-2026-08-2556,HAP-2026-08-2556,historical_ap,volume_opex
JE-HAP-2026-08-2557,2026-08,2026-08-31,2026-08-31,6000-Operating,1000-Cash,23144,231.44,warehouse consumables 2026-08,Misc Supplies,,HAP-2026-08-2557,HAP-2026-08-2557,historical_ap,volume_opex
JE-HAP-2026-08-2558,2026-08,2026-08-31,2026-08-31,6000-Operating,1000-Cash,9655,96.55,security monitoring hosts 2026-08,Okta,,HAP-2026-08-2558,HAP-2026-08-2558,historical_ap,volume_opex
JE-HAP-2026-08-2559,2026-08,2026-08-31,2026-08-31,6000-Operating,1000-Cash,15066,150.66,usage overage block 2026-08,Cloudflare,,HAP-2026-08-2559,HAP-2026-08-2559,historical_ap,volume_opex
JE-HAP-2026-08-2560,2026-08,2026-08-31,2026-08-31,6000-Operating,1000-Cash,180077,1800.77,premium support 2026-08,Staples Business Advantage,,HAP-2026-08-2560,HAP-2026-08-2560,historical_ap,volume_opex
JE-HAP-2026-08-2561,2026-08,2026-08-31,2026-08-31,6000-Operating,1000-Cash,11638,116.38,warehouse consumables 2026-08,Comcast Business,,HAP-2026-08-2561,HAP-2026-08-2561,historical_ap,volume_opex
JE-HAP-2026-08-2562,2026-08,2026-08-31,2026-08-31,6000-Operating,1000-Cash,6099,60.99,security monitoring hosts 2026-08,HubSpot,,HAP-2026-08-2562,HAP-2026-08-2562,historical_ap,volume_opex
JE-HAP-2026-08-2563,2026-08,2026-08-31,2026-08-31,6000-Operating,1000-Cash,10610,106.1,usage overage block 2026-08,Palo Alto Networks,,HAP-2026-08-2563,HAP-2026-08-2563,historical_ap,volume_opex
JE-HAP-2026-08-2564,2026-08,2026-08-31,2026-08-31,6000-Operating,1000-Cash,1620121,16201.21,premium support 2026-08,Vanta,,HAP-2026-08-2564,HAP-2026-08-2564,historical_ap,volume_opex
JE-HAP-2026-08-2565,2026-08,2026-08-31,2026-08-31,6000-Operating,1000-Cash,42482,424.82,warehouse consumables 2026-08,Acme Supply Co.,,HAP-2026-08-2565,HAP-2026-08-2565,historical_ap,volume_opex
JE-HAP-2026-08-2566,2026-08,2026-08-31,2026-08-31,6000-Operating,1000-Cash,2543,25.43,security monitoring hosts 2026-08,Helios Hardware,,HAP-2026-08-2566,HAP-2026-08-2566,historical_ap,volume_opex
JE-HAP-2026-08-2567,2026-08,2026-08-31,2026-08-31,6000-Operating,1000-Cash,6154,61.54,usage overage block 2026-08,Google Cloud,,HAP-2026-08-2567,HAP-2026-08-2567,historical_ap,volume_opex
JE-HAP-2026-08-2568,2026-08,2026-08-31,2026-08-31,6000-Operating,1000-Cash,1080165,10801.65,premium support 2026-08,Dell Technologies,,HAP-2026-08-2568,HAP-2026-08-2568,historical_ap,volume_opex
JE-HAP-2026-08-2569,2026-08,2026-08-31,2026-08-31,6000-Operating,1000-Cash,10676,106.76,usage overage block 2026-08,Helios Hardware,,HAP-2026-08-2569,HAP-2026-08-2569,historical_ap,volume_opex
JE-HAP-2026-08-2570,2026-08,2026-08-31,2026-08-31,6000-Operating,1000-Cash,1620187,16201.87,premium support 2026-08,Google Cloud,,HAP-2026-08-2570,HAP-2026-08-2570,historical_ap,volume_opex
JE-HAP-2026-08-2571,2026-08,2026-08-31,2026-08-31,6000-Operating,1000-Cash,42548,425.48,warehouse consumables 2026-08,Dell Technologies,,HAP-2026-08-2571,HAP-2026-08-2571,historical_ap,volume_opex
JE-HAP-2026-08-2572,2026-08,2026-08-31,2026-08-31,6000-Operating,1000-Cash,2609,26.09,security monitoring hosts 2026-08,Shadow Vendor LLC,,HAP-2026-08-2572,HAP-2026-08-2572,historical_ap,volume_opex
JE-HAP-2026-08-2573,2026-08,2026-08-31,2026-08-31,6000-Operating,1000-Cash,6220,62.2,usage overage block 2026-08,Twilio,,HAP-2026-08-2573,HAP-2026-08-2573,historical_ap,volume_opex
JE-HAP-2026-08-2574,2026-08,2026-08-31,2026-08-31,6000-Operating,1000-Cash,1080231,10802.31,premium support 2026-08,CrowdStrike,,HAP-2026-08-2574,HAP-2026-08-2574,historical_ap,volume_opex
JE-HAP-2026-08-2575,2026-08,2026-08-31,2026-08-31,6000-Operating,1000-Cash,31042,310.42,warehouse consumables 2026-08,Northline Fab Group,,HAP-2026-08-2575,HAP-2026-08-2575,historical_ap,volume_opex
JE-HAP-2026-08-2576,2026-08,2026-08-31,2026-08-31,6000-Operating,1000-Cash,12000,120.0,security monitoring hosts 2026-08,FedEx,,HAP-2026-08-2576,HAP-2026-08-2576,historical_ap,volume_opex
JE-HAP-2026-08-2577,2026-08,2026-08-31,2026-08-31,6000-Operating,1000-Cash,1511,15.11,usage overage block 2026-08,Pagaya Coffee Service,,HAP-2026-08-2577,HAP-2026-08-2577,historical_ap,volume_opex
JE-HAP-2026-08-2578,2026-08,2026-08-31,2026-08-31,6000-Operating,1000-Cash,540022,5400.22,premium support 2026-08,Stripe Processing,,HAP-2026-08-2578,HAP-2026-08-2578,historical_ap,volume_opex
JE-HAP-2026-08-2579,2026-08,2026-08-31,2026-08-31,6000-Operating,1000-Cash,19283,192.83,warehouse consumables 2026-08,Boston Edison Steam,,HAP-2026-08-2579,HAP-2026-08-2579,historical_ap,volume_opex
JE-HAP-2026-08-2580,2026-08,2026-08-31,2026-08-31,6000-Operating,1000-Cash,8444,84.44,security monitoring hosts 2026-08,Linear App,,HAP-2026-08-2580,HAP-2026-08-2580,historical_ap,volume_opex
JE-HAP-2026-08-2581,2026-08,2026-08-31,2026-08-31,6000-Operating,1000-Cash,30855,308.55,warehouse consumables 2026-08,Stripe Processing,,HAP-2026-08-2581,HAP-2026-08-2581,historical_ap,volume_opex
JE-HAP-2026-08-2582,2026-08,2026-08-31,2026-08-31,6000-Operating,1000-Cash,12066,120.66,security monitoring hosts 2026-08,Boston Edison Steam,,HAP-2026-08-2582,HAP-2026-08-2582,historical_ap,volume_opex
JE-HAP-2026-08-2583,2026-08,2026-08-31,2026-08-31,6000-Operating,1000-Cash,1577,15.77,usage overage block 2026-08,Linear App,,HAP-2026-08-2583,HAP-2026-08-2583,historical_ap,volume_opex
JE-HAP-2026-08-2584,2026-08,2026-08-31,2026-08-31,6000-Operating,1000-Cash,540088,5400.88,premium support 2026-08,Amazon Web Services,,HAP-2026-08-2584,HAP-2026-08-2584,historical_ap,volume_opex
JE-HAP-2026-08-2585,2026-08,2026-08-31,2026-08-31,6000-Operating,1000-Cash,19349,193.49,warehouse consumables 2026-08,Datadog,,HAP-2026-08-2585,HAP-2026-08-2585,historical_ap,volume_opex
JE-HAP-2026-08-2586,2026-08,2026-08-31,2026-08-31,6000-Operating,1000-Cash,8510,85.1,security monitoring hosts 2026-08,Hartford Insurance,,HAP-2026-08-2586,HAP-2026-08-2586,historical_ap,volume_opex
JE-HAP-2026-08-2587,2026-08,2026-08-31,2026-08-31,6000-Operating,1000-Cash,13621,136.21,usage overage block 2026-08,Harbor Electric,,HAP-2026-08-2587,HAP-2026-08-2587,historical_ap,volume_opex
JE-HAP-2026-08-2588,2026-08,2026-08-31,2026-08-31,6000-Operating,1000-Cash,1980132,19801.32,premium support 2026-08,Freightline Logistics,,HAP-2026-08-2588,HAP-2026-08-2588,historical_ap,volume_opex
JE-HAP-2026-08-2589,2026-08,2026-08-31,2026-08-31,6000-Operating,1000-Cash,7843,78.43,warehouse consumables 2026-08,Notion Labs,,HAP-2026-08-2589,HAP-2026-08-2589,historical_ap,volume_opex
JE-HAP-2026-08-2590,2026-08,2026-08-31,2026-08-31,6000-Operating,1000-Cash,4954,49.54,security monitoring hosts 2026-08,Zoom Video,,HAP-2026-08-2590,HAP-2026-08-2590,historical_ap,volume_opex
JE-HAP-2026-08-2591,2026-08,2026-08-31,2026-08-31,6000-Operating,1000-Cash,9165,91.65,usage overage block 2026-08,Helios Hardware Supply,,HAP-2026-08-2591,HAP-2026-08-2591,historical_ap,volume_opex
JE-HAP-2026-08-2592,2026-08,2026-08-31,2026-08-31,6000-Operating,1000-Cash,1440176,14401.76,premium support 2026-08,ADP,,HAP-2026-08-2592,HAP-2026-08-2592,historical_ap,volume_opex
JE-HAP-2026-08-2593,2026-08,2026-08-31,2026-08-31,6000-Operating,1000-Cash,13687,136.87,usage overage block 2026-08,Zoom Video,,HAP-2026-08-2593,HAP-2026-08-2593,historical_ap,volume_opex
JE-HAP-2026-08-2594,2026-08,2026-08-31,2026-08-31,6000-Operating,1000-Cash,1980198,19801.98,premium support 2026-08,Helios Hardware Supply,,HAP-2026-08-2594,HAP-2026-08-2594,historical_ap,volume_opex
JE-HAP-2026-08-2595,2026-08,2026-08-31,2026-08-31,6000-Operating,1000-Cash,7909,79.09,warehouse consumables 2026-08,ADP,,HAP-2026-08-2595,HAP-2026-08-2595,historical_ap,volume_opex
JE-HAP-2026-08-2596,2026-08,2026-08-31,2026-08-31,6000-Operating,1000-Cash,5020,50.2,security monitoring hosts 2026-08,CleanRoom Janitorial,,HAP-2026-08-2596,HAP-2026-08-2596,historical_ap,volume_opex
JE-HAP-2026-08-2597,2026-08,2026-08-31,2026-08-31,6000-Operating,1000-Cash,9231,92.31,usage overage block 2026-08,Adyen NV,,HAP-2026-08-2597,HAP-2026-08-2597,historical_ap,volume_opex
JE-HAP-2026-08-2598,2026-08,2026-08-31,2026-08-31,6000-Operating,1000-Cash,1440242,14402.42,premium support 2026-08,Carta,,HAP-2026-08-2598,HAP-2026-08-2598,historical_ap,volume_opex
JE-HAP-2026-08-2599,2026-08,2026-08-31,2026-08-31,6000-Operating,1000-Cash,38500,385.0,warehouse consumables 2026-08,Acme Supplies,,HAP-2026-08-2599,HAP-2026-08-2599,historical_ap,volume_opex
JE-HAP-2026-08-2600,2026-08,2026-08-31,2026-08-31,6000-Operating,1000-Cash,1211,12.11,security monitoring hosts 2026-08,Northline Fabrication,,HAP-2026-08-2600,HAP-2026-08-2600,historical_ap,volume_opex
JE-HAP-2026-08-2601,2026-08,2026-08-31,2026-08-31,6000-Operating,1000-Cash,4522,45.22,usage overage block 2026-08,Slack Technologies,,HAP-2026-08-2601,HAP-2026-08-2601,historical_ap,volume_opex
JE-HAP-2026-08-2602,2026-08,2026-08-31,2026-08-31,6000-Operating,1000-Cash,900033,9000.33,premium support 2026-08,Orbit Analytics,,HAP-2026-08-2602,HAP-2026-08-2602,historical_ap,volume_opex
JE-HAP-2026-08-2603,2026-08,2026-08-31,2026-08-31,6000-Operating,1000-Cash,26994,269.94,warehouse consumables 2026-08,Lindholm & Ruiz LLP,,HAP-2026-08-2603,HAP-2026-08-2603,historical_ap,volume_opex
JE-HAP-2026-08-2604,2026-08,2026-08-31,2026-08-31,6000-Operating,1000-Cash,10855,108.55,security monitoring hosts 2026-08,Lenovo,,HAP-2026-08-2604,HAP-2026-08-2604,historical_ap,volume_opex
JE-HAP-2026-08-2605,2026-08,2026-08-31,2026-08-31,6000-Operating,1000-Cash,38566,385.66,warehouse consumables 2026-08,Orbit Analytics,,HAP-2026-08-2605,HAP-2026-08-2605,historical_ap,volume_opex
JE-HAP-2026-08-2606,2026-08,2026-08-31,2026-08-31,6000-Operating,1000-Cash,1277,12.77,security monitoring hosts 2026-08,Lindholm & Ruiz LLP,,HAP-2026-08-2606,HAP-2026-08-2606,historical_ap,volume_opex
JE-HAP-2026-08-2607,2026-08,2026-08-31,2026-08-31,6000-Operating,1000-Cash,4588,45.88,usage overage block 2026-08,Lenovo,,HAP-2026-08-2607,HAP-2026-08-2607,historical_ap,volume_opex
JE-HAP-2026-08-2608,2026-08,2026-08-31,2026-08-31,6000-Operating,1000-Cash,900099,9000.99,premium support 2026-08,Snowflake,,HAP-2026-08-2608,HAP-2026-08-2608,historical_ap,volume_opex
JE-HAP-2026-08-2609,2026-08,2026-08-31,2026-08-31,6000-Operating,1000-Cash,27060,270.6,warehouse consumables 2026-08,Atlassian,,HAP-2026-08-2609,HAP-2026-08-2609,historical_ap,volume_opex
JE-HAP-2026-08-2610,2026-08,2026-08-31,2026-08-31,6000-Operating,1000-Cash,10921,109.21,security monitoring hosts 2026-08,Harbor Power & Light,,HAP-2026-08-2610,HAP-2026-08-2610,historical_ap,volume_opex
JE-HAP-2026-08-2611,2026-08,2026-08-31,2026-08-31,6000-Operating,1000-Cash,16632,166.32,usage overage block 2026-08,WeWork Cambridge,,HAP-2026-08-2611,HAP-2026-08-2611,historical_ap,volume_opex
JE-HAP-2026-08-2612,2026-08,2026-08-31,2026-08-31,6000-Operating,1000-Cash,360143,3601.43,premium support 2026-08,Kendall Square Parking,,HAP-2026-08-2612,HAP-2026-08-2612,historical_ap,volume_opex
JE-HAP-2026-08-2613,2026-08,2026-08-31,2026-08-31,6000-Operating,1000-Cash,15554,155.54,warehouse consumables 2026-08,DocuSign,,HAP-2026-08-2613,HAP-2026-08-2613,historical_ap,volume_opex
JE-HAP-2026-08-2614,2026-08,2026-08-31,2026-08-31,6000-Operating,1000-Cash,7365,73.65,security monitoring hosts 2026-08,Gusto Payroll,,HAP-2026-08-2614,HAP-2026-08-2614,historical_ap,volume_opex
JE-HAP-2026-08-2615,2026-08,2026-08-31,2026-08-31,6000-Operating,1000-Cash,12176,121.76,usage overage block 2026-08,Acme Supplies LLC,,HAP-2026-08-2615,HAP-2026-08-2615,historical_ap,volume_opex
JE-HAP-2026-08-2616,2026-08,2026-08-31,2026-08-31,6000-Operating,1000-Cash,1800187,18001.87,premium support 2026-08,Office Depot,,HAP-2026-08-2616,HAP-2026-08-2616,historical_ap,volume_opex
JE-HAP-2026-08-2617,2026-08,2026-08-31,2026-08-31,6000-Operating,1000-Cash,16698,166.98,usage overage block 2026-08,Gusto Payroll,,HAP-2026-08-2617,HAP-2026-08-2617,historical_ap,volume_opex
JE-HAP-2026-08-2618,2026-08,2026-08-31,2026-08-31,6000-Operating,1000-Cash,360209,3602.09,premium support 2026-08,Acme Supplies LLC,,HAP-2026-08-2618,HAP-2026-08-2618,historical_ap,volume_opex
JE-HAP-2026-08-2619,2026-08,2026-08-31,2026-08-31,6000-Operating,1000-Cash,15620,156.2,warehouse consumables 2026-08,Office Depot,,HAP-2026-08-2619,HAP-2026-08-2619,historical_ap,volume_opex
JE-HAP-2026-08-2620,2026-08,2026-08-31,2026-08-31,6000-Operating,1000-Cash,7431,74.31,security monitoring hosts 2026-08,Figma,,HAP-2026-08-2620,HAP-2026-08-2620,historical_ap,volume_opex
JE-HAP-2026-08-2621,2026-08,2026-08-31,2026-08-31,6000-Operating,1000-Cash,12242,122.42,usage overage block 2026-08,Cambridge Properties,,HAP-2026-08-2621,HAP-2026-08-2621,historical_ap,volume_opex
JE-HAP-2026-08-2622,2026-08,2026-08-31,2026-08-31,6000-Operating,1000-Cash,1800000,18000.0,premium support 2026-08,GitHub,,HAP-2026-08-2622,HAP-2026-08-2622,historical_ap,volume_opex
JE-HAP-2026-08-2623,2026-08,2026-08-31,2026-08-31,6000-Operating,1000-Cash,3861,38.61,warehouse consumables 2026-08,Misc Supplies,,HAP-2026-08-2623,HAP-2026-08-2623,historical_ap,volume_opex
JE-HAP-2026-08-2624,2026-08,2026-08-31,2026-08-31,6000-Operating,1000-Cash,3622,36.22,security monitoring hosts 2026-08,Okta,,HAP-2026-08-2624,HAP-2026-08-2624,historical_ap,volume_opex
JE-HAP-2026-08-2625,2026-08,2026-08-31,2026-08-31,6000-Operating,1000-Cash,7533,75.33,usage overage block 2026-08,Cloudflare,,HAP-2026-08-2625,HAP-2026-08-2625,historical_ap,volume_opex
JE-HAP-2026-08-2626,2026-08,2026-08-31,2026-08-31,6000-Operating,1000-Cash,1260044,12600.44,premium support 2026-08,Staples Business Advantage,,HAP-2026-08-2626,HAP-2026-08-2626,historical_ap,volume_opex
JE-HAP-2026-08-2627,2026-08,2026-08-31,2026-08-31,6000-Operating,1000-Cash,34705,347.05,warehouse consumables 2026-08,Comcast Business,,HAP-2026-08-2627,HAP-2026-08-2627,historical_ap,volume_opex
JE-HAP-2026-08-2628,2026-08,2026-08-31,2026-08-31,6000-Operating,1000-Cash,13266,132.66,security monitoring hosts 2026-08,HubSpot,,HAP-2026-08-2628,HAP-2026-08-2628,historical_ap,volume_opex
JE-HAP-2026-08-2629,2026-08,2026-08-31,2026-08-31,6000-Operating,1000-Cash,3927,39.27,warehouse consumables 2026-08,Staples Business Advantage,,HAP-2026-08-2629,HAP-2026-08-2629,historical_ap,volume_opex
JE-HAP-2026-08-2630,2026-08,2026-08-31,2026-08-31,6000-Operating,1000-Cash,3688,36.88,security monitoring hosts 2026-08,Comcast Business,,HAP-2026-08-2630,HAP-2026-08-2630,historical_ap,volume_opex
JE-HAP-2026-08-2631,2026-08,2026-08-31,2026-08-31,6000-Operating,1000-Cash,7599,75.99,usage overage block 2026-08,HubSpot,,HAP-2026-08-2631,HAP-2026-08-2631,historical_ap,volume_opex
JE-HAP-2026-08-2632,2026-08,2026-08-31,2026-08-31,6000-Operating,1000-Cash,1260110,12601.1,premium support 2026-08,Palo Alto Networks,,HAP-2026-08-2632,HAP-2026-08-2632,historical_ap,volume_opex
JE-HAP-2026-08-2633,2026-08,2026-08-31,2026-08-31,6000-Operating,1000-Cash,34771,347.71,warehouse consumables 2026-08,Vanta,,HAP-2026-08-2633,HAP-2026-08-2633,historical_ap,volume_opex
JE-HAP-2026-08-2634,2026-08,2026-08-31,2026-08-31,6000-Operating,1000-Cash,13332,133.32,security monitoring hosts 2026-08,Acme Supply Co.,,HAP-2026-08-2634,HAP-2026-08-2634,historical_ap,volume_opex
JE-HAP-2026-08-2635,2026-08,2026-08-31,2026-08-31,6000-Operating,1000-Cash,3143,31.43,usage overage block 2026-08,Helios Hardware,,HAP-2026-08-2635,HAP-2026-08-2635,historical_ap,volume_opex
JE-HAP-2026-08-2636,2026-08,2026-08-31,2026-08-31,6000-Operating,1000-Cash,720154,7201.54,premium support 2026-08,Google Cloud,,HAP-2026-08-2636,HAP-2026-08-2636,historical_ap,volume_opex
JE-HAP-2026-08-2637,2026-08,2026-08-31,2026-08-31,6000-Operating,1000-Cash,23265,232.65,warehouse consumables 2026-08,Dell Technologies,,HAP-2026-08-2637,HAP-2026-08-2637,historical_ap,volume_opex
JE-HAP-2026-08-2638,2026-08,2026-08-31,2026-08-31,6000-Operating,1000-Cash,9776,97.76,security monitoring hosts 2026-08,Shadow Vendor LLC,,HAP-2026-08-2638,HAP-2026-08-2638,historical_ap,volume_opex
JE-HAP-2026-08-2639,2026-08,2026-08-31,2026-08-31,6000-Operating,1000-Cash,15187,151.87,usage overage block 2026-08,Twilio,,HAP-2026-08-2639,HAP-2026-08-2639,historical_ap,volume_opex
JE-HAP-2026-08-2640,2026-08,2026-08-31,2026-08-31,6000-Operating,1000-Cash,180198,1801.98,premium support 2026-08,CrowdStrike,,HAP-2026-08-2640,HAP-2026-08-2640,historical_ap,volume_opex
JE-TXN-REV-HIST-2025-10-01,2025-10,2025-10-31,2025-10-31,1100-AR,4000-Revenue,40000000,400000.0,2025-10 Platform,,Northwind Labs,INV-AR-HIST-2025-10-01,TXN-REV-HIST-2025-10-01,ar_invoice,volume_revenue
JE-CASH-TXN-REV-HIST-2025-10-01,2025-10,2025-10-31,2025-10-31,1000-Cash,1100-AR,40000000,400000.0,Collection INV-AR-HIST-2025-10-01,,Northwind Labs,INV-AR-HIST-2025-10-01,PAY-HIST-2025-10-01,ar_receipt,volume_cash
JE-TXN-REV-HIST-2025-10-02,2025-10,2025-10-31,2025-10-31,1100-AR,4000-Revenue,35000000,350000.0,2025-10 Usage,,Helios Analytics,INV-AR-HIST-2025-10-02,TXN-REV-HIST-2025-10-02,ar_invoice,volume_revenue
JE-CASH-TXN-REV-HIST-2025-10-02,2025-10,2025-10-31,2025-10-31,1000-Cash,1100-AR,35000000,350000.0,Collection INV-AR-HIST-2025-10-02,,Helios Analytics,INV-AR-HIST-2025-10-02,PAY-HIST-2025-10-02,ar_receipt,volume_cash
JE-TXN-REV-HIST-2025-10-03,2025-10,2025-10-31,2025-10-31,1100-AR,4000-Revenue,25000000,250000.0,2025-10 Services,,Acme Industrial,INV-AR-HIST-2025-10-03,TXN-REV-HIST-2025-10-03,ar_invoice,volume_revenue
JE-CASH-TXN-REV-HIST-2025-10-03,2025-10,2025-10-31,2025-10-31,1000-Cash,1100-AR,25000000,250000.0,Collection INV-AR-HIST-2025-10-03,,Acme Industrial,INV-AR-HIST-2025-10-03,PAY-HIST-2025-10-03,ar_receipt,volume_cash
JE-TXN-COGS-HIST-2025-10-01,2025-10,2025-10-31,2025-10-31,5100-Hosting,2000-AP,5000000,50000.0,2025-10 hosting,Amazon Web Services,,INV-COGS-HIST-2025-10-01,TXN-COGS-HIST-2025-10-01,ap_invoice,volume_cogs
JE-PAY-TXN-COGS-HIST-2025-10-01,2025-10,2025-10-31,2025-10-31,2000-AP,1000-Cash,5000000,50000.0,Settle INV-COGS-HIST-2025-10-01,Amazon Web Services,,INV-COGS-HIST-2025-10-01,PAY-TXN-COGS-HIST-2025-10-01,ap_payment,volume_cash
JE-TXN-COGS-HIST-2025-10-02,2025-10,2025-10-31,2025-10-31,5100-Hosting,2000-AP,3000000,30000.0,2025-10 hosting,Google Cloud,,INV-COGS-HIST-2025-10-02,TXN-COGS-HIST-2025-10-02,ap_invoice,volume_cogs
JE-PAY-TXN-COGS-HIST-2025-10-02,2025-10,2025-10-31,2025-10-31,2000-AP,1000-Cash,3000000,30000.0,Settle INV-COGS-HIST-2025-10-02,Google Cloud,,INV-COGS-HIST-2025-10-02,PAY-TXN-COGS-HIST-2025-10-02,ap_payment,volume_cash
JE-TXN-COGS-HIST-2025-10-03,2025-10,2025-10-31,2025-10-31,5200-Supplier,2000-AP,18000000,180000.0,2025-10 supplier,Acme Supplies,,INV-COGS-HIST-2025-10-03,TXN-COGS-HIST-2025-10-03,ap_invoice,volume_cogs
JE-PAY-TXN-COGS-HIST-2025-10-03,2025-10,2025-10-31,2025-10-31,2000-AP,1000-Cash,18000000,180000.0,Settle INV-COGS-HIST-2025-10-03,Acme Supplies,,INV-COGS-HIST-2025-10-03,PAY-TXN-COGS-HIST-2025-10-03,ap_payment,volume_cash
JE-TXN-COGS-HIST-2025-10-04,2025-10,2025-10-31,2025-10-31,5200-Supplier,2000-AP,7000000,70000.0,2025-10 supplier,Helios Hardware,,INV-COGS-HIST-2025-10-04,TXN-COGS-HIST-2025-10-04,ap_invoice,volume_cogs
JE-PAY-TXN-COGS-HIST-2025-10-04,2025-10,2025-10-31,2025-10-31,2000-AP,1000-Cash,7000000,70000.0,Settle INV-COGS-HIST-2025-10-04,Helios Hardware,,INV-COGS-HIST-2025-10-04,PAY-TXN-COGS-HIST-2025-10-04,ap_payment,volume_cash
JE-TXN-COGS-HIST-2025-10-05,2025-10,2025-10-31,2025-10-31,5300-Freight,2000-AP,2000000,20000.0,2025-10 freight,Freightline Logistics,,INV-COGS-HIST-2025-10-05,TXN-COGS-HIST-2025-10-05,ap_invoice,volume_cogs
JE-PAY-TXN-COGS-HIST-2025-10-05,2025-10,2025-10-31,2025-10-31,2000-AP,1000-Cash,2000000,20000.0,Settle INV-COGS-HIST-2025-10-05,Freightline Logistics,,INV-COGS-HIST-2025-10-05,PAY-TXN-COGS-HIST-2025-10-05,ap_payment,volume_cash
JE-TXN-COGS-HIST-2025-10-06,2025-10,2025-10-31,2025-10-31,5400-Other-COGS,2000-AP,1000000,10000.0,2025-10 unclassified,Misc Supplies,,INV-COGS-HIST-2025-10-06,TXN-COGS-HIST-2025-10-06,ap_invoice,volume_cogs
JE-PAY-TXN-COGS-HIST-2025-10-06,2025-10,2025-10-31,2025-10-31,2000-AP,1000-Cash,1000000,10000.0,Settle INV-COGS-HIST-2025-10-06,Misc Supplies,,INV-COGS-HIST-2025-10-06,PAY-TXN-COGS-HIST-2025-10-06,ap_payment,volume_cash
JE-TXN-REV-HIST-2025-11-01,2025-11,2025-11-30,2025-11-30,1100-AR,4000-Revenue,40000000,400000.0,2025-11 Platform,,Northwind Labs,INV-AR-HIST-2025-11-01,TXN-REV-HIST-2025-11-01,ar_invoice,volume_revenue
JE-CASH-TXN-REV-HIST-2025-11-01,2025-11,2025-11-30,2025-11-30,1000-Cash,1100-AR,40000000,400000.0,Collection INV-AR-HIST-2025-11-01,,Northwind Labs,INV-AR-HIST-2025-11-01,PAY-HIST-2025-11-01,ar_receipt,volume_cash
JE-TXN-REV-HIST-2025-11-02,2025-11,2025-11-30,2025-11-30,1100-AR,4000-Revenue,35000000,350000.0,2025-11 Usage,,Helios Analytics,INV-AR-HIST-2025-11-02,TXN-REV-HIST-2025-11-02,ar_invoice,volume_revenue
JE-CASH-TXN-REV-HIST-2025-11-02,2025-11,2025-11-30,2025-11-30,1000-Cash,1100-AR,35000000,350000.0,Collection INV-AR-HIST-2025-11-02,,Helios Analytics,INV-AR-HIST-2025-11-02,PAY-HIST-2025-11-02,ar_receipt,volume_cash
JE-TXN-REV-HIST-2025-11-03,2025-11,2025-11-30,2025-11-30,1100-AR,4000-Revenue,25000000,250000.0,2025-11 Services,,Acme Industrial,INV-AR-HIST-2025-11-03,TXN-REV-HIST-2025-11-03,ar_invoice,volume_revenue
JE-CASH-TXN-REV-HIST-2025-11-03,2025-11,2025-11-30,2025-11-30,1000-Cash,1100-AR,25000000,250000.0,Collection INV-AR-HIST-2025-11-03,,Acme Industrial,INV-AR-HIST-2025-11-03,PAY-HIST-2025-11-03,ar_receipt,volume_cash
JE-TXN-COGS-HIST-2025-11-01,2025-11,2025-11-30,2025-11-30,5100-Hosting,2000-AP,5000000,50000.0,2025-11 hosting,Amazon Web Services,,INV-COGS-HIST-2025-11-01,TXN-COGS-HIST-2025-11-01,ap_invoice,volume_cogs
JE-PAY-TXN-COGS-HIST-2025-11-01,2025-11,2025-11-30,2025-11-30,2000-AP,1000-Cash,5000000,50000.0,Settle INV-COGS-HIST-2025-11-01,Amazon Web Services,,INV-COGS-HIST-2025-11-01,PAY-TXN-COGS-HIST-2025-11-01,ap_payment,volume_cash
JE-TXN-COGS-HIST-2025-11-02,2025-11,2025-11-30,2025-11-30,5100-Hosting,2000-AP,3000000,30000.0,2025-11 hosting,Google Cloud,,INV-COGS-HIST-2025-11-02,TXN-COGS-HIST-2025-11-02,ap_invoice,volume_cogs
JE-PAY-TXN-COGS-HIST-2025-11-02,2025-11,2025-11-30,2025-11-30,2000-AP,1000-Cash,3000000,30000.0,Settle INV-COGS-HIST-2025-11-02,Google Cloud,,INV-COGS-HIST-2025-11-02,PAY-TXN-COGS-HIST-2025-11-02,ap_payment,volume_cash
JE-TXN-COGS-HIST-2025-11-03,2025-11,2025-11-30,2025-11-30,5200-Supplier,2000-AP,18000000,180000.0,2025-11 supplier,Acme Supplies,,INV-COGS-HIST-2025-11-03,TXN-COGS-HIST-2025-11-03,ap_invoice,volume_cogs
JE-PAY-TXN-COGS-HIST-2025-11-03,2025-11,2025-11-30,2025-11-30,2000-AP,1000-Cash,18000000,180000.0,Settle INV-COGS-HIST-2025-11-03,Acme Supplies,,INV-COGS-HIST-2025-11-03,PAY-TXN-COGS-HIST-2025-11-03,ap_payment,volume_cash
JE-TXN-COGS-HIST-2025-11-04,2025-11,2025-11-30,2025-11-30,5200-Supplier,2000-AP,7000000,70000.0,2025-11 supplier,Helios Hardware,,INV-COGS-HIST-2025-11-04,TXN-COGS-HIST-2025-11-04,ap_invoice,volume_cogs
JE-PAY-TXN-COGS-HIST-2025-11-04,2025-11,2025-11-30,2025-11-30,2000-AP,1000-Cash,7000000,70000.0,Settle INV-COGS-HIST-2025-11-04,Helios Hardware,,INV-COGS-HIST-2025-11-04,PAY-TXN-COGS-HIST-2025-11-04,ap_payment,volume_cash
JE-TXN-COGS-HIST-2025-11-05,2025-11,2025-11-30,2025-11-30,5300-Freight,2000-AP,2000000,20000.0,2025-11 freight,Freightline Logistics,,INV-COGS-HIST-2025-11-05,TXN-COGS-HIST-2025-11-05,ap_invoice,volume_cogs
JE-PAY-TXN-COGS-HIST-2025-11-05,2025-11,2025-11-30,2025-11-30,2000-AP,1000-Cash,2000000,20000.0,Settle INV-COGS-HIST-2025-11-05,Freightline Logistics,,INV-COGS-HIST-2025-11-05,PAY-TXN-COGS-HIST-2025-11-05,ap_payment,volume_cash
JE-TXN-COGS-HIST-2025-11-06,2025-11,2025-11-30,2025-11-30,5400-Other-COGS,2000-AP,1000000,10000.0,2025-11 unclassified,Misc Supplies,,INV-COGS-HIST-2025-11-06,TXN-COGS-HIST-2025-11-06,ap_invoice,volume_cogs
JE-PAY-TXN-COGS-HIST-2025-11-06,2025-11,2025-11-30,2025-11-30,2000-AP,1000-Cash,1000000,10000.0,Settle INV-COGS-HIST-2025-11-06,Misc Supplies,,INV-COGS-HIST-2025-11-06,PAY-TXN-COGS-HIST-2025-11-06,ap_payment,volume_cash
JE-TXN-REV-HIST-2025-12-01,2025-12,2025-12-31,2025-12-31,1100-AR,4000-Revenue,40000000,400000.0,2025-12 Platform,,Northwind Labs,INV-AR-HIST-2025-12-01,TXN-REV-HIST-2025-12-01,ar_invoice,volume_revenue
JE-CASH-TXN-REV-HIST-2025-12-01,2025-12,2025-12-31,2025-12-31,1000-Cash,1100-AR,40000000,400000.0,Collection INV-AR-HIST-2025-12-01,,Northwind Labs,INV-AR-HIST-2025-12-01,PAY-HIST-2025-12-01,ar_receipt,volume_cash
JE-TXN-REV-HIST-2025-12-02,2025-12,2025-12-31,2025-12-31,1100-AR,4000-Revenue,35000000,350000.0,2025-12 Usage,,Helios Analytics,INV-AR-HIST-2025-12-02,TXN-REV-HIST-2025-12-02,ar_invoice,volume_revenue
JE-CASH-TXN-REV-HIST-2025-12-02,2025-12,2025-12-31,2025-12-31,1000-Cash,1100-AR,35000000,350000.0,Collection INV-AR-HIST-2025-12-02,,Helios Analytics,INV-AR-HIST-2025-12-02,PAY-HIST-2025-12-02,ar_receipt,volume_cash
JE-TXN-REV-HIST-2025-12-03,2025-12,2025-12-31,2025-12-31,1100-AR,4000-Revenue,25000000,250000.0,2025-12 Services,,Acme Industrial,INV-AR-HIST-2025-12-03,TXN-REV-HIST-2025-12-03,ar_invoice,volume_revenue
JE-CASH-TXN-REV-HIST-2025-12-03,2025-12,2025-12-31,2025-12-31,1000-Cash,1100-AR,25000000,250000.0,Collection INV-AR-HIST-2025-12-03,,Acme Industrial,INV-AR-HIST-2025-12-03,PAY-HIST-2025-12-03,ar_receipt,volume_cash
JE-TXN-COGS-HIST-2025-12-01,2025-12,2025-12-31,2025-12-31,5100-Hosting,2000-AP,5000000,50000.0,2025-12 hosting,Amazon Web Services,,INV-COGS-HIST-2025-12-01,TXN-COGS-HIST-2025-12-01,ap_invoice,volume_cogs
JE-PAY-TXN-COGS-HIST-2025-12-01,2025-12,2025-12-31,2025-12-31,2000-AP,1000-Cash,5000000,50000.0,Settle INV-COGS-HIST-2025-12-01,Amazon Web Services,,INV-COGS-HIST-2025-12-01,PAY-TXN-COGS-HIST-2025-12-01,ap_payment,volume_cash
JE-TXN-COGS-HIST-2025-12-02,2025-12,2025-12-31,2025-12-31,5100-Hosting,2000-AP,3000000,30000.0,2025-12 hosting,Google Cloud,,INV-COGS-HIST-2025-12-02,TXN-COGS-HIST-2025-12-02,ap_invoice,volume_cogs
JE-PAY-TXN-COGS-HIST-2025-12-02,2025-12,2025-12-31,2025-12-31,2000-AP,1000-Cash,3000000,30000.0,Settle INV-COGS-HIST-2025-12-02,Google Cloud,,INV-COGS-HIST-2025-12-02,PAY-TXN-COGS-HIST-2025-12-02,ap_payment,volume_cash
JE-TXN-COGS-HIST-2025-12-03,2025-12,2025-12-31,2025-12-31,5200-Supplier,2000-AP,18000000,180000.0,2025-12 supplier,Acme Supplies,,INV-COGS-HIST-2025-12-03,TXN-COGS-HIST-2025-12-03,ap_invoice,volume_cogs
JE-PAY-TXN-COGS-HIST-2025-12-03,2025-12,2025-12-31,2025-12-31,2000-AP,1000-Cash,18000000,180000.0,Settle INV-COGS-HIST-2025-12-03,Acme Supplies,,INV-COGS-HIST-2025-12-03,PAY-TXN-COGS-HIST-2025-12-03,ap_payment,volume_cash
JE-TXN-COGS-HIST-2025-12-04,2025-12,2025-12-31,2025-12-31,5200-Supplier,2000-AP,7000000,70000.0,2025-12 supplier,Helios Hardware,,INV-COGS-HIST-2025-12-04,TXN-COGS-HIST-2025-12-04,ap_invoice,volume_cogs
JE-PAY-TXN-COGS-HIST-2025-12-04,2025-12,2025-12-31,2025-12-31,2000-AP,1000-Cash,7000000,70000.0,Settle INV-COGS-HIST-2025-12-04,Helios Hardware,,INV-COGS-HIST-2025-12-04,PAY-TXN-COGS-HIST-2025-12-04,ap_payment,volume_cash
JE-TXN-COGS-HIST-2025-12-05,2025-12,2025-12-31,2025-12-31,5300-Freight,2000-AP,2000000,20000.0,2025-12 freight,Freightline Logistics,,INV-COGS-HIST-2025-12-05,TXN-COGS-HIST-2025-12-05,ap_invoice,volume_cogs
JE-PAY-TXN-COGS-HIST-2025-12-05,2025-12,2025-12-31,2025-12-31,2000-AP,1000-Cash,2000000,20000.0,Settle INV-COGS-HIST-2025-12-05,Freightline Logistics,,INV-COGS-HIST-2025-12-05,PAY-TXN-COGS-HIST-2025-12-05,ap_payment,volume_cash
JE-TXN-COGS-HIST-2025-12-06,2025-12,2025-12-31,2025-12-31,5400-Other-COGS,2000-AP,1000000,10000.0,2025-12 unclassified,Misc Supplies,,INV-COGS-HIST-2025-12-06,TXN-COGS-HIST-2025-12-06,ap_invoice,volume_cogs
JE-PAY-TXN-COGS-HIST-2025-12-06,2025-12,2025-12-31,2025-12-31,2000-AP,1000-Cash,1000000,10000.0,Settle INV-COGS-HIST-2025-12-06,Misc Supplies,,INV-COGS-HIST-2025-12-06,PAY-TXN-COGS-HIST-2025-12-06,ap_payment,volume_cash
JE-TXN-REV-HIST-2026-01-01,2026-01,2026-01-31,2026-01-31,1100-AR,4000-Revenue,40000000,400000.0,2026-01 Platform,,Northwind Labs,INV-AR-HIST-2026-01-01,TXN-REV-HIST-2026-01-01,ar_invoice,volume_revenue
JE-CASH-TXN-REV-HIST-2026-01-01,2026-01,2026-01-31,2026-01-31,1000-Cash,1100-AR,40000000,400000.0,Collection INV-AR-HIST-2026-01-01,,Northwind Labs,INV-AR-HIST-2026-01-01,PAY-HIST-2026-01-01,ar_receipt,volume_cash
JE-TXN-REV-HIST-2026-01-02,2026-01,2026-01-31,2026-01-31,1100-AR,4000-Revenue,35000000,350000.0,2026-01 Usage,,Helios Analytics,INV-AR-HIST-2026-01-02,TXN-REV-HIST-2026-01-02,ar_invoice,volume_revenue
JE-CASH-TXN-REV-HIST-2026-01-02,2026-01,2026-01-31,2026-01-31,1000-Cash,1100-AR,35000000,350000.0,Collection INV-AR-HIST-2026-01-02,,Helios Analytics,INV-AR-HIST-2026-01-02,PAY-HIST-2026-01-02,ar_receipt,volume_cash
JE-TXN-REV-HIST-2026-01-03,2026-01,2026-01-31,2026-01-31,1100-AR,4000-Revenue,25000000,250000.0,2026-01 Services,,Acme Industrial,INV-AR-HIST-2026-01-03,TXN-REV-HIST-2026-01-03,ar_invoice,volume_revenue
JE-CASH-TXN-REV-HIST-2026-01-03,2026-01,2026-01-31,2026-01-31,1000-Cash,1100-AR,25000000,250000.0,Collection INV-AR-HIST-2026-01-03,,Acme Industrial,INV-AR-HIST-2026-01-03,PAY-HIST-2026-01-03,ar_receipt,volume_cash
JE-TXN-COGS-HIST-2026-01-01,2026-01,2026-01-31,2026-01-31,5100-Hosting,2000-AP,5000000,50000.0,2026-01 hosting,Amazon Web Services,,INV-COGS-HIST-2026-01-01,TXN-COGS-HIST-2026-01-01,ap_invoice,volume_cogs
JE-PAY-TXN-COGS-HIST-2026-01-01,2026-01,2026-01-31,2026-01-31,2000-AP,1000-Cash,5000000,50000.0,Settle INV-COGS-HIST-2026-01-01,Amazon Web Services,,INV-COGS-HIST-2026-01-01,PAY-TXN-COGS-HIST-2026-01-01,ap_payment,volume_cash
JE-TXN-COGS-HIST-2026-01-02,2026-01,2026-01-31,2026-01-31,5100-Hosting,2000-AP,3000000,30000.0,2026-01 hosting,Google Cloud,,INV-COGS-HIST-2026-01-02,TXN-COGS-HIST-2026-01-02,ap_invoice,volume_cogs
JE-PAY-TXN-COGS-HIST-2026-01-02,2026-01,2026-01-31,2026-01-31,2000-AP,1000-Cash,3000000,30000.0,Settle INV-COGS-HIST-2026-01-02,Google Cloud,,INV-COGS-HIST-2026-01-02,PAY-TXN-COGS-HIST-2026-01-02,ap_payment,volume_cash
JE-TXN-COGS-HIST-2026-01-03,2026-01,2026-01-31,2026-01-31,5200-Supplier,2000-AP,18000000,180000.0,2026-01 supplier,Acme Supplies,,INV-COGS-HIST-2026-01-03,TXN-COGS-HIST-2026-01-03,ap_invoice,volume_cogs
JE-PAY-TXN-COGS-HIST-2026-01-03,2026-01,2026-01-31,2026-01-31,2000-AP,1000-Cash,18000000,180000.0,Settle INV-COGS-HIST-2026-01-03,Acme Supplies,,INV-COGS-HIST-2026-01-03,PAY-TXN-COGS-HIST-2026-01-03,ap_payment,volume_cash
JE-TXN-COGS-HIST-2026-01-04,2026-01,2026-01-31,2026-01-31,5200-Supplier,2000-AP,7000000,70000.0,2026-01 supplier,Helios Hardware,,INV-COGS-HIST-2026-01-04,TXN-COGS-HIST-2026-01-04,ap_invoice,volume_cogs
JE-PAY-TXN-COGS-HIST-2026-01-04,2026-01,2026-01-31,2026-01-31,2000-AP,1000-Cash,7000000,70000.0,Settle INV-COGS-HIST-2026-01-04,Helios Hardware,,INV-COGS-HIST-2026-01-04,PAY-TXN-COGS-HIST-2026-01-04,ap_payment,volume_cash
JE-TXN-COGS-HIST-2026-01-05,2026-01,2026-01-31,2026-01-31,5300-Freight,2000-AP,2000000,20000.0,2026-01 freight,Freightline Logistics,,INV-COGS-HIST-2026-01-05,TXN-COGS-HIST-2026-01-05,ap_invoice,volume_cogs
JE-PAY-TXN-COGS-HIST-2026-01-05,2026-01,2026-01-31,2026-01-31,2000-AP,1000-Cash,2000000,20000.0,Settle INV-COGS-HIST-2026-01-05,Freightline Logistics,,INV-COGS-HIST-2026-01-05,PAY-TXN-COGS-HIST-2026-01-05,ap_payment,volume_cash
JE-TXN-COGS-HIST-2026-01-06,2026-01,2026-01-31,2026-01-31,5400-Other-COGS,2000-AP,1000000,10000.0,2026-01 unclassified,Misc Supplies,,INV-COGS-HIST-2026-01-06,TXN-COGS-HIST-2026-01-06,ap_invoice,volume_cogs
JE-PAY-TXN-COGS-HIST-2026-01-06,2026-01,2026-01-31,2026-01-31,2000-AP,1000-Cash,1000000,10000.0,Settle INV-COGS-HIST-2026-01-06,Misc Supplies,,INV-COGS-HIST-2026-01-06,PAY-TXN-COGS-HIST-2026-01-06,ap_payment,volume_cash
JE-TXN-REV-HIST-2026-02-01,2026-02,2026-02-28,2026-02-28,1100-AR,4000-Revenue,40000000,400000.0,2026-02 Platform,,Northwind Labs,INV-AR-HIST-2026-02-01,TXN-REV-HIST-2026-02-01,ar_invoice,volume_revenue
JE-CASH-TXN-REV-HIST-2026-02-01,2026-02,2026-02-28,2026-02-28,1000-Cash,1100-AR,40000000,400000.0,Collection INV-AR-HIST-2026-02-01,,Northwind Labs,INV-AR-HIST-2026-02-01,PAY-HIST-2026-02-01,ar_receipt,volume_cash
JE-TXN-REV-HIST-2026-02-02,2026-02,2026-02-28,2026-02-28,1100-AR,4000-Revenue,35000000,350000.0,2026-02 Usage,,Helios Analytics,INV-AR-HIST-2026-02-02,TXN-REV-HIST-2026-02-02,ar_invoice,volume_revenue
JE-CASH-TXN-REV-HIST-2026-02-02,2026-02,2026-02-28,2026-02-28,1000-Cash,1100-AR,35000000,350000.0,Collection INV-AR-HIST-2026-02-02,,Helios Analytics,INV-AR-HIST-2026-02-02,PAY-HIST-2026-02-02,ar_receipt,volume_cash
JE-TXN-REV-HIST-2026-02-03,2026-02,2026-02-28,2026-02-28,1100-AR,4000-Revenue,25000000,250000.0,2026-02 Services,,Acme Industrial,INV-AR-HIST-2026-02-03,TXN-REV-HIST-2026-02-03,ar_invoice,volume_revenue
JE-CASH-TXN-REV-HIST-2026-02-03,2026-02,2026-02-28,2026-02-28,1000-Cash,1100-AR,25000000,250000.0,Collection INV-AR-HIST-2026-02-03,,Acme Industrial,INV-AR-HIST-2026-02-03,PAY-HIST-2026-02-03,ar_receipt,volume_cash
JE-TXN-COGS-HIST-2026-02-01,2026-02,2026-02-28,2026-02-28,5100-Hosting,2000-AP,5000000,50000.0,2026-02 hosting,Amazon Web Services,,INV-COGS-HIST-2026-02-01,TXN-COGS-HIST-2026-02-01,ap_invoice,volume_cogs
JE-PAY-TXN-COGS-HIST-2026-02-01,2026-02,2026-02-28,2026-02-28,2000-AP,1000-Cash,5000000,50000.0,Settle INV-COGS-HIST-2026-02-01,Amazon Web Services,,INV-COGS-HIST-2026-02-01,PAY-TXN-COGS-HIST-2026-02-01,ap_payment,volume_cash
JE-TXN-COGS-HIST-2026-02-02,2026-02,2026-02-28,2026-02-28,5100-Hosting,2000-AP,3000000,30000.0,2026-02 hosting,Google Cloud,,INV-COGS-HIST-2026-02-02,TXN-COGS-HIST-2026-02-02,ap_invoice,volume_cogs
JE-PAY-TXN-COGS-HIST-2026-02-02,2026-02,2026-02-28,2026-02-28,2000-AP,1000-Cash,3000000,30000.0,Settle INV-COGS-HIST-2026-02-02,Google Cloud,,INV-COGS-HIST-2026-02-02,PAY-TXN-COGS-HIST-2026-02-02,ap_payment,volume_cash
JE-TXN-COGS-HIST-2026-02-03,2026-02,2026-02-28,2026-02-28,5200-Supplier,2000-AP,18000000,180000.0,2026-02 supplier,Acme Supplies,,INV-COGS-HIST-2026-02-03,TXN-COGS-HIST-2026-02-03,ap_invoice,volume_cogs
JE-PAY-TXN-COGS-HIST-2026-02-03,2026-02,2026-02-28,2026-02-28,2000-AP,1000-Cash,18000000,180000.0,Settle INV-COGS-HIST-2026-02-03,Acme Supplies,,INV-COGS-HIST-2026-02-03,PAY-TXN-COGS-HIST-2026-02-03,ap_payment,volume_cash
JE-TXN-COGS-HIST-2026-02-04,2026-02,2026-02-28,2026-02-28,5200-Supplier,2000-AP,7000000,70000.0,2026-02 supplier,Helios Hardware,,INV-COGS-HIST-2026-02-04,TXN-COGS-HIST-2026-02-04,ap_invoice,volume_cogs
JE-PAY-TXN-COGS-HIST-2026-02-04,2026-02,2026-02-28,2026-02-28,2000-AP,1000-Cash,7000000,70000.0,Settle INV-COGS-HIST-2026-02-04,Helios Hardware,,INV-COGS-HIST-2026-02-04,PAY-TXN-COGS-HIST-2026-02-04,ap_payment,volume_cash
JE-TXN-COGS-HIST-2026-02-05,2026-02,2026-02-28,2026-02-28,5300-Freight,2000-AP,2000000,20000.0,2026-02 freight,Freightline Logistics,,INV-COGS-HIST-2026-02-05,TXN-COGS-HIST-2026-02-05,ap_invoice,volume_cogs
JE-PAY-TXN-COGS-HIST-2026-02-05,2026-02,2026-02-28,2026-02-28,2000-AP,1000-Cash,2000000,20000.0,Settle INV-COGS-HIST-2026-02-05,Freightline Logistics,,INV-COGS-HIST-2026-02-05,PAY-TXN-COGS-HIST-2026-02-05,ap_payment,volume_cash
JE-TXN-COGS-HIST-2026-02-06,2026-02,2026-02-28,2026-02-28,5400-Other-COGS,2000-AP,1000000,10000.0,2026-02 unclassified,Misc Supplies,,INV-COGS-HIST-2026-02-06,TXN-COGS-HIST-2026-02-06,ap_invoice,volume_cogs
JE-PAY-TXN-COGS-HIST-2026-02-06,2026-02,2026-02-28,2026-02-28,2000-AP,1000-Cash,1000000,10000.0,Settle INV-COGS-HIST-2026-02-06,Misc Supplies,,INV-COGS-HIST-2026-02-06,PAY-TXN-COGS-HIST-2026-02-06,ap_payment,volume_cash
JE-TXN-REV-HIST-2026-03-01,2026-03,2026-03-31,2026-03-31,1100-AR,4000-Revenue,40000000,400000.0,2026-03 Platform,,Northwind Labs,INV-AR-HIST-2026-03-01,TXN-REV-HIST-2026-03-01,ar_invoice,volume_revenue
JE-CASH-TXN-REV-HIST-2026-03-01,2026-03,2026-03-31,2026-03-31,1000-Cash,1100-AR,40000000,400000.0,Collection INV-AR-HIST-2026-03-01,,Northwind Labs,INV-AR-HIST-2026-03-01,PAY-HIST-2026-03-01,ar_receipt,volume_cash
JE-TXN-REV-HIST-2026-03-02,2026-03,2026-03-31,2026-03-31,1100-AR,4000-Revenue,35000000,350000.0,2026-03 Usage,,Helios Analytics,INV-AR-HIST-2026-03-02,TXN-REV-HIST-2026-03-02,ar_invoice,volume_revenue
JE-CASH-TXN-REV-HIST-2026-03-02,2026-03,2026-03-31,2026-03-31,1000-Cash,1100-AR,35000000,350000.0,Collection INV-AR-HIST-2026-03-02,,Helios Analytics,INV-AR-HIST-2026-03-02,PAY-HIST-2026-03-02,ar_receipt,volume_cash
JE-TXN-REV-HIST-2026-03-03,2026-03,2026-03-31,2026-03-31,1100-AR,4000-Revenue,25000000,250000.0,2026-03 Services,,Acme Industrial,INV-AR-HIST-2026-03-03,TXN-REV-HIST-2026-03-03,ar_invoice,volume_revenue
JE-CASH-TXN-REV-HIST-2026-03-03,2026-03,2026-03-31,2026-03-31,1000-Cash,1100-AR,25000000,250000.0,Collection INV-AR-HIST-2026-03-03,,Acme Industrial,INV-AR-HIST-2026-03-03,PAY-HIST-2026-03-03,ar_receipt,volume_cash
JE-TXN-COGS-HIST-2026-03-01,2026-03,2026-03-31,2026-03-31,5100-Hosting,2000-AP,5000000,50000.0,2026-03 hosting,Amazon Web Services,,INV-COGS-HIST-2026-03-01,TXN-COGS-HIST-2026-03-01,ap_invoice,volume_cogs
JE-PAY-TXN-COGS-HIST-2026-03-01,2026-03,2026-03-31,2026-03-31,2000-AP,1000-Cash,5000000,50000.0,Settle INV-COGS-HIST-2026-03-01,Amazon Web Services,,INV-COGS-HIST-2026-03-01,PAY-TXN-COGS-HIST-2026-03-01,ap_payment,volume_cash
JE-TXN-COGS-HIST-2026-03-02,2026-03,2026-03-31,2026-03-31,5100-Hosting,2000-AP,3000000,30000.0,2026-03 hosting,Google Cloud,,INV-COGS-HIST-2026-03-02,TXN-COGS-HIST-2026-03-02,ap_invoice,volume_cogs
JE-PAY-TXN-COGS-HIST-2026-03-02,2026-03,2026-03-31,2026-03-31,2000-AP,1000-Cash,3000000,30000.0,Settle INV-COGS-HIST-2026-03-02,Google Cloud,,INV-COGS-HIST-2026-03-02,PAY-TXN-COGS-HIST-2026-03-02,ap_payment,volume_cash
JE-TXN-COGS-HIST-2026-03-03,2026-03,2026-03-31,2026-03-31,5200-Supplier,2000-AP,18000000,180000.0,2026-03 supplier,Acme Supplies,,INV-COGS-HIST-2026-03-03,TXN-COGS-HIST-2026-03-03,ap_invoice,volume_cogs
JE-PAY-TXN-COGS-HIST-2026-03-03,2026-03,2026-03-31,2026-03-31,2000-AP,1000-Cash,18000000,180000.0,Settle INV-COGS-HIST-2026-03-03,Acme Supplies,,INV-COGS-HIST-2026-03-03,PAY-TXN-COGS-HIST-2026-03-03,ap_payment,volume_cash
JE-TXN-COGS-HIST-2026-03-04,2026-03,2026-03-31,2026-03-31,5200-Supplier,2000-AP,7000000,70000.0,2026-03 supplier,Helios Hardware,,INV-COGS-HIST-2026-03-04,TXN-COGS-HIST-2026-03-04,ap_invoice,volume_cogs
JE-PAY-TXN-COGS-HIST-2026-03-04,2026-03,2026-03-31,2026-03-31,2000-AP,1000-Cash,7000000,70000.0,Settle INV-COGS-HIST-2026-03-04,Helios Hardware,,INV-COGS-HIST-2026-03-04,PAY-TXN-COGS-HIST-2026-03-04,ap_payment,volume_cash
JE-TXN-COGS-HIST-2026-03-05,2026-03,2026-03-31,2026-03-31,5300-Freight,2000-AP,2000000,20000.0,2026-03 freight,Freightline Logistics,,INV-COGS-HIST-2026-03-05,TXN-COGS-HIST-2026-03-05,ap_invoice,volume_cogs
JE-PAY-TXN-COGS-HIST-2026-03-05,2026-03,2026-03-31,2026-03-31,2000-AP,1000-Cash,2000000,20000.0,Settle INV-COGS-HIST-2026-03-05,Freightline Logistics,,INV-COGS-HIST-2026-03-05,PAY-TXN-COGS-HIST-2026-03-05,ap_payment,volume_cash
JE-TXN-COGS-HIST-2026-03-06,2026-03,2026-03-31,2026-03-31,5400-Other-COGS,2000-AP,1000000,10000.0,2026-03 unclassified,Misc Supplies,,INV-COGS-HIST-2026-03-06,TXN-COGS-HIST-2026-03-06,ap_invoice,volume_cogs
JE-PAY-TXN-COGS-HIST-2026-03-06,2026-03,2026-03-31,2026-03-31,2000-AP,1000-Cash,1000000,10000.0,Settle INV-COGS-HIST-2026-03-06,Misc Supplies,,INV-COGS-HIST-2026-03-06,PAY-TXN-COGS-HIST-2026-03-06,ap_payment,volume_cash
JE-TXN-REV-HIST-2026-04-01,2026-04,2026-04-30,2026-04-30,1100-AR,4000-Revenue,40000000,400000.0,2026-04 Platform,,Northwind Labs,INV-AR-HIST-2026-04-01,TXN-REV-HIST-2026-04-01,ar_invoice,volume_revenue
JE-CASH-TXN-REV-HIST-2026-04-01,2026-04,2026-04-30,2026-04-30,1000-Cash,1100-AR,40000000,400000.0,Collection INV-AR-HIST-2026-04-01,,Northwind Labs,INV-AR-HIST-2026-04-01,PAY-HIST-2026-04-01,ar_receipt,volume_cash
JE-TXN-REV-HIST-2026-04-02,2026-04,2026-04-30,2026-04-30,1100-AR,4000-Revenue,35000000,350000.0,2026-04 Usage,,Helios Analytics,INV-AR-HIST-2026-04-02,TXN-REV-HIST-2026-04-02,ar_invoice,volume_revenue
JE-CASH-TXN-REV-HIST-2026-04-02,2026-04,2026-04-30,2026-04-30,1000-Cash,1100-AR,35000000,350000.0,Collection INV-AR-HIST-2026-04-02,,Helios Analytics,INV-AR-HIST-2026-04-02,PAY-HIST-2026-04-02,ar_receipt,volume_cash
JE-TXN-REV-HIST-2026-04-03,2026-04,2026-04-30,2026-04-30,1100-AR,4000-Revenue,25000000,250000.0,2026-04 Services,,Acme Industrial,INV-AR-HIST-2026-04-03,TXN-REV-HIST-2026-04-03,ar_invoice,volume_revenue
JE-CASH-TXN-REV-HIST-2026-04-03,2026-04,2026-04-30,2026-04-30,1000-Cash,1100-AR,25000000,250000.0,Collection INV-AR-HIST-2026-04-03,,Acme Industrial,INV-AR-HIST-2026-04-03,PAY-HIST-2026-04-03,ar_receipt,volume_cash
JE-TXN-COGS-HIST-2026-04-01,2026-04,2026-04-30,2026-04-30,5100-Hosting,2000-AP,5000000,50000.0,2026-04 hosting,Amazon Web Services,,INV-COGS-HIST-2026-04-01,TXN-COGS-HIST-2026-04-01,ap_invoice,volume_cogs
JE-PAY-TXN-COGS-HIST-2026-04-01,2026-04,2026-04-30,2026-04-30,2000-AP,1000-Cash,5000000,50000.0,Settle INV-COGS-HIST-2026-04-01,Amazon Web Services,,INV-COGS-HIST-2026-04-01,PAY-TXN-COGS-HIST-2026-04-01,ap_payment,volume_cash
JE-TXN-COGS-HIST-2026-04-02,2026-04,2026-04-30,2026-04-30,5100-Hosting,2000-AP,3000000,30000.0,2026-04 hosting,Google Cloud,,INV-COGS-HIST-2026-04-02,TXN-COGS-HIST-2026-04-02,ap_invoice,volume_cogs
JE-PAY-TXN-COGS-HIST-2026-04-02,2026-04,2026-04-30,2026-04-30,2000-AP,1000-Cash,3000000,30000.0,Settle INV-COGS-HIST-2026-04-02,Google Cloud,,INV-COGS-HIST-2026-04-02,PAY-TXN-COGS-HIST-2026-04-02,ap_payment,volume_cash
JE-TXN-COGS-HIST-2026-04-03,2026-04,2026-04-30,2026-04-30,5200-Supplier,2000-AP,18000000,180000.0,2026-04 supplier,Acme Supplies,,INV-COGS-HIST-2026-04-03,TXN-COGS-HIST-2026-04-03,ap_invoice,volume_cogs
JE-PAY-TXN-COGS-HIST-2026-04-03,2026-04,2026-04-30,2026-04-30,2000-AP,1000-Cash,18000000,180000.0,Settle INV-COGS-HIST-2026-04-03,Acme Supplies,,INV-COGS-HIST-2026-04-03,PAY-TXN-COGS-HIST-2026-04-03,ap_payment,volume_cash
JE-TXN-COGS-HIST-2026-04-04,2026-04,2026-04-30,2026-04-30,5200-Supplier,2000-AP,7000000,70000.0,2026-04 supplier,Helios Hardware,,INV-COGS-HIST-2026-04-04,TXN-COGS-HIST-2026-04-04,ap_invoice,volume_cogs
JE-PAY-TXN-COGS-HIST-2026-04-04,2026-04,2026-04-30,2026-04-30,2000-AP,1000-Cash,7000000,70000.0,Settle INV-COGS-HIST-2026-04-04,Helios Hardware,,INV-COGS-HIST-2026-04-04,PAY-TXN-COGS-HIST-2026-04-04,ap_payment,volume_cash
JE-TXN-COGS-HIST-2026-04-05,2026-04,2026-04-30,2026-04-30,5300-Freight,2000-AP,2000000,20000.0,2026-04 freight,Freightline Logistics,,INV-COGS-HIST-2026-04-05,TXN-COGS-HIST-2026-04-05,ap_invoice,volume_cogs
JE-PAY-TXN-COGS-HIST-2026-04-05,2026-04,2026-04-30,2026-04-30,2000-AP,1000-Cash,2000000,20000.0,Settle INV-COGS-HIST-2026-04-05,Freightline Logistics,,INV-COGS-HIST-2026-04-05,PAY-TXN-COGS-HIST-2026-04-05,ap_payment,volume_cash
JE-TXN-COGS-HIST-2026-04-06,2026-04,2026-04-30,2026-04-30,5400-Other-COGS,2000-AP,1000000,10000.0,2026-04 unclassified,Misc Supplies,,INV-COGS-HIST-2026-04-06,TXN-COGS-HIST-2026-04-06,ap_invoice,volume_cogs
JE-PAY-TXN-COGS-HIST-2026-04-06,2026-04,2026-04-30,2026-04-30,2000-AP,1000-Cash,1000000,10000.0,Settle INV-COGS-HIST-2026-04-06,Misc Supplies,,INV-COGS-HIST-2026-04-06,PAY-TXN-COGS-HIST-2026-04-06,ap_payment,volume_cash
JE-TXN-REV-HIST-2026-05-01,2026-05,2026-05-31,2026-05-31,1100-AR,4000-Revenue,40000000,400000.0,2026-05 Platform,,Northwind Labs,INV-AR-HIST-2026-05-01,TXN-REV-HIST-2026-05-01,ar_invoice,volume_revenue
JE-CASH-TXN-REV-HIST-2026-05-01,2026-05,2026-05-31,2026-05-31,1000-Cash,1100-AR,40000000,400000.0,Collection INV-AR-HIST-2026-05-01,,Northwind Labs,INV-AR-HIST-2026-05-01,PAY-HIST-2026-05-01,ar_receipt,volume_cash
JE-TXN-REV-HIST-2026-05-02,2026-05,2026-05-31,2026-05-31,1100-AR,4000-Revenue,35000000,350000.0,2026-05 Usage,,Helios Analytics,INV-AR-HIST-2026-05-02,TXN-REV-HIST-2026-05-02,ar_invoice,volume_revenue
JE-CASH-TXN-REV-HIST-2026-05-02,2026-05,2026-05-31,2026-05-31,1000-Cash,1100-AR,35000000,350000.0,Collection INV-AR-HIST-2026-05-02,,Helios Analytics,INV-AR-HIST-2026-05-02,PAY-HIST-2026-05-02,ar_receipt,volume_cash
JE-TXN-REV-HIST-2026-05-03,2026-05,2026-05-31,2026-05-31,1100-AR,4000-Revenue,25000000,250000.0,2026-05 Services,,Acme Industrial,INV-AR-HIST-2026-05-03,TXN-REV-HIST-2026-05-03,ar_invoice,volume_revenue
JE-CASH-TXN-REV-HIST-2026-05-03,2026-05,2026-05-31,2026-05-31,1000-Cash,1100-AR,25000000,250000.0,Collection INV-AR-HIST-2026-05-03,,Acme Industrial,INV-AR-HIST-2026-05-03,PAY-HIST-2026-05-03,ar_receipt,volume_cash
JE-TXN-COGS-HIST-2026-05-01,2026-05,2026-05-31,2026-05-31,5100-Hosting,2000-AP,5000000,50000.0,2026-05 hosting,Amazon Web Services,,INV-COGS-HIST-2026-05-01,TXN-COGS-HIST-2026-05-01,ap_invoice,volume_cogs
JE-PAY-TXN-COGS-HIST-2026-05-01,2026-05,2026-05-31,2026-05-31,2000-AP,1000-Cash,5000000,50000.0,Settle INV-COGS-HIST-2026-05-01,Amazon Web Services,,INV-COGS-HIST-2026-05-01,PAY-TXN-COGS-HIST-2026-05-01,ap_payment,volume_cash
JE-TXN-COGS-HIST-2026-05-02,2026-05,2026-05-31,2026-05-31,5100-Hosting,2000-AP,3000000,30000.0,2026-05 hosting,Google Cloud,,INV-COGS-HIST-2026-05-02,TXN-COGS-HIST-2026-05-02,ap_invoice,volume_cogs
JE-PAY-TXN-COGS-HIST-2026-05-02,2026-05,2026-05-31,2026-05-31,2000-AP,1000-Cash,3000000,30000.0,Settle INV-COGS-HIST-2026-05-02,Google Cloud,,INV-COGS-HIST-2026-05-02,PAY-TXN-COGS-HIST-2026-05-02,ap_payment,volume_cash
JE-TXN-COGS-HIST-2026-05-03,2026-05,2026-05-31,2026-05-31,5200-Supplier,2000-AP,18000000,180000.0,2026-05 supplier,Acme Supplies,,INV-COGS-HIST-2026-05-03,TXN-COGS-HIST-2026-05-03,ap_invoice,volume_cogs
JE-PAY-TXN-COGS-HIST-2026-05-03,2026-05,2026-05-31,2026-05-31,2000-AP,1000-Cash,18000000,180000.0,Settle INV-COGS-HIST-2026-05-03,Acme Supplies,,INV-COGS-HIST-2026-05-03,PAY-TXN-COGS-HIST-2026-05-03,ap_payment,volume_cash
JE-TXN-COGS-HIST-2026-05-04,2026-05,2026-05-31,2026-05-31,5200-Supplier,2000-AP,7000000,70000.0,2026-05 supplier,Helios Hardware,,INV-COGS-HIST-2026-05-04,TXN-COGS-HIST-2026-05-04,ap_invoice,volume_cogs
JE-PAY-TXN-COGS-HIST-2026-05-04,2026-05,2026-05-31,2026-05-31,2000-AP,1000-Cash,7000000,70000.0,Settle INV-COGS-HIST-2026-05-04,Helios Hardware,,INV-COGS-HIST-2026-05-04,PAY-TXN-COGS-HIST-2026-05-04,ap_payment,volume_cash
JE-TXN-COGS-HIST-2026-05-05,2026-05,2026-05-31,2026-05-31,5300-Freight,2000-AP,2000000,20000.0,2026-05 freight,Freightline Logistics,,INV-COGS-HIST-2026-05-05,TXN-COGS-HIST-2026-05-05,ap_invoice,volume_cogs
JE-PAY-TXN-COGS-HIST-2026-05-05,2026-05,2026-05-31,2026-05-31,2000-AP,1000-Cash,2000000,20000.0,Settle INV-COGS-HIST-2026-05-05,Freightline Logistics,,INV-COGS-HIST-2026-05-05,PAY-TXN-COGS-HIST-2026-05-05,ap_payment,volume_cash
JE-TXN-COGS-HIST-2026-05-06,2026-05,2026-05-31,2026-05-31,5400-Other-COGS,2000-AP,1000000,10000.0,2026-05 unclassified,Misc Supplies,,INV-COGS-HIST-2026-05-06,TXN-COGS-HIST-2026-05-06,ap_invoice,volume_cogs
JE-PAY-TXN-COGS-HIST-2026-05-06,2026-05,2026-05-31,2026-05-31,2000-AP,1000-Cash,1000000,10000.0,Settle INV-COGS-HIST-2026-05-06,Misc Supplies,,INV-COGS-HIST-2026-05-06,PAY-TXN-COGS-HIST-2026-05-06,ap_payment,volume_cash
JE-TXN-REV-HIST-2026-06-01,2026-06,2026-06-30,2026-06-30,1100-AR,4000-Revenue,40000000,400000.0,2026-06 Platform,,Northwind Labs,INV-AR-HIST-2026-06-01,TXN-REV-HIST-2026-06-01,ar_invoice,volume_revenue
JE-CASH-TXN-REV-HIST-2026-06-01,2026-06,2026-06-30,2026-06-30,1000-Cash,1100-AR,40000000,400000.0,Collection INV-AR-HIST-2026-06-01,,Northwind Labs,INV-AR-HIST-2026-06-01,PAY-HIST-2026-06-01,ar_receipt,volume_cash
JE-TXN-REV-HIST-2026-06-02,2026-06,2026-06-30,2026-06-30,1100-AR,4000-Revenue,35000000,350000.0,2026-06 Usage,,Helios Analytics,INV-AR-HIST-2026-06-02,TXN-REV-HIST-2026-06-02,ar_invoice,volume_revenue
JE-CASH-TXN-REV-HIST-2026-06-02,2026-06,2026-06-30,2026-06-30,1000-Cash,1100-AR,35000000,350000.0,Collection INV-AR-HIST-2026-06-02,,Helios Analytics,INV-AR-HIST-2026-06-02,PAY-HIST-2026-06-02,ar_receipt,volume_cash
JE-TXN-REV-HIST-2026-06-03,2026-06,2026-06-30,2026-06-30,1100-AR,4000-Revenue,25000000,250000.0,2026-06 Services,,Acme Industrial,INV-AR-HIST-2026-06-03,TXN-REV-HIST-2026-06-03,ar_invoice,volume_revenue
JE-CASH-TXN-REV-HIST-2026-06-03,2026-06,2026-06-30,2026-06-30,1000-Cash,1100-AR,25000000,250000.0,Collection INV-AR-HIST-2026-06-03,,Acme Industrial,INV-AR-HIST-2026-06-03,PAY-HIST-2026-06-03,ar_receipt,volume_cash
JE-TXN-COGS-HIST-2026-06-01,2026-06,2026-06-30,2026-06-30,5100-Hosting,2000-AP,5000000,50000.0,2026-06 hosting,Amazon Web Services,,INV-COGS-HIST-2026-06-01,TXN-COGS-HIST-2026-06-01,ap_invoice,volume_cogs
JE-PAY-TXN-COGS-HIST-2026-06-01,2026-06,2026-06-30,2026-06-30,2000-AP,1000-Cash,5000000,50000.0,Settle INV-COGS-HIST-2026-06-01,Amazon Web Services,,INV-COGS-HIST-2026-06-01,PAY-TXN-COGS-HIST-2026-06-01,ap_payment,volume_cash
JE-TXN-COGS-HIST-2026-06-02,2026-06,2026-06-30,2026-06-30,5100-Hosting,2000-AP,3000000,30000.0,2026-06 hosting,Google Cloud,,INV-COGS-HIST-2026-06-02,TXN-COGS-HIST-2026-06-02,ap_invoice,volume_cogs
JE-PAY-TXN-COGS-HIST-2026-06-02,2026-06,2026-06-30,2026-06-30,2000-AP,1000-Cash,3000000,30000.0,Settle INV-COGS-HIST-2026-06-02,Google Cloud,,INV-COGS-HIST-2026-06-02,PAY-TXN-COGS-HIST-2026-06-02,ap_payment,volume_cash
JE-TXN-COGS-HIST-2026-06-03,2026-06,2026-06-30,2026-06-30,5200-Supplier,2000-AP,18000000,180000.0,2026-06 supplier,Acme Supplies,,INV-COGS-HIST-2026-06-03,TXN-COGS-HIST-2026-06-03,ap_invoice,volume_cogs
JE-PAY-TXN-COGS-HIST-2026-06-03,2026-06,2026-06-30,2026-06-30,2000-AP,1000-Cash,18000000,180000.0,Settle INV-COGS-HIST-2026-06-03,Acme Supplies,,INV-COGS-HIST-2026-06-03,PAY-TXN-COGS-HIST-2026-06-03,ap_payment,volume_cash
JE-TXN-COGS-HIST-2026-06-04,2026-06,2026-06-30,2026-06-30,5200-Supplier,2000-AP,7000000,70000.0,2026-06 supplier,Helios Hardware,,INV-COGS-HIST-2026-06-04,TXN-COGS-HIST-2026-06-04,ap_invoice,volume_cogs
JE-PAY-TXN-COGS-HIST-2026-06-04,2026-06,2026-06-30,2026-06-30,2000-AP,1000-Cash,7000000,70000.0,Settle INV-COGS-HIST-2026-06-04,Helios Hardware,,INV-COGS-HIST-2026-06-04,PAY-TXN-COGS-HIST-2026-06-04,ap_payment,volume_cash
JE-TXN-COGS-HIST-2026-06-05,2026-06,2026-06-30,2026-06-30,5300-Freight,2000-AP,2000000,20000.0,2026-06 freight,Freightline Logistics,,INV-COGS-HIST-2026-06-05,TXN-COGS-HIST-2026-06-05,ap_invoice,volume_cogs
JE-PAY-TXN-COGS-HIST-2026-06-05,2026-06,2026-06-30,2026-06-30,2000-AP,1000-Cash,2000000,20000.0,Settle INV-COGS-HIST-2026-06-05,Freightline Logistics,,INV-COGS-HIST-2026-06-05,PAY-TXN-COGS-HIST-2026-06-05,ap_payment,volume_cash
JE-TXN-COGS-HIST-2026-06-06,2026-06,2026-06-30,2026-06-30,5400-Other-COGS,2000-AP,1000000,10000.0,2026-06 unclassified,Misc Supplies,,INV-COGS-HIST-2026-06-06,TXN-COGS-HIST-2026-06-06,ap_invoice,volume_cogs
JE-PAY-TXN-COGS-HIST-2026-06-06,2026-06,2026-06-30,2026-06-30,2000-AP,1000-Cash,1000000,10000.0,Settle INV-COGS-HIST-2026-06-06,Misc Supplies,,INV-COGS-HIST-2026-06-06,PAY-TXN-COGS-HIST-2026-06-06,ap_payment,volume_cash
JE-TXN-REV-HIST-2026-07-01,2026-07,2026-07-31,2026-07-31,1100-AR,4000-Revenue,40000000,400000.0,2026-07 Platform,,Northwind Labs,INV-AR-HIST-2026-07-01,TXN-REV-HIST-2026-07-01,ar_invoice,volume_revenue
JE-CASH-TXN-REV-HIST-2026-07-01,2026-07,2026-07-31,2026-07-31,1000-Cash,1100-AR,40000000,400000.0,Collection INV-AR-HIST-2026-07-01,,Northwind Labs,INV-AR-HIST-2026-07-01,PAY-HIST-2026-07-01,ar_receipt,volume_cash
JE-TXN-REV-HIST-2026-07-02,2026-07,2026-07-31,2026-07-31,1100-AR,4000-Revenue,35000000,350000.0,2026-07 Usage,,Helios Analytics,INV-AR-HIST-2026-07-02,TXN-REV-HIST-2026-07-02,ar_invoice,volume_revenue
JE-CASH-TXN-REV-HIST-2026-07-02,2026-07,2026-07-31,2026-07-31,1000-Cash,1100-AR,35000000,350000.0,Collection INV-AR-HIST-2026-07-02,,Helios Analytics,INV-AR-HIST-2026-07-02,PAY-HIST-2026-07-02,ar_receipt,volume_cash
JE-TXN-REV-HIST-2026-07-03,2026-07,2026-07-31,2026-07-31,1100-AR,4000-Revenue,25000000,250000.0,2026-07 Services,,Acme Industrial,INV-AR-HIST-2026-07-03,TXN-REV-HIST-2026-07-03,ar_invoice,volume_revenue
JE-CASH-TXN-REV-HIST-2026-07-03,2026-07,2026-07-31,2026-07-31,1000-Cash,1100-AR,25000000,250000.0,Collection INV-AR-HIST-2026-07-03,,Acme Industrial,INV-AR-HIST-2026-07-03,PAY-HIST-2026-07-03,ar_receipt,volume_cash
JE-TXN-COGS-HIST-2026-07-01,2026-07,2026-07-31,2026-07-31,5100-Hosting,2000-AP,5000000,50000.0,2026-07 hosting,Amazon Web Services,,INV-COGS-HIST-2026-07-01,TXN-COGS-HIST-2026-07-01,ap_invoice,volume_cogs
JE-PAY-TXN-COGS-HIST-2026-07-01,2026-07,2026-07-31,2026-07-31,2000-AP,1000-Cash,5000000,50000.0,Settle INV-COGS-HIST-2026-07-01,Amazon Web Services,,INV-COGS-HIST-2026-07-01,PAY-TXN-COGS-HIST-2026-07-01,ap_payment,volume_cash
JE-TXN-COGS-HIST-2026-07-02,2026-07,2026-07-31,2026-07-31,5100-Hosting,2000-AP,3000000,30000.0,2026-07 hosting,Google Cloud,,INV-COGS-HIST-2026-07-02,TXN-COGS-HIST-2026-07-02,ap_invoice,volume_cogs
JE-PAY-TXN-COGS-HIST-2026-07-02,2026-07,2026-07-31,2026-07-31,2000-AP,1000-Cash,3000000,30000.0,Settle INV-COGS-HIST-2026-07-02,Google Cloud,,INV-COGS-HIST-2026-07-02,PAY-TXN-COGS-HIST-2026-07-02,ap_payment,volume_cash
JE-TXN-COGS-HIST-2026-07-03,2026-07,2026-07-31,2026-07-31,5200-Supplier,2000-AP,18000000,180000.0,2026-07 supplier,Acme Supplies,,INV-COGS-HIST-2026-07-03,TXN-COGS-HIST-2026-07-03,ap_invoice,volume_cogs
JE-PAY-TXN-COGS-HIST-2026-07-03,2026-07,2026-07-31,2026-07-31,2000-AP,1000-Cash,18000000,180000.0,Settle INV-COGS-HIST-2026-07-03,Acme Supplies,,INV-COGS-HIST-2026-07-03,PAY-TXN-COGS-HIST-2026-07-03,ap_payment,volume_cash
JE-TXN-COGS-HIST-2026-07-04,2026-07,2026-07-31,2026-07-31,5200-Supplier,2000-AP,7000000,70000.0,2026-07 supplier,Helios Hardware,,INV-COGS-HIST-2026-07-04,TXN-COGS-HIST-2026-07-04,ap_invoice,volume_cogs
JE-PAY-TXN-COGS-HIST-2026-07-04,2026-07,2026-07-31,2026-07-31,2000-AP,1000-Cash,7000000,70000.0,Settle INV-COGS-HIST-2026-07-04,Helios Hardware,,INV-COGS-HIST-2026-07-04,PAY-TXN-COGS-HIST-2026-07-04,ap_payment,volume_cash
JE-TXN-COGS-HIST-2026-07-05,2026-07,2026-07-31,2026-07-31,5300-Freight,2000-AP,2000000,20000.0,2026-07 freight,Freightline Logistics,,INV-COGS-HIST-2026-07-05,TXN-COGS-HIST-2026-07-05,ap_invoice,volume_cogs
JE-PAY-TXN-COGS-HIST-2026-07-05,2026-07,2026-07-31,2026-07-31,2000-AP,1000-Cash,2000000,20000.0,Settle INV-COGS-HIST-2026-07-05,Freightline Logistics,,INV-COGS-HIST-2026-07-05,PAY-TXN-COGS-HIST-2026-07-05,ap_payment,volume_cash
JE-TXN-COGS-HIST-2026-07-06,2026-07,2026-07-31,2026-07-31,5400-Other-COGS,2000-AP,1000000,10000.0,2026-07 unclassified,Misc Supplies,,INV-COGS-HIST-2026-07-06,TXN-COGS-HIST-2026-07-06,ap_invoice,volume_cogs
JE-PAY-TXN-COGS-HIST-2026-07-06,2026-07,2026-07-31,2026-07-31,2000-AP,1000-Cash,1000000,10000.0,Settle INV-COGS-HIST-2026-07-06,Misc Supplies,,INV-COGS-HIST-2026-07-06,PAY-TXN-COGS-HIST-2026-07-06,ap_payment,volume_cash
JE-GL-VOL-2026-09-001,2026-09,2026-09-02,2026-09-02,6000-Operating,1000-Cash,100017,1000.17,ACH OUT ACME SUPPLIES LLC,Acme Supplies LLC,,TXN-VOL-2026-09-001,TXN-VOL-2026-09-001,volume_cash,volume_opex
JE-GL-VOL-2026-09-002,2026-09,2026-09-03,2026-09-03,6000-Operating,1000-Cash,100034,1000.34,ACH OUT ACME SUPPLY CO.,Acme Supply Co.,,TXN-VOL-2026-09-002,TXN-VOL-2026-09-002,volume_cash,volume_opex
JE-GL-VOL-2026-09-003,2026-09,2026-09-04,2026-09-04,6000-Operating,1000-Cash,100051,1000.51,ACH OUT AMAZON WEB SERVICES,Amazon Web Services,,TXN-VOL-2026-09-003,TXN-VOL-2026-09-003,volume_cash,volume_opex
JE-GL-VOL-2026-09-004,2026-09,2026-09-05,2026-09-05,6000-Operating,1000-Cash,100068,1000.68,ACH OUT NORTHLINE FABRICATION,Northline Fabrication,,TXN-VOL-2026-09-004,TXN-VOL-2026-09-004,volume_cash,volume_opex
JE-GL-VOL-2026-09-005,2026-09,2026-09-06,2026-09-06,6000-Operating,1000-Cash,100085,1000.85,ACH OUT OFFICE DEPOT,Office Depot,,TXN-VOL-2026-09-005,TXN-VOL-2026-09-005,volume_cash,volume_opex
JE-GL-VOL-2026-09-006,2026-09,2026-09-07,2026-09-07,6000-Operating,1000-Cash,100102,1001.02,ACH OUT HELIOS HARDWARE,Helios Hardware,,TXN-VOL-2026-09-006,TXN-VOL-2026-09-006,volume_cash,volume_opex
JE-GL-VOL-2026-09-007,2026-09,2026-09-08,2026-09-08,1000-Cash,1100-AR,100119,1001.19,ACH IN DATADOG,,,TXN-VOL-2026-09-007,TXN-VOL-2026-09-007,volume_cash,volume_cash
JE-GL-VOL-2026-09-008,2026-09,2026-09-09,2026-09-09,6000-Operating,1000-Cash,100136,1001.36,ACH OUT SLACK TECHNOLOGIES,Slack Technologies,,TXN-VOL-2026-09-008,TXN-VOL-2026-09-008,volume_cash,volume_opex
JE-GL-VOL-2026-09-009,2026-09,2026-09-10,2026-09-10,6000-Operating,1000-Cash,100153,1001.53,ACH OUT FIGMA,Figma,,TXN-VOL-2026-09-009,TXN-VOL-2026-09-009,volume_cash,volume_opex
JE-GL-VOL-2026-09-010,2026-09,2026-09-11,2026-09-11,6000-Operating,1000-Cash,100170,1001.7,ACH OUT GOOGLE CLOUD,Google Cloud,,TXN-VOL-2026-09-010,TXN-VOL-2026-09-010,volume_cash,volume_opex
JE-GL-VOL-2026-09-011,2026-09,2026-09-12,2026-09-12,6000-Operating,1000-Cash,100187,1001.87,HARTFORD 0912 SETTLEMENT,Hartford Insurance,,TXN-VOL-2026-09-011,TXN-VOL-2026-09-011,volume_cash,volume_opex
JE-GL-VOL-2026-09-012,2026-09,2026-09-13,2026-09-13,6000-Operating,1000-Cash,100204,1002.04,ACH OUT ORBIT ANALYTICS,Orbit Analytics,,TXN-VOL-2026-09-012,TXN-VOL-2026-09-012,volume_cash,volume_opex
JE-GL-VOL-2026-09-013,2026-09,2026-09-14,2026-09-14,6000-Operating,1000-Cash,100221,1002.21,ACH OUT CAMBRIDGE PROPERTIES,Cambridge Properties,,TXN-VOL-2026-09-013,TXN-VOL-2026-09-013,volume_cash,volume_opex
JE-GL-VOL-2026-09-014,2026-09,2026-09-15,2026-09-15,1000-Cash,1100-AR,100238,1002.38,ACH IN DELL TECHNOLOGIES,,,TXN-VOL-2026-09-014,TXN-VOL-2026-09-014,volume_cash,volume_cash
JE-GL-VOL-2026-09-015,2026-09,2026-09-16,2026-09-16,6000-Operating,1000-Cash,100255,1002.55,ACH OUT HARBOR ELECTRIC,Harbor Electric,,TXN-VOL-2026-09-015,TXN-VOL-2026-09-015,volume_cash,volume_opex
JE-GL-VOL-2026-09-016,2026-09,2026-09-17,2026-09-17,6000-Operating,1000-Cash,100272,1002.72,ACH OUT LINDHOLM & RUIZ LLP,Lindholm & Ruiz LLP,,TXN-VOL-2026-09-016,TXN-VOL-2026-09-016,volume_cash,volume_opex
JE-GL-VOL-2026-09-017,2026-09,2026-09-18,2026-09-18,6000-Operating,1000-Cash,100289,1002.89,ACH OUT GITHUB,GitHub,,TXN-VOL-2026-09-017,TXN-VOL-2026-09-017,volume_cash,volume_opex
JE-GL-VOL-2026-09-018,2026-09,2026-09-19,2026-09-19,6000-Operating,1000-Cash,100306,1003.06,ACH OUT SHADOW VENDOR LLC,Shadow Vendor LLC,,TXN-VOL-2026-09-018,TXN-VOL-2026-09-018,volume_cash,volume_opex
JE-GL-VOL-2026-09-019,2026-09,2026-09-20,2026-09-20,6000-Operating,1000-Cash,100323,1003.23,ACH OUT FREIGHTLINE LOGISTICS BATCH LEG 2,Freightline Logistics,,TXN-VOL-2026-09-019,TXN-VOL-2026-09-019,volume_cash,volume_opex
JE-GL-VOL-2026-09-020,2026-09,2026-09-21,2026-09-21,6000-Operating,1000-Cash,100340,1003.4,ACH OUT LENOVO,Lenovo,,TXN-VOL-2026-09-020,TXN-VOL-2026-09-020,volume_cash,volume_opex
JE-GL-VOL-2026-09-021,2026-09,2026-09-22,2026-09-22,1000-Cash,1100-AR,100357,1003.57,ACH IN MISC SUPPLIES,,,TXN-VOL-2026-09-021,TXN-VOL-2026-09-021,volume_cash,volume_cash
JE-GL-VOL-2026-09-022,2026-09,2026-09-23,2026-09-23,6000-Operating,1000-Cash,100374,1003.74,TWILIO 0923 SETTLEMENT,Twilio,,TXN-VOL-2026-09-022,TXN-VOL-2026-09-022,volume_cash,volume_opex
JE-GL-VOL-2026-09-023,2026-09,2026-09-24,2026-09-24,6000-Operating,1000-Cash,100391,1003.91,WIRE NOTION LABS INCL WIRE CHG,Notion Labs,,TXN-VOL-2026-09-023,TXN-VOL-2026-09-023,volume_cash,volume_opex
JE-GL-VOL-2026-09-024,2026-09,2026-09-25,2026-09-25,6000-Operating,1000-Cash,100408,1004.08,ACH OUT SNOWFLAKE,Snowflake,,TXN-VOL-2026-09-024,TXN-VOL-2026-09-024,volume_cash,volume_opex
JE-GL-VOL-2026-09-025,2026-09,2026-09-26,2026-09-26,6000-Operating,1000-Cash,100425,1004.25,ACH OUT OKTA,Okta,,TXN-VOL-2026-09-025,TXN-VOL-2026-09-025,volume_cash,volume_opex
JE-GL-VOL-2026-09-026,2026-09,2026-09-27,2026-09-27,6000-Operating,1000-Cash,100442,1004.42,ACH OUT CROWDSTRIKE,CrowdStrike,,TXN-VOL-2026-09-026,TXN-VOL-2026-09-026,volume_cash,volume_opex
JE-GL-VOL-2026-09-027,2026-09,2026-09-28,2026-09-28,6000-Operating,1000-Cash,100459,1004.59,ACH OUT ZOOM VIDEO,Zoom Video,,TXN-VOL-2026-09-027,TXN-VOL-2026-09-027,volume_cash,volume_opex
JE-GL-VOL-2026-09-028,2026-09,2026-09-01,2026-09-01,1000-Cash,1100-AR,100476,1004.76,ACH IN ATLASSIAN,,,TXN-VOL-2026-09-028,TXN-VOL-2026-09-028,volume_cash,volume_cash
JE-GL-VOL-2026-09-029,2026-09,2026-09-02,2026-09-02,6000-Operating,1000-Cash,100493,1004.93,ACH OUT CLOUDFLARE,Cloudflare,,TXN-VOL-2026-09-029,TXN-VOL-2026-09-029,volume_cash,volume_opex
JE-GL-VOL-2026-09-030,2026-09,2026-09-03,2026-09-03,6000-Operating,1000-Cash,100510,1005.1,ACH OUT NORTHLINE FAB GROUP,Northline Fab Group,,TXN-VOL-2026-09-030,TXN-VOL-2026-09-030,volume_cash,volume_opex
JE-GL-VOL-2026-09-031,2026-09,2026-09-04,2026-09-04,6000-Operating,1000-Cash,100527,1005.27,ACH OUT HELIOS HARDWARE SUPPLY,Helios Hardware Supply,,TXN-VOL-2026-09-031,TXN-VOL-2026-09-031,volume_cash,volume_opex
JE-GL-VOL-2026-09-032,2026-09,2026-09-05,2026-09-05,6000-Operating,1000-Cash,100544,1005.44,ACH OUT HARBOR POWER & LIGHT,Harbor Power & Light,,TXN-VOL-2026-09-032,TXN-VOL-2026-09-032,volume_cash,volume_opex
JE-GL-VOL-2026-09-033,2026-09,2026-09-06,2026-09-06,6000-Operating,1000-Cash,100561,1005.61,STAPLES 0906 SETTLEMENT,Staples Business Advantage,,TXN-VOL-2026-09-033,TXN-VOL-2026-09-033,volume_cash,volume_opex
JE-GL-VOL-2026-09-034,2026-09,2026-09-07,2026-09-07,6000-Operating,1000-Cash,100578,1005.78,ACH OUT FEDEX,FedEx,,TXN-VOL-2026-09-034,TXN-VOL-2026-09-034,volume_cash,volume_opex
JE-GL-VOL-2026-09-035,2026-09,2026-09-08,2026-09-08,1000-Cash,1100-AR,100595,1005.95,ACH IN ADP,,,TXN-VOL-2026-09-035,TXN-VOL-2026-09-035,volume_cash,volume_cash
JE-GL-VOL-2026-09-036,2026-09,2026-09-09,2026-09-09,6000-Operating,1000-Cash,100612,1006.12,ACH OUT WEWORK CAMBRIDGE,WeWork Cambridge,,TXN-VOL-2026-09-036,TXN-VOL-2026-09-036,volume_cash,volume_opex
JE-GL-VOL-2026-09-037,2026-09,2026-09-10,2026-09-10,6000-Operating,1000-Cash,100629,1006.29,ACH OUT COMCAST BUSINESS,Comcast Business,,TXN-VOL-2026-09-037,TXN-VOL-2026-09-037,volume_cash,volume_opex
JE-GL-VOL-2026-09-038,2026-09,2026-09-11,2026-09-11,6000-Operating,1000-Cash,100646,1006.46,ACH OUT PAGAYA COFFEE SERVICE BATCH LEG 3,Pagaya Coffee Service,,TXN-VOL-2026-09-038,TXN-VOL-2026-09-038,volume_cash,volume_opex
JE-GL-VOL-2026-09-039,2026-09,2026-09-12,2026-09-12,6000-Operating,1000-Cash,100663,1006.63,ACH OUT CLEANROOM JANITORIAL,CleanRoom Janitorial,,TXN-VOL-2026-09-039,TXN-VOL-2026-09-039,volume_cash,volume_opex
JE-GL-VOL-2026-09-040,2026-09,2026-09-13,2026-09-13,6000-Operating,1000-Cash,100680,1006.8,ACH OUT KENDALL SQUARE PARKING,Kendall Square Parking,,TXN-VOL-2026-09-040,TXN-VOL-2026-09-040,volume_cash,volume_opex
JE-GL-VOL-2026-09-041,2026-09,2026-09-14,2026-09-14,6000-Operating,1000-Cash,100697,1006.97,ACH OUT HUBSPOT,HubSpot,,TXN-VOL-2026-09-041,TXN-VOL-2026-09-041,volume_cash,volume_opex
JE-GL-VOL-2026-09-042,2026-09,2026-09-15,2026-09-15,1000-Cash,1100-AR,100714,1007.14,ACH IN STRIPE PROCESSING,,,TXN-VOL-2026-09-042,TXN-VOL-2026-09-042,volume_cash,volume_cash
JE-GL-VOL-2026-09-043,2026-09,2026-09-16,2026-09-16,6000-Operating,1000-Cash,100731,1007.31,ACH OUT ADYEN NV,Adyen NV,,TXN-VOL-2026-09-043,TXN-VOL-2026-09-043,volume_cash,volume_opex
JE-GL-VOL-2026-09-044,2026-09,2026-09-17,2026-09-17,6000-Operating,1000-Cash,100748,1007.48,DOCUSIGN 0917 SETTLEMENT,DocuSign,,TXN-VOL-2026-09-044,TXN-VOL-2026-09-044,volume_cash,volume_opex
JE-GL-VOL-2026-09-045,2026-09,2026-09-18,2026-09-18,6000-Operating,1000-Cash,100765,1007.65,ACH OUT PALO ALTO NETWORKS,Palo Alto Networks,,TXN-VOL-2026-09-045,TXN-VOL-2026-09-045,volume_cash,volume_opex
JE-GL-VOL-2026-09-046,2026-09,2026-09-19,2026-09-19,6000-Operating,1000-Cash,100782,1007.82,WIRE BOSTON EDISON STEAM INCL WIRE CHG,Boston Edison Steam,,TXN-VOL-2026-09-046,TXN-VOL-2026-09-046,volume_cash,volume_opex
JE-GL-VOL-2026-09-047,2026-09,2026-09-20,2026-09-20,6000-Operating,1000-Cash,100799,1007.99,ACH OUT CARTA,Carta,,TXN-VOL-2026-09-047,TXN-VOL-2026-09-047,volume_cash,volume_opex
JE-GL-VOL-2026-09-048,2026-09,2026-09-21,2026-09-21,6000-Operating,1000-Cash,100816,1008.16,ACH OUT GUSTO PAYROLL,Gusto Payroll,,TXN-VOL-2026-09-048,TXN-VOL-2026-09-048,volume_cash,volume_opex
JE-GL-VOL-2026-09-049,2026-09,2026-09-22,2026-09-22,1000-Cash,1100-AR,100833,1008.33,ACH IN VANTA,,,TXN-VOL-2026-09-049,TXN-VOL-2026-09-049,volume_cash,volume_cash
JE-GL-VOL-2026-09-050,2026-09,2026-09-23,2026-09-23,6000-Operating,1000-Cash,100850,1008.5,ACH OUT LINEAR APP,Linear App,,TXN-VOL-2026-09-050,TXN-VOL-2026-09-050,volume_cash,volume_opex
JE-GL-VOL-2026-09-051,2026-09,2026-09-24,2026-09-24,6000-Operating,1000-Cash,100867,1008.67,ACH OUT ACME SUPPLIES,Acme Supplies,,TXN-VOL-2026-09-051,TXN-VOL-2026-09-051,volume_cash,volume_opex
JE-GL-VOL-2026-09-052,2026-09,2026-09-25,2026-09-25,6000-Operating,1000-Cash,100884,1008.84,ACH OUT ACME SUPPLIES LLC,Acme Supplies LLC,,TXN-VOL-2026-09-052,TXN-VOL-2026-09-052,volume_cash,volume_opex
JE-GL-VOL-2026-09-053,2026-09,2026-09-26,2026-09-26,6000-Operating,1000-Cash,100901,1009.01,ACH OUT ACME SUPPLY CO.,Acme Supply Co.,,TXN-VOL-2026-09-053,TXN-VOL-2026-09-053,volume_cash,volume_opex
JE-GL-VOL-2026-09-054,2026-09,2026-09-27,2026-09-27,6000-Operating,1000-Cash,100918,1009.18,ACH OUT AMAZON WEB SERVICES,Amazon Web Services,,TXN-VOL-2026-09-054,TXN-VOL-2026-09-054,volume_cash,volume_opex
JE-GL-VOL-2026-09-055,2026-09,2026-09-28,2026-09-28,6000-Operating,1000-Cash,100935,1009.35,NORTHLINE 0928 SETTLEMENT,Northline Fabrication,,TXN-VOL-2026-09-055,TXN-VOL-2026-09-055,volume_cash,volume_opex
JE-GL-VOL-2026-09-056,2026-09,2026-09-01,2026-09-01,1000-Cash,1100-AR,100952,1009.52,ACH IN OFFICE DEPOT,,,TXN-VOL-2026-09-056,TXN-VOL-2026-09-056,volume_cash,volume_cash
JE-GL-VOL-2026-09-057,2026-09,2026-09-02,2026-09-02,6000-Operating,1000-Cash,100969,1009.69,ACH OUT HELIOS HARDWARE BATCH LEG 1,Helios Hardware,,TXN-VOL-2026-09-057,TXN-VOL-2026-09-057,volume_cash,volume_opex
JE-GL-VOL-2026-09-058,2026-09,2026-09-03,2026-09-03,6000-Operating,1000-Cash,100986,1009.86,ACH OUT DATADOG,Datadog,,TXN-VOL-2026-09-058,TXN-VOL-2026-09-058,volume_cash,volume_opex
JE-GL-VOL-2026-09-059,2026-09,2026-09-04,2026-09-04,6000-Operating,1000-Cash,101003,1010.03,ACH OUT SLACK TECHNOLOGIES,Slack Technologies,,TXN-VOL-2026-09-059,TXN-VOL-2026-09-059,volume_cash,volume_opex
JE-GL-VOL-2026-09-060,2026-09,2026-09-05,2026-09-05,6000-Operating,1000-Cash,101020,1010.2,ACH OUT FIGMA,Figma,,TXN-VOL-2026-09-060,TXN-VOL-2026-09-060,volume_cash,volume_opex
JE-GL-VOL-2026-09-061,2026-09,2026-09-06,2026-09-06,6000-Operating,1000-Cash,101037,1010.37,ACH OUT GOOGLE CLOUD,Google Cloud,,TXN-VOL-2026-09-061,TXN-VOL-2026-09-061,volume_cash,volume_opex
JE-GL-VOL-2026-09-062,2026-09,2026-09-07,2026-09-07,6000-Operating,1000-Cash,101054,1010.54,ACH OUT HARTFORD INSURANCE,Hartford Insurance,,TXN-VOL-2026-09-062,TXN-VOL-2026-09-062,volume_cash,volume_opex
JE-GL-VOL-2026-09-063,2026-09,2026-09-08,2026-09-08,1000-Cash,1100-AR,101071,1010.71,ACH IN ORBIT ANALYTICS,,,TXN-VOL-2026-09-063,TXN-VOL-2026-09-063,volume_cash,volume_cash
JE-GL-VOL-2026-09-064,2026-09,2026-09-09,2026-09-09,6000-Operating,1000-Cash,101088,1010.88,ACH OUT CAMBRIDGE PROPERTIES,Cambridge Properties,,TXN-VOL-2026-09-064,TXN-VOL-2026-09-064,volume_cash,volume_opex
JE-GL-VOL-2026-09-065,2026-09,2026-09-10,2026-09-10,6000-Operating,1000-Cash,101105,1011.05,ACH OUT DELL TECHNOLOGIES,Dell Technologies,,TXN-VOL-2026-09-065,TXN-VOL-2026-09-065,volume_cash,volume_opex
JE-GL-VOL-2026-09-066,2026-09,2026-09-11,2026-09-11,6000-Operating,1000-Cash,101122,1011.22,HARBOR 0911 SETTLEMENT,Harbor Electric,,TXN-VOL-2026-09-066,TXN-VOL-2026-09-066,volume_cash,volume_opex
JE-GL-VOL-2026-09-067,2026-09,2026-09-12,2026-09-12,6000-Operating,1000-Cash,101139,1011.39,ACH OUT LINDHOLM & RUIZ LLP,Lindholm & Ruiz LLP,,TXN-VOL-2026-09-067,TXN-VOL-2026-09-067,volume_cash,volume_opex
JE-GL-VOL-2026-09-068,2026-09,2026-09-13,2026-09-13,6000-Operating,1000-Cash,101156,1011.56,ACH OUT GITHUB,GitHub,,TXN-VOL-2026-09-068,TXN-VOL-2026-09-068,volume_cash,volume_opex
JE-GL-VOL-2026-09-069,2026-09,2026-09-14,2026-09-14,6000-Operating,1000-Cash,101173,1011.73,WIRE SHADOW VENDOR LLC INCL WIRE CHG,Shadow Vendor LLC,,TXN-VOL-2026-09-069,TXN-VOL-2026-09-069,volume_cash,volume_opex
JE-GL-VOL-2026-09-070,2026-09,2026-09-15,2026-09-15,1000-Cash,1100-AR,101190,1011.9,ACH IN FREIGHTLINE LOGISTICS,,,TXN-VOL-2026-09-070,TXN-VOL-2026-09-070,volume_cash,volume_cash
JE-GL-VOL-2026-09-071,2026-09,2026-09-16,2026-09-16,6000-Operating,1000-Cash,101207,1012.07,ACH OUT LENOVO,Lenovo,,TXN-VOL-2026-09-071,TXN-VOL-2026-09-071,volume_cash,volume_opex
JE-GL-VOL-2026-09-072,2026-09,2026-09-17,2026-09-17,6000-Operating,1000-Cash,101224,1012.24,ACH OUT MISC SUPPLIES,Misc Supplies,,TXN-VOL-2026-09-072,TXN-VOL-2026-09-072,volume_cash,volume_opex
JE-GL-VOL-2026-09-073,2026-09,2026-09-18,2026-09-18,6000-Operating,1000-Cash,101241,1012.41,ACH OUT TWILIO,Twilio,,TXN-VOL-2026-09-073,TXN-VOL-2026-09-073,volume_cash,volume_opex
JE-GL-VOL-2026-09-074,2026-09,2026-09-19,2026-09-19,6000-Operating,1000-Cash,101258,1012.58,ACH OUT NOTION LABS,Notion Labs,,TXN-VOL-2026-09-074,TXN-VOL-2026-09-074,volume_cash,volume_opex
JE-GL-VOL-2026-09-075,2026-09,2026-09-20,2026-09-20,6000-Operating,1000-Cash,101275,1012.75,ACH OUT SNOWFLAKE,Snowflake,,TXN-VOL-2026-09-075,TXN-VOL-2026-09-075,volume_cash,volume_opex
JE-GL-VOL-2026-09-076,2026-09,2026-09-21,2026-09-21,6000-Operating,1000-Cash,101292,1012.92,ACH OUT OKTA BATCH LEG 2,Okta,,TXN-VOL-2026-09-076,TXN-VOL-2026-09-076,volume_cash,volume_opex
JE-GL-VOL-2026-09-077,2026-09,2026-09-22,2026-09-22,1000-Cash,1100-AR,101309,1013.09,CROWDSTRIKE 0922 SETTLEMENT,,,TXN-VOL-2026-09-077,TXN-VOL-2026-09-077,volume_cash,volume_cash
JE-GL-VOL-2026-09-078,2026-09,2026-09-23,2026-09-23,6000-Operating,1000-Cash,101326,1013.26,ACH OUT ZOOM VIDEO,Zoom Video,,TXN-VOL-2026-09-078,TXN-VOL-2026-09-078,volume_cash,volume_opex
JE-GL-VOL-2026-09-079,2026-09,2026-09-24,2026-09-24,6000-Operating,1000-Cash,101343,1013.43,ACH OUT ATLASSIAN,Atlassian,,TXN-VOL-2026-09-079,TXN-VOL-2026-09-079,volume_cash,volume_opex
JE-GL-VOL-2026-09-080,2026-09,2026-09-25,2026-09-25,6000-Operating,1000-Cash,101360,1013.6,ACH OUT CLOUDFLARE,Cloudflare,,TXN-VOL-2026-09-080,TXN-VOL-2026-09-080,volume_cash,volume_opex
JE-GL-VOL-2026-09-081,2026-09,2026-09-26,2026-09-26,6000-Operating,1000-Cash,101377,1013.77,ACH OUT NORTHLINE FAB GROUP,Northline Fab Group,,TXN-VOL-2026-09-081,TXN-VOL-2026-09-081,volume_cash,volume_opex
JE-GL-VOL-2026-09-082,2026-09,2026-09-27,2026-09-27,6000-Operating,1000-Cash,101394,1013.94,ACH OUT HELIOS HARDWARE SUPPLY,Helios Hardware Supply,,TXN-VOL-2026-09-082,TXN-VOL-2026-09-082,volume_cash,volume_opex
JE-GL-VOL-2026-09-083,2026-09,2026-09-28,2026-09-28,6000-Operating,1000-Cash,101411,1014.11,ACH OUT HARBOR POWER & LIGHT,Harbor Power & Light,,TXN-VOL-2026-09-083,TXN-VOL-2026-09-083,volume_cash,volume_opex
JE-GL-VOL-2026-09-084,2026-09,2026-09-01,2026-09-01,1000-Cash,1100-AR,101428,1014.28,ACH IN STAPLES BUSINESS ADVANTAGE,,,TXN-VOL-2026-09-084,TXN-VOL-2026-09-084,volume_cash,volume_cash
JE-GL-VOL-2026-09-085,2026-09,2026-09-02,2026-09-02,6000-Operating,1000-Cash,101445,1014.45,ACH OUT FEDEX,FedEx,,TXN-VOL-2026-09-085,TXN-VOL-2026-09-085,volume_cash,volume_opex
JE-GL-VOL-2026-09-086,2026-09,2026-09-03,2026-09-03,6000-Operating,1000-Cash,101462,1014.62,ACH OUT ADP,ADP,,TXN-VOL-2026-09-086,TXN-VOL-2026-09-086,volume_cash,volume_opex
JE-GL-VOL-2026-09-087,2026-09,2026-09-04,2026-09-04,6000-Operating,1000-Cash,101479,1014.79,ACH OUT WEWORK CAMBRIDGE,WeWork Cambridge,,TXN-VOL-2026-09-087,TXN-VOL-2026-09-087,volume_cash,volume_opex
JE-GL-VOL-2026-09-088,2026-09,2026-09-05,2026-09-05,6000-Operating,1000-Cash,101496,1014.96,COMCAST 0905 SETTLEMENT,Comcast Business,,TXN-VOL-2026-09-088,TXN-VOL-2026-09-088,volume_cash,volume_opex
JE-GL-VOL-2026-09-089,2026-09,2026-09-06,2026-09-06,6000-Operating,1000-Cash,101513,1015.13,ACH OUT PAGAYA COFFEE SERVICE,Pagaya Coffee Service,,TXN-VOL-2026-09-089,TXN-VOL-2026-09-089,volume_cash,volume_opex
JE-GL-VOL-2026-09-090,2026-09,2026-09-07,2026-09-07,6000-Operating,1000-Cash,101530,1015.3,ACH OUT CLEANROOM JANITORIAL,CleanRoom Janitorial,,TXN-VOL-2026-09-090,TXN-VOL-2026-09-090,volume_cash,volume_opex
JE-GL-VOL-2026-09-091,2026-09,2026-09-08,2026-09-08,1000-Cash,1100-AR,101547,1015.47,ACH IN KENDALL SQUARE PARKING,,,TXN-VOL-2026-09-091,TXN-VOL-2026-09-091,volume_cash,volume_cash
JE-GL-VOL-2026-09-092,2026-09,2026-09-09,2026-09-09,6000-Operating,1000-Cash,101564,1015.64,WIRE HUBSPOT INCL WIRE CHG,HubSpot,,TXN-VOL-2026-09-092,TXN-VOL-2026-09-092,volume_cash,volume_opex
JE-GL-VOL-2026-09-093,2026-09,2026-09-10,2026-09-10,6000-Operating,1000-Cash,101581,1015.81,ACH OUT STRIPE PROCESSING,Stripe Processing,,TXN-VOL-2026-09-093,TXN-VOL-2026-09-093,volume_cash,volume_opex
JE-GL-VOL-2026-09-094,2026-09,2026-09-11,2026-09-11,6000-Operating,1000-Cash,101598,1015.98,ACH OUT ADYEN NV,Adyen NV,,TXN-VOL-2026-09-094,TXN-VOL-2026-09-094,volume_cash,volume_opex
JE-GL-VOL-2026-09-095,2026-09,2026-09-12,2026-09-12,6000-Operating,1000-Cash,101615,1016.15,ACH OUT DOCUSIGN BATCH LEG 3,DocuSign,,TXN-VOL-2026-09-095,TXN-VOL-2026-09-095,volume_cash,volume_opex
JE-GL-VOL-2026-09-096,2026-09,2026-09-13,2026-09-13,6000-Operating,1000-Cash,101632,1016.32,ACH OUT PALO ALTO NETWORKS,Palo Alto Networks,,TXN-VOL-2026-09-096,TXN-VOL-2026-09-096,volume_cash,volume_opex
JE-GL-VOL-2026-09-097,2026-09,2026-09-14,2026-09-14,6000-Operating,1000-Cash,101649,1016.49,ACH OUT BOSTON EDISON STEAM,Boston Edison Steam,,TXN-VOL-2026-09-097,TXN-VOL-2026-09-097,volume_cash,volume_opex
JE-GL-VOL-2026-09-098,2026-09,2026-09-15,2026-09-15,1000-Cash,1100-AR,101666,1016.66,ACH IN CARTA,,,TXN-VOL-2026-09-098,TXN-VOL-2026-09-098,volume_cash,volume_cash
JE-GL-VOL-2026-09-099,2026-09,2026-09-16,2026-09-16,6000-Operating,1000-Cash,101683,1016.83,GUSTO 0916 SETTLEMENT,Gusto Payroll,,TXN-VOL-2026-09-099,TXN-VOL-2026-09-099,volume_cash,volume_opex
JE-GL-VOL-2026-09-100,2026-09,2026-09-17,2026-09-17,6000-Operating,1000-Cash,101700,1017.0,ACH OUT VANTA,Vanta,,TXN-VOL-2026-09-100,TXN-VOL-2026-09-100,volume_cash,volume_opex
JE-GL-VOL-2026-09-101,2026-09,2026-09-18,2026-09-18,6000-Operating,1000-Cash,101717,1017.17,ACH OUT LINEAR APP,Linear App,,TXN-VOL-2026-09-101,TXN-VOL-2026-09-101,volume_cash,volume_opex
JE-GL-VOL-2026-09-102,2026-09,2026-09-19,2026-09-19,6000-Operating,1000-Cash,101734,1017.34,ACH OUT ACME SUPPLIES,Acme Supplies,,TXN-VOL-2026-09-102,TXN-VOL-2026-09-102,volume_cash,volume_opex
JE-GL-VOL-2026-09-103,2026-09,2026-09-20,2026-09-20,6000-Operating,1000-Cash,101751,1017.51,ACH OUT ACME SUPPLIES LLC,Acme Supplies LLC,,TXN-VOL-2026-09-103,TXN-VOL-2026-09-103,volume_cash,volume_opex
JE-GL-VOL-2026-09-104,2026-09,2026-09-21,2026-09-21,6000-Operating,1000-Cash,101768,1017.68,ACH OUT ACME SUPPLY CO.,Acme Supply Co.,,TXN-VOL-2026-09-104,TXN-VOL-2026-09-104,volume_cash,volume_opex
JE-GL-VOL-2026-09-105,2026-09,2026-09-22,2026-09-22,1000-Cash,1100-AR,101785,1017.85,ACH IN AMAZON WEB SERVICES,,,TXN-VOL-2026-09-105,TXN-VOL-2026-09-105,volume_cash,volume_cash
JE-GL-VOL-2026-09-106,2026-09,2026-09-23,2026-09-23,6000-Operating,1000-Cash,101802,1018.02,ACH OUT NORTHLINE FABRICATION,Northline Fabrication,,TXN-VOL-2026-09-106,TXN-VOL-2026-09-106,volume_cash,volume_opex
JE-GL-VOL-2026-09-107,2026-09,2026-09-24,2026-09-24,6000-Operating,1000-Cash,101819,1018.19,ACH OUT OFFICE DEPOT,Office Depot,,TXN-VOL-2026-09-107,TXN-VOL-2026-09-107,volume_cash,volume_opex
JE-GL-VOL-2026-09-108,2026-09,2026-09-25,2026-09-25,6000-Operating,1000-Cash,101836,1018.36,ACH OUT HELIOS HARDWARE,Helios Hardware,,TXN-VOL-2026-09-108,TXN-VOL-2026-09-108,volume_cash,volume_opex
JE-GL-VOL-2026-09-109,2026-09,2026-09-26,2026-09-26,6000-Operating,1000-Cash,101853,1018.53,ACH OUT DATADOG,Datadog,,TXN-VOL-2026-09-109,TXN-VOL-2026-09-109,volume_cash,volume_opex
JE-GL-VOL-2026-09-110,2026-09,2026-09-27,2026-09-27,6000-Operating,1000-Cash,101870,1018.7,SLACK 0927 SETTLEMENT,Slack Technologies,,TXN-VOL-2026-09-110,TXN-VOL-2026-09-110,volume_cash,volume_opex
JE-GL-VOL-2026-09-111,2026-09,2026-09-28,2026-09-28,6000-Operating,1000-Cash,101887,1018.87,ACH OUT FIGMA,Figma,,TXN-VOL-2026-09-111,TXN-VOL-2026-09-111,volume_cash,volume_opex
JE-GL-VOL-2026-09-112,2026-09,2026-09-01,2026-09-01,1000-Cash,1100-AR,101904,1019.04,ACH IN GOOGLE CLOUD,,,TXN-VOL-2026-09-112,TXN-VOL-2026-09-112,volume_cash,volume_cash
JE-GL-VOL-2026-09-113,2026-09,2026-09-02,2026-09-02,6000-Operating,1000-Cash,101921,1019.21,ACH OUT HARTFORD INSURANCE,Hartford Insurance,,TXN-VOL-2026-09-113,TXN-VOL-2026-09-113,volume_cash,volume_opex
JE-GL-VOL-2026-09-114,2026-09,2026-09-03,2026-09-03,6000-Operating,1000-Cash,101938,1019.38,ACH OUT ORBIT ANALYTICS BATCH LEG 1,Orbit Analytics,,TXN-VOL-2026-09-114,TXN-VOL-2026-09-114,volume_cash,volume_opex
JE-GL-VOL-2026-09-115,2026-09,2026-09-04,2026-09-04,6000-Operating,1000-Cash,101955,1019.55,WIRE CAMBRIDGE PROPERTIES INCL WIRE CHG,Cambridge Properties,,TXN-VOL-2026-09-115,TXN-VOL-2026-09-115,volume_cash,volume_opex
JE-GL-VOL-2026-09-116,2026-09,2026-09-05,2026-09-05,6000-Operating,1000-Cash,101972,1019.72,ACH OUT DELL TECHNOLOGIES,Dell Technologies,,TXN-VOL-2026-09-116,TXN-VOL-2026-09-116,volume_cash,volume_opex
JE-GL-VOL-2026-09-117,2026-09,2026-09-06,2026-09-06,6000-Operating,1000-Cash,101989,1019.89,ACH OUT HARBOR ELECTRIC,Harbor Electric,,TXN-VOL-2026-09-117,TXN-VOL-2026-09-117,volume_cash,volume_opex
JE-GL-VOL-2026-09-118,2026-09,2026-09-07,2026-09-07,6000-Operating,1000-Cash,102006,1020.06,ACH OUT LINDHOLM & RUIZ LLP,Lindholm & Ruiz LLP,,TXN-VOL-2026-09-118,TXN-VOL-2026-09-118,volume_cash,volume_opex
JE-GL-VOL-2026-09-119,2026-09,2026-09-08,2026-09-08,1000-Cash,1100-AR,102023,1020.23,ACH IN GITHUB,,,TXN-VOL-2026-09-119,TXN-VOL-2026-09-119,volume_cash,volume_cash
JE-GL-VOL-2026-09-120,2026-09,2026-09-09,2026-09-09,6000-Operating,1000-Cash,102040,1020.4,ACH OUT SHADOW VENDOR LLC,Shadow Vendor LLC,,TXN-VOL-2026-09-120,TXN-VOL-2026-09-120,volume_cash,volume_opex
JE-GL-VOL-2026-09-121,2026-09,2026-09-10,2026-09-10,6000-Operating,1000-Cash,102057,1020.57,FREIGHTLINE 0910 SETTLEMENT,Freightline Logistics,,TXN-VOL-2026-09-121,TXN-VOL-2026-09-121,volume_cash,volume_opex
JE-GL-VOL-2026-09-122,2026-09,2026-09-11,2026-09-11,6000-Operating,1000-Cash,102074,1020.74,ACH OUT LENOVO,Lenovo,,TXN-VOL-2026-09-122,TXN-VOL-2026-09-122,volume_cash,volume_opex
JE-GL-VOL-2026-09-123,2026-09,2026-09-12,2026-09-12,6000-Operating,1000-Cash,102091,1020.91,ACH OUT MISC SUPPLIES,Misc Supplies,,TXN-VOL-2026-09-123,TXN-VOL-2026-09-123,volume_cash,volume_opex
JE-GL-VOL-2026-09-124,2026-09,2026-09-13,2026-09-13,6000-Operating,1000-Cash,102108,1021.08,ACH OUT TWILIO,Twilio,,TXN-VOL-2026-09-124,TXN-VOL-2026-09-124,volume_cash,volume_opex
JE-GL-VOL-2026-09-125,2026-09,2026-09-14,2026-09-14,6000-Operating,1000-Cash,102125,1021.25,ACH OUT NOTION LABS,Notion Labs,,TXN-VOL-2026-09-125,TXN-VOL-2026-09-125,volume_cash,volume_opex
JE-GL-VOL-2026-09-126,2026-09,2026-09-15,2026-09-15,1000-Cash,1100-AR,102142,1021.42,ACH IN SNOWFLAKE,,,TXN-VOL-2026-09-126,TXN-VOL-2026-09-126,volume_cash,volume_cash
JE-GL-VOL-2026-09-127,2026-09,2026-09-16,2026-09-16,6000-Operating,1000-Cash,102159,1021.59,ACH OUT OKTA,Okta,,TXN-VOL-2026-09-127,TXN-VOL-2026-09-127,volume_cash,volume_opex
JE-GL-VOL-2026-09-128,2026-09,2026-09-17,2026-09-17,6000-Operating,1000-Cash,102176,1021.76,ACH OUT CROWDSTRIKE,CrowdStrike,,TXN-VOL-2026-09-128,TXN-VOL-2026-09-128,volume_cash,volume_opex
JE-GL-VOL-2026-09-129,2026-09,2026-09-18,2026-09-18,6000-Operating,1000-Cash,102193,1021.93,ACH OUT ZOOM VIDEO,Zoom Video,,TXN-VOL-2026-09-129,TXN-VOL-2026-09-129,volume_cash,volume_opex
JE-GL-VOL-2026-09-130,2026-09,2026-09-19,2026-09-19,6000-Operating,1000-Cash,102210,1022.1,ACH OUT ATLASSIAN,Atlassian,,TXN-VOL-2026-09-130,TXN-VOL-2026-09-130,volume_cash,volume_opex
JE-GL-VOL-2026-09-131,2026-09,2026-09-20,2026-09-20,6000-Operating,1000-Cash,102227,1022.27,ACH OUT CLOUDFLARE,Cloudflare,,TXN-VOL-2026-09-131,TXN-VOL-2026-09-131,volume_cash,volume_opex
JE-GL-VOL-2026-09-132,2026-09,2026-09-21,2026-09-21,6000-Operating,1000-Cash,102244,1022.44,NORTHLINE 0921 SETTLEMENT,Northline Fab Group,,TXN-VOL-2026-09-132,TXN-VOL-2026-09-132,volume_cash,volume_opex
JE-GL-VOL-2026-09-133,2026-09,2026-09-22,2026-09-22,1000-Cash,1100-AR,102261,1022.61,ACH OUT HELIOS HARDWARE SUPPLY BATCH LEG 2,,,TXN-VOL-2026-09-133,TXN-VOL-2026-09-133,volume_cash,volume_cash
JE-GL-VOL-2026-09-134,2026-09,2026-09-23,2026-09-23,6000-Operating,1000-Cash,102278,1022.78,ACH OUT HARBOR POWER & LIGHT,Harbor Power & Light,,TXN-VOL-2026-09-134,TXN-VOL-2026-09-134,volume_cash,volume_opex
JE-GL-VOL-2026-09-135,2026-09,2026-09-24,2026-09-24,6000-Operating,1000-Cash,102295,1022.95,ACH OUT STAPLES BUSINESS ADVANTAGE,Staples Business Advantage,,TXN-VOL-2026-09-135,TXN-VOL-2026-09-135,volume_cash,volume_opex
JE-GL-VOL-2026-09-136,2026-09,2026-09-25,2026-09-25,6000-Operating,1000-Cash,102312,1023.12,ACH OUT FEDEX,FedEx,,TXN-VOL-2026-09-136,TXN-VOL-2026-09-136,volume_cash,volume_opex
JE-GL-VOL-2026-09-137,2026-09,2026-09-26,2026-09-26,6000-Operating,1000-Cash,102329,1023.29,ACH OUT ADP,ADP,,TXN-VOL-2026-09-137,TXN-VOL-2026-09-137,volume_cash,volume_opex
JE-GL-VOL-2026-09-138,2026-09,2026-09-27,2026-09-27,6000-Operating,1000-Cash,102346,1023.46,WIRE WEWORK CAMBRIDGE INCL WIRE CHG,WeWork Cambridge,,TXN-VOL-2026-09-138,TXN-VOL-2026-09-138,volume_cash,volume_opex
JE-GL-VOL-2026-09-139,2026-09,2026-09-28,2026-09-28,6000-Operating,1000-Cash,102363,1023.63,ACH OUT COMCAST BUSINESS,Comcast Business,,TXN-VOL-2026-09-139,TXN-VOL-2026-09-139,volume_cash,volume_opex
JE-GL-VOL-2026-09-140,2026-09,2026-09-01,2026-09-01,1000-Cash,1100-AR,102380,1023.8,ACH IN PAGAYA COFFEE SERVICE,,,TXN-VOL-2026-09-140,TXN-VOL-2026-09-140,volume_cash,volume_cash
JE-GL-VOL-2026-09-141,2026-09,2026-09-02,2026-09-02,6000-Operating,1000-Cash,102397,1023.97,ACH OUT CLEANROOM JANITORIAL,CleanRoom Janitorial,,TXN-VOL-2026-09-141,TXN-VOL-2026-09-141,volume_cash,volume_opex
JE-GL-VOL-2026-09-142,2026-09,2026-09-03,2026-09-03,6000-Operating,1000-Cash,102414,1024.14,ACH OUT KENDALL SQUARE PARKING,Kendall Square Parking,,TXN-VOL-2026-09-142,TXN-VOL-2026-09-142,volume_cash,volume_opex
JE-GL-VOL-2026-09-143,2026-09,2026-09-04,2026-09-04,6000-Operating,1000-Cash,102431,1024.31,HUBSPOT 0904 SETTLEMENT,HubSpot,,TXN-VOL-2026-09-143,TXN-VOL-2026-09-143,volume_cash,volume_opex
JE-GL-VOL-2026-09-144,2026-09,2026-09-05,2026-09-05,6000-Operating,1000-Cash,102448,1024.48,ACH OUT STRIPE PROCESSING,Stripe Processing,,TXN-VOL-2026-09-144,TXN-VOL-2026-09-144,volume_cash,volume_opex
JE-GL-VOL-2026-09-145,2026-09,2026-09-06,2026-09-06,6000-Operating,1000-Cash,102465,1024.65,ACH OUT ADYEN NV,Adyen NV,,TXN-VOL-2026-09-145,TXN-VOL-2026-09-145,volume_cash,volume_opex
JE-GL-VOL-2026-09-146,2026-09,2026-09-07,2026-09-07,6000-Operating,1000-Cash,102482,1024.82,ACH OUT DOCUSIGN,DocuSign,,TXN-VOL-2026-09-146,TXN-VOL-2026-09-146,volume_cash,volume_opex
JE-GL-VOL-2026-09-147,2026-09,2026-09-08,2026-09-08,1000-Cash,1100-AR,102499,1024.99,ACH IN PALO ALTO NETWORKS,,,TXN-VOL-2026-09-147,TXN-VOL-2026-09-147,volume_cash,volume_cash
JE-GL-VOL-2026-09-148,2026-09,2026-09-09,2026-09-09,6000-Operating,1000-Cash,102516,1025.16,ACH OUT BOSTON EDISON STEAM,Boston Edison Steam,,TXN-VOL-2026-09-148,TXN-VOL-2026-09-148,volume_cash,volume_opex
JE-GL-VOL-2026-09-149,2026-09,2026-09-10,2026-09-10,6000-Operating,1000-Cash,102533,1025.33,ACH OUT CARTA,Carta,,TXN-VOL-2026-09-149,TXN-VOL-2026-09-149,volume_cash,volume_opex
JE-GL-VOL-2026-09-150,2026-09,2026-09-11,2026-09-11,6000-Operating,1000-Cash,102550,1025.5,ACH OUT GUSTO PAYROLL,Gusto Payroll,,TXN-VOL-2026-09-150,TXN-VOL-2026-09-150,volume_cash,volume_opex
JE-GL-VOL-2026-09-151,2026-09,2026-09-12,2026-09-12,6000-Operating,1000-Cash,102567,1025.67,ACH OUT VANTA,Vanta,,TXN-VOL-2026-09-151,TXN-VOL-2026-09-151,volume_cash,volume_opex
JE-GL-VOL-2026-09-152,2026-09,2026-09-13,2026-09-13,6000-Operating,1000-Cash,102584,1025.84,ACH OUT LINEAR APP BATCH LEG 3,Linear App,,TXN-VOL-2026-09-152,TXN-VOL-2026-09-152,volume_cash,volume_opex
JE-GL-VOL-2026-09-153,2026-09,2026-09-14,2026-09-14,6000-Operating,1000-Cash,102601,1026.01,ACH OUT ACME SUPPLIES,Acme Supplies,,TXN-VOL-2026-09-153,TXN-VOL-2026-09-153,volume_cash,volume_opex
JE-GL-VOL-2026-09-154,2026-09,2026-09-15,2026-09-15,1000-Cash,1100-AR,102618,1026.18,ACME 0915 SETTLEMENT,,,TXN-VOL-2026-09-154,TXN-VOL-2026-09-154,volume_cash,volume_cash
JE-GL-VOL-2026-09-155,2026-09,2026-09-16,2026-09-16,6000-Operating,1000-Cash,102635,1026.35,ACH OUT ACME SUPPLY CO.,Acme Supply Co.,,TXN-VOL-2026-09-155,TXN-VOL-2026-09-155,volume_cash,volume_opex
JE-GL-VOL-2026-09-156,2026-09,2026-09-17,2026-09-17,6000-Operating,1000-Cash,102652,1026.52,ACH OUT AMAZON WEB SERVICES,Amazon Web Services,,TXN-VOL-2026-09-156,TXN-VOL-2026-09-156,volume_cash,volume_opex
JE-GL-VOL-2026-09-157,2026-09,2026-09-18,2026-09-18,6000-Operating,1000-Cash,102669,1026.69,ACH OUT NORTHLINE FABRICATION,Northline Fabrication,,TXN-VOL-2026-09-157,TXN-VOL-2026-09-157,volume_cash,volume_opex
JE-GL-VOL-2026-09-158,2026-09,2026-09-19,2026-09-19,6000-Operating,1000-Cash,102686,1026.86,ACH OUT OFFICE DEPOT,Office Depot,,TXN-VOL-2026-09-158,TXN-VOL-2026-09-158,volume_cash,volume_opex
JE-GL-VOL-2026-09-159,2026-09,2026-09-20,2026-09-20,6000-Operating,1000-Cash,102703,1027.03,ACH OUT HELIOS HARDWARE,Helios Hardware,,TXN-VOL-2026-09-159,TXN-VOL-2026-09-159,volume_cash,volume_opex
JE-GL-VOL-2026-09-160,2026-09,2026-09-21,2026-09-21,6000-Operating,1000-Cash,102720,1027.2,ACH OUT DATADOG,Datadog,,TXN-VOL-2026-09-160,TXN-VOL-2026-09-160,volume_cash,volume_opex
JE-GL-VOL-2026-09-161,2026-09,2026-09-22,2026-09-22,1000-Cash,1100-AR,102737,1027.37,WIRE SLACK TECHNOLOGIES INCL WIRE CHG,,,TXN-VOL-2026-09-161,TXN-VOL-2026-09-161,volume_cash,volume_cash
JE-GL-VOL-2026-09-162,2026-09,2026-09-23,2026-09-23,6000-Operating,1000-Cash,102754,1027.54,ACH OUT FIGMA,Figma,,TXN-VOL-2026-09-162,TXN-VOL-2026-09-162,volume_cash,volume_opex
JE-GL-VOL-2026-09-163,2026-09,2026-09-24,2026-09-24,6000-Operating,1000-Cash,102771,1027.71,ACH OUT GOOGLE CLOUD,Google Cloud,,TXN-VOL-2026-09-163,TXN-VOL-2026-09-163,volume_cash,volume_opex
JE-GL-VOL-2026-09-164,2026-09,2026-09-25,2026-09-25,6000-Operating,1000-Cash,102788,1027.88,ACH OUT HARTFORD INSURANCE,Hartford Insurance,,TXN-VOL-2026-09-164,TXN-VOL-2026-09-164,volume_cash,volume_opex
JE-GL-VOL-2026-09-165,2026-09,2026-09-26,2026-09-26,6000-Operating,1000-Cash,102805,1028.05,ORBIT 0926 SETTLEMENT,Orbit Analytics,,TXN-VOL-2026-09-165,TXN-VOL-2026-09-165,volume_cash,volume_opex
JE-GL-VOL-2026-09-166,2026-09,2026-09-27,2026-09-27,6000-Operating,1000-Cash,102822,1028.22,ACH OUT CAMBRIDGE PROPERTIES,Cambridge Properties,,TXN-VOL-2026-09-166,TXN-VOL-2026-09-166,volume_cash,volume_opex
JE-GL-VOL-2026-09-167,2026-09,2026-09-28,2026-09-28,6000-Operating,1000-Cash,102839,1028.39,ACH OUT DELL TECHNOLOGIES,Dell Technologies,,TXN-VOL-2026-09-167,TXN-VOL-2026-09-167,volume_cash,volume_opex
JE-GL-VOL-2026-09-168,2026-09,2026-09-01,2026-09-01,1000-Cash,1100-AR,102856,1028.56,ACH IN HARBOR ELECTRIC,,,TXN-VOL-2026-09-168,TXN-VOL-2026-09-168,volume_cash,volume_cash
JE-GL-VOL-2026-09-169,2026-09,2026-09-02,2026-09-02,6000-Operating,1000-Cash,102873,1028.73,ACH OUT LINDHOLM & RUIZ LLP,Lindholm & Ruiz LLP,,TXN-VOL-2026-09-169,TXN-VOL-2026-09-169,volume_cash,volume_opex
JE-GL-VOL-2026-09-170,2026-09,2026-09-03,2026-09-03,6000-Operating,1000-Cash,102890,1028.9,ACH OUT GITHUB,GitHub,,TXN-VOL-2026-09-170,TXN-VOL-2026-09-170,volume_cash,volume_opex
JE-GL-VOL-2026-09-171,2026-09,2026-09-04,2026-09-04,6000-Operating,1000-Cash,102907,1029.07,ACH OUT SHADOW VENDOR LLC BATCH LEG 1,Shadow Vendor LLC,,TXN-VOL-2026-09-171,TXN-VOL-2026-09-171,volume_cash,volume_opex
JE-GL-VOL-2026-09-172,2026-09,2026-09-05,2026-09-05,6000-Operating,1000-Cash,102924,1029.24,ACH OUT FREIGHTLINE LOGISTICS,Freightline Logistics,,TXN-VOL-2026-09-172,TXN-VOL-2026-09-172,volume_cash,volume_opex
JE-GL-VOL-2026-09-173,2026-09,2026-09-06,2026-09-06,6000-Operating,1000-Cash,102941,1029.41,ACH OUT LENOVO,Lenovo,,TXN-VOL-2026-09-173,TXN-VOL-2026-09-173,volume_cash,volume_opex
JE-GL-VOL-2026-09-174,2026-09,2026-09-07,2026-09-07,6000-Operating,1000-Cash,102958,1029.58,ACH OUT MISC SUPPLIES,Misc Supplies,,TXN-VOL-2026-09-174,TXN-VOL-2026-09-174,volume_cash,volume_opex
JE-GL-VOL-2026-09-175,2026-09,2026-09-08,2026-09-08,1000-Cash,1100-AR,102975,1029.75,ACH IN TWILIO,,,TXN-VOL-2026-09-175,TXN-VOL-2026-09-175,volume_cash,volume_cash
JE-GL-VOL-2026-09-176,2026-09,2026-09-09,2026-09-09,6000-Operating,1000-Cash,102992,1029.92,NOTION 0909 SETTLEMENT,Notion Labs,,TXN-VOL-2026-09-176,TXN-VOL-2026-09-176,volume_cash,volume_opex
JE-GL-VOL-2026-09-177,2026-09,2026-09-10,2026-09-10,6000-Operating,1000-Cash,103009,1030.09,ACH OUT SNOWFLAKE,Snowflake,,TXN-VOL-2026-09-177,TXN-VOL-2026-09-177,volume_cash,volume_opex
JE-GL-VOL-2026-09-178,2026-09,2026-09-11,2026-09-11,6000-Operating,1000-Cash,103026,1030.26,ACH OUT OKTA,Okta,,TXN-VOL-2026-09-178,TXN-VOL-2026-09-178,volume_cash,volume_opex
JE-GL-VOL-2026-09-179,2026-09,2026-09-12,2026-09-12,6000-Operating,1000-Cash,103043,1030.43,ACH OUT CROWDSTRIKE,CrowdStrike,,TXN-VOL-2026-09-179,TXN-VOL-2026-09-179,volume_cash,volume_opex
JE-GL-VOL-2026-09-180,2026-09,2026-09-13,2026-09-13,6000-Operating,1000-Cash,103060,1030.6,ACH OUT ZOOM VIDEO,Zoom Video,,TXN-VOL-2026-09-180,TXN-VOL-2026-09-180,volume_cash,volume_opex
JE-GL-VOL-2026-09-181,2026-09,2026-09-14,2026-09-14,6000-Operating,1000-Cash,103077,1030.77,ACH OUT ATLASSIAN,Atlassian,,TXN-VOL-2026-09-181,TXN-VOL-2026-09-181,volume_cash,volume_opex
JE-PRREG-2025-10-03,2025-10,2025-10-03,2025-10-03,6100-Payroll,1000-Cash,26346154,263461.54,Biweekly payroll 2025-10-03,,,PR-2025-10-03,TXN-PRREG-2025-10-03,payroll,volume_payroll
JE-PRREG-2025-10-17,2025-10,2025-10-17,2025-10-17,6100-Payroll,1000-Cash,26346154,263461.54,Biweekly payroll 2025-10-17,,,PR-2025-10-17,TXN-PRREG-2025-10-17,payroll,volume_payroll
JE-PRREG-2025-10-31,2025-10,2025-10-31,2025-10-31,6100-Payroll,1000-Cash,26346154,263461.54,Biweekly payroll 2025-10-31,,,PR-2025-10-31,TXN-PRREG-2025-10-31,payroll,volume_payroll
JE-PRREG-2025-11-14,2025-11,2025-11-14,2025-11-14,6100-Payroll,1000-Cash,26346154,263461.54,Biweekly payroll 2025-11-14,,,PR-2025-11-14,TXN-PRREG-2025-11-14,payroll,volume_payroll
JE-PRREG-2025-11-28,2025-11,2025-11-28,2025-11-28,6100-Payroll,1000-Cash,26346154,263461.54,Biweekly payroll 2025-11-28,,,PR-2025-11-28,TXN-PRREG-2025-11-28,payroll,volume_payroll
JE-PRREG-2025-12-12,2025-12,2025-12-12,2025-12-12,6100-Payroll,1000-Cash,26346154,263461.54,Biweekly payroll 2025-12-12,,,PR-2025-12-12,TXN-PRREG-2025-12-12,payroll,volume_payroll
JE-PRREG-2025-12-26,2025-12,2025-12-26,2025-12-26,6100-Payroll,1000-Cash,26346154,263461.54,Biweekly payroll 2025-12-26,,,PR-2025-12-26,TXN-PRREG-2025-12-26,payroll,volume_payroll
JE-PRREG-2026-01-09,2026-01,2026-01-09,2026-01-09,6100-Payroll,1000-Cash,26346154,263461.54,Biweekly payroll 2026-01-09,,,PR-2026-01-09,TXN-PRREG-2026-01-09,payroll,volume_payroll
JE-PRREG-2026-01-23,2026-01,2026-01-23,2026-01-23,6100-Payroll,1000-Cash,26346154,263461.54,Biweekly payroll 2026-01-23,,,PR-2026-01-23,TXN-PRREG-2026-01-23,payroll,volume_payroll
JE-PRREG-2026-02-06,2026-02,2026-02-06,2026-02-06,6100-Payroll,1000-Cash,26346154,263461.54,Biweekly payroll 2026-02-06,,,PR-2026-02-06,TXN-PRREG-2026-02-06,payroll,volume_payroll
JE-PRREG-2026-02-20,2026-02,2026-02-20,2026-02-20,6100-Payroll,1000-Cash,26346154,263461.54,Biweekly payroll 2026-02-20,,,PR-2026-02-20,TXN-PRREG-2026-02-20,payroll,volume_payroll
JE-PRREG-2026-03-06,2026-03,2026-03-06,2026-03-06,6100-Payroll,1000-Cash,26346154,263461.54,Biweekly payroll 2026-03-06,,,PR-2026-03-06,TXN-PRREG-2026-03-06,payroll,volume_payroll
JE-PRREG-2026-03-20,2026-03,2026-03-20,2026-03-20,6100-Payroll,1000-Cash,26346154,263461.54,Biweekly payroll 2026-03-20,,,PR-2026-03-20,TXN-PRREG-2026-03-20,payroll,volume_payroll
JE-PRREG-2026-04-03,2026-04,2026-04-03,2026-04-03,6100-Payroll,1000-Cash,26346154,263461.54,Biweekly payroll 2026-04-03,,,PR-2026-04-03,TXN-PRREG-2026-04-03,payroll,volume_payroll
JE-PRREG-2026-04-17,2026-04,2026-04-17,2026-04-17,6100-Payroll,1000-Cash,26346154,263461.54,Biweekly payroll 2026-04-17,,,PR-2026-04-17,TXN-PRREG-2026-04-17,payroll,volume_payroll
JE-PRREG-2026-05-01,2026-05,2026-05-01,2026-05-01,6100-Payroll,1000-Cash,26346154,263461.54,Biweekly payroll 2026-05-01,,,PR-2026-05-01,TXN-PRREG-2026-05-01,payroll,volume_payroll
JE-PRREG-2026-05-15,2026-05,2026-05-15,2026-05-15,6100-Payroll,1000-Cash,26346154,263461.54,Biweekly payroll 2026-05-15,,,PR-2026-05-15,TXN-PRREG-2026-05-15,payroll,volume_payroll
JE-PRREG-2026-05-29,2026-05,2026-05-29,2026-05-29,6100-Payroll,1000-Cash,26346154,263461.54,Biweekly payroll 2026-05-29,,,PR-2026-05-29,TXN-PRREG-2026-05-29,payroll,volume_payroll
JE-PRREG-2026-06-12,2026-06,2026-06-12,2026-06-12,6100-Payroll,1000-Cash,26346154,263461.54,Biweekly payroll 2026-06-12,,,PR-2026-06-12,TXN-PRREG-2026-06-12,payroll,volume_payroll
JE-PRREG-2026-06-26,2026-06,2026-06-26,2026-06-26,6100-Payroll,1000-Cash,26346154,263461.54,Biweekly payroll 2026-06-26,,,PR-2026-06-26,TXN-PRREG-2026-06-26,payroll,volume_payroll
JE-PRREG-2026-07-10,2026-07,2026-07-10,2026-07-10,6100-Payroll,1000-Cash,26346154,263461.54,Biweekly payroll 2026-07-10,,,PR-2026-07-10,TXN-PRREG-2026-07-10,payroll,volume_payroll
JE-PRREG-2026-07-24,2026-07,2026-07-24,2026-07-24,6100-Payroll,1000-Cash,26346154,263461.54,Biweekly payroll 2026-07-24,,,PR-2026-07-24,TXN-PRREG-2026-07-24,payroll,volume_payroll
JE-POST-CLOSE-001,2026-09,2026-09-30,2026-10-05,Consulting Expense,1000-Cash,1500000,15000.0,Late adjustment after close,Northwind Phantom LLC,,PAY-AP-009,JE-POST-CLOSE-001,manual,
