pay_date,period_start,period_end,employee_id,full_name,department,annual_salary,gross_pay,employee_taxes,benefits,net_pay,employer_cost,location,bank_account
2025-10-03,2025-09-20,2025-10-03,EMP-001,Priya Nair,Finance,185000,7115.38,1565.38,95.0,5455.0,8064.23,"Cambridge, MA",BANK-PAYROLL
2025-10-03,2025-09-20,2025-10-03,EMP-002,Jordan Hale,Finance,162000,6230.77,1370.77,95.0,4765.0,7073.46,"Cambridge, MA",BANK-PAYROLL
2025-10-03,2025-09-20,2025-10-03,EMP-003,Marcus Chen,Engineering,210000,8076.92,1776.92,95.0,6205.0,9141.15,"Cambridge, MA",BANK-PAYROLL
2025-10-03,2025-09-20,2025-10-03,EMP-004,Elena Vasquez,Engineering,198000,7615.38,1675.38,95.0,5845.0,8624.23,"Cambridge, MA",BANK-PAYROLL
2025-10-03,2025-09-20,2025-10-03,EMP-005,Maya Ortiz,Operations,98000,3769.23,829.23,95.0,2845.0,4316.54,"Cambridge, MA",BANK-PAYROLL
2025-10-03,2025-09-20,2025-10-03,EMP-006,Chris Lang,Engineering,175000,6730.77,1480.77,95.0,5155.0,7633.46,"Cambridge, MA",BANK-PAYROLL
2025-10-03,2025-09-20,2025-10-03,EMP-007,Sofia Rahman,Sales,140000,5384.62,1184.62,95.0,4105.0,6125.77,"Cambridge, MA",BANK-PAYROLL
2025-10-03,2025-09-20,2025-10-03,EMP-008,Noah Patel,Sales,128000,4923.08,1083.08,95.0,3745.0,5608.85,"Cambridge, MA",BANK-PAYROLL
2025-10-03,2025-09-20,2025-10-03,EMP-009,Hannah Kim,Customer Success,110000,4230.77,930.77,95.0,3205.0,4833.46,"Cambridge, MA",BANK-PAYROLL
2025-10-03,2025-09-20,2025-10-03,EMP-010,Luis Romero,Engineering,188000,7230.77,1590.77,95.0,5545.0,8193.46,"Cambridge, MA",BANK-PAYROLL
2025-10-03,2025-09-20,2025-10-03,EMP-011,Ava Berg,Engineering,172000,6615.38,1455.38,95.0,5065.0,7504.23,"Cambridge, MA",BANK-PAYROLL
2025-10-03,2025-09-20,2025-10-03,EMP-012,Owen Blake,G&A,92000,3538.46,778.46,95.0,2665.0,4058.08,"Cambridge, MA",BANK-PAYROLL
2025-10-03,2025-09-20,2025-10-03,EMP-013,Grace Liu,Finance,125000,4807.69,1057.69,95.0,3655.0,5479.61,"Cambridge, MA",BANK-PAYROLL
2025-10-03,2025-09-20,2025-10-03,EMP-014,Theo Grant,Engineering,205000,7884.62,1734.62,95.0,6055.0,8925.77,"Cambridge, MA",BANK-PAYROLL
2025-10-03,2025-09-20,2025-10-03,EMP-015,Nina Volkov,Sales,135000,5192.31,1142.31,95.0,3955.0,5910.39,"Cambridge, MA",BANK-PAYROLL
2025-10-03,2025-09-20,2025-10-03,EMP-016,Jamal Wright,Customer Success,102000,3923.08,863.08,95.0,2965.0,4488.85,"Cambridge, MA",BANK-PAYROLL
2025-10-03,2025-09-20,2025-10-03,EMP-017,Ivy Chen,Engineering,168000,6461.54,1421.54,95.0,4945.0,7331.92,"Cambridge, MA",BANK-PAYROLL
2025-10-03,2025-09-20,2025-10-03,EMP-018,Peter Holm,Operations,88000,3384.62,744.62,95.0,2545.0,3885.77,"Cambridge, MA",BANK-PAYROLL
2025-10-03,2025-09-20,2025-10-03,EMP-019,Sara Quill,G&A,76000,2923.08,643.08,95.0,2185.0,3368.85,"Cambridge, MA",BANK-PAYROLL
2025-10-03,2025-09-20,2025-10-03,EMP-020,Benito Cruz,Engineering,181000,6961.54,1531.54,95.0,5335.0,7891.92,"Cambridge, MA",BANK-PAYROLL
2025-10-03,2025-09-20,2025-10-03,EMP-021,Leah Morse,Finance,118000,4538.46,998.46,95.0,3445.0,5178.08,"Cambridge, MA",BANK-PAYROLL
2025-10-03,2025-09-20,2025-10-03,EMP-022,Kenji Sato,Engineering,194000,7461.54,1641.54,95.0,5725.0,8451.92,"Cambridge, MA",BANK-PAYROLL
2025-10-03,2025-09-20,2025-10-03,EMP-023,Ruth Adler,Legal ops,155000,5961.54,1311.54,95.0,4555.0,6771.92,"Cambridge, MA",BANK-PAYROLL
2025-10-03,2025-09-20,2025-10-03,EMP-024,Omar Farid,Engineering,176000,6769.23,1489.23,95.0,5185.0,7676.54,"Cambridge, MA",BANK-PAYROLL
2025-10-03,2025-09-20,2025-10-03,EMP-025,Cora Dane,Sales,122000,4692.31,1032.31,95.0,3565.0,5350.39,"Cambridge, MA",BANK-PAYROLL
2025-10-03,2025-09-20,2025-10-03,EMP-026,Felix Nguyen,Engineering,169000,6500.0,1430.0,95.0,4975.0,7375.0,"Cambridge, MA",BANK-PAYROLL
2025-10-03,2025-09-20,2025-10-03,EMP-027,Dana Brooks,Customer Success,99000,3807.69,837.69,95.0,2875.0,4359.61,"Cambridge, MA",BANK-PAYROLL
2025-10-03,2025-09-20,2025-10-03,EMP-028,Will Park,Engineering,201000,7730.77,1700.77,95.0,5935.0,8753.46,"Cambridge, MA",BANK-PAYROLL
2025-10-03,2025-09-20,2025-10-03,EMP-029,Amelia Frost,G&A,84000,3230.77,710.77,95.0,2425.0,3713.46,"Cambridge, MA",BANK-PAYROLL
2025-10-03,2025-09-20,2025-10-03,EMP-030,Hugo Stein,Operations,91000,3500.0,770.0,95.0,2635.0,4015.0,"Cambridge, MA",BANK-PAYROLL
2025-10-03,2025-09-20,2025-10-03,EMP-031,Yara Haddad,Engineering,183000,7038.46,1548.46,95.0,5395.0,7978.08,"Cambridge, MA",BANK-PAYROLL
2025-10-03,2025-09-20,2025-10-03,EMP-032,Miles Quinn,Sales,131000,5038.46,1108.46,95.0,3835.0,5738.08,"Cambridge, MA",BANK-PAYROLL
2025-10-03,2025-09-20,2025-10-03,EMP-033,Piper Shaw,Finance,108000,4153.85,913.85,95.0,3145.0,4747.31,"Cambridge, MA",BANK-PAYROLL
2025-10-03,2025-09-20,2025-10-03,EMP-034,Andre Silva,Engineering,177000,6807.69,1497.69,95.0,5215.0,7719.61,"Cambridge, MA",BANK-PAYROLL
2025-10-03,2025-09-20,2025-10-03,EMP-035,Naomi Ellis,Customer Success,104000,4000.0,880.0,95.0,3025.0,4575.0,"Cambridge, MA",BANK-PAYROLL
2025-10-03,2025-09-20,2025-10-03,EMP-036,Rex Calder,Engineering,190000,7307.69,1607.69,95.0,5605.0,8279.61,"Cambridge, MA",BANK-PAYROLL
2025-10-03,2025-09-20,2025-10-03,EMP-037,Jun Park,Engineering,165000,6346.15,1396.15,95.0,4855.0,7202.69,"Cambridge, MA",BANK-PAYROLL
2025-10-03,2025-09-20,2025-10-03,EMP-038,Helen Cho,G&A,79000,3038.46,668.46,95.0,2275.0,3498.08,"Cambridge, MA",BANK-PAYROLL
2025-10-03,2025-09-20,2025-10-03,EMP-039,Samir Joshi,Engineering,186000,7153.85,1573.85,95.0,5485.0,8107.31,"Cambridge, MA",BANK-PAYROLL
2025-10-03,2025-09-20,2025-10-03,EMP-040,Tessa Ward,Sales,126000,4846.15,1066.15,95.0,3685.0,5522.69,"Cambridge, MA",BANK-PAYROLL
2025-10-03,2025-09-20,2025-10-03,EMP-041,Colin Byrne,Operations,87000,3346.15,736.15,95.0,2515.0,3842.69,"Cambridge, MA",BANK-PAYROLL
2025-10-03,2025-09-20,2025-10-03,EMP-042,Rita Gomez,Finance,112000,4307.69,947.69,95.0,3265.0,4919.61,"Cambridge, MA",BANK-PAYROLL
2025-10-03,2025-09-20,2025-10-03,EMP-043,Evan Cole,Engineering,174000,6692.31,1472.31,95.0,5125.0,7590.39,"Cambridge, MA",BANK-PAYROLL
2025-10-03,2025-09-20,2025-10-03,EMP-044,Paula Reed,Customer Success,97000,3730.77,820.77,95.0,2815.0,4273.46,"Cambridge, MA",BANK-PAYROLL
2025-10-03,2025-09-20,2025-10-03,EMP-045,Dmitri Orlov,Engineering,199000,7653.85,1683.85,95.0,5875.0,8667.31,"Cambridge, MA",BANK-PAYROLL
2025-10-03,2025-09-20,2025-10-03,EMP-046,Jane Holt,G&A,81000,3115.38,685.38,95.0,2335.0,3584.23,"Cambridge, MA",BANK-PAYROLL
2025-10-03,2025-09-20,2025-10-03,EMP-047,Kai Nakamura,Engineering,171000,6576.92,1446.92,95.0,5035.0,7461.15,"Cambridge, MA",BANK-PAYROLL
2025-10-03,2025-09-20,2025-10-03,EMP-048,Marisol Vega,Sales,133000,5115.38,1125.38,95.0,3895.0,5824.23,"Cambridge, MA",BANK-PAYROLL
2025-10-17,2025-10-04,2025-10-17,EMP-001,Priya Nair,Finance,185000,7115.38,1565.38,95.0,5455.0,8064.23,"Cambridge, MA",BANK-PAYROLL
2025-10-17,2025-10-04,2025-10-17,EMP-002,Jordan Hale,Finance,162000,6230.77,1370.77,95.0,4765.0,7073.46,"Cambridge, MA",BANK-PAYROLL
2025-10-17,2025-10-04,2025-10-17,EMP-003,Marcus Chen,Engineering,210000,8076.92,1776.92,95.0,6205.0,9141.15,"Cambridge, MA",BANK-PAYROLL
2025-10-17,2025-10-04,2025-10-17,EMP-004,Elena Vasquez,Engineering,198000,7615.38,1675.38,95.0,5845.0,8624.23,"Cambridge, MA",BANK-PAYROLL
2025-10-17,2025-10-04,2025-10-17,EMP-005,Maya Ortiz,Operations,98000,3769.23,829.23,95.0,2845.0,4316.54,"Cambridge, MA",BANK-PAYROLL
2025-10-17,2025-10-04,2025-10-17,EMP-006,Chris Lang,Engineering,175000,6730.77,1480.77,95.0,5155.0,7633.46,"Cambridge, MA",BANK-PAYROLL
2025-10-17,2025-10-04,2025-10-17,EMP-007,Sofia Rahman,Sales,140000,5384.62,1184.62,95.0,4105.0,6125.77,"Cambridge, MA",BANK-PAYROLL
2025-10-17,2025-10-04,2025-10-17,EMP-008,Noah Patel,Sales,128000,4923.08,1083.08,95.0,3745.0,5608.85,"Cambridge, MA",BANK-PAYROLL
2025-10-17,2025-10-04,2025-10-17,EMP-009,Hannah Kim,Customer Success,110000,4230.77,930.77,95.0,3205.0,4833.46,"Cambridge, MA",BANK-PAYROLL
2025-10-17,2025-10-04,2025-10-17,EMP-010,Luis Romero,Engineering,188000,7230.77,1590.77,95.0,5545.0,8193.46,"Cambridge, MA",BANK-PAYROLL
2025-10-17,2025-10-04,2025-10-17,EMP-011,Ava Berg,Engineering,172000,6615.38,1455.38,95.0,5065.0,7504.23,"Cambridge, MA",BANK-PAYROLL
2025-10-17,2025-10-04,2025-10-17,EMP-012,Owen Blake,G&A,92000,3538.46,778.46,95.0,2665.0,4058.08,"Cambridge, MA",BANK-PAYROLL
2025-10-17,2025-10-04,2025-10-17,EMP-013,Grace Liu,Finance,125000,4807.69,1057.69,95.0,3655.0,5479.61,"Cambridge, MA",BANK-PAYROLL
2025-10-17,2025-10-04,2025-10-17,EMP-014,Theo Grant,Engineering,205000,7884.62,1734.62,95.0,6055.0,8925.77,"Cambridge, MA",BANK-PAYROLL
2025-10-17,2025-10-04,2025-10-17,EMP-015,Nina Volkov,Sales,135000,5192.31,1142.31,95.0,3955.0,5910.39,"Cambridge, MA",BANK-PAYROLL
2025-10-17,2025-10-04,2025-10-17,EMP-016,Jamal Wright,Customer Success,102000,3923.08,863.08,95.0,2965.0,4488.85,"Cambridge, MA",BANK-PAYROLL
2025-10-17,2025-10-04,2025-10-17,EMP-017,Ivy Chen,Engineering,168000,6461.54,1421.54,95.0,4945.0,7331.92,"Cambridge, MA",BANK-PAYROLL
2025-10-17,2025-10-04,2025-10-17,EMP-018,Peter Holm,Operations,88000,3384.62,744.62,95.0,2545.0,3885.77,"Cambridge, MA",BANK-PAYROLL
2025-10-17,2025-10-04,2025-10-17,EMP-019,Sara Quill,G&A,76000,2923.08,643.08,95.0,2185.0,3368.85,"Cambridge, MA",BANK-PAYROLL
2025-10-17,2025-10-04,2025-10-17,EMP-020,Benito Cruz,Engineering,181000,6961.54,1531.54,95.0,5335.0,7891.92,"Cambridge, MA",BANK-PAYROLL
2025-10-17,2025-10-04,2025-10-17,EMP-021,Leah Morse,Finance,118000,4538.46,998.46,95.0,3445.0,5178.08,"Cambridge, MA",BANK-PAYROLL
2025-10-17,2025-10-04,2025-10-17,EMP-022,Kenji Sato,Engineering,194000,7461.54,1641.54,95.0,5725.0,8451.92,"Cambridge, MA",BANK-PAYROLL
2025-10-17,2025-10-04,2025-10-17,EMP-023,Ruth Adler,Legal ops,155000,5961.54,1311.54,95.0,4555.0,6771.92,"Cambridge, MA",BANK-PAYROLL
2025-10-17,2025-10-04,2025-10-17,EMP-024,Omar Farid,Engineering,176000,6769.23,1489.23,95.0,5185.0,7676.54,"Cambridge, MA",BANK-PAYROLL
2025-10-17,2025-10-04,2025-10-17,EMP-025,Cora Dane,Sales,122000,4692.31,1032.31,95.0,3565.0,5350.39,"Cambridge, MA",BANK-PAYROLL
2025-10-17,2025-10-04,2025-10-17,EMP-026,Felix Nguyen,Engineering,169000,6500.0,1430.0,95.0,4975.0,7375.0,"Cambridge, MA",BANK-PAYROLL
2025-10-17,2025-10-04,2025-10-17,EMP-027,Dana Brooks,Customer Success,99000,3807.69,837.69,95.0,2875.0,4359.61,"Cambridge, MA",BANK-PAYROLL
2025-10-17,2025-10-04,2025-10-17,EMP-028,Will Park,Engineering,201000,7730.77,1700.77,95.0,5935.0,8753.46,"Cambridge, MA",BANK-PAYROLL
2025-10-17,2025-10-04,2025-10-17,EMP-029,Amelia Frost,G&A,84000,3230.77,710.77,95.0,2425.0,3713.46,"Cambridge, MA",BANK-PAYROLL
2025-10-17,2025-10-04,2025-10-17,EMP-030,Hugo Stein,Operations,91000,3500.0,770.0,95.0,2635.0,4015.0,"Cambridge, MA",BANK-PAYROLL
2025-10-17,2025-10-04,2025-10-17,EMP-031,Yara Haddad,Engineering,183000,7038.46,1548.46,95.0,5395.0,7978.08,"Cambridge, MA",BANK-PAYROLL
2025-10-17,2025-10-04,2025-10-17,EMP-032,Miles Quinn,Sales,131000,5038.46,1108.46,95.0,3835.0,5738.08,"Cambridge, MA",BANK-PAYROLL
2025-10-17,2025-10-04,2025-10-17,EMP-033,Piper Shaw,Finance,108000,4153.85,913.85,95.0,3145.0,4747.31,"Cambridge, MA",BANK-PAYROLL
2025-10-17,2025-10-04,2025-10-17,EMP-034,Andre Silva,Engineering,177000,6807.69,1497.69,95.0,5215.0,7719.61,"Cambridge, MA",BANK-PAYROLL
2025-10-17,2025-10-04,2025-10-17,EMP-035,Naomi Ellis,Customer Success,104000,4000.0,880.0,95.0,3025.0,4575.0,"Cambridge, MA",BANK-PAYROLL
2025-10-17,2025-10-04,2025-10-17,EMP-036,Rex Calder,Engineering,190000,7307.69,1607.69,95.0,5605.0,8279.61,"Cambridge, MA",BANK-PAYROLL
2025-10-17,2025-10-04,2025-10-17,EMP-037,Jun Park,Engineering,165000,6346.15,1396.15,95.0,4855.0,7202.69,"Cambridge, MA",BANK-PAYROLL
2025-10-17,2025-10-04,2025-10-17,EMP-038,Helen Cho,G&A,79000,3038.46,668.46,95.0,2275.0,3498.08,"Cambridge, MA",BANK-PAYROLL
2025-10-17,2025-10-04,2025-10-17,EMP-039,Samir Joshi,Engineering,186000,7153.85,1573.85,95.0,5485.0,8107.31,"Cambridge, MA",BANK-PAYROLL
2025-10-17,2025-10-04,2025-10-17,EMP-040,Tessa Ward,Sales,126000,4846.15,1066.15,95.0,3685.0,5522.69,"Cambridge, MA",BANK-PAYROLL
2025-10-17,2025-10-04,2025-10-17,EMP-041,Colin Byrne,Operations,87000,3346.15,736.15,95.0,2515.0,3842.69,"Cambridge, MA",BANK-PAYROLL
2025-10-17,2025-10-04,2025-10-17,EMP-042,Rita Gomez,Finance,112000,4307.69,947.69,95.0,3265.0,4919.61,"Cambridge, MA",BANK-PAYROLL
2025-10-17,2025-10-04,2025-10-17,EMP-043,Evan Cole,Engineering,174000,6692.31,1472.31,95.0,5125.0,7590.39,"Cambridge, MA",BANK-PAYROLL
2025-10-17,2025-10-04,2025-10-17,EMP-044,Paula Reed,Customer Success,97000,3730.77,820.77,95.0,2815.0,4273.46,"Cambridge, MA",BANK-PAYROLL
2025-10-17,2025-10-04,2025-10-17,EMP-045,Dmitri Orlov,Engineering,199000,7653.85,1683.85,95.0,5875.0,8667.31,"Cambridge, MA",BANK-PAYROLL
2025-10-17,2025-10-04,2025-10-17,EMP-046,Jane Holt,G&A,81000,3115.38,685.38,95.0,2335.0,3584.23,"Cambridge, MA",BANK-PAYROLL
2025-10-17,2025-10-04,2025-10-17,EMP-047,Kai Nakamura,Engineering,171000,6576.92,1446.92,95.0,5035.0,7461.15,"Cambridge, MA",BANK-PAYROLL
2025-10-17,2025-10-04,2025-10-17,EMP-048,Marisol Vega,Sales,133000,5115.38,1125.38,95.0,3895.0,5824.23,"Cambridge, MA",BANK-PAYROLL
2025-10-31,2025-10-18,2025-10-31,EMP-001,Priya Nair,Finance,185000,7115.38,1565.38,95.0,5455.0,8064.23,"Cambridge, MA",BANK-PAYROLL
2025-10-31,2025-10-18,2025-10-31,EMP-002,Jordan Hale,Finance,162000,6230.77,1370.77,95.0,4765.0,7073.46,"Cambridge, MA",BANK-PAYROLL
2025-10-31,2025-10-18,2025-10-31,EMP-003,Marcus Chen,Engineering,210000,8076.92,1776.92,95.0,6205.0,9141.15,"Cambridge, MA",BANK-PAYROLL
2025-10-31,2025-10-18,2025-10-31,EMP-004,Elena Vasquez,Engineering,198000,7615.38,1675.38,95.0,5845.0,8624.23,"Cambridge, MA",BANK-PAYROLL
2025-10-31,2025-10-18,2025-10-31,EMP-005,Maya Ortiz,Operations,98000,3769.23,829.23,95.0,2845.0,4316.54,"Cambridge, MA",BANK-PAYROLL
2025-10-31,2025-10-18,2025-10-31,EMP-006,Chris Lang,Engineering,175000,6730.77,1480.77,95.0,5155.0,7633.46,"Cambridge, MA",BANK-PAYROLL
2025-10-31,2025-10-18,2025-10-31,EMP-007,Sofia Rahman,Sales,140000,5384.62,1184.62,95.0,4105.0,6125.77,"Cambridge, MA",BANK-PAYROLL
2025-10-31,2025-10-18,2025-10-31,EMP-008,Noah Patel,Sales,128000,4923.08,1083.08,95.0,3745.0,5608.85,"Cambridge, MA",BANK-PAYROLL
2025-10-31,2025-10-18,2025-10-31,EMP-009,Hannah Kim,Customer Success,110000,4230.77,930.77,95.0,3205.0,4833.46,"Cambridge, MA",BANK-PAYROLL
2025-10-31,2025-10-18,2025-10-31,EMP-010,Luis Romero,Engineering,188000,7230.77,1590.77,95.0,5545.0,8193.46,"Cambridge, MA",BANK-PAYROLL
2025-10-31,2025-10-18,2025-10-31,EMP-011,Ava Berg,Engineering,172000,6615.38,1455.38,95.0,5065.0,7504.23,"Cambridge, MA",BANK-PAYROLL
2025-10-31,2025-10-18,2025-10-31,EMP-012,Owen Blake,G&A,92000,3538.46,778.46,95.0,2665.0,4058.08,"Cambridge, MA",BANK-PAYROLL
2025-10-31,2025-10-18,2025-10-31,EMP-013,Grace Liu,Finance,125000,4807.69,1057.69,95.0,3655.0,5479.61,"Cambridge, MA",BANK-PAYROLL
2025-10-31,2025-10-18,2025-10-31,EMP-014,Theo Grant,Engineering,205000,7884.62,1734.62,95.0,6055.0,8925.77,"Cambridge, MA",BANK-PAYROLL
2025-10-31,2025-10-18,2025-10-31,EMP-015,Nina Volkov,Sales,135000,5192.31,1142.31,95.0,3955.0,5910.39,"Cambridge, MA",BANK-PAYROLL
2025-10-31,2025-10-18,2025-10-31,EMP-016,Jamal Wright,Customer Success,102000,3923.08,863.08,95.0,2965.0,4488.85,"Cambridge, MA",BANK-PAYROLL
2025-10-31,2025-10-18,2025-10-31,EMP-017,Ivy Chen,Engineering,168000,6461.54,1421.54,95.0,4945.0,7331.92,"Cambridge, MA",BANK-PAYROLL
2025-10-31,2025-10-18,2025-10-31,EMP-018,Peter Holm,Operations,88000,3384.62,744.62,95.0,2545.0,3885.77,"Cambridge, MA",BANK-PAYROLL
2025-10-31,2025-10-18,2025-10-31,EMP-019,Sara Quill,G&A,76000,2923.08,643.08,95.0,2185.0,3368.85,"Cambridge, MA",BANK-PAYROLL
2025-10-31,2025-10-18,2025-10-31,EMP-020,Benito Cruz,Engineering,181000,6961.54,1531.54,95.0,5335.0,7891.92,"Cambridge, MA",BANK-PAYROLL
2025-10-31,2025-10-18,2025-10-31,EMP-021,Leah Morse,Finance,118000,4538.46,998.46,95.0,3445.0,5178.08,"Cambridge, MA",BANK-PAYROLL
2025-10-31,2025-10-18,2025-10-31,EMP-022,Kenji Sato,Engineering,194000,7461.54,1641.54,95.0,5725.0,8451.92,"Cambridge, MA",BANK-PAYROLL
2025-10-31,2025-10-18,2025-10-31,EMP-023,Ruth Adler,Legal ops,155000,5961.54,1311.54,95.0,4555.0,6771.92,"Cambridge, MA",BANK-PAYROLL
2025-10-31,2025-10-18,2025-10-31,EMP-024,Omar Farid,Engineering,176000,6769.23,1489.23,95.0,5185.0,7676.54,"Cambridge, MA",BANK-PAYROLL
2025-10-31,2025-10-18,2025-10-31,EMP-025,Cora Dane,Sales,122000,4692.31,1032.31,95.0,3565.0,5350.39,"Cambridge, MA",BANK-PAYROLL
2025-10-31,2025-10-18,2025-10-31,EMP-026,Felix Nguyen,Engineering,169000,6500.0,1430.0,95.0,4975.0,7375.0,"Cambridge, MA",BANK-PAYROLL
2025-10-31,2025-10-18,2025-10-31,EMP-027,Dana Brooks,Customer Success,99000,3807.69,837.69,95.0,2875.0,4359.61,"Cambridge, MA",BANK-PAYROLL
2025-10-31,2025-10-18,2025-10-31,EMP-028,Will Park,Engineering,201000,7730.77,1700.77,95.0,5935.0,8753.46,"Cambridge, MA",BANK-PAYROLL
2025-10-31,2025-10-18,2025-10-31,EMP-029,Amelia Frost,G&A,84000,3230.77,710.77,95.0,2425.0,3713.46,"Cambridge, MA",BANK-PAYROLL
2025-10-31,2025-10-18,2025-10-31,EMP-030,Hugo Stein,Operations,91000,3500.0,770.0,95.0,2635.0,4015.0,"Cambridge, MA",BANK-PAYROLL
2025-10-31,2025-10-18,2025-10-31,EMP-031,Yara Haddad,Engineering,183000,7038.46,1548.46,95.0,5395.0,7978.08,"Cambridge, MA",BANK-PAYROLL
2025-10-31,2025-10-18,2025-10-31,EMP-032,Miles Quinn,Sales,131000,5038.46,1108.46,95.0,3835.0,5738.08,"Cambridge, MA",BANK-PAYROLL
2025-10-31,2025-10-18,2025-10-31,EMP-033,Piper Shaw,Finance,108000,4153.85,913.85,95.0,3145.0,4747.31,"Cambridge, MA",BANK-PAYROLL
2025-10-31,2025-10-18,2025-10-31,EMP-034,Andre Silva,Engineering,177000,6807.69,1497.69,95.0,5215.0,7719.61,"Cambridge, MA",BANK-PAYROLL
2025-10-31,2025-10-18,2025-10-31,EMP-035,Naomi Ellis,Customer Success,104000,4000.0,880.0,95.0,3025.0,4575.0,"Cambridge, MA",BANK-PAYROLL
2025-10-31,2025-10-18,2025-10-31,EMP-036,Rex Calder,Engineering,190000,7307.69,1607.69,95.0,5605.0,8279.61,"Cambridge, MA",BANK-PAYROLL
2025-10-31,2025-10-18,2025-10-31,EMP-037,Jun Park,Engineering,165000,6346.15,1396.15,95.0,4855.0,7202.69,"Cambridge, MA",BANK-PAYROLL
2025-10-31,2025-10-18,2025-10-31,EMP-038,Helen Cho,G&A,79000,3038.46,668.46,95.0,2275.0,3498.08,"Cambridge, MA",BANK-PAYROLL
2025-10-31,2025-10-18,2025-10-31,EMP-039,Samir Joshi,Engineering,186000,7153.85,1573.85,95.0,5485.0,8107.31,"Cambridge, MA",BANK-PAYROLL
2025-10-31,2025-10-18,2025-10-31,EMP-040,Tessa Ward,Sales,126000,4846.15,1066.15,95.0,3685.0,5522.69,"Cambridge, MA",BANK-PAYROLL
2025-10-31,2025-10-18,2025-10-31,EMP-041,Colin Byrne,Operations,87000,3346.15,736.15,95.0,2515.0,3842.69,"Cambridge, MA",BANK-PAYROLL
2025-10-31,2025-10-18,2025-10-31,EMP-042,Rita Gomez,Finance,112000,4307.69,947.69,95.0,3265.0,4919.61,"Cambridge, MA",BANK-PAYROLL
2025-10-31,2025-10-18,2025-10-31,EMP-043,Evan Cole,Engineering,174000,6692.31,1472.31,95.0,5125.0,7590.39,"Cambridge, MA",BANK-PAYROLL
2025-10-31,2025-10-18,2025-10-31,EMP-044,Paula Reed,Customer Success,97000,3730.77,820.77,95.0,2815.0,4273.46,"Cambridge, MA",BANK-PAYROLL
2025-10-31,2025-10-18,2025-10-31,EMP-045,Dmitri Orlov,Engineering,199000,7653.85,1683.85,95.0,5875.0,8667.31,"Cambridge, MA",BANK-PAYROLL
2025-10-31,2025-10-18,2025-10-31,EMP-046,Jane Holt,G&A,81000,3115.38,685.38,95.0,2335.0,3584.23,"Cambridge, MA",BANK-PAYROLL
2025-10-31,2025-10-18,2025-10-31,EMP-047,Kai Nakamura,Engineering,171000,6576.92,1446.92,95.0,5035.0,7461.15,"Cambridge, MA",BANK-PAYROLL
2025-10-31,2025-10-18,2025-10-31,EMP-048,Marisol Vega,Sales,133000,5115.38,1125.38,95.0,3895.0,5824.23,"Cambridge, MA",BANK-PAYROLL
2025-11-14,2025-11-01,2025-11-14,EMP-001,Priya Nair,Finance,185000,7115.38,1565.38,95.0,5455.0,8064.23,"Cambridge, MA",BANK-PAYROLL
2025-11-14,2025-11-01,2025-11-14,EMP-002,Jordan Hale,Finance,162000,6230.77,1370.77,95.0,4765.0,7073.46,"Cambridge, MA",BANK-PAYROLL
2025-11-14,2025-11-01,2025-11-14,EMP-003,Marcus Chen,Engineering,210000,8076.92,1776.92,95.0,6205.0,9141.15,"Cambridge, MA",BANK-PAYROLL
2025-11-14,2025-11-01,2025-11-14,EMP-004,Elena Vasquez,Engineering,198000,7615.38,1675.38,95.0,5845.0,8624.23,"Cambridge, MA",BANK-PAYROLL
2025-11-14,2025-11-01,2025-11-14,EMP-005,Maya Ortiz,Operations,98000,3769.23,829.23,95.0,2845.0,4316.54,"Cambridge, MA",BANK-PAYROLL
2025-11-14,2025-11-01,2025-11-14,EMP-006,Chris Lang,Engineering,175000,6730.77,1480.77,95.0,5155.0,7633.46,"Cambridge, MA",BANK-PAYROLL
2025-11-14,2025-11-01,2025-11-14,EMP-007,Sofia Rahman,Sales,140000,5384.62,1184.62,95.0,4105.0,6125.77,"Cambridge, MA",BANK-PAYROLL
2025-11-14,2025-11-01,2025-11-14,EMP-008,Noah Patel,Sales,128000,4923.08,1083.08,95.0,3745.0,5608.85,"Cambridge, MA",BANK-PAYROLL
2025-11-14,2025-11-01,2025-11-14,EMP-009,Hannah Kim,Customer Success,110000,4230.77,930.77,95.0,3205.0,4833.46,"Cambridge, MA",BANK-PAYROLL
2025-11-14,2025-11-01,2025-11-14,EMP-010,Luis Romero,Engineering,188000,7230.77,1590.77,95.0,5545.0,8193.46,"Cambridge, MA",BANK-PAYROLL
2025-11-14,2025-11-01,2025-11-14,EMP-011,Ava Berg,Engineering,172000,6615.38,1455.38,95.0,5065.0,7504.23,"Cambridge, MA",BANK-PAYROLL
2025-11-14,2025-11-01,2025-11-14,EMP-012,Owen Blake,G&A,92000,3538.46,778.46,95.0,2665.0,4058.08,"Cambridge, MA",BANK-PAYROLL
2025-11-14,2025-11-01,2025-11-14,EMP-013,Grace Liu,Finance,125000,4807.69,1057.69,95.0,3655.0,5479.61,"Cambridge, MA",BANK-PAYROLL
2025-11-14,2025-11-01,2025-11-14,EMP-014,Theo Grant,Engineering,205000,7884.62,1734.62,95.0,6055.0,8925.77,"Cambridge, MA",BANK-PAYROLL
2025-11-14,2025-11-01,2025-11-14,EMP-015,Nina Volkov,Sales,135000,5192.31,1142.31,95.0,3955.0,5910.39,"Cambridge, MA",BANK-PAYROLL
2025-11-14,2025-11-01,2025-11-14,EMP-016,Jamal Wright,Customer Success,102000,3923.08,863.08,95.0,2965.0,4488.85,"Cambridge, MA",BANK-PAYROLL
2025-11-14,2025-11-01,2025-11-14,EMP-017,Ivy Chen,Engineering,168000,6461.54,1421.54,95.0,4945.0,7331.92,"Cambridge, MA",BANK-PAYROLL
2025-11-14,2025-11-01,2025-11-14,EMP-018,Peter Holm,Operations,88000,3384.62,744.62,95.0,2545.0,3885.77,"Cambridge, MA",BANK-PAYROLL
2025-11-14,2025-11-01,2025-11-14,EMP-019,Sara Quill,G&A,76000,2923.08,643.08,95.0,2185.0,3368.85,"Cambridge, MA",BANK-PAYROLL
2025-11-14,2025-11-01,2025-11-14,EMP-020,Benito Cruz,Engineering,181000,6961.54,1531.54,95.0,5335.0,7891.92,"Cambridge, MA",BANK-PAYROLL
2025-11-14,2025-11-01,2025-11-14,EMP-021,Leah Morse,Finance,118000,4538.46,998.46,95.0,3445.0,5178.08,"Cambridge, MA",BANK-PAYROLL
2025-11-14,2025-11-01,2025-11-14,EMP-022,Kenji Sato,Engineering,194000,7461.54,1641.54,95.0,5725.0,8451.92,"Cambridge, MA",BANK-PAYROLL
2025-11-14,2025-11-01,2025-11-14,EMP-023,Ruth Adler,Legal ops,155000,5961.54,1311.54,95.0,4555.0,6771.92,"Cambridge, MA",BANK-PAYROLL
2025-11-14,2025-11-01,2025-11-14,EMP-024,Omar Farid,Engineering,176000,6769.23,1489.23,95.0,5185.0,7676.54,"Cambridge, MA",BANK-PAYROLL
2025-11-14,2025-11-01,2025-11-14,EMP-025,Cora Dane,Sales,122000,4692.31,1032.31,95.0,3565.0,5350.39,"Cambridge, MA",BANK-PAYROLL
2025-11-14,2025-11-01,2025-11-14,EMP-026,Felix Nguyen,Engineering,169000,6500.0,1430.0,95.0,4975.0,7375.0,"Cambridge, MA",BANK-PAYROLL
2025-11-14,2025-11-01,2025-11-14,EMP-027,Dana Brooks,Customer Success,99000,3807.69,837.69,95.0,2875.0,4359.61,"Cambridge, MA",BANK-PAYROLL
2025-11-14,2025-11-01,2025-11-14,EMP-028,Will Park,Engineering,201000,7730.77,1700.77,95.0,5935.0,8753.46,"Cambridge, MA",BANK-PAYROLL
2025-11-14,2025-11-01,2025-11-14,EMP-029,Amelia Frost,G&A,84000,3230.77,710.77,95.0,2425.0,3713.46,"Cambridge, MA",BANK-PAYROLL
2025-11-14,2025-11-01,2025-11-14,EMP-030,Hugo Stein,Operations,91000,3500.0,770.0,95.0,2635.0,4015.0,"Cambridge, MA",BANK-PAYROLL
2025-11-14,2025-11-01,2025-11-14,EMP-031,Yara Haddad,Engineering,183000,7038.46,1548.46,95.0,5395.0,7978.08,"Cambridge, MA",BANK-PAYROLL
2025-11-14,2025-11-01,2025-11-14,EMP-032,Miles Quinn,Sales,131000,5038.46,1108.46,95.0,3835.0,5738.08,"Cambridge, MA",BANK-PAYROLL
2025-11-14,2025-11-01,2025-11-14,EMP-033,Piper Shaw,Finance,108000,4153.85,913.85,95.0,3145.0,4747.31,"Cambridge, MA",BANK-PAYROLL
2025-11-14,2025-11-01,2025-11-14,EMP-034,Andre Silva,Engineering,177000,6807.69,1497.69,95.0,5215.0,7719.61,"Cambridge, MA",BANK-PAYROLL
2025-11-14,2025-11-01,2025-11-14,EMP-035,Naomi Ellis,Customer Success,104000,4000.0,880.0,95.0,3025.0,4575.0,"Cambridge, MA",BANK-PAYROLL
2025-11-14,2025-11-01,2025-11-14,EMP-036,Rex Calder,Engineering,190000,7307.69,1607.69,95.0,5605.0,8279.61,"Cambridge, MA",BANK-PAYROLL
2025-11-14,2025-11-01,2025-11-14,EMP-037,Jun Park,Engineering,165000,6346.15,1396.15,95.0,4855.0,7202.69,"Cambridge, MA",BANK-PAYROLL
2025-11-14,2025-11-01,2025-11-14,EMP-038,Helen Cho,G&A,79000,3038.46,668.46,95.0,2275.0,3498.08,"Cambridge, MA",BANK-PAYROLL
2025-11-14,2025-11-01,2025-11-14,EMP-039,Samir Joshi,Engineering,186000,7153.85,1573.85,95.0,5485.0,8107.31,"Cambridge, MA",BANK-PAYROLL
2025-11-14,2025-11-01,2025-11-14,EMP-040,Tessa Ward,Sales,126000,4846.15,1066.15,95.0,3685.0,5522.69,"Cambridge, MA",BANK-PAYROLL
2025-11-14,2025-11-01,2025-11-14,EMP-041,Colin Byrne,Operations,87000,3346.15,736.15,95.0,2515.0,3842.69,"Cambridge, MA",BANK-PAYROLL
2025-11-14,2025-11-01,2025-11-14,EMP-042,Rita Gomez,Finance,112000,4307.69,947.69,95.0,3265.0,4919.61,"Cambridge, MA",BANK-PAYROLL
2025-11-14,2025-11-01,2025-11-14,EMP-043,Evan Cole,Engineering,174000,6692.31,1472.31,95.0,5125.0,7590.39,"Cambridge, MA",BANK-PAYROLL
2025-11-14,2025-11-01,2025-11-14,EMP-044,Paula Reed,Customer Success,97000,3730.77,820.77,95.0,2815.0,4273.46,"Cambridge, MA",BANK-PAYROLL
2025-11-14,2025-11-01,2025-11-14,EMP-045,Dmitri Orlov,Engineering,199000,7653.85,1683.85,95.0,5875.0,8667.31,"Cambridge, MA",BANK-PAYROLL
2025-11-14,2025-11-01,2025-11-14,EMP-046,Jane Holt,G&A,81000,3115.38,685.38,95.0,2335.0,3584.23,"Cambridge, MA",BANK-PAYROLL
2025-11-14,2025-11-01,2025-11-14,EMP-047,Kai Nakamura,Engineering,171000,6576.92,1446.92,95.0,5035.0,7461.15,"Cambridge, MA",BANK-PAYROLL
2025-11-14,2025-11-01,2025-11-14,EMP-048,Marisol Vega,Sales,133000,5115.38,1125.38,95.0,3895.0,5824.23,"Cambridge, MA",BANK-PAYROLL
2025-11-28,2025-11-15,2025-11-28,EMP-001,Priya Nair,Finance,185000,7115.38,1565.38,95.0,5455.0,8064.23,"Cambridge, MA",BANK-PAYROLL
2025-11-28,2025-11-15,2025-11-28,EMP-002,Jordan Hale,Finance,162000,6230.77,1370.77,95.0,4765.0,7073.46,"Cambridge, MA",BANK-PAYROLL
2025-11-28,2025-11-15,2025-11-28,EMP-003,Marcus Chen,Engineering,210000,8076.92,1776.92,95.0,6205.0,9141.15,"Cambridge, MA",BANK-PAYROLL
2025-11-28,2025-11-15,2025-11-28,EMP-004,Elena Vasquez,Engineering,198000,7615.38,1675.38,95.0,5845.0,8624.23,"Cambridge, MA",BANK-PAYROLL
2025-11-28,2025-11-15,2025-11-28,EMP-005,Maya Ortiz,Operations,98000,3769.23,829.23,95.0,2845.0,4316.54,"Cambridge, MA",BANK-PAYROLL
2025-11-28,2025-11-15,2025-11-28,EMP-006,Chris Lang,Engineering,175000,6730.77,1480.77,95.0,5155.0,7633.46,"Cambridge, MA",BANK-PAYROLL
2025-11-28,2025-11-15,2025-11-28,EMP-007,Sofia Rahman,Sales,140000,5384.62,1184.62,95.0,4105.0,6125.77,"Cambridge, MA",BANK-PAYROLL
2025-11-28,2025-11-15,2025-11-28,EMP-008,Noah Patel,Sales,128000,4923.08,1083.08,95.0,3745.0,5608.85,"Cambridge, MA",BANK-PAYROLL
2025-11-28,2025-11-15,2025-11-28,EMP-009,Hannah Kim,Customer Success,110000,4230.77,930.77,95.0,3205.0,4833.46,"Cambridge, MA",BANK-PAYROLL
2025-11-28,2025-11-15,2025-11-28,EMP-010,Luis Romero,Engineering,188000,7230.77,1590.77,95.0,5545.0,8193.46,"Cambridge, MA",BANK-PAYROLL
2025-11-28,2025-11-15,2025-11-28,EMP-011,Ava Berg,Engineering,172000,6615.38,1455.38,95.0,5065.0,7504.23,"Cambridge, MA",BANK-PAYROLL
2025-11-28,2025-11-15,2025-11-28,EMP-012,Owen Blake,G&A,92000,3538.46,778.46,95.0,2665.0,4058.08,"Cambridge, MA",BANK-PAYROLL
2025-11-28,2025-11-15,2025-11-28,EMP-013,Grace Liu,Finance,125000,4807.69,1057.69,95.0,3655.0,5479.61,"Cambridge, MA",BANK-PAYROLL
2025-11-28,2025-11-15,2025-11-28,EMP-014,Theo Grant,Engineering,205000,7884.62,1734.62,95.0,6055.0,8925.77,"Cambridge, MA",BANK-PAYROLL
2025-11-28,2025-11-15,2025-11-28,EMP-015,Nina Volkov,Sales,135000,5192.31,1142.31,95.0,3955.0,5910.39,"Cambridge, MA",BANK-PAYROLL
2025-11-28,2025-11-15,2025-11-28,EMP-016,Jamal Wright,Customer Success,102000,3923.08,863.08,95.0,2965.0,4488.85,"Cambridge, MA",BANK-PAYROLL
2025-11-28,2025-11-15,2025-11-28,EMP-017,Ivy Chen,Engineering,168000,6461.54,1421.54,95.0,4945.0,7331.92,"Cambridge, MA",BANK-PAYROLL
2025-11-28,2025-11-15,2025-11-28,EMP-018,Peter Holm,Operations,88000,3384.62,744.62,95.0,2545.0,3885.77,"Cambridge, MA",BANK-PAYROLL
2025-11-28,2025-11-15,2025-11-28,EMP-019,Sara Quill,G&A,76000,2923.08,643.08,95.0,2185.0,3368.85,"Cambridge, MA",BANK-PAYROLL
2025-11-28,2025-11-15,2025-11-28,EMP-020,Benito Cruz,Engineering,181000,6961.54,1531.54,95.0,5335.0,7891.92,"Cambridge, MA",BANK-PAYROLL
2025-11-28,2025-11-15,2025-11-28,EMP-021,Leah Morse,Finance,118000,4538.46,998.46,95.0,3445.0,5178.08,"Cambridge, MA",BANK-PAYROLL
2025-11-28,2025-11-15,2025-11-28,EMP-022,Kenji Sato,Engineering,194000,7461.54,1641.54,95.0,5725.0,8451.92,"Cambridge, MA",BANK-PAYROLL
2025-11-28,2025-11-15,2025-11-28,EMP-023,Ruth Adler,Legal ops,155000,5961.54,1311.54,95.0,4555.0,6771.92,"Cambridge, MA",BANK-PAYROLL
2025-11-28,2025-11-15,2025-11-28,EMP-024,Omar Farid,Engineering,176000,6769.23,1489.23,95.0,5185.0,7676.54,"Cambridge, MA",BANK-PAYROLL
2025-11-28,2025-11-15,2025-11-28,EMP-025,Cora Dane,Sales,122000,4692.31,1032.31,95.0,3565.0,5350.39,"Cambridge, MA",BANK-PAYROLL
2025-11-28,2025-11-15,2025-11-28,EMP-026,Felix Nguyen,Engineering,169000,6500.0,1430.0,95.0,4975.0,7375.0,"Cambridge, MA",BANK-PAYROLL
2025-11-28,2025-11-15,2025-11-28,EMP-027,Dana Brooks,Customer Success,99000,3807.69,837.69,95.0,2875.0,4359.61,"Cambridge, MA",BANK-PAYROLL
2025-11-28,2025-11-15,2025-11-28,EMP-028,Will Park,Engineering,201000,7730.77,1700.77,95.0,5935.0,8753.46,"Cambridge, MA",BANK-PAYROLL
2025-11-28,2025-11-15,2025-11-28,EMP-029,Amelia Frost,G&A,84000,3230.77,710.77,95.0,2425.0,3713.46,"Cambridge, MA",BANK-PAYROLL
2025-11-28,2025-11-15,2025-11-28,EMP-030,Hugo Stein,Operations,91000,3500.0,770.0,95.0,2635.0,4015.0,"Cambridge, MA",BANK-PAYROLL
2025-11-28,2025-11-15,2025-11-28,EMP-031,Yara Haddad,Engineering,183000,7038.46,1548.46,95.0,5395.0,7978.08,"Cambridge, MA",BANK-PAYROLL
2025-11-28,2025-11-15,2025-11-28,EMP-032,Miles Quinn,Sales,131000,5038.46,1108.46,95.0,3835.0,5738.08,"Cambridge, MA",BANK-PAYROLL
2025-11-28,2025-11-15,2025-11-28,EMP-033,Piper Shaw,Finance,108000,4153.85,913.85,95.0,3145.0,4747.31,"Cambridge, MA",BANK-PAYROLL
2025-11-28,2025-11-15,2025-11-28,EMP-034,Andre Silva,Engineering,177000,6807.69,1497.69,95.0,5215.0,7719.61,"Cambridge, MA",BANK-PAYROLL
2025-11-28,2025-11-15,2025-11-28,EMP-035,Naomi Ellis,Customer Success,104000,4000.0,880.0,95.0,3025.0,4575.0,"Cambridge, MA",BANK-PAYROLL
2025-11-28,2025-11-15,2025-11-28,EMP-036,Rex Calder,Engineering,190000,7307.69,1607.69,95.0,5605.0,8279.61,"Cambridge, MA",BANK-PAYROLL
2025-11-28,2025-11-15,2025-11-28,EMP-037,Jun Park,Engineering,165000,6346.15,1396.15,95.0,4855.0,7202.69,"Cambridge, MA",BANK-PAYROLL
2025-11-28,2025-11-15,2025-11-28,EMP-038,Helen Cho,G&A,79000,3038.46,668.46,95.0,2275.0,3498.08,"Cambridge, MA",BANK-PAYROLL
2025-11-28,2025-11-15,2025-11-28,EMP-039,Samir Joshi,Engineering,186000,7153.85,1573.85,95.0,5485.0,8107.31,"Cambridge, MA",BANK-PAYROLL
2025-11-28,2025-11-15,2025-11-28,EMP-040,Tessa Ward,Sales,126000,4846.15,1066.15,95.0,3685.0,5522.69,"Cambridge, MA",BANK-PAYROLL
2025-11-28,2025-11-15,2025-11-28,EMP-041,Colin Byrne,Operations,87000,3346.15,736.15,95.0,2515.0,3842.69,"Cambridge, MA",BANK-PAYROLL
2025-11-28,2025-11-15,2025-11-28,EMP-042,Rita Gomez,Finance,112000,4307.69,947.69,95.0,3265.0,4919.61,"Cambridge, MA",BANK-PAYROLL
2025-11-28,2025-11-15,2025-11-28,EMP-043,Evan Cole,Engineering,174000,6692.31,1472.31,95.0,5125.0,7590.39,"Cambridge, MA",BANK-PAYROLL
2025-11-28,2025-11-15,2025-11-28,EMP-044,Paula Reed,Customer Success,97000,3730.77,820.77,95.0,2815.0,4273.46,"Cambridge, MA",BANK-PAYROLL
2025-11-28,2025-11-15,2025-11-28,EMP-045,Dmitri Orlov,Engineering,199000,7653.85,1683.85,95.0,5875.0,8667.31,"Cambridge, MA",BANK-PAYROLL
2025-11-28,2025-11-15,2025-11-28,EMP-046,Jane Holt,G&A,81000,3115.38,685.38,95.0,2335.0,3584.23,"Cambridge, MA",BANK-PAYROLL
2025-11-28,2025-11-15,2025-11-28,EMP-047,Kai Nakamura,Engineering,171000,6576.92,1446.92,95.0,5035.0,7461.15,"Cambridge, MA",BANK-PAYROLL
2025-11-28,2025-11-15,2025-11-28,EMP-048,Marisol Vega,Sales,133000,5115.38,1125.38,95.0,3895.0,5824.23,"Cambridge, MA",BANK-PAYROLL
2025-12-12,2025-11-29,2025-12-12,EMP-001,Priya Nair,Finance,185000,7115.38,1565.38,95.0,5455.0,8064.23,"Cambridge, MA",BANK-PAYROLL
2025-12-12,2025-11-29,2025-12-12,EMP-002,Jordan Hale,Finance,162000,6230.77,1370.77,95.0,4765.0,7073.46,"Cambridge, MA",BANK-PAYROLL
2025-12-12,2025-11-29,2025-12-12,EMP-003,Marcus Chen,Engineering,210000,8076.92,1776.92,95.0,6205.0,9141.15,"Cambridge, MA",BANK-PAYROLL
2025-12-12,2025-11-29,2025-12-12,EMP-004,Elena Vasquez,Engineering,198000,7615.38,1675.38,95.0,5845.0,8624.23,"Cambridge, MA",BANK-PAYROLL
2025-12-12,2025-11-29,2025-12-12,EMP-005,Maya Ortiz,Operations,98000,3769.23,829.23,95.0,2845.0,4316.54,"Cambridge, MA",BANK-PAYROLL
2025-12-12,2025-11-29,2025-12-12,EMP-006,Chris Lang,Engineering,175000,6730.77,1480.77,95.0,5155.0,7633.46,"Cambridge, MA",BANK-PAYROLL
2025-12-12,2025-11-29,2025-12-12,EMP-007,Sofia Rahman,Sales,140000,5384.62,1184.62,95.0,4105.0,6125.77,"Cambridge, MA",BANK-PAYROLL
2025-12-12,2025-11-29,2025-12-12,EMP-008,Noah Patel,Sales,128000,4923.08,1083.08,95.0,3745.0,5608.85,"Cambridge, MA",BANK-PAYROLL
2025-12-12,2025-11-29,2025-12-12,EMP-009,Hannah Kim,Customer Success,110000,4230.77,930.77,95.0,3205.0,4833.46,"Cambridge, MA",BANK-PAYROLL
2025-12-12,2025-11-29,2025-12-12,EMP-010,Luis Romero,Engineering,188000,7230.77,1590.77,95.0,5545.0,8193.46,"Cambridge, MA",BANK-PAYROLL
2025-12-12,2025-11-29,2025-12-12,EMP-011,Ava Berg,Engineering,172000,6615.38,1455.38,95.0,5065.0,7504.23,"Cambridge, MA",BANK-PAYROLL
2025-12-12,2025-11-29,2025-12-12,EMP-012,Owen Blake,G&A,92000,3538.46,778.46,95.0,2665.0,4058.08,"Cambridge, MA",BANK-PAYROLL
2025-12-12,2025-11-29,2025-12-12,EMP-013,Grace Liu,Finance,125000,4807.69,1057.69,95.0,3655.0,5479.61,"Cambridge, MA",BANK-PAYROLL
2025-12-12,2025-11-29,2025-12-12,EMP-014,Theo Grant,Engineering,205000,7884.62,1734.62,95.0,6055.0,8925.77,"Cambridge, MA",BANK-PAYROLL
2025-12-12,2025-11-29,2025-12-12,EMP-015,Nina Volkov,Sales,135000,5192.31,1142.31,95.0,3955.0,5910.39,"Cambridge, MA",BANK-PAYROLL
2025-12-12,2025-11-29,2025-12-12,EMP-016,Jamal Wright,Customer Success,102000,3923.08,863.08,95.0,2965.0,4488.85,"Cambridge, MA",BANK-PAYROLL
2025-12-12,2025-11-29,2025-12-12,EMP-017,Ivy Chen,Engineering,168000,6461.54,1421.54,95.0,4945.0,7331.92,"Cambridge, MA",BANK-PAYROLL
2025-12-12,2025-11-29,2025-12-12,EMP-018,Peter Holm,Operations,88000,3384.62,744.62,95.0,2545.0,3885.77,"Cambridge, MA",BANK-PAYROLL
2025-12-12,2025-11-29,2025-12-12,EMP-019,Sara Quill,G&A,76000,2923.08,643.08,95.0,2185.0,3368.85,"Cambridge, MA",BANK-PAYROLL
2025-12-12,2025-11-29,2025-12-12,EMP-020,Benito Cruz,Engineering,181000,6961.54,1531.54,95.0,5335.0,7891.92,"Cambridge, MA",BANK-PAYROLL
2025-12-12,2025-11-29,2025-12-12,EMP-021,Leah Morse,Finance,118000,4538.46,998.46,95.0,3445.0,5178.08,"Cambridge, MA",BANK-PAYROLL
2025-12-12,2025-11-29,2025-12-12,EMP-022,Kenji Sato,Engineering,194000,7461.54,1641.54,95.0,5725.0,8451.92,"Cambridge, MA",BANK-PAYROLL
2025-12-12,2025-11-29,2025-12-12,EMP-023,Ruth Adler,Legal ops,155000,5961.54,1311.54,95.0,4555.0,6771.92,"Cambridge, MA",BANK-PAYROLL
2025-12-12,2025-11-29,2025-12-12,EMP-024,Omar Farid,Engineering,176000,6769.23,1489.23,95.0,5185.0,7676.54,"Cambridge, MA",BANK-PAYROLL
2025-12-12,2025-11-29,2025-12-12,EMP-025,Cora Dane,Sales,122000,4692.31,1032.31,95.0,3565.0,5350.39,"Cambridge, MA",BANK-PAYROLL
2025-12-12,2025-11-29,2025-12-12,EMP-026,Felix Nguyen,Engineering,169000,6500.0,1430.0,95.0,4975.0,7375.0,"Cambridge, MA",BANK-PAYROLL
2025-12-12,2025-11-29,2025-12-12,EMP-027,Dana Brooks,Customer Success,99000,3807.69,837.69,95.0,2875.0,4359.61,"Cambridge, MA",BANK-PAYROLL
2025-12-12,2025-11-29,2025-12-12,EMP-028,Will Park,Engineering,201000,7730.77,1700.77,95.0,5935.0,8753.46,"Cambridge, MA",BANK-PAYROLL
2025-12-12,2025-11-29,2025-12-12,EMP-029,Amelia Frost,G&A,84000,3230.77,710.77,95.0,2425.0,3713.46,"Cambridge, MA",BANK-PAYROLL
2025-12-12,2025-11-29,2025-12-12,EMP-030,Hugo Stein,Operations,91000,3500.0,770.0,95.0,2635.0,4015.0,"Cambridge, MA",BANK-PAYROLL
2025-12-12,2025-11-29,2025-12-12,EMP-031,Yara Haddad,Engineering,183000,7038.46,1548.46,95.0,5395.0,7978.08,"Cambridge, MA",BANK-PAYROLL
2025-12-12,2025-11-29,2025-12-12,EMP-032,Miles Quinn,Sales,131000,5038.46,1108.46,95.0,3835.0,5738.08,"Cambridge, MA",BANK-PAYROLL
2025-12-12,2025-11-29,2025-12-12,EMP-033,Piper Shaw,Finance,108000,4153.85,913.85,95.0,3145.0,4747.31,"Cambridge, MA",BANK-PAYROLL
2025-12-12,2025-11-29,2025-12-12,EMP-034,Andre Silva,Engineering,177000,6807.69,1497.69,95.0,5215.0,7719.61,"Cambridge, MA",BANK-PAYROLL
2025-12-12,2025-11-29,2025-12-12,EMP-035,Naomi Ellis,Customer Success,104000,4000.0,880.0,95.0,3025.0,4575.0,"Cambridge, MA",BANK-PAYROLL
2025-12-12,2025-11-29,2025-12-12,EMP-036,Rex Calder,Engineering,190000,7307.69,1607.69,95.0,5605.0,8279.61,"Cambridge, MA",BANK-PAYROLL
2025-12-12,2025-11-29,2025-12-12,EMP-037,Jun Park,Engineering,165000,6346.15,1396.15,95.0,4855.0,7202.69,"Cambridge, MA",BANK-PAYROLL
2025-12-12,2025-11-29,2025-12-12,EMP-038,Helen Cho,G&A,79000,3038.46,668.46,95.0,2275.0,3498.08,"Cambridge, MA",BANK-PAYROLL
2025-12-12,2025-11-29,2025-12-12,EMP-039,Samir Joshi,Engineering,186000,7153.85,1573.85,95.0,5485.0,8107.31,"Cambridge, MA",BANK-PAYROLL
2025-12-12,2025-11-29,2025-12-12,EMP-040,Tessa Ward,Sales,126000,4846.15,1066.15,95.0,3685.0,5522.69,"Cambridge, MA",BANK-PAYROLL
2025-12-12,2025-11-29,2025-12-12,EMP-041,Colin Byrne,Operations,87000,3346.15,736.15,95.0,2515.0,3842.69,"Cambridge, MA",BANK-PAYROLL
2025-12-12,2025-11-29,2025-12-12,EMP-042,Rita Gomez,Finance,112000,4307.69,947.69,95.0,3265.0,4919.61,"Cambridge, MA",BANK-PAYROLL
2025-12-12,2025-11-29,2025-12-12,EMP-043,Evan Cole,Engineering,174000,6692.31,1472.31,95.0,5125.0,7590.39,"Cambridge, MA",BANK-PAYROLL
2025-12-12,2025-11-29,2025-12-12,EMP-044,Paula Reed,Customer Success,97000,3730.77,820.77,95.0,2815.0,4273.46,"Cambridge, MA",BANK-PAYROLL
2025-12-12,2025-11-29,2025-12-12,EMP-045,Dmitri Orlov,Engineering,199000,7653.85,1683.85,95.0,5875.0,8667.31,"Cambridge, MA",BANK-PAYROLL
2025-12-12,2025-11-29,2025-12-12,EMP-046,Jane Holt,G&A,81000,3115.38,685.38,95.0,2335.0,3584.23,"Cambridge, MA",BANK-PAYROLL
2025-12-12,2025-11-29,2025-12-12,EMP-047,Kai Nakamura,Engineering,171000,6576.92,1446.92,95.0,5035.0,7461.15,"Cambridge, MA",BANK-PAYROLL
2025-12-12,2025-11-29,2025-12-12,EMP-048,Marisol Vega,Sales,133000,5115.38,1125.38,95.0,3895.0,5824.23,"Cambridge, MA",BANK-PAYROLL
2025-12-26,2025-12-13,2025-12-26,EMP-001,Priya Nair,Finance,185000,7115.38,1565.38,95.0,5455.0,8064.23,"Cambridge, MA",BANK-PAYROLL
2025-12-26,2025-12-13,2025-12-26,EMP-002,Jordan Hale,Finance,162000,6230.77,1370.77,95.0,4765.0,7073.46,"Cambridge, MA",BANK-PAYROLL
2025-12-26,2025-12-13,2025-12-26,EMP-003,Marcus Chen,Engineering,210000,8076.92,1776.92,95.0,6205.0,9141.15,"Cambridge, MA",BANK-PAYROLL
2025-12-26,2025-12-13,2025-12-26,EMP-004,Elena Vasquez,Engineering,198000,7615.38,1675.38,95.0,5845.0,8624.23,"Cambridge, MA",BANK-PAYROLL
2025-12-26,2025-12-13,2025-12-26,EMP-005,Maya Ortiz,Operations,98000,3769.23,829.23,95.0,2845.0,4316.54,"Cambridge, MA",BANK-PAYROLL
2025-12-26,2025-12-13,2025-12-26,EMP-006,Chris Lang,Engineering,175000,6730.77,1480.77,95.0,5155.0,7633.46,"Cambridge, MA",BANK-PAYROLL
2025-12-26,2025-12-13,2025-12-26,EMP-007,Sofia Rahman,Sales,140000,5384.62,1184.62,95.0,4105.0,6125.77,"Cambridge, MA",BANK-PAYROLL
2025-12-26,2025-12-13,2025-12-26,EMP-008,Noah Patel,Sales,128000,4923.08,1083.08,95.0,3745.0,5608.85,"Cambridge, MA",BANK-PAYROLL
2025-12-26,2025-12-13,2025-12-26,EMP-009,Hannah Kim,Customer Success,110000,4230.77,930.77,95.0,3205.0,4833.46,"Cambridge, MA",BANK-PAYROLL
2025-12-26,2025-12-13,2025-12-26,EMP-010,Luis Romero,Engineering,188000,7230.77,1590.77,95.0,5545.0,8193.46,"Cambridge, MA",BANK-PAYROLL
2025-12-26,2025-12-13,2025-12-26,EMP-011,Ava Berg,Engineering,172000,6615.38,1455.38,95.0,5065.0,7504.23,"Cambridge, MA",BANK-PAYROLL
2025-12-26,2025-12-13,2025-12-26,EMP-012,Owen Blake,G&A,92000,3538.46,778.46,95.0,2665.0,4058.08,"Cambridge, MA",BANK-PAYROLL
2025-12-26,2025-12-13,2025-12-26,EMP-013,Grace Liu,Finance,125000,4807.69,1057.69,95.0,3655.0,5479.61,"Cambridge, MA",BANK-PAYROLL
2025-12-26,2025-12-13,2025-12-26,EMP-014,Theo Grant,Engineering,205000,7884.62,1734.62,95.0,6055.0,8925.77,"Cambridge, MA",BANK-PAYROLL
2025-12-26,2025-12-13,2025-12-26,EMP-015,Nina Volkov,Sales,135000,5192.31,1142.31,95.0,3955.0,5910.39,"Cambridge, MA",BANK-PAYROLL
2025-12-26,2025-12-13,2025-12-26,EMP-016,Jamal Wright,Customer Success,102000,3923.08,863.08,95.0,2965.0,4488.85,"Cambridge, MA",BANK-PAYROLL
2025-12-26,2025-12-13,2025-12-26,EMP-017,Ivy Chen,Engineering,168000,6461.54,1421.54,95.0,4945.0,7331.92,"Cambridge, MA",BANK-PAYROLL
2025-12-26,2025-12-13,2025-12-26,EMP-018,Peter Holm,Operations,88000,3384.62,744.62,95.0,2545.0,3885.77,"Cambridge, MA",BANK-PAYROLL
2025-12-26,2025-12-13,2025-12-26,EMP-019,Sara Quill,G&A,76000,2923.08,643.08,95.0,2185.0,3368.85,"Cambridge, MA",BANK-PAYROLL
2025-12-26,2025-12-13,2025-12-26,EMP-020,Benito Cruz,Engineering,181000,6961.54,1531.54,95.0,5335.0,7891.92,"Cambridge, MA",BANK-PAYROLL
2025-12-26,2025-12-13,2025-12-26,EMP-021,Leah Morse,Finance,118000,4538.46,998.46,95.0,3445.0,5178.08,"Cambridge, MA",BANK-PAYROLL
2025-12-26,2025-12-13,2025-12-26,EMP-022,Kenji Sato,Engineering,194000,7461.54,1641.54,95.0,5725.0,8451.92,"Cambridge, MA",BANK-PAYROLL
2025-12-26,2025-12-13,2025-12-26,EMP-023,Ruth Adler,Legal ops,155000,5961.54,1311.54,95.0,4555.0,6771.92,"Cambridge, MA",BANK-PAYROLL
2025-12-26,2025-12-13,2025-12-26,EMP-024,Omar Farid,Engineering,176000,6769.23,1489.23,95.0,5185.0,7676.54,"Cambridge, MA",BANK-PAYROLL
2025-12-26,2025-12-13,2025-12-26,EMP-025,Cora Dane,Sales,122000,4692.31,1032.31,95.0,3565.0,5350.39,"Cambridge, MA",BANK-PAYROLL
2025-12-26,2025-12-13,2025-12-26,EMP-026,Felix Nguyen,Engineering,169000,6500.0,1430.0,95.0,4975.0,7375.0,"Cambridge, MA",BANK-PAYROLL
2025-12-26,2025-12-13,2025-12-26,EMP-027,Dana Brooks,Customer Success,99000,3807.69,837.69,95.0,2875.0,4359.61,"Cambridge, MA",BANK-PAYROLL
2025-12-26,2025-12-13,2025-12-26,EMP-028,Will Park,Engineering,201000,7730.77,1700.77,95.0,5935.0,8753.46,"Cambridge, MA",BANK-PAYROLL
2025-12-26,2025-12-13,2025-12-26,EMP-029,Amelia Frost,G&A,84000,3230.77,710.77,95.0,2425.0,3713.46,"Cambridge, MA",BANK-PAYROLL
2025-12-26,2025-12-13,2025-12-26,EMP-030,Hugo Stein,Operations,91000,3500.0,770.0,95.0,2635.0,4015.0,"Cambridge, MA",BANK-PAYROLL
2025-12-26,2025-12-13,2025-12-26,EMP-031,Yara Haddad,Engineering,183000,7038.46,1548.46,95.0,5395.0,7978.08,"Cambridge, MA",BANK-PAYROLL
2025-12-26,2025-12-13,2025-12-26,EMP-032,Miles Quinn,Sales,131000,5038.46,1108.46,95.0,3835.0,5738.08,"Cambridge, MA",BANK-PAYROLL
2025-12-26,2025-12-13,2025-12-26,EMP-033,Piper Shaw,Finance,108000,4153.85,913.85,95.0,3145.0,4747.31,"Cambridge, MA",BANK-PAYROLL
2025-12-26,2025-12-13,2025-12-26,EMP-034,Andre Silva,Engineering,177000,6807.69,1497.69,95.0,5215.0,7719.61,"Cambridge, MA",BANK-PAYROLL
2025-12-26,2025-12-13,2025-12-26,EMP-035,Naomi Ellis,Customer Success,104000,4000.0,880.0,95.0,3025.0,4575.0,"Cambridge, MA",BANK-PAYROLL
2025-12-26,2025-12-13,2025-12-26,EMP-036,Rex Calder,Engineering,190000,7307.69,1607.69,95.0,5605.0,8279.61,"Cambridge, MA",BANK-PAYROLL
2025-12-26,2025-12-13,2025-12-26,EMP-037,Jun Park,Engineering,165000,6346.15,1396.15,95.0,4855.0,7202.69,"Cambridge, MA",BANK-PAYROLL
2025-12-26,2025-12-13,2025-12-26,EMP-038,Helen Cho,G&A,79000,3038.46,668.46,95.0,2275.0,3498.08,"Cambridge, MA",BANK-PAYROLL
2025-12-26,2025-12-13,2025-12-26,EMP-039,Samir Joshi,Engineering,186000,7153.85,1573.85,95.0,5485.0,8107.31,"Cambridge, MA",BANK-PAYROLL
2025-12-26,2025-12-13,2025-12-26,EMP-040,Tessa Ward,Sales,126000,4846.15,1066.15,95.0,3685.0,5522.69,"Cambridge, MA",BANK-PAYROLL
2025-12-26,2025-12-13,2025-12-26,EMP-041,Colin Byrne,Operations,87000,3346.15,736.15,95.0,2515.0,3842.69,"Cambridge, MA",BANK-PAYROLL
2025-12-26,2025-12-13,2025-12-26,EMP-042,Rita Gomez,Finance,112000,4307.69,947.69,95.0,3265.0,4919.61,"Cambridge, MA",BANK-PAYROLL
2025-12-26,2025-12-13,2025-12-26,EMP-043,Evan Cole,Engineering,174000,6692.31,1472.31,95.0,5125.0,7590.39,"Cambridge, MA",BANK-PAYROLL
2025-12-26,2025-12-13,2025-12-26,EMP-044,Paula Reed,Customer Success,97000,3730.77,820.77,95.0,2815.0,4273.46,"Cambridge, MA",BANK-PAYROLL
2025-12-26,2025-12-13,2025-12-26,EMP-045,Dmitri Orlov,Engineering,199000,7653.85,1683.85,95.0,5875.0,8667.31,"Cambridge, MA",BANK-PAYROLL
2025-12-26,2025-12-13,2025-12-26,EMP-046,Jane Holt,G&A,81000,3115.38,685.38,95.0,2335.0,3584.23,"Cambridge, MA",BANK-PAYROLL
2025-12-26,2025-12-13,2025-12-26,EMP-047,Kai Nakamura,Engineering,171000,6576.92,1446.92,95.0,5035.0,7461.15,"Cambridge, MA",BANK-PAYROLL
2025-12-26,2025-12-13,2025-12-26,EMP-048,Marisol Vega,Sales,133000,5115.38,1125.38,95.0,3895.0,5824.23,"Cambridge, MA",BANK-PAYROLL
2026-01-09,2025-12-27,2026-01-09,EMP-001,Priya Nair,Finance,185000,7115.38,1565.38,95.0,5455.0,8064.23,"Cambridge, MA",BANK-PAYROLL
2026-01-09,2025-12-27,2026-01-09,EMP-002,Jordan Hale,Finance,162000,6230.77,1370.77,95.0,4765.0,7073.46,"Cambridge, MA",BANK-PAYROLL
2026-01-09,2025-12-27,2026-01-09,EMP-003,Marcus Chen,Engineering,210000,8076.92,1776.92,95.0,6205.0,9141.15,"Cambridge, MA",BANK-PAYROLL
2026-01-09,2025-12-27,2026-01-09,EMP-004,Elena Vasquez,Engineering,198000,7615.38,1675.38,95.0,5845.0,8624.23,"Cambridge, MA",BANK-PAYROLL
2026-01-09,2025-12-27,2026-01-09,EMP-005,Maya Ortiz,Operations,98000,3769.23,829.23,95.0,2845.0,4316.54,"Cambridge, MA",BANK-PAYROLL
2026-01-09,2025-12-27,2026-01-09,EMP-006,Chris Lang,Engineering,175000,6730.77,1480.77,95.0,5155.0,7633.46,"Cambridge, MA",BANK-PAYROLL
2026-01-09,2025-12-27,2026-01-09,EMP-007,Sofia Rahman,Sales,140000,5384.62,1184.62,95.0,4105.0,6125.77,"Cambridge, MA",BANK-PAYROLL
2026-01-09,2025-12-27,2026-01-09,EMP-008,Noah Patel,Sales,128000,4923.08,1083.08,95.0,3745.0,5608.85,"Cambridge, MA",BANK-PAYROLL
2026-01-09,2025-12-27,2026-01-09,EMP-009,Hannah Kim,Customer Success,110000,4230.77,930.77,95.0,3205.0,4833.46,"Cambridge, MA",BANK-PAYROLL
2026-01-09,2025-12-27,2026-01-09,EMP-010,Luis Romero,Engineering,188000,7230.77,1590.77,95.0,5545.0,8193.46,"Cambridge, MA",BANK-PAYROLL
2026-01-09,2025-12-27,2026-01-09,EMP-011,Ava Berg,Engineering,172000,6615.38,1455.38,95.0,5065.0,7504.23,"Cambridge, MA",BANK-PAYROLL
2026-01-09,2025-12-27,2026-01-09,EMP-012,Owen Blake,G&A,92000,3538.46,778.46,95.0,2665.0,4058.08,"Cambridge, MA",BANK-PAYROLL
2026-01-09,2025-12-27,2026-01-09,EMP-013,Grace Liu,Finance,125000,4807.69,1057.69,95.0,3655.0,5479.61,"Cambridge, MA",BANK-PAYROLL
2026-01-09,2025-12-27,2026-01-09,EMP-014,Theo Grant,Engineering,205000,7884.62,1734.62,95.0,6055.0,8925.77,"Cambridge, MA",BANK-PAYROLL
2026-01-09,2025-12-27,2026-01-09,EMP-015,Nina Volkov,Sales,135000,5192.31,1142.31,95.0,3955.0,5910.39,"Cambridge, MA",BANK-PAYROLL
2026-01-09,2025-12-27,2026-01-09,EMP-016,Jamal Wright,Customer Success,102000,3923.08,863.08,95.0,2965.0,4488.85,"Cambridge, MA",BANK-PAYROLL
2026-01-09,2025-12-27,2026-01-09,EMP-017,Ivy Chen,Engineering,168000,6461.54,1421.54,95.0,4945.0,7331.92,"Cambridge, MA",BANK-PAYROLL
2026-01-09,2025-12-27,2026-01-09,EMP-018,Peter Holm,Operations,88000,3384.62,744.62,95.0,2545.0,3885.77,"Cambridge, MA",BANK-PAYROLL
2026-01-09,2025-12-27,2026-01-09,EMP-019,Sara Quill,G&A,76000,2923.08,643.08,95.0,2185.0,3368.85,"Cambridge, MA",BANK-PAYROLL
2026-01-09,2025-12-27,2026-01-09,EMP-020,Benito Cruz,Engineering,181000,6961.54,1531.54,95.0,5335.0,7891.92,"Cambridge, MA",BANK-PAYROLL
2026-01-09,2025-12-27,2026-01-09,EMP-021,Leah Morse,Finance,118000,4538.46,998.46,95.0,3445.0,5178.08,"Cambridge, MA",BANK-PAYROLL
2026-01-09,2025-12-27,2026-01-09,EMP-022,Kenji Sato,Engineering,194000,7461.54,1641.54,95.0,5725.0,8451.92,"Cambridge, MA",BANK-PAYROLL
2026-01-09,2025-12-27,2026-01-09,EMP-023,Ruth Adler,Legal ops,155000,5961.54,1311.54,95.0,4555.0,6771.92,"Cambridge, MA",BANK-PAYROLL
2026-01-09,2025-12-27,2026-01-09,EMP-024,Omar Farid,Engineering,176000,6769.23,1489.23,95.0,5185.0,7676.54,"Cambridge, MA",BANK-PAYROLL
2026-01-09,2025-12-27,2026-01-09,EMP-025,Cora Dane,Sales,122000,4692.31,1032.31,95.0,3565.0,5350.39,"Cambridge, MA",BANK-PAYROLL
2026-01-09,2025-12-27,2026-01-09,EMP-026,Felix Nguyen,Engineering,169000,6500.0,1430.0,95.0,4975.0,7375.0,"Cambridge, MA",BANK-PAYROLL
2026-01-09,2025-12-27,2026-01-09,EMP-027,Dana Brooks,Customer Success,99000,3807.69,837.69,95.0,2875.0,4359.61,"Cambridge, MA",BANK-PAYROLL
2026-01-09,2025-12-27,2026-01-09,EMP-028,Will Park,Engineering,201000,7730.77,1700.77,95.0,5935.0,8753.46,"Cambridge, MA",BANK-PAYROLL
2026-01-09,2025-12-27,2026-01-09,EMP-029,Amelia Frost,G&A,84000,3230.77,710.77,95.0,2425.0,3713.46,"Cambridge, MA",BANK-PAYROLL
2026-01-09,2025-12-27,2026-01-09,EMP-030,Hugo Stein,Operations,91000,3500.0,770.0,95.0,2635.0,4015.0,"Cambridge, MA",BANK-PAYROLL
2026-01-09,2025-12-27,2026-01-09,EMP-031,Yara Haddad,Engineering,183000,7038.46,1548.46,95.0,5395.0,7978.08,"Cambridge, MA",BANK-PAYROLL
2026-01-09,2025-12-27,2026-01-09,EMP-032,Miles Quinn,Sales,131000,5038.46,1108.46,95.0,3835.0,5738.08,"Cambridge, MA",BANK-PAYROLL
2026-01-09,2025-12-27,2026-01-09,EMP-033,Piper Shaw,Finance,108000,4153.85,913.85,95.0,3145.0,4747.31,"Cambridge, MA",BANK-PAYROLL
2026-01-09,2025-12-27,2026-01-09,EMP-034,Andre Silva,Engineering,177000,6807.69,1497.69,95.0,5215.0,7719.61,"Cambridge, MA",BANK-PAYROLL
2026-01-09,2025-12-27,2026-01-09,EMP-035,Naomi Ellis,Customer Success,104000,4000.0,880.0,95.0,3025.0,4575.0,"Cambridge, MA",BANK-PAYROLL
2026-01-09,2025-12-27,2026-01-09,EMP-036,Rex Calder,Engineering,190000,7307.69,1607.69,95.0,5605.0,8279.61,"Cambridge, MA",BANK-PAYROLL
2026-01-09,2025-12-27,2026-01-09,EMP-037,Jun Park,Engineering,165000,6346.15,1396.15,95.0,4855.0,7202.69,"Cambridge, MA",BANK-PAYROLL
2026-01-09,2025-12-27,2026-01-09,EMP-038,Helen Cho,G&A,79000,3038.46,668.46,95.0,2275.0,3498.08,"Cambridge, MA",BANK-PAYROLL
2026-01-09,2025-12-27,2026-01-09,EMP-039,Samir Joshi,Engineering,186000,7153.85,1573.85,95.0,5485.0,8107.31,"Cambridge, MA",BANK-PAYROLL
2026-01-09,2025-12-27,2026-01-09,EMP-040,Tessa Ward,Sales,126000,4846.15,1066.15,95.0,3685.0,5522.69,"Cambridge, MA",BANK-PAYROLL
2026-01-09,2025-12-27,2026-01-09,EMP-041,Colin Byrne,Operations,87000,3346.15,736.15,95.0,2515.0,3842.69,"Cambridge, MA",BANK-PAYROLL
2026-01-09,2025-12-27,2026-01-09,EMP-042,Rita Gomez,Finance,112000,4307.69,947.69,95.0,3265.0,4919.61,"Cambridge, MA",BANK-PAYROLL
2026-01-09,2025-12-27,2026-01-09,EMP-043,Evan Cole,Engineering,174000,6692.31,1472.31,95.0,5125.0,7590.39,"Cambridge, MA",BANK-PAYROLL
2026-01-09,2025-12-27,2026-01-09,EMP-044,Paula Reed,Customer Success,97000,3730.77,820.77,95.0,2815.0,4273.46,"Cambridge, MA",BANK-PAYROLL
2026-01-09,2025-12-27,2026-01-09,EMP-045,Dmitri Orlov,Engineering,199000,7653.85,1683.85,95.0,5875.0,8667.31,"Cambridge, MA",BANK-PAYROLL
2026-01-09,2025-12-27,2026-01-09,EMP-046,Jane Holt,G&A,81000,3115.38,685.38,95.0,2335.0,3584.23,"Cambridge, MA",BANK-PAYROLL
2026-01-09,2025-12-27,2026-01-09,EMP-047,Kai Nakamura,Engineering,171000,6576.92,1446.92,95.0,5035.0,7461.15,"Cambridge, MA",BANK-PAYROLL
2026-01-09,2025-12-27,2026-01-09,EMP-048,Marisol Vega,Sales,133000,5115.38,1125.38,95.0,3895.0,5824.23,"Cambridge, MA",BANK-PAYROLL
2026-01-23,2026-01-10,2026-01-23,EMP-001,Priya Nair,Finance,185000,7115.38,1565.38,95.0,5455.0,8064.23,"Cambridge, MA",BANK-PAYROLL
2026-01-23,2026-01-10,2026-01-23,EMP-002,Jordan Hale,Finance,162000,6230.77,1370.77,95.0,4765.0,7073.46,"Cambridge, MA",BANK-PAYROLL
2026-01-23,2026-01-10,2026-01-23,EMP-003,Marcus Chen,Engineering,210000,8076.92,1776.92,95.0,6205.0,9141.15,"Cambridge, MA",BANK-PAYROLL
2026-01-23,2026-01-10,2026-01-23,EMP-004,Elena Vasquez,Engineering,198000,7615.38,1675.38,95.0,5845.0,8624.23,"Cambridge, MA",BANK-PAYROLL
2026-01-23,2026-01-10,2026-01-23,EMP-005,Maya Ortiz,Operations,98000,3769.23,829.23,95.0,2845.0,4316.54,"Cambridge, MA",BANK-PAYROLL
2026-01-23,2026-01-10,2026-01-23,EMP-006,Chris Lang,Engineering,175000,6730.77,1480.77,95.0,5155.0,7633.46,"Cambridge, MA",BANK-PAYROLL
2026-01-23,2026-01-10,2026-01-23,EMP-007,Sofia Rahman,Sales,140000,5384.62,1184.62,95.0,4105.0,6125.77,"Cambridge, MA",BANK-PAYROLL
2026-01-23,2026-01-10,2026-01-23,EMP-008,Noah Patel,Sales,128000,4923.08,1083.08,95.0,3745.0,5608.85,"Cambridge, MA",BANK-PAYROLL
2026-01-23,2026-01-10,2026-01-23,EMP-009,Hannah Kim,Customer Success,110000,4230.77,930.77,95.0,3205.0,4833.46,"Cambridge, MA",BANK-PAYROLL
2026-01-23,2026-01-10,2026-01-23,EMP-010,Luis Romero,Engineering,188000,7230.77,1590.77,95.0,5545.0,8193.46,"Cambridge, MA",BANK-PAYROLL
2026-01-23,2026-01-10,2026-01-23,EMP-011,Ava Berg,Engineering,172000,6615.38,1455.38,95.0,5065.0,7504.23,"Cambridge, MA",BANK-PAYROLL
2026-01-23,2026-01-10,2026-01-23,EMP-012,Owen Blake,G&A,92000,3538.46,778.46,95.0,2665.0,4058.08,"Cambridge, MA",BANK-PAYROLL
2026-01-23,2026-01-10,2026-01-23,EMP-013,Grace Liu,Finance,125000,4807.69,1057.69,95.0,3655.0,5479.61,"Cambridge, MA",BANK-PAYROLL
2026-01-23,2026-01-10,2026-01-23,EMP-014,Theo Grant,Engineering,205000,7884.62,1734.62,95.0,6055.0,8925.77,"Cambridge, MA",BANK-PAYROLL
2026-01-23,2026-01-10,2026-01-23,EMP-015,Nina Volkov,Sales,135000,5192.31,1142.31,95.0,3955.0,5910.39,"Cambridge, MA",BANK-PAYROLL
2026-01-23,2026-01-10,2026-01-23,EMP-016,Jamal Wright,Customer Success,102000,3923.08,863.08,95.0,2965.0,4488.85,"Cambridge, MA",BANK-PAYROLL
2026-01-23,2026-01-10,2026-01-23,EMP-017,Ivy Chen,Engineering,168000,6461.54,1421.54,95.0,4945.0,7331.92,"Cambridge, MA",BANK-PAYROLL
2026-01-23,2026-01-10,2026-01-23,EMP-018,Peter Holm,Operations,88000,3384.62,744.62,95.0,2545.0,3885.77,"Cambridge, MA",BANK-PAYROLL
2026-01-23,2026-01-10,2026-01-23,EMP-019,Sara Quill,G&A,76000,2923.08,643.08,95.0,2185.0,3368.85,"Cambridge, MA",BANK-PAYROLL
2026-01-23,2026-01-10,2026-01-23,EMP-020,Benito Cruz,Engineering,181000,6961.54,1531.54,95.0,5335.0,7891.92,"Cambridge, MA",BANK-PAYROLL
2026-01-23,2026-01-10,2026-01-23,EMP-021,Leah Morse,Finance,118000,4538.46,998.46,95.0,3445.0,5178.08,"Cambridge, MA",BANK-PAYROLL
2026-01-23,2026-01-10,2026-01-23,EMP-022,Kenji Sato,Engineering,194000,7461.54,1641.54,95.0,5725.0,8451.92,"Cambridge, MA",BANK-PAYROLL
2026-01-23,2026-01-10,2026-01-23,EMP-023,Ruth Adler,Legal ops,155000,5961.54,1311.54,95.0,4555.0,6771.92,"Cambridge, MA",BANK-PAYROLL
2026-01-23,2026-01-10,2026-01-23,EMP-024,Omar Farid,Engineering,176000,6769.23,1489.23,95.0,5185.0,7676.54,"Cambridge, MA",BANK-PAYROLL
2026-01-23,2026-01-10,2026-01-23,EMP-025,Cora Dane,Sales,122000,4692.31,1032.31,95.0,3565.0,5350.39,"Cambridge, MA",BANK-PAYROLL
2026-01-23,2026-01-10,2026-01-23,EMP-026,Felix Nguyen,Engineering,169000,6500.0,1430.0,95.0,4975.0,7375.0,"Cambridge, MA",BANK-PAYROLL
2026-01-23,2026-01-10,2026-01-23,EMP-027,Dana Brooks,Customer Success,99000,3807.69,837.69,95.0,2875.0,4359.61,"Cambridge, MA",BANK-PAYROLL
2026-01-23,2026-01-10,2026-01-23,EMP-028,Will Park,Engineering,201000,7730.77,1700.77,95.0,5935.0,8753.46,"Cambridge, MA",BANK-PAYROLL
2026-01-23,2026-01-10,2026-01-23,EMP-029,Amelia Frost,G&A,84000,3230.77,710.77,95.0,2425.0,3713.46,"Cambridge, MA",BANK-PAYROLL
2026-01-23,2026-01-10,2026-01-23,EMP-030,Hugo Stein,Operations,91000,3500.0,770.0,95.0,2635.0,4015.0,"Cambridge, MA",BANK-PAYROLL
2026-01-23,2026-01-10,2026-01-23,EMP-031,Yara Haddad,Engineering,183000,7038.46,1548.46,95.0,5395.0,7978.08,"Cambridge, MA",BANK-PAYROLL
2026-01-23,2026-01-10,2026-01-23,EMP-032,Miles Quinn,Sales,131000,5038.46,1108.46,95.0,3835.0,5738.08,"Cambridge, MA",BANK-PAYROLL
2026-01-23,2026-01-10,2026-01-23,EMP-033,Piper Shaw,Finance,108000,4153.85,913.85,95.0,3145.0,4747.31,"Cambridge, MA",BANK-PAYROLL
2026-01-23,2026-01-10,2026-01-23,EMP-034,Andre Silva,Engineering,177000,6807.69,1497.69,95.0,5215.0,7719.61,"Cambridge, MA",BANK-PAYROLL
2026-01-23,2026-01-10,2026-01-23,EMP-035,Naomi Ellis,Customer Success,104000,4000.0,880.0,95.0,3025.0,4575.0,"Cambridge, MA",BANK-PAYROLL
2026-01-23,2026-01-10,2026-01-23,EMP-036,Rex Calder,Engineering,190000,7307.69,1607.69,95.0,5605.0,8279.61,"Cambridge, MA",BANK-PAYROLL
2026-01-23,2026-01-10,2026-01-23,EMP-037,Jun Park,Engineering,165000,6346.15,1396.15,95.0,4855.0,7202.69,"Cambridge, MA",BANK-PAYROLL
2026-01-23,2026-01-10,2026-01-23,EMP-038,Helen Cho,G&A,79000,3038.46,668.46,95.0,2275.0,3498.08,"Cambridge, MA",BANK-PAYROLL
2026-01-23,2026-01-10,2026-01-23,EMP-039,Samir Joshi,Engineering,186000,7153.85,1573.85,95.0,5485.0,8107.31,"Cambridge, MA",BANK-PAYROLL
2026-01-23,2026-01-10,2026-01-23,EMP-040,Tessa Ward,Sales,126000,4846.15,1066.15,95.0,3685.0,5522.69,"Cambridge, MA",BANK-PAYROLL
2026-01-23,2026-01-10,2026-01-23,EMP-041,Colin Byrne,Operations,87000,3346.15,736.15,95.0,2515.0,3842.69,"Cambridge, MA",BANK-PAYROLL
2026-01-23,2026-01-10,2026-01-23,EMP-042,Rita Gomez,Finance,112000,4307.69,947.69,95.0,3265.0,4919.61,"Cambridge, MA",BANK-PAYROLL
2026-01-23,2026-01-10,2026-01-23,EMP-043,Evan Cole,Engineering,174000,6692.31,1472.31,95.0,5125.0,7590.39,"Cambridge, MA",BANK-PAYROLL
2026-01-23,2026-01-10,2026-01-23,EMP-044,Paula Reed,Customer Success,97000,3730.77,820.77,95.0,2815.0,4273.46,"Cambridge, MA",BANK-PAYROLL
2026-01-23,2026-01-10,2026-01-23,EMP-045,Dmitri Orlov,Engineering,199000,7653.85,1683.85,95.0,5875.0,8667.31,"Cambridge, MA",BANK-PAYROLL
2026-01-23,2026-01-10,2026-01-23,EMP-046,Jane Holt,G&A,81000,3115.38,685.38,95.0,2335.0,3584.23,"Cambridge, MA",BANK-PAYROLL
2026-01-23,2026-01-10,2026-01-23,EMP-047,Kai Nakamura,Engineering,171000,6576.92,1446.92,95.0,5035.0,7461.15,"Cambridge, MA",BANK-PAYROLL
2026-01-23,2026-01-10,2026-01-23,EMP-048,Marisol Vega,Sales,133000,5115.38,1125.38,95.0,3895.0,5824.23,"Cambridge, MA",BANK-PAYROLL
2026-02-06,2026-01-24,2026-02-06,EMP-001,Priya Nair,Finance,185000,7115.38,1565.38,95.0,5455.0,8064.23,"Cambridge, MA",BANK-PAYROLL
2026-02-06,2026-01-24,2026-02-06,EMP-002,Jordan Hale,Finance,162000,6230.77,1370.77,95.0,4765.0,7073.46,"Cambridge, MA",BANK-PAYROLL
2026-02-06,2026-01-24,2026-02-06,EMP-003,Marcus Chen,Engineering,210000,8076.92,1776.92,95.0,6205.0,9141.15,"Cambridge, MA",BANK-PAYROLL
2026-02-06,2026-01-24,2026-02-06,EMP-004,Elena Vasquez,Engineering,198000,7615.38,1675.38,95.0,5845.0,8624.23,"Cambridge, MA",BANK-PAYROLL
2026-02-06,2026-01-24,2026-02-06,EMP-005,Maya Ortiz,Operations,98000,3769.23,829.23,95.0,2845.0,4316.54,"Cambridge, MA",BANK-PAYROLL
2026-02-06,2026-01-24,2026-02-06,EMP-006,Chris Lang,Engineering,175000,6730.77,1480.77,95.0,5155.0,7633.46,"Cambridge, MA",BANK-PAYROLL
2026-02-06,2026-01-24,2026-02-06,EMP-007,Sofia Rahman,Sales,140000,5384.62,1184.62,95.0,4105.0,6125.77,"Cambridge, MA",BANK-PAYROLL
2026-02-06,2026-01-24,2026-02-06,EMP-008,Noah Patel,Sales,128000,4923.08,1083.08,95.0,3745.0,5608.85,"Cambridge, MA",BANK-PAYROLL
2026-02-06,2026-01-24,2026-02-06,EMP-009,Hannah Kim,Customer Success,110000,4230.77,930.77,95.0,3205.0,4833.46,"Cambridge, MA",BANK-PAYROLL
2026-02-06,2026-01-24,2026-02-06,EMP-010,Luis Romero,Engineering,188000,7230.77,1590.77,95.0,5545.0,8193.46,"Cambridge, MA",BANK-PAYROLL
2026-02-06,2026-01-24,2026-02-06,EMP-011,Ava Berg,Engineering,172000,6615.38,1455.38,95.0,5065.0,7504.23,"Cambridge, MA",BANK-PAYROLL
2026-02-06,2026-01-24,2026-02-06,EMP-012,Owen Blake,G&A,92000,3538.46,778.46,95.0,2665.0,4058.08,"Cambridge, MA",BANK-PAYROLL
2026-02-06,2026-01-24,2026-02-06,EMP-013,Grace Liu,Finance,125000,4807.69,1057.69,95.0,3655.0,5479.61,"Cambridge, MA",BANK-PAYROLL
2026-02-06,2026-01-24,2026-02-06,EMP-014,Theo Grant,Engineering,205000,7884.62,1734.62,95.0,6055.0,8925.77,"Cambridge, MA",BANK-PAYROLL
2026-02-06,2026-01-24,2026-02-06,EMP-015,Nina Volkov,Sales,135000,5192.31,1142.31,95.0,3955.0,5910.39,"Cambridge, MA",BANK-PAYROLL
2026-02-06,2026-01-24,2026-02-06,EMP-016,Jamal Wright,Customer Success,102000,3923.08,863.08,95.0,2965.0,4488.85,"Cambridge, MA",BANK-PAYROLL
2026-02-06,2026-01-24,2026-02-06,EMP-017,Ivy Chen,Engineering,168000,6461.54,1421.54,95.0,4945.0,7331.92,"Cambridge, MA",BANK-PAYROLL
2026-02-06,2026-01-24,2026-02-06,EMP-018,Peter Holm,Operations,88000,3384.62,744.62,95.0,2545.0,3885.77,"Cambridge, MA",BANK-PAYROLL
2026-02-06,2026-01-24,2026-02-06,EMP-019,Sara Quill,G&A,76000,2923.08,643.08,95.0,2185.0,3368.85,"Cambridge, MA",BANK-PAYROLL
2026-02-06,2026-01-24,2026-02-06,EMP-020,Benito Cruz,Engineering,181000,6961.54,1531.54,95.0,5335.0,7891.92,"Cambridge, MA",BANK-PAYROLL
2026-02-06,2026-01-24,2026-02-06,EMP-021,Leah Morse,Finance,118000,4538.46,998.46,95.0,3445.0,5178.08,"Cambridge, MA",BANK-PAYROLL
2026-02-06,2026-01-24,2026-02-06,EMP-022,Kenji Sato,Engineering,194000,7461.54,1641.54,95.0,5725.0,8451.92,"Cambridge, MA",BANK-PAYROLL
2026-02-06,2026-01-24,2026-02-06,EMP-023,Ruth Adler,Legal ops,155000,5961.54,1311.54,95.0,4555.0,6771.92,"Cambridge, MA",BANK-PAYROLL
2026-02-06,2026-01-24,2026-02-06,EMP-024,Omar Farid,Engineering,176000,6769.23,1489.23,95.0,5185.0,7676.54,"Cambridge, MA",BANK-PAYROLL
2026-02-06,2026-01-24,2026-02-06,EMP-025,Cora Dane,Sales,122000,4692.31,1032.31,95.0,3565.0,5350.39,"Cambridge, MA",BANK-PAYROLL
2026-02-06,2026-01-24,2026-02-06,EMP-026,Felix Nguyen,Engineering,169000,6500.0,1430.0,95.0,4975.0,7375.0,"Cambridge, MA",BANK-PAYROLL
2026-02-06,2026-01-24,2026-02-06,EMP-027,Dana Brooks,Customer Success,99000,3807.69,837.69,95.0,2875.0,4359.61,"Cambridge, MA",BANK-PAYROLL
2026-02-06,2026-01-24,2026-02-06,EMP-028,Will Park,Engineering,201000,7730.77,1700.77,95.0,5935.0,8753.46,"Cambridge, MA",BANK-PAYROLL
2026-02-06,2026-01-24,2026-02-06,EMP-029,Amelia Frost,G&A,84000,3230.77,710.77,95.0,2425.0,3713.46,"Cambridge, MA",BANK-PAYROLL
2026-02-06,2026-01-24,2026-02-06,EMP-030,Hugo Stein,Operations,91000,3500.0,770.0,95.0,2635.0,4015.0,"Cambridge, MA",BANK-PAYROLL
2026-02-06,2026-01-24,2026-02-06,EMP-031,Yara Haddad,Engineering,183000,7038.46,1548.46,95.0,5395.0,7978.08,"Cambridge, MA",BANK-PAYROLL
2026-02-06,2026-01-24,2026-02-06,EMP-032,Miles Quinn,Sales,131000,5038.46,1108.46,95.0,3835.0,5738.08,"Cambridge, MA",BANK-PAYROLL
2026-02-06,2026-01-24,2026-02-06,EMP-033,Piper Shaw,Finance,108000,4153.85,913.85,95.0,3145.0,4747.31,"Cambridge, MA",BANK-PAYROLL
2026-02-06,2026-01-24,2026-02-06,EMP-034,Andre Silva,Engineering,177000,6807.69,1497.69,95.0,5215.0,7719.61,"Cambridge, MA",BANK-PAYROLL
2026-02-06,2026-01-24,2026-02-06,EMP-035,Naomi Ellis,Customer Success,104000,4000.0,880.0,95.0,3025.0,4575.0,"Cambridge, MA",BANK-PAYROLL
2026-02-06,2026-01-24,2026-02-06,EMP-036,Rex Calder,Engineering,190000,7307.69,1607.69,95.0,5605.0,8279.61,"Cambridge, MA",BANK-PAYROLL
2026-02-06,2026-01-24,2026-02-06,EMP-037,Jun Park,Engineering,165000,6346.15,1396.15,95.0,4855.0,7202.69,"Cambridge, MA",BANK-PAYROLL
2026-02-06,2026-01-24,2026-02-06,EMP-038,Helen Cho,G&A,79000,3038.46,668.46,95.0,2275.0,3498.08,"Cambridge, MA",BANK-PAYROLL
2026-02-06,2026-01-24,2026-02-06,EMP-039,Samir Joshi,Engineering,186000,7153.85,1573.85,95.0,5485.0,8107.31,"Cambridge, MA",BANK-PAYROLL
2026-02-06,2026-01-24,2026-02-06,EMP-040,Tessa Ward,Sales,126000,4846.15,1066.15,95.0,3685.0,5522.69,"Cambridge, MA",BANK-PAYROLL
2026-02-06,2026-01-24,2026-02-06,EMP-041,Colin Byrne,Operations,87000,3346.15,736.15,95.0,2515.0,3842.69,"Cambridge, MA",BANK-PAYROLL
2026-02-06,2026-01-24,2026-02-06,EMP-042,Rita Gomez,Finance,112000,4307.69,947.69,95.0,3265.0,4919.61,"Cambridge, MA",BANK-PAYROLL
2026-02-06,2026-01-24,2026-02-06,EMP-043,Evan Cole,Engineering,174000,6692.31,1472.31,95.0,5125.0,7590.39,"Cambridge, MA",BANK-PAYROLL
2026-02-06,2026-01-24,2026-02-06,EMP-044,Paula Reed,Customer Success,97000,3730.77,820.77,95.0,2815.0,4273.46,"Cambridge, MA",BANK-PAYROLL
2026-02-06,2026-01-24,2026-02-06,EMP-045,Dmitri Orlov,Engineering,199000,7653.85,1683.85,95.0,5875.0,8667.31,"Cambridge, MA",BANK-PAYROLL
2026-02-06,2026-01-24,2026-02-06,EMP-046,Jane Holt,G&A,81000,3115.38,685.38,95.0,2335.0,3584.23,"Cambridge, MA",BANK-PAYROLL
2026-02-06,2026-01-24,2026-02-06,EMP-047,Kai Nakamura,Engineering,171000,6576.92,1446.92,95.0,5035.0,7461.15,"Cambridge, MA",BANK-PAYROLL
2026-02-06,2026-01-24,2026-02-06,EMP-048,Marisol Vega,Sales,133000,5115.38,1125.38,95.0,3895.0,5824.23,"Cambridge, MA",BANK-PAYROLL
2026-02-20,2026-02-07,2026-02-20,EMP-001,Priya Nair,Finance,185000,7115.38,1565.38,95.0,5455.0,8064.23,"Cambridge, MA",BANK-PAYROLL
2026-02-20,2026-02-07,2026-02-20,EMP-002,Jordan Hale,Finance,162000,6230.77,1370.77,95.0,4765.0,7073.46,"Cambridge, MA",BANK-PAYROLL
2026-02-20,2026-02-07,2026-02-20,EMP-003,Marcus Chen,Engineering,210000,8076.92,1776.92,95.0,6205.0,9141.15,"Cambridge, MA",BANK-PAYROLL
2026-02-20,2026-02-07,2026-02-20,EMP-004,Elena Vasquez,Engineering,198000,7615.38,1675.38,95.0,5845.0,8624.23,"Cambridge, MA",BANK-PAYROLL
2026-02-20,2026-02-07,2026-02-20,EMP-005,Maya Ortiz,Operations,98000,3769.23,829.23,95.0,2845.0,4316.54,"Cambridge, MA",BANK-PAYROLL
2026-02-20,2026-02-07,2026-02-20,EMP-006,Chris Lang,Engineering,175000,6730.77,1480.77,95.0,5155.0,7633.46,"Cambridge, MA",BANK-PAYROLL
2026-02-20,2026-02-07,2026-02-20,EMP-007,Sofia Rahman,Sales,140000,5384.62,1184.62,95.0,4105.0,6125.77,"Cambridge, MA",BANK-PAYROLL
2026-02-20,2026-02-07,2026-02-20,EMP-008,Noah Patel,Sales,128000,4923.08,1083.08,95.0,3745.0,5608.85,"Cambridge, MA",BANK-PAYROLL
2026-02-20,2026-02-07,2026-02-20,EMP-009,Hannah Kim,Customer Success,110000,4230.77,930.77,95.0,3205.0,4833.46,"Cambridge, MA",BANK-PAYROLL
2026-02-20,2026-02-07,2026-02-20,EMP-010,Luis Romero,Engineering,188000,7230.77,1590.77,95.0,5545.0,8193.46,"Cambridge, MA",BANK-PAYROLL
2026-02-20,2026-02-07,2026-02-20,EMP-011,Ava Berg,Engineering,172000,6615.38,1455.38,95.0,5065.0,7504.23,"Cambridge, MA",BANK-PAYROLL
2026-02-20,2026-02-07,2026-02-20,EMP-012,Owen Blake,G&A,92000,3538.46,778.46,95.0,2665.0,4058.08,"Cambridge, MA",BANK-PAYROLL
2026-02-20,2026-02-07,2026-02-20,EMP-013,Grace Liu,Finance,125000,4807.69,1057.69,95.0,3655.0,5479.61,"Cambridge, MA",BANK-PAYROLL
2026-02-20,2026-02-07,2026-02-20,EMP-014,Theo Grant,Engineering,205000,7884.62,1734.62,95.0,6055.0,8925.77,"Cambridge, MA",BANK-PAYROLL
2026-02-20,2026-02-07,2026-02-20,EMP-015,Nina Volkov,Sales,135000,5192.31,1142.31,95.0,3955.0,5910.39,"Cambridge, MA",BANK-PAYROLL
2026-02-20,2026-02-07,2026-02-20,EMP-016,Jamal Wright,Customer Success,102000,3923.08,863.08,95.0,2965.0,4488.85,"Cambridge, MA",BANK-PAYROLL
2026-02-20,2026-02-07,2026-02-20,EMP-017,Ivy Chen,Engineering,168000,6461.54,1421.54,95.0,4945.0,7331.92,"Cambridge, MA",BANK-PAYROLL
2026-02-20,2026-02-07,2026-02-20,EMP-018,Peter Holm,Operations,88000,3384.62,744.62,95.0,2545.0,3885.77,"Cambridge, MA",BANK-PAYROLL
2026-02-20,2026-02-07,2026-02-20,EMP-019,Sara Quill,G&A,76000,2923.08,643.08,95.0,2185.0,3368.85,"Cambridge, MA",BANK-PAYROLL
2026-02-20,2026-02-07,2026-02-20,EMP-020,Benito Cruz,Engineering,181000,6961.54,1531.54,95.0,5335.0,7891.92,"Cambridge, MA",BANK-PAYROLL
2026-02-20,2026-02-07,2026-02-20,EMP-021,Leah Morse,Finance,118000,4538.46,998.46,95.0,3445.0,5178.08,"Cambridge, MA",BANK-PAYROLL
2026-02-20,2026-02-07,2026-02-20,EMP-022,Kenji Sato,Engineering,194000,7461.54,1641.54,95.0,5725.0,8451.92,"Cambridge, MA",BANK-PAYROLL
2026-02-20,2026-02-07,2026-02-20,EMP-023,Ruth Adler,Legal ops,155000,5961.54,1311.54,95.0,4555.0,6771.92,"Cambridge, MA",BANK-PAYROLL
2026-02-20,2026-02-07,2026-02-20,EMP-024,Omar Farid,Engineering,176000,6769.23,1489.23,95.0,5185.0,7676.54,"Cambridge, MA",BANK-PAYROLL
2026-02-20,2026-02-07,2026-02-20,EMP-025,Cora Dane,Sales,122000,4692.31,1032.31,95.0,3565.0,5350.39,"Cambridge, MA",BANK-PAYROLL
2026-02-20,2026-02-07,2026-02-20,EMP-026,Felix Nguyen,Engineering,169000,6500.0,1430.0,95.0,4975.0,7375.0,"Cambridge, MA",BANK-PAYROLL
2026-02-20,2026-02-07,2026-02-20,EMP-027,Dana Brooks,Customer Success,99000,3807.69,837.69,95.0,2875.0,4359.61,"Cambridge, MA",BANK-PAYROLL
2026-02-20,2026-02-07,2026-02-20,EMP-028,Will Park,Engineering,201000,7730.77,1700.77,95.0,5935.0,8753.46,"Cambridge, MA",BANK-PAYROLL
2026-02-20,2026-02-07,2026-02-20,EMP-029,Amelia Frost,G&A,84000,3230.77,710.77,95.0,2425.0,3713.46,"Cambridge, MA",BANK-PAYROLL
2026-02-20,2026-02-07,2026-02-20,EMP-030,Hugo Stein,Operations,91000,3500.0,770.0,95.0,2635.0,4015.0,"Cambridge, MA",BANK-PAYROLL
2026-02-20,2026-02-07,2026-02-20,EMP-031,Yara Haddad,Engineering,183000,7038.46,1548.46,95.0,5395.0,7978.08,"Cambridge, MA",BANK-PAYROLL
2026-02-20,2026-02-07,2026-02-20,EMP-032,Miles Quinn,Sales,131000,5038.46,1108.46,95.0,3835.0,5738.08,"Cambridge, MA",BANK-PAYROLL
2026-02-20,2026-02-07,2026-02-20,EMP-033,Piper Shaw,Finance,108000,4153.85,913.85,95.0,3145.0,4747.31,"Cambridge, MA",BANK-PAYROLL
2026-02-20,2026-02-07,2026-02-20,EMP-034,Andre Silva,Engineering,177000,6807.69,1497.69,95.0,5215.0,7719.61,"Cambridge, MA",BANK-PAYROLL
2026-02-20,2026-02-07,2026-02-20,EMP-035,Naomi Ellis,Customer Success,104000,4000.0,880.0,95.0,3025.0,4575.0,"Cambridge, MA",BANK-PAYROLL
2026-02-20,2026-02-07,2026-02-20,EMP-036,Rex Calder,Engineering,190000,7307.69,1607.69,95.0,5605.0,8279.61,"Cambridge, MA",BANK-PAYROLL
2026-02-20,2026-02-07,2026-02-20,EMP-037,Jun Park,Engineering,165000,6346.15,1396.15,95.0,4855.0,7202.69,"Cambridge, MA",BANK-PAYROLL
2026-02-20,2026-02-07,2026-02-20,EMP-038,Helen Cho,G&A,79000,3038.46,668.46,95.0,2275.0,3498.08,"Cambridge, MA",BANK-PAYROLL
2026-02-20,2026-02-07,2026-02-20,EMP-039,Samir Joshi,Engineering,186000,7153.85,1573.85,95.0,5485.0,8107.31,"Cambridge, MA",BANK-PAYROLL
2026-02-20,2026-02-07,2026-02-20,EMP-040,Tessa Ward,Sales,126000,4846.15,1066.15,95.0,3685.0,5522.69,"Cambridge, MA",BANK-PAYROLL
2026-02-20,2026-02-07,2026-02-20,EMP-041,Colin Byrne,Operations,87000,3346.15,736.15,95.0,2515.0,3842.69,"Cambridge, MA",BANK-PAYROLL
2026-02-20,2026-02-07,2026-02-20,EMP-042,Rita Gomez,Finance,112000,4307.69,947.69,95.0,3265.0,4919.61,"Cambridge, MA",BANK-PAYROLL
2026-02-20,2026-02-07,2026-02-20,EMP-043,Evan Cole,Engineering,174000,6692.31,1472.31,95.0,5125.0,7590.39,"Cambridge, MA",BANK-PAYROLL
2026-02-20,2026-02-07,2026-02-20,EMP-044,Paula Reed,Customer Success,97000,3730.77,820.77,95.0,2815.0,4273.46,"Cambridge, MA",BANK-PAYROLL
2026-02-20,2026-02-07,2026-02-20,EMP-045,Dmitri Orlov,Engineering,199000,7653.85,1683.85,95.0,5875.0,8667.31,"Cambridge, MA",BANK-PAYROLL
2026-02-20,2026-02-07,2026-02-20,EMP-046,Jane Holt,G&A,81000,3115.38,685.38,95.0,2335.0,3584.23,"Cambridge, MA",BANK-PAYROLL
2026-02-20,2026-02-07,2026-02-20,EMP-047,Kai Nakamura,Engineering,171000,6576.92,1446.92,95.0,5035.0,7461.15,"Cambridge, MA",BANK-PAYROLL
2026-02-20,2026-02-07,2026-02-20,EMP-048,Marisol Vega,Sales,133000,5115.38,1125.38,95.0,3895.0,5824.23,"Cambridge, MA",BANK-PAYROLL
2026-03-06,2026-02-21,2026-03-06,EMP-001,Priya Nair,Finance,185000,7115.38,1565.38,95.0,5455.0,8064.23,"Cambridge, MA",BANK-PAYROLL
2026-03-06,2026-02-21,2026-03-06,EMP-002,Jordan Hale,Finance,162000,6230.77,1370.77,95.0,4765.0,7073.46,"Cambridge, MA",BANK-PAYROLL
2026-03-06,2026-02-21,2026-03-06,EMP-003,Marcus Chen,Engineering,210000,8076.92,1776.92,95.0,6205.0,9141.15,"Cambridge, MA",BANK-PAYROLL
2026-03-06,2026-02-21,2026-03-06,EMP-004,Elena Vasquez,Engineering,198000,7615.38,1675.38,95.0,5845.0,8624.23,"Cambridge, MA",BANK-PAYROLL
2026-03-06,2026-02-21,2026-03-06,EMP-005,Maya Ortiz,Operations,98000,3769.23,829.23,95.0,2845.0,4316.54,"Cambridge, MA",BANK-PAYROLL
2026-03-06,2026-02-21,2026-03-06,EMP-006,Chris Lang,Engineering,175000,6730.77,1480.77,95.0,5155.0,7633.46,"Cambridge, MA",BANK-PAYROLL
2026-03-06,2026-02-21,2026-03-06,EMP-007,Sofia Rahman,Sales,140000,5384.62,1184.62,95.0,4105.0,6125.77,"Cambridge, MA",BANK-PAYROLL
2026-03-06,2026-02-21,2026-03-06,EMP-008,Noah Patel,Sales,128000,4923.08,1083.08,95.0,3745.0,5608.85,"Cambridge, MA",BANK-PAYROLL
2026-03-06,2026-02-21,2026-03-06,EMP-009,Hannah Kim,Customer Success,110000,4230.77,930.77,95.0,3205.0,4833.46,"Cambridge, MA",BANK-PAYROLL
2026-03-06,2026-02-21,2026-03-06,EMP-010,Luis Romero,Engineering,188000,7230.77,1590.77,95.0,5545.0,8193.46,"Cambridge, MA",BANK-PAYROLL
2026-03-06,2026-02-21,2026-03-06,EMP-011,Ava Berg,Engineering,172000,6615.38,1455.38,95.0,5065.0,7504.23,"Cambridge, MA",BANK-PAYROLL
2026-03-06,2026-02-21,2026-03-06,EMP-012,Owen Blake,G&A,92000,3538.46,778.46,95.0,2665.0,4058.08,"Cambridge, MA",BANK-PAYROLL
2026-03-06,2026-02-21,2026-03-06,EMP-013,Grace Liu,Finance,125000,4807.69,1057.69,95.0,3655.0,5479.61,"Cambridge, MA",BANK-PAYROLL
2026-03-06,2026-02-21,2026-03-06,EMP-014,Theo Grant,Engineering,205000,7884.62,1734.62,95.0,6055.0,8925.77,"Cambridge, MA",BANK-PAYROLL
2026-03-06,2026-02-21,2026-03-06,EMP-015,Nina Volkov,Sales,135000,5192.31,1142.31,95.0,3955.0,5910.39,"Cambridge, MA",BANK-PAYROLL
2026-03-06,2026-02-21,2026-03-06,EMP-016,Jamal Wright,Customer Success,102000,3923.08,863.08,95.0,2965.0,4488.85,"Cambridge, MA",BANK-PAYROLL
2026-03-06,2026-02-21,2026-03-06,EMP-017,Ivy Chen,Engineering,168000,6461.54,1421.54,95.0,4945.0,7331.92,"Cambridge, MA",BANK-PAYROLL
2026-03-06,2026-02-21,2026-03-06,EMP-018,Peter Holm,Operations,88000,3384.62,744.62,95.0,2545.0,3885.77,"Cambridge, MA",BANK-PAYROLL
2026-03-06,2026-02-21,2026-03-06,EMP-019,Sara Quill,G&A,76000,2923.08,643.08,95.0,2185.0,3368.85,"Cambridge, MA",BANK-PAYROLL
2026-03-06,2026-02-21,2026-03-06,EMP-020,Benito Cruz,Engineering,181000,6961.54,1531.54,95.0,5335.0,7891.92,"Cambridge, MA",BANK-PAYROLL
2026-03-06,2026-02-21,2026-03-06,EMP-021,Leah Morse,Finance,118000,4538.46,998.46,95.0,3445.0,5178.08,"Cambridge, MA",BANK-PAYROLL
2026-03-06,2026-02-21,2026-03-06,EMP-022,Kenji Sato,Engineering,194000,7461.54,1641.54,95.0,5725.0,8451.92,"Cambridge, MA",BANK-PAYROLL
2026-03-06,2026-02-21,2026-03-06,EMP-023,Ruth Adler,Legal ops,155000,5961.54,1311.54,95.0,4555.0,6771.92,"Cambridge, MA",BANK-PAYROLL
2026-03-06,2026-02-21,2026-03-06,EMP-024,Omar Farid,Engineering,176000,6769.23,1489.23,95.0,5185.0,7676.54,"Cambridge, MA",BANK-PAYROLL
2026-03-06,2026-02-21,2026-03-06,EMP-025,Cora Dane,Sales,122000,4692.31,1032.31,95.0,3565.0,5350.39,"Cambridge, MA",BANK-PAYROLL
2026-03-06,2026-02-21,2026-03-06,EMP-026,Felix Nguyen,Engineering,169000,6500.0,1430.0,95.0,4975.0,7375.0,"Cambridge, MA",BANK-PAYROLL
2026-03-06,2026-02-21,2026-03-06,EMP-027,Dana Brooks,Customer Success,99000,3807.69,837.69,95.0,2875.0,4359.61,"Cambridge, MA",BANK-PAYROLL
2026-03-06,2026-02-21,2026-03-06,EMP-028,Will Park,Engineering,201000,7730.77,1700.77,95.0,5935.0,8753.46,"Cambridge, MA",BANK-PAYROLL
2026-03-06,2026-02-21,2026-03-06,EMP-029,Amelia Frost,G&A,84000,3230.77,710.77,95.0,2425.0,3713.46,"Cambridge, MA",BANK-PAYROLL
2026-03-06,2026-02-21,2026-03-06,EMP-030,Hugo Stein,Operations,91000,3500.0,770.0,95.0,2635.0,4015.0,"Cambridge, MA",BANK-PAYROLL
2026-03-06,2026-02-21,2026-03-06,EMP-031,Yara Haddad,Engineering,183000,7038.46,1548.46,95.0,5395.0,7978.08,"Cambridge, MA",BANK-PAYROLL
2026-03-06,2026-02-21,2026-03-06,EMP-032,Miles Quinn,Sales,131000,5038.46,1108.46,95.0,3835.0,5738.08,"Cambridge, MA",BANK-PAYROLL
2026-03-06,2026-02-21,2026-03-06,EMP-033,Piper Shaw,Finance,108000,4153.85,913.85,95.0,3145.0,4747.31,"Cambridge, MA",BANK-PAYROLL
2026-03-06,2026-02-21,2026-03-06,EMP-034,Andre Silva,Engineering,177000,6807.69,1497.69,95.0,5215.0,7719.61,"Cambridge, MA",BANK-PAYROLL
2026-03-06,2026-02-21,2026-03-06,EMP-035,Naomi Ellis,Customer Success,104000,4000.0,880.0,95.0,3025.0,4575.0,"Cambridge, MA",BANK-PAYROLL
2026-03-06,2026-02-21,2026-03-06,EMP-036,Rex Calder,Engineering,190000,7307.69,1607.69,95.0,5605.0,8279.61,"Cambridge, MA",BANK-PAYROLL
2026-03-06,2026-02-21,2026-03-06,EMP-037,Jun Park,Engineering,165000,6346.15,1396.15,95.0,4855.0,7202.69,"Cambridge, MA",BANK-PAYROLL
2026-03-06,2026-02-21,2026-03-06,EMP-038,Helen Cho,G&A,79000,3038.46,668.46,95.0,2275.0,3498.08,"Cambridge, MA",BANK-PAYROLL
2026-03-06,2026-02-21,2026-03-06,EMP-039,Samir Joshi,Engineering,186000,7153.85,1573.85,95.0,5485.0,8107.31,"Cambridge, MA",BANK-PAYROLL
2026-03-06,2026-02-21,2026-03-06,EMP-040,Tessa Ward,Sales,126000,4846.15,1066.15,95.0,3685.0,5522.69,"Cambridge, MA",BANK-PAYROLL
2026-03-06,2026-02-21,2026-03-06,EMP-041,Colin Byrne,Operations,87000,3346.15,736.15,95.0,2515.0,3842.69,"Cambridge, MA",BANK-PAYROLL
2026-03-06,2026-02-21,2026-03-06,EMP-042,Rita Gomez,Finance,112000,4307.69,947.69,95.0,3265.0,4919.61,"Cambridge, MA",BANK-PAYROLL
2026-03-06,2026-02-21,2026-03-06,EMP-043,Evan Cole,Engineering,174000,6692.31,1472.31,95.0,5125.0,7590.39,"Cambridge, MA",BANK-PAYROLL
2026-03-06,2026-02-21,2026-03-06,EMP-044,Paula Reed,Customer Success,97000,3730.77,820.77,95.0,2815.0,4273.46,"Cambridge, MA",BANK-PAYROLL
2026-03-06,2026-02-21,2026-03-06,EMP-045,Dmitri Orlov,Engineering,199000,7653.85,1683.85,95.0,5875.0,8667.31,"Cambridge, MA",BANK-PAYROLL
2026-03-06,2026-02-21,2026-03-06,EMP-046,Jane Holt,G&A,81000,3115.38,685.38,95.0,2335.0,3584.23,"Cambridge, MA",BANK-PAYROLL
2026-03-06,2026-02-21,2026-03-06,EMP-047,Kai Nakamura,Engineering,171000,6576.92,1446.92,95.0,5035.0,7461.15,"Cambridge, MA",BANK-PAYROLL
2026-03-06,2026-02-21,2026-03-06,EMP-048,Marisol Vega,Sales,133000,5115.38,1125.38,95.0,3895.0,5824.23,"Cambridge, MA",BANK-PAYROLL
2026-03-20,2026-03-07,2026-03-20,EMP-001,Priya Nair,Finance,185000,7115.38,1565.38,95.0,5455.0,8064.23,"Cambridge, MA",BANK-PAYROLL
2026-03-20,2026-03-07,2026-03-20,EMP-002,Jordan Hale,Finance,162000,6230.77,1370.77,95.0,4765.0,7073.46,"Cambridge, MA",BANK-PAYROLL
2026-03-20,2026-03-07,2026-03-20,EMP-003,Marcus Chen,Engineering,210000,8076.92,1776.92,95.0,6205.0,9141.15,"Cambridge, MA",BANK-PAYROLL
2026-03-20,2026-03-07,2026-03-20,EMP-004,Elena Vasquez,Engineering,198000,7615.38,1675.38,95.0,5845.0,8624.23,"Cambridge, MA",BANK-PAYROLL
2026-03-20,2026-03-07,2026-03-20,EMP-005,Maya Ortiz,Operations,98000,3769.23,829.23,95.0,2845.0,4316.54,"Cambridge, MA",BANK-PAYROLL
2026-03-20,2026-03-07,2026-03-20,EMP-006,Chris Lang,Engineering,175000,6730.77,1480.77,95.0,5155.0,7633.46,"Cambridge, MA",BANK-PAYROLL
2026-03-20,2026-03-07,2026-03-20,EMP-007,Sofia Rahman,Sales,140000,5384.62,1184.62,95.0,4105.0,6125.77,"Cambridge, MA",BANK-PAYROLL
2026-03-20,2026-03-07,2026-03-20,EMP-008,Noah Patel,Sales,128000,4923.08,1083.08,95.0,3745.0,5608.85,"Cambridge, MA",BANK-PAYROLL
2026-03-20,2026-03-07,2026-03-20,EMP-009,Hannah Kim,Customer Success,110000,4230.77,930.77,95.0,3205.0,4833.46,"Cambridge, MA",BANK-PAYROLL
2026-03-20,2026-03-07,2026-03-20,EMP-010,Luis Romero,Engineering,188000,7230.77,1590.77,95.0,5545.0,8193.46,"Cambridge, MA",BANK-PAYROLL
2026-03-20,2026-03-07,2026-03-20,EMP-011,Ava Berg,Engineering,172000,6615.38,1455.38,95.0,5065.0,7504.23,"Cambridge, MA",BANK-PAYROLL
2026-03-20,2026-03-07,2026-03-20,EMP-012,Owen Blake,G&A,92000,3538.46,778.46,95.0,2665.0,4058.08,"Cambridge, MA",BANK-PAYROLL
2026-03-20,2026-03-07,2026-03-20,EMP-013,Grace Liu,Finance,125000,4807.69,1057.69,95.0,3655.0,5479.61,"Cambridge, MA",BANK-PAYROLL
2026-03-20,2026-03-07,2026-03-20,EMP-014,Theo Grant,Engineering,205000,7884.62,1734.62,95.0,6055.0,8925.77,"Cambridge, MA",BANK-PAYROLL
2026-03-20,2026-03-07,2026-03-20,EMP-015,Nina Volkov,Sales,135000,5192.31,1142.31,95.0,3955.0,5910.39,"Cambridge, MA",BANK-PAYROLL
2026-03-20,2026-03-07,2026-03-20,EMP-016,Jamal Wright,Customer Success,102000,3923.08,863.08,95.0,2965.0,4488.85,"Cambridge, MA",BANK-PAYROLL
2026-03-20,2026-03-07,2026-03-20,EMP-017,Ivy Chen,Engineering,168000,6461.54,1421.54,95.0,4945.0,7331.92,"Cambridge, MA",BANK-PAYROLL
2026-03-20,2026-03-07,2026-03-20,EMP-018,Peter Holm,Operations,88000,3384.62,744.62,95.0,2545.0,3885.77,"Cambridge, MA",BANK-PAYROLL
2026-03-20,2026-03-07,2026-03-20,EMP-019,Sara Quill,G&A,76000,2923.08,643.08,95.0,2185.0,3368.85,"Cambridge, MA",BANK-PAYROLL
2026-03-20,2026-03-07,2026-03-20,EMP-020,Benito Cruz,Engineering,181000,6961.54,1531.54,95.0,5335.0,7891.92,"Cambridge, MA",BANK-PAYROLL
2026-03-20,2026-03-07,2026-03-20,EMP-021,Leah Morse,Finance,118000,4538.46,998.46,95.0,3445.0,5178.08,"Cambridge, MA",BANK-PAYROLL
2026-03-20,2026-03-07,2026-03-20,EMP-022,Kenji Sato,Engineering,194000,7461.54,1641.54,95.0,5725.0,8451.92,"Cambridge, MA",BANK-PAYROLL
2026-03-20,2026-03-07,2026-03-20,EMP-023,Ruth Adler,Legal ops,155000,5961.54,1311.54,95.0,4555.0,6771.92,"Cambridge, MA",BANK-PAYROLL
2026-03-20,2026-03-07,2026-03-20,EMP-024,Omar Farid,Engineering,176000,6769.23,1489.23,95.0,5185.0,7676.54,"Cambridge, MA",BANK-PAYROLL
2026-03-20,2026-03-07,2026-03-20,EMP-025,Cora Dane,Sales,122000,4692.31,1032.31,95.0,3565.0,5350.39,"Cambridge, MA",BANK-PAYROLL
2026-03-20,2026-03-07,2026-03-20,EMP-026,Felix Nguyen,Engineering,169000,6500.0,1430.0,95.0,4975.0,7375.0,"Cambridge, MA",BANK-PAYROLL
2026-03-20,2026-03-07,2026-03-20,EMP-027,Dana Brooks,Customer Success,99000,3807.69,837.69,95.0,2875.0,4359.61,"Cambridge, MA",BANK-PAYROLL
2026-03-20,2026-03-07,2026-03-20,EMP-028,Will Park,Engineering,201000,7730.77,1700.77,95.0,5935.0,8753.46,"Cambridge, MA",BANK-PAYROLL
2026-03-20,2026-03-07,2026-03-20,EMP-029,Amelia Frost,G&A,84000,3230.77,710.77,95.0,2425.0,3713.46,"Cambridge, MA",BANK-PAYROLL
2026-03-20,2026-03-07,2026-03-20,EMP-030,Hugo Stein,Operations,91000,3500.0,770.0,95.0,2635.0,4015.0,"Cambridge, MA",BANK-PAYROLL
2026-03-20,2026-03-07,2026-03-20,EMP-031,Yara Haddad,Engineering,183000,7038.46,1548.46,95.0,5395.0,7978.08,"Cambridge, MA",BANK-PAYROLL
2026-03-20,2026-03-07,2026-03-20,EMP-032,Miles Quinn,Sales,131000,5038.46,1108.46,95.0,3835.0,5738.08,"Cambridge, MA",BANK-PAYROLL
2026-03-20,2026-03-07,2026-03-20,EMP-033,Piper Shaw,Finance,108000,4153.85,913.85,95.0,3145.0,4747.31,"Cambridge, MA",BANK-PAYROLL
2026-03-20,2026-03-07,2026-03-20,EMP-034,Andre Silva,Engineering,177000,6807.69,1497.69,95.0,5215.0,7719.61,"Cambridge, MA",BANK-PAYROLL
2026-03-20,2026-03-07,2026-03-20,EMP-035,Naomi Ellis,Customer Success,104000,4000.0,880.0,95.0,3025.0,4575.0,"Cambridge, MA",BANK-PAYROLL
2026-03-20,2026-03-07,2026-03-20,EMP-036,Rex Calder,Engineering,190000,7307.69,1607.69,95.0,5605.0,8279.61,"Cambridge, MA",BANK-PAYROLL
2026-03-20,2026-03-07,2026-03-20,EMP-037,Jun Park,Engineering,165000,6346.15,1396.15,95.0,4855.0,7202.69,"Cambridge, MA",BANK-PAYROLL
2026-03-20,2026-03-07,2026-03-20,EMP-038,Helen Cho,G&A,79000,3038.46,668.46,95.0,2275.0,3498.08,"Cambridge, MA",BANK-PAYROLL
2026-03-20,2026-03-07,2026-03-20,EMP-039,Samir Joshi,Engineering,186000,7153.85,1573.85,95.0,5485.0,8107.31,"Cambridge, MA",BANK-PAYROLL
2026-03-20,2026-03-07,2026-03-20,EMP-040,Tessa Ward,Sales,126000,4846.15,1066.15,95.0,3685.0,5522.69,"Cambridge, MA",BANK-PAYROLL
2026-03-20,2026-03-07,2026-03-20,EMP-041,Colin Byrne,Operations,87000,3346.15,736.15,95.0,2515.0,3842.69,"Cambridge, MA",BANK-PAYROLL
2026-03-20,2026-03-07,2026-03-20,EMP-042,Rita Gomez,Finance,112000,4307.69,947.69,95.0,3265.0,4919.61,"Cambridge, MA",BANK-PAYROLL
2026-03-20,2026-03-07,2026-03-20,EMP-043,Evan Cole,Engineering,174000,6692.31,1472.31,95.0,5125.0,7590.39,"Cambridge, MA",BANK-PAYROLL
2026-03-20,2026-03-07,2026-03-20,EMP-044,Paula Reed,Customer Success,97000,3730.77,820.77,95.0,2815.0,4273.46,"Cambridge, MA",BANK-PAYROLL
2026-03-20,2026-03-07,2026-03-20,EMP-045,Dmitri Orlov,Engineering,199000,7653.85,1683.85,95.0,5875.0,8667.31,"Cambridge, MA",BANK-PAYROLL
2026-03-20,2026-03-07,2026-03-20,EMP-046,Jane Holt,G&A,81000,3115.38,685.38,95.0,2335.0,3584.23,"Cambridge, MA",BANK-PAYROLL
2026-03-20,2026-03-07,2026-03-20,EMP-047,Kai Nakamura,Engineering,171000,6576.92,1446.92,95.0,5035.0,7461.15,"Cambridge, MA",BANK-PAYROLL
2026-03-20,2026-03-07,2026-03-20,EMP-048,Marisol Vega,Sales,133000,5115.38,1125.38,95.0,3895.0,5824.23,"Cambridge, MA",BANK-PAYROLL
2026-04-03,2026-03-21,2026-04-03,EMP-001,Priya Nair,Finance,185000,7115.38,1565.38,95.0,5455.0,8064.23,"Cambridge, MA",BANK-PAYROLL
2026-04-03,2026-03-21,2026-04-03,EMP-002,Jordan Hale,Finance,162000,6230.77,1370.77,95.0,4765.0,7073.46,"Cambridge, MA",BANK-PAYROLL
2026-04-03,2026-03-21,2026-04-03,EMP-003,Marcus Chen,Engineering,210000,8076.92,1776.92,95.0,6205.0,9141.15,"Cambridge, MA",BANK-PAYROLL
2026-04-03,2026-03-21,2026-04-03,EMP-004,Elena Vasquez,Engineering,198000,7615.38,1675.38,95.0,5845.0,8624.23,"Cambridge, MA",BANK-PAYROLL
2026-04-03,2026-03-21,2026-04-03,EMP-005,Maya Ortiz,Operations,98000,3769.23,829.23,95.0,2845.0,4316.54,"Cambridge, MA",BANK-PAYROLL
2026-04-03,2026-03-21,2026-04-03,EMP-006,Chris Lang,Engineering,175000,6730.77,1480.77,95.0,5155.0,7633.46,"Cambridge, MA",BANK-PAYROLL
2026-04-03,2026-03-21,2026-04-03,EMP-007,Sofia Rahman,Sales,140000,5384.62,1184.62,95.0,4105.0,6125.77,"Cambridge, MA",BANK-PAYROLL
2026-04-03,2026-03-21,2026-04-03,EMP-008,Noah Patel,Sales,128000,4923.08,1083.08,95.0,3745.0,5608.85,"Cambridge, MA",BANK-PAYROLL
2026-04-03,2026-03-21,2026-04-03,EMP-009,Hannah Kim,Customer Success,110000,4230.77,930.77,95.0,3205.0,4833.46,"Cambridge, MA",BANK-PAYROLL
2026-04-03,2026-03-21,2026-04-03,EMP-010,Luis Romero,Engineering,188000,7230.77,1590.77,95.0,5545.0,8193.46,"Cambridge, MA",BANK-PAYROLL
2026-04-03,2026-03-21,2026-04-03,EMP-011,Ava Berg,Engineering,172000,6615.38,1455.38,95.0,5065.0,7504.23,"Cambridge, MA",BANK-PAYROLL
2026-04-03,2026-03-21,2026-04-03,EMP-012,Owen Blake,G&A,92000,3538.46,778.46,95.0,2665.0,4058.08,"Cambridge, MA",BANK-PAYROLL
2026-04-03,2026-03-21,2026-04-03,EMP-013,Grace Liu,Finance,125000,4807.69,1057.69,95.0,3655.0,5479.61,"Cambridge, MA",BANK-PAYROLL
2026-04-03,2026-03-21,2026-04-03,EMP-014,Theo Grant,Engineering,205000,7884.62,1734.62,95.0,6055.0,8925.77,"Cambridge, MA",BANK-PAYROLL
2026-04-03,2026-03-21,2026-04-03,EMP-015,Nina Volkov,Sales,135000,5192.31,1142.31,95.0,3955.0,5910.39,"Cambridge, MA",BANK-PAYROLL
2026-04-03,2026-03-21,2026-04-03,EMP-016,Jamal Wright,Customer Success,102000,3923.08,863.08,95.0,2965.0,4488.85,"Cambridge, MA",BANK-PAYROLL
2026-04-03,2026-03-21,2026-04-03,EMP-017,Ivy Chen,Engineering,168000,6461.54,1421.54,95.0,4945.0,7331.92,"Cambridge, MA",BANK-PAYROLL
2026-04-03,2026-03-21,2026-04-03,EMP-018,Peter Holm,Operations,88000,3384.62,744.62,95.0,2545.0,3885.77,"Cambridge, MA",BANK-PAYROLL
2026-04-03,2026-03-21,2026-04-03,EMP-019,Sara Quill,G&A,76000,2923.08,643.08,95.0,2185.0,3368.85,"Cambridge, MA",BANK-PAYROLL
2026-04-03,2026-03-21,2026-04-03,EMP-020,Benito Cruz,Engineering,181000,6961.54,1531.54,95.0,5335.0,7891.92,"Cambridge, MA",BANK-PAYROLL
2026-04-03,2026-03-21,2026-04-03,EMP-021,Leah Morse,Finance,118000,4538.46,998.46,95.0,3445.0,5178.08,"Cambridge, MA",BANK-PAYROLL
2026-04-03,2026-03-21,2026-04-03,EMP-022,Kenji Sato,Engineering,194000,7461.54,1641.54,95.0,5725.0,8451.92,"Cambridge, MA",BANK-PAYROLL
2026-04-03,2026-03-21,2026-04-03,EMP-023,Ruth Adler,Legal ops,155000,5961.54,1311.54,95.0,4555.0,6771.92,"Cambridge, MA",BANK-PAYROLL
2026-04-03,2026-03-21,2026-04-03,EMP-024,Omar Farid,Engineering,176000,6769.23,1489.23,95.0,5185.0,7676.54,"Cambridge, MA",BANK-PAYROLL
2026-04-03,2026-03-21,2026-04-03,EMP-025,Cora Dane,Sales,122000,4692.31,1032.31,95.0,3565.0,5350.39,"Cambridge, MA",BANK-PAYROLL
2026-04-03,2026-03-21,2026-04-03,EMP-026,Felix Nguyen,Engineering,169000,6500.0,1430.0,95.0,4975.0,7375.0,"Cambridge, MA",BANK-PAYROLL
2026-04-03,2026-03-21,2026-04-03,EMP-027,Dana Brooks,Customer Success,99000,3807.69,837.69,95.0,2875.0,4359.61,"Cambridge, MA",BANK-PAYROLL
2026-04-03,2026-03-21,2026-04-03,EMP-028,Will Park,Engineering,201000,7730.77,1700.77,95.0,5935.0,8753.46,"Cambridge, MA",BANK-PAYROLL
2026-04-03,2026-03-21,2026-04-03,EMP-029,Amelia Frost,G&A,84000,3230.77,710.77,95.0,2425.0,3713.46,"Cambridge, MA",BANK-PAYROLL
2026-04-03,2026-03-21,2026-04-03,EMP-030,Hugo Stein,Operations,91000,3500.0,770.0,95.0,2635.0,4015.0,"Cambridge, MA",BANK-PAYROLL
2026-04-03,2026-03-21,2026-04-03,EMP-031,Yara Haddad,Engineering,183000,7038.46,1548.46,95.0,5395.0,7978.08,"Cambridge, MA",BANK-PAYROLL
2026-04-03,2026-03-21,2026-04-03,EMP-032,Miles Quinn,Sales,131000,5038.46,1108.46,95.0,3835.0,5738.08,"Cambridge, MA",BANK-PAYROLL
2026-04-03,2026-03-21,2026-04-03,EMP-033,Piper Shaw,Finance,108000,4153.85,913.85,95.0,3145.0,4747.31,"Cambridge, MA",BANK-PAYROLL
2026-04-03,2026-03-21,2026-04-03,EMP-034,Andre Silva,Engineering,177000,6807.69,1497.69,95.0,5215.0,7719.61,"Cambridge, MA",BANK-PAYROLL
2026-04-03,2026-03-21,2026-04-03,EMP-035,Naomi Ellis,Customer Success,104000,4000.0,880.0,95.0,3025.0,4575.0,"Cambridge, MA",BANK-PAYROLL
2026-04-03,2026-03-21,2026-04-03,EMP-036,Rex Calder,Engineering,190000,7307.69,1607.69,95.0,5605.0,8279.61,"Cambridge, MA",BANK-PAYROLL
2026-04-03,2026-03-21,2026-04-03,EMP-037,Jun Park,Engineering,165000,6346.15,1396.15,95.0,4855.0,7202.69,"Cambridge, MA",BANK-PAYROLL
2026-04-03,2026-03-21,2026-04-03,EMP-038,Helen Cho,G&A,79000,3038.46,668.46,95.0,2275.0,3498.08,"Cambridge, MA",BANK-PAYROLL
2026-04-03,2026-03-21,2026-04-03,EMP-039,Samir Joshi,Engineering,186000,7153.85,1573.85,95.0,5485.0,8107.31,"Cambridge, MA",BANK-PAYROLL
2026-04-03,2026-03-21,2026-04-03,EMP-040,Tessa Ward,Sales,126000,4846.15,1066.15,95.0,3685.0,5522.69,"Cambridge, MA",BANK-PAYROLL
2026-04-03,2026-03-21,2026-04-03,EMP-041,Colin Byrne,Operations,87000,3346.15,736.15,95.0,2515.0,3842.69,"Cambridge, MA",BANK-PAYROLL
2026-04-03,2026-03-21,2026-04-03,EMP-042,Rita Gomez,Finance,112000,4307.69,947.69,95.0,3265.0,4919.61,"Cambridge, MA",BANK-PAYROLL
2026-04-03,2026-03-21,2026-04-03,EMP-043,Evan Cole,Engineering,174000,6692.31,1472.31,95.0,5125.0,7590.39,"Cambridge, MA",BANK-PAYROLL
2026-04-03,2026-03-21,2026-04-03,EMP-044,Paula Reed,Customer Success,97000,3730.77,820.77,95.0,2815.0,4273.46,"Cambridge, MA",BANK-PAYROLL
2026-04-03,2026-03-21,2026-04-03,EMP-045,Dmitri Orlov,Engineering,199000,7653.85,1683.85,95.0,5875.0,8667.31,"Cambridge, MA",BANK-PAYROLL
2026-04-03,2026-03-21,2026-04-03,EMP-046,Jane Holt,G&A,81000,3115.38,685.38,95.0,2335.0,3584.23,"Cambridge, MA",BANK-PAYROLL
2026-04-03,2026-03-21,2026-04-03,EMP-047,Kai Nakamura,Engineering,171000,6576.92,1446.92,95.0,5035.0,7461.15,"Cambridge, MA",BANK-PAYROLL
2026-04-03,2026-03-21,2026-04-03,EMP-048,Marisol Vega,Sales,133000,5115.38,1125.38,95.0,3895.0,5824.23,"Cambridge, MA",BANK-PAYROLL
2026-04-17,2026-04-04,2026-04-17,EMP-001,Priya Nair,Finance,185000,7115.38,1565.38,95.0,5455.0,8064.23,"Cambridge, MA",BANK-PAYROLL
2026-04-17,2026-04-04,2026-04-17,EMP-002,Jordan Hale,Finance,162000,6230.77,1370.77,95.0,4765.0,7073.46,"Cambridge, MA",BANK-PAYROLL
2026-04-17,2026-04-04,2026-04-17,EMP-003,Marcus Chen,Engineering,210000,8076.92,1776.92,95.0,6205.0,9141.15,"Cambridge, MA",BANK-PAYROLL
2026-04-17,2026-04-04,2026-04-17,EMP-004,Elena Vasquez,Engineering,198000,7615.38,1675.38,95.0,5845.0,8624.23,"Cambridge, MA",BANK-PAYROLL
2026-04-17,2026-04-04,2026-04-17,EMP-005,Maya Ortiz,Operations,98000,3769.23,829.23,95.0,2845.0,4316.54,"Cambridge, MA",BANK-PAYROLL
2026-04-17,2026-04-04,2026-04-17,EMP-006,Chris Lang,Engineering,175000,6730.77,1480.77,95.0,5155.0,7633.46,"Cambridge, MA",BANK-PAYROLL
2026-04-17,2026-04-04,2026-04-17,EMP-007,Sofia Rahman,Sales,140000,5384.62,1184.62,95.0,4105.0,6125.77,"Cambridge, MA",BANK-PAYROLL
2026-04-17,2026-04-04,2026-04-17,EMP-008,Noah Patel,Sales,128000,4923.08,1083.08,95.0,3745.0,5608.85,"Cambridge, MA",BANK-PAYROLL
2026-04-17,2026-04-04,2026-04-17,EMP-009,Hannah Kim,Customer Success,110000,4230.77,930.77,95.0,3205.0,4833.46,"Cambridge, MA",BANK-PAYROLL
2026-04-17,2026-04-04,2026-04-17,EMP-010,Luis Romero,Engineering,188000,7230.77,1590.77,95.0,5545.0,8193.46,"Cambridge, MA",BANK-PAYROLL
2026-04-17,2026-04-04,2026-04-17,EMP-011,Ava Berg,Engineering,172000,6615.38,1455.38,95.0,5065.0,7504.23,"Cambridge, MA",BANK-PAYROLL
2026-04-17,2026-04-04,2026-04-17,EMP-012,Owen Blake,G&A,92000,3538.46,778.46,95.0,2665.0,4058.08,"Cambridge, MA",BANK-PAYROLL
2026-04-17,2026-04-04,2026-04-17,EMP-013,Grace Liu,Finance,125000,4807.69,1057.69,95.0,3655.0,5479.61,"Cambridge, MA",BANK-PAYROLL
2026-04-17,2026-04-04,2026-04-17,EMP-014,Theo Grant,Engineering,205000,7884.62,1734.62,95.0,6055.0,8925.77,"Cambridge, MA",BANK-PAYROLL
2026-04-17,2026-04-04,2026-04-17,EMP-015,Nina Volkov,Sales,135000,5192.31,1142.31,95.0,3955.0,5910.39,"Cambridge, MA",BANK-PAYROLL
2026-04-17,2026-04-04,2026-04-17,EMP-016,Jamal Wright,Customer Success,102000,3923.08,863.08,95.0,2965.0,4488.85,"Cambridge, MA",BANK-PAYROLL
2026-04-17,2026-04-04,2026-04-17,EMP-017,Ivy Chen,Engineering,168000,6461.54,1421.54,95.0,4945.0,7331.92,"Cambridge, MA",BANK-PAYROLL
2026-04-17,2026-04-04,2026-04-17,EMP-018,Peter Holm,Operations,88000,3384.62,744.62,95.0,2545.0,3885.77,"Cambridge, MA",BANK-PAYROLL
2026-04-17,2026-04-04,2026-04-17,EMP-019,Sara Quill,G&A,76000,2923.08,643.08,95.0,2185.0,3368.85,"Cambridge, MA",BANK-PAYROLL
2026-04-17,2026-04-04,2026-04-17,EMP-020,Benito Cruz,Engineering,181000,6961.54,1531.54,95.0,5335.0,7891.92,"Cambridge, MA",BANK-PAYROLL
2026-04-17,2026-04-04,2026-04-17,EMP-021,Leah Morse,Finance,118000,4538.46,998.46,95.0,3445.0,5178.08,"Cambridge, MA",BANK-PAYROLL
2026-04-17,2026-04-04,2026-04-17,EMP-022,Kenji Sato,Engineering,194000,7461.54,1641.54,95.0,5725.0,8451.92,"Cambridge, MA",BANK-PAYROLL
2026-04-17,2026-04-04,2026-04-17,EMP-023,Ruth Adler,Legal ops,155000,5961.54,1311.54,95.0,4555.0,6771.92,"Cambridge, MA",BANK-PAYROLL
2026-04-17,2026-04-04,2026-04-17,EMP-024,Omar Farid,Engineering,176000,6769.23,1489.23,95.0,5185.0,7676.54,"Cambridge, MA",BANK-PAYROLL
2026-04-17,2026-04-04,2026-04-17,EMP-025,Cora Dane,Sales,122000,4692.31,1032.31,95.0,3565.0,5350.39,"Cambridge, MA",BANK-PAYROLL
2026-04-17,2026-04-04,2026-04-17,EMP-026,Felix Nguyen,Engineering,169000,6500.0,1430.0,95.0,4975.0,7375.0,"Cambridge, MA",BANK-PAYROLL
2026-04-17,2026-04-04,2026-04-17,EMP-027,Dana Brooks,Customer Success,99000,3807.69,837.69,95.0,2875.0,4359.61,"Cambridge, MA",BANK-PAYROLL
2026-04-17,2026-04-04,2026-04-17,EMP-028,Will Park,Engineering,201000,7730.77,1700.77,95.0,5935.0,8753.46,"Cambridge, MA",BANK-PAYROLL
2026-04-17,2026-04-04,2026-04-17,EMP-029,Amelia Frost,G&A,84000,3230.77,710.77,95.0,2425.0,3713.46,"Cambridge, MA",BANK-PAYROLL
2026-04-17,2026-04-04,2026-04-17,EMP-030,Hugo Stein,Operations,91000,3500.0,770.0,95.0,2635.0,4015.0,"Cambridge, MA",BANK-PAYROLL
2026-04-17,2026-04-04,2026-04-17,EMP-031,Yara Haddad,Engineering,183000,7038.46,1548.46,95.0,5395.0,7978.08,"Cambridge, MA",BANK-PAYROLL
2026-04-17,2026-04-04,2026-04-17,EMP-032,Miles Quinn,Sales,131000,5038.46,1108.46,95.0,3835.0,5738.08,"Cambridge, MA",BANK-PAYROLL
2026-04-17,2026-04-04,2026-04-17,EMP-033,Piper Shaw,Finance,108000,4153.85,913.85,95.0,3145.0,4747.31,"Cambridge, MA",BANK-PAYROLL
2026-04-17,2026-04-04,2026-04-17,EMP-034,Andre Silva,Engineering,177000,6807.69,1497.69,95.0,5215.0,7719.61,"Cambridge, MA",BANK-PAYROLL
2026-04-17,2026-04-04,2026-04-17,EMP-035,Naomi Ellis,Customer Success,104000,4000.0,880.0,95.0,3025.0,4575.0,"Cambridge, MA",BANK-PAYROLL
2026-04-17,2026-04-04,2026-04-17,EMP-036,Rex Calder,Engineering,190000,7307.69,1607.69,95.0,5605.0,8279.61,"Cambridge, MA",BANK-PAYROLL
2026-04-17,2026-04-04,2026-04-17,EMP-037,Jun Park,Engineering,165000,6346.15,1396.15,95.0,4855.0,7202.69,"Cambridge, MA",BANK-PAYROLL
2026-04-17,2026-04-04,2026-04-17,EMP-038,Helen Cho,G&A,79000,3038.46,668.46,95.0,2275.0,3498.08,"Cambridge, MA",BANK-PAYROLL
2026-04-17,2026-04-04,2026-04-17,EMP-039,Samir Joshi,Engineering,186000,7153.85,1573.85,95.0,5485.0,8107.31,"Cambridge, MA",BANK-PAYROLL
2026-04-17,2026-04-04,2026-04-17,EMP-040,Tessa Ward,Sales,126000,4846.15,1066.15,95.0,3685.0,5522.69,"Cambridge, MA",BANK-PAYROLL
2026-04-17,2026-04-04,2026-04-17,EMP-041,Colin Byrne,Operations,87000,3346.15,736.15,95.0,2515.0,3842.69,"Cambridge, MA",BANK-PAYROLL
2026-04-17,2026-04-04,2026-04-17,EMP-042,Rita Gomez,Finance,112000,4307.69,947.69,95.0,3265.0,4919.61,"Cambridge, MA",BANK-PAYROLL
2026-04-17,2026-04-04,2026-04-17,EMP-043,Evan Cole,Engineering,174000,6692.31,1472.31,95.0,5125.0,7590.39,"Cambridge, MA",BANK-PAYROLL
2026-04-17,2026-04-04,2026-04-17,EMP-044,Paula Reed,Customer Success,97000,3730.77,820.77,95.0,2815.0,4273.46,"Cambridge, MA",BANK-PAYROLL
2026-04-17,2026-04-04,2026-04-17,EMP-045,Dmitri Orlov,Engineering,199000,7653.85,1683.85,95.0,5875.0,8667.31,"Cambridge, MA",BANK-PAYROLL
2026-04-17,2026-04-04,2026-04-17,EMP-046,Jane Holt,G&A,81000,3115.38,685.38,95.0,2335.0,3584.23,"Cambridge, MA",BANK-PAYROLL
2026-04-17,2026-04-04,2026-04-17,EMP-047,Kai Nakamura,Engineering,171000,6576.92,1446.92,95.0,5035.0,7461.15,"Cambridge, MA",BANK-PAYROLL
2026-04-17,2026-04-04,2026-04-17,EMP-048,Marisol Vega,Sales,133000,5115.38,1125.38,95.0,3895.0,5824.23,"Cambridge, MA",BANK-PAYROLL
2026-05-01,2026-04-18,2026-05-01,EMP-001,Priya Nair,Finance,185000,7115.38,1565.38,95.0,5455.0,8064.23,"Cambridge, MA",BANK-PAYROLL
2026-05-01,2026-04-18,2026-05-01,EMP-002,Jordan Hale,Finance,162000,6230.77,1370.77,95.0,4765.0,7073.46,"Cambridge, MA",BANK-PAYROLL
2026-05-01,2026-04-18,2026-05-01,EMP-003,Marcus Chen,Engineering,210000,8076.92,1776.92,95.0,6205.0,9141.15,"Cambridge, MA",BANK-PAYROLL
2026-05-01,2026-04-18,2026-05-01,EMP-004,Elena Vasquez,Engineering,198000,7615.38,1675.38,95.0,5845.0,8624.23,"Cambridge, MA",BANK-PAYROLL
2026-05-01,2026-04-18,2026-05-01,EMP-005,Maya Ortiz,Operations,98000,3769.23,829.23,95.0,2845.0,4316.54,"Cambridge, MA",BANK-PAYROLL
2026-05-01,2026-04-18,2026-05-01,EMP-006,Chris Lang,Engineering,175000,6730.77,1480.77,95.0,5155.0,7633.46,"Cambridge, MA",BANK-PAYROLL
2026-05-01,2026-04-18,2026-05-01,EMP-007,Sofia Rahman,Sales,140000,5384.62,1184.62,95.0,4105.0,6125.77,"Cambridge, MA",BANK-PAYROLL
2026-05-01,2026-04-18,2026-05-01,EMP-008,Noah Patel,Sales,128000,4923.08,1083.08,95.0,3745.0,5608.85,"Cambridge, MA",BANK-PAYROLL
2026-05-01,2026-04-18,2026-05-01,EMP-009,Hannah Kim,Customer Success,110000,4230.77,930.77,95.0,3205.0,4833.46,"Cambridge, MA",BANK-PAYROLL
2026-05-01,2026-04-18,2026-05-01,EMP-010,Luis Romero,Engineering,188000,7230.77,1590.77,95.0,5545.0,8193.46,"Cambridge, MA",BANK-PAYROLL
2026-05-01,2026-04-18,2026-05-01,EMP-011,Ava Berg,Engineering,172000,6615.38,1455.38,95.0,5065.0,7504.23,"Cambridge, MA",BANK-PAYROLL
2026-05-01,2026-04-18,2026-05-01,EMP-012,Owen Blake,G&A,92000,3538.46,778.46,95.0,2665.0,4058.08,"Cambridge, MA",BANK-PAYROLL
2026-05-01,2026-04-18,2026-05-01,EMP-013,Grace Liu,Finance,125000,4807.69,1057.69,95.0,3655.0,5479.61,"Cambridge, MA",BANK-PAYROLL
2026-05-01,2026-04-18,2026-05-01,EMP-014,Theo Grant,Engineering,205000,7884.62,1734.62,95.0,6055.0,8925.77,"Cambridge, MA",BANK-PAYROLL
2026-05-01,2026-04-18,2026-05-01,EMP-015,Nina Volkov,Sales,135000,5192.31,1142.31,95.0,3955.0,5910.39,"Cambridge, MA",BANK-PAYROLL
2026-05-01,2026-04-18,2026-05-01,EMP-016,Jamal Wright,Customer Success,102000,3923.08,863.08,95.0,2965.0,4488.85,"Cambridge, MA",BANK-PAYROLL
2026-05-01,2026-04-18,2026-05-01,EMP-017,Ivy Chen,Engineering,168000,6461.54,1421.54,95.0,4945.0,7331.92,"Cambridge, MA",BANK-PAYROLL
2026-05-01,2026-04-18,2026-05-01,EMP-018,Peter Holm,Operations,88000,3384.62,744.62,95.0,2545.0,3885.77,"Cambridge, MA",BANK-PAYROLL
2026-05-01,2026-04-18,2026-05-01,EMP-019,Sara Quill,G&A,76000,2923.08,643.08,95.0,2185.0,3368.85,"Cambridge, MA",BANK-PAYROLL
2026-05-01,2026-04-18,2026-05-01,EMP-020,Benito Cruz,Engineering,181000,6961.54,1531.54,95.0,5335.0,7891.92,"Cambridge, MA",BANK-PAYROLL
2026-05-01,2026-04-18,2026-05-01,EMP-021,Leah Morse,Finance,118000,4538.46,998.46,95.0,3445.0,5178.08,"Cambridge, MA",BANK-PAYROLL
2026-05-01,2026-04-18,2026-05-01,EMP-022,Kenji Sato,Engineering,194000,7461.54,1641.54,95.0,5725.0,8451.92,"Cambridge, MA",BANK-PAYROLL
2026-05-01,2026-04-18,2026-05-01,EMP-023,Ruth Adler,Legal ops,155000,5961.54,1311.54,95.0,4555.0,6771.92,"Cambridge, MA",BANK-PAYROLL
2026-05-01,2026-04-18,2026-05-01,EMP-024,Omar Farid,Engineering,176000,6769.23,1489.23,95.0,5185.0,7676.54,"Cambridge, MA",BANK-PAYROLL
2026-05-01,2026-04-18,2026-05-01,EMP-025,Cora Dane,Sales,122000,4692.31,1032.31,95.0,3565.0,5350.39,"Cambridge, MA",BANK-PAYROLL
2026-05-01,2026-04-18,2026-05-01,EMP-026,Felix Nguyen,Engineering,169000,6500.0,1430.0,95.0,4975.0,7375.0,"Cambridge, MA",BANK-PAYROLL
2026-05-01,2026-04-18,2026-05-01,EMP-027,Dana Brooks,Customer Success,99000,3807.69,837.69,95.0,2875.0,4359.61,"Cambridge, MA",BANK-PAYROLL
2026-05-01,2026-04-18,2026-05-01,EMP-028,Will Park,Engineering,201000,7730.77,1700.77,95.0,5935.0,8753.46,"Cambridge, MA",BANK-PAYROLL
2026-05-01,2026-04-18,2026-05-01,EMP-029,Amelia Frost,G&A,84000,3230.77,710.77,95.0,2425.0,3713.46,"Cambridge, MA",BANK-PAYROLL
2026-05-01,2026-04-18,2026-05-01,EMP-030,Hugo Stein,Operations,91000,3500.0,770.0,95.0,2635.0,4015.0,"Cambridge, MA",BANK-PAYROLL
2026-05-01,2026-04-18,2026-05-01,EMP-031,Yara Haddad,Engineering,183000,7038.46,1548.46,95.0,5395.0,7978.08,"Cambridge, MA",BANK-PAYROLL
2026-05-01,2026-04-18,2026-05-01,EMP-032,Miles Quinn,Sales,131000,5038.46,1108.46,95.0,3835.0,5738.08,"Cambridge, MA",BANK-PAYROLL
2026-05-01,2026-04-18,2026-05-01,EMP-033,Piper Shaw,Finance,108000,4153.85,913.85,95.0,3145.0,4747.31,"Cambridge, MA",BANK-PAYROLL
2026-05-01,2026-04-18,2026-05-01,EMP-034,Andre Silva,Engineering,177000,6807.69,1497.69,95.0,5215.0,7719.61,"Cambridge, MA",BANK-PAYROLL
2026-05-01,2026-04-18,2026-05-01,EMP-035,Naomi Ellis,Customer Success,104000,4000.0,880.0,95.0,3025.0,4575.0,"Cambridge, MA",BANK-PAYROLL
2026-05-01,2026-04-18,2026-05-01,EMP-036,Rex Calder,Engineering,190000,7307.69,1607.69,95.0,5605.0,8279.61,"Cambridge, MA",BANK-PAYROLL
2026-05-01,2026-04-18,2026-05-01,EMP-037,Jun Park,Engineering,165000,6346.15,1396.15,95.0,4855.0,7202.69,"Cambridge, MA",BANK-PAYROLL
2026-05-01,2026-04-18,2026-05-01,EMP-038,Helen Cho,G&A,79000,3038.46,668.46,95.0,2275.0,3498.08,"Cambridge, MA",BANK-PAYROLL
2026-05-01,2026-04-18,2026-05-01,EMP-039,Samir Joshi,Engineering,186000,7153.85,1573.85,95.0,5485.0,8107.31,"Cambridge, MA",BANK-PAYROLL
2026-05-01,2026-04-18,2026-05-01,EMP-040,Tessa Ward,Sales,126000,4846.15,1066.15,95.0,3685.0,5522.69,"Cambridge, MA",BANK-PAYROLL
2026-05-01,2026-04-18,2026-05-01,EMP-041,Colin Byrne,Operations,87000,3346.15,736.15,95.0,2515.0,3842.69,"Cambridge, MA",BANK-PAYROLL
2026-05-01,2026-04-18,2026-05-01,EMP-042,Rita Gomez,Finance,112000,4307.69,947.69,95.0,3265.0,4919.61,"Cambridge, MA",BANK-PAYROLL
2026-05-01,2026-04-18,2026-05-01,EMP-043,Evan Cole,Engineering,174000,6692.31,1472.31,95.0,5125.0,7590.39,"Cambridge, MA",BANK-PAYROLL
2026-05-01,2026-04-18,2026-05-01,EMP-044,Paula Reed,Customer Success,97000,3730.77,820.77,95.0,2815.0,4273.46,"Cambridge, MA",BANK-PAYROLL
2026-05-01,2026-04-18,2026-05-01,EMP-045,Dmitri Orlov,Engineering,199000,7653.85,1683.85,95.0,5875.0,8667.31,"Cambridge, MA",BANK-PAYROLL
2026-05-01,2026-04-18,2026-05-01,EMP-046,Jane Holt,G&A,81000,3115.38,685.38,95.0,2335.0,3584.23,"Cambridge, MA",BANK-PAYROLL
2026-05-01,2026-04-18,2026-05-01,EMP-047,Kai Nakamura,Engineering,171000,6576.92,1446.92,95.0,5035.0,7461.15,"Cambridge, MA",BANK-PAYROLL
2026-05-01,2026-04-18,2026-05-01,EMP-048,Marisol Vega,Sales,133000,5115.38,1125.38,95.0,3895.0,5824.23,"Cambridge, MA",BANK-PAYROLL
2026-05-15,2026-05-02,2026-05-15,EMP-001,Priya Nair,Finance,185000,7115.38,1565.38,95.0,5455.0,8064.23,"Cambridge, MA",BANK-PAYROLL
2026-05-15,2026-05-02,2026-05-15,EMP-002,Jordan Hale,Finance,162000,6230.77,1370.77,95.0,4765.0,7073.46,"Cambridge, MA",BANK-PAYROLL
2026-05-15,2026-05-02,2026-05-15,EMP-003,Marcus Chen,Engineering,210000,8076.92,1776.92,95.0,6205.0,9141.15,"Cambridge, MA",BANK-PAYROLL
2026-05-15,2026-05-02,2026-05-15,EMP-004,Elena Vasquez,Engineering,198000,7615.38,1675.38,95.0,5845.0,8624.23,"Cambridge, MA",BANK-PAYROLL
2026-05-15,2026-05-02,2026-05-15,EMP-005,Maya Ortiz,Operations,98000,3769.23,829.23,95.0,2845.0,4316.54,"Cambridge, MA",BANK-PAYROLL
2026-05-15,2026-05-02,2026-05-15,EMP-006,Chris Lang,Engineering,175000,6730.77,1480.77,95.0,5155.0,7633.46,"Cambridge, MA",BANK-PAYROLL
2026-05-15,2026-05-02,2026-05-15,EMP-007,Sofia Rahman,Sales,140000,5384.62,1184.62,95.0,4105.0,6125.77,"Cambridge, MA",BANK-PAYROLL
2026-05-15,2026-05-02,2026-05-15,EMP-008,Noah Patel,Sales,128000,4923.08,1083.08,95.0,3745.0,5608.85,"Cambridge, MA",BANK-PAYROLL
2026-05-15,2026-05-02,2026-05-15,EMP-009,Hannah Kim,Customer Success,110000,4230.77,930.77,95.0,3205.0,4833.46,"Cambridge, MA",BANK-PAYROLL
2026-05-15,2026-05-02,2026-05-15,EMP-010,Luis Romero,Engineering,188000,7230.77,1590.77,95.0,5545.0,8193.46,"Cambridge, MA",BANK-PAYROLL
2026-05-15,2026-05-02,2026-05-15,EMP-011,Ava Berg,Engineering,172000,6615.38,1455.38,95.0,5065.0,7504.23,"Cambridge, MA",BANK-PAYROLL
2026-05-15,2026-05-02,2026-05-15,EMP-012,Owen Blake,G&A,92000,3538.46,778.46,95.0,2665.0,4058.08,"Cambridge, MA",BANK-PAYROLL
2026-05-15,2026-05-02,2026-05-15,EMP-013,Grace Liu,Finance,125000,4807.69,1057.69,95.0,3655.0,5479.61,"Cambridge, MA",BANK-PAYROLL
2026-05-15,2026-05-02,2026-05-15,EMP-014,Theo Grant,Engineering,205000,7884.62,1734.62,95.0,6055.0,8925.77,"Cambridge, MA",BANK-PAYROLL
2026-05-15,2026-05-02,2026-05-15,EMP-015,Nina Volkov,Sales,135000,5192.31,1142.31,95.0,3955.0,5910.39,"Cambridge, MA",BANK-PAYROLL
2026-05-15,2026-05-02,2026-05-15,EMP-016,Jamal Wright,Customer Success,102000,3923.08,863.08,95.0,2965.0,4488.85,"Cambridge, MA",BANK-PAYROLL
2026-05-15,2026-05-02,2026-05-15,EMP-017,Ivy Chen,Engineering,168000,6461.54,1421.54,95.0,4945.0,7331.92,"Cambridge, MA",BANK-PAYROLL
2026-05-15,2026-05-02,2026-05-15,EMP-018,Peter Holm,Operations,88000,3384.62,744.62,95.0,2545.0,3885.77,"Cambridge, MA",BANK-PAYROLL
2026-05-15,2026-05-02,2026-05-15,EMP-019,Sara Quill,G&A,76000,2923.08,643.08,95.0,2185.0,3368.85,"Cambridge, MA",BANK-PAYROLL
2026-05-15,2026-05-02,2026-05-15,EMP-020,Benito Cruz,Engineering,181000,6961.54,1531.54,95.0,5335.0,7891.92,"Cambridge, MA",BANK-PAYROLL
2026-05-15,2026-05-02,2026-05-15,EMP-021,Leah Morse,Finance,118000,4538.46,998.46,95.0,3445.0,5178.08,"Cambridge, MA",BANK-PAYROLL
2026-05-15,2026-05-02,2026-05-15,EMP-022,Kenji Sato,Engineering,194000,7461.54,1641.54,95.0,5725.0,8451.92,"Cambridge, MA",BANK-PAYROLL
2026-05-15,2026-05-02,2026-05-15,EMP-023,Ruth Adler,Legal ops,155000,5961.54,1311.54,95.0,4555.0,6771.92,"Cambridge, MA",BANK-PAYROLL
2026-05-15,2026-05-02,2026-05-15,EMP-024,Omar Farid,Engineering,176000,6769.23,1489.23,95.0,5185.0,7676.54,"Cambridge, MA",BANK-PAYROLL
2026-05-15,2026-05-02,2026-05-15,EMP-025,Cora Dane,Sales,122000,4692.31,1032.31,95.0,3565.0,5350.39,"Cambridge, MA",BANK-PAYROLL
2026-05-15,2026-05-02,2026-05-15,EMP-026,Felix Nguyen,Engineering,169000,6500.0,1430.0,95.0,4975.0,7375.0,"Cambridge, MA",BANK-PAYROLL
2026-05-15,2026-05-02,2026-05-15,EMP-027,Dana Brooks,Customer Success,99000,3807.69,837.69,95.0,2875.0,4359.61,"Cambridge, MA",BANK-PAYROLL
2026-05-15,2026-05-02,2026-05-15,EMP-028,Will Park,Engineering,201000,7730.77,1700.77,95.0,5935.0,8753.46,"Cambridge, MA",BANK-PAYROLL
2026-05-15,2026-05-02,2026-05-15,EMP-029,Amelia Frost,G&A,84000,3230.77,710.77,95.0,2425.0,3713.46,"Cambridge, MA",BANK-PAYROLL
2026-05-15,2026-05-02,2026-05-15,EMP-030,Hugo Stein,Operations,91000,3500.0,770.0,95.0,2635.0,4015.0,"Cambridge, MA",BANK-PAYROLL
2026-05-15,2026-05-02,2026-05-15,EMP-031,Yara Haddad,Engineering,183000,7038.46,1548.46,95.0,5395.0,7978.08,"Cambridge, MA",BANK-PAYROLL
2026-05-15,2026-05-02,2026-05-15,EMP-032,Miles Quinn,Sales,131000,5038.46,1108.46,95.0,3835.0,5738.08,"Cambridge, MA",BANK-PAYROLL
2026-05-15,2026-05-02,2026-05-15,EMP-033,Piper Shaw,Finance,108000,4153.85,913.85,95.0,3145.0,4747.31,"Cambridge, MA",BANK-PAYROLL
2026-05-15,2026-05-02,2026-05-15,EMP-034,Andre Silva,Engineering,177000,6807.69,1497.69,95.0,5215.0,7719.61,"Cambridge, MA",BANK-PAYROLL
2026-05-15,2026-05-02,2026-05-15,EMP-035,Naomi Ellis,Customer Success,104000,4000.0,880.0,95.0,3025.0,4575.0,"Cambridge, MA",BANK-PAYROLL
2026-05-15,2026-05-02,2026-05-15,EMP-036,Rex Calder,Engineering,190000,7307.69,1607.69,95.0,5605.0,8279.61,"Cambridge, MA",BANK-PAYROLL
2026-05-15,2026-05-02,2026-05-15,EMP-037,Jun Park,Engineering,165000,6346.15,1396.15,95.0,4855.0,7202.69,"Cambridge, MA",BANK-PAYROLL
2026-05-15,2026-05-02,2026-05-15,EMP-038,Helen Cho,G&A,79000,3038.46,668.46,95.0,2275.0,3498.08,"Cambridge, MA",BANK-PAYROLL
2026-05-15,2026-05-02,2026-05-15,EMP-039,Samir Joshi,Engineering,186000,7153.85,1573.85,95.0,5485.0,8107.31,"Cambridge, MA",BANK-PAYROLL
2026-05-15,2026-05-02,2026-05-15,EMP-040,Tessa Ward,Sales,126000,4846.15,1066.15,95.0,3685.0,5522.69,"Cambridge, MA",BANK-PAYROLL
2026-05-15,2026-05-02,2026-05-15,EMP-041,Colin Byrne,Operations,87000,3346.15,736.15,95.0,2515.0,3842.69,"Cambridge, MA",BANK-PAYROLL
2026-05-15,2026-05-02,2026-05-15,EMP-042,Rita Gomez,Finance,112000,4307.69,947.69,95.0,3265.0,4919.61,"Cambridge, MA",BANK-PAYROLL
2026-05-15,2026-05-02,2026-05-15,EMP-043,Evan Cole,Engineering,174000,6692.31,1472.31,95.0,5125.0,7590.39,"Cambridge, MA",BANK-PAYROLL
2026-05-15,2026-05-02,2026-05-15,EMP-044,Paula Reed,Customer Success,97000,3730.77,820.77,95.0,2815.0,4273.46,"Cambridge, MA",BANK-PAYROLL
2026-05-15,2026-05-02,2026-05-15,EMP-045,Dmitri Orlov,Engineering,199000,7653.85,1683.85,95.0,5875.0,8667.31,"Cambridge, MA",BANK-PAYROLL
2026-05-15,2026-05-02,2026-05-15,EMP-046,Jane Holt,G&A,81000,3115.38,685.38,95.0,2335.0,3584.23,"Cambridge, MA",BANK-PAYROLL
2026-05-15,2026-05-02,2026-05-15,EMP-047,Kai Nakamura,Engineering,171000,6576.92,1446.92,95.0,5035.0,7461.15,"Cambridge, MA",BANK-PAYROLL
2026-05-15,2026-05-02,2026-05-15,EMP-048,Marisol Vega,Sales,133000,5115.38,1125.38,95.0,3895.0,5824.23,"Cambridge, MA",BANK-PAYROLL
2026-05-29,2026-05-16,2026-05-29,EMP-001,Priya Nair,Finance,185000,7115.38,1565.38,95.0,5455.0,8064.23,"Cambridge, MA",BANK-PAYROLL
2026-05-29,2026-05-16,2026-05-29,EMP-002,Jordan Hale,Finance,162000,6230.77,1370.77,95.0,4765.0,7073.46,"Cambridge, MA",BANK-PAYROLL
2026-05-29,2026-05-16,2026-05-29,EMP-003,Marcus Chen,Engineering,210000,8076.92,1776.92,95.0,6205.0,9141.15,"Cambridge, MA",BANK-PAYROLL
2026-05-29,2026-05-16,2026-05-29,EMP-004,Elena Vasquez,Engineering,198000,7615.38,1675.38,95.0,5845.0,8624.23,"Cambridge, MA",BANK-PAYROLL
2026-05-29,2026-05-16,2026-05-29,EMP-005,Maya Ortiz,Operations,98000,3769.23,829.23,95.0,2845.0,4316.54,"Cambridge, MA",BANK-PAYROLL
2026-05-29,2026-05-16,2026-05-29,EMP-006,Chris Lang,Engineering,175000,6730.77,1480.77,95.0,5155.0,7633.46,"Cambridge, MA",BANK-PAYROLL
2026-05-29,2026-05-16,2026-05-29,EMP-007,Sofia Rahman,Sales,140000,5384.62,1184.62,95.0,4105.0,6125.77,"Cambridge, MA",BANK-PAYROLL
2026-05-29,2026-05-16,2026-05-29,EMP-008,Noah Patel,Sales,128000,4923.08,1083.08,95.0,3745.0,5608.85,"Cambridge, MA",BANK-PAYROLL
2026-05-29,2026-05-16,2026-05-29,EMP-009,Hannah Kim,Customer Success,110000,4230.77,930.77,95.0,3205.0,4833.46,"Cambridge, MA",BANK-PAYROLL
2026-05-29,2026-05-16,2026-05-29,EMP-010,Luis Romero,Engineering,188000,7230.77,1590.77,95.0,5545.0,8193.46,"Cambridge, MA",BANK-PAYROLL
2026-05-29,2026-05-16,2026-05-29,EMP-011,Ava Berg,Engineering,172000,6615.38,1455.38,95.0,5065.0,7504.23,"Cambridge, MA",BANK-PAYROLL
2026-05-29,2026-05-16,2026-05-29,EMP-012,Owen Blake,G&A,92000,3538.46,778.46,95.0,2665.0,4058.08,"Cambridge, MA",BANK-PAYROLL
2026-05-29,2026-05-16,2026-05-29,EMP-013,Grace Liu,Finance,125000,4807.69,1057.69,95.0,3655.0,5479.61,"Cambridge, MA",BANK-PAYROLL
2026-05-29,2026-05-16,2026-05-29,EMP-014,Theo Grant,Engineering,205000,7884.62,1734.62,95.0,6055.0,8925.77,"Cambridge, MA",BANK-PAYROLL
2026-05-29,2026-05-16,2026-05-29,EMP-015,Nina Volkov,Sales,135000,5192.31,1142.31,95.0,3955.0,5910.39,"Cambridge, MA",BANK-PAYROLL
2026-05-29,2026-05-16,2026-05-29,EMP-016,Jamal Wright,Customer Success,102000,3923.08,863.08,95.0,2965.0,4488.85,"Cambridge, MA",BANK-PAYROLL
2026-05-29,2026-05-16,2026-05-29,EMP-017,Ivy Chen,Engineering,168000,6461.54,1421.54,95.0,4945.0,7331.92,"Cambridge, MA",BANK-PAYROLL
2026-05-29,2026-05-16,2026-05-29,EMP-018,Peter Holm,Operations,88000,3384.62,744.62,95.0,2545.0,3885.77,"Cambridge, MA",BANK-PAYROLL
2026-05-29,2026-05-16,2026-05-29,EMP-019,Sara Quill,G&A,76000,2923.08,643.08,95.0,2185.0,3368.85,"Cambridge, MA",BANK-PAYROLL
2026-05-29,2026-05-16,2026-05-29,EMP-020,Benito Cruz,Engineering,181000,6961.54,1531.54,95.0,5335.0,7891.92,"Cambridge, MA",BANK-PAYROLL
2026-05-29,2026-05-16,2026-05-29,EMP-021,Leah Morse,Finance,118000,4538.46,998.46,95.0,3445.0,5178.08,"Cambridge, MA",BANK-PAYROLL
2026-05-29,2026-05-16,2026-05-29,EMP-022,Kenji Sato,Engineering,194000,7461.54,1641.54,95.0,5725.0,8451.92,"Cambridge, MA",BANK-PAYROLL
2026-05-29,2026-05-16,2026-05-29,EMP-023,Ruth Adler,Legal ops,155000,5961.54,1311.54,95.0,4555.0,6771.92,"Cambridge, MA",BANK-PAYROLL
2026-05-29,2026-05-16,2026-05-29,EMP-024,Omar Farid,Engineering,176000,6769.23,1489.23,95.0,5185.0,7676.54,"Cambridge, MA",BANK-PAYROLL
2026-05-29,2026-05-16,2026-05-29,EMP-025,Cora Dane,Sales,122000,4692.31,1032.31,95.0,3565.0,5350.39,"Cambridge, MA",BANK-PAYROLL
2026-05-29,2026-05-16,2026-05-29,EMP-026,Felix Nguyen,Engineering,169000,6500.0,1430.0,95.0,4975.0,7375.0,"Cambridge, MA",BANK-PAYROLL
2026-05-29,2026-05-16,2026-05-29,EMP-027,Dana Brooks,Customer Success,99000,3807.69,837.69,95.0,2875.0,4359.61,"Cambridge, MA",BANK-PAYROLL
2026-05-29,2026-05-16,2026-05-29,EMP-028,Will Park,Engineering,201000,7730.77,1700.77,95.0,5935.0,8753.46,"Cambridge, MA",BANK-PAYROLL
2026-05-29,2026-05-16,2026-05-29,EMP-029,Amelia Frost,G&A,84000,3230.77,710.77,95.0,2425.0,3713.46,"Cambridge, MA",BANK-PAYROLL
2026-05-29,2026-05-16,2026-05-29,EMP-030,Hugo Stein,Operations,91000,3500.0,770.0,95.0,2635.0,4015.0,"Cambridge, MA",BANK-PAYROLL
2026-05-29,2026-05-16,2026-05-29,EMP-031,Yara Haddad,Engineering,183000,7038.46,1548.46,95.0,5395.0,7978.08,"Cambridge, MA",BANK-PAYROLL
2026-05-29,2026-05-16,2026-05-29,EMP-032,Miles Quinn,Sales,131000,5038.46,1108.46,95.0,3835.0,5738.08,"Cambridge, MA",BANK-PAYROLL
2026-05-29,2026-05-16,2026-05-29,EMP-033,Piper Shaw,Finance,108000,4153.85,913.85,95.0,3145.0,4747.31,"Cambridge, MA",BANK-PAYROLL
2026-05-29,2026-05-16,2026-05-29,EMP-034,Andre Silva,Engineering,177000,6807.69,1497.69,95.0,5215.0,7719.61,"Cambridge, MA",BANK-PAYROLL
2026-05-29,2026-05-16,2026-05-29,EMP-035,Naomi Ellis,Customer Success,104000,4000.0,880.0,95.0,3025.0,4575.0,"Cambridge, MA",BANK-PAYROLL
2026-05-29,2026-05-16,2026-05-29,EMP-036,Rex Calder,Engineering,190000,7307.69,1607.69,95.0,5605.0,8279.61,"Cambridge, MA",BANK-PAYROLL
2026-05-29,2026-05-16,2026-05-29,EMP-037,Jun Park,Engineering,165000,6346.15,1396.15,95.0,4855.0,7202.69,"Cambridge, MA",BANK-PAYROLL
2026-05-29,2026-05-16,2026-05-29,EMP-038,Helen Cho,G&A,79000,3038.46,668.46,95.0,2275.0,3498.08,"Cambridge, MA",BANK-PAYROLL
2026-05-29,2026-05-16,2026-05-29,EMP-039,Samir Joshi,Engineering,186000,7153.85,1573.85,95.0,5485.0,8107.31,"Cambridge, MA",BANK-PAYROLL
2026-05-29,2026-05-16,2026-05-29,EMP-040,Tessa Ward,Sales,126000,4846.15,1066.15,95.0,3685.0,5522.69,"Cambridge, MA",BANK-PAYROLL
2026-05-29,2026-05-16,2026-05-29,EMP-041,Colin Byrne,Operations,87000,3346.15,736.15,95.0,2515.0,3842.69,"Cambridge, MA",BANK-PAYROLL
2026-05-29,2026-05-16,2026-05-29,EMP-042,Rita Gomez,Finance,112000,4307.69,947.69,95.0,3265.0,4919.61,"Cambridge, MA",BANK-PAYROLL
2026-05-29,2026-05-16,2026-05-29,EMP-043,Evan Cole,Engineering,174000,6692.31,1472.31,95.0,5125.0,7590.39,"Cambridge, MA",BANK-PAYROLL
2026-05-29,2026-05-16,2026-05-29,EMP-044,Paula Reed,Customer Success,97000,3730.77,820.77,95.0,2815.0,4273.46,"Cambridge, MA",BANK-PAYROLL
2026-05-29,2026-05-16,2026-05-29,EMP-045,Dmitri Orlov,Engineering,199000,7653.85,1683.85,95.0,5875.0,8667.31,"Cambridge, MA",BANK-PAYROLL
2026-05-29,2026-05-16,2026-05-29,EMP-046,Jane Holt,G&A,81000,3115.38,685.38,95.0,2335.0,3584.23,"Cambridge, MA",BANK-PAYROLL
2026-05-29,2026-05-16,2026-05-29,EMP-047,Kai Nakamura,Engineering,171000,6576.92,1446.92,95.0,5035.0,7461.15,"Cambridge, MA",BANK-PAYROLL
2026-05-29,2026-05-16,2026-05-29,EMP-048,Marisol Vega,Sales,133000,5115.38,1125.38,95.0,3895.0,5824.23,"Cambridge, MA",BANK-PAYROLL
2026-06-12,2026-05-30,2026-06-12,EMP-001,Priya Nair,Finance,185000,7115.38,1565.38,95.0,5455.0,8064.23,"Cambridge, MA",BANK-PAYROLL
2026-06-12,2026-05-30,2026-06-12,EMP-002,Jordan Hale,Finance,162000,6230.77,1370.77,95.0,4765.0,7073.46,"Cambridge, MA",BANK-PAYROLL
2026-06-12,2026-05-30,2026-06-12,EMP-003,Marcus Chen,Engineering,210000,8076.92,1776.92,95.0,6205.0,9141.15,"Cambridge, MA",BANK-PAYROLL
2026-06-12,2026-05-30,2026-06-12,EMP-004,Elena Vasquez,Engineering,198000,7615.38,1675.38,95.0,5845.0,8624.23,"Cambridge, MA",BANK-PAYROLL
2026-06-12,2026-05-30,2026-06-12,EMP-005,Maya Ortiz,Operations,98000,3769.23,829.23,95.0,2845.0,4316.54,"Cambridge, MA",BANK-PAYROLL
2026-06-12,2026-05-30,2026-06-12,EMP-006,Chris Lang,Engineering,175000,6730.77,1480.77,95.0,5155.0,7633.46,"Cambridge, MA",BANK-PAYROLL
2026-06-12,2026-05-30,2026-06-12,EMP-007,Sofia Rahman,Sales,140000,5384.62,1184.62,95.0,4105.0,6125.77,"Cambridge, MA",BANK-PAYROLL
2026-06-12,2026-05-30,2026-06-12,EMP-008,Noah Patel,Sales,128000,4923.08,1083.08,95.0,3745.0,5608.85,"Cambridge, MA",BANK-PAYROLL
2026-06-12,2026-05-30,2026-06-12,EMP-009,Hannah Kim,Customer Success,110000,4230.77,930.77,95.0,3205.0,4833.46,"Cambridge, MA",BANK-PAYROLL
2026-06-12,2026-05-30,2026-06-12,EMP-010,Luis Romero,Engineering,188000,7230.77,1590.77,95.0,5545.0,8193.46,"Cambridge, MA",BANK-PAYROLL
2026-06-12,2026-05-30,2026-06-12,EMP-011,Ava Berg,Engineering,172000,6615.38,1455.38,95.0,5065.0,7504.23,"Cambridge, MA",BANK-PAYROLL
2026-06-12,2026-05-30,2026-06-12,EMP-012,Owen Blake,G&A,92000,3538.46,778.46,95.0,2665.0,4058.08,"Cambridge, MA",BANK-PAYROLL
2026-06-12,2026-05-30,2026-06-12,EMP-013,Grace Liu,Finance,125000,4807.69,1057.69,95.0,3655.0,5479.61,"Cambridge, MA",BANK-PAYROLL
2026-06-12,2026-05-30,2026-06-12,EMP-014,Theo Grant,Engineering,205000,7884.62,1734.62,95.0,6055.0,8925.77,"Cambridge, MA",BANK-PAYROLL
2026-06-12,2026-05-30,2026-06-12,EMP-015,Nina Volkov,Sales,135000,5192.31,1142.31,95.0,3955.0,5910.39,"Cambridge, MA",BANK-PAYROLL
2026-06-12,2026-05-30,2026-06-12,EMP-016,Jamal Wright,Customer Success,102000,3923.08,863.08,95.0,2965.0,4488.85,"Cambridge, MA",BANK-PAYROLL
2026-06-12,2026-05-30,2026-06-12,EMP-017,Ivy Chen,Engineering,168000,6461.54,1421.54,95.0,4945.0,7331.92,"Cambridge, MA",BANK-PAYROLL
2026-06-12,2026-05-30,2026-06-12,EMP-018,Peter Holm,Operations,88000,3384.62,744.62,95.0,2545.0,3885.77,"Cambridge, MA",BANK-PAYROLL
2026-06-12,2026-05-30,2026-06-12,EMP-019,Sara Quill,G&A,76000,2923.08,643.08,95.0,2185.0,3368.85,"Cambridge, MA",BANK-PAYROLL
2026-06-12,2026-05-30,2026-06-12,EMP-020,Benito Cruz,Engineering,181000,6961.54,1531.54,95.0,5335.0,7891.92,"Cambridge, MA",BANK-PAYROLL
2026-06-12,2026-05-30,2026-06-12,EMP-021,Leah Morse,Finance,118000,4538.46,998.46,95.0,3445.0,5178.08,"Cambridge, MA",BANK-PAYROLL
2026-06-12,2026-05-30,2026-06-12,EMP-022,Kenji Sato,Engineering,194000,7461.54,1641.54,95.0,5725.0,8451.92,"Cambridge, MA",BANK-PAYROLL
2026-06-12,2026-05-30,2026-06-12,EMP-023,Ruth Adler,Legal ops,155000,5961.54,1311.54,95.0,4555.0,6771.92,"Cambridge, MA",BANK-PAYROLL
2026-06-12,2026-05-30,2026-06-12,EMP-024,Omar Farid,Engineering,176000,6769.23,1489.23,95.0,5185.0,7676.54,"Cambridge, MA",BANK-PAYROLL
2026-06-12,2026-05-30,2026-06-12,EMP-025,Cora Dane,Sales,122000,4692.31,1032.31,95.0,3565.0,5350.39,"Cambridge, MA",BANK-PAYROLL
2026-06-12,2026-05-30,2026-06-12,EMP-026,Felix Nguyen,Engineering,169000,6500.0,1430.0,95.0,4975.0,7375.0,"Cambridge, MA",BANK-PAYROLL
2026-06-12,2026-05-30,2026-06-12,EMP-027,Dana Brooks,Customer Success,99000,3807.69,837.69,95.0,2875.0,4359.61,"Cambridge, MA",BANK-PAYROLL
2026-06-12,2026-05-30,2026-06-12,EMP-028,Will Park,Engineering,201000,7730.77,1700.77,95.0,5935.0,8753.46,"Cambridge, MA",BANK-PAYROLL
2026-06-12,2026-05-30,2026-06-12,EMP-029,Amelia Frost,G&A,84000,3230.77,710.77,95.0,2425.0,3713.46,"Cambridge, MA",BANK-PAYROLL
2026-06-12,2026-05-30,2026-06-12,EMP-030,Hugo Stein,Operations,91000,3500.0,770.0,95.0,2635.0,4015.0,"Cambridge, MA",BANK-PAYROLL
2026-06-12,2026-05-30,2026-06-12,EMP-031,Yara Haddad,Engineering,183000,7038.46,1548.46,95.0,5395.0,7978.08,"Cambridge, MA",BANK-PAYROLL
2026-06-12,2026-05-30,2026-06-12,EMP-032,Miles Quinn,Sales,131000,5038.46,1108.46,95.0,3835.0,5738.08,"Cambridge, MA",BANK-PAYROLL
2026-06-12,2026-05-30,2026-06-12,EMP-033,Piper Shaw,Finance,108000,4153.85,913.85,95.0,3145.0,4747.31,"Cambridge, MA",BANK-PAYROLL
2026-06-12,2026-05-30,2026-06-12,EMP-034,Andre Silva,Engineering,177000,6807.69,1497.69,95.0,5215.0,7719.61,"Cambridge, MA",BANK-PAYROLL
2026-06-12,2026-05-30,2026-06-12,EMP-035,Naomi Ellis,Customer Success,104000,4000.0,880.0,95.0,3025.0,4575.0,"Cambridge, MA",BANK-PAYROLL
2026-06-12,2026-05-30,2026-06-12,EMP-036,Rex Calder,Engineering,190000,7307.69,1607.69,95.0,5605.0,8279.61,"Cambridge, MA",BANK-PAYROLL
2026-06-12,2026-05-30,2026-06-12,EMP-037,Jun Park,Engineering,165000,6346.15,1396.15,95.0,4855.0,7202.69,"Cambridge, MA",BANK-PAYROLL
2026-06-12,2026-05-30,2026-06-12,EMP-038,Helen Cho,G&A,79000,3038.46,668.46,95.0,2275.0,3498.08,"Cambridge, MA",BANK-PAYROLL
2026-06-12,2026-05-30,2026-06-12,EMP-039,Samir Joshi,Engineering,186000,7153.85,1573.85,95.0,5485.0,8107.31,"Cambridge, MA",BANK-PAYROLL
2026-06-12,2026-05-30,2026-06-12,EMP-040,Tessa Ward,Sales,126000,4846.15,1066.15,95.0,3685.0,5522.69,"Cambridge, MA",BANK-PAYROLL
2026-06-12,2026-05-30,2026-06-12,EMP-041,Colin Byrne,Operations,87000,3346.15,736.15,95.0,2515.0,3842.69,"Cambridge, MA",BANK-PAYROLL
2026-06-12,2026-05-30,2026-06-12,EMP-042,Rita Gomez,Finance,112000,4307.69,947.69,95.0,3265.0,4919.61,"Cambridge, MA",BANK-PAYROLL
2026-06-12,2026-05-30,2026-06-12,EMP-043,Evan Cole,Engineering,174000,6692.31,1472.31,95.0,5125.0,7590.39,"Cambridge, MA",BANK-PAYROLL
2026-06-12,2026-05-30,2026-06-12,EMP-044,Paula Reed,Customer Success,97000,3730.77,820.77,95.0,2815.0,4273.46,"Cambridge, MA",BANK-PAYROLL
2026-06-12,2026-05-30,2026-06-12,EMP-045,Dmitri Orlov,Engineering,199000,7653.85,1683.85,95.0,5875.0,8667.31,"Cambridge, MA",BANK-PAYROLL
2026-06-12,2026-05-30,2026-06-12,EMP-046,Jane Holt,G&A,81000,3115.38,685.38,95.0,2335.0,3584.23,"Cambridge, MA",BANK-PAYROLL
2026-06-12,2026-05-30,2026-06-12,EMP-047,Kai Nakamura,Engineering,171000,6576.92,1446.92,95.0,5035.0,7461.15,"Cambridge, MA",BANK-PAYROLL
2026-06-12,2026-05-30,2026-06-12,EMP-048,Marisol Vega,Sales,133000,5115.38,1125.38,95.0,3895.0,5824.23,"Cambridge, MA",BANK-PAYROLL
2026-06-26,2026-06-13,2026-06-26,EMP-001,Priya Nair,Finance,185000,7115.38,1565.38,95.0,5455.0,8064.23,"Cambridge, MA",BANK-PAYROLL
2026-06-26,2026-06-13,2026-06-26,EMP-002,Jordan Hale,Finance,162000,6230.77,1370.77,95.0,4765.0,7073.46,"Cambridge, MA",BANK-PAYROLL
2026-06-26,2026-06-13,2026-06-26,EMP-003,Marcus Chen,Engineering,210000,8076.92,1776.92,95.0,6205.0,9141.15,"Cambridge, MA",BANK-PAYROLL
2026-06-26,2026-06-13,2026-06-26,EMP-004,Elena Vasquez,Engineering,198000,7615.38,1675.38,95.0,5845.0,8624.23,"Cambridge, MA",BANK-PAYROLL
2026-06-26,2026-06-13,2026-06-26,EMP-005,Maya Ortiz,Operations,98000,3769.23,829.23,95.0,2845.0,4316.54,"Cambridge, MA",BANK-PAYROLL
2026-06-26,2026-06-13,2026-06-26,EMP-006,Chris Lang,Engineering,175000,6730.77,1480.77,95.0,5155.0,7633.46,"Cambridge, MA",BANK-PAYROLL
2026-06-26,2026-06-13,2026-06-26,EMP-007,Sofia Rahman,Sales,140000,5384.62,1184.62,95.0,4105.0,6125.77,"Cambridge, MA",BANK-PAYROLL
2026-06-26,2026-06-13,2026-06-26,EMP-008,Noah Patel,Sales,128000,4923.08,1083.08,95.0,3745.0,5608.85,"Cambridge, MA",BANK-PAYROLL
2026-06-26,2026-06-13,2026-06-26,EMP-009,Hannah Kim,Customer Success,110000,4230.77,930.77,95.0,3205.0,4833.46,"Cambridge, MA",BANK-PAYROLL
2026-06-26,2026-06-13,2026-06-26,EMP-010,Luis Romero,Engineering,188000,7230.77,1590.77,95.0,5545.0,8193.46,"Cambridge, MA",BANK-PAYROLL
2026-06-26,2026-06-13,2026-06-26,EMP-011,Ava Berg,Engineering,172000,6615.38,1455.38,95.0,5065.0,7504.23,"Cambridge, MA",BANK-PAYROLL
2026-06-26,2026-06-13,2026-06-26,EMP-012,Owen Blake,G&A,92000,3538.46,778.46,95.0,2665.0,4058.08,"Cambridge, MA",BANK-PAYROLL
2026-06-26,2026-06-13,2026-06-26,EMP-013,Grace Liu,Finance,125000,4807.69,1057.69,95.0,3655.0,5479.61,"Cambridge, MA",BANK-PAYROLL
2026-06-26,2026-06-13,2026-06-26,EMP-014,Theo Grant,Engineering,205000,7884.62,1734.62,95.0,6055.0,8925.77,"Cambridge, MA",BANK-PAYROLL
2026-06-26,2026-06-13,2026-06-26,EMP-015,Nina Volkov,Sales,135000,5192.31,1142.31,95.0,3955.0,5910.39,"Cambridge, MA",BANK-PAYROLL
2026-06-26,2026-06-13,2026-06-26,EMP-016,Jamal Wright,Customer Success,102000,3923.08,863.08,95.0,2965.0,4488.85,"Cambridge, MA",BANK-PAYROLL
2026-06-26,2026-06-13,2026-06-26,EMP-017,Ivy Chen,Engineering,168000,6461.54,1421.54,95.0,4945.0,7331.92,"Cambridge, MA",BANK-PAYROLL
2026-06-26,2026-06-13,2026-06-26,EMP-018,Peter Holm,Operations,88000,3384.62,744.62,95.0,2545.0,3885.77,"Cambridge, MA",BANK-PAYROLL
2026-06-26,2026-06-13,2026-06-26,EMP-019,Sara Quill,G&A,76000,2923.08,643.08,95.0,2185.0,3368.85,"Cambridge, MA",BANK-PAYROLL
2026-06-26,2026-06-13,2026-06-26,EMP-020,Benito Cruz,Engineering,181000,6961.54,1531.54,95.0,5335.0,7891.92,"Cambridge, MA",BANK-PAYROLL
2026-06-26,2026-06-13,2026-06-26,EMP-021,Leah Morse,Finance,118000,4538.46,998.46,95.0,3445.0,5178.08,"Cambridge, MA",BANK-PAYROLL
2026-06-26,2026-06-13,2026-06-26,EMP-022,Kenji Sato,Engineering,194000,7461.54,1641.54,95.0,5725.0,8451.92,"Cambridge, MA",BANK-PAYROLL
2026-06-26,2026-06-13,2026-06-26,EMP-023,Ruth Adler,Legal ops,155000,5961.54,1311.54,95.0,4555.0,6771.92,"Cambridge, MA",BANK-PAYROLL
2026-06-26,2026-06-13,2026-06-26,EMP-024,Omar Farid,Engineering,176000,6769.23,1489.23,95.0,5185.0,7676.54,"Cambridge, MA",BANK-PAYROLL
2026-06-26,2026-06-13,2026-06-26,EMP-025,Cora Dane,Sales,122000,4692.31,1032.31,95.0,3565.0,5350.39,"Cambridge, MA",BANK-PAYROLL
2026-06-26,2026-06-13,2026-06-26,EMP-026,Felix Nguyen,Engineering,169000,6500.0,1430.0,95.0,4975.0,7375.0,"Cambridge, MA",BANK-PAYROLL
2026-06-26,2026-06-13,2026-06-26,EMP-027,Dana Brooks,Customer Success,99000,3807.69,837.69,95.0,2875.0,4359.61,"Cambridge, MA",BANK-PAYROLL
2026-06-26,2026-06-13,2026-06-26,EMP-028,Will Park,Engineering,201000,7730.77,1700.77,95.0,5935.0,8753.46,"Cambridge, MA",BANK-PAYROLL
2026-06-26,2026-06-13,2026-06-26,EMP-029,Amelia Frost,G&A,84000,3230.77,710.77,95.0,2425.0,3713.46,"Cambridge, MA",BANK-PAYROLL
2026-06-26,2026-06-13,2026-06-26,EMP-030,Hugo Stein,Operations,91000,3500.0,770.0,95.0,2635.0,4015.0,"Cambridge, MA",BANK-PAYROLL
2026-06-26,2026-06-13,2026-06-26,EMP-031,Yara Haddad,Engineering,183000,7038.46,1548.46,95.0,5395.0,7978.08,"Cambridge, MA",BANK-PAYROLL
2026-06-26,2026-06-13,2026-06-26,EMP-032,Miles Quinn,Sales,131000,5038.46,1108.46,95.0,3835.0,5738.08,"Cambridge, MA",BANK-PAYROLL
2026-06-26,2026-06-13,2026-06-26,EMP-033,Piper Shaw,Finance,108000,4153.85,913.85,95.0,3145.0,4747.31,"Cambridge, MA",BANK-PAYROLL
2026-06-26,2026-06-13,2026-06-26,EMP-034,Andre Silva,Engineering,177000,6807.69,1497.69,95.0,5215.0,7719.61,"Cambridge, MA",BANK-PAYROLL
2026-06-26,2026-06-13,2026-06-26,EMP-035,Naomi Ellis,Customer Success,104000,4000.0,880.0,95.0,3025.0,4575.0,"Cambridge, MA",BANK-PAYROLL
2026-06-26,2026-06-13,2026-06-26,EMP-036,Rex Calder,Engineering,190000,7307.69,1607.69,95.0,5605.0,8279.61,"Cambridge, MA",BANK-PAYROLL
2026-06-26,2026-06-13,2026-06-26,EMP-037,Jun Park,Engineering,165000,6346.15,1396.15,95.0,4855.0,7202.69,"Cambridge, MA",BANK-PAYROLL
2026-06-26,2026-06-13,2026-06-26,EMP-038,Helen Cho,G&A,79000,3038.46,668.46,95.0,2275.0,3498.08,"Cambridge, MA",BANK-PAYROLL
2026-06-26,2026-06-13,2026-06-26,EMP-039,Samir Joshi,Engineering,186000,7153.85,1573.85,95.0,5485.0,8107.31,"Cambridge, MA",BANK-PAYROLL
2026-06-26,2026-06-13,2026-06-26,EMP-040,Tessa Ward,Sales,126000,4846.15,1066.15,95.0,3685.0,5522.69,"Cambridge, MA",BANK-PAYROLL
2026-06-26,2026-06-13,2026-06-26,EMP-041,Colin Byrne,Operations,87000,3346.15,736.15,95.0,2515.0,3842.69,"Cambridge, MA",BANK-PAYROLL
2026-06-26,2026-06-13,2026-06-26,EMP-042,Rita Gomez,Finance,112000,4307.69,947.69,95.0,3265.0,4919.61,"Cambridge, MA",BANK-PAYROLL
2026-06-26,2026-06-13,2026-06-26,EMP-043,Evan Cole,Engineering,174000,6692.31,1472.31,95.0,5125.0,7590.39,"Cambridge, MA",BANK-PAYROLL
2026-06-26,2026-06-13,2026-06-26,EMP-044,Paula Reed,Customer Success,97000,3730.77,820.77,95.0,2815.0,4273.46,"Cambridge, MA",BANK-PAYROLL
2026-06-26,2026-06-13,2026-06-26,EMP-045,Dmitri Orlov,Engineering,199000,7653.85,1683.85,95.0,5875.0,8667.31,"Cambridge, MA",BANK-PAYROLL
2026-06-26,2026-06-13,2026-06-26,EMP-046,Jane Holt,G&A,81000,3115.38,685.38,95.0,2335.0,3584.23,"Cambridge, MA",BANK-PAYROLL
2026-06-26,2026-06-13,2026-06-26,EMP-047,Kai Nakamura,Engineering,171000,6576.92,1446.92,95.0,5035.0,7461.15,"Cambridge, MA",BANK-PAYROLL
2026-06-26,2026-06-13,2026-06-26,EMP-048,Marisol Vega,Sales,133000,5115.38,1125.38,95.0,3895.0,5824.23,"Cambridge, MA",BANK-PAYROLL
2026-07-10,2026-06-27,2026-07-10,EMP-001,Priya Nair,Finance,185000,7115.38,1565.38,95.0,5455.0,8064.23,"Cambridge, MA",BANK-PAYROLL
2026-07-10,2026-06-27,2026-07-10,EMP-002,Jordan Hale,Finance,162000,6230.77,1370.77,95.0,4765.0,7073.46,"Cambridge, MA",BANK-PAYROLL
2026-07-10,2026-06-27,2026-07-10,EMP-003,Marcus Chen,Engineering,210000,8076.92,1776.92,95.0,6205.0,9141.15,"Cambridge, MA",BANK-PAYROLL
2026-07-10,2026-06-27,2026-07-10,EMP-004,Elena Vasquez,Engineering,198000,7615.38,1675.38,95.0,5845.0,8624.23,"Cambridge, MA",BANK-PAYROLL
2026-07-10,2026-06-27,2026-07-10,EMP-005,Maya Ortiz,Operations,98000,3769.23,829.23,95.0,2845.0,4316.54,"Cambridge, MA",BANK-PAYROLL
2026-07-10,2026-06-27,2026-07-10,EMP-006,Chris Lang,Engineering,175000,6730.77,1480.77,95.0,5155.0,7633.46,"Cambridge, MA",BANK-PAYROLL
2026-07-10,2026-06-27,2026-07-10,EMP-007,Sofia Rahman,Sales,140000,5384.62,1184.62,95.0,4105.0,6125.77,"Cambridge, MA",BANK-PAYROLL
2026-07-10,2026-06-27,2026-07-10,EMP-008,Noah Patel,Sales,128000,4923.08,1083.08,95.0,3745.0,5608.85,"Cambridge, MA",BANK-PAYROLL
2026-07-10,2026-06-27,2026-07-10,EMP-009,Hannah Kim,Customer Success,110000,4230.77,930.77,95.0,3205.0,4833.46,"Cambridge, MA",BANK-PAYROLL
2026-07-10,2026-06-27,2026-07-10,EMP-010,Luis Romero,Engineering,188000,7230.77,1590.77,95.0,5545.0,8193.46,"Cambridge, MA",BANK-PAYROLL
2026-07-10,2026-06-27,2026-07-10,EMP-011,Ava Berg,Engineering,172000,6615.38,1455.38,95.0,5065.0,7504.23,"Cambridge, MA",BANK-PAYROLL
2026-07-10,2026-06-27,2026-07-10,EMP-012,Owen Blake,G&A,92000,3538.46,778.46,95.0,2665.0,4058.08,"Cambridge, MA",BANK-PAYROLL
2026-07-10,2026-06-27,2026-07-10,EMP-013,Grace Liu,Finance,125000,4807.69,1057.69,95.0,3655.0,5479.61,"Cambridge, MA",BANK-PAYROLL
2026-07-10,2026-06-27,2026-07-10,EMP-014,Theo Grant,Engineering,205000,7884.62,1734.62,95.0,6055.0,8925.77,"Cambridge, MA",BANK-PAYROLL
2026-07-10,2026-06-27,2026-07-10,EMP-015,Nina Volkov,Sales,135000,5192.31,1142.31,95.0,3955.0,5910.39,"Cambridge, MA",BANK-PAYROLL
2026-07-10,2026-06-27,2026-07-10,EMP-016,Jamal Wright,Customer Success,102000,3923.08,863.08,95.0,2965.0,4488.85,"Cambridge, MA",BANK-PAYROLL
2026-07-10,2026-06-27,2026-07-10,EMP-017,Ivy Chen,Engineering,168000,6461.54,1421.54,95.0,4945.0,7331.92,"Cambridge, MA",BANK-PAYROLL
2026-07-10,2026-06-27,2026-07-10,EMP-018,Peter Holm,Operations,88000,3384.62,744.62,95.0,2545.0,3885.77,"Cambridge, MA",BANK-PAYROLL
2026-07-10,2026-06-27,2026-07-10,EMP-019,Sara Quill,G&A,76000,2923.08,643.08,95.0,2185.0,3368.85,"Cambridge, MA",BANK-PAYROLL
2026-07-10,2026-06-27,2026-07-10,EMP-020,Benito Cruz,Engineering,181000,6961.54,1531.54,95.0,5335.0,7891.92,"Cambridge, MA",BANK-PAYROLL
2026-07-10,2026-06-27,2026-07-10,EMP-021,Leah Morse,Finance,118000,4538.46,998.46,95.0,3445.0,5178.08,"Cambridge, MA",BANK-PAYROLL
2026-07-10,2026-06-27,2026-07-10,EMP-022,Kenji Sato,Engineering,194000,7461.54,1641.54,95.0,5725.0,8451.92,"Cambridge, MA",BANK-PAYROLL
2026-07-10,2026-06-27,2026-07-10,EMP-023,Ruth Adler,Legal ops,155000,5961.54,1311.54,95.0,4555.0,6771.92,"Cambridge, MA",BANK-PAYROLL
2026-07-10,2026-06-27,2026-07-10,EMP-024,Omar Farid,Engineering,176000,6769.23,1489.23,95.0,5185.0,7676.54,"Cambridge, MA",BANK-PAYROLL
2026-07-10,2026-06-27,2026-07-10,EMP-025,Cora Dane,Sales,122000,4692.31,1032.31,95.0,3565.0,5350.39,"Cambridge, MA",BANK-PAYROLL
2026-07-10,2026-06-27,2026-07-10,EMP-026,Felix Nguyen,Engineering,169000,6500.0,1430.0,95.0,4975.0,7375.0,"Cambridge, MA",BANK-PAYROLL
2026-07-10,2026-06-27,2026-07-10,EMP-027,Dana Brooks,Customer Success,99000,3807.69,837.69,95.0,2875.0,4359.61,"Cambridge, MA",BANK-PAYROLL
2026-07-10,2026-06-27,2026-07-10,EMP-028,Will Park,Engineering,201000,7730.77,1700.77,95.0,5935.0,8753.46,"Cambridge, MA",BANK-PAYROLL
2026-07-10,2026-06-27,2026-07-10,EMP-029,Amelia Frost,G&A,84000,3230.77,710.77,95.0,2425.0,3713.46,"Cambridge, MA",BANK-PAYROLL
2026-07-10,2026-06-27,2026-07-10,EMP-030,Hugo Stein,Operations,91000,3500.0,770.0,95.0,2635.0,4015.0,"Cambridge, MA",BANK-PAYROLL
2026-07-10,2026-06-27,2026-07-10,EMP-031,Yara Haddad,Engineering,183000,7038.46,1548.46,95.0,5395.0,7978.08,"Cambridge, MA",BANK-PAYROLL
2026-07-10,2026-06-27,2026-07-10,EMP-032,Miles Quinn,Sales,131000,5038.46,1108.46,95.0,3835.0,5738.08,"Cambridge, MA",BANK-PAYROLL
2026-07-10,2026-06-27,2026-07-10,EMP-033,Piper Shaw,Finance,108000,4153.85,913.85,95.0,3145.0,4747.31,"Cambridge, MA",BANK-PAYROLL
2026-07-10,2026-06-27,2026-07-10,EMP-034,Andre Silva,Engineering,177000,6807.69,1497.69,95.0,5215.0,7719.61,"Cambridge, MA",BANK-PAYROLL
2026-07-10,2026-06-27,2026-07-10,EMP-035,Naomi Ellis,Customer Success,104000,4000.0,880.0,95.0,3025.0,4575.0,"Cambridge, MA",BANK-PAYROLL
2026-07-10,2026-06-27,2026-07-10,EMP-036,Rex Calder,Engineering,190000,7307.69,1607.69,95.0,5605.0,8279.61,"Cambridge, MA",BANK-PAYROLL
2026-07-10,2026-06-27,2026-07-10,EMP-037,Jun Park,Engineering,165000,6346.15,1396.15,95.0,4855.0,7202.69,"Cambridge, MA",BANK-PAYROLL
2026-07-10,2026-06-27,2026-07-10,EMP-038,Helen Cho,G&A,79000,3038.46,668.46,95.0,2275.0,3498.08,"Cambridge, MA",BANK-PAYROLL
2026-07-10,2026-06-27,2026-07-10,EMP-039,Samir Joshi,Engineering,186000,7153.85,1573.85,95.0,5485.0,8107.31,"Cambridge, MA",BANK-PAYROLL
2026-07-10,2026-06-27,2026-07-10,EMP-040,Tessa Ward,Sales,126000,4846.15,1066.15,95.0,3685.0,5522.69,"Cambridge, MA",BANK-PAYROLL
2026-07-10,2026-06-27,2026-07-10,EMP-041,Colin Byrne,Operations,87000,3346.15,736.15,95.0,2515.0,3842.69,"Cambridge, MA",BANK-PAYROLL
2026-07-10,2026-06-27,2026-07-10,EMP-042,Rita Gomez,Finance,112000,4307.69,947.69,95.0,3265.0,4919.61,"Cambridge, MA",BANK-PAYROLL
2026-07-10,2026-06-27,2026-07-10,EMP-043,Evan Cole,Engineering,174000,6692.31,1472.31,95.0,5125.0,7590.39,"Cambridge, MA",BANK-PAYROLL
2026-07-10,2026-06-27,2026-07-10,EMP-044,Paula Reed,Customer Success,97000,3730.77,820.77,95.0,2815.0,4273.46,"Cambridge, MA",BANK-PAYROLL
2026-07-10,2026-06-27,2026-07-10,EMP-045,Dmitri Orlov,Engineering,199000,7653.85,1683.85,95.0,5875.0,8667.31,"Cambridge, MA",BANK-PAYROLL
2026-07-10,2026-06-27,2026-07-10,EMP-046,Jane Holt,G&A,81000,3115.38,685.38,95.0,2335.0,3584.23,"Cambridge, MA",BANK-PAYROLL
2026-07-10,2026-06-27,2026-07-10,EMP-047,Kai Nakamura,Engineering,171000,6576.92,1446.92,95.0,5035.0,7461.15,"Cambridge, MA",BANK-PAYROLL
2026-07-10,2026-06-27,2026-07-10,EMP-048,Marisol Vega,Sales,133000,5115.38,1125.38,95.0,3895.0,5824.23,"Cambridge, MA",BANK-PAYROLL
2026-07-24,2026-07-11,2026-07-24,EMP-001,Priya Nair,Finance,185000,7115.38,1565.38,95.0,5455.0,8064.23,"Cambridge, MA",BANK-PAYROLL
2026-07-24,2026-07-11,2026-07-24,EMP-002,Jordan Hale,Finance,162000,6230.77,1370.77,95.0,4765.0,7073.46,"Cambridge, MA",BANK-PAYROLL
2026-07-24,2026-07-11,2026-07-24,EMP-003,Marcus Chen,Engineering,210000,8076.92,1776.92,95.0,6205.0,9141.15,"Cambridge, MA",BANK-PAYROLL
2026-07-24,2026-07-11,2026-07-24,EMP-004,Elena Vasquez,Engineering,198000,7615.38,1675.38,95.0,5845.0,8624.23,"Cambridge, MA",BANK-PAYROLL
2026-07-24,2026-07-11,2026-07-24,EMP-005,Maya Ortiz,Operations,98000,3769.23,829.23,95.0,2845.0,4316.54,"Cambridge, MA",BANK-PAYROLL
2026-07-24,2026-07-11,2026-07-24,EMP-006,Chris Lang,Engineering,175000,6730.77,1480.77,95.0,5155.0,7633.46,"Cambridge, MA",BANK-PAYROLL
2026-07-24,2026-07-11,2026-07-24,EMP-007,Sofia Rahman,Sales,140000,5384.62,1184.62,95.0,4105.0,6125.77,"Cambridge, MA",BANK-PAYROLL
2026-07-24,2026-07-11,2026-07-24,EMP-008,Noah Patel,Sales,128000,4923.08,1083.08,95.0,3745.0,5608.85,"Cambridge, MA",BANK-PAYROLL
2026-07-24,2026-07-11,2026-07-24,EMP-009,Hannah Kim,Customer Success,110000,4230.77,930.77,95.0,3205.0,4833.46,"Cambridge, MA",BANK-PAYROLL
2026-07-24,2026-07-11,2026-07-24,EMP-010,Luis Romero,Engineering,188000,7230.77,1590.77,95.0,5545.0,8193.46,"Cambridge, MA",BANK-PAYROLL
2026-07-24,2026-07-11,2026-07-24,EMP-011,Ava Berg,Engineering,172000,6615.38,1455.38,95.0,5065.0,7504.23,"Cambridge, MA",BANK-PAYROLL
2026-07-24,2026-07-11,2026-07-24,EMP-012,Owen Blake,G&A,92000,3538.46,778.46,95.0,2665.0,4058.08,"Cambridge, MA",BANK-PAYROLL
2026-07-24,2026-07-11,2026-07-24,EMP-013,Grace Liu,Finance,125000,4807.69,1057.69,95.0,3655.0,5479.61,"Cambridge, MA",BANK-PAYROLL
2026-07-24,2026-07-11,2026-07-24,EMP-014,Theo Grant,Engineering,205000,7884.62,1734.62,95.0,6055.0,8925.77,"Cambridge, MA",BANK-PAYROLL
2026-07-24,2026-07-11,2026-07-24,EMP-015,Nina Volkov,Sales,135000,5192.31,1142.31,95.0,3955.0,5910.39,"Cambridge, MA",BANK-PAYROLL
2026-07-24,2026-07-11,2026-07-24,EMP-016,Jamal Wright,Customer Success,102000,3923.08,863.08,95.0,2965.0,4488.85,"Cambridge, MA",BANK-PAYROLL
2026-07-24,2026-07-11,2026-07-24,EMP-017,Ivy Chen,Engineering,168000,6461.54,1421.54,95.0,4945.0,7331.92,"Cambridge, MA",BANK-PAYROLL
2026-07-24,2026-07-11,2026-07-24,EMP-018,Peter Holm,Operations,88000,3384.62,744.62,95.0,2545.0,3885.77,"Cambridge, MA",BANK-PAYROLL
2026-07-24,2026-07-11,2026-07-24,EMP-019,Sara Quill,G&A,76000,2923.08,643.08,95.0,2185.0,3368.85,"Cambridge, MA",BANK-PAYROLL
2026-07-24,2026-07-11,2026-07-24,EMP-020,Benito Cruz,Engineering,181000,6961.54,1531.54,95.0,5335.0,7891.92,"Cambridge, MA",BANK-PAYROLL
2026-07-24,2026-07-11,2026-07-24,EMP-021,Leah Morse,Finance,118000,4538.46,998.46,95.0,3445.0,5178.08,"Cambridge, MA",BANK-PAYROLL
2026-07-24,2026-07-11,2026-07-24,EMP-022,Kenji Sato,Engineering,194000,7461.54,1641.54,95.0,5725.0,8451.92,"Cambridge, MA",BANK-PAYROLL
2026-07-24,2026-07-11,2026-07-24,EMP-023,Ruth Adler,Legal ops,155000,5961.54,1311.54,95.0,4555.0,6771.92,"Cambridge, MA",BANK-PAYROLL
2026-07-24,2026-07-11,2026-07-24,EMP-024,Omar Farid,Engineering,176000,6769.23,1489.23,95.0,5185.0,7676.54,"Cambridge, MA",BANK-PAYROLL
2026-07-24,2026-07-11,2026-07-24,EMP-025,Cora Dane,Sales,122000,4692.31,1032.31,95.0,3565.0,5350.39,"Cambridge, MA",BANK-PAYROLL
2026-07-24,2026-07-11,2026-07-24,EMP-026,Felix Nguyen,Engineering,169000,6500.0,1430.0,95.0,4975.0,7375.0,"Cambridge, MA",BANK-PAYROLL
2026-07-24,2026-07-11,2026-07-24,EMP-027,Dana Brooks,Customer Success,99000,3807.69,837.69,95.0,2875.0,4359.61,"Cambridge, MA",BANK-PAYROLL
2026-07-24,2026-07-11,2026-07-24,EMP-028,Will Park,Engineering,201000,7730.77,1700.77,95.0,5935.0,8753.46,"Cambridge, MA",BANK-PAYROLL
2026-07-24,2026-07-11,2026-07-24,EMP-029,Amelia Frost,G&A,84000,3230.77,710.77,95.0,2425.0,3713.46,"Cambridge, MA",BANK-PAYROLL
2026-07-24,2026-07-11,2026-07-24,EMP-030,Hugo Stein,Operations,91000,3500.0,770.0,95.0,2635.0,4015.0,"Cambridge, MA",BANK-PAYROLL
2026-07-24,2026-07-11,2026-07-24,EMP-031,Yara Haddad,Engineering,183000,7038.46,1548.46,95.0,5395.0,7978.08,"Cambridge, MA",BANK-PAYROLL
2026-07-24,2026-07-11,2026-07-24,EMP-032,Miles Quinn,Sales,131000,5038.46,1108.46,95.0,3835.0,5738.08,"Cambridge, MA",BANK-PAYROLL
2026-07-24,2026-07-11,2026-07-24,EMP-033,Piper Shaw,Finance,108000,4153.85,913.85,95.0,3145.0,4747.31,"Cambridge, MA",BANK-PAYROLL
2026-07-24,2026-07-11,2026-07-24,EMP-034,Andre Silva,Engineering,177000,6807.69,1497.69,95.0,5215.0,7719.61,"Cambridge, MA",BANK-PAYROLL
2026-07-24,2026-07-11,2026-07-24,EMP-035,Naomi Ellis,Customer Success,104000,4000.0,880.0,95.0,3025.0,4575.0,"Cambridge, MA",BANK-PAYROLL
2026-07-24,2026-07-11,2026-07-24,EMP-036,Rex Calder,Engineering,190000,7307.69,1607.69,95.0,5605.0,8279.61,"Cambridge, MA",BANK-PAYROLL
2026-07-24,2026-07-11,2026-07-24,EMP-037,Jun Park,Engineering,165000,6346.15,1396.15,95.0,4855.0,7202.69,"Cambridge, MA",BANK-PAYROLL
2026-07-24,2026-07-11,2026-07-24,EMP-038,Helen Cho,G&A,79000,3038.46,668.46,95.0,2275.0,3498.08,"Cambridge, MA",BANK-PAYROLL
2026-07-24,2026-07-11,2026-07-24,EMP-039,Samir Joshi,Engineering,186000,7153.85,1573.85,95.0,5485.0,8107.31,"Cambridge, MA",BANK-PAYROLL
2026-07-24,2026-07-11,2026-07-24,EMP-040,Tessa Ward,Sales,126000,4846.15,1066.15,95.0,3685.0,5522.69,"Cambridge, MA",BANK-PAYROLL
2026-07-24,2026-07-11,2026-07-24,EMP-041,Colin Byrne,Operations,87000,3346.15,736.15,95.0,2515.0,3842.69,"Cambridge, MA",BANK-PAYROLL
2026-07-24,2026-07-11,2026-07-24,EMP-042,Rita Gomez,Finance,112000,4307.69,947.69,95.0,3265.0,4919.61,"Cambridge, MA",BANK-PAYROLL
2026-07-24,2026-07-11,2026-07-24,EMP-043,Evan Cole,Engineering,174000,6692.31,1472.31,95.0,5125.0,7590.39,"Cambridge, MA",BANK-PAYROLL
2026-07-24,2026-07-11,2026-07-24,EMP-044,Paula Reed,Customer Success,97000,3730.77,820.77,95.0,2815.0,4273.46,"Cambridge, MA",BANK-PAYROLL
2026-07-24,2026-07-11,2026-07-24,EMP-045,Dmitri Orlov,Engineering,199000,7653.85,1683.85,95.0,5875.0,8667.31,"Cambridge, MA",BANK-PAYROLL
2026-07-24,2026-07-11,2026-07-24,EMP-046,Jane Holt,G&A,81000,3115.38,685.38,95.0,2335.0,3584.23,"Cambridge, MA",BANK-PAYROLL
2026-07-24,2026-07-11,2026-07-24,EMP-047,Kai Nakamura,Engineering,171000,6576.92,1446.92,95.0,5035.0,7461.15,"Cambridge, MA",BANK-PAYROLL
2026-07-24,2026-07-11,2026-07-24,EMP-048,Marisol Vega,Sales,133000,5115.38,1125.38,95.0,3895.0,5824.23,"Cambridge, MA",BANK-PAYROLL
2026-08-07,2026-07-25,2026-08-07,EMP-001,Priya Nair,Finance,185000,7115.38,1565.38,95.0,5455.0,8064.23,"Cambridge, MA",BANK-PAYROLL
2026-08-07,2026-07-25,2026-08-07,EMP-002,Jordan Hale,Finance,162000,6230.77,1370.77,95.0,4765.0,7073.46,"Cambridge, MA",BANK-PAYROLL
2026-08-07,2026-07-25,2026-08-07,EMP-003,Marcus Chen,Engineering,210000,8076.92,1776.92,95.0,6205.0,9141.15,"Cambridge, MA",BANK-PAYROLL
2026-08-07,2026-07-25,2026-08-07,EMP-004,Elena Vasquez,Engineering,198000,7615.38,1675.38,95.0,5845.0,8624.23,"Cambridge, MA",BANK-PAYROLL
2026-08-07,2026-07-25,2026-08-07,EMP-005,Maya Ortiz,Operations,98000,3769.23,829.23,95.0,2845.0,4316.54,"Cambridge, MA",BANK-PAYROLL
2026-08-07,2026-07-25,2026-08-07,EMP-006,Chris Lang,Engineering,175000,6730.77,1480.77,95.0,5155.0,7633.46,"Cambridge, MA",BANK-PAYROLL
2026-08-07,2026-07-25,2026-08-07,EMP-007,Sofia Rahman,Sales,140000,5384.62,1184.62,95.0,4105.0,6125.77,"Cambridge, MA",BANK-PAYROLL
2026-08-07,2026-07-25,2026-08-07,EMP-008,Noah Patel,Sales,128000,4923.08,1083.08,95.0,3745.0,5608.85,"Cambridge, MA",BANK-PAYROLL
2026-08-07,2026-07-25,2026-08-07,EMP-009,Hannah Kim,Customer Success,110000,4230.77,930.77,95.0,3205.0,4833.46,"Cambridge, MA",BANK-PAYROLL
2026-08-07,2026-07-25,2026-08-07,EMP-010,Luis Romero,Engineering,188000,7230.77,1590.77,95.0,5545.0,8193.46,"Cambridge, MA",BANK-PAYROLL
2026-08-07,2026-07-25,2026-08-07,EMP-011,Ava Berg,Engineering,172000,6615.38,1455.38,95.0,5065.0,7504.23,"Cambridge, MA",BANK-PAYROLL
2026-08-07,2026-07-25,2026-08-07,EMP-012,Owen Blake,G&A,92000,3538.46,778.46,95.0,2665.0,4058.08,"Cambridge, MA",BANK-PAYROLL
2026-08-07,2026-07-25,2026-08-07,EMP-013,Grace Liu,Finance,125000,4807.69,1057.69,95.0,3655.0,5479.61,"Cambridge, MA",BANK-PAYROLL
2026-08-07,2026-07-25,2026-08-07,EMP-014,Theo Grant,Engineering,205000,7884.62,1734.62,95.0,6055.0,8925.77,"Cambridge, MA",BANK-PAYROLL
2026-08-07,2026-07-25,2026-08-07,EMP-015,Nina Volkov,Sales,135000,5192.31,1142.31,95.0,3955.0,5910.39,"Cambridge, MA",BANK-PAYROLL
2026-08-07,2026-07-25,2026-08-07,EMP-016,Jamal Wright,Customer Success,102000,3923.08,863.08,95.0,2965.0,4488.85,"Cambridge, MA",BANK-PAYROLL
2026-08-07,2026-07-25,2026-08-07,EMP-017,Ivy Chen,Engineering,168000,6461.54,1421.54,95.0,4945.0,7331.92,"Cambridge, MA",BANK-PAYROLL
2026-08-07,2026-07-25,2026-08-07,EMP-018,Peter Holm,Operations,88000,3384.62,744.62,95.0,2545.0,3885.77,"Cambridge, MA",BANK-PAYROLL
2026-08-07,2026-07-25,2026-08-07,EMP-019,Sara Quill,G&A,76000,2923.08,643.08,95.0,2185.0,3368.85,"Cambridge, MA",BANK-PAYROLL
2026-08-07,2026-07-25,2026-08-07,EMP-020,Benito Cruz,Engineering,181000,6961.54,1531.54,95.0,5335.0,7891.92,"Cambridge, MA",BANK-PAYROLL
2026-08-07,2026-07-25,2026-08-07,EMP-021,Leah Morse,Finance,118000,4538.46,998.46,95.0,3445.0,5178.08,"Cambridge, MA",BANK-PAYROLL
2026-08-07,2026-07-25,2026-08-07,EMP-022,Kenji Sato,Engineering,194000,7461.54,1641.54,95.0,5725.0,8451.92,"Cambridge, MA",BANK-PAYROLL
2026-08-07,2026-07-25,2026-08-07,EMP-023,Ruth Adler,Legal ops,155000,5961.54,1311.54,95.0,4555.0,6771.92,"Cambridge, MA",BANK-PAYROLL
2026-08-07,2026-07-25,2026-08-07,EMP-024,Omar Farid,Engineering,176000,6769.23,1489.23,95.0,5185.0,7676.54,"Cambridge, MA",BANK-PAYROLL
2026-08-07,2026-07-25,2026-08-07,EMP-025,Cora Dane,Sales,122000,4692.31,1032.31,95.0,3565.0,5350.39,"Cambridge, MA",BANK-PAYROLL
2026-08-07,2026-07-25,2026-08-07,EMP-026,Felix Nguyen,Engineering,169000,6500.0,1430.0,95.0,4975.0,7375.0,"Cambridge, MA",BANK-PAYROLL
2026-08-07,2026-07-25,2026-08-07,EMP-027,Dana Brooks,Customer Success,99000,3807.69,837.69,95.0,2875.0,4359.61,"Cambridge, MA",BANK-PAYROLL
2026-08-07,2026-07-25,2026-08-07,EMP-028,Will Park,Engineering,201000,7730.77,1700.77,95.0,5935.0,8753.46,"Cambridge, MA",BANK-PAYROLL
2026-08-07,2026-07-25,2026-08-07,EMP-029,Amelia Frost,G&A,84000,3230.77,710.77,95.0,2425.0,3713.46,"Cambridge, MA",BANK-PAYROLL
2026-08-07,2026-07-25,2026-08-07,EMP-030,Hugo Stein,Operations,91000,3500.0,770.0,95.0,2635.0,4015.0,"Cambridge, MA",BANK-PAYROLL
2026-08-07,2026-07-25,2026-08-07,EMP-031,Yara Haddad,Engineering,183000,7038.46,1548.46,95.0,5395.0,7978.08,"Cambridge, MA",BANK-PAYROLL
2026-08-07,2026-07-25,2026-08-07,EMP-032,Miles Quinn,Sales,131000,5038.46,1108.46,95.0,3835.0,5738.08,"Cambridge, MA",BANK-PAYROLL
2026-08-07,2026-07-25,2026-08-07,EMP-033,Piper Shaw,Finance,108000,4153.85,913.85,95.0,3145.0,4747.31,"Cambridge, MA",BANK-PAYROLL
2026-08-07,2026-07-25,2026-08-07,EMP-034,Andre Silva,Engineering,177000,6807.69,1497.69,95.0,5215.0,7719.61,"Cambridge, MA",BANK-PAYROLL
2026-08-07,2026-07-25,2026-08-07,EMP-035,Naomi Ellis,Customer Success,104000,4000.0,880.0,95.0,3025.0,4575.0,"Cambridge, MA",BANK-PAYROLL
2026-08-07,2026-07-25,2026-08-07,EMP-036,Rex Calder,Engineering,190000,7307.69,1607.69,95.0,5605.0,8279.61,"Cambridge, MA",BANK-PAYROLL
2026-08-07,2026-07-25,2026-08-07,EMP-037,Jun Park,Engineering,165000,6346.15,1396.15,95.0,4855.0,7202.69,"Cambridge, MA",BANK-PAYROLL
2026-08-07,2026-07-25,2026-08-07,EMP-038,Helen Cho,G&A,79000,3038.46,668.46,95.0,2275.0,3498.08,"Cambridge, MA",BANK-PAYROLL
2026-08-07,2026-07-25,2026-08-07,EMP-039,Samir Joshi,Engineering,186000,7153.85,1573.85,95.0,5485.0,8107.31,"Cambridge, MA",BANK-PAYROLL
2026-08-07,2026-07-25,2026-08-07,EMP-040,Tessa Ward,Sales,126000,4846.15,1066.15,95.0,3685.0,5522.69,"Cambridge, MA",BANK-PAYROLL
2026-08-07,2026-07-25,2026-08-07,EMP-041,Colin Byrne,Operations,87000,3346.15,736.15,95.0,2515.0,3842.69,"Cambridge, MA",BANK-PAYROLL
2026-08-07,2026-07-25,2026-08-07,EMP-042,Rita Gomez,Finance,112000,4307.69,947.69,95.0,3265.0,4919.61,"Cambridge, MA",BANK-PAYROLL
2026-08-07,2026-07-25,2026-08-07,EMP-043,Evan Cole,Engineering,174000,6692.31,1472.31,95.0,5125.0,7590.39,"Cambridge, MA",BANK-PAYROLL
2026-08-07,2026-07-25,2026-08-07,EMP-044,Paula Reed,Customer Success,97000,3730.77,820.77,95.0,2815.0,4273.46,"Cambridge, MA",BANK-PAYROLL
2026-08-07,2026-07-25,2026-08-07,EMP-045,Dmitri Orlov,Engineering,199000,7653.85,1683.85,95.0,5875.0,8667.31,"Cambridge, MA",BANK-PAYROLL
2026-08-07,2026-07-25,2026-08-07,EMP-046,Jane Holt,G&A,81000,3115.38,685.38,95.0,2335.0,3584.23,"Cambridge, MA",BANK-PAYROLL
2026-08-07,2026-07-25,2026-08-07,EMP-047,Kai Nakamura,Engineering,171000,6576.92,1446.92,95.0,5035.0,7461.15,"Cambridge, MA",BANK-PAYROLL
2026-08-07,2026-07-25,2026-08-07,EMP-048,Marisol Vega,Sales,133000,5115.38,1125.38,95.0,3895.0,5824.23,"Cambridge, MA",BANK-PAYROLL
2026-08-21,2026-08-08,2026-08-21,EMP-001,Priya Nair,Finance,185000,7115.38,1565.38,95.0,5455.0,8064.23,"Cambridge, MA",BANK-PAYROLL
2026-08-21,2026-08-08,2026-08-21,EMP-002,Jordan Hale,Finance,162000,6230.77,1370.77,95.0,4765.0,7073.46,"Cambridge, MA",BANK-PAYROLL
2026-08-21,2026-08-08,2026-08-21,EMP-003,Marcus Chen,Engineering,210000,8076.92,1776.92,95.0,6205.0,9141.15,"Cambridge, MA",BANK-PAYROLL
2026-08-21,2026-08-08,2026-08-21,EMP-004,Elena Vasquez,Engineering,198000,7615.38,1675.38,95.0,5845.0,8624.23,"Cambridge, MA",BANK-PAYROLL
2026-08-21,2026-08-08,2026-08-21,EMP-005,Maya Ortiz,Operations,98000,3769.23,829.23,95.0,2845.0,4316.54,"Cambridge, MA",BANK-PAYROLL
2026-08-21,2026-08-08,2026-08-21,EMP-006,Chris Lang,Engineering,175000,6730.77,1480.77,95.0,5155.0,7633.46,"Cambridge, MA",BANK-PAYROLL
2026-08-21,2026-08-08,2026-08-21,EMP-007,Sofia Rahman,Sales,140000,5384.62,1184.62,95.0,4105.0,6125.77,"Cambridge, MA",BANK-PAYROLL
2026-08-21,2026-08-08,2026-08-21,EMP-008,Noah Patel,Sales,128000,4923.08,1083.08,95.0,3745.0,5608.85,"Cambridge, MA",BANK-PAYROLL
2026-08-21,2026-08-08,2026-08-21,EMP-009,Hannah Kim,Customer Success,110000,4230.77,930.77,95.0,3205.0,4833.46,"Cambridge, MA",BANK-PAYROLL
2026-08-21,2026-08-08,2026-08-21,EMP-010,Luis Romero,Engineering,188000,7230.77,1590.77,95.0,5545.0,8193.46,"Cambridge, MA",BANK-PAYROLL
2026-08-21,2026-08-08,2026-08-21,EMP-011,Ava Berg,Engineering,172000,6615.38,1455.38,95.0,5065.0,7504.23,"Cambridge, MA",BANK-PAYROLL
2026-08-21,2026-08-08,2026-08-21,EMP-012,Owen Blake,G&A,92000,3538.46,778.46,95.0,2665.0,4058.08,"Cambridge, MA",BANK-PAYROLL
2026-08-21,2026-08-08,2026-08-21,EMP-013,Grace Liu,Finance,125000,4807.69,1057.69,95.0,3655.0,5479.61,"Cambridge, MA",BANK-PAYROLL
2026-08-21,2026-08-08,2026-08-21,EMP-014,Theo Grant,Engineering,205000,7884.62,1734.62,95.0,6055.0,8925.77,"Cambridge, MA",BANK-PAYROLL
2026-08-21,2026-08-08,2026-08-21,EMP-015,Nina Volkov,Sales,135000,5192.31,1142.31,95.0,3955.0,5910.39,"Cambridge, MA",BANK-PAYROLL
2026-08-21,2026-08-08,2026-08-21,EMP-016,Jamal Wright,Customer Success,102000,3923.08,863.08,95.0,2965.0,4488.85,"Cambridge, MA",BANK-PAYROLL
2026-08-21,2026-08-08,2026-08-21,EMP-017,Ivy Chen,Engineering,168000,6461.54,1421.54,95.0,4945.0,7331.92,"Cambridge, MA",BANK-PAYROLL
2026-08-21,2026-08-08,2026-08-21,EMP-018,Peter Holm,Operations,88000,3384.62,744.62,95.0,2545.0,3885.77,"Cambridge, MA",BANK-PAYROLL
2026-08-21,2026-08-08,2026-08-21,EMP-019,Sara Quill,G&A,76000,2923.08,643.08,95.0,2185.0,3368.85,"Cambridge, MA",BANK-PAYROLL
2026-08-21,2026-08-08,2026-08-21,EMP-020,Benito Cruz,Engineering,181000,6961.54,1531.54,95.0,5335.0,7891.92,"Cambridge, MA",BANK-PAYROLL
2026-08-21,2026-08-08,2026-08-21,EMP-021,Leah Morse,Finance,118000,4538.46,998.46,95.0,3445.0,5178.08,"Cambridge, MA",BANK-PAYROLL
2026-08-21,2026-08-08,2026-08-21,EMP-022,Kenji Sato,Engineering,194000,7461.54,1641.54,95.0,5725.0,8451.92,"Cambridge, MA",BANK-PAYROLL
2026-08-21,2026-08-08,2026-08-21,EMP-023,Ruth Adler,Legal ops,155000,5961.54,1311.54,95.0,4555.0,6771.92,"Cambridge, MA",BANK-PAYROLL
2026-08-21,2026-08-08,2026-08-21,EMP-024,Omar Farid,Engineering,176000,6769.23,1489.23,95.0,5185.0,7676.54,"Cambridge, MA",BANK-PAYROLL
2026-08-21,2026-08-08,2026-08-21,EMP-025,Cora Dane,Sales,122000,4692.31,1032.31,95.0,3565.0,5350.39,"Cambridge, MA",BANK-PAYROLL
2026-08-21,2026-08-08,2026-08-21,EMP-026,Felix Nguyen,Engineering,169000,6500.0,1430.0,95.0,4975.0,7375.0,"Cambridge, MA",BANK-PAYROLL
2026-08-21,2026-08-08,2026-08-21,EMP-027,Dana Brooks,Customer Success,99000,3807.69,837.69,95.0,2875.0,4359.61,"Cambridge, MA",BANK-PAYROLL
2026-08-21,2026-08-08,2026-08-21,EMP-028,Will Park,Engineering,201000,7730.77,1700.77,95.0,5935.0,8753.46,"Cambridge, MA",BANK-PAYROLL
2026-08-21,2026-08-08,2026-08-21,EMP-029,Amelia Frost,G&A,84000,3230.77,710.77,95.0,2425.0,3713.46,"Cambridge, MA",BANK-PAYROLL
2026-08-21,2026-08-08,2026-08-21,EMP-030,Hugo Stein,Operations,91000,3500.0,770.0,95.0,2635.0,4015.0,"Cambridge, MA",BANK-PAYROLL
2026-08-21,2026-08-08,2026-08-21,EMP-031,Yara Haddad,Engineering,183000,7038.46,1548.46,95.0,5395.0,7978.08,"Cambridge, MA",BANK-PAYROLL
2026-08-21,2026-08-08,2026-08-21,EMP-032,Miles Quinn,Sales,131000,5038.46,1108.46,95.0,3835.0,5738.08,"Cambridge, MA",BANK-PAYROLL
2026-08-21,2026-08-08,2026-08-21,EMP-033,Piper Shaw,Finance,108000,4153.85,913.85,95.0,3145.0,4747.31,"Cambridge, MA",BANK-PAYROLL
2026-08-21,2026-08-08,2026-08-21,EMP-034,Andre Silva,Engineering,177000,6807.69,1497.69,95.0,5215.0,7719.61,"Cambridge, MA",BANK-PAYROLL
2026-08-21,2026-08-08,2026-08-21,EMP-035,Naomi Ellis,Customer Success,104000,4000.0,880.0,95.0,3025.0,4575.0,"Cambridge, MA",BANK-PAYROLL
2026-08-21,2026-08-08,2026-08-21,EMP-036,Rex Calder,Engineering,190000,7307.69,1607.69,95.0,5605.0,8279.61,"Cambridge, MA",BANK-PAYROLL
2026-08-21,2026-08-08,2026-08-21,EMP-037,Jun Park,Engineering,165000,6346.15,1396.15,95.0,4855.0,7202.69,"Cambridge, MA",BANK-PAYROLL
2026-08-21,2026-08-08,2026-08-21,EMP-038,Helen Cho,G&A,79000,3038.46,668.46,95.0,2275.0,3498.08,"Cambridge, MA",BANK-PAYROLL
2026-08-21,2026-08-08,2026-08-21,EMP-039,Samir Joshi,Engineering,186000,7153.85,1573.85,95.0,5485.0,8107.31,"Cambridge, MA",BANK-PAYROLL
2026-08-21,2026-08-08,2026-08-21,EMP-040,Tessa Ward,Sales,126000,4846.15,1066.15,95.0,3685.0,5522.69,"Cambridge, MA",BANK-PAYROLL
2026-08-21,2026-08-08,2026-08-21,EMP-041,Colin Byrne,Operations,87000,3346.15,736.15,95.0,2515.0,3842.69,"Cambridge, MA",BANK-PAYROLL
2026-08-21,2026-08-08,2026-08-21,EMP-042,Rita Gomez,Finance,112000,4307.69,947.69,95.0,3265.0,4919.61,"Cambridge, MA",BANK-PAYROLL
2026-08-21,2026-08-08,2026-08-21,EMP-043,Evan Cole,Engineering,174000,6692.31,1472.31,95.0,5125.0,7590.39,"Cambridge, MA",BANK-PAYROLL
2026-08-21,2026-08-08,2026-08-21,EMP-044,Paula Reed,Customer Success,97000,3730.77,820.77,95.0,2815.0,4273.46,"Cambridge, MA",BANK-PAYROLL
2026-08-21,2026-08-08,2026-08-21,EMP-045,Dmitri Orlov,Engineering,199000,7653.85,1683.85,95.0,5875.0,8667.31,"Cambridge, MA",BANK-PAYROLL
2026-08-21,2026-08-08,2026-08-21,EMP-046,Jane Holt,G&A,81000,3115.38,685.38,95.0,2335.0,3584.23,"Cambridge, MA",BANK-PAYROLL
2026-08-21,2026-08-08,2026-08-21,EMP-047,Kai Nakamura,Engineering,171000,6576.92,1446.92,95.0,5035.0,7461.15,"Cambridge, MA",BANK-PAYROLL
2026-08-21,2026-08-08,2026-08-21,EMP-048,Marisol Vega,Sales,133000,5115.38,1125.38,95.0,3895.0,5824.23,"Cambridge, MA",BANK-PAYROLL
2026-09-04,2026-08-22,2026-09-04,EMP-001,Priya Nair,Finance,185000,7115.38,1565.38,95.0,5455.0,8064.23,"Cambridge, MA",BANK-PAYROLL
2026-09-04,2026-08-22,2026-09-04,EMP-002,Jordan Hale,Finance,162000,6230.77,1370.77,95.0,4765.0,7073.46,"Cambridge, MA",BANK-PAYROLL
2026-09-04,2026-08-22,2026-09-04,EMP-003,Marcus Chen,Engineering,210000,8076.92,1776.92,95.0,6205.0,9141.15,"Cambridge, MA",BANK-PAYROLL
2026-09-04,2026-08-22,2026-09-04,EMP-004,Elena Vasquez,Engineering,198000,7615.38,1675.38,95.0,5845.0,8624.23,"Cambridge, MA",BANK-PAYROLL
2026-09-04,2026-08-22,2026-09-04,EMP-005,Maya Ortiz,Operations,98000,3769.23,829.23,95.0,2845.0,4316.54,"Cambridge, MA",BANK-PAYROLL
2026-09-04,2026-08-22,2026-09-04,EMP-006,Chris Lang,Engineering,175000,6730.77,1480.77,95.0,5155.0,7633.46,"Cambridge, MA",BANK-PAYROLL
2026-09-04,2026-08-22,2026-09-04,EMP-007,Sofia Rahman,Sales,140000,5384.62,1184.62,95.0,4105.0,6125.77,"Cambridge, MA",BANK-PAYROLL
2026-09-04,2026-08-22,2026-09-04,EMP-008,Noah Patel,Sales,128000,4923.08,1083.08,95.0,3745.0,5608.85,"Cambridge, MA",BANK-PAYROLL
2026-09-04,2026-08-22,2026-09-04,EMP-009,Hannah Kim,Customer Success,110000,4230.77,930.77,95.0,3205.0,4833.46,"Cambridge, MA",BANK-PAYROLL
2026-09-04,2026-08-22,2026-09-04,EMP-010,Luis Romero,Engineering,188000,7230.77,1590.77,95.0,5545.0,8193.46,"Cambridge, MA",BANK-PAYROLL
2026-09-04,2026-08-22,2026-09-04,EMP-011,Ava Berg,Engineering,172000,6615.38,1455.38,95.0,5065.0,7504.23,"Cambridge, MA",BANK-PAYROLL
2026-09-04,2026-08-22,2026-09-04,EMP-012,Owen Blake,G&A,92000,3538.46,778.46,95.0,2665.0,4058.08,"Cambridge, MA",BANK-PAYROLL
2026-09-04,2026-08-22,2026-09-04,EMP-013,Grace Liu,Finance,125000,4807.69,1057.69,95.0,3655.0,5479.61,"Cambridge, MA",BANK-PAYROLL
2026-09-04,2026-08-22,2026-09-04,EMP-014,Theo Grant,Engineering,205000,7884.62,1734.62,95.0,6055.0,8925.77,"Cambridge, MA",BANK-PAYROLL
2026-09-04,2026-08-22,2026-09-04,EMP-015,Nina Volkov,Sales,135000,5192.31,1142.31,95.0,3955.0,5910.39,"Cambridge, MA",BANK-PAYROLL
2026-09-04,2026-08-22,2026-09-04,EMP-016,Jamal Wright,Customer Success,102000,3923.08,863.08,95.0,2965.0,4488.85,"Cambridge, MA",BANK-PAYROLL
2026-09-04,2026-08-22,2026-09-04,EMP-017,Ivy Chen,Engineering,168000,6461.54,1421.54,95.0,4945.0,7331.92,"Cambridge, MA",BANK-PAYROLL
2026-09-04,2026-08-22,2026-09-04,EMP-018,Peter Holm,Operations,88000,3384.62,744.62,95.0,2545.0,3885.77,"Cambridge, MA",BANK-PAYROLL
2026-09-04,2026-08-22,2026-09-04,EMP-019,Sara Quill,G&A,76000,2923.08,643.08,95.0,2185.0,3368.85,"Cambridge, MA",BANK-PAYROLL
2026-09-04,2026-08-22,2026-09-04,EMP-020,Benito Cruz,Engineering,181000,6961.54,1531.54,95.0,5335.0,7891.92,"Cambridge, MA",BANK-PAYROLL
2026-09-04,2026-08-22,2026-09-04,EMP-021,Leah Morse,Finance,118000,4538.46,998.46,95.0,3445.0,5178.08,"Cambridge, MA",BANK-PAYROLL
2026-09-04,2026-08-22,2026-09-04,EMP-022,Kenji Sato,Engineering,194000,7461.54,1641.54,95.0,5725.0,8451.92,"Cambridge, MA",BANK-PAYROLL
2026-09-04,2026-08-22,2026-09-04,EMP-023,Ruth Adler,Legal ops,155000,5961.54,1311.54,95.0,4555.0,6771.92,"Cambridge, MA",BANK-PAYROLL
2026-09-04,2026-08-22,2026-09-04,EMP-024,Omar Farid,Engineering,176000,6769.23,1489.23,95.0,5185.0,7676.54,"Cambridge, MA",BANK-PAYROLL
2026-09-04,2026-08-22,2026-09-04,EMP-025,Cora Dane,Sales,122000,4692.31,1032.31,95.0,3565.0,5350.39,"Cambridge, MA",BANK-PAYROLL
2026-09-04,2026-08-22,2026-09-04,EMP-026,Felix Nguyen,Engineering,169000,6500.0,1430.0,95.0,4975.0,7375.0,"Cambridge, MA",BANK-PAYROLL
2026-09-04,2026-08-22,2026-09-04,EMP-027,Dana Brooks,Customer Success,99000,3807.69,837.69,95.0,2875.0,4359.61,"Cambridge, MA",BANK-PAYROLL
2026-09-04,2026-08-22,2026-09-04,EMP-028,Will Park,Engineering,201000,7730.77,1700.77,95.0,5935.0,8753.46,"Cambridge, MA",BANK-PAYROLL
2026-09-04,2026-08-22,2026-09-04,EMP-029,Amelia Frost,G&A,84000,3230.77,710.77,95.0,2425.0,3713.46,"Cambridge, MA",BANK-PAYROLL
2026-09-04,2026-08-22,2026-09-04,EMP-030,Hugo Stein,Operations,91000,3500.0,770.0,95.0,2635.0,4015.0,"Cambridge, MA",BANK-PAYROLL
2026-09-04,2026-08-22,2026-09-04,EMP-031,Yara Haddad,Engineering,183000,7038.46,1548.46,95.0,5395.0,7978.08,"Cambridge, MA",BANK-PAYROLL
2026-09-04,2026-08-22,2026-09-04,EMP-032,Miles Quinn,Sales,131000,5038.46,1108.46,95.0,3835.0,5738.08,"Cambridge, MA",BANK-PAYROLL
2026-09-04,2026-08-22,2026-09-04,EMP-033,Piper Shaw,Finance,108000,4153.85,913.85,95.0,3145.0,4747.31,"Cambridge, MA",BANK-PAYROLL
2026-09-04,2026-08-22,2026-09-04,EMP-034,Andre Silva,Engineering,177000,6807.69,1497.69,95.0,5215.0,7719.61,"Cambridge, MA",BANK-PAYROLL
2026-09-04,2026-08-22,2026-09-04,EMP-035,Naomi Ellis,Customer Success,104000,4000.0,880.0,95.0,3025.0,4575.0,"Cambridge, MA",BANK-PAYROLL
2026-09-04,2026-08-22,2026-09-04,EMP-036,Rex Calder,Engineering,190000,7307.69,1607.69,95.0,5605.0,8279.61,"Cambridge, MA",BANK-PAYROLL
2026-09-04,2026-08-22,2026-09-04,EMP-037,Jun Park,Engineering,165000,6346.15,1396.15,95.0,4855.0,7202.69,"Cambridge, MA",BANK-PAYROLL
2026-09-04,2026-08-22,2026-09-04,EMP-038,Helen Cho,G&A,79000,3038.46,668.46,95.0,2275.0,3498.08,"Cambridge, MA",BANK-PAYROLL
2026-09-04,2026-08-22,2026-09-04,EMP-039,Samir Joshi,Engineering,186000,7153.85,1573.85,95.0,5485.0,8107.31,"Cambridge, MA",BANK-PAYROLL
2026-09-04,2026-08-22,2026-09-04,EMP-040,Tessa Ward,Sales,126000,4846.15,1066.15,95.0,3685.0,5522.69,"Cambridge, MA",BANK-PAYROLL
2026-09-04,2026-08-22,2026-09-04,EMP-041,Colin Byrne,Operations,87000,3346.15,736.15,95.0,2515.0,3842.69,"Cambridge, MA",BANK-PAYROLL
2026-09-04,2026-08-22,2026-09-04,EMP-042,Rita Gomez,Finance,112000,4307.69,947.69,95.0,3265.0,4919.61,"Cambridge, MA",BANK-PAYROLL
2026-09-04,2026-08-22,2026-09-04,EMP-043,Evan Cole,Engineering,174000,6692.31,1472.31,95.0,5125.0,7590.39,"Cambridge, MA",BANK-PAYROLL
2026-09-04,2026-08-22,2026-09-04,EMP-044,Paula Reed,Customer Success,97000,3730.77,820.77,95.0,2815.0,4273.46,"Cambridge, MA",BANK-PAYROLL
2026-09-04,2026-08-22,2026-09-04,EMP-045,Dmitri Orlov,Engineering,199000,7653.85,1683.85,95.0,5875.0,8667.31,"Cambridge, MA",BANK-PAYROLL
2026-09-04,2026-08-22,2026-09-04,EMP-046,Jane Holt,G&A,81000,3115.38,685.38,95.0,2335.0,3584.23,"Cambridge, MA",BANK-PAYROLL
2026-09-04,2026-08-22,2026-09-04,EMP-047,Kai Nakamura,Engineering,171000,6576.92,1446.92,95.0,5035.0,7461.15,"Cambridge, MA",BANK-PAYROLL
2026-09-04,2026-08-22,2026-09-04,EMP-048,Marisol Vega,Sales,133000,5115.38,1125.38,95.0,3895.0,5824.23,"Cambridge, MA",BANK-PAYROLL
2026-09-18,2026-09-05,2026-09-18,EMP-001,Priya Nair,Finance,185000,7115.38,1565.38,95.0,5455.0,8064.23,"Cambridge, MA",BANK-PAYROLL
2026-09-18,2026-09-05,2026-09-18,EMP-002,Jordan Hale,Finance,162000,6230.77,1370.77,95.0,4765.0,7073.46,"Cambridge, MA",BANK-PAYROLL
2026-09-18,2026-09-05,2026-09-18,EMP-003,Marcus Chen,Engineering,210000,8076.92,1776.92,95.0,6205.0,9141.15,"Cambridge, MA",BANK-PAYROLL
2026-09-18,2026-09-05,2026-09-18,EMP-004,Elena Vasquez,Engineering,198000,7615.38,1675.38,95.0,5845.0,8624.23,"Cambridge, MA",BANK-PAYROLL
2026-09-18,2026-09-05,2026-09-18,EMP-005,Maya Ortiz,Operations,98000,3769.23,829.23,95.0,2845.0,4316.54,"Cambridge, MA",BANK-PAYROLL
2026-09-18,2026-09-05,2026-09-18,EMP-006,Chris Lang,Engineering,175000,6730.77,1480.77,95.0,5155.0,7633.46,"Cambridge, MA",BANK-PAYROLL
2026-09-18,2026-09-05,2026-09-18,EMP-007,Sofia Rahman,Sales,140000,5384.62,1184.62,95.0,4105.0,6125.77,"Cambridge, MA",BANK-PAYROLL
2026-09-18,2026-09-05,2026-09-18,EMP-008,Noah Patel,Sales,128000,4923.08,1083.08,95.0,3745.0,5608.85,"Cambridge, MA",BANK-PAYROLL
2026-09-18,2026-09-05,2026-09-18,EMP-009,Hannah Kim,Customer Success,110000,4230.77,930.77,95.0,3205.0,4833.46,"Cambridge, MA",BANK-PAYROLL
2026-09-18,2026-09-05,2026-09-18,EMP-010,Luis Romero,Engineering,188000,7230.77,1590.77,95.0,5545.0,8193.46,"Cambridge, MA",BANK-PAYROLL
2026-09-18,2026-09-05,2026-09-18,EMP-011,Ava Berg,Engineering,172000,6615.38,1455.38,95.0,5065.0,7504.23,"Cambridge, MA",BANK-PAYROLL
2026-09-18,2026-09-05,2026-09-18,EMP-012,Owen Blake,G&A,92000,3538.46,778.46,95.0,2665.0,4058.08,"Cambridge, MA",BANK-PAYROLL
2026-09-18,2026-09-05,2026-09-18,EMP-013,Grace Liu,Finance,125000,4807.69,1057.69,95.0,3655.0,5479.61,"Cambridge, MA",BANK-PAYROLL
2026-09-18,2026-09-05,2026-09-18,EMP-014,Theo Grant,Engineering,205000,7884.62,1734.62,95.0,6055.0,8925.77,"Cambridge, MA",BANK-PAYROLL
2026-09-18,2026-09-05,2026-09-18,EMP-015,Nina Volkov,Sales,135000,5192.31,1142.31,95.0,3955.0,5910.39,"Cambridge, MA",BANK-PAYROLL
2026-09-18,2026-09-05,2026-09-18,EMP-016,Jamal Wright,Customer Success,102000,3923.08,863.08,95.0,2965.0,4488.85,"Cambridge, MA",BANK-PAYROLL
2026-09-18,2026-09-05,2026-09-18,EMP-017,Ivy Chen,Engineering,168000,6461.54,1421.54,95.0,4945.0,7331.92,"Cambridge, MA",BANK-PAYROLL
2026-09-18,2026-09-05,2026-09-18,EMP-018,Peter Holm,Operations,88000,3384.62,744.62,95.0,2545.0,3885.77,"Cambridge, MA",BANK-PAYROLL
2026-09-18,2026-09-05,2026-09-18,EMP-019,Sara Quill,G&A,76000,2923.08,643.08,95.0,2185.0,3368.85,"Cambridge, MA",BANK-PAYROLL
2026-09-18,2026-09-05,2026-09-18,EMP-020,Benito Cruz,Engineering,181000,6961.54,1531.54,95.0,5335.0,7891.92,"Cambridge, MA",BANK-PAYROLL
2026-09-18,2026-09-05,2026-09-18,EMP-021,Leah Morse,Finance,118000,4538.46,998.46,95.0,3445.0,5178.08,"Cambridge, MA",BANK-PAYROLL
2026-09-18,2026-09-05,2026-09-18,EMP-022,Kenji Sato,Engineering,194000,7461.54,1641.54,95.0,5725.0,8451.92,"Cambridge, MA",BANK-PAYROLL
2026-09-18,2026-09-05,2026-09-18,EMP-023,Ruth Adler,Legal ops,155000,5961.54,1311.54,95.0,4555.0,6771.92,"Cambridge, MA",BANK-PAYROLL
2026-09-18,2026-09-05,2026-09-18,EMP-024,Omar Farid,Engineering,176000,6769.23,1489.23,95.0,5185.0,7676.54,"Cambridge, MA",BANK-PAYROLL
2026-09-18,2026-09-05,2026-09-18,EMP-025,Cora Dane,Sales,122000,4692.31,1032.31,95.0,3565.0,5350.39,"Cambridge, MA",BANK-PAYROLL
2026-09-18,2026-09-05,2026-09-18,EMP-026,Felix Nguyen,Engineering,169000,6500.0,1430.0,95.0,4975.0,7375.0,"Cambridge, MA",BANK-PAYROLL
2026-09-18,2026-09-05,2026-09-18,EMP-027,Dana Brooks,Customer Success,99000,3807.69,837.69,95.0,2875.0,4359.61,"Cambridge, MA",BANK-PAYROLL
2026-09-18,2026-09-05,2026-09-18,EMP-028,Will Park,Engineering,201000,7730.77,1700.77,95.0,5935.0,8753.46,"Cambridge, MA",BANK-PAYROLL
2026-09-18,2026-09-05,2026-09-18,EMP-029,Amelia Frost,G&A,84000,3230.77,710.77,95.0,2425.0,3713.46,"Cambridge, MA",BANK-PAYROLL
2026-09-18,2026-09-05,2026-09-18,EMP-030,Hugo Stein,Operations,91000,3500.0,770.0,95.0,2635.0,4015.0,"Cambridge, MA",BANK-PAYROLL
2026-09-18,2026-09-05,2026-09-18,EMP-031,Yara Haddad,Engineering,183000,7038.46,1548.46,95.0,5395.0,7978.08,"Cambridge, MA",BANK-PAYROLL
2026-09-18,2026-09-05,2026-09-18,EMP-032,Miles Quinn,Sales,131000,5038.46,1108.46,95.0,3835.0,5738.08,"Cambridge, MA",BANK-PAYROLL
2026-09-18,2026-09-05,2026-09-18,EMP-033,Piper Shaw,Finance,108000,4153.85,913.85,95.0,3145.0,4747.31,"Cambridge, MA",BANK-PAYROLL
2026-09-18,2026-09-05,2026-09-18,EMP-034,Andre Silva,Engineering,177000,6807.69,1497.69,95.0,5215.0,7719.61,"Cambridge, MA",BANK-PAYROLL
2026-09-18,2026-09-05,2026-09-18,EMP-035,Naomi Ellis,Customer Success,104000,4000.0,880.0,95.0,3025.0,4575.0,"Cambridge, MA",BANK-PAYROLL
2026-09-18,2026-09-05,2026-09-18,EMP-036,Rex Calder,Engineering,190000,7307.69,1607.69,95.0,5605.0,8279.61,"Cambridge, MA",BANK-PAYROLL
2026-09-18,2026-09-05,2026-09-18,EMP-037,Jun Park,Engineering,165000,6346.15,1396.15,95.0,4855.0,7202.69,"Cambridge, MA",BANK-PAYROLL
2026-09-18,2026-09-05,2026-09-18,EMP-038,Helen Cho,G&A,79000,3038.46,668.46,95.0,2275.0,3498.08,"Cambridge, MA",BANK-PAYROLL
2026-09-18,2026-09-05,2026-09-18,EMP-039,Samir Joshi,Engineering,186000,7153.85,1573.85,95.0,5485.0,8107.31,"Cambridge, MA",BANK-PAYROLL
2026-09-18,2026-09-05,2026-09-18,EMP-040,Tessa Ward,Sales,126000,4846.15,1066.15,95.0,3685.0,5522.69,"Cambridge, MA",BANK-PAYROLL
2026-09-18,2026-09-05,2026-09-18,EMP-041,Colin Byrne,Operations,87000,3346.15,736.15,95.0,2515.0,3842.69,"Cambridge, MA",BANK-PAYROLL
2026-09-18,2026-09-05,2026-09-18,EMP-042,Rita Gomez,Finance,112000,4307.69,947.69,95.0,3265.0,4919.61,"Cambridge, MA",BANK-PAYROLL
2026-09-18,2026-09-05,2026-09-18,EMP-043,Evan Cole,Engineering,174000,6692.31,1472.31,95.0,5125.0,7590.39,"Cambridge, MA",BANK-PAYROLL
2026-09-18,2026-09-05,2026-09-18,EMP-044,Paula Reed,Customer Success,97000,3730.77,820.77,95.0,2815.0,4273.46,"Cambridge, MA",BANK-PAYROLL
2026-09-18,2026-09-05,2026-09-18,EMP-045,Dmitri Orlov,Engineering,199000,7653.85,1683.85,95.0,5875.0,8667.31,"Cambridge, MA",BANK-PAYROLL
2026-09-18,2026-09-05,2026-09-18,EMP-046,Jane Holt,G&A,81000,3115.38,685.38,95.0,2335.0,3584.23,"Cambridge, MA",BANK-PAYROLL
2026-09-18,2026-09-05,2026-09-18,EMP-047,Kai Nakamura,Engineering,171000,6576.92,1446.92,95.0,5035.0,7461.15,"Cambridge, MA",BANK-PAYROLL
2026-09-18,2026-09-05,2026-09-18,EMP-048,Marisol Vega,Sales,133000,5115.38,1125.38,95.0,3895.0,5824.23,"Cambridge, MA",BANK-PAYROLL
